t,w,x,x_scaled,t_scaled,log_N,N
0.0,0.001,-6.907755278982137,0.0,0.0,5.071665951615732,159.43972507962962
0.0,0.001110814537795,-6.802661714937222,0.010101010101008117,0.0,3.397928669451463,29.902098726392133
0.0,0.0012339089373767,-6.697568150892323,0.020202020202014698,0.0,2.1810575478826584,8.855666599806199
0.0,0.0013706439859533,-6.592474586847349,0.030303030303028534,0.0,1.3921682951139311,4.023564877488562
0.0,0.0015225312657382,-6.487381022802441,0.04040404040403597,0.0,0.8610540446010294,2.3656528836853195
0.0,0.0016912498642295,-6.382287458757476,0.05050505050504887,0.0,0.46522921356586694,1.5923791419607467
0.0,0.00187866493623,-6.277193894712534,0.06060606060605963,0.0,0.1411654932820166,1.1516152167972282
0.0,0.00208684832281,-6.172100330667619,0.07070707070706775,0.0,-0.14153758658494486,0.8680225489684632
0.0,0.0023181014551505,-6.067006766622687,0.08080808080807748,0.0,-0.39743881421331034,0.6720390606282688
0.0,0.002574980796465,-5.961913202577741,0.0909090909090886,0.0,-0.6338005329532329,0.5305715098398915
0.0,0.0028603261032564,-5.856819638532781,0.10101010101010106,0.0,-0.8545547895596076,0.4254725737535104
0.0,0.0031772918183317,-5.751726074487876,0.11111111111110823,0.0,-1.0621218317948566,0.34572146872637866
0.0,0.0035293819426201,-5.646632510442922,0.1212121212121201,0.0,-1.2582336688527438,0.28415549619221114
0.0,0.0039204887712936,-5.541538946397998,0.13131313131312908,0.0,-1.4442951213847406,0.2359123075032964
0.0,0.0043549359224151,-5.436445382353058,0.14141414141413966,0.0,-1.621532049275665,0.19759574065790494
0.0,0.0048375261337845,-5.331351818308116,0.15151515151515035,0.0,-1.7910454888607221,0.16678570588533115
0.0,0.0053735943563712,-5.2262582542631755,0.16161616161616094,0.0,-1.953827815489232,0.141730513674967
0.0,0.0059690667312704,-5.121164690218244,0.17171717171717069,0.0,-2.1107664727557185,0.12114507643852453
0.0,0.0066305261021638,-5.016071126173304,0.18181818181818118,0.0,-2.2626459175670024,0.10407474692467869
0.0,0.0073652847875129,-4.910977562128371,0.19191919191919102,0.0,-2.410151412308443,0.0898016964606497
0.0,0.0081814654169699,-4.80588399808343,0.20202020202020168,0.0,-2.553875229529996,0.07777966715866687
0.0,0.0090880907256374,-4.700790434038493,0.21212121212121193,0.0,-2.6943246951266953,0.0675880088781601
0.0,0.0100951832988382,-4.595696869993551,0.22222222222222263,0.0,-2.8319312369540683,0.05889899584428385
0.0,0.0112138763700549,-4.490603305948624,0.23232323232323193,0.0,-2.967059701502766,0.05145437936337718
0.0,0.0124565368968931,-4.385509741903686,0.24242424242424226,0.0,-3.1000174018086306,0.04504841846277972
0.0,0.013836902275649,-4.280416177858747,0.2525252525252527,0.0,-3.2310625577542385,0.03951548898419696
0.0,0.0153702322058399,-4.175322613813814,0.26262626262626254,0.0,-3.360411947837568,0.03472095277682869
0.0,0.0170734773835322,-4.07022904976888,0.2727272727272725,0.0,-3.4882477034934443,0.030554365597454152
0.0,0.0189654668883421,-3.9651354857239447,0.2828282828282826,0.0,-3.6147232496187094,0.026924375517434315
0.0,0.0210671163356406,-3.8600419216790063,0.292929292929293,0.0,-3.739968437744469,0.023754852876209702
0.0,0.0234016590950486,-3.7549483576340705,0.3030303030303031,0.0,-3.8640939403875136,0.020981924701723897
0.0,0.0259949031313031,-3.649854793589135,0.3131313131313132,0.0,-3.9871949837183966,0.018551678966178282
0.0,0.0288755163068248,-3.5447612295442013,0.32323232323232315,0.0,-4.10935449606709,0.01641836922837272
0.0,0.0320753432999582,-3.4396676654992664,0.33333333333333315,0.0,-4.230645745563177,0.014542996440214145
0.0,0.0356297576423598,-3.3345741014543298,0.34343434343434337,0.0,-4.351134533746486,0.012892177669517722
0.0,0.0395780527672466,-3.229480537409394,0.3535353535353535,0.0,-4.470881004773498,0.011437235151821526
0.0,0.0439638763914761,-3.1243869733644574,0.3636363636363637,0.0,-4.589941122769059,0.010153456163154849
0.0,0.048835713033475,-3.019293409319523,0.3737373737373737,0.0,-4.708367863412115,0.009019486609700159
0.0,0.0542474200011699,-2.914199845274587,0.3838383838383838,0.0,-4.826212160209848,0.008016830295627072
0.0,0.060258822775172,-2.8091062812296523,0.3939393939393938,0.0,-4.9435236411360455,0.007129432498969665
0.0,0.0669363763690749,-2.7040127171847166,0.404040404040404,0.0,-5.060351187292974,0.006343331424302473
0.0,0.0743538999780876,-2.5989191531397813,0.4141414141414141,0.0,-5.176743341822185,0.005646364784761341
0.0,0.0825933930374168,-2.493825589094845,0.42424242424242425,0.0,-5.292748594206339,0.005027921533884596
0.0,0.0917459417117808,-2.38873202504991,0.4343434343434343,0.0,-5.408415562113804,0.004478730863378097
0.0,0.101912725837141,-2.283638461004973,0.44444444444444453,0.0,-5.5237930897888745,0.003990682181893711
0.0,0.113206137446215,-2.1785448969600347,0.4545454545454549,0.0,-5.638930278471213,0.003556671019550501
0.0,0.125751023242877,-2.0734513329151003,0.46464646464646486,0.0,-5.753876460304318,0.0031704667559595365
0.0,0.139686064760787,-1.9683577688701692,0.47474747474747453,0.0,-5.868681122647033,0.0028265988139113767
0.0,0.155165311463659,-1.8632642048252352,0.48484848484848453,0.0,-5.983393784771093,0.0025202585468353154
0.0,0.172359883735326,-1.7581706407802946,0.49494949494949514,0.0,-6.098063823935485,0.002247214513000995
0.0,0.19145986458586,-1.6530770767353593,0.5050505050505052,0.0,-6.212740243307416,0.002003739201285538
0.0,0.212676400986239,-1.5479835126904273,0.5151515151515149,0.0,-6.327471370899489,0.0017865455734840377
0.0,0.236244038061438,-1.442889948645492,0.5252525252525251,0.0,-6.44230447756832,0.0015927320329246649
0.0,0.262423311946047,-1.3377963846005527,0.5353535353535355,0.0,-6.557285304299194,0.001419734631158162
0.0,0.291503629965987,-1.2327028205556183,0.5454545454545455,0.0,-6.672457495721577,0.0012652854934787335
0.0,0.323806469986239,-1.1276092565106834,0.5555555555555556,0.0,-6.7878619493107415,0.0011273765875341338
0.0,0.359688934292802,-1.0225156924657481,0.5656565656565656,0.0,-6.90353610914472,0.0010042280830655414
0.0,0.399547697296443,-0.9174221284208132,0.5757575757575757,0.0,-7.0195132601644685,0.0008942606592200887
0.0,0.443823390699414,-0.8123285643758777,0.5858585858585857,0.0,-7.135821913724549,0.0007960712120679033
0.0,0.49300547460239,-0.707235000330941,0.5959595959595959,0.0,-7.252485416815688,0.0007084115011373124
0.0,0.547637648400869,-0.6021414362860068,0.606060606060606,0.0,-7.3695219629859094,0.0006301693513811948
0.0,0.608323861287565,-0.49704787224107067,0.6161616161616161,0.0,-7.486945227527905,0.0005603520967990672
0.0,0.67573498880583,-0.39195430819613525,0.6262626262626262,0.0,-7.604765884444677,0.0004980720142608616
0.0,0.750616249262273,-0.2868607441511999,0.6363636363636362,0.0,-7.722994275337936,0.0004425335508157862
0.0,0.833795441985706,-0.18176718010626372,0.6464646464646464,0.0,-7.841644473099607,0.00039302219451388393
0.0,0.926192098504948,-0.07667361606132911,0.6565656565656565,0.0,-7.960739893692037,0.00034889487681775483
0.0,1.02882764781018,0.028419947983610284,0.666666666666667,0.0,-8.080320431340649,0.00030957182300981836
0.0,1.142836708073,0.1335135120285407,0.6767676767676766,0.0,-8.200450799589444,0.00027452978415895286
0.0,1.2694796296533,0.23860707607348014,0.686868686868687,0.0,-8.32122933112904,0.00024329658823915438
0.0,1.41015642805352,0.3437006401184105,0.6969696969696967,0.0,-8.442795913352903,0.0002154469364411761
0.0,1.56642226084696,0.44879420416335164,0.7070707070707073,0.0,-8.565337024652955,0.0001905993409237256
0.0,1.74000461967455,0.5538877682082868,0.7171717171717173,0.0,-8.689085027991926,0.00016841404988890825
0.0,1.93282242736499,0.6589813322532224,0.7272727272727274,0.0,-8.814308056941773,0.00014859173342453416
0.0,2.14700725129329,0.7640748962981553,0.7373737373737373,0.0,-8.94128616440819,0.00013087260819817545
0.0,2.38492686748792,0.8691684603430914,0.7474747474747475,0.0,-9.070269255370171,0.00011503556053346513
0.0,2.64921143598352,0.9742620243880249,0.7575757575757573,0.0,-9.201413429970033,0.00010089669059831239
0.0,2.94278257678333,1.0793555884329629,0.7676767676767676,0.0,-9.334695991952568,8.830657492165425e-05
0.0,3.26888566786082,1.184449152477898,0.7777777777777777,0.0,-9.469817024991341,7.714552189370328e-05
0.0,3.63112572224959,1.289542716522833,0.7878787878787878,0.0,-9.606107389726661,6.731635128184144e-05
0.0,4.0335072408363,1.3946362805677694,0.797979797979798,0.0,-9.742475711927886,5.873494389403703e-05
0.0,4.48047848142245,1.4997298446127043,0.808080808080808,0.0,-9.877431472457728,5.131992536841183e-05
0.0,4.97698063344183,1.6048234086576407,0.8181818181818182,0.0,-10.009207086226112,4.498384708831967e-05
0.0,5.52850244195146,1.7099169727025751,0.8282828282828283,0.0,-10.135967055169152,3.962829973481651e-05
0.0,6.14114088475497,1.8150105367475111,0.8383838383838383,0.0,-10.2560523056861,3.514415272226323e-05
0.0,6.8216685734332,1.9201041007924453,0.8484848484848483,0.0,-10.368188321076742,3.141615455490522e-05
0.0,7.57760862338904,2.0251976648373815,0.8585858585858586,0.0,-10.471601208164156,2.832966106070899e-05
0.0,8.41731782058148,2.1302912288823177,0.8686868686868686,0.0,-10.566025893022966,2.577705267484313e-05
0.0,9.35007900434302,2.2353847929272526,0.8787878787878787,0.0,-10.651629503777881,2.3662252435960693e-05
0.0,10.3862036875563,2.3404783569721936,0.8888888888888893,0.0,-10.728891649470405,2.190289694119136e-05
0.0,11.5371460486378,2.445571921017128,0.8989898989898993,0.0,-10.79848030117643,2.0430528080613234e-05
0.0,12.8156295554912,2.550665485062058,0.909090909090909,0.0,-10.861147537129703,1.9189495517170375e-05
0.0,14.2357876212352,2.6557590491069942,0.919191919191919,0.0,-10.917654306559818,1.813522630208499e-05
0.0,15.8133198466305,2.7608526131519304,0.9292929292929293,0.0,-10.968723128464692,1.7232332737374604e-05
0.0,17.5656655764397,2.865946177196865,0.9393939393939392,0.0,-11.015012888999031,1.6452832798236277e-05
0.0,19.5121966883548,2.9710397412417997,0.9494949494949493,0.0,-11.057108961884792,1.577460859006946e-05
0.0,21.6744317457404,3.0761333052867346,0.9595959595959593,0.0,-11.095522836819526,1.5180135849118732e-05
0.0,24.0762738816144,3.1812268693316703,0.9696969696969694,0.0,-11.130696980536499,1.465546901535237e-05
0.0,26.744275043632,3.2863204333766105,0.97979797979798,0.0,-11.16301210140653,1.4189446109634924e-05
0.0,29.707929521255,3.3914139974215445,0.98989898989899,0.0,-11.192795103702995,1.3773073001584627e-05
0.0,33.0,3.4965075614664802,1.0,0.0,-11.220326785523818,1.3399049511191737e-05
0.8163265306122449,0.001,-6.907755278982137,0.0,0.020408163265306124,5.047768351580692,155.67466542710184
0.8163265306122449,0.001110814537795,-6.802661714937222,0.010101010101008117,0.020408163265306124,3.374595476769017,29.212464270331136
0.8163265306122449,0.0012339089373767,-6.697568150892323,0.020202020202014698,0.020408163265306124,2.16003929873991,8.671478429942919
0.8163265306122449,0.0013706439859533,-6.592474586847349,0.030303030303028534,0.020408163265306124,1.373371373815421,3.9486406238299674
0.8163265306122449,0.0015225312657382,-6.487381022802441,0.04040404040403597,0.020408163265306124,0.8438056986863869,2.325199167209606
0.8163265306122449,0.0016912498642295,-6.382287458757476,0.05050505050504887,0.020408163265306124,0.44901896341886843,1.566774368316357
0.8163265306122449,0.00187866493623,-6.277193894712534,0.06060606060605963,0.020408163265306124,0.12571411552027228,1.1339579409634686
0.8163265306122449,0.00208684832281,-6.172100330667619,0.07070707070706775,0.020408163265306124,-0.15636142172532758,0.8552500285645769
0.8163265306122449,0.0023181014551505,-6.067006766622687,0.08080808080807748,0.020408163265306124,-0.4116910086262436,0.6625289601612353
0.8163265306122449,0.002574980796465,-5.961913202577741,0.0909090909090886,0.020408163265306124,-0.6475050290850489,0.52334989197858
0.8163265306122449,0.0028603261032564,-5.856819638532781,0.10101010101010106,0.020408163265306124,-0.8677260576977878,0.41990530487971506
0.8163265306122449,0.0031772918183317,-5.751726074487876,0.11111111111110823,0.020408163265306124,-1.0747748247262696,0.3413746157696809
0.8163265306122449,0.0035293819426201,-5.646632510442922,0.1212121212121201,0.020408163265306124,-1.2703869714733218,0.2807229689760682
0.8163265306122449,0.0039204887712936,-5.541538946397998,0.13131313131312908,0.020408163265306124,-1.4559707974294935,0.23317388937606334
0.8163265306122449,0.0043549359224151,-5.436445382353058,0.14141414141413966,0.020408163265306124,-1.6327541941304125,0.19539068848236127
0.8163265306122449,0.0048375261337845,-5.331351818308116,0.15151515151515035,0.020408163265306124,-1.8018385494900155,0.16499525724076847
0.8163265306122449,0.0053735943563712,-5.2262582542631755,0.16161616161616094,0.020408163265306124,-1.9642151652909388,0.1402659289972024
0.8163265306122449,0.0059690667312704,-5.121164690218244,0.17171717171717069,0.020408163265306124,-2.1207694055732595,0.1199393110268604
0.8163265306122449,0.0066305261021638,-5.016071126173304,0.18181818181818118,0.020408163265306124,-2.272283060231026,0.1030765811989289
0.8163265306122449,0.0073652847875129,-4.910977562128371,0.19191919191919102,0.020408163265306124,-2.4194384845929098,0.08897156233871048
0.8163265306122449,0.0081814654169699,-4.80588399808343,0.20202020202020168,0.020408163265306124,-2.5628250613264676,0.077086658003896
0.8163265306122449,0.0090880907256374,-4.700790434038493,0.21212121212121193,0.020408163265306124,-2.702947416320555,0.06700772174406225
0.8163265306122449,0.0100951832988382,-4.595696869993551,0.22222222222222263,0.020408163265306124,-2.840234570732363,0.05841196262051129
0.8163265306122449,0.0112138763700549,-4.490603305948624,0.23232323232323193,0.020408163265306124,-2.9750493087975673,0.05104491697862101
0.8163265306122449,0.0124565368968931,-4.385509741903686,0.24242424242424226,0.020408163265306124,-3.107697239783461,0.044703778989519195
0.8163265306122449,0.013836902275649,-4.280416177858747,0.2525252525252527,0.020408163265306124,-3.2384352275142554,0.03922522565614269
0.8163265306122449,0.0153702322058399,-4.175322613813814,0.26262626262626254,0.020408163265306124,-3.367479015854796,0.0344764424451443
0.8163265306122449,0.0170734773835322,-4.07022904976888,0.2727272727272725,0.020408163265306124,-3.4950099880093375,0.030348445314553232
0.8163265306122449,0.0189654668883421,-3.9651354857239447,0.2828282828282826,0.020408163265306124,-3.621181068054499,0.026751063001535822
0.8163265306122449,0.0210671163356406,-3.8600419216790063,0.292929292929293,0.020408163265306124,-3.7461218144146176,0.02360912912509089
0.8163265306122449,0.0234016590950486,-3.7549483576340705,0.3030303030303031,0.020408163265306124,-3.869942775981784,0.020859563059078597
0.8163265306122449,0.0259949031313031,-3.649854793589135,0.3131313131313132,0.020408163265306124,-3.992739189406338,0.018449109238700457
0.8163265306122449,0.0288755163068248,-3.5447612295442013,0.32323232323232315,0.020408163265306124,-4.114594095914066,0.016332568520457558
0.8163265306122449,0.0320753432999582,-3.4396676654992664,0.33333333333333315,0.020408163265306124,-4.235580951393131,0.014471400574880616
0.8163265306122449,0.0356297576423598,-3.3345741014543298,0.34343434343434337,0.020408163265306124,-4.355765796758236,0.012832608650306254
0.8163265306122449,0.0395780527672466,-3.229480537409394,0.3535353535353535,0.020408163265306124,-4.475209048194883,0.011387841268004474
0.8163265306122449,0.0439638763914761,-3.1243869733644574,0.3636363636363637,0.020408163265306124,-4.593966959672719,0.010112662174702509
0.8163265306122449,0.048835713033475,-3.019293409319523,0.3737373737373737,0.020408163265306124,-4.712092803558384,0.008985952057803098
0.8163265306122449,0.0542474200011699,-2.914199845274587,0.3838383838383838,0.020408163265306124,-4.82963780945591,0.00798941443234533
0.8163265306122449,0.060258822775172,-2.8091062812296523,0.3939393939393938,0.020408163265306124,-4.9466518965799695,0.007107164660844979
0.8163265306122449,0.0669363763690749,-2.7040127171847166,0.404040404040404,0.020408163265306124,-5.0631842309270585,0.006325385921790542
0.8163265306122449,0.0743538999780876,-2.5989191531397813,0.4141414141414141,0.020408163265306124,-5.179283635071553,0.005632039565247846
0.8163265306122449,0.0825933930374168,-2.493825589094845,0.42424242424242425,0.020408163265306124,-5.2949988753447,0.0050166200174553794
0.8163265306122449,0.0917459417117808,-2.38873202504991,0.4343434343434343,0.020408163265306124,-5.41037884819657,0.004469946459376254
0.8163265306122449,0.101912725837141,-2.283638461004973,0.44444444444444453,0.020408163265306124,-5.525472684440287,0.00398398507922882
0.8163265306122449,0.113206137446215,-2.1785448969600347,0.4545454545454549,0.020408163265306124,-5.640329786617685,0.0035516969109489417
0.8163265306122449,0.125751023242877,-2.0734513329151003,0.46464646464646486,0.020408163265306124,-5.754999810763718,0.0031669072103556327
0.8163265306122449,0.139686064760787,-1.9683577688701692,0.47474747474747453,0.020408163265306124,-5.869532599353387,0.002824193055232211
0.8163265306122449,0.155165311463659,-1.8632642048252352,0.48484848484848453,0.020408163265306124,-5.983978067309974,0.002518786433879761
0.8163265306122449,0.172359883735326,-1.7581706407802946,0.49494949494949514,0.020408163265306124,-6.098386037940223,0.002246490545655728
0.8163265306122449,0.19145986458586,-1.6530770767353593,0.5050505050505052,0.020408163265306124,-6.212806021050687,0.00200360740417748
0.8163265306122449,0.212676400986239,-1.5479835126904273,0.5151515151515149,0.020408163265306124,-6.3272869220167545,0.0017868751302112717
0.8163265306122449,0.236244038061438,-1.442889948645492,0.5252525252525251,0.020408163265306124,-6.441876669158575,0.001593413562854543
0.8163265306122449,0.262423311946047,-1.3377963846005527,0.5353535353535355,0.020408163265306124,-6.556621748544658,0.0014206770168707342
0.8163265306122449,0.291503629965987,-1.2327028205556183,0.5454545454545455,0.020408163265306124,-6.671566641537255,0.0012664131805827695
0.8163265306122449,0.323806469986239,-1.1276092565106834,0.5555555555555556,0.020408163265306124,-6.786753172291498,0.0011286272900333859
0.8163265306122449,0.359688934292802,-1.0225156924657481,0.5656565656565656,0.020408163265306124,-6.90221979119566,0.0010055508369075491
0.8163265306122449,0.399547697296443,-0.9174221284208132,0.5757575757575757,0.020408163265306124,-7.01800084675438,0.0008956141743123939
0.8163265306122449,0.443823390699414,-0.8123285643758777,0.5858585858585857,0.020408163265306124,-7.134125932917523,0.0007974224791021812
0.8163265306122449,0.49300547460239,-0.707235000330941,0.5959595959595959,0.020408163265306124,-7.250619440547694,0.0007097346142513352
0.8163265306122449,0.547637648400869,-0.6021414362860068,0.606060606060606,0.020408163265306124,-7.367500488167907,0.0006314445112736646
0.8163265306122449,0.608323861287565,-0.49704787224107067,0.6161616161616161,0.020408163265306124,-7.484783453507777,0.0005615647616855162
0.8163265306122449,0.67573498880583,-0.39195430819613525,0.6262626262626262,0.020408163265306124,-7.602479365535138,0.0004992121683349632
0.8163265306122449,0.750616249262273,-0.2868607441511999,0.6363636363636362,0.020408163265306124,-7.720598434231682,0.0004435950619860148
0.8163265306122449,0.833795441985706,-0.18176718010626372,0.6464646464646464,0.020408163265306124,-7.839153974962566,0.0003940022354456286
0.8163265306122449,0.926192098504948,-0.07667361606132911,0.6565656565656565,0.020408163265306124,-7.958167903390464,0.0003497933860403886
0.8163265306122449,1.02882764781018,0.028419947983610284,0.666666666666667,0.020408163265306124,-8.077677808913952,0.0003103909863449621
0.8163265306122449,1.142836708073,0.1335135120285407,0.6767676767676766,0.020408163265306124,-8.197745331814936,0.0002752735212678759
0.8163265306122449,1.2694796296533,0.23860707607348014,0.686868686868687,0.020408163265306124,-8.318465147933754,0.00024397003491602817
0.8163265306122449,1.41015642805352,0.3437006401184105,0.6969696969696967,0.020408163265306124,-8.439973292297632,0.00021605592056164475
0.8163265306122449,1.56642226084696,0.44879420416335164,0.7070707070707073,0.020408163265306124,-8.562452836942855,0.00019114985871707254
0.8163265306122449,1.74000461967455,0.5538877682082868,0.7171717171717173,0.020408163265306124,-8.6861341140416,0.00016891175924573174
0.8163265306122449,1.93282242736499,0.6589813322532224,0.7272727272727274,0.020408163265306124,-8.811285821799787,0.00014904149187866352
0.8163265306122449,2.14700725129329,0.7640748962981553,0.7373737373737373,0.020408163265306124,-8.938192626027908,0.00013127809450491585
0.8163265306122449,2.38492686748792,0.8691684603430914,0.7474747474747475,0.020408163265306124,-9.06711461276992,0.00011539902961936884
0.8163265306122449,2.64921143598352,0.9742620243880249,0.7575757575757573,0.020408163265306124,-9.198224863571259,0.00010121891984737236
0.8163265306122449,2.94278257678333,1.0793555884329629,0.7676767676767676,0.020408163265306124,-9.331524775462551,8.858705869053955e-05
0.8163265306122449,3.26888566786082,1.184449152477898,0.7777777777777777,0.020408163265306124,-9.466744122752731,7.738294714609552e-05
0.8163265306122449,3.63112572224959,1.289542716522833,0.7878787878787878,0.020408163265306124,-9.603244833863663,6.750932416393454e-05
0.8163265306122449,4.0335072408363,1.3946362805677694,0.797979797979798,0.020408163265306124,-9.739960925006661,5.8882835642937743e-05
0.8163265306122449,4.48047848142245,1.4997298446127043,0.808080808080808,0.020408163265306124,-9.875413188690374,5.142360813615255e-05
0.8163265306122449,4.97698063344183,1.6048234086576407,0.8181818181818182,0.020408163265306124,-10.007824750411542,4.504607286978147e-05
0.8163265306122449,5.52850244195146,1.7099169727025751,0.8282828282828283,0.020408163265306124,-10.135329115196434,3.9653588276696414e-05
0.8163265306122449,6.14114088475497,1.8150105367475111,0.8383838383838383,0.020408163265306124,-10.256220232489444,3.5138251572534866e-05
0.8163265306122449,6.8216685734332,1.9201041007924453,0.8484848484848483,0.020408163265306124,-10.369171112126953,3.1385294206497684e-05
0.8163265306122449,7.57760862338904,2.0251976648373815,0.8585858585858586,0.020408163265306124,-10.473360743984683,2.8279857835417804e-05
0.8163265306122449,8.41731782058148,2.1302912288823177,0.8686868686868686,0.020408163265306124,-10.568489613043681,2.5713623402161774e-05
0.8163265306122449,9.35007900434302,2.2353847929272526,0.8787878787878787,0.020408163265306124,-10.654705427995044,2.358958096392794e-05
0.8163265306122449,10.3862036875563,2.3404783569721936,0.8888888888888893,0.020408163265306124,-10.73248172833914,2.182440479452218e-05
0.8163265306122449,11.5371460486378,2.445571921017128,0.8989898989898993,0.020408163265306124,-10.802490073340438,2.0348770342314768e-05
0.8163265306122449,12.8156295554912,2.550665485062058,0.909090909090909,0.020408163265306124,-10.865491839649309,1.9106311362838395e-05
0.8163265306122449,14.2357876212352,2.6557590491069942,0.919191919191919,0.020408163265306124,-10.922259779377711,1.8051897042910483e-05
0.8163265306122449,15.8133198466305,2.7608526131519304,0.9292929292929293,0.020408163265306124,-10.973528552606991,1.7149722716674078e-05
0.8163265306122449,17.5656655764397,2.865946177196865,0.9393939393939392,0.020408163265306124,-11.019968288956468,1.637150410581314e-05
0.8163265306122449,19.5121966883548,2.9710397412417997,0.9494949494949493,0.020408163265306124,-11.062174146775154,1.56949092972123e-05
0.8163265306122449,21.6744317457404,3.0761333052867346,0.9595959595959593,0.020408163265306124,-11.100665801790502,1.5102265356440172e-05
0.8163265306122449,24.0762738816144,3.1812268693316703,0.9696969696969694,0.020408163265306124,-11.135892396872809,1.4579525202900744e-05
0.8163265306122449,26.744275043632,3.2863204333766105,0.97979797979798,0.020408163265306124,-11.168239997247163,1.4115458731003673e-05
0.8163265306122449,29.707929521255,3.3914139974215445,0.98989898989899,0.020408163265306124,-11.198039763474734,1.370102701317264e-05
0.8163265306122449,33.0,3.4965075614664802,1.0,0.020408163265306124,-11.225575858083856,1.332890119593525e-05
1.6326530612244898,0.001,-6.907755278982137,0.0,0.04081632653061225,5.021949934102216,151.70683389725528
1.6326530612244898,0.001110814537795,-6.802661714937222,0.010101010101008117,0.04081632653061225,3.349729827799554,28.49503403765662
1.6326530612244898,0.0012339089373767,-6.697568150892323,0.020202020202014698,0.04081632653061225,2.137897811483981,8.481588975899784
1.6326530612244898,0.0013706439859533,-6.592474586847349,0.030303030303028534,0.04081632653061225,1.3536859355393156,3.871669988500221
1.6326530612244898,0.0015225312657382,-6.487381022802441,0.04040404040403597,0.04081632653061225,0.8257771102407965,2.2836547274331016
1.6326530612244898,0.0016912498642295,-6.382287458757476,0.05050505050504887,0.04081632653061225,0.432079682092743,1.540457857176734
1.6326530612244898,0.00187866493623,-6.277193894712534,0.06060606060605963,0.04081632653061225,0.10956267043999247,1.1157899957939896
1.6326530612244898,0.00208684832281,-6.172100330667619,0.07070707070706775,0.04081632653061225,-0.1718649486800221,0.8420928912459456
1.6326530612244898,0.0023181014551505,-6.067006766622687,0.08080808080807748,0.04081632653061225,-0.42660639439099174,0.652720416089943
1.6326530612244898,0.002574980796465,-5.961913202577741,0.0909090909090886,0.04081632653061225,-0.6618587208930798,0.5158915443849525
1.6326530612244898,0.0028603261032564,-5.856819638532781,0.10101010101010106,0.04081632653061225,-0.8815347610125859,0.4141468072990103
1.6326530612244898,0.0031772918183317,-5.751726074487876,0.11111111111110823,0.04081632653061225,-1.0880557174239447,0.33687082947792063
1.6326530612244898,0.0035293819426201,-5.646632510442922,0.1212121212121201,0.04081632653061225,-1.283160832983457,0.27715985843765584
1.6326530612244898,0.0039204887712936,-5.541538946397998,0.13131313131312908,0.04081632653061225,-1.4682617721054945,0.23032549563267357
1.6326530612244898,0.0043549359224151,-5.436445382353058,0.14141414141413966,0.04081632653061225,-1.64458827330156,0.19309204758087986
1.6326530612244898,0.0048375261337845,-5.331351818308116,0.15151515151515035,0.04081632653061225,-1.8132418514477822,0.16312445344365353
1.6326530612244898,0.0053735943563712,-5.2262582542631755,0.16161616161616094,0.04081632653061225,-1.9752124981524248,0.13873182885316945
1.6326530612244898,0.0059690667312704,-5.121164690218244,0.17171717171717069,0.04081632653061225,-2.1313832686696483,0.11867302358818607
1.6326530612244898,0.0066305261021638,-5.016071126173304,0.18181818181818118,0.04081632653061225,-2.2825330750925175,0.10202544101398862
1.6326530612244898,0.0073652847875129,-4.910977562128371,0.19191919191919102,0.04081632653061225,-2.429341178220181,0.08809485227532421
1.6326530612244898,0.0081814654169699,-4.80588399808343,0.20202020202020168,0.04081632653061225,-2.5723939075687157,0.07635254553225282
1.6326530612244898,0.0090880907256374,-4.700790434038493,0.21212121212121193,0.04081632653061225,-2.7121930486029626,0.06639104815023168
1.6326530612244898,0.0100951832988382,-4.595696869993551,0.22222222222222263,0.04081632653061225,-2.8491650958132086,0.05789263550675667
1.6326530612244898,0.0112138763700549,-4.490603305948624,0.23232323232323193,0.04081632653061225,-2.983670668942539,0.0506067319553353
1.6326530612244898,0.0124565368968931,-4.385509741903686,0.24242424242424226,0.04081632653061225,-3.1160135863537106,0.04433354848683743
1.6326530612244898,0.013836902275649,-4.280416177858747,0.2525252525252527,0.04081632653061225,-3.2464492814299892,0.03891212884595637
1.6326530612244898,0.0153702322058399,-4.175322613813814,0.26262626262626254,0.04081632653061225,-3.3751923997707425,0.03421153538684455
1.6326530612244898,0.0170734773835322,-4.07022904976888,0.2727272727272725,0.04081632653061225,-3.5024235218024167,0.030124288015151934
1.6326530612244898,0.0189654668883421,-3.9651354857239447,0.2828282828282826,0.04081632653061225,-3.628295023950755,0.026561432430664278
1.6326530612244898,0.0210671163356406,-3.8600419216790063,0.292929292929293,0.04081632653061225,-3.7529361312925884,0.0234487959390086
1.6326530612244898,0.0234016590950486,-3.7549483576340705,0.3030303030303031,0.04081632653061225,-3.8764572345041937,0.020724115961992855
1.6326530612244898,0.0259949031313031,-3.649854793589135,0.3131313131313132,0.04081632653061225,-3.998953550970158,0.018334815303100396
1.6326530612244898,0.0288755163068248,-3.5447612295442013,0.32323232323232315,0.04081632653061225,-4.120508209202651,0.016236260927651482
1.6326530612244898,0.0320753432999582,-3.4396676654992664,0.33333333333333315,0.04081632653061225,-4.241194830727955,0.014390387489854106
1.6326530612244898,0.0356297576423598,-3.3345741014543298,0.34343434343434337,0.04081632653061225,-4.36107967659664,0.012764598568661216
1.6326530612244898,0.0395780527672466,-3.229480537409394,0.3535353535353535,0.04081632653061225,-4.480223418083654,0.011330881348055336
1.6326530612244898,0.0439638763914761,-3.1243869733644574,0.3636363636363637,0.04081632653061225,-4.598682583800539,0.01006508692261961
1.6326530612244898,0.048835713033475,-3.019293409319523,0.3737373737373737,0.04081632653061225,-4.716510728791932,0.008946340358650703
1.6326530612244898,0.0542474200011699,-2.914199845274587,0.3838383838383838,0.04081632653061225,-4.833759365422938,0.007956553379471078
1.6326530612244898,0.060258822775172,-2.8091062812296523,0.3939393939393938,0.04081632653061225,-4.950478691000094,0.007080018976382447
1.6326530612244898,0.0669363763690749,-2.7040127171847166,0.404040404040404,0.04081632653061225,-5.066718143005983,0.006303072014992377
1.6326530612244898,0.0743538999780876,-2.5989191531397813,0.4141414141414141,0.04081632653061225,-5.1825268093842825,0.005613803466609106
1.6326530612244898,0.0825933930374168,-2.493825589094845,0.42424242424242425,0.04081632653061225,-5.2979537182550285,0.005001818572105321
1.6326530612244898,0.0917459417117808,-2.38873202504991,0.4343434343434343,0.04081632653061225,-5.413048028510281,0.004458031275245167
1.6326530612244898,0.101912725837141,-2.283638461004973,0.44444444444444453,0.04081632653061225,-5.5278591396827705,0.003974488812864747
1.6326530612244898,0.113206137446215,-2.1785448969600347,0.4545454545454549,0.04081632653061225,-5.6424367360744485,0.0035442215429485136
1.6326530612244898,0.125751023242877,-2.0734513329151003,0.46464646464646486,0.04081632653061225,-5.756830776228272,0.0031611140178102073
1.6326530612244898,0.139686064760787,-1.9683577688701692,0.47474747474747453,0.04081632653061225,-5.871091434384575,0.0028197940337280777
1.6326530612244898,0.155165311463659,-1.8632642048252352,0.48484848484848453,0.04081632653061225,-5.985268995687452,0.002515536958866482
1.6326530612244898,0.172359883735326,-1.7581706407802946,0.49494949494949514,0.04081632653061225,-6.099413701881281,0.002244183094173445
1.6326530612244898,0.19145986458586,-1.6530770767353593,0.5050505050505052,0.04081632653061225,-6.213575539550499,0.0020020661842882676
1.6326530612244898,0.212676400986239,-1.5479835126904273,0.5151515151515149,0.04081632653061225,-6.327803959311779,0.0017859514879267316
1.6326530612244898,0.236244038061438,-1.442889948645492,0.5252525252525251,0.04081632653061225,-6.442147512684138,0.0015929820555456184
1.6326530612244898,0.262423311946047,-1.3377963846005527,0.5353535353535355,0.04081632653061225,-6.556653394745962,0.0014206320585512541
1.6326530612244898,0.291503629965987,-1.2327028205556183,0.5454545454545455,0.04081632653061225,-6.671366886382823,0.0012666661784112
1.6326530612244898,0.323806469986239,-1.1276092565106834,0.5555555555555556,0.04081632653061225,-6.786330701236711,0.001129104203128964
1.6326530612244898,0.359688934292802,-1.0225156924657481,0.5656565656565656,0.04081632653061225,-6.901584260610394,0.0010061900983330207
1.6326530612244898,0.399547697296443,-0.9174221284208132,0.5757575757575757,0.04081632653061225,-7.017162945512474,0.000896364925024872
1.6326530612244898,0.443823390699414,-0.8123285643758777,0.5858585858585857,0.04081632653061225,-7.133097409135949,0.0007982430690116783
1.6326530612244898,0.49300547460239,-0.707235000330941,0.5959595959595959,0.04081632653061225,-7.249413074747253,0.0007105913304700307
1.6326530612244898,0.547637648400869,-0.6021414362860068,0.606060606060606,0.04081632653061225,-7.366129991052991,0.0006323104974348166
1.6326530612244898,0.608323861287565,-0.49704787224107067,0.6161616161616161,0.04081632653061225,-7.483263265098414,0.0005624190951367139
1.6326530612244898,0.67573498880583,-0.39195430819613525,0.6262626262626262,0.04081632653061225,-7.600824333855737,0.0005000390643691181
1.6326530612244898,0.750616249262273,-0.2868607441511999,0.6363636363636362,0.04081632653061225,-7.718823357837243,0.0004443831763839288
1.6326530612244898,0.833795441985706,-0.18176718010626372,0.6464646464646464,0.04081632653061225,-7.837273006174786,0.0003947440387885739
1.6326530612244898,0.926192098504948,-0.07667361606132911,0.6565656565656565,0.04081632653061225,-7.956193830126033,0.0003504845858268903
1.6326530612244898,1.02882764781018,0.028419947983610284,0.666666666666667,0.04081632653061225,-8.075621263876243,0.0003110299762181951
1.6326530612244898,1.142836708073,0.1335135120285407,0.6767676767676766,0.04081632653061225,-8.195614018968284,0.00027586084091873103
1.6326530612244898,1.2694796296533,0.23860707607348014,0.686868686868687,0.04081632653061225,-8.316263226110337,0.00024450782973395297
1.6326530612244898,1.41015642805352,0.3437006401184105,0.6969696969696967,0.04081632653061225,-8.43770111042097,0.00021654739705923555
1.6326530612244898,1.56642226084696,0.44879420416335164,0.7070707070707073,0.04081632653061225,-8.560107267484748,0.00019159874022317558
1.6326530612244898,1.74000461967455,0.5538877682082868,0.7171717171717173,0.04081632653061225,-8.683709770221249,0.00016932175621143776
1.6326530612244898,1.93282242736499,0.6589813322532224,0.7272727272727274,0.04081632653061225,-8.808777454008402,0.0001494158120265076
1.6326530612244898,2.14700725129329,0.7640748962981553,0.7373737373737373,0.04081632653061225,-8.935598948405783,0.00013161902950752473
1.6326530612244898,2.38492686748792,0.8691684603430914,0.7474747474747475,0.04081632653061225,-9.064443665244806,0.00011570766636472338
1.6326530612244898,2.64921143598352,0.9742620243880249,0.7575757575757573,0.04081632653061225,-9.195500689076859,0.00010149503376766456
1.6326530612244898,2.94278257678333,1.0793555884329629,0.7676767676767676,0.04081632653061225,-9.328794590614983,8.882924819648858e-05
1.6326530612244898,3.26888566786082,1.184449152477898,0.7777777777777777,0.04081632653061225,-9.464084264514659,7.758904879462077e-05
1.6326530612244898,3.63112572224959,1.289542716522833,0.7878787878787878,0.04081632653061225,-9.600762830949655,6.767709061551811e-05
1.6326530612244898,4.0335072408363,1.3946362805677694,0.797979797979798,0.04081632653061225,-9.737790766790166,5.901075946978508e-05
1.6326530612244898,4.48047848142245,1.4997298446127043,0.808080808080808,0.04081632653061225,-9.873702155572756,5.151167095041206e-05
1.6326530612244898,4.97698063344183,1.6048234086576407,0.8181818181818182,0.04081632653061225,-10.006713293919626,4.5096167453726215e-05
1.6326530612244898,5.52850244195146,1.7099169727025751,0.8282828282828283,0.04081632653061225,-10.134928946361711,3.966945958229882e-05
1.6326530612244898,6.14114088475497,1.8150105367475111,0.8383838383838383,0.04081632653061225,-10.256597529250671,3.51249965247219e-05
1.6326530612244898,6.8216685734332,1.9201041007924453,0.8484848484848483,0.04081632653061225,-10.370339976897252,3.134863047344148e-05
1.6326530612244898,7.57760862338904,2.0251976648373815,0.8585858585858586,0.04081632653061225,-10.475287700039623,2.822541626223442e-05
1.6326530612244898,8.41731782058148,2.1302912288823177,0.8686868686868686,0.04081632653061225,-10.571105828784182,2.5646438938717928e-05
1.6326530612244898,9.35007900434302,2.2353847929272526,0.8787878787878787,0.04081632653061225,-10.65792167365985,2.351383295381895e-05
1.6326530612244898,10.3862036875563,2.3404783569721936,0.8888888888888893,0.04081632653061225,-10.73620189186854,2.174336527335327e-05
1.6326530612244898,11.5371460486378,2.445571921017128,0.8989898989898993,0.04081632653061225,-10.806621055919557,2.026488331374543e-05
1.6326530612244898,12.8156295554912,2.550665485062058,0.909090909090909,0.04081632653061225,-10.869949477810493,1.9021331884785685e-05
1.6326530612244898,14.2357876212352,2.6557590491069942,0.919191919191919,0.04081632653061225,-10.926971500109003,1.796704160991037e-05
1.6326530612244898,15.8133198466305,2.7608526131519304,0.9292929292929293,0.04081632653061225,-10.978433803201849,1.70658050160572e-05
1.6326530612244898,17.5656655764397,2.865946177196865,0.9393939393939392,0.04081632653061225,-11.025017688232683,1.6289046201470407e-05
1.6326530612244898,19.5121966883548,2.9710397412417997,0.9494949494949493,0.04081632653061225,-11.067328048980876,1.561422736156399e-05
1.6326530612244898,21.6744317457404,3.0761333052867346,0.9595959595959593,0.04081632653061225,-11.105892707012902,1.5023533188817925e-05
1.6326530612244898,24.0762738816144,3.1812268693316703,0.9696969696969694,0.04081632653061225,-11.141167444027323,1.4502820009588134e-05
1.6326530612244898,26.744275043632,3.2863204333766105,0.97979797979798,0.04081632653061225,-11.173543645622768,1.4040793475384447e-05
1.6326530612244898,29.707929521255,3.3914139974215445,0.98989898989899,0.04081632653061225,-11.203356692807148,1.3628372940207156e-05
1.6326530612244898,33.0,3.4965075614664802,1.0,0.04081632653061225,-11.230894077815874,1.3258203330611707e-05
2.4489795918367347,0.001,-6.907755278982137,0.0,0.061224489795918366,4.994189475057531,147.55330127172994
2.4489795918367347,0.001110814537795,-6.802661714937222,0.010101010101008117,0.061224489795918366,3.3233139823381332,27.752168529268552
2.4489795918367347,0.0012339089373767,-6.697568150892323,0.020202020202014698,0.061224489795918366,2.114611340423078,8.286364565238342
2.4489795918367347,0.0013706439859533,-6.592474586847349,0.030303030303028534,0.061224489795918366,1.333085314770169,3.79272711129351
2.4489795918367347,0.0015225312657382,-6.487381022802441,0.04040404040403597,0.061224489795918366,0.8069387852779185,2.241037179527319
2.4489795918367347,0.0016912498642295,-6.382287458757476,0.05050505050504887,0.061224489795918366,0.4143806665997832,1.5134331306885926
2.4489795918367347,0.00187866493623,-6.277193894712534,0.06060606060605963,0.061224489795918366,0.09268007579573252,1.097110686853149
2.4489795918367347,0.00208684832281,-6.172100330667619,0.07070707070706775,0.061224489795918366,-0.1880792675136681,0.8285490276082141
2.4489795918367347,0.0023181014551505,-6.067006766622687,0.08080808080807748,0.061224489795918366,-0.4422159579510932,0.6426108435483396
2.4489795918367347,0.002574980796465,-5.961913202577741,0.0909090909090886,0.061224489795918366,-0.6768924530595367,0.5081937771476673
2.4489795918367347,0.0028603261032564,-5.856819638532781,0.10101010101010106,0.061224489795918366,-0.8960116151938028,0.40819445399269494
2.4489795918367347,0.0031772918183317,-5.751726074487876,0.11111111111110823,0.061224489795918366,-1.101995121047039,0.3322076276506792
2.4489795918367347,0.0035293819426201,-5.646632510442922,0.1212121212121201,0.061224489795918366,-1.2965857837346577,0.2734638657581189
2.4489795918367347,0.0039204887712936,-5.541538946397998,0.13131313131312908,0.061224489795918366,-1.4811985137538624,0.2273650249114868
2.4489795918367347,0.0043549359224151,-5.436445382353058,0.14141414141413966,0.061224489795918366,-1.6570647065534176,0.19069791371953354
2.4489795918367347,0.0048375261337845,-5.331351818308116,0.15151515151515035,0.061224489795918366,-1.8252857749874793,0.16117157874202542
2.4489795918367347,0.0053735943563712,-5.2262582542631755,0.16161616161616094,0.061224489795918366,-1.9868501608318698,0.13712667287416608
2.4489795918367347,0.0059690667312704,-5.121164690218244,0.17171717171717069,0.061224489795918366,-2.142638379445151,0.11734483404281922
2.4489795918367347,0.0066305261021638,-5.016071126173304,0.18181818181818118,0.061224489795918366,-2.293426253338484,0.10092009101684177
2.4489795918367347,0.0073652847875129,-4.910977562128371,0.19191919191919102,0.061224489795918366,-2.4398897609182817,0.0871704605238456
2.4489795918367347,0.0081814654169699,-4.80588399808343,0.20202020202020168,0.061224489795918366,-2.5826120152639436,0.07557633943157505
2.4489795918367347,0.0090880907256374,-4.700790434038493,0.21212121212121193,0.061224489795918366,-2.722091821191907,0.0657371002432455
2.4489795918367347,0.0100951832988382,-4.595696869993551,0.22222222222222263,0.061224489795918366,-2.8587530268495986,0.0573402174151894
2.4489795918367347,0.0112138763700549,-4.490603305948624,0.23232323232323193,0.061224489795918366,-2.9929539855722873,0.0501391075500228
2.4489795918367347,0.0124565368968931,-4.385509741903686,0.24242424242424226,0.061224489795918366,-3.1249966379936884,0.04393708133990388
2.4489795918367347,0.013836902275649,-4.280416177858747,0.2525252525252527,0.061224489795918366,-3.25513491295253,0.03857561596204601
2.4489795918367347,0.0153702322058399,-4.175322613813814,0.26262626262626254,0.061224489795918366,-3.3835822943874274,0.03392570493061668
2.4489795918367347,0.0170734773835322,-4.07022904976888,0.2727272727272725,0.061224489795918366,-3.5105185055932577,0.029881416737738687
2.4489795918367347,0.0189654668883421,-3.9651354857239447,0.2828282828282826,0.061224489795918366,-3.636095328667038,0.026355051128958557
2.4489795918367347,0.0210671163356406,-3.8600419216790063,0.292929292929293,0.061224489795918366,-3.7604416152153988,0.023273460190985945
2.4489795918367347,0.0234016590950486,-3.7549483576340705,0.3030303030303031,0.061224489795918366,-3.8836675631986695,0.02057522569294621
2.4489795918367347,0.0259949031313031,-3.649854793589135,0.3131313131313132,0.061224489795918366,-4.005868341062853,0.01820847122868909
2.4489795918367347,0.0288755163068248,-3.5447612295442013,0.32323232323232315,0.061224489795918366,-4.127127139060913,0.0161291491292005
2.4489795918367347,0.0320753432999582,-3.4396676654992664,0.33333333333333315,0.061224489795918366,-4.2475177223014215,0.01429968568108688
2.4489795918367347,0.0356297576423598,-3.3345741014543298,0.34343434343434337,0.061224489795918366,-4.367106552806639,0.012687899273958593
2.4489795918367347,0.0395780527672466,-3.229480537409394,0.3535353535353535,0.061224489795918366,-4.485954540095315,0.01126612841526737
2.4489795918367347,0.0439638763914761,-3.1243869733644574,0.3636363636363637,0.061224489795918366,-4.604118472338964,0.010010522668938619
2.4489795918367347,0.048835713033475,-3.019293409319523,0.3737373737373737,0.061224489795918366,-4.721652173405203,0.0089004612886196
2.4489795918367347,0.0542474200011699,-2.914199845274587,0.3838383838383838,0.061224489795918366,-4.838607425277932,0.007918072885685927
2.4489795918367347,0.060258822775172,-2.8091062812296523,0.3939393939393938,0.061224489795918366,-4.955034690442248,0.00704783578285071
2.4489795918367347,0.0669363763690749,-2.7040127171847166,0.404040404040404,0.061224489795918366,-5.070983664738164,0.006276243384065231
2.4489795918367347,0.0743538999780876,-2.5989191531397813,0.4141414141414141,0.061224489795918366,-5.1865036877381705,0.005591522387056893
2.4489795918367347,0.0825933930374168,-2.493825589094845,0.42424242424242425,0.061224489795918366,-5.301644034656118,0.00498339429560742
2.4489795918367347,0.0917459417117808,-2.38873202504991,0.4343434343434343,0.061224489795918366,-5.416454110889524,0.004442872683833058
2.4489795918367347,0.101912725837141,-2.283638461004973,0.44444444444444453,0.061224489795918366,-5.530983567278201,0.003962090189726568
2.4489795918367347,0.113206137446215,-2.1785448969600347,0.4545454545454549,0.061224489795918366,-5.645282350805579,0.003534150390022021
2.4489795918367347,0.125751023242877,-2.0734513329151003,0.46464646464646486,0.061224489795918366,-5.759400701619913,0.003153000620508256
2.4489795918367347,0.139686064760787,-1.9683577688701692,0.47474747474747453,0.061224489795918366,-5.8733891028603695,0.002813322519412842
2.4489795918367347,0.155165311463659,-1.8632642048252352,0.48484848484848453,0.061224489795918366,-5.987298184928558,0.0025104376338314473
2.4489795918367347,0.172359883735326,-1.7581706407802946,0.49494949494949514,0.061224489795918366,-6.101178580816096,0.0022402258757375617
2.4489795918367347,0.19145986458586,-1.6530770767353593,0.5050505050505052,0.061224489795918366,-6.215080724350076,0.001999054971484312
2.4489795918367347,0.212676400986239,-1.5479835126904273,0.5151515151515149,0.061224489795918366,-6.329054579433616,0.001783719337136585
2.4489795918367347,0.236244038061438,-1.442889948645492,0.5252525252525251,0.061224489795918366,-6.4431492864353075,0.001591387046988531
2.4489795918367347,0.262423311946047,-1.3377963846005527,0.5353535353535355,0.061224489795918366,-6.557412712912076,0.0014195537562608999
2.4489795918367347,0.291503629965987,-1.2327028205556183,0.5454545454545455,0.061224489795918366,-6.671890901077421,0.0012660026005980093
2.4489795918367347,0.323806469986239,-1.1276092565106834,0.5555555555555556,0.061224489795918366,-6.78662741516813,0.0011287692318796474
2.4489795918367347,0.359688934292802,-1.0225156924657481,0.5656565656565656,0.061224489795918366,-6.901662609386277,0.0010061112676586943
2.4489795918367347,0.399547697296443,-0.9174221284208132,0.5757575757575757,0.061224489795918366,-7.017032862432711,0.0008964815345192074
2.4489795918367347,0.443823390699414,-0.8123285643758777,0.5858585858585857,0.061224489795918366,-7.132769858318633,0.0007985045770075912
2.4489795918367347,0.49300547460239,-0.707235000330941,0.5959595959595959,0.061224489795918366,-7.248900034729909,0.000710955985791928
2.4489795918367347,0.547637648400869,-0.6021414362860068,0.606060606060606,0.061224489795918366,-7.36544436780306,0.0006327441728650236
2.4489795918367347,0.608323861287565,-0.49704787224107067,0.6161616161616161,0.061224489795918366,-7.48241871155409,0.0005628942888119133
2.4489795918367347,0.67573498880583,-0.39195430819613525,0.6262626262626262,0.061224489795918366,-7.599834953957945,0.0005005340377855134
2.4489795918367347,0.750616249262273,-0.2868607441511999,0.6363636363636362,0.061224489795918366,-7.717703278119754,0.0004448811998275012
2.4489795918367347,0.833795441985706,-0.18176718010626372,0.6464646464646464,0.061224489795918366,-7.836035809239019,0.0003952327171371199
2.4489795918367347,0.926192098504948,-0.07667361606132911,0.6565656565656565,0.061224489795918366,-7.9548518636828005,0.0003509552401104351
2.4489795918367347,1.02882764781018,0.028419947983610284,0.666666666666667,0.061224489795918366,-8.074184868085279,0.00031147705938421787
2.4489795918367347,1.142836708073,0.1335135120285407,0.6767676767676766,0.061224489795918366,-8.194090754191825,0.00027628137022833526
2.4489795918367347,1.2694796296533,0.23860707607348014,0.686868686868687,0.061224489795918366,-8.314657231847612,0.00024490082339401073
2.4489795918367347,1.41015642805352,0.3437006401184105,0.6969696969696967,0.061224489795918366,-8.436012780554853,0.00021691330930048532
2.4489795918367347,1.56642226084696,0.44879420416335164,0.7070707070707073,0.061224489795918366,-8.558333480458163,0.00019193889717670205
2.4489795918367347,1.74000461967455,0.5538877682082868,0.7171717171717173,0.061224489795918366,-8.681844955330831,0.0001696378045379161
2.4489795918367347,1.93282242736499,0.6589813322532224,0.7272727272727274,0.061224489795918366,-8.806815791953145,0.00014970920302832957
2.4489795918367347,2.14700725129329,0.7640748962981553,0.7373737373737373,0.061224489795918366,-8.93353797162687,0.00013189057299729825
2.4489795918367347,2.38492686748792,0.8691684603430914,0.7474747474747475,0.061224489795918366,-9.062289397535729,0.00011595720033905264
2.4489795918367347,2.64921143598352,0.9742620243880249,0.7575757575757573,0.061224489795918366,-9.193274167487019,0.00010172126641408515
2.4489795918367347,2.94278257678333,1.0793555884329629,0.7676767676767676,0.061224489795918366,-9.326539045192892,8.902983272932915e-05
2.4489795918367347,3.26888566786082,1.184449152477898,0.7777777777777777,0.061224489795918366,-9.46187135283774,7.77609366228463e-05
2.4489795918367347,3.63112572224959,1.289542716522833,0.7878787878787878,0.061224489795918366,-9.59869534909029,6.781715651462063e-05
2.4489795918367347,4.0335072408363,1.3946362805677694,0.797979797979798,0.061224489795918366,-9.73599884622668,5.911659686092455e-05
2.4489795918367347,4.48047848142245,1.4997298446127043,0.808080808080808,0.061224489795918366,-9.872331046941893,5.158234748857579e-05
2.4489795918367347,4.97698063344183,1.6048234086576407,0.8181818181818182,0.061224489795918366,-10.005903834067269,4.5132685768836195e-05
2.4489795918367347,5.52850244195146,1.7099169727025751,0.8282828282828283,0.061224489795918366,-10.134795572288034,3.96747508125725e-05
2.4489795918367347,6.14114088475497,1.8150105367475111,0.8383838383838383,0.061224489795918366,-10.257210772259995,3.510346296947652e-05
2.4489795918367347,6.8216685734332,1.9201041007924453,0.8484848484848483,0.061224489795918366,-10.371718908437884,3.1305432648392636e-05
2.4489795918367347,7.57760862338904,2.0251976648373815,0.8585858585858586,0.061224489795918366,-10.477403540384095,2.8165758922726192e-05
2.4489795918367347,8.41731782058148,2.1302912288823177,0.8686868686868686,0.061224489795918366,-10.57389365938491,2.5575040580950524e-05
2.4489795918367347,9.35007900434302,2.2353847929272526,0.8787878787878787,0.061224489795918366,-10.661295266127086,2.3434640520696262e-05
2.4489795918367347,10.3862036875563,2.3404783569721936,0.8888888888888893,0.061224489795918366,-10.740067341606348,2.1659479620096003e-05
2.4489795918367347,11.5371460486378,2.445571921017128,0.8989898989898993,0.061224489795918366,-10.810886885602537,2.0178620894190363e-05
2.4489795918367347,12.8156295554912,2.550665485062058,0.909090909090909,0.061224489795918366,-10.874532756402974,1.8934351301941993e-05
2.4489795918367347,14.2357876212352,2.6557590491069942,0.919191919191919,0.061224489795918366,-10.931800643448204,1.788048535508755e-05
2.4489795918367347,15.8133198466305,2.7608526131519304,0.9292929292929293,0.061224489795918366,-10.983449095821046,1.6980429281221627e-05
2.4489795918367347,17.5656655764397,2.865946177196865,0.9393939393939392,0.061224489795918366,-11.030170486360625,1.6205327911656936e-05
2.4489795918367347,19.5121966883548,2.9710397412417997,0.9494949494949493,0.061224489795918366,-11.072579371066947,1.5532446940163766e-05
2.4489795918367347,21.6744317457404,3.0761333052867346,0.9595959595959593,0.061224489795918366,-11.111211657061991,1.4943835907050573e-05
2.4489795918367347,24.0762738816144,3.1812268693316703,0.9696969696969694,0.061224489795918366,-11.146529711025453,1.4425260150652534e-05
2.4489795918367347,26.744275043632,3.2863204333766105,0.97979797979798,0.061224489795918366,-11.178930188951586,1.3965365463463124e-05
2.4489795918367347,29.707929521255,3.3914139974215445,0.98989898989899,0.061224489795918366,-11.208752645473037,1.3555032932462946e-05
2.4489795918367347,33.0,3.4965075614664802,1.0,0.061224489795918366,-11.23628785886888,1.3186883998029485e-05
3.2653061224489797,0.001,-6.907755278982137,0.0,0.0816326530612245,4.964467460849857,143.23225317717163
3.2653061224489797,0.001110814537795,-6.802661714937222,0.010101010101008117,0.0816326530612245,3.295331143487734,26.986348944166036
3.2653061224489797,0.0012339089373767,-6.697568150892323,0.020202020202014698,0.0816326530612245,2.090157360658715,8.08618751198708
3.2653061224489797,0.0013706439859533,-6.592474586847349,0.030303030303028534,0.0816326530612245,1.3115409299073741,3.7118890684760584
3.2653061224489797,0.0015225312657382,-6.487381022802441,0.04040404040403597,0.0816326530612245,0.7872588067405206,2.1973647615804963
3.2653061224489797,0.0016912498642295,-6.382287458757476,0.05050505050504887,0.0816326530612245,0.39588859328682907,1.4857037909550779
3.2653061224489797,0.00187866493623,-6.277193894712534,0.06060606060605963,0.0816326530612245,0.07503255919413317,1.0779192464952925
3.2653061224489797,0.00208684832281,-6.172100330667619,0.07070707070706775,0.0816326530612245,-0.20503818558979325,0.814616209217091
3.2653061224489797,0.0023181014551505,-6.067006766622687,0.08080808080807748,0.0816326530612245,-0.45855338779511634,0.6321975289913883
3.2653061224489797,0.002574980796465,-5.961913202577741,0.0909090909090886,0.0816326530612245,-0.6926397565008208,0.5002537764102452
3.2653061224489797,0.0028603261032564,-5.856819638532781,0.10101010101010106,0.0816326530612245,-0.911190000586988,0.40204550486529766
3.2653061224489797,0.0031772918183317,-5.751726074487876,0.11111111111110823,0.0816326530612245,-1.11662628609227,0.32738242824331765
3.2653061224489797,0.0035293819426201,-5.646632510442922,0.1212121212121201,0.0816326530612245,-1.3106949653067053,0.26963260594976524
3.2653061224489797,0.0039204887712936,-5.541538946397998,0.13131313131312908,0.0816326530612245,-1.4948140715654301,0.22429030279887552
3.2653061224489797,0.0043549359224151,-5.436445382353058,0.14141414141413966,0.0816326530612245,-1.6702164621933124,0.18820632167595686
3.2653061224489797,0.0048375261337845,-5.331351818308116,0.15151515151515035,0.0816326530612245,-1.8380032149217314,0.1591348671988841
3.2653061224489797,0.0053735943563712,-5.2262582542631755,0.16161616161616094,0.0816326530612245,-1.999160979181175,0.13544888000513272
3.2653061224489797,0.0059690667312704,-5.121164690218244,0.17171717171717069,0.0816326530612245,-2.1545674976032756,0.11595332986249808
3.2653061224489797,0.0066305261021638,-5.016071126173304,0.18181818181818118,0.0816326530612245,-2.304995290472137,0.09975927047157622
3.2653061224489797,0.0073652847875129,-4.910977562128371,0.19191919191919102,0.0816326530612245,-2.45111686565694,0.08619726195699466
3.2653061224489797,0.0081814654169699,-4.80588399808343,0.20202020202020168,0.0816326530612245,-2.5935119565961067,0.07475703506214385
3.2653061224489797,0.0090880907256374,-4.700790434038493,0.21212121212121193,0.0816326530612245,-2.7326762475172193,0.06504498005794727
3.2653061224489797,0.0100951832988382,-4.595696869993551,0.22222222222222263,0.0816326530612245,-2.869030820929502,0.056753904630292264
3.2653061224489797,0.0112138763700549,-4.490603305948624,0.23232323232323193,0.0816326530612245,-3.0029316622556177,0.049641323240841535
3.2653061224489797,0.0124565368968931,-4.385509741903686,0.24242424242424226,0.0816326530612245,-3.134678747976643,0.043513730458125885
3.2653061224489797,0.013836902275649,-4.280416177858747,0.2525252525252527,0.0816326530612245,-3.264524428653266,0.03821510477168784
3.2653061224489797,0.0153702322058399,-4.175322613813814,0.26262626262626254,0.0816326530612245,-3.392680963497628,0.03361842620072284
3.2653061224489797,0.0170734773835322,-4.07022904976888,0.2727272727272725,0.0816326530612245,-3.5193271646056385,0.029619357416971644
3.2653061224489797,0.0189654668883421,-3.9651354857239447,0.2828282828282826,0.0816326530612245,-3.6446141733127564,0.02613149013544407
3.2653061224489797,0.0210671163356406,-3.8600419216790063,0.292929292929293,0.0816326530612245,-3.768670427840933,0.023082733053096657
3.2653061224489797,0.0234016590950486,-3.7549483576340705,0.3030303030303031,0.0816326530612245,-3.8916058991121996,0.020412539224153776
3.2653061224489797,0.0259949031313031,-3.649854793589135,0.3131313131313132,0.0816326530612245,-4.013515677116073,0.018069756007170302
3.2653061224489797,0.0288755163068248,-3.5447612295442013,0.32323232323232315,0.0816326530612245,-4.134482988441184,0.016010940831795623
3.2653061224489797,0.0320753432999582,-3.4396676654992664,0.33333333333333315,0.0816326530612245,-4.254581719857412,0.014199028675370987
3.2653061224489797,0.0356297576423598,-3.3345741014543298,0.34343434343434337,0.0816326530612245,-4.373878515332774,0.01260226757013648
3.2653061224489797,0.0395780527672466,-3.229480537409394,0.3535353535353535,0.0816326530612245,-4.492434505934664,0.011193360310040036
3.2653061224489797,0.0439638763914761,-3.1243869733644574,0.3636363636363637,0.0816326530612245,-4.610306724483638,0.00994876630960191
3.2653061224489797,0.048835713033475,-3.019293409319523,0.3737373737373737,0.0816326530612245,-4.727549250014176,0.008848129041836246
3.2653061224489797,0.0542474200011699,-2.914199845274587,0.3838383838383838,0.0816326530612245,-4.844214121219696,0.007873802878774264
3.2653061224489797,0.060258822775172,-2.8091062812296523,0.3939393939393938,0.0816326530612245,-4.960352053122411,0.007010459343989775
3.2653061224489797,0.0669363763690749,-2.7040127171847166,0.404040404040404,0.0816326530612245,-5.076012987104984,0.006244757375844289
3.2653061224489797,0.0743538999780876,-2.5989191531397813,0.4141414141414141,0.0816326530612245,-5.191246500985695,0.005565065629928611
3.2653061224489797,0.0825933930374168,-2.493825589094845,0.42424242424242425,0.0816326530612245,-5.306102102778147,0.004961227431765898
3.2653061224489797,0.0917459417117808,-2.38873202504991,0.4343434343434343,0.0816326530612245,-5.420629428891486,0.004424360950615647
3.2653061224489797,0.101912725837141,-2.283638461004973,0.44444444444444453,0.0816326530612245,-5.534878364541174,0.003946688664079317
3.2653061224489797,0.113206137446215,-2.1785448969600347,0.4545454545454549,0.0816326530612245,-5.648899100827552,0.0035213913385793464
3.2653061224489797,0.125751023242877,-2.0734513329151003,0.46464646464646486,0.0816326530612245,-5.762742139140262,0.0031424826482929773
3.2653061224489797,0.139686064760787,-1.9683577688701692,0.47474747474747453,0.0816326530612245,-5.87645824920181,0.002804701257619585
3.2653061224489797,0.155165311463659,-1.8632642048252352,0.48484848484848453,0.0816326530612245,-5.990098382252082,0.002503417746210554
3.2653061224489797,0.172359883735326,-1.7581706407802946,0.49494949494949514,0.0816326530612245,-6.1037135358475245,0.0022345541956464983
3.2653061224489797,0.19145986458586,-1.6530770767353593,0.5050505050505052,0.0816326530612245,-6.217354561951127,0.001994514609103203
3.2653061224489797,0.212676400986239,-1.5479835126904273,0.5151515151515149,0.0816326530612245,-6.331071906083657,0.001780124619660359
3.2653061224489797,0.236244038061438,-1.442889948645492,0.5252525252525251,0.0816326530612245,-6.44491526316972,0.0015885791745365524
3.2653061224489797,0.262423311946047,-1.3377963846005527,0.5353535353535355,0.0816326530612245,-6.558933136421209,0.001417397073308599
3.2653061224489797,0.291503629965987,-1.2327028205556183,0.5454545454545455,0.0816326530612245,-6.673172290393578,0.001264381397309492
3.2653061224489797,0.323806469986239,-1.1276092565106834,0.5555555555555556,0.0816326530612245,-6.787677099555075,0.0011275850020829796
3.2653061224489797,0.359688934292802,-1.0225156924657481,0.5656565656565656,0.0816326530612245,-6.902488810632247,0.001005280360571272
3.2653061224489797,0.399547697296443,-0.9174221284208132,0.5757575757575757,0.0816326530612245,-7.0176447617406,0.0008959331458851237
3.2653061224489797,0.443823390699414,-0.8123285643758777,0.5858585858585857,0.0816326530612245,-7.133177634510259,0.0007981790322313982
3.2653061224489797,0.49300547460239,-0.707235000330941,0.5959595959595959,0.0816326530612245,-7.249114856831587,0.0007108032731364737
3.2653061224489797,0.547637648400869,-0.6021414362860068,0.606060606060606,0.0816326530612245,-7.365478321790034,0.000632722689042353
3.2653061224489797,0.608323861287565,-0.49704787224107067,0.6161616161616161,0.0816326530612245,-7.48228463893521,0.0005629697625827373
3.2653061224489797,0.67573498880583,-0.39195430819613525,0.6262626262626262,0.0816326530612245,-7.599546180163613,0.0005006785997706489
3.2653061224489797,0.750616249262273,-0.2868607441511999,0.6363636363636362,0.0816326530612245,-7.717273212864254,0.000445072568922022
3.2653061224489797,0.833795441985706,-0.18176718010626372,0.6464646464646464,0.0816326530612245,-7.835477411011188,0.0003954534760158972
3.2653061224489797,0.926192098504948,-0.07667361606132911,0.6565656565656565,0.0816326530612245,-7.954176978236497,0.00035119217463712855
3.2653061224489797,1.02882764781018,0.028419947983610284,0.666666666666667,0.0816326530612245,-8.073403477957418,0.0003117205395976048
3.2653061224489797,1.142836708073,0.1335135120285407,0.6767676767676766,0.0816326530612245,-8.19321021374772,0.00027652475428780203
3.2653061224489797,1.2694796296533,0.23860707607348014,0.686868686868687,0.0816326530612245,-8.313681609447853,0.0002451398707140321
3.2653061224489797,1.41015642805352,0.3437006401184105,0.6969696969696967,0.0816326530612245,-8.43494248312048,0.00021714559534431494
3.2653061224489797,1.56642226084696,0.44879420416335164,0.7070707070707073,0.0816326530612245,-8.557165390011226,0.00019216323016399214
3.2653061224489797,1.74000461967455,0.5538877682082868,0.7171717171717173,0.0816326530612245,-8.680573352690658,0.00016985365362608972
3.2653061224489797,1.93282242736499,0.6589813322532224,0.7272727272727274,0.0816326530612245,-8.80543436595492,0.00014991615812723187
3.2653061224489797,2.14700725129329,0.7640748962981553,0.7373737373737373,0.0816326530612245,-8.932043190733784,0.00013208786792540141
3.2653061224489797,2.38492686748792,0.8691684603430914,0.7474747474747475,0.0816326530612245,-9.060685413344167,0.00011614334310040902
3.2653061224489797,2.64921143598352,0.9742620243880249,0.7575757575757573,0.0816326530612245,-9.19157915197493,0.00010189383174770892
3.2653061224489797,2.94278257678333,1.0793555884329629,0.7676767676767676,0.0816326530612245,-9.324792331922994,8.9185478214018e-05
3.2653061224489797,3.26888566786082,1.184449152477898,0.7777777777777777,0.0816326530612245,-9.460139897542103,7.789569283686993e-05
3.2653061224489797,3.63112572224959,1.289542716522833,0.7878787878787878,0.0816326530612245,-9.597077020689103,6.792699579914059e-05
3.2653061224489797,4.0335072408363,1.3946362805677694,0.797979797979798,0.0816326530612245,-9.734619523802658,5.919819397003109e-05
3.2653061224489797,4.48047848142245,1.4997298446127043,0.808080808080808,0.0816326530612245,-9.871333389511815,5.1633834679827586e-05
3.2653061224489797,4.97698063344183,1.6048234086576407,0.8181818181818182,0.0816326530612245,-10.00542843291016,4.51541470008172e-05
3.2653061224489797,5.52850244195146,1.7099169727025751,0.8282828282828283,0.0816326530612245,-10.13495902173651,3.966826652637472e-05
3.2653061224489797,6.14114088475497,1.8150105367475111,0.8383838383838383,0.0816326530612245,-10.258087560079884,3.507269816978067e-05
3.2653061224489797,6.8216685734332,1.9201041007924453,0.8484848484848483,0.0816326530612245,-10.373332897175448,3.125494678544015e-05
3.2653061224489797,7.57760862338904,2.0251976648373815,0.8585858585858586,0.0816326530612245,-10.479730670326727,2.810028974896333e-05
3.2653061224489797,8.41731782058148,2.1302912288823177,0.8686868686868686,0.0816326530612245,-10.576873092069718,2.5498954871537582e-05
3.2653061224489797,9.35007900434302,2.2353847929272526,0.8787878787878787,0.0816326530612245,-10.664844021139984,2.3351624112244152e-05
3.2653061224489797,10.3862036875563,2.3404783569721936,0.8888888888888893,0.0816326530612245,-10.744093995831237,2.157243974232557e-05
3.2653061224489797,11.5371460486378,2.445571921017128,0.8989898989898993,0.0816326530612245,-10.815301850730156,2.0089729357525144e-05
3.2653061224489797,12.8156295554912,2.550665485062058,0.909090909090909,0.0816326530612245,-10.879254576902643,1.8845157438242676e-05
3.2653061224489797,14.2357876212352,2.6557590491069942,0.919191919191919,0.0816326530612245,-10.93675893563971,1.7792048114194773e-05
3.2653061224489797,15.8133198466305,2.7608526131519304,0.9292929292929293,0.0816326530612245,-10.988585161116394,1.6893440269536945e-05
3.2653061224489797,17.5656655764397,2.865946177196865,0.9393939393939392,0.0816326530612245,-11.035436568707182,1.6120213626534703e-05
3.2653061224489797,19.5121966883548,2.9710397412417997,0.9494949494949493,0.0816326530612245,-11.077937278010602,1.5449448083481456e-05
3.2653061224489797,21.6744317457404,3.0761333052867346,0.9595959595959593,0.0816326530612245,-11.116631200112412,1.4863066210132178e-05
3.2653061224489797,24.0762738816144,3.1812268693316703,0.9696969696969694,0.0816326530612245,-11.151987215293573,1.434674866506317e-05
3.2653061224489797,26.744275043632,3.2863204333766105,0.97979797979798,0.0816326530612245,-11.18440718568318,1.3889086283555674e-05
3.2653061224489797,29.707929521255,3.3914139974215445,0.98989898989899,0.0816326530612245,-11.214234781126668,1.3480925721629348e-05
3.2653061224489797,33.0,3.4965075614664802,1.0,0.0816326530612245,-11.241764012875555,1.3114867955826735e-05
4.081632653061225,0.001,-6.907755278982137,0.0,0.10204081632653061,4.9327659591068835,138.76279423899393
4.081632653061225,0.001110814537795,-6.802661714937222,0.010101010101008117,0.10204081632653061,3.2657651939014607,26.200151518559654
4.081632653061225,0.0012339089373767,-6.697568150892323,0.020202020202014698,0.10204081632653061,2.0645122369498017,7.881452678554752
4.081632653061225,0.0013706439859533,-6.592474586847349,0.030303030303028534,0.10204081632653061,1.289021945900618,3.6292352309467644
4.081632653061225,0.0015225312657382,-6.487381022802441,0.04040404040403597,0.10204081632653061,0.7667025023776106,2.1526561589012574
4.081632653061225,0.0016912498642295,-6.382287458757476,0.05050505050504887,0.10204081632653061,0.3765671905921009,1.457273451200837
4.081632653061225,0.00187866493623,-6.277193894712534,0.06060606060605963,0.10204081632653061,0.05658333496462532,1.0582147974185363
4.081632653061225,0.00208684832281,-6.172100330667619,0.07070707070706775,0.10204081632653061,-0.22277853678070636,0.8002920649275316
4.081632653061225,0.0023181014551505,-6.067006766622687,0.08080808080807748,0.10204081632653061,-0.47565538965009424,0.6214776129671746
4.081632653061225,0.002574980796465,-5.961913202577741,0.0909090909090886,0.10204081632653061,-0.7091371593558612,0.4920685911227098
4.081632653061225,0.0028603261032564,-5.856819638532781,0.10101010101010106,0.10204081632653061,-0.9271062687849422,0.3956970962872155
4.081632653061225,0.0031772918183317,-5.751726074487876,0.11111111111110823,0.10204081632653061,-1.1319854044258626,0.32239254101531967
4.081632653061225,0.0035293819426201,-5.646632510442922,0.1212121212121201,0.10204081632653061,-1.3255244278530205,0.26566360115854915
4.081632653061225,0.0039204887712936,-5.541538946397998,0.13131313131312908,0.10204081632653061,-1.509144368144383,0.22109907646155835
4.081632653061225,0.0043549359224151,-5.436445382353058,0.14141414141413966,0.10204081632653061,-1.6840793447832731,0.18561524095569754
4.081632653061225,0.0048375261337845,-5.331351818308116,0.15151515151515035,0.10204081632653061,-1.8514298634300355,0.15701249929952488
4.081632653061225,0.0053735943563712,-5.2262582542631755,0.16161616161616094,0.10204081632653061,-2.0121805360106566,0.13369682584774017
4.081632653061225,0.0059690667312704,-5.121164690218244,0.17171717171717069,0.10204081632653061,-2.1672060980429886,0.1144970640223282
4.081632653061225,0.0066305261021638,-5.016071126173304,0.18181818181818118,0.10204081632653061,-2.317275554210718,0.09854169171530436
4.081632653061225,0.0073652847875129,-4.910977562128371,0.19191919191919102,0.10204081632653061,-2.463057753535825,0.0851741109394114
4.081632653061225,0.0081814654169699,-4.80588399808343,0.20202020202020168,0.10204081632653061,-2.605128886795777,0.07389361267281062
4.081632653061225,0.0090880907256374,-4.700790434038493,0.21212121212121193,0.10204081632653061,-2.743981378069899,0.06431377901585497
4.081632653061225,0.0100951832988382,-4.595696869993551,0.22222222222222263,0.10204081632653061,-2.8800334254094007,0.05613288653806254
4.081632653061225,0.0112138763700549,-4.490603305948624,0.23232323232323193,0.10204081632653061,-3.0136385453253154,0.049112654644320276
4.081632653061225,0.0124565368968931,-4.385509741903686,0.24242424242424226,0.10204081632653061,-3.1450946642203146,0.043062847343006715
4.081632653061225,0.013836902275649,-4.280416177858747,0.2525252525252527,0.10204081632653061,-3.2746524811124207,0.03783001358947581
4.081632653061225,0.0153702322058399,-4.175322613813814,0.26262626262626254,0.10204081632653061,-3.4025229678511955,0.03328917640040818
4.081632653061225,0.0170734773835322,-4.07022904976888,0.2727272727272725,0.10204081632653061,-3.5288839716529274,0.029337639240566715
4.081632653061225,0.0189654668883421,-3.9651354857239447,0.2828282828282826,0.10204081632653061,-3.653885947003001,0.025890324616439257
4.081632653061225,0.0210671163356406,-3.8600419216790063,0.292929292929293,0.10204081632653061,-3.7776568791292493,0.022876230449405385
4.081632653061225,0.0234016590950486,-3.7549483576340705,0.3030303030303031,0.10204081632653061,-3.900306477863689,0.020235708698578405
4.081632653061225,0.0259949031313031,-3.649854793589135,0.3131313131313132,0.10204081632653061,-4.021929725463951,0.017918354051402175
4.081632653061225,0.0288755163068248,-3.5447612295442013,0.32323232323232315,0.10204081632653061,-4.142609859670813,0.015881349277577127
4.081632653061225,0.0320753432999582,-3.4396676654992664,0.33333333333333315,0.10204081632653061,-4.262420867203227,0.014088155540620177
4.081632653061225,0.0356297576423598,-3.3345741014543298,0.34343434343434337,0.10204081632653061,-4.381429555153471,0.012507465722598365
4.081632653061225,0.0395780527672466,-3.229480537409394,0.3535353535353535,0.10204081632653061,-4.49969725965128,0.01111236018885891
4.081632653061225,0.0439638763914761,-3.1243869733644574,0.3636363636363637,0.10204081632653061,-4.617281243477195,0.009879619861915427
4.081632653061225,0.048835713033475,-3.019293409319523,0.3737373737373737,0.10204081632653061,-4.734235827419501,0.008789162703299321
4.081632653061225,0.0542474200011699,-2.914199845274587,0.3838383838383838,0.10204081632653061,-4.850613294243407,0.007823577922281846
4.081632653061225,0.060258822775172,-2.8091062812296523,0.3939393939393938,0.10204081632653061,-4.966464599173011,0.0069677382886391215
4.081632653061225,0.0669363763690749,-2.7040127171847166,0.404040404040404,0.10204081632653061,-5.081839916664655,0.006208475423345786
4.081632653061225,0.0743538999780876,-2.5989191531397813,0.4141414141414141,0.10204081632653061,-5.196789049788097,0.005534306303363913
4.081632653061225,0.0825933930374168,-2.493825589094845,0.42424242424242425,0.10204081632653061,-5.311361725496005,0.00493520174988819
4.081632653061225,0.0917459417117808,-2.38873202504991,0.4343434343434343,0.10204081632653061,-5.425607796193454,0.004402389592849956
4.081632653061225,0.101912725837141,-2.283638461004973,0.44444444444444453,0.10204081632653061,-5.539577365061118,0.003928186676464044
4.081632653061225,0.113206137446215,-2.1785448969600347,0.4545454545454549,0.10204081632653061,-5.653320849311499,0.0035058550059578796
4.081632653061225,0.125751023242877,-2.0734513329151003,0.46464646464646486,0.10204081632653061,-5.766888991803194,0.003129478218118399
4.081632653061225,0.139686064760787,-1.9683577688701692,0.47474747474747453,0.10204081632653061,-5.880332827138137,0.0027938552494295122
4.081632653061225,0.155165311463659,-1.8632642048252352,0.48484848484848453,0.10204081632653061,-5.993703603588798,0.002494408620840805
4.081632653061225,0.172359883735326,-1.7581706407802946,0.49494949494949514,0.10204081632653061,-6.1070526571817165,0.002227105191544862
4.081632653061225,0.19145986458586,-1.6530770767353593,0.5050505050505052,0.10204081632653061,-6.220431229429203,0.00198838758111784
4.081632653061225,0.212676400986239,-1.5479835126904273,0.5151515151515149,0.10204081632653061,-6.333890216193292,0.0017751147394624337
4.081632653061225,0.236244038061438,-1.442889948645492,0.5252525252525251,0.10204081632653061,-6.447479832841252,0.0015845103721583453
4.081632653061225,0.262423311946047,-1.3377963846005527,0.5353535353535355,0.10204081632653061,-6.5612491812710365,0.0014141181166878103
4.081632653061225,0.291503629965987,-1.2327028205556183,0.5454545454545455,0.10204081632653061,-6.675245708777217,0.0012617625216270975
4.081632653061225,0.323806469986239,-1.1276092565106834,0.5555555555555556,0.10204081632653061,-6.789514558429212,0.0011255150133565367
4.081632653061225,0.359688934292802,-1.0225156924657481,0.5656565656565656,0.10204081632653061,-6.904097826979917,0.001003664148641518
4.081632653061225,0.399547697296443,-0.9174221284208132,0.5757575757575757,0.10204081632653061,-7.019033770481408,0.0008946895507964776
4.081632653061225,0.443823390699414,-0.8123285643758777,0.5858585858585857,0.10204081632653061,-7.1343560304934295,0.0007972390152308718
4.081632653061225,0.49300547460239,-0.707235000330941,0.5959595959595959,0.10204081632653061,-7.25009299494852,0.0007101083492825384
4.081632653061225,0.547637648400869,-0.6021414362860068,0.606060606060606,0.10204081632653061,-7.366267455922027,0.0006322235829290789
4.081632653061225,0.608323861287565,-0.49704787224107067,0.6161616161616161,0.10204081632653061,-7.482896778135839,0.0005626252521772115
4.081632653061225,0.67573498880583,-0.39195430819613525,0.6262626262626262,0.10204081632653061,-7.599993840272521,0.0005004545160945511
4.081632653061225,0.750616249262273,-0.2868607441511999,0.6363636363636362,0.10204081632653061,-7.717569045134305,0.00044494092156734816
4.081632653061225,0.833795441985706,-0.18176718010626372,0.6464646464646464,0.10204081632653061,-7.835633698100134,0.0003953916765726705
4.081632653061225,0.926192098504948,-0.07667361606132911,0.6565656565656565,0.10204081632653061,-7.95420500402287,0.0003511823323381859
4.081632653061225,1.02882764781018,0.028419947983610284,0.666666666666667,0.10204081632653061,-8.073312802872048,0.00031174880616566204
4.081632653061225,1.142836708073,0.1335135120285407,0.6767676767676766,0.10204081632653061,-8.193007922744588,0.00027658069841604403
4.081632653061225,1.2694796296533,0.23860707607348014,0.686868686868687,0.10204081632653061,-8.313371645027722,0.0002452158671293929
4.081632653061225,1.41015642805352,0.3437006401184105,0.6969696969696967,0.10204081632653061,-8.434525228433406,0.0002172362192670632
4.081632653061225,1.56642226084696,0.44879420416335164,0.7070707070707073,0.10204081632653061,-8.55663772165434,0.0001922646553769911
4.081632653061225,1.74000461967455,0.5538877682082868,0.7171717171717173,0.10204081632653061,-8.679929430812718,0.00016996306133093455
4.081632653061225,1.93282242736499,0.6589813322532224,0.7272727272727274,0.10204081632653061,-8.804667457951394,0.00015003117412646538
4.081632653061225,2.14700725129329,0.7640748962981553,0.7373737373737373,0.10204081632653061,-8.931148813549589,0.00013220605714577558
4.081632653061225,2.38492686748792,0.8691684603430914,0.7474747474747475,0.10204081632653061,-9.059665989751252,0.00011626180273453966
4.081632653061225,2.64921143598352,0.9742620243880249,0.7575757575757573,0.10204081632653061,-9.190450136764381,0.00010200893639883733
4.081632653061225,2.94278257678333,1.0793555884329629,0.7676767676767676,0.10204081632653061,-9.323589269455109,8.929283848314378e-05
4.081632653061225,3.26888566786082,1.184449152477898,0.7777777777777777,0.10204081632653061,-9.458925046962841,7.799038196936281e-05
4.081632653061225,3.63112572224959,1.289542716522833,0.7878787878787878,0.10204081632653061,-9.595943163681788,6.800405898037104e-05
4.081632653061225,4.0335072408363,1.3946362805677694,0.797979797979798,0.10204081632653061,-9.733687924751013,5.925336864774099e-05
4.081632653061225,4.48047848142245,1.4997298446127043,0.808080808080808,0.10204081632653061,-9.870743572226889,5.166429819107834e-05
4.081632653061225,4.97698063344183,1.6048234086576407,0.8181818181818182,0.10204081632653061,-10.00532010785254,4.515903859132894e-05
4.081632653061225,5.52850244195146,1.7099169727025751,0.8282828282828283,0.10204081632653061,-10.135450344762143,3.9648781380785674e-05
4.081632653061225,6.14114088475497,1.8150105367475111,0.8383838383838383,0.10204081632653061,-10.259256537470659,3.503172293281562e-05
4.081632653061225,6.8216685734332,1.9201041007924453,0.8484848484848483,0.10204081632653061,-10.375207962644259,3.119639662384092e-05
4.081632653061225,7.57760862338904,2.0251976648373815,0.8585858585858586,0.10204081632653061,-10.48229247457081,2.8028394437601152e-05
4.081632653061225,8.41731782058148,2.1302912288823177,0.8686868686868686,0.10204081632653061,-10.580065024826165,2.5417693681349027e-05
4.081632653061225,9.35007900434302,2.2353847929272526,0.8787878787878787,0.10204081632653061,-10.668586590368731,2.326439237961949e-05
4.081632653061225,10.3862036875563,2.3404783569721936,0.8888888888888893,0.10204081632653061,-10.748298536722883,2.1481927950900663e-05
4.081632653061225,11.5371460486378,2.445571921017128,0.8989898989898993,0.10204081632653061,-10.819880939316787,1.9997947007246606e-05
4.081632653061225,12.8156295554912,2.550665485062058,0.909090909090909,0.10204081632653061,-10.884128485894145,1.875353132600566e-05
4.081632653061225,14.2357876212352,2.6557590491069942,0.919191919191919,0.10204081632653061,-10.941858703055688,1.7701543778639405e-05
4.081632653061225,15.8133198466305,2.7608526131519304,0.9292929292929293,0.10204081632653061,-10.993853293419669,1.680467740368784e-05
4.081632653061225,17.5656655764397,2.865946177196865,0.9393939393939392,0.10204081632653061,-11.040826355017568,1.60335628441757e-05
4.081632653061225,19.5121966883548,2.9710397412417997,0.9494949494949493,0.10204081632653061,-11.083411445637811,1.5365106276139333e-05
4.081632653061225,21.6744317457404,3.0761333052867346,0.9595959595959593,0.10204081632653061,-11.122160376225313,1.4781112476580848e-05
4.081632653061225,24.0762738816144,3.1812268693316703,0.9696969696969694,0.10204081632653061,-11.157548450760439,1.4267184460250655e-05
4.081632653061225,26.744275043632,3.2863204333766105,0.97979797979798,0.10204081632653061,-11.189982658180966,1.381186354164391e-05
4.081632653061225,29.707929521255,3.3914139974215445,0.98989898989899,0.10204081632653061,-11.2198107129372,1.3405966177928746e-05
4.081632653061225,33.0,3.4965075614664802,1.0,0.10204081632653061,-11.247329796309408,1.3042076200505448e-05
4.8979591836734695,0.001,-6.907755278982137,0.0,0.12244897959183673,4.8990684264631215,134.1647371321173
4.8979591836734695,0.001110814537795,-6.802661714937222,0.010101010101008117,0.12244897959183673,3.2346003643804706,25.396220516260673
4.8979591836734695,0.0012339089373767,-6.697568150892323,0.020202020202014698,0.12244897959183673,2.0376508381880765,7.6725639173803195
4.8979591836734695,0.0013706439859533,-6.592474586847349,0.030303030303028534,0.12244897959183673,1.2654948937322699,3.544846624455311
4.8979591836734695,0.0015225312657382,-6.487381022802441,0.04040404040403597,0.12244897959183673,0.7452320746499496,2.1069303433688167
4.8979591836734695,0.0016912498642295,-6.382287458757476,0.05050505050504887,0.12244897959183673,0.35637687598228224,1.4281456806591284
4.8979591836734695,0.00187866493623,-6.277193894712534,0.06060606060605963,0.12244897959183673,0.037292246209727445,1.0379963270082382
4.8979591836734695,0.00208684832281,-6.172100330667619,0.07070707070706775,0.12244897959183673,-0.24134053490809698,0.7855740654418314
4.8979591836734695,0.0023181014551505,-6.067006766622687,0.08080808080807748,0.12244897959183673,-0.49356203545340255,0.610448079169519
4.8979591836734695,0.002574980796465,-5.961913202577741,0.0909090909090886,0.12244897959183673,-0.7264245313373151,0.4836351246135792
4.8979591836734695,0.0028603261032564,-5.856819638532781,0.10101010101010106,0.12244897959183673,-0.9438000821648961,0.38914623437393825
4.8979591836734695,0.0031772918183317,-5.751726074487876,0.11111111111110823,0.12244897959183673,-1.1481119438278504,0.31723516210759073
4.8979591836734695,0.0035293819426201,-5.646632510442922,0.1212121212121201,0.12244897959183673,-1.3411134595040046,0.2615542762889264
4.8979591836734695,0.0039204887712936,-5.541538946397998,0.13131313131312908,0.12244897959183673,-1.5242285236537179,0.2177890111411027
4.8979591836734695,0.0043549359224151,-5.436445382353058,0.14141414141413966,0.12244897959183673,-1.6986923139367662,0.18292257301755538
4.8979591836734695,0.0048375261337845,-5.331351818308116,0.15151515151515035,0.12244897959183673,-1.865604523436171,0.15480259979345545
4.8979591836734695,0.0053735943563712,-5.2262582542631755,0.16161616161616094,0.12244897959183673,-2.025947478991993,0.13186884102215166
4.8979591836734695,0.0059690667312704,-5.121164690218244,0.17171717171717069,0.12244897959183673,-2.180592673244223,0.11297455379940463
4.8979591836734695,0.0066305261021638,-5.016071126173304,0.18181818181818118,0.12244897959183673,-2.330305381320814,0.09726603932210648
4.8979591836734695,0.0073652847875129,-4.910977562128371,0.19191919191919102,0.12244897959183673,-2.475750605046136,0.08409984079524269
4.8979591836734695,0.0081814654169699,-4.80588399808343,0.20202020202020168,0.12244897959183673,-2.617500829813492,0.07298503711916622
4.8979591836734695,0.0090880907256374,-4.700790434038493,0.21212121212121193,0.12244897959183673,-2.7560450804817633,0.06354257784842396
4.8979591836734695,0.0100951832988382,-4.595696869993551,0.22222222222222263,0.12244897959183673,-2.8917985524041425,0.05547634571552117
4.8979591836734695,0.0112138763700549,-4.490603305948624,0.23232323232323193,0.12244897959183673,-3.025112192791679,0.04855237373807645
4.8979591836734695,0.0124565368968931,-4.385509741903686,0.24242424242424226,0.12244897959183673,-3.156281792647443,0.04258378241608497
4.8979591836734695,0.013836902275649,-4.280416177858747,0.2525252525252527,0.12244897959183673,-3.2855563267596426,0.0374197616868694
4.8979591836734695,0.0153702322058399,-4.175322613813814,0.26262626262626254,0.12244897959183673,-3.413145417518559,0.03293743528321186
4.8979591836734695,0.0170734773835322,-4.07022904976888,0.2727272727272725,0.12244897959183673,-3.539225894076705,0.029035795165762178
4.8979591836734695,0.0189654668883421,-3.9651354857239447,0.2828282828282826,0.12244897959183673,-3.6639474784334625,0.025631134413330647
4.8979591836734695,0.0210671163356406,-3.8600419216790063,0.292929292929293,0.12244897959183673,-3.787437663623255,0.022653573623571992
4.8979591836734695,0.0234016590950486,-3.7549483576340705,0.3030303030303031,0.12244897959183673,-3.909805864707445,0.020044392007893343
4.8979591836734695,0.0259949031313031,-3.649854793589135,0.3131313131313132,0.12244897959183673,-4.03114692727312,0.017753955775957616
4.8979591836734695,0.0288755163068248,-3.5447612295442013,0.32323232323232315,0.12244897959183673,-4.151544075338188,0.015740093820984475
4.8979591836734695,0.0320753432999582,-3.4396676654992664,0.33333333333333315,0.12244897959183673,-4.271071374145806,0.013966811453933477
4.8979591836734695,0.0356297576423598,-3.3345741014543298,0.34343434343434337,0.12244897959183673,-4.389795775365267,0.012403262013459426
4.8979591836734695,0.0395780527672466,-3.229480537409394,0.3535353535353535,0.12244897959183673,-4.5077788039720925,0.011022917063578197
4.8979591836734695,0.0439638763914761,-3.1243869733644574,0.3636363636363637,0.12244897959183673,-4.625077938291995,0.009802890985467801
4.8979591836734695,0.048835713033475,-3.019293409319523,0.3737373737373737,0.12244897959183673,-4.741747727741585,0.008723386749664911
4.8979591836734695,0.0542474200011699,-2.914199845274587,0.3838383838383838,0.12244897959183673,-4.857840686829571,0.007767237694924872
4.8979591836734695,0.060258822775172,-2.8091062812296523,0.3939393939393938,0.12244897959183673,-4.973407998985784,0.006919526067967984
4.8979591836734695,0.0669363763690749,-2.7040127171847166,0.404040404040404,0.12244897959183673,-5.088500059646548,0.00616726348038122
4.8979591836734695,0.0743538999780876,-2.5989191531397813,0.4141414141414141,0.12244897959183673,-5.203166884555617,0.005499121732165115
4.8979591836734695,0.0825933930374168,-2.493825589094845,0.42424242424242425,0.12244897959183673,-5.317458406206125,0.00490520493399737
4.8979591836734695,0.0917459417117808,-2.38873202504991,0.4343434343434343,0.12244897959183673,-5.4314246784925535,0.004376855746440319
4.8979591836734695,0.101912725837141,-2.283638461004973,0.44444444444444453,0.12244897959183673,-5.5451160067064755,0.003906489998673537
4.8979591836734695,0.113206137446215,-2.1785448969600347,0.4545454545454549,0.12244897959183673,-5.658583016768037,0.0034874550640843225
4.8979591836734695,0.125751023242877,-2.0734513329151003,0.46464646464646486,0.12244897959183673,-5.771876673870581,0.0031139082370650745
4.8979591836734695,0.139686064760787,-1.9683577688701692,0.47474747474747453,0.12244897959183673,-5.885048256456973,0.0027807120347771966
4.8979591836734695,0.155165311463659,-1.8632642048252352,0.48484848484848453,0.12244897959183673,-5.998149286701715,0.0024833438839391192
4.8979591836734695,0.172359883735326,-1.7581706407802946,0.49494949494949514,0.12244897959183673,-6.1112314136645915,0.00221781807909263
4.8979591836734695,0.19145986458586,-1.6530770767353593,0.5050505050505052,0.12244897959183673,-6.224346240421002,0.0019806182403326834
4.8979591836734695,0.212676400986239,-1.5479835126904273,0.5151515151515149,0.12244897959183673,-6.337545082382346,0.0017686387742215338
4.8979591836734695,0.236244038061438,-1.442889948645492,0.5252525252525251,0.12244897959183673,-6.450878641532552,0.0015791340662272071
4.8979591836734695,0.262423311946047,-1.3377963846005527,0.5353535353535355,0.12244897959183673,-6.564396581467384,0.0014096743179246411
4.8979591836734695,0.291503629965987,-1.2327028205556183,0.5454545454545455,0.12244897959183673,-6.678146992150419,0.0012581070962786758
4.8979591836734695,0.323806469986239,-1.1276092565106834,0.5555555555555556,0.12244897959183673,-6.7921757425325575,0.0011225237925548328
4.8979591836734695,0.359688934292802,-1.0225156924657481,0.5656565656565656,0.12244897959183673,-6.906525734980194,0.001001230300201064
4.8979591836734695,0.399547697296443,-0.9174221284208132,0.5757575757575757,0.12244897959183673,-7.02123609904248,0.0008927213185880045
4.8979591836734695,0.443823390699414,-0.8123285643758777,0.5858585858585857,0.12244897959183673,-7.136341394292694,0.0007956577759376897
4.8979591836734695,0.49300547460239,-0.707235000330941,0.5959595959595959,0.12244897959183673,-7.2518709328680195,0.0007088469424052379
4.8979591836734695,0.547637648400869,-0.6021414362860068,0.606060606060606,0.12244897959183673,-7.367848380650497,0.0006312248746821941
4.8979591836734695,0.608323861287565,-0.49704787224107067,0.6161616161616161,0.12244897959183673,-7.484291848443189,0.0005618408976358095
4.8979591836734695,0.67573498880583,-0.39195430819613525,0.6262626262626262,0.12244897959183673,-7.601214734603491,0.0004998438868456869
4.8979591836734695,0.750616249262273,-0.2868607441511999,0.6363636363636362,0.12244897959183673,-7.718627617807704,0.00044447016847364
4.8979591836734695,0.833795441985706,-0.18176718010626372,0.6464646464646464,0.12244897959183673,-7.836541507024592,0.0003950328993552409
4.8979591836734695,0.926192098504948,-0.07667361606132911,0.6565656565656565,0.12244897959183673,-7.954972713380373,0.00035091282983849213
4.8979591836734695,1.02882764781018,0.028419947983610284,0.666666666666667,0.12244897959183673,-8.073949487512781,0.00031155038366199243
4.8979591836734695,1.142836708073,0.1335135120285407,0.6767676767676766,0.12244897959183673,-8.193520334327005,0.00027643901156679425
4.8979591836734695,1.2694796296533,0.23860707607348014,0.686868686868687,0.12244897959183673,-8.313763543201134,0.0002451197863071524
4.8979591836734695,1.41015642805352,0.3437006401184105,0.6969696969696967,0.12244897959183673,-8.434796931541904,0.00021717720352875297
4.8979591836734695,1.56642226084696,0.44879420416335164,0.7070707070707073,0.12244897959183673,-8.55678608581739,0.00019223613230826507
4.8979591836734695,1.74000461967455,0.5538877682082868,0.7171717171717173,0.12244897959183673,-8.679948515992415,0.00016995981758632117
4.8979591836734695,1.93282242736499,0.6589813322532224,0.7272727272727274,0.12244897959183673,-8.804550173022534,0.000150048771553986
4.8979591836734695,2.14700725129329,0.7640748962981553,0.7373737373737373,0.12244897959183673,-8.930889830456067,0.00013224030071349867
4.8979591836734695,2.38492686748792,0.8691684603430914,0.7474747474747475,0.12244897959183673,-9.059266143874414,0.00011630829883201385
4.8979591836734695,2.64921143598352,0.9742620243880249,0.7575757575757573,0.12244897959183673,-9.189922318622308,0.0001020627927780589
4.8979591836734695,2.94278257678333,1.0793555884329629,0.7676767676767676,0.12244897959183673,-9.322965356274818,8.934856684500102e-05
4.8979591836734695,3.26888566786082,1.184449152477898,0.7777777777777777,0.12244897959183673,-9.45826263217364,7.804206106640423e-05
4.8979591836734695,3.63112572224959,1.289542716522833,0.7878787878787878,0.12244897959183673,-9.595329815265325,6.804578195631233e-05
4.8979591836734695,4.0335072408363,1.3946362805677694,0.797979797979798,0.12244897959183673,-9.733239963675798,5.927991779651921e-05
4.8979591836734695,4.48047848142245,1.4997298446127043,0.808080808080808,0.12244897959183673,-9.870596865488437,5.167187824776945e-05
4.8979591836734695,4.97698063344183,1.6048234086576407,0.8181818181818182,0.12244897959183673,-10.005612850478808,4.5145820550608345e-05
4.8979591836734695,5.52850244195146,1.7099169727025751,0.8282828282828283,0.12244897959183673,-10.136301635727204,3.961504309400739e-05
4.8979591836734695,6.14114088475497,1.8150105367475111,0.8383838383838383,0.12244897959183673,-10.260747425331555,3.497953347632937e-05
4.8979591836734695,6.8216685734332,1.9201041007924453,0.8484848484848483,0.12244897959183673,-10.377371190916914,3.112898463670568e-05
4.8979591836734695,7.57760862338904,2.0251976648373815,0.8585858585858586,0.12244897959183673,-10.485113361110317,2.7949440928808628e-05
4.8979591836734695,8.41731782058148,2.1302912288823177,0.8686868686868686,0.12244897959183673,-10.583491315079497,2.5330754310038517e-05
4.8979591836734695,9.35007900434302,2.2353847929272526,0.8787878787878787,0.12244897959183673,-10.672542513220726,2.3172542034389965e-05
4.8979591836734695,10.3862036875563,2.3404783569721936,0.8888888888888893,0.12244897959183673,-10.752698464041496,2.138761666280996e-05
4.8979591836734695,11.5371460486378,2.445571921017128,0.8989898989898993,0.12244897959183673,-10.82463989374957,1.990300378311525e-05
4.8979591836734695,12.8156295554912,2.550665485062058,0.909090909090909,0.12244897959183673,-10.889168730268434,1.8659246753485675e-05
4.8979591836734695,14.2357876212352,2.6557590491069942,0.919191919191919,0.12244897959183673,-10.947112927586705,1.7608779807856436e-05
4.8979591836734695,15.8133198466305,2.7608526131519304,0.9292929292929293,0.12244897959183673,-10.999265406147341,1.6713974264432544e-05
4.8979591836734695,17.5656655764397,2.865946177196865,0.9393939393939392,0.12244897959183673,-11.046350854723418,1.5945229653962355e-05
4.8979591836734695,19.5121966883548,2.9710397412417997,0.9494949494949493,0.12244897959183673,-11.089012115759402,1.5279291917775015e-05
4.8979591836734695,21.6744317457404,3.0761333052867346,0.9595959595959593,0.12244897959183673,-11.127808772255644,1.4697858247321027e-05
4.8979591836734695,24.0762738816144,3.1812268693316703,0.9696969696969694,0.12244897959183673,-11.163222442489342,1.4186461800048169e-05
4.8979591836734695,26.744275043632,3.2863204333766105,0.97979797979798,0.12244897959183673,-11.195665147039978,1.3733600356382987e-05
4.8979591836734695,29.707929521255,3.3914139974215445,0.98989898989899,0.12244897959183673,-11.225488561558322,1.3330064813487982e-05
4.8979591836734695,33.0,3.4965075614664802,1.0,0.12244897959183673,-11.252992964077476,1.296842547997183e-05
5.714285714285714,0.001,-6.907755278982137,0.0,0.14285714285714285,4.863359438138314,129.45837982095046
5.714285714285714,0.001110814537795,-6.802661714937222,0.010101010101008117,0.14285714285714285,3.2018208240560733,24.577240310520956
5.714285714285714,0.0012339089373767,-6.697568150892323,0.020202020202014698,0.14285714285714285,2.009546091150427,7.459930450257501
5.714285714285714,0.0013706439859533,-6.592474586847349,0.030303030303028534,0.14285714285714285,1.2409232423380125,3.4588053066121955
5.714285714285714,0.0015225312657382,-6.487381022802441,0.04040404040403597,0.14285714285714285,0.7228061889686156,2.060206435047139
5.714285714285714,0.0016912498642295,-6.382287458757476,0.05050505050504887,0.14285714285714285,0.33527435364969776,1.3983239678854584
5.714285714285714,0.00187866493623,-6.277193894712534,0.06060606060605963,0.14285714285714285,0.01711536872150206,1.017262675849992
5.714285714285714,0.00208684832281,-6.172100330667619,0.07070707070706775,0.14285714285714285,-0.2607681646902174,0.770459518632677
5.714285714285714,0.0023181014551505,-6.067006766622687,0.08080808080807748,0.14285714285714285,-0.5123171493696427,0.5991057517007083
5.714285714285714,0.002574980796465,-5.961913202577741,0.0909090909090886,0.14285714285714285,-0.7445454647125422,0.4749501324794384
5.714285714285714,0.0028603261032564,-5.856819638532781,0.10101010101010106,0.14285714285714285,-0.9613147896394371,0.38238979317868954
5.714285714285714,0.0031772918183317,-5.751726074487876,0.11111111111110823,0.14285714285714285,-1.165049018314613,0.31190737248420136
5.714285714285714,0.0035293819426201,-5.646632510442922,0.1212121212121201,0.14285714285714285,-1.3575049510869455,0.25730195770215564
5.714285714285714,0.0039204887712936,-5.541538946397998,0.13131313131312908,0.14285714285714285,-1.5401092147881574,0.21435768911890907
5.714285714285714,0.0043549359224151,-5.436445382353058,0.14141414141413966,0.14285714285714285,-1.7140978374276439,0.18012615050434388
5.714285714285714,0.0048375261337845,-5.331351818308116,0.15151515151515035,0.14285714285714285,-1.8805694557590154,0.15250323717864542
5.714285714285714,0.0053735943563712,-5.2262582542631755,0.16161616161616094,0.14285714285714285,-2.040503861775273,0.12996321088418367
5.714285714285714,0.0059690667312704,-5.121164690218244,0.17171717171717069,0.14285714285714285,-2.194769068290897,0.11138428069741843
5.714285714285714,0.0066305261021638,-5.016071126173304,0.18181818181818118,0.14285714285714285,-2.344126406500527,0.0959309702075189
5.714285714285714,0.0073652847875129,-4.910977562128371,0.19191919191919102,0.14285714285714285,-2.4892368427775486,0.08297326406487386
5.714285714285714,0.0081814654169699,-4.80588399808343,0.20202020202020168,0.14285714285714285,-2.630668994829097,0.07203025824614784
5.714285714285714,0.0090880907256374,-4.700790434038493,0.21212121212121193,0.14285714285714285,-2.7689083498268316,0.06273044708122975
5.714285714285714,0.0100951832988382,-4.595696869993551,0.22222222222222263,0.14285714285714285,-2.9043669828821543,0.05478345849464963
5.714285714285714,0.0112138763700549,-4.490603305948624,0.23232323232323193,0.14285714285714285,-3.037393172245709,0.047959749485292684
5.714285714285714,0.0124565368968931,-4.385509741903686,0.24242424242424226,0.14285714285714285,-3.168280488923467,0.042075885687306074
5.714285714285714,0.013836902275649,-4.280416177858747,0.2525252525252527,0.14285714285714285,-3.297276111485074,0.03698376999023439
5.714285714285714,0.0153702322058399,-4.175322613813814,0.26262626262626254,0.14285714285714285,-3.4245882514261106,0.03256268586866245
5.714285714285714,0.0170734773835322,-4.07022904976888,0.2727272727272725,0.14285714285714285,-3.550392667269049,0.028713362642633557
5.714285714285714,0.0189654668883421,-3.9651354857239447,0.2828282828282826,0.14285714285714285,-3.674838303463172,0.025353504765216334
5.714285714285714,0.0210671163356406,-3.8600419216790063,0.292929292929293,0.14285714285714285,-3.7980521221757026,0.02241438985405066
5.714285714285714,0.0234016590950486,-3.7549483576340705,0.3030303030303031,0.14285714285714285,-3.9201432104974434,0.019838253494775363
5.714285714285714,0.0259949031313031,-3.649854793589135,0.3131313131313132,0.14285714285714285,-4.041206248845509,0.017576258282172436
5.714285714285714,0.0288755163068248,-3.5447612295442013,0.32323232323232315,0.14285714285714285,-4.161324423042349,0.015586900593178193
5.714285714285714,0.0320753432999582,-3.4396676654992664,0.33333333333333315,0.14285714285714285,-4.280571855802282,0.013834748342822103
5.714285714285714,0.0356297576423598,-3.3345741014543298,0.34343434343434337,0.14285714285714285,-4.399015625173013,0.012289431357696782
5.714285714285714,0.0395780527672466,-3.229480537409394,0.3535353535353535,0.14285714285714285,-4.516717429093303,0.010924826391190365
5.714285714285714,0.0439638763914761,-3.1243869733644574,0.3636363636363637,0.14285714285714285,-4.633734947347836,0.0097183935447008
5.714285714285714,0.048835713033475,-3.019293409319523,0.3737373737373737,0.14285714285714285,-4.750122945189065,0.008650631584202909
5.714285714285714,0.0542474200011699,-2.914199845274587,0.3838383838383838,0.14285714285714285,-4.865934156887991,0.007704627497851221
5.714285714285714,0.060258822775172,-2.8091062812296523,0.3939393939393938,0.14285714285714285,-4.981219982454518,0.006865681435235409
5.714285714285714,0.0669363763690749,-2.7040127171847166,0.404040404040404,0.14285714285714285,-5.096031026613769,0.00612099247423167
5.714285714285714,0.0743538999780876,-2.5989191531397813,0.4141414141414141,0.14285714285714285,-5.2104175056478175,0.005459393883978221
5.714285714285714,0.0825933930374168,-2.493825589094845,0.42424242424242425,0.14285714285714285,-5.324429544678522,0.004871128983250926
5.714285714285714,0.0917459417117808,-2.38873202504991,0.4343434343434343,0.14285714285714285,-5.4381173851189955,0.004347660541430822
5.714285714285714,0.101912725837141,-2.283638461004973,0.44444444444444453,0.14285714285714285,-5.55153151910344,0.0038815080852315277
5.714285714285714,0.113206137446215,-2.1785448969600347,0.4545454545454549,0.14285714285714285,-5.664722764489997,0.003466108567907122
5.714285714285714,0.125751023242877,-2.0734513329151003,0.46464646464646486,0.14285714285714285,-5.777742290350987,0.0030956967087262866
5.714285714285714,0.139686064760787,-1.9683577688701692,0.47474747474747453,0.14285714285714285,-5.8906415986434695,0.002765201977809163
5.714285714285714,0.155165311463659,-1.8632642048252352,0.48484848484848453,0.14285714285714285,-6.0034724630414145,0.0024701597284574554
5.714285714285714,0.172359883735326,-1.7581706407802946,0.49494949494949514,0.14285714285714285,-6.116286820918599,0.0022066343983364925
5.714285714285714,0.19145986458586,-1.6530770767353593,0.5050505050505052,0.14285714285714285,-6.229136609594944,0.0019711530367788424
5.714285714285714,0.212676400986239,-1.5479835126904273,0.5151515151515149,0.14285714285714285,-6.3420735338002565,0.0017606476867383731
5.714285714285714,0.236244038061438,-1.442889948645492,0.5252525252525251,0.14285714285714285,-6.455148748684393,0.001572405370906446
5.714285714285714,0.262423311946047,-1.3377963846005527,0.5353535353535355,0.14285714285714285,-6.568412442636422,0.0014040246133776469
5.714285714285714,0.291503629965987,-1.2327028205556183,0.5454545454545455,0.14285714285714285,-6.6819133078743205,0.001253377579756565
5.714285714285714,0.323806469986239,-1.1276092565106834,0.5555555555555556,0.14285714285714285,-6.795697895568824,0.0011185770465724097
5.714285714285714,0.359688934292802,-1.0225156924657481,0.5656565656565656,0.14285714285714285,-6.909809867548725,0.0009979475206557252
5.714285714285714,0.399547697296443,-0.9174221284208132,0.5757575757575757,0.14285714285714285,-7.024289179666753,0.0008899999248584918
5.714285714285714,0.443823390699414,-0.8123285643758777,0.5858585858585857,0.14285714285714285,-7.139171263602314,0.000793409351291033
5.714285714285714,0.49300547460239,-0.707235000330941,0.5959595959595959,0.14285714285714285,-7.254486314437431,0.0007069954593991821
5.714285714285714,0.547637648400869,-0.6021414362860068,0.606060606060606,0.14285714285714285,-7.370258839702631,0.000629705165303531
5.714285714285714,0.608323861287565,-0.49704787224107067,0.6161616161616161,0.14285714285714285,-7.48650767867163,0.0005605973318653823
5.714285714285714,0.67573498880583,-0.39195430819613525,0.6262626262626262,0.14285714285714285,-7.603246752411038,0.0004988292264197857
5.714285714285714,0.750616249262273,-0.2868607441511999,0.6363636363636362,0.14285714285714285,-7.720486845231132,0.0004436445650775793
5.714285714285714,0.833795441985706,-0.18176718010626372,0.6464646464646464,0.14285714285714285,-7.838238731168394,0.0003943630086190302
5.714285714285714,0.926192098504948,-0.07667361606132911,0.6565656565656565,0.14285714285714285,-7.956517923204665,0.00035037101460327414
5.714285714285714,1.02882764781018,0.028419947983610284,0.666666666666667,0.14285714285714285,-8.075351210174302,0.0003111139823572613
5.714285714285714,1.142836708073,0.1335135120285407,0.6767676767676766,0.14285714285714285,-8.19478492434013,0.0002760896504993449
5.714285714285714,1.2694796296533,0.23860707607348014,0.686868686868687,0.14285714285714285,-8.314894518728767,0.0002448427185354681
5.714285714285714,1.41015642805352,0.3437006401184105,0.6969696969696967,0.14285714285714285,-8.435794501542993,0.00021696066209117072
5.714285714285714,1.56642226084696,0.44879420416335164,0.7070707070707073,0.14285714285714285,-8.557647065460973,0.00019207069214211396
5.714285714285714,1.74000461967455,0.5538877682082868,0.7171717171717173,0.14285714285714285,-8.680666878645528,0.00016983776864378677
5.714285714285714,1.93282242736499,0.6589813322532224,0.7272727272727274,0.14285714285714285,-8.805118524512807,0.00014996351534110247
5.714285714285714,2.14700725129329,0.7640748962981553,0.7373737373737373,0.14285714285714285,-8.931302097809665,0.00013218579359121008
5.714285714285714,2.38492686748792,0.8691684603430914,0.7474747474747475,0.14285714285714285,-9.059521713389538,0.00011627857777453634
5.714285714285714,2.64921143598352,0.9742620243880249,0.7575757575757573,0.14285714285714285,-9.19003167257327,0.00010205163241864831
5.714285714285714,2.94278257678333,1.0793555884329629,0.7676767676767676,0.14285714285714285,-9.322956839186272,8.934932783789697e-05
5.714285714285714,3.26888566786082,1.184449152477898,0.7777777777777777,0.14285714285714285,-9.458189225903961,7.80477900532543e-05
5.714285714285714,3.63112572224959,1.289542716522833,0.7878787878787878,0.14285714285714285,-9.595273779978044,6.804959502808483e-05
5.714285714285714,4.0335072408363,1.3946362805677694,0.797979797979798,0.14285714285714285,-9.733312382575441,5.927562496554437e-05
5.714285714285714,4.48047848142245,1.4997298446127043,0.808080808080808,0.14285714285714285,-9.870929452298927,5.1654695720090415e-05
5.714285714285714,4.97698063344183,1.6048234086576407,0.8181818181818182,0.14285714285714285,-10.006341655611001,4.511293003173933e-05
5.714285714285714,5.52850244195146,1.7099169727025751,0.8282828282828283,0.14285714285714285,-10.137546065042175,3.956577563436089e-05
5.714285714285714,6.14114088475497,1.8150105367475111,0.8383838383838383,0.14285714285714285,-10.262591058345862,3.4915103464485535e-05
5.714285714285714,6.8216685734332,1.9201041007924453,0.8484848484848483,0.14285714285714285,-10.37985077924486,3.1051893186768245e-05
5.714285714285714,7.57760862338904,2.0251976648373815,0.8585858585858586,0.14285714285714285,-10.488218812248688,2.7862779936044038e-05
5.714285714285714,8.41731782058148,2.1302912288823177,0.8686868686868686,0.14285714285714285,-10.587174835626412,2.523761959319701e-05
5.714285714285714,9.35007900434302,2.2353847929272526,0.8787878787878787,0.14285714285714285,-10.676732276119392,2.307565768046881e-05
5.714285714285714,10.3862036875563,2.3404783569721936,0.8888888888888893,0.14285714285714285,-10.757312156464856,2.128916805828207e-05
5.714285714285714,11.5371460486378,2.445571921017128,0.8989898989898993,0.14285714285714285,-10.829595273275151,1.980462080947996e-05
5.714285714285714,12.8156295554912,2.550665485062058,0.909090909090909,0.14285714285714285,-10.89439032027241,1.8562069747192447e-05
5.714285714285714,14.2357876212352,2.6557590491069942,0.919191919191919,0.14285714285714285,-10.952535309891651,1.751355667324894e-05
5.714285714285714,15.8133198466305,2.7608526131519304,0.9292929292929293,0.14285714285714285,-11.004834095027363,1.6621158014070692e-05
5.714285714285714,17.5656655764397,2.865946177196865,0.9393939393939392,0.14285714285714285,-11.052021730003876,1.5855062151247554e-05
5.714285714285714,19.5121966883548,2.9710397412417997,0.9494949494949493,0.14285714285714285,-11.09475015896942,1.5191869736524607e-05
5.714285714285714,21.6744317457404,3.0761333052867346,0.9595959595959593,0.14285714285714285,-11.133586584316998,1.4613181642980448e-05
5.714285714285714,24.0762738816144,3.1812268693316703,0.9696969696969694,0.14285714285714285,-11.169018808754632,1.4104469729046791e-05
5.714285714285714,26.744275043632,3.2863204333766105,0.97979797979798,0.14285714285714285,-11.201463772731138,1.365419479259012e-05
5.714285714285714,29.707929521255,3.3914139974215445,0.98989898989899,0.14285714285714285,-11.231277016304547,1.3253127226245654e-05
5.714285714285714,33.0,3.4965075614664802,1.0,0.14285714285714285,-11.258761830199507,1.2893827748610076e-05
6.530612244897959,0.001,-6.907755278982137,0.0,0.163265306122449,4.825624321556077,124.66427468655142
6.530612244897959,0.001110814537795,-6.802661714937222,0.010101010101008117,0.163265306122449,3.167410180166062,23.745907032750758
6.530612244897959,0.0012339089373767,-6.697568150892323,0.020202020202014698,0.163265306122449,1.980168466636605,7.243963248495461
6.530612244897959,0.0013706439859533,-6.592474586847349,0.030303030303028534,0.163265306122449,1.2152669182115436,3.371193777255174
6.530612244897959,0.0015225312657382,-6.487381022802441,0.04040404040403597,0.163265306122449,0.6993795163099462,2.0125035943269314
6.530612244897959,0.0016912498642295,-6.382287458757476,0.05050505050504887,0.163265306122449,0.3132121693243762,1.3678117079291432
6.530612244897959,0.00187866493623,-6.277193894712534,0.06060606060605963,0.163265306122449,-0.003995426761747231,0.996012544336244
6.530612244897959,0.00208684832281,-6.172100330667619,0.07070707070706775,0.163265306122449,-0.2811096136836477,0.7549455785788249
6.530612244897959,0.0023181014551505,-6.067006766622687,0.08080808080807748,0.163265306122449,-0.5319687343366974,0.5874473028069769
6.530612244897959,0.002574980796465,-5.961913202577741,0.0909090909090886,0.163265306122449,-0.7635476954069351,0.4660102285557483
6.530612244897959,0.0028603261032564,-5.856819638532781,0.10101010101010106,0.163265306122449,-0.9796978421239096,0.37542451919046305
6.530612244897959,0.0031772918183317,-5.751726074487876,0.11111111111110823,0.163265306122449,-1.182843797749128,0.30640614134906435
6.530612244897959,0.0035293819426201,-5.646632510442922,0.1212121212121201,0.163265306122449,-1.3747457996730978,0.2529038758823161
6.530612244897959,0.0039204887712936,-5.541538946397998,0.13131313131312908,0.163265306122449,-1.5568330720799717,0.21080261187771002
6.530612244897959,0.0043549359224151,-5.436445382353058,0.14141414141413966,0.163265306122449,-1.7303422821054897,0.1772237390726364
6.530612244897959,0.0048375261337845,-5.331351818308116,0.15151515151515035,0.163265306122449,-1.896370763514007,0.15011242531624697
6.530612244897959,0.0053735943563712,-5.2262582542631755,0.16161616161616094,0.163265306122449,-2.0558955217754264,0.12797817700128472
6.530612244897959,0.0059690667312704,-5.121164690218244,0.17171717171717069,0.163265306122449,-2.20978085196054,0.10972469183198766
6.530612244897959,0.0066305261021638,-5.016071126173304,0.18181818181818118,0.163265306122449,-2.3587839267078374,0.0945351149522105
6.530612244897959,0.0073652847875129,-4.910977562128371,0.19191919191919102,0.163265306122449,-2.5035614889370197,0.08179317378333885
6.530612244897959,0.0081814654169699,-4.80588399808343,0.20202020202020168,0.163265306122449,-2.644678126928332,0.07102821212950275
6.530612244897959,0.0090880907256374,-4.700790434038493,0.21212121212121193,0.163265306122449,-2.782615652438481,0.06187644824183932
6.530612244897959,0.0100951832988382,-4.595696869993551,0.22222222222222263,0.163265306122449,-2.9177829036214136,0.05405339613713181
6.530612244897959,0.0112138763700549,-4.490603305948624,0.23232323232323193,0.163265306122449,-3.050525390967596,0.047334048975262374
6.530612244897959,0.0124565368968931,-4.385509741903686,0.24242424242424226,0.163265306122449,-3.181134381746632,0.04153850785963426
6.530612244897959,0.013836902275649,-4.280416177858747,0.2525252525252527,0.163265306122449,-3.3098551871553936,0.036521462147640266
6.530612244897959,0.0153702322058399,-4.175322613813814,0.26262626262626254,0.163265306122449,-3.4368945471572254,0.03216441546954242
6.530612244897959,0.0170734773835322,-4.07022904976888,0.2727272727272725,0.163265306122449,-3.562427097831734,0.028369884600426682
6.530612244897959,0.0189654668883421,-3.9651354857239447,0.2828282828282826,0.163265306122449,-3.6866009617184123,0.025057027253298045
6.530612244897959,0.0210671163356406,-3.8600419216790063,0.292929292929293,0.163265306122449,-3.8095425320966245,0.022158313355932744
6.530612244897959,0.0234016590950486,-3.7549483576340705,0.3030303030303031,0.163265306122449,-3.931360535488292,0.01961696481197104
6.530612244897959,0.0259949031313031,-3.649854793589135,0.3131313131313132,0.163265306122449,-4.05214945919268,0.017384966174553557
6.530612244897959,0.0288755163068248,-3.5447612295442013,0.32323232323232315,0.163265306122449,-4.17199242686907,0.015421503276210443
6.530612244897959,0.0320753432999582,-3.4396676654992664,0.33333333333333315,0.163265306122449,-4.290963598113234,0.01369172561782089
6.530612244897959,0.0356297576423598,-3.3345741014543298,0.34343434343434337,0.163265306122449,-4.409130159581353,0.012165755995095576
6.530612244897959,0.0395780527672466,-3.229480537409394,0.3535353535353535,0.163265306122449,-4.526553966695249,0.010817890726177625
6.530612244897959,0.0439638763914761,-3.1243869733644574,0.3636363636363637,0.163265306122449,-4.643292886998155,0.009625948222877352
6.530612244897959,0.048835713033475,-3.019293409319523,0.3737373737373737,0.163265306122449,-4.759401889165612,0.008570734113703208
6.530612244897959,0.0542474200011699,-2.914199845274587,0.3838383838383838,0.163265306122449,-4.87493391563449,0.007635598795889164
6.530612244897959,0.060258822775172,-2.8091062812296523,0.3939393939393938,0.163265306122449,-4.989940571769989,0.0068060689528434345
6.530612244897959,0.0669363763690749,-2.7040127171847166,0.404040404040404,0.163265306122449,-5.104472660322334,0.006069538780005012
6.530612244897959,0.0743538999780876,-2.5989191531397813,0.4141414141414141,0.163265306122449,-5.218580586439853,0.005415009812472611
6.530612244897959,0.0825933930374168,-2.493825589094845,0.42424242424242425,0.163265306122449,-5.332314655469044,0.004832870625463801
6.530612244897959,0.0917459417117808,-2.38873202504991,0.4343434343434343,0.163265306122449,-5.445725282928357,0.004314709487381846
6.530612244897959,0.101912725837141,-2.283638461004973,0.44444444444444453,0.163265306122449,-5.558863133136794,0.003853154432110511
6.530612244897959,0.113206137446215,-2.1785448969600347,0.4545454545454549,0.163265306122449,-5.671779199784028,0.0034417362889116706
6.530612244897959,0.125751023242877,-2.0734513329151003,0.46464646464646486,0.163265306122449,-5.784524838077041,0.003074771042937559
6.530612244897959,0.139686064760787,-1.9683577688701692,0.47474747474747453,0.163265306122449,-5.897151753910161,0.0027472585542000372
6.530612244897959,0.155165311463659,-1.8632642048252352,0.48484848484848453,0.163265306122449,-6.009711950825288,0.002454795180309435
6.530612244897959,0.172359883735326,-1.7581706407802946,0.49494949494949514,0.163265306122449,-6.12225763055655,0.0021934982601196818
6.530612244897959,0.19145986458586,-1.6530770767353593,0.5050505050505052,0.163265306122449,-6.234841038070624,0.001959940745527115
6.530612244897959,0.212676400986239,-1.5479835126904273,0.5151515151515149,0.163265306122449,-6.347514237804776,0.0017510945353186116
6.530612244897959,0.236244038061438,-1.442889948645492,0.5252525252525251,0.163265306122449,-6.460328805066199,0.0015642812822149528
6.530612244897959,0.262423311946047,-1.3377963846005527,0.5353535353535355,0.163265306122449,-6.573335416294322,0.001397129623044224
6.530612244897959,0.291503629965987,-1.2327028205556183,0.5454545454545455,0.163265306122449,-6.686583325295513,0.0012475379308678936
6.530612244897959,0.323806469986239,-1.1276092565106834,0.5555555555555556,0.163265306122449,-6.800119720970679,0.0011136418135845975
6.530612244897959,0.359688934292802,-1.0225156924657481,0.5656565656565656,0.163265306122449,-6.913988976861741,0.0009937856913053295
6.530612244897959,0.399547697296443,-0.9174221284208132,0.5757575757575757,0.163265306122449,-7.0282318253478895,0.0008864978786985692
6.530612244897959,0.443823390699414,-0.8123285643758777,0.5858585858585857,0.163265306122449,-7.142884520517062,0.0007904686816409787
6.530612244897959,0.49300547460239,-0.707235000330941,0.5959595959595959,0.163265306122449,-7.257978093939991,0.0007045310921630538
6.530612244897959,0.547637648400869,-0.6021414362860068,0.606060606060606,0.163265306122449,-7.373537855897731,0.0006276437334496129
6.530612244897959,0.608323861287565,-0.49704787224107067,0.6161616161616161,0.163265306122449,-7.4895833482209655,0.0005588757685593724
6.530612244897959,0.67573498880583,-0.39195430819613525,0.6262626262626262,0.163265306122449,-7.6061290080193436,0.0004973935430814266
6.530612244897959,0.750616249262273,-0.2868607441511999,0.6363636363636362,0.163265306122449,-7.723185844328192,0.00044244878322998176
6.530612244897959,0.833795441985706,-0.18176718010626372,0.6464646464646464,0.163265306122449,-7.840764446860745,0.00039336821658943286
6.530612244897959,0.926192098504948,-0.07667361606132911,0.6565656565656565,0.163265306122449,-7.958879616132584,0.0003495445222007223
6.530612244897959,1.02882764781018,0.028419947983610284,0.666666666666667,0.163265306122449,-8.077556799339394,0.0003104285488988349
6.530612244897959,1.142836708073,0.1335135120285407,0.6767676767676766,0.163265306122449,-8.196840303754433,0.00027552276429789233
6.530612244897959,1.2694796296533,0.23860707607348014,0.686868686868687,0.163265306122449,-8.316802905390373,0.0002443759095249424
6.530612244897959,1.41015642805352,0.3437006401184105,0.6969696969696967,0.163265306122449,-8.437555947591505,0.00021657883397378655
6.530612244897959,1.56642226084696,0.44879420416335164,0.7070707070707073,0.163265306122449,-8.559258319903108,0.00019176146657363081
6.530612244897959,1.74000461967455,0.5538877682082868,0.7171717171717173,0.163265306122449,-8.682121835485631,0.00016959084169817487
6.530612244897959,1.93282242736499,0.6589813322532224,0.7272727272727274,0.163265306122449,-8.806409534770161,0.00014977003582346195
6.530612244897959,2.14700725129329,0.7640748962981553,0.7373737373737373,0.163265306122449,-8.932422436939122,0.00013203778360046495
6.530612244897959,2.38492686748792,0.8691684603430914,0.7474747474747475,0.163265306122449,-9.0604694527975,0.00011616842818887393
6.530612244897959,2.64921143598352,0.9742620243880249,0.7575757575757573,0.163265306122449,-9.190815043677734,0.00010197171942350042
6.530612244897959,2.94278257678333,1.0793555884329629,0.7676767676767676,0.163265306122449,-9.323600798217418,8.929180905316703e-05
6.530612244897959,3.26888566786082,1.184449152477898,0.7777777777777777,0.163265306122449,-9.458742218071677,7.800464216796818e-05
6.530612244897959,3.63112572224959,1.289542716522833,0.7878787878787878,0.163265306122449,-9.595812694171578,6.801293201545623e-05
6.530612244897959,4.0335072408363,1.3946362805677694,0.797979797979798,0.163265306122449,-9.733942804434141,5.923826809240991e-05
6.530612244897959,4.48047848142245,1.4997298446127043,0.808080808080808,0.163265306122449,-9.871778473571634,5.161085839663223e-05
6.530612244897959,4.97698063344183,1.6048234086576407,0.8181818181818182,0.163265306122449,-10.007542562822078,4.5058786106173836e-05
6.530612244897959,5.52850244195146,1.7099169727025751,0.8282828282828283,0.163265306122449,-10.139217921747061,3.94996825915257e-05
6.530612244897959,6.14114088475497,1.8150105367475111,0.8383838383838383,0.163265306122449,-10.264819432265789,3.48373861822559e-05
6.530612244897959,6.8216685734332,1.9201041007924453,0.8484848484848483,0.163265306122449,-10.382676089659707,3.0964285766901127e-05
6.530612244897959,7.57760862338904,2.0251976648373815,0.8585858585858586,0.163265306122449,-10.491635444334033,2.7767745509410942e-05
6.530612244897959,8.41731782058148,2.1302912288823177,0.8686868686868686,0.163265306122449,-10.591139539304482,2.5137758001589187e-05
6.530612244897959,9.35007900434302,2.2353847929272526,0.8787878787878787,0.163265306122449,-10.681177380643554,2.297331160813082e-05
6.530612244897959,10.3862036875563,2.3404783569721936,0.8888888888888893,0.163265306122449,-10.762158941914034,2.11862336802403e-05
6.530612244897959,11.5371460486378,2.445571921017128,0.8989898989898993,0.163265306122449,-10.834764525557597,1.970250987412726e-05
6.530612244897959,12.8156295554912,2.550665485062058,0.909090909090909,0.163265306122449,-10.899809101653567,1.846175797847897e-05
6.530612244897959,14.2357876212352,2.6557590491069942,0.919191919191919,0.163265306122449,-10.958140341713019,1.7415667223807158e-05
6.530612244897959,15.8133198466305,2.7608526131519304,0.9292929292929293,0.163265306122449,-11.010572710319716,1.6526048741287218e-05
6.530612244897959,17.5656655764397,2.865946177196865,0.9393939393939392,0.163265306122449,-11.057851367738817,1.5762901774449167e-05
6.530612244897959,19.5121966883548,2.9710397412417997,0.9494949494949493,0.163265306122449,-11.100637146214298,1.5102698126756549e-05
6.530612244897959,21.6744317457404,3.0761333052867346,0.9595959595959593,0.163265306122449,-11.139504688883829,1.4526954707640363e-05
6.530612244897959,24.0762738816144,3.1812268693316703,0.9696969696969694,0.163265306122449,-11.174947831615688,1.4021091425765162e-05
6.530612244897959,26.744275043632,3.2863204333766105,0.97979797979798,0.163265306122449,-11.20738830560028,1.3573539225935625e-05
6.530612244897959,29.707929521255,3.3914139974215445,0.98989898989899,0.163265306122449,-11.237185404539213,1.3175053477402375e-05
6.530612244897959,33.0,3.4965075614664802,1.0,0.163265306122449,-11.264645336557077,1.2818189558153545e-05
7.346938775510204,0.001,-6.907755278982137,0.0,0.1836734693877551,4.785848673674299,119.80299359895729
7.346938775510204,0.001110814537795,-6.802661714937222,0.010101010101008117,0.1836734693877551,3.1313508742253124,22.904900292154753
7.346938775510204,0.0012339089373767,-6.697568150892323,0.020202020202014698,0.1836734693877551,1.9494853905451468,7.02507148202417
7.346938775510204,0.0013706439859533,-6.592474586847349,0.030303030303028534,0.1836734693877551,1.188481767592683,3.2820944406618957
7.346938775510204,0.0015225312657382,-6.487381022802441,0.04040404040403597,0.1836734693877551,0.6749022259921743,1.9638409539818173
7.346938775510204,0.0016912498642295,-6.382287458757476,0.05050505050504887,0.1836734693877551,0.2901382183380932,1.336612219578199
7.346938775510204,0.00187866493623,-6.277193894712534,0.06060606060605963,0.1836734693877551,-0.026092957687455995,0.9742445218815605
7.346938775510204,0.00208684832281,-6.172100330667619,0.07070707070706775,0.1836734693877551,-0.3024177489094749,0.7390292717226861
7.346938775510204,0.0023181014551505,-6.067006766622687,0.08080808080807748,0.1836734693877551,-0.5525694428327133,0.5754692737170748
7.346938775510204,0.002574980796465,-5.961913202577741,0.0909090909090886,0.1836734693877551,-0.7834835679388102,0.45681190102908353
7.346938775510204,0.0028603261032564,-5.856819638532781,0.10101010101010106,0.1836734693877551,-0.9990012514498599,0.36824704377066325
7.346938775510204,0.0031772918183317,-5.751726074487876,0.11111111111110823,0.1836734693877551,-1.2015479604857997,0.3007283358455087
7.346938775510204,0.0035293819426201,-5.646632510442922,0.1212121212121201,0.1836734693877551,-1.3928873547102851,0.24835717312672678
7.346938775510204,0.0039204887712936,-5.541538946397998,0.13131313131312908,0.1836734693877551,-1.5744511193008581,0.20712120631968683
7.346938775510204,0.0043549359224151,-5.436445382353058,0.14141414141413966,0.1836734693877551,-1.7474763463785856,0.174213042526082
7.346938775510204,0.0048375261337845,-5.331351818308116,0.15151515151515035,0.1836734693877551,-1.9130588175184227,0.14762812775606468
7.346938775510204,0.0053735943563712,-5.2262582542631755,0.16161616161616094,0.1836734693877551,-2.0721724983677263,0.12591194086734572
7.346938775510204,0.0059690667312704,-5.121164690218244,0.17171717171717069,0.1836734693877551,-2.225677727601911,0.10799420317522454
7.346938775510204,0.0066305261021638,-5.016071126173304,0.18181818181818118,0.1836734693877551,-2.374327304634204,0.0930770806766416
7.346938775510204,0.0073652847875129,-4.910977562128371,0.19191919191919102,0.1836734693877551,-2.518773561352827,0.08055834605726134
7.346938775510204,0.0081814654169699,-4.80588399808343,0.20202020202020168,0.1836734693877551,-2.659576895591579,0.06997782340749216
7.346938775510204,0.0090880907256374,-4.700790434038493,0.21212121212121193,0.1836734693877551,-2.7972153068565864,0.06097963598496713
7.346938775510204,0.0100951832988382,-4.595696869993551,0.22222222222222263,0.1836734693877551,-2.9320942806078794,0.05328532678199283
7.346938775510204,0.0112138763700549,-4.490603305948624,0.23232323232323193,0.1836734693877551,-3.0645564617883965,0.046674539215750405
7.346938775510204,0.0124565368968931,-4.385509741903686,0.24242424242424226,0.1836734693877551,-3.19489073120369,0.040971001983572085
7.346938775510204,0.013836902275649,-4.280416177858747,0.2525252525252527,0.1836734693877551,-3.323340462512698,0.03603226605954846
7.346938775510204,0.0153702322058399,-4.175322613813814,0.26262626262626254,0.1836734693877551,-3.450110864461303,0.031742117110276635
7.346938775510204,0.0170734773835322,-4.07022904976888,0.2727272727272725,0.1836734693877551,-3.5753753997793525,0.02800491076335757
7.346938775510204,0.0189654668883421,-3.9651354857239447,0.2828282828282826,0.1836734693877551,-3.6992813255897348,0.024741301022437975
7.346938775510204,0.0210671163356406,-3.8600419216790063,0.292929292929293,0.1836734693877551,-3.8219544290587453,0.021884986415558683
7.346938775510204,0.0234016590950486,-3.7549483576340705,0.3030303030303031,0.1836734693877551,-3.943503044276761,0.019380205976439187
7.346938775510204,0.0259949031313031,-3.649854793589135,0.3131313131313132,0.1836734693877551,-4.064021438152924,0.017179792540264537
7.346938775510204,0.0288755163068248,-3.5447612295442013,0.32323232323232315,0.1836734693877551,-4.18359264883303,0.015243644013120622
7.346938775510204,0.0320753432999582,-3.4396676654992664,0.33333333333333315,0.1836734693877551,-4.30229085276786,0.01353751101800202
7.346938775510204,0.0356297576423598,-3.3345741014543298,0.34343434343434337,0.1836734693877551,-4.420183327967503,0.012032026275596323
7.346938775510204,0.0395780527672466,-3.229480537409394,0.3535353535353535,0.1836734693877551,-4.537332072332464,0.010701920449767177
7.346938775510204,0.0439638763914761,-3.1243869733644574,0.3636363636363637,0.1836734693877551,-4.653795127910411,0.009525383199019617
7.346938775510204,0.048835713033475,-3.019293409319523,0.3737373737373737,0.1836734693877551,-4.769627654815589,0.008483538376604689
7.346938775510204,0.0542474200011699,-2.914199845274587,0.3838383838383838,0.1836734693877551,-4.884882792477201,0.007560009800136367
7.346938775510204,0.060258822775172,-2.8091062812296523,0.3939393939393938,0.1836734693877551,-4.999612340821277,0.006740559532438962
7.346938775510204,0.0669363763690749,-2.7040127171847166,0.404040404040404,0.1836734693877551,-5.113867289809847,0.006012784721105468
7.346938775510204,0.0743538999780876,-2.5989191531397813,0.4141414141414141,0.1836734693877551,-5.22769822226766,0.005365862120850898
7.346938775510204,0.0825933930374168,-2.493825589094845,0.42424242424242425,0.1836734693877551,-5.341155611885998,0.004790331746162697
7.346938775510204,0.0917459417117808,-2.38873202504991,0.4343434343434343,0.1836734693877551,-5.4542900354495005,0.004277912870315518
7.346938775510204,0.101912725837141,-2.283638461004973,0.44444444444444453,0.1836734693877551,-5.567152315433019,0.003821346943767476
7.346938775510204,0.113206137446215,-2.1785448969600347,0.4545454545454549,0.1836734693877551,-5.679793605935889,0.0034142630543068956
7.346938775510204,0.125751023242877,-2.0734513329151003,0.46464646464646486,0.1836734693877551,-5.792265431291939,0.003051062369044207
7.346938775510204,0.139686064760787,-1.9683577688701692,0.47474747474747453,0.1836734693877551,-5.904619682534391,0.00272681864030832
7.346938775510204,0.155165311463659,-1.8632642048252352,0.48484848484848453,0.1836734693877551,-6.016908572244687,0.002437192365105796
7.346938775510204,0.172359883735326,-1.7581706407802946,0.49494949494949514,0.1836734693877551,-6.12918454336417,0.0021783565919797155
7.346938775510204,0.19145986458586,-1.6530770767353593,0.5050505050505052,0.1836734693877551,-6.241500122666568,0.0019469326932283681
7.346938775510204,0.212676400986239,-1.5479835126904273,0.5151515151515149,0.1836734693877551,-6.353907705345477,0.0017399346823397943
7.346938775510204,0.236244038061438,-1.442889948645492,0.5252525252525251,0.1836734693877551,-6.466459254342538,0.0015547208699136696
7.346938775510204,0.262423311946047,-1.3377963846005527,0.5353535353535355,0.1836734693877551,-6.5792058976160295,0.0013889518269733113
7.346938775510204,0.291503629965987,-1.2327028205556183,0.5454545454545455,0.1836734693877551,-6.692197409703825,0.001240553770797363
7.346938775510204,0.323806469986239,-1.1276092565106834,0.5555555555555556,0.1836734693877551,-6.805481571995966,0.001107686611804402
7.346938775510204,0.359688934292802,-1.0225156924657481,0.5656565656565656,0.1836734693877551,-6.919103420499471,0.0009887160057605237
7.346938775510204,0.399547697296443,-0.9174221284208132,0.5757575757575757,0.1836734693877551,-7.033104411887379,0.0008821888476563142
7.346938775510204,0.443823390699414,-0.8123285643758777,0.5858585858585857,0.1836734693877551,-7.147521569328826,0.0007868117250758081
7.346938775510204,0.49300547460239,-0.707235000330941,0.5959595959595959,0.1836734693877551,-7.262386709422256,0.000701431922026722
7.346938775510204,0.547637648400869,-0.6021414362860068,0.606060606060606,0.1836734693877551,-7.377725899774166,0.0006250206306240572
7.346938775510204,0.608323861287565,-0.49704787224107067,0.6161616161616161,0.1836734693877551,-7.493559350767835,0.000556658088752011
7.346938775510204,0.67573498880583,-0.39195430819613525,0.6262626262626262,0.1836734693877551,-7.6099019993652695,0.0004955204174133958
7.346938775510204,0.750616249262273,-0.2868607441511999,0.6363636363636362,0.1836734693877551,-7.726765087836185,0.00044086798201885735
7.346938775510204,0.833795441985706,-0.18176718010626372,0.6464646464646464,0.1836734693877551,-7.844159061240887,0.00039203514709327305
7.346938775510204,0.926192098504948,-0.07667361606132911,0.6565656565656565,0.1836734693877551,-7.9620980830979695,0.0003484213331460706
7.346938775510204,1.02882764781018,0.028419947983610284,0.666666666666667,0.1836734693877551,-8.080606371149187,0.00030948331675635166
7.346938775510204,1.142836708073,0.1335135120285407,0.6767676767676766,0.1836734693877551,-8.199726351449188,0.00027472873880799294
7.346938775510204,1.2694796296533,0.23860707607348014,0.686868686868687,0.1836734693877551,-8.31952828464647,0.00024371079924100496
7.346938775510204,1.41015642805352,0.3437006401184105,0.6969696969696967,0.1836734693877551,-8.440120504126405,0.00021602411691545547
7.346938775510204,1.56642226084696,0.44879420416335164,0.7070707070707073,0.1836734693877551,-8.561658707331006,0.0001913017167696881
7.346938775510204,1.74000461967455,0.5538877682082868,0.7171717171717173,0.1836734693877551,-8.684351869944345,0.00016921306965619792
7.346938775510204,1.93282242736499,0.6589813322532224,0.7272727272727274,0.1836734693877551,-8.808461353826974,0.0001494630498573474
7.346938775510204,2.14700725129329,0.7640748962981553,0.7373737373737373,0.1836734693877551,-8.934288750968522,0.0001317915894417872
7.346938775510204,2.38492686748792,0.8691684603430914,0.7474747474747475,0.1836734693877551,-9.062147147604161,0.0001159736964161207
7.346938775510204,2.64921143598352,0.9742620243880249,0.7575757575757573,0.1836734693877551,-9.192310256991505,0.00010181936388139246
7.346938775510204,2.94278257678333,1.0793555884329629,0.7676767676767676,0.1836734693877551,-9.324935250055553,8.917273290281002e-05
7.346938775510204,3.26888566786082,1.184449152477898,0.7777777777777777,0.1836734693877551,-9.45995991008753,7.790971434615583e-05
7.346938775510204,3.63112572224959,1.289542716522833,0.7878787878787878,0.1836734693877551,-9.596985109134868,6.793323936182233e-05
7.346938775510204,4.0335072408363,1.3946362805677694,0.797979797979798,0.1836734693877551,-9.735169804767215,5.916562729198652e-05
7.346938775510204,4.48047848142245,1.4997298446127043,0.808080808080808,0.1836734693877551,-9.873182090081382,5.1538467360216425e-05
7.346938775510204,4.97698063344183,1.6048234086576407,0.8181818181818182,0.1836734693877551,-10.009252712882347,4.498179467261525e-05
7.346938775510204,5.52850244195146,1.7099169727025751,0.8282828282828283,0.1836734693877551,-10.141352669310509,3.9415450679279304e-05
7.346938775510204,6.14114088475497,1.8150105367475111,0.8383838383838383,0.1836734693877551,-10.26746576304407,3.474531681170208e-05
7.346938775510204,6.8216685734332,1.9201041007924453,0.8484848484848483,0.1836734693877551,-10.385877713551977,3.0865308298642824e-05
7.346938775510204,7.57760862338904,2.0251976648373815,0.8585858585858586,0.1836734693877551,-10.495391078057407,2.76636556120652e-05
7.346938775510204,8.41731782058148,2.1302912288823177,0.8686868686868686,0.1836734693877551,-10.59541053411052,2.503062371557504e-05
7.346938775510204,9.35007900434302,2.2353847929272526,0.8787878787878787,0.1836734693877551,-10.685900422142073,2.2865063535342337e-05
7.346938775510204,10.3862036875563,2.3404783569721936,0.8888888888888893,0.1836734693877551,-10.767259178408851,2.107845396269513e-05
7.346938775510204,11.5371460486378,2.445571921017128,0.8989898989898993,0.1836734693877551,-10.840166068790637,1.959637282523222e-05
7.346938775510204,12.8156295554912,2.550665485062058,0.909090909090909,0.1836734693877551,-10.905441838334035,1.8358060082772778e-05
7.346938775510204,14.2357876212352,2.6557590491069942,0.919191919191919,0.1836734693877551,-10.963943388648325,1.731489596246954e-05
7.346938775510204,15.8133198466305,2.7608526131519304,0.9292929292929293,0.1836734693877551,-11.016495439381398,1.6428458717046362e-05
7.346938775510204,17.5656655764397,2.865946177196865,0.9393939393939392,0.1836734693877551,-11.063852961667838,1.566858255479177e-05
7.346938775510204,19.5121966883548,2.9710397412417997,0.9494949494949493,0.1836734693877551,-11.10668543041187,1.5011628401749035e-05
7.346938775510204,21.6744317457404,3.0761333052867346,0.9595959595959593,0.1836734693877551,-11.145574723778035,1.4439042670154806e-05
7.346938775510204,24.0762738816144,3.1812268693316703,0.9696969696969694,0.1836734693877551,-11.181020537205438,1.3936203476125575e-05
7.346938775510204,26.744275043632,3.2863204333766105,0.97979797979798,0.1836734693877551,-11.213449245411223,1.3491519630663155e-05
7.346938775510204,29.707929521255,3.3914139974215445,0.98989898989899,0.1836734693877551,-11.243223770437623,1.3095737394540532e-05
7.346938775510204,33.0,3.4965075614664802,1.0,0.1836734693877551,-11.270653130852047,1.2741411376747571e-05
8.16326530612245,0.001,-6.907755278982137,0.0,0.20408163265306123,4.7440177391137555,114.89489329785074
8.16326530612245,0.001110814537795,-6.802661714937222,0.010101010101008117,0.20408163265306123,3.0936234602379282,22.05685549199711
8.16326530612245,0.0012339089373767,-6.697568150892323,0.020202020202014698,0.20408163265306123,1.9174605719020146,6.803659110234397
8.16326530612245,0.0013706439859533,-6.592474586847349,0.030303030303028534,0.20408163265306123,1.1605189557956654,3.1915891401005547
8.16326530612245,0.0015225312657382,-6.487381022802441,0.04040404040403597,0.20408163265306123,0.6493194241474592,1.9142376017039349
8.16326530612245,0.0016912498642295,-6.382287458757476,0.05050505050504887,0.20408163265306123,0.2659952028701817,1.3047287997184853
8.16326530612245,0.00187866493623,-6.277193894712534,0.06060606060605963,0.20408163265306123,-0.049235262127934595,0.9519571438884751
8.16326530612245,0.00208684832281,-6.172100330667619,0.07070707070706775,0.20408163265306123,-0.3247506420404192,0.7227075440537407
8.16326530612245,0.0023181014551505,-6.067006766622687,0.08080808080807748,0.20408163265306123,-0.5741770957475355,0.5631681116124755
8.16326530612245,0.002574980796465,-5.961913202577741,0.0909090909090886,0.20408163265306123,-0.8044105480958915,0.44735154107537717
8.16326530612245,0.0028603261032564,-5.856819638532781,0.10101010101010106,0.20408163265306123,-1.0192820966660754,0.3608539054277125
8.16326530612245,0.0031772918183317,-5.751726074487876,0.11111111111110823,0.20408163265306123,-1.221218193020618,0.29487073856619905
8.16326530612245,0.0035293819426201,-5.646632510442922,0.1212121212121201,0.20408163265306123,-1.4119859107354038,0.24365891749911076
8.16326530612245,0.0039204887712936,-5.541538946397998,0.13131313131312908,0.20408163265306123,-1.593019258971076,0.20331083605207015
8.16326530612245,0.0043549359224151,-5.436445382353058,0.14141414141413966,0.20408163265306123,-1.765555538285672,0.1710917120822279
8.16326530612245,0.0048375261337845,-5.331351818308116,0.15151515151515035,0.20408163265306123,-1.9306887267251296,0.14504826545744678
8.16326530612245,0.0053735943563712,-5.2262582542631755,0.16161616161616094,0.20408163265306123,-2.0893894955146792,0.12376267042340965
8.16326530612245,0.0059690667312704,-5.121164690218244,0.17171717171717069,0.20408163265306123,-2.2425139878155855,0.10619120513068551
8.16326530612245,0.0066305261021638,-5.016071126173304,0.18181818181818118,0.20408163265306123,-2.3908104153266785,0.09155545585913627
8.16326530612245,0.0073652847875129,-4.910977562128371,0.19191919191919102,0.20408163265306123,-2.5349265119516917,0.07926754426781732
8.16326530612245,0.0081814654169699,-4.80588399808343,0.20202020202020168,0.20408163265306123,-2.675418324964091,0.06887800897651006
8.16326530612245,0.0090880907256374,-4.700790434038493,0.21212121212121193,0.20408163265306123,-2.8127599058528756,0.06003906136383174
8.16326530612245,0.0100951832988382,-4.595696869993551,0.22222222222222263,0.20408163265306123,-2.9473532728014766,0.05247841835770676
8.16326530612245,0.0112138763700549,-4.490603305948624,0.23232323232323193,0.20408163265306123,-3.0795381086052505,0.04598048973751242
8.16326530612245,0.0124565368968931,-4.385509741903686,0.24242424242424226,0.20408163265306123,-3.20960082606558,0.04037272579576661
8.16326530612245,0.013836902275649,-4.280416177858747,0.2525252525252527,0.20408163265306123,-3.337782792303883,0.03551561598561637
8.16326530612245,0.0153702322058399,-4.175322613813814,0.26262626262626254,0.20408163265306123,-3.464287626291257,0.031295291430230306
8.16326530612245,0.0170734773835322,-4.07022904976888,0.2727272727272725,0.20408163265306123,-3.589287567579395,0.027617999374164596
8.16326530612245,0.0189654668883421,-3.9651354857239447,0.2828282828282826,0.20408163265306123,-3.7129289653878916,0.0244059343451318
8.16326530612245,0.0210671163356406,-3.8600419216790063,0.292929292929293,0.20408163265306123,-3.835336964499747,0.021594060812189418
8.16326530612245,0.0234016590950486,-3.7549483576340705,0.3030303030303031,0.20408163265306123,-3.956619475596417,0.019127666663642132
8.16326530612245,0.0259949031313031,-3.649854793589135,0.3131313131313132,0.20408163265306123,-4.076870518737981,0.01696046012901316
8.16326530612245,0.0288755163068248,-3.5447612295442013,0.32323232323232315,0.20408163265306123,-4.196173023948132,0.015053074484771098
8.16326530612245,0.0320753432999582,-3.4396676654992664,0.33333333333333315,0.20408163265306123,-4.314601165179204,0.013371881594741444
8.16326530612245,0.0356297576423598,-3.3345741014543298,0.34343434343434337,0.20408163265306123,-4.432222295150582,0.011888041558810578
8.16326530612245,0.0395780527672466,-3.229480537409394,0.3535353535353535,0.20408163265306123,-4.549098539792217,0.010576734593018996
8.16326530612245,0.0439638763914761,-3.1243869733644574,0.3636363636363637,0.20408163265306123,-4.665288102913055,0.00941653490153487
8.16326530612245,0.048835713033475,-3.019293409319523,0.3737373737373737,0.20408163265306123,-4.780846324561,0.008388896233384272
8.16326530612245,0.0542474200011699,-2.914199845274587,0.3838383838383838,0.20408163265306123,-4.8958265304458175,0.007477726100693116
8.16326530612245,0.060258822775172,-2.8091062812296523,0.3939393939393938,0.20408163265306123,-5.010280704718938,0.0066690310150104145
8.16326530612245,0.0669363763690749,-2.7040127171847166,0.404040404040404,0.20408163265306123,-5.124260014212099,0.005950619101221076
8.16326530612245,0.0743538999780876,-2.5989191531397813,0.4141414141414141,0.20408163265306123,-5.237815208734199,0.005311849449821504
8.16326530612245,0.0825933930374168,-2.493825589094845,0.42424242424242425,0.20408163265306123,-5.350996918977908,0.004743419836255195
8.16326530612245,0.0917459417117808,-2.38873202504991,0.4343434343434343,0.20408163265306123,-5.4638558707402485,0.00423718616345313
8.16326530612245,0.101912725837141,-2.283638461004973,0.44444444444444453,0.20408163265306123,-5.576443031263801,0.003786008310018663
8.16326530612245,0.113206137446215,-2.1785448969600347,0.4545454545454549,0.20408163265306123,-5.688809700334124,0.0033836180928352765
8.16326530612245,0.125751023242877,-2.0734513329151003,0.46464646464646486,0.20408163265306123,-5.801007555156769,0.003024505853201156
8.16326530612245,0.139686064760787,-1.9683577688701692,0.47474747474747453,0.20408163265306123,-5.913088653902405,0.0027038228043010895
8.16326530612245,0.155165311463659,-1.8632642048252352,0.48484848484848453,0.20408163265306123,-6.025105398186569,0.002417296775240917
8.16326530612245,0.172359883735326,-1.7581706407802946,0.49494949494949514,0.20408163265306123,-6.13711044982532,0.002161159383154211
8.16326530612245,0.19145986458586,-1.6530770767353593,0.5050505050505052,0.20408163265306123,-6.249156592337276,0.0019320829828330397
8.16326530612245,0.212676400986239,-1.5479835126904273,0.5151515151515149,0.20408163265306123,-6.361296523399348,0.0017271260003305236
8.16326530612245,0.236244038061438,-1.442889948645492,0.5252525252525251,0.20408163265306123,-6.473582561568104,0.0015436854664545824
8.16326530612245,0.262423311946047,-1.3377963846005527,0.5353535353535355,0.20408163265306123,-6.5860662500197105,0.001379455738469309
8.16326530612245,0.291503629965987,-1.2327028205556183,0.5454545454545455,0.20408163265306123,-6.6987978430002055,0.0012323925418354607
8.16326530612245,0.323806469986239,-1.1276092565106834,0.5555555555555556,0.20408163265306123,-6.811825668432022,0.0011006815848958957
8.16326530612245,0.359688934292802,-1.0225156924657481,0.5656565656565656,0.20408163265306123,-6.925195374094694,0.000982711103099852
8.16326530612245,0.399547697296443,-0.9174221284208132,0.5757575757575757,0.20408163265306123,-7.038949086347573,0.0008770477795989285
8.16326530612245,0.443823390699414,-0.8123285643758777,0.5858585858585857,0.20408163265306123,-7.153124540597666,0.0007824155688555297
8.16326530612245,0.49300547460239,-0.707235000330941,0.5959595959595959,0.20408163265306123,-7.267754282154952,0.0006976770215341059
8.16326530612245,0.547637648400869,-0.6021414362860068,0.606060606060606,0.20408163265306123,-7.382865084181085,0.0006218167740016256
8.16326530612245,0.608323861287565,-0.49704787224107067,0.6161616161616161,0.20408163265306123,-7.498477783716427,0.0005539269252951514
8.16326530612245,0.67573498880583,-0.39195430819613525,0.6262626262626262,0.20408163265306123,-7.6146077920489,0.0004931940789846835
8.16326530612245,0.750616249262273,-0.2868607441511999,0.6363636363636362,0.20408163265306123,-7.731266582742896,0.00043888787710301034
8.16326530612245,0.833795441985706,-0.18176718010626372,0.6464646464646464,0.20408163265306123,-7.848464484951726,0.00039035089798022596
8.16326530612245,0.926192098504948,-0.07667361606132911,0.6565656565656565,0.20408163265306123,-7.966215090277282,0.0003469898287948975
8.16326530612245,1.02882764781018,0.028419947983610284,0.666666666666667,0.20408163265306123,-8.084541490756598,0.00030826785594871277
8.16326530612245,1.142836708073,0.1335135120285407,0.6767676767676766,0.20408163265306123,-8.203484370313582,0.0002736982405536861
8.16326530612245,1.2694796296533,0.23860707607348014,0.686868686868687,0.20408163265306123,-8.323111637011278,0.0002428390603787626
8.16326530612245,1.41015642805352,0.3437006401184105,0.6969696969696967,0.20408163265306123,-8.443528778190597,0.00021528910080022948
8.16326530612245,1.56642226084696,0.44879420416335164,0.7070707070707073,0.20408163265306123,-8.564888428817575,0.00019068486217509452
8.16326530612245,1.74000461967455,0.5538877682082868,0.7171717171717173,0.20408163265306123,-8.6873967735855,0.00016869861579296878
8.16326530612245,1.93282242736499,0.6589813322532224,0.7272727272727274,0.20408163265306123,-8.811313398694526,0.00014903738183380159
8.16326530612245,2.14700725129329,0.7640748962981553,0.7373737373737373,0.20408163265306123,-8.9369401620515,0.00013144261859791771
8.16326530612245,2.38492686748792,0.8691684603430914,0.7474747474747475,0.20408163265306123,-9.064593748916408,0.00011569030183642147
8.16326530612245,2.64921143598352,0.9742620243880249,0.7575757575757573,0.20408163265306123,-9.194556248143222,0.00010159093511156455
8.16326530612245,2.94278257678333,1.0793555884329629,0.7676767676767676,0.20408163265306123,-9.326999272421551,8.898886820336231e-05
8.16326530612245,3.26888566786082,1.184449152477898,0.7777777777777777,0.20408163265306123,-9.461881630366273,7.776013743670823e-05
8.16326530612245,3.63112572224959,1.289542716522833,0.7878787878787878,0.20408163265306123,-9.598830595389805,6.780798511537134e-05
8.16326530612245,4.0335072408363,1.3946362805677694,0.797979797979798,0.20408163265306123,-9.737033003757293,5.905549258826428e-05
8.16326530612245,4.48047848142245,1.4997298446127043,0.808080808080808,0.20408163265306123,-9.875179563789214,5.143562337499549e-05
8.16326530612245,4.97698063344183,1.6048234086576407,0.8181818181818182,0.20408163265306123,-10.011510421889987,4.488035342510147e-05
8.16326530612245,5.52850244195146,1.7099169727025751,0.8282828282828283,0.20408163265306123,-10.143987017314359,3.931175331290636e-05
8.16326530612245,6.14114088475497,1.8150105367475111,0.8383838383838383,0.20408163265306123,-10.270564560317506,3.46378147682453e-05
8.16326530612245,6.8216685734332,1.9201041007924453,0.8484848484848483,0.20408163265306123,-10.389487549538872,3.075409045785431e-05
8.16326530612245,7.57760862338904,2.0251976648373815,0.8585858585858586,0.20408163265306123,-10.49951482144394,2.7549812686021645e-05
8.16326530612245,8.41731782058148,2.1302912288823177,0.8686868686868686,0.20408163265306123,-10.600014170749011,2.491565665548461e-05
8.16326530612245,9.35007900434302,2.2353847929272526,0.8787878787878787,0.20408163265306123,-10.690925180691165,2.275046027983855e-05
8.16326530612245,10.3862036875563,2.3404783569721936,0.8888888888888893,0.20408163265306123,-10.772634347234227,2.096545767319549e-05
8.16326530612245,11.5371460486378,2.445571921017128,0.8989898989898993,0.20408163265306123,-10.845819386076972,1.9485900872712736e-05
8.16326530612245,12.8156295554912,2.550665485062058,0.909090909090909,0.20408163265306123,-10.911306307269296,1.8250714878664264e-05
8.16326530612245,14.2357876212352,2.6557590491069942,0.919191919191919,0.20408163265306123,-10.969960784982494,1.7211018221190993e-05
8.16326530612245,15.8133198466305,2.7608526131519304,0.9292929292929293,0.20408163265306123,-11.022617401135042,1.6328191550144094e-05
8.16326530612245,17.5656655764397,2.865946177196865,0.9393939393939392,0.20408163265306123,-11.070040606272098,1.5571930267867584e-05
8.16326530612245,19.5121966883548,2.9710397412417997,0.9494949494949493,0.20408163265306123,-11.112908239598529,1.4918503950975218e-05
8.16326530612245,21.6744317457404,3.0761333052867346,0.9595959595959593,0.20408163265306123,-11.151809180482212,1.434930311313899e-05
8.16326530612245,24.0762738816144,3.1812268693316703,0.9696969696969694,0.20408163265306123,-11.187248787142567,1.384967505772067e-05
8.16326530612245,26.744275043632,3.2863204333766105,0.97979797979798,0.20408163265306123,-11.219657911811227,1.3408014781165938e-05
8.16326530612245,29.707929521255,3.3914139974215445,0.98989898989899,0.20408163265306123,-11.249402964475186,1.3015065791545202e-05
8.16326530612245,33.0,3.4965075614664802,1.0,0.20408163265306123,-11.276795655097487,1.2663386827613128e-05
8.979591836734695,0.001,-6.907755278982137,0.0,0.22448979591836737,4.700115623704318,109.95988568644314
8.979591836734695,0.001110814537795,-6.802661714937222,0.010101010101008117,0.22448979591836737,3.054205749566807,21.204337282862685
8.979591836734695,0.0012339089373767,-6.697568150892323,0.020202020202014698,0.22448979591836737,1.8840532393543215,6.58012169175777
8.979591836734695,0.0013706439859533,-6.592474586847349,0.030303030303028534,0.22448979591836737,1.1313242979010707,3.099758787255844
8.979591836734695,0.0015225312657382,-6.487381022802441,0.04040404040403597,0.22448979591836737,0.6225705331793838,1.8637126248861549
8.979591836734695,0.0016912498642295,-6.382287458757476,0.05050505050504887,0.22448979591836737,0.2407200341098495,1.2721648226898619
8.979591836734695,0.00187866493623,-6.277193894712534,0.06060606060605963,0.22448979591836737,-0.07348618461823968,0.9291489822507508
8.979591836734695,0.00208684832281,-6.172100330667619,0.07070707070706775,0.22448979591836737,-0.34817214719236433,0.7059773337372107
8.979591836734695,0.0023181014551505,-6.067006766622687,0.08080808080807748,0.22448979591836737,-0.5968552534119722,0.5505402261784239
8.979591836734695,0.002574980796465,-5.961913202577741,0.0909090909090886,0.22448979591836737,-0.8263917874414146,0.437625486755632
8.979591836734695,0.0028603261032564,-5.856819638532781,0.10101010101010106,0.22448979591836737,-1.0406030818576448,0.35324158411677115
8.979591836734695,0.0031772918183317,-5.751726074487876,0.11111111111110823,0.22448979591836737,-1.2419167408188605,0.28883007464038823
8.979591836734695,0.0035293819426201,-5.646632510442922,0.1212121212121201,0.22448979591836737,-1.4321032508761764,0.23880612448363397
8.979591836734695,0.0039204887712936,-5.541538946397998,0.13131313131312908,0.22448979591836737,-1.6125988082160387,0.19936881891794683
8.979591836734695,0.0043549359224151,-5.436445382353058,0.14141414141413966,0.22448979591836737,-1.7846407034208993,0.16785736074228325
8.979591836734695,0.0048375261337845,-5.331351818308116,0.15151515151515035,0.22448979591836737,-1.94932085796707,0.14237072870696557
8.979591836734695,0.0053735943563712,-5.2262582542631755,0.16161616161616094,0.22448979591836737,-2.1076063931186466,0.12152851004899781
8.979591836734695,0.0059690667312704,-5.121164690218244,0.17171717171717069,0.22448979591836737,-2.2603490172388,0.10431407099159366
8.979591836734695,0.0066305261021638,-5.016071126173304,0.18181818181818118,0.22448979591836737,-2.4082921402622515,0.08996881755822878
8.979591836734695,0.0073652847875129,-4.910977562128371,0.19191919191919102,0.22448979591836737,-2.552078712011311,0.07791952528448576
8.979591836734695,0.0081814654169699,-4.80588399808343,0.20202020202020168,0.22448979591836737,-2.6922602702053164,0.06772768337222178
8.979591836734695,0.0090880907256374,-4.700790434038493,0.21212121212121193,0.22448979591836737,-2.82930678382463,0.059053776516717296
8.979591836734695,0.0100951832988382,-4.595696869993551,0.22222222222222263,0.22448979591836737,-2.963616690549974,0.05163184268386352
8.979591836734695,0.0112138763700549,-4.490603305948624,0.23232323232323193,0.22448979591836737,-3.0955266158188,0.04525117619932386
8.979591836734695,0.0124565368968931,-4.385509741903686,0.24242424242424226,0.22448979591836737,-3.225320424278592,0.03974304489926913
8.979591836734695,0.013836902275649,-4.280416177858747,0.2525252525252527,0.22448979591836737,-3.3532374088817494,0.03497095535935754
8.979591836734695,0.0153702322058399,-4.175322613813814,0.26262626262626254,0.22448979591836737,-3.479479541595612,0.030823449181973255
8.979591836734695,0.0170734773835322,-4.07022904976888,0.2727272727272725,0.22448979591836737,-3.6042177902399035,0.027208719417254952
8.979591836734695,0.0189654668883421,-3.9651354857239447,0.2828282828282826,0.22448979591836737,-3.727597554853487,0.024050546604435435
8.979591836734695,0.0210671163356406,-3.8600419216790063,0.292929292929293,0.22448979591836737,-3.8497433027004084,0.02128519959041511
8.979591836734695,0.0234016590950486,-3.7549483576340705,0.3030303030303031,0.22448979591836737,-3.9707624911287303,0.018859047794861392
8.979591836734695,0.0259949031313031,-3.649854793589135,0.3131313131313132,0.22448979591836737,-4.090748867857454,0.016726702777145525
8.979591836734695,0.0288755163068248,-3.5447612295442013,0.32323232323232315,0.22448979591836737,-4.209785233059123,0.01484955718961562
8.979591836734695,0.0320753432999582,-3.4396676654992664,0.33333333333333315,0.22448979591836737,-4.327945739628206,0.013194624863547801
8.979591836734695,0.0356297576423598,-3.3345741014543298,0.34343434343434337,0.22448979591836737,-4.445297799062331,0.01173361125216872
8.979591836734695,0.0395780527672466,-3.229480537409394,0.3535353535353535,0.22448979591836737,-4.56190365151303,0.010442161773737087
8.979591836734695,0.0439638763914761,-3.1243869733644574,0.3636363636363637,0.22448979591836737,-4.6778216503877355,0.009299248854783275
8.979591836734695,0.048835713033475,-3.019293409319523,0.3737373737373737,0.22448979591836737,-4.7931073046961155,0.008286668132342509
8.979591836734695,0.0542474200011699,-2.914199845274587,0.3838383838383838,0.22448979591836737,-4.907814116218385,0.007388621360080848
8.979591836734695,0.060258822775172,-2.8091062812296523,0.3939393939393938,0.22448979591836737,-5.021994243483078,0.006591368799364782
8.979591836734695,0.0669363763690749,-2.7040127171847166,0.404040404040404,0.22448979591836737,-5.135699020339498,0.005882937774428052
8.979591836734695,0.0743538999780876,-2.5989191531397813,0.4141414141414141,0.22448979591836737,-5.248979353397867,0.005252876995156348
8.979591836734695,0.0825933930374168,-2.493825589094845,0.42424242424242425,0.22448979591836737,-5.36188601955283,0.004692048462220137
8.979591836734695,0.0917459417117808,-2.38873202504991,0.4343434343434343,0.22448979591836737,-5.474469881950696,0.004192450454653486
8.979591836734695,0.101912725837141,-2.283638461004973,0.44444444444444453,0.22448979591836737,-5.58678203985935,0.003747066394847438
8.979591836734695,0.113206137446215,-2.1785448969600347,0.4545454545454549,0.22448979591836737,-5.698873924731012,0.003349735388638577
8.979591836734695,0.125751023242877,-2.0734513329151003,0.46464646464646486,0.22448979591836737,-5.810797351146843,0.0029950410206032183
8.979591836734695,0.139686064760787,-1.9683577688701692,0.47474747474747453,0.22448979591836737,-5.922604527217119,0.0026782155997186457
8.979591836734695,0.155165311463659,-1.8632642048252352,0.48484848484848453,0.22448979591836737,-6.034348024414835,0.0023950575374632227
8.979591836734695,0.172359883735326,-1.7581706407802946,0.49494949494949514,0.22448979591836737,-6.146080701922408,0.0021418599285632305
8.979591836734695,0.19145986458586,-1.6530770767353593,0.5050505050505052,0.22448979591836737,-6.257855575718165,0.0019153487161553252
8.979591836734695,0.212676400986239,-1.5479835126904273,0.5151515151515149,0.22448979591836737,-6.369725618361651,0.00171262907507504
8.979591836734695,0.236244038061438,-1.442889948645492,0.5252525252525251,0.22448979591836737,-6.481743472497041,0.001531138852394573
8.979591836734695,0.262423311946047,-1.3377963846005527,0.5353535353535355,0.22448979591836737,-6.59396106043295,0.0013686080734129037
8.979591836734695,0.291503629965987,-1.2327028205556183,0.5454545454545455,0.22448979591836737,-6.706429074918534,0.0012230236620484273
8.979591836734695,0.323806469986239,-1.1276092565106834,0.5555555555555556,0.22448979591836737,-6.819196343726648,0.0010925986432932097
8.979591836734695,0.359688934292802,-1.0225156924657481,0.5656565656565656,0.22448979591836737,-6.932309074276539,0.000975745197006377
8.979591836734695,0.399547697296443,-0.9174221284208132,0.5757575757575757,0.22448979591836737,-7.0458100056593365,0.0008710510207133368
8.979591836734695,0.443823390699414,-0.8123285643758777,0.5858585858585857,0.22448979591836737,-7.1597375252215025,0.0007772585372084732
8.979591836734695,0.49300547460239,-0.707235000330941,0.5959595959595959,0.22448979591836737,-7.274124845914547,0.0006932465528602698
8.979591836734695,0.547637648400869,-0.6021414362860068,0.606060606060606,0.22448979591836737,-7.388999388483255,0.0006180140361898112
8.979591836734695,0.608323861287565,-0.49704787224107067,0.6161616161616161,0.22448979591836737,-7.504382567016765,0.0005506657445952111
8.979591836734695,0.67573498880583,-0.39195430819613525,0.6262626262626262,0.22448979591836737,-7.620290232459317,0.0004903994806092762
8.979591836734695,0.750616249262273,-0.2868607441511999,0.6363636363636362,0.22448979591836737,-7.736734077450928,0.00043649480796538454
8.979591836734695,0.833795441985706,-0.18176718010626372,0.6464646464646464,0.22448979591836737,-7.853724333150555,0.00038830310178233733
8.979591836734695,0.926192098504948,-0.07667361606132911,0.6565656565656565,0.22448979591836737,-7.971274073874462,0.0003452388457742791
8.979591836734695,1.02882764781018,0.028419947983610284,0.666666666666667,0.22448979591836737,-8.089405360973704,0.0003067721215829336
8.979591836734695,1.142836708073,0.1335135120285407,0.6767676767676766,0.22448979591836737,-8.208157270035917,0.00027242225970852576
8.979591836734695,1.2694796296533,0.23860707607348014,0.686868686868687,0.22448979591836737,-8.327595519463335,0.00024175263609687385
8.979591836734695,1.41015642805352,0.3437006401184105,0.6969696969696967,0.22448979591836737,-8.447822922120142,0.0002143666005069978
8.979591836734695,1.56642226084696,0.44879420416335164,0.7070707070707073,0.22448979591836737,-8.568989197058839,0.00018990450886578535
8.979591836734695,1.74000461967455,0.5538877682082868,0.7171717171717173,0.22448979591836737,-8.69129781165871,0.0001680417980383559
8.979591836734695,1.93282242736499,0.6589813322532224,0.7272727272727274,0.22448979591836737,-8.815006516334794,0.00014848798436906742
8.979591836734695,2.14700725129329,0.7640748962981553,0.7373737373737373,0.22448979591836737,-8.94041717199069,0.00013098638493075717
8.979591836734695,2.38492686748792,0.8691684603430914,0.7474747474747475,0.22448979591836737,-9.067849531337849,0.00011531425188596155
8.979591836734695,2.64921143598352,0.9742620243880249,0.7575757575757573,0.22448979591836737,-9.197593217335218,0.00010128287459337102
8.979591836734695,2.94278257678333,1.0793555884329629,0.7676767676767676,0.22448979591836737,-9.329833152140818,8.87370414464223e-05
8.979591836734695,3.26888566786082,1.184449152477898,0.7777777777777777,0.22448979591836737,-9.464547873806053,7.755308612764657e-05
8.979591836734695,3.63112572224959,1.289542716522833,0.7878787878787878,0.22448979591836737,-9.601389870982889,6.76346676722013e-05
8.979591836734695,4.0335072408363,1.3946362805677694,0.797979797979798,0.22448979591836737,-9.739573181909574,5.89056714829288e-05
8.979591836734695,4.48047848142245,1.4997298446127043,0.808080808080808,0.22448979591836737,-9.877811361565294,5.13004331904307e-05
8.979591836734695,4.97698063344183,1.6048234086576407,0.8181818181818182,0.22448979591836737,-10.014355276140215,4.475285680155197e-05
8.979591836734695,5.52850244195146,1.7099169727025751,0.8282828282828283,0.22448979591836737,-10.147159012010214,3.9187254199564484e-05
8.979591836734695,6.14114088475497,1.8150105367475111,0.8383838383838383,0.22448979591836737,-10.27415171807537,3.451378605056937e-05
8.979591836734695,6.8216685734332,1.9201041007924453,0.8484848484848483,0.22448979591836737,-10.393538897258772,3.062974699298181e-05
8.979591836734695,7.57760862338904,2.0251976648373815,0.8585858585858586,0.22448979591836737,-10.504037167982498,2.7425504180911107e-05
8.979591836734695,8.41731782058148,2.1302912288823177,0.8686868686868686,0.22448979591836737,-10.604978144893435,2.479228244658593e-05
8.979591836734695,9.35007900434302,2.2353847929272526,0.8787878787878787,0.22448979591836737,-10.696276726549014,2.2629035343711837e-05
8.979591836734695,10.3862036875563,2.3404783569721936,0.8888888888888893,0.22448979591836737,-10.7783071604725,2.0846861253075496e-05
8.979591836734695,11.5371460486378,2.445571921017128,0.8989898989898993,0.22448979591836737,-10.851745134050542,1.937077377905958e-05
8.979591836734695,12.8156295554912,2.550665485062058,0.909090909090909,0.22448979591836737,-10.917421407401443,1.8139450472911506e-05
8.979591836734695,14.2357876212352,2.6557590491069942,0.919191919191919,0.22448979591836737,-10.976209942433695,1.710379922156236e-05
8.979591836734695,15.8133198466305,2.7608526131519304,0.9292929292929293,0.22448979591836737,-11.028954754242042,1.622504122992036e-05
8.979591836734695,17.5656655764397,2.865946177196865,0.9393939393939392,0.22448979591836737,-11.076429404133052,1.5472761475078925e-05
8.979591836734695,19.5121966883548,2.9710397412417997,0.9494949494949493,0.22448979591836737,-11.119319783315506,1.4823159290548844e-05
8.979591836734695,21.6744317457404,3.0761333052867346,0.9595959595959593,0.22448979591836737,-11.158221509450987,1.425758503860949e-05
8.979591836734695,24.0762738816144,3.1812268693316703,0.9696969696969694,0.22448979591836737,-11.193645382702048,1.3761367024237568e-05
8.979591836734695,26.744275043632,3.2863204333766105,0.97979797979798,0.22448979591836737,-11.226026547319629,1.3322895357126669e-05
8.979591836734695,29.707929521255,3.3914139974215445,0.98989898989899,0.22448979591836737,-11.2557347452096,1.2932917595345361e-05
8.979591836734695,33.0,3.4965075614664802,1.0,0.22448979591836737,-11.283084246180755,1.2584001837610734e-05
9.795918367346939,0.001,-6.907755278982137,0.0,0.24489795918367346,4.654124315891452,105.01721781358965
9.795918367346939,0.001110814537795,-6.802661714937222,0.010101010101008117,0.24489795918367346,3.0130718062452106,20.34981470100058
9.795918367346939,0.0012339089373767,-6.697568150892323,0.020202020202014698,0.24489795918367346,1.8492172771977924,6.354843494522936
9.795918367346939,0.0013706439859533,-6.592474586847349,0.030303030303028534,0.24489795918367346,1.1008375147143117,3.0066831110973564
9.795918367346939,0.0015225312657382,-6.487381022802441,0.04040404040403597,0.24489795918367346,0.5945886072595844,1.812285230592507
9.795918367346939,0.0016912498642295,-6.382287458757476,0.05050505050504887,0.24489795918367346,0.21424317488618688,1.2389238933419007
9.795918367346939,0.00187866493623,-6.277193894712534,0.06060606060605963,0.24489795918367346,-0.09891601963976192,0.9058187758165069
9.795918367346939,0.00208684832281,-6.172100330667619,0.07070707070706775,0.24489795918367346,-0.37275253550759146,0.6888356741244537
9.795918367346939,0.0023181014551505,-6.067006766622687,0.08080808080807748,0.24489795918367346,-0.6206738429807185,0.5375820696146562
9.795918367346939,0.002574980796465,-5.961913202577741,0.0909090909090886,0.24489795918367346,-0.8494967438853324,0.42763008526079915
9.795918367346939,0.0028603261032564,-5.856819638532781,0.10101010101010106,0.24489795918367346,-1.0630331497702283,0.34540655005477455
9.795918367346939,0.0031772918183317,-5.751726074487876,0.11111111111110823,0.24489795918367346,-1.263712014661372,0.2826030504207407
9.795918367346939,0.0035293819426201,-5.646632510442922,0.1212121212121201,0.24489795918367346,-1.453307245534305,0.2337957879929672
9.795918367346939,0.0039204887712936,-5.541538946397998,0.13131313131312908,0.24489795918367346,-1.6332570894087652,0.19529245213105836
9.795918367346939,0.0043549359224151,-5.436445382353058,0.14141414141413966,0.24489795918367346,-1.804798607191034,0.164507583885657
9.795918367346939,0.0048375261337845,-5.331351818308116,0.15151515151515035,0.24489795918367346,-1.9690214095265934,0.13959339416246533
9.795918367346939,0.0053735943563712,-5.2262582542631755,0.16161616161616094,0.24489795918367346,-2.126888811644126,0.11920759479658596
9.795918367346939,0.0059690667312704,-5.121164690218244,0.17171717171717069,0.24489795918367346,-2.279247848003469,0.10236116892584388
9.795918367346939,0.0066305261021638,-5.016071126173304,0.18181818181818118,0.24489795918367346,-2.42683691346418,0.08831574157626872
9.795918367346939,0.0073652847875129,-4.910977562128371,0.19191919191919102,0.24489795918367346,-2.5702939887950573,0.07651304813827026
9.795918367346939,0.0081814654169699,-4.80588399808343,0.20202020202020168,0.24489795918367346,-2.710165944537833,0.0665257662114586
9.795918367346939,0.0090880907256374,-4.700790434038493,0.21212121212121193,0.24489795918367346,-2.8469185341881165,0.05802284108272405
9.795918367346939,0.0100951832988382,-4.595696869993551,0.22222222222222263,0.24489795918367346,-2.9809465032905367,0.05074478102518257
9.795918367346939,0.0112138763700549,-4.490603305948624,0.23232323232323193,0.24489795918367346,-3.1125833263388727,0.04448588521344393
9.795918367346939,0.0124565368968931,-4.385509741903686,0.24242424242424226,0.24489795918367346,-3.2421102413016265,0.03908133696944076
9.795918367346939,0.013836902275649,-4.280416177858747,0.2525252525252527,0.24489795918367346,-3.3697644009315297,0.034397740464502266
9.795918367346939,0.0153702322058399,-4.175322613813814,0.26262626262626254,0.24489795918367346,-3.4957460745208366,0.030326114453043475
9.795918367346939,0.0170734773835322,-4.07022904976888,0.2727272727272725,0.24489795918367346,-3.620224911101343,0.02677665344872141
9.795918367346939,0.0189654668883421,-3.9651354857239447,0.2828282828282826,0.24489795918367346,-3.7433453216773453,0.02367477078526759
9.795918367346939,0.0210671163356406,-3.8600419216790063,0.292929292929293,0.24489795918367346,-3.865231062195446,0.0209580792577298
9.795918367346939,0.0234016590950486,-3.7549483576340705,0.3030303030303031,0.24489795918367346,-3.9859891079869914,0.01857406347937852
9.795918367346939,0.0259949031313031,-3.649854793589135,0.3131313131313132,0.24489795918367346,-4.105712910076471,0.01647826712722535
9.795918367346939,0.0288755163068248,-3.5447612295442013,0.32323232323232315,0.24489795918367346,-4.224485118089138,0.014632866968822097
9.795918367346939,0.0320753432999582,-3.4396676654992664,0.33333333333333315,0.24489795918367346,-4.342379846230089,0.013005540158955253
9.795918367346939,0.0356297576423598,-3.3345741014543298,0.34343434343434337,0.24489795918367346,-4.459464549671573,0.011568556016489642
9.795918367346939,0.0395780527672466,-3.229480537409394,0.3535353535353535,0.24489795918367346,-4.5758015697141605,0.010298041270800888
9.795918367346939,0.0439638763914761,-3.1243869733644574,0.3636363636363637,0.24489795918367346,-4.691449397856189,0.009173380637848545
9.795918367346939,0.048835713033475,-3.019293409319523,0.3737373737373737,0.24489795918367346,-4.806463701687384,0.008176723966432826
9.795918367346939,0.0542474200011699,-2.914199845274587,0.3838383838383838,0.24489795918367346,-4.920898149391107,0.007292578079985182
9.795918367346939,0.060258822775172,-2.8091062812296523,0.3939393939393938,0.24489795918367346,-5.03480506453938,0.006507466529125381
9.795918367346939,0.0669363763690749,-2.7040127171847166,0.404040404040404,0.24489795918367346,-5.148235938653432,0.005809644261482124
9.795918367346939,0.0743538999780876,-2.5989191531397813,0.4141414141414141,0.24489795918367346,-5.261241825479687,0.005188857061192089
9.795918367346939,0.0825933930374168,-2.493825589094845,0.42424242424242425,0.24489795918367346,-5.373873637861803,0.004636137763767013
9.795918367346939,0.0917459417117808,-2.38873202504991,0.4343434343434343,0.24489795918367346,-5.486182365221954,0.00414363289434104
9.795918367346939,0.101912725837141,-2.283638461004973,0.44444444444444453,0.24489795918367346,-5.59821922675368,0.0037044546399861667
9.795918367346939,0.113206137446215,-2.1785448969600347,0.4545454545454549,0.24489795918367346,-5.710035772256318,0.0033125540452480316
9.795918367346939,0.125751023242877,-2.0734513329151003,0.46464646464646486,0.24489795918367346,-5.821683938944772,0.0029626120840895
9.795918367346939,0.139686064760787,-1.9683577688701692,0.47474747474747453,0.24489795918367346,-5.933216068468181,0.0026499458624199396
9.795918367346939,0.155165311463659,-1.8632642048252352,0.48484848484848453,0.24489795918367346,-6.044684883799344,0.0023704276814690045
9.795918367346939,0.172359883735326,-1.7581706407802946,0.49494949494949514,0.24489795918367346,-6.156143420787413,0.0021204150719907966
9.795918367346939,0.19145986458586,-1.6530770767353593,0.5050505050505052,0.24489795918367346,-6.267644904339051,0.001896690214257546
9.795918367346939,0.212676400986239,-1.5479835126904273,0.5151515151515149,0.24489795918367346,-6.3792425549352165,0.0016964074055292784
9.795918367346939,0.236244038061438,-1.442889948645492,0.5252525252525251,0.24489795918367346,-6.490989308229254,0.001517047437918
9.795918367346939,0.262423311946047,-1.3377963846005527,0.5353535353535355,0.24489795918367346,-6.602937429739425,0.0013563779152388656
9.795918367346939,0.291503629965987,-1.2327028205556183,0.5454545454545455,0.24489795918367346,-6.715138009272182,0.0012124186753574705
9.795918367346939,0.323806469986239,-1.1276092565106834,0.5555555555555556,0.24489795918367346,-6.8276403269844375,0.0010834116008450012
9.795918367346939,0.359688934292802,-1.0225156924657481,0.5656565656565656,0.24489795918367346,-6.940491096311853,0.0009677942002757395
9.795918367346939,0.399547697296443,-0.9174221284208132,0.5757575757575757,0.24489795918367346,-7.053733609745631,0.000864176429025178
9.795918367346939,0.443823390699414,-0.8123285643758777,0.5858585858585857,0.24489795918367346,-7.167406842820676,0.0007713202948696712
9.795918367346939,0.49300547460239,-0.707235000330941,0.5959595959595959,0.24489795918367346,-7.281544610352725,0.0006881218622497787
9.795918367346939,0.547637648400869,-0.6021414362860068,0.606060606060606,0.24489795918367346,-7.396174916594138,0.0006135953313299277
9.795918367346939,0.608323861287565,-0.49704787224107067,0.6161616161616161,0.24489795918367346,-7.511319695511381,0.0005468589250321273
9.795918367346939,0.67573498880583,-0.39195430819613525,0.6262626262626262,0.24489795918367346,-7.626995194081078,0.0004871223696413748
9.795918367346939,0.750616249262273,-0.2868607441511999,0.6363636363636362,0.24489795918367346,-7.743213301719655,0.0004336758025584599
9.795918367346939,0.833795441985706,-0.18176718010626372,0.6464646464646464,0.24489795918367346,-7.859984158832465,0.0003858799841131108
9.795918367346939,0.926192098504948,-0.07667361606132911,0.6565656565656565,0.24489795918367346,-7.977320366687455,0.00034315772848462426
9.795918367346939,1.02882764781018,0.028419947983610284,0.666666666666667,0.24489795918367346,-8.095243042103558,0.00030498650077100304
9.795918367346939,1.142836708073,0.1335135120285407,0.6767676767676766,0.24489795918367346,-8.213789780419738,0.0002708921517217385
9.795918367346939,1.2694796296533,0.23860707607348014,0.686868686868687,0.24489795918367346,-8.333024272679397,0.00024044377664812988
9.795918367346939,1.41015642805352,0.3437006401184105,0.6969696969696967,0.24489795918367346,-8.45304683533103,0.00021324968785798391
9.795918367346939,1.56642226084696,0.44879420416335164,0.7070707070707073,0.24489795918367346,-8.574004433496086,0.0001889544771614471
9.795918367346939,1.74000461967455,0.5538877682082868,0.7171717171717173,0.24489795918367346,-8.696097916382367,0.00016723711264196911
9.795918367346939,1.93282242736499,0.6589813322532224,0.7272727272727274,0.24489795918367346,-8.819583173815285,0.00014780995845431116
9.795918367346939,2.14700725129329,0.7640748962981553,0.7373737373737373,0.24489795918367346,-8.944761849654693,0.00013041852578558495
9.795918367346939,2.38492686748792,0.8691684603430914,0.7474747474747475,0.24489795918367346,-9.07195627747941,0.00011484165660559138
9.795918367346939,2.64921143598352,0.9742620243880249,0.7575757575757573,0.24489795918367346,-9.201462809993554,0.00010089170844036802
9.795918367346939,2.94278257678333,1.0793555884329629,0.7676767676767676,0.24489795918367346,-9.33347856007207,8.841414762915677e-05
9.795918367346939,3.26888566786082,1.184449152477898,0.7777777777777777,0.24489795918367346,-9.468000468377667,7.728578846422592e-05
9.795918367346939,3.63112572224959,1.289542716522833,0.7878787878787878,0.24489795918367346,-9.604704956952979,6.741082416953653e-05
9.795918367346939,4.0335072408363,1.3946362805677694,0.797979797979798,0.24489795918367346,-9.742832422491775,5.871399625542473e-05
9.795918367346939,4.48047848142245,1.4997298446127043,0.808080808080808,0.24489795918367346,-9.881119284666141,5.113101566695196e-05
9.795918367346939,4.97698063344183,1.6048234086576407,0.8181818181818182,0.24489795918367346,-10.017828251126389,4.4597700831673355e-05
9.795918367346939,5.52850244195146,1.7099169727025751,0.8282828282828283,0.24489795918367346,-10.15090814908583,3.9040610876681195e-05
9.795918367346939,6.14114088475497,1.8150105367475111,0.8383838383838383,0.24489795918367346,-10.278264625705779,3.437212555452935e-05
9.795918367346939,6.8216685734332,1.9201041007924453,0.8484848484848483,0.24489795918367346,-10.398066570090245,3.049137899856782e-05
9.795918367346939,7.57760862338904,2.0251976648373815,0.8585858585858586,0.24489795918367346,-10.508990112691162,2.7290003016987852e-05
9.795918367346939,8.41731782058148,2.1302912288823177,0.8686868686868686,0.24489795918367346,-10.610331616781503,2.4659912295548457e-05
9.795918367346939,9.35007900434302,2.2353847929272526,0.8787878787878787,0.24489795918367346,-10.70198154258634,2.250030839088351e-05
9.795918367346939,10.3862036875563,2.3404783569721936,0.8888888888888893,0.24489795918367346,-10.784301685268458,2.072226803803207e-05
9.795918367346939,11.5371460486378,2.445571921017128,0.8989898989898993,0.24489795918367346,-10.857965268018923,1.9250658923599647e-05
9.795918367346939,12.8156295554912,2.550665485062058,0.909090909090909,0.24489795918367346,-10.92380728490981,1.8023983236327365e-05
9.795918367346939,14.2357876212352,2.6557590491069942,0.919191919191919,0.24489795918367346,-10.98270947495098,1.699299300672475e-05
9.795918367346939,15.8133198466305,2.7608526131519304,0.9292929292929293,0.24489795918367346,-11.035524821061518,1.6118791042503874e-05
9.795918367346939,17.5656655764397,2.865946177196865,0.9393939393939392,0.24489795918367346,-11.083035588797651,1.5370882441870705e-05
9.795918367346939,19.5121966883548,2.9710397412417997,0.9494949494949493,0.24489795918367346,-11.125935374216574,1.4725418994204023e-05
9.795918367346939,21.6744317457404,3.0761333052867346,0.9595959595959593,0.24489795918367346,-11.164826240359144,1.4163727818062139e-05
9.795918367346939,24.0762738816144,3.1812268693316703,0.9696969696969694,0.24489795918367346,-11.200224183642689,1.3671130878191392e-05
9.795918367346939,26.744275043632,3.2863204333766105,0.97979797979798,0.24489795918367346,-11.232568434700802,1.3236022940709431e-05
9.795918367346939,29.707929521255,3.3914139974215445,0.98989898989899,0.24489795918367346,-11.262231895183623,1.2849162868265835e-05
9.795918367346939,33.0,3.4965075614664802,1.0,0.24489795918367346,-11.28953125029263,1.250313368477594e-05
10.612244897959183,0.001,-6.907755278982137,0.0,0.26530612244897955,4.606022486779644,100.08526641030822
10.612244897959183,0.001110814537795,-6.802661714937222,0.010101010101008117,0.26530612244897955,2.9701907759787622,19.49563854080139
10.612244897959183,0.0012339089373767,-6.697568150892323,0.020202020202014698,0.26530612244897955,1.812900251646011,6.12819499120713
10.612244897959183,0.0013706439859533,-6.592474586847349,0.030303030303028534,0.26530612244897955,1.068991407587258,2.912440552682167
10.612244897959183,0.0015225312657382,-6.487381022802441,0.04040404040403597,0.26530612244897955,0.5652995786829264,1.7599749547320462
10.612244897959183,0.0016912498642295,-6.382287458757476,0.05050505050504887,0.26530612244897955,0.1864879181403582,1.2050100632352965
10.612244897959183,0.00187866493623,-6.277193894712534,0.06060606060605963,0.26530612244897955,-0.1256022171365151,0.8819656078204001
10.612244897959183,0.00208684832281,-6.172100330667619,0.07070707070706775,0.26530612244897955,-0.3985691908364791,0.6712798325719437
10.612244897959183,0.0023181014551505,-6.067006766622687,0.08080808080807748,0.26530612244897955,-0.6457098464753893,0.5242902444030488
10.612244897959183,0.002574980796465,-5.961913202577741,0.0909090909090886,0.26530612244897955,-0.8738018626660015,0.4173617769565528
10.612244897959183,0.0028603261032564,-5.856819638532781,0.10101010101010106,0.26530612244897955,-1.0866481556416963,0.33734532984900084
10.612244897959183,0.0031772918183317,-5.751726074487876,0.11111111111110823,0.26530612244897955,-1.2866792569749639,0.276186406055576
10.612244897959183,0.0035293819426201,-5.646632510442922,0.1212121212121201,0.26530612244897955,-1.4756725107797288,0.2286249226084795
10.612244897959183,0.0039204887712936,-5.541538946397998,0.13131313131312908,0.26530612244897955,-1.6550680801899,0.19107904656486124
10.612244897959183,0.0043549359224151,-5.436445382353058,0.14141414141413966,0.26530612244897955,-1.826102576055182,0.1610399873737268
10.612244897959183,0.0048375261337845,-5.331351818308116,0.15151515151515035,0.26530612244897955,-1.9898630432346007,0.13671414809090496
10.612244897959183,0.0053735943563712,-5.2262582542631755,0.16161616161616094,0.26530612244897955,-2.1473087347654505,0.1167980697584248
10.612244897959183,0.0059690667312704,-5.121164690218244,0.17171717171717069,0.26530612244897955,-2.2992817726703163,0.10033087822988719
10.612244897959183,0.0066305261021638,-5.016071126173304,0.18181818181818118,0.26530612244897955,-2.446515324506833,0.08659481618449477
10.612244897959183,0.0073652847875129,-4.910977562128371,0.19191919191919102,0.26530612244897955,-2.589642218455857,0.07504688567325195
10.612244897959183,0.0081814654169699,-4.80588399808343,0.20202020202020168,0.26530612244897955,-2.729204501920418,0.06527119212922723
10.612244897959183,0.0090880907256374,-4.700790434038493,0.21212121212121193,0.26530612244897955,-2.865663581731138,0.05694533071045347
10.612244897959183,0.0100951832988382,-4.595696869993551,0.22222222222222263,0.26530612244897955,-2.999410401530765,0.04981643140251085
10.612244897959183,0.0112138763700549,-4.490603305948624,0.23232323232323193,0.26530612244897955,-3.1307751931805217,0.043683920646606644
10.612244897959183,0.0124565368968931,-4.385509741903686,0.24242424242424226,0.26530612244897955,-3.26003649133992,0.038386997199030055
10.612244897959183,0.013836902275649,-4.280416177858747,0.2525252525252527,0.26530612244897955,-3.387429244399724,0.03379544515168885
10.612244897959183,0.0153702322058399,-4.175322613813814,0.26262626262626254,0.26530612244897955,-3.5131519651257896,0.029802828760532002
10.612244897959183,0.0170734773835322,-4.07022904976888,0.2727272727272725,0.26530612244897955,-3.637372938458151,0.02632140115793435
10.612244897959183,0.0189654668883421,-3.9651354857239447,0.2828282828282826,0.26530612244897955,-3.7602355481793586,0.02327825657811757
10.612244897959183,0.0210671163356406,-3.8600419216790063,0.292929292929293,0.26530612244897955,-3.881862806685986,0.02061239249394042
10.612244897959183,0.0234016590950486,-3.7549483576340705,0.3030303030303031,0.26530612244897955,-4.002361180062045,0.018272443383617738
10.612244897959183,0.0259949031313031,-3.649854793589135,0.3131313131313132,0.26530612244897955,-4.121823799614675,0.016214914702971
10.612244897959183,0.0288755163068248,-3.5447612295442013,0.32323232323232315,0.26530612244897955,-4.240333144929316,0.014402792826374593
10.612244897959183,0.0320753432999582,-3.4396676654992664,0.33333333333333315,0.26530612244897955,-4.357963274966287,0.012804440233521014
10.612244897959183,0.0356297576423598,-3.3345741014543298,0.34343434343434337,0.26530612244897955,-4.474781674421541,0.011392709172830737
10.612244897959183,0.0395780527672466,-3.229480537409394,0.3535353535353535,0.26530612244897955,-4.590850773510051,0.010144224263771054
10.612244897959183,0.0439638763914761,-3.1243869733644574,0.3636363636363637,0.26530612244897955,-4.706229191049489,0.00903879697835294
10.612244897959183,0.048835713033475,-3.019293409319523,0.3737373737373737,0.26530612244897955,-4.820972743478726,0.008058944039796085
10.612244897959183,0.0542474200011699,-2.914199845274587,0.3838383838383838,0.26530612244897955,-4.9351352563022886,0.007189488456506295
10.612244897959183,0.060258822775172,-2.8091062812296523,0.3939393939393938,0.26530612244897955,-5.0487692093437415,0.006417226850542559
10.612244897959183,0.0669363763690749,-2.7040127171847166,0.404040404040404,0.26530612244897955,-5.161926242971278,0.005730650422191007
10.612244897959183,0.0743538999780876,-2.5989191531397813,0.4141414141414141,0.26530612244897955,-5.274657548924347,0.005119709658185206
10.612244897959183,0.0825933930374168,-2.493825589094845,0.42424242424242425,0.26530612244897955,-5.387014166286094,0.004575614985236532
10.612244897959183,0.0917459417117808,-2.38873202504991,0.4343434343434343,0.26530612244897955,-5.499047200262706,0.004090667168847738
10.612244897959183,0.101912725837141,-2.283638461004973,0.44444444444444453,0.26530612244897955,-5.610807978504981,0.0036581124870895348
10.612244897959183,0.113206137446215,-2.1785448969600347,0.4545454545454549,0.26530612244897955,-5.722348156525579,0.0032720186626121616
10.612244897959183,0.125751023242877,-2.0734513329151003,0.46464646464646486,0.26530612244897955,-5.833719780168296,0.0029271682812989715
10.612244897959183,0.139686064760787,-1.9683577688701692,0.47474747474747453,0.26530612244897955,-5.944975308996099,0.0026189670124897005
10.612244897959183,0.155165311463659,-1.8632642048252352,0.48484848484848453,0.26530612244897955,-6.056167599915173,0.002343364410621031
10.612244897959183,0.172359883735326,-1.7581706407802946,0.49494949494949514,0.26530612244897955,-6.167349845513773,0.0020967854491838146
10.612244897959183,0.19145986458586,-1.6530770767353593,0.5050505050505052,0.26530612244897955,-6.278575456800533,0.0018760712360695077
10.612244897959183,0.212676400986239,-1.5479835126904273,0.5151515151515149,0.26530612244897955,-6.389897875792734,0.0016784276007252652
10.612244897959183,0.236244038061438,-1.442889948645492,0.5252525252525251,0.26530612244897955,-6.50137030044396,0.0015013804404608595
10.612244897959183,0.262423311946047,-1.3377963846005527,0.5353535353535355,0.26530612244897955,-6.613045303627078,0.0013427368754235908
10.612244897959183,0.291503629965987,-1.2327028205556183,0.5454545454545455,0.26530612244897955,-6.72497433041181,0.0012005513967755213
10.612244897959183,0.323806469986239,-1.1276092565106834,0.5555555555555556,0.26530612244897955,-6.837207064974759,0.001073096306456715
10.612244897959183,0.359688934292802,-1.0225156924657481,0.5656565656565656,0.26530612244897955,-6.94979067154417,0.0009588358443148434
10.612244897959183,0.399547697296443,-0.9174221284208132,0.5757575757575757,0.26530612244897955,-7.062768934209008,0.0008564034830199147
10.612244897959183,0.443823390699414,-0.8123285643758777,0.5858585858585857,0.26530612244897955,-7.176181349427391,0.0007645819459232908
10.612244897959183,0.49300547460239,-0.707235000330941,0.5959595959595959,0.26530612244897955,-7.290062263380673,0.000682285570027657
10.612244897959183,0.547637648400869,-0.6021414362860068,0.606060606060606,0.26530612244897955,-7.40444019369656,0.0006085446970862418
10.612244897959183,0.608323861287565,-0.49704787224107067,0.6161616161616161,0.26530612244897955,-7.51933752959898,0.0005424918316122397
10.612244897959183,0.67573498880583,-0.39195430819613525,0.6262626262626262,0.26530612244897955,-7.634770861697249,0.0004833493558671502
10.612244897959183,0.750616249262273,-0.2868607441511999,0.6363636363636362,0.26530612244897955,-7.750752244027487,0.0004304186389139739
10.612244897959183,0.833795441985706,-0.18176718010626372,0.6464646464646464,0.26530612244897955,-7.867291723036878,0.00038307041939395994
10.612244897959183,0.926192098504948,-0.07667361606132911,0.6565656565656565,0.26530612244897955,-7.984401460956668,0.0003407363792785874
10.612244897959183,1.02882764781018,0.028419947983610284,0.666666666666667,0.26530612244897955,-8.102101707389059,0.00030290185755267476
10.612244897959183,1.142836708073,0.1335135120285407,0.6767676767676766,0.26530612244897955,-8.220428699593924,0.00026909967725174207
10.612244897959183,1.2694796296533,0.23860707607348014,0.686868686868687,0.26530612244897955,-8.339444262393853,0.00023890507458581032
10.612244897959183,1.41015642805352,0.3437006401184105,0.6969696969696967,0.26530612244897955,-8.459246399439536,0.00021193172237403112
10.612244897959183,1.56642226084696,0.44879420416335164,0.7070707070707073,0.26530612244897955,-8.579979497988102,0.00018782882823574989
10.612244897959183,1.74000461967455,0.5538877682082868,0.7171717171717173,0.26530612244897955,-8.701841912043516,0.00016627925698551956
10.612244897959183,1.93282242736499,0.6589813322532224,0.7272727272727274,0.26530612244897955,-8.82508767964718,0.00014699857286306636
10.612244897959183,2.14700725129329,0.7640748962981553,0.7373737373737373,0.26530612244897955,-8.95001804909625,0.0001297348184283971
10.612244897959183,2.38492686748792,0.8691684603430914,0.7474747474747475,0.26530612244897955,-9.076957492886043,0.0001142687425706521
10.612244897959183,2.64921143598352,0.9742620243880249,0.7575757575757573,0.26530612244897955,-9.206208327768767,0.00010041405928725137
10.612244897959183,2.94278257678333,1.0793555884329629,0.7676767676767676,0.26530612244897955,-9.337978756514342,8.8017160526497e-05
10.612244897959183,3.26888566786082,1.184449152477898,0.7777777777777777,0.26530612244897955,-9.47228277240169,7.695553484916416e-05
10.612244897959183,3.63112572224959,1.289542716522833,0.7878787878787878,0.26530612244897955,-9.608819363565445,6.713403842383299e-05
10.612244897959183,4.0335072408363,1.3946362805677694,0.797979797979798,0.26530612244897955,-9.746854284412045,5.847833089413392e-05
10.612244897959183,4.48047848142245,1.4997298446127043,0.808080808080808,0.26530612244897955,-9.885146627697956,5.092550763074441e-05
10.612244897959183,4.97698063344183,1.6048234086576407,0.8181818181818182,0.26530612244897955,-10.021971858443338,4.441328780363054e-05
10.612244897959183,5.52850244195146,1.7099169727025751,0.8282828282828283,0.26530612244897955,-10.15527551236547,3.887047813249738e-05
10.612244897959183,6.14114088475497,1.8150105367475111,0.8383838383838383,0.26530612244897955,-10.282942303007925,3.4211719299827635e-05
10.612244897959183,6.8216685734332,1.9201041007924453,0.8484848484848483,0.26530612244897955,-10.403107030189242,3.0338075105014198e-05
10.612244897959183,7.57760862338904,2.0251976648373815,0.8585858585858586,0.26530612244897955,-10.514407289304891,2.714256795229771e-05
10.612244897959183,8.41731782058148,2.1302912288823177,0.8686868686868686,0.26530612244897955,-10.616105351143174,2.4517942754172786e-05
10.612244897959183,9.35007900434302,2.2353847929272526,0.8787878787878787,0.26530612244897955,-10.70806766653679,2.236378459687299e-05
10.612244897959183,10.3862036875563,2.3404783569721936,0.8888888888888893,0.26530612244897955,-10.790643487547236,2.0591267340681053e-05
10.612244897959183,11.5371460486378,2.445571921017128,0.8989898989898993,0.26530612244897955,-10.864503186246584,1.9125210223252754e-05
10.612244897959183,12.8156295554912,2.550665485062058,0.909090909090909,0.26530612244897955,-10.930485477297282,1.7904016634567987e-05
10.612244897959183,14.2357876212352,2.6557590491069942,0.919191919191919,0.26530612244897955,-10.989479342031677,1.6878341229297307e-05
10.612244897959183,15.8133198466305,2.7608526131519304,0.9292929292929293,0.26530612244897955,-11.042346229800575,1.6009212345868755e-05
10.612244897959183,17.5656655764397,2.865946177196865,0.9393939393939392,0.26530612244897955,-11.089876665499226,1.5266087918502322e-05
10.612244897959183,19.5121966883548,2.9710397412417997,0.9494949494949493,0.26530612244897955,-11.132771567195086,1.4625096490968107e-05
10.612244897959183,21.6744317457404,3.0761333052867346,0.9595959595959593,0.26530612244897955,-11.171639119537266,1.406756001351383e-05
10.612244897959183,24.0762738816144,3.1812268693316703,0.9696969696969694,0.26530612244897955,-11.20700024389848,1.357880761883171e-05
10.612244897959183,26.744275043632,3.2863204333766105,0.97979797979798,0.26530612244897955,-11.239298030887749,1.3147248892972909e-05
10.612244897959183,29.707929521255,3.3914139974215445,0.98989898989899,0.26530612244897955,-11.268908353076432,1.2763661713449546e-05
10.612244897959183,33.0,3.4965075614664802,1.0,0.26530612244897955,-11.296150153314631,1.2420649932557068e-05
11.428571428571429,0.001,-6.907755278982137,0.0,0.2857142857142857,4.5557840387014314,95.18135185194605
11.428571428571429,0.001110814537795,-6.802661714937222,0.010101010101008117,0.2857142857142857,2.925525531956359,18.644021504857097
11.428571428571429,0.0012339089373767,-6.697568150892323,0.020202020202014698,0.2857142857142857,1.7750423177984884,5.900530828510343
11.428571428571429,0.0013706439859533,-6.592474586847349,0.030303030303028534,0.2857142857142857,1.0357109454045943,2.8171083340727425
11.428571428571429,0.0015225312657382,-6.487381022802441,0.04040404040403597,0.2857142857142857,0.5346214296579935,1.7068019753256474
11.428571428571429,0.0016912498642295,-6.382287458757476,0.05050505050504887,0.2857142857142857,0.15736959643420256,1.1704281200292819
11.428571428571429,0.00187866493623,-6.277193894712534,0.06060606060605963,0.2857142857142857,-0.15363015458244733,0.8575891377785014
11.428571428571429,0.00208684832281,-6.172100330667619,0.07070707070706775,0.2857142857142857,-0.4257073709222592,0.6533074909200122
11.428571428571429,0.0023181014551505,-6.067006766622687,0.08080808080807748,0.2857142857142857,-0.6720480538710136,0.5106616435078263
11.428571428571429,0.002574980796465,-5.961913202577741,0.0909090909090886,0.2857142857142857,-0.89939132215388,0.4068172050154074
11.428571428571429,0.0028603261032564,-5.856819638532781,0.10101010101010106,0.2857142857142857,-1.1115316057069238,0.32905459303471923
11.428571428571429,0.0031772918183317,-5.751726074487876,0.11111111111110823,0.2857142857142857,-1.310901272680274,0.2695769844927589
11.428571428571429,0.0035293819426201,-5.646632510442922,0.1212121212121201,0.2857142857142857,-1.4992811310631233,0.22329061915702925
11.428571428571429,0.0039204887712936,-5.541538946397998,0.13131313131312908,0.2857142857142857,-1.6781131275487198,0.1867259719416859
11.428571428571429,0.0043549359224151,-5.436445382353058,0.14141414141413966,0.2857142857142857,-1.8486332025071481,0.15745222461542224
11.428571428571429,0.0048375261337845,-5.331351818308116,0.15151515151515035,0.2857142857142857,-2.0119255799356,0.1337309170113958
11.428571428571429,0.0053735943563712,-5.2262582542631755,0.16161616161616094,0.2857142857142857,-2.1689451949507066,0.11429811557779912
11.428571428571429,0.0059690667312704,-5.121164690218244,0.17171717171717069,0.2857142857142857,-2.320529019622908,0.09822161069824809
11.428571428571429,0.0066305261021638,-5.016071126173304,0.18181818181818118,0.2857142857142857,-2.46740478346414,0.08480466011870978
11.428571428571429,0.0073652847875129,-4.910977562128371,0.19191919191919102,0.2857142857142857,-2.6101999803336704,0.0735198397707627
11.428571428571429,0.0081814654169699,-4.80588399808343,0.20202020202020168,0.2857142857142857,-2.749451680537035,0.06396292370908072
11.428571428571429,0.0090880907256374,-4.700790434038493,0.21212121212121193,0.2857142857142857,-2.8856168151818253,0.05582034807742026
11.428571428571429,0.0100951832988382,-4.595696869993551,0.22222222222222263,0.2857142857142857,-3.0190824184296816,0.048846018011113934
11.428571428571429,0.0112138763700549,-4.490603305948624,0.23232323232323193,0.2857142857142857,-3.1501753900321297,0.04284461169019497
11.428571428571429,0.0124565368968931,-4.385509741903686,0.24242424242424226,0.2857142857142857,-3.279171486916202,0.03765944522848497
11.428571428571429,0.013836902275649,-4.280416177858747,0.2525252525252527,0.2857142857142857,-3.406303391123532,0.033163566801549346
11.428571428571429,0.0153702322058399,-4.175322613813814,0.26262626262626254,0.2857142857142857,-3.53176780716185,0.029253156190936335
11.428571428571429,0.0170734773835322,-4.07022904976888,0.2727272727272725,0.2857142857142857,-3.655731612616886,0.025842583804901845
11.428571428571429,0.0189654668883421,-3.9651354857239447,0.2828282828282826,0.2857142857142857,-3.77833712780419,0.022860674215608126
11.428571428571429,0.0210671163356406,-3.8600419216790063,0.292929292929293,0.2857142857142857,-3.8997065911615225,0.02024785147291588
11.428571428571429,0.0234016590950486,-3.7549483576340705,0.3030303030303031,0.2857142857142857,-4.01994593398518,0.017953935611011277
11.428571428571429,0.0259949031313031,-3.649854793589135,0.3131313131313132,0.2857142857142857,-4.139147946387352,0.015936424409259877
11.428571428571429,0.0288755163068248,-3.5447612295442013,0.32323232323232315,0.2857142857142857,-4.2573949198145975,0.014159140102082513
11.428571428571429,0.0320753432999582,-3.4396676654992664,0.33333333333333315,0.2857142857142857,-4.374760842667135,0.012591153148984258
11.428571428571429,0.0356297576423598,-3.3345741014543298,0.34343434343434337,0.2857142857142857,-4.491313216104125,0.01120591835041097
11.428571428571429,0.0395780527672466,-3.229480537409394,0.3535353535353535,0.2857142857142857,-4.607114547970114,0.009980575270652072
11.428571428571429,0.0439638763914761,-3.1243869733644574,0.3636363636363637,0.2857142857142857,-4.722223574453773,0.008895377008426375
11.428571428571429,0.048835713033475,-3.019293409319523,0.3737373737373737,0.2857142857142857,-4.836696251827406,0.00793322016629409
11.428571428571429,0.0542474200011699,-2.914199845274587,0.3838383838383838,0.2857142857142857,-4.950586554463938,0.007079255342196425
11.428571428571429,0.060258822775172,-2.8091062812296523,0.3939393939393938,0.2857142857142857,-5.063947110214396,0.006320562256057674
11.428571428571429,0.0669363763690749,-2.7040127171847166,0.404040404040404,0.2857142857142857,-5.1768297000012025,0.005645877196034401
11.428571428571429,0.0743538999780876,-2.5989191531397813,0.4141414141414141,0.2857142857142857,-5.289285644935412,0.005045363153386392
11.428571428571429,0.0825933930374168,-2.493825589094845,0.42424242424242425,0.2857142857142857,-5.401366101164428,0.0045104150487040705
11.428571428571429,0.0917459417117808,-2.38873202504991,0.4343434343434343,0.2857142857142857,-5.513122279752298,0.004033494005557714
11.428571428571429,0.101912725837141,-2.283638461004973,0.44444444444444453,0.2857142857142857,-5.624605605948785,0.0036079858235932233
11.428571428571429,0.113206137446215,-2.1785448969600347,0.4545454545454549,0.2857142857142857,-5.735867829005911,0.003228079731191854
11.428571428571429,0.125751023242877,-2.0734513329151003,0.46464646464646486,0.2857142857142857,-5.846961090097278,0.0028886642235352606
11.428571428571429,0.139686064760787,-1.9683577688701692,0.47474747474747453,0.2857142857142857,-5.9579379518120765,0.002585237363554092
11.428571428571429,0.155165311463659,-1.8632642048252352,0.48484848484848453,0.2857142857142857,-6.068851388166696,0.002313829376660501
11.428571428571429,0.172359883735326,-1.7581706407802946,0.49494949494949514,0.2857142857142857,-6.179754729271781,0.002070935732269105
11.428571428571429,0.19145986458586,-1.6530770767353593,0.5050505050505052,0.2857142857142857,-6.290701550038812,0.0018534591962669621
11.428571428571429,0.212676400986239,-1.5479835126904273,0.5151515151515149,0.2857142857142857,-6.401745488114738,0.001658659574386758
11.428571428571429,0.236244038061438,-1.442889948645492,0.5252525252525251,0.2857142857142857,-6.512939973294313,0.0014841100589198571
11.428571428571429,0.262423311946047,-1.3377963846005527,0.5353535353535355,0.2857142857142857,-6.624337849876033,0.0013276592497767354
11.428571428571429,0.291503629965987,-1.2327028205556183,0.5454545454545455,0.2857142857142857,-6.735990875889966,0.0011873980529478806
11.428571428571429,0.323806469986239,-1.1276092565106834,0.5555555555555556,0.2857142857142857,-6.847949090096791,0.0010616307707621542
11.428571428571429,0.359688934292802,-1.0225156924657481,0.5656565656565656,0.2857142857142857,-6.960260050517919,0.0009488497935742584
11.428571428571429,0.399547697296443,-0.9174221284208132,0.5757575757575757,0.2857142857142857,-7.0729679684050595,0.0008477133852419292
11.428571428571429,0.443823390699414,-0.8123285643758777,0.5858585858585857,0.2857142857142857,-7.186112790229209,0.000757026127774184
11.428571428571429,0.49300547460239,-0.707235000330941,0.5959595959595959,0.2857142857142857,-7.299729318237639,0.0006757216559701857
11.428571428571429,0.547637648400869,-0.6021414362860068,0.606060606060606,0.2857142857142857,-7.4138465072349025,0.0006028473722826812
11.428571428571429,0.608323861287565,-0.49704787224107067,0.6161616161616161,0.2857142857142857,-7.528487129708928,0.0005375508865949058
11.428571428571429,0.67573498880583,-0.39195430819613525,0.6262626262626262,0.2857142857142857,-7.643668058890064,0.0004790679757195379
11.428571428571429,0.750616249262273,-0.2868607441511999,0.6363636363636362,0.2857142857142857,-7.759401471661831,0.0004267119034355212
11.428571428571429,0.833795441985706,-0.18176718010626372,0.6464646464646464,0.2857142857142857,-7.875697307151993,0.00037986398362341664
11.428571428571429,0.926192098504948,-0.07667361606132911,0.6565656565656565,0.2857142857142857,-7.992567312620232,0.00033796530603372654
11.428571428571429,1.02882764781018,0.028419947983610284,0.666666666666667,0.2857142857142857,-8.110030939117607,0.00030050957554641816
11.428571428571429,1.142836708073,0.1335135120285407,0.6767676767676766,0.2857142857142857,-8.228123182073602,0.00026703704013894086
11.428571428571429,1.2694796296533,0.23860707607348014,0.686868686868687,0.2857142857142857,-8.346904159761957,0.00023712949829138137
11.428571428571429,1.41015642805352,0.3437006401184105,0.6969696969696967,0.2857142857142857,-8.46646975151743,0.00021040638059947135
11.428571428571429,1.56642226084696,0.44879420416335164,0.7070707070707073,0.2857142857142857,-8.58696195575638,0.0001865218895071159
11.428571428571429,1.74000461967455,0.5538877682082868,0.7171717171717173,0.2857142857142857,-8.708576776554374,0.00016516315134760892
11.428571428571429,1.93282242736499,0.6589813322532224,0.7272727272727274,0.2857142857142857,-8.831566440855736,0.00014604928264429448
11.428571428571429,2.14700725129329,0.7640748962981553,0.7373737373737373,0.2857142857142857,-8.956231662820887,0.00012893119566634637
11.428571428571429,2.38492686748792,0.8691684603430914,0.7474747474747475,0.2857142857142857,-9.08289865572146,0.00011359186607178931
11.428571428571429,2.64921143598352,0.9742620243880249,0.7575757575757573,0.2857142857142857,-9.211874974121011,9.984665747549417e-05
11.428571428571429,2.94278257678333,1.0793555884329629,0.7676767676767676,0.2857142857142857,-9.343378831229831,8.754314230221816e-05
11.428571428571429,3.26888566786082,1.184449152477898,0.7777777777777777,0.2857142857142857,-9.477439906586536,7.655968642872365e-05
11.428571428571429,3.63112572224959,1.289542716522833,0.7878787878787878,0.2857142857142857,-9.61377831137065,6.680194832062068e-05
11.428571428571429,4.0335072408363,1.3946362805677694,0.797979797979798,0.2857142857142857,-9.751684009629114,5.8196577568021516e-05
11.428571428571429,4.48047848142245,1.4997298446127043,0.808080808080808,0.2857142857142857,-9.889938371221216,5.0682069372030534e-05
11.428571428571429,4.97698063344183,1.6048234086576407,0.8181818181818182,0.2857142857142857,-10.026830324781718,4.419803067304442e-05
11.428571428571429,5.52850244195146,1.7099169727025751,0.8282828282828283,0.2857142857142857,-10.16030394259197,3.867551124484607e-05
11.428571428571429,6.14114088475497,1.8150105367475111,0.8383838383838383,0.2857142857142857,-10.28822556318853,3.403144651887036e-05
11.428571428571429,6.8216685734332,1.9201041007924453,0.8484848484848483,0.2857142857142857,-10.408698549671021,3.016891254563799e-05
11.428571428571429,7.57760862338904,2.0251976648373815,0.8585858585858586,0.2857142857142857,-10.520324132200212,2.69824438237535e-05
11.428571428571429,8.41731782058148,2.1302912288823177,0.8686868686868686,0.2857142857142857,-10.622331880879326,2.436575534594375e-05
11.428571428571429,9.35007900434302,2.2353847929272526,0.8787878787878787,0.2857142857142857,-10.714564856319184,2.221895385000264e-05
11.428571428571429,10.3862036875563,2.3404783569721936,0.8888888888888893,0.2857142857142857,-10.797359798303283,2.0453433376355776e-05
11.428571428571429,11.5371460486378,2.445571921017128,0.8989898989898993,0.2857142857142857,-10.871383896389563,1.899406689231232e-05
11.428571428571429,12.8156295554912,2.550665485062058,0.909090909090909,0.2857142857142857,-10.937479079234002,1.7779239897147276e-05
11.428571428571429,14.2357876212352,2.6557590491069942,0.919191919191919,0.2857142857142857,-10.996541013404022,1.67595717791965e-05
11.428571428571429,15.8133198466305,2.7608526131519304,0.9292929292929293,0.2857142857142857,-11.04943907763457,1.5896063188000258e-05
11.428571428571429,17.5656655764397,2.865946177196865,0.9393939393939392,0.2857142857142857,-11.096971572452716,1.5158159768007024e-05
11.428571428571429,19.5121966883548,2.9710397412417997,0.9494949494949493,0.2857142857142857,-11.139846318694024,1.452199271449152e-05
11.428571428571429,21.6744317457404,3.0761333052867346,0.9595959595959593,0.2857142857142857,-11.178677267207876,1.396889805476344e-05
11.428571428571429,24.0762738816144,3.1812268693316703,0.9696969696969694,0.2857142857142857,-11.21398996669965,1.3484226450752139e-05
11.428571428571429,26.744275043632,3.2863204333766105,0.97979797979798,0.2857142857142857,-11.246231119977821,1.305641309530303e-05
11.428571428571429,29.707929521255,3.3914139974215445,0.98989898989899,0.2857142857142857,-11.275779364583585,1.2676263049402676e-05
11.428571428571429,33.0,3.4965075614664802,1.0,0.2857142857142857,-11.302955729605154,1.2336407237056299e-05
12.244897959183675,0.001,-6.907755278982137,0.0,0.30612244897959184,4.503376372402918,90.32157632911112
12.244897959183675,0.001110814537795,-6.802661714937222,0.010101010101008117,0.30612244897959184,2.8790311209895254,17.797021662907365
12.244897959183675,0.0012339089373767,-6.697568150892323,0.020202020202014698,0.30612244897959184,1.7355749976505306,5.672188361289807
12.244897959183675,0.0013706439859533,-6.592474586847349,0.030303030303028534,0.30612244897959184,1.0009122567444158,2.720762730828186
12.244897959183675,0.0015225312657382,-6.487381022802441,0.04040404040403597,0.30612244897959184,0.502463283839829,1.6527875453007816
12.244897959183675,0.0016912498642295,-6.382287458757476,0.05050505050504887,0.30612244897959184,0.126794717487479,1.1351839604454335
12.244897959183675,0.00187866493623,-6.277193894712534,0.06060606060605963,0.30612244897959184,-0.18309398025455031,0.8326898956513423
12.244897959183675,0.00208684832281,-6.172100330667619,0.07070707070706775,0.30612244897959184,-0.4542610385772039,0.6349169737885826
12.244897959183675,0.0023181014551505,-6.067006766622687,0.08080808080807748,0.30612244897959184,-0.6997818856543517,0.4966936279831052
12.244897959183675,0.002574980796465,-5.961913202577741,0.0909090909090886,0.30612244897959184,-0.9263578489075663,0.39599335470851377
12.244897959183675,0.0028603261032564,-5.856819638532781,0.10101010101010106,0.30612244897959184,-1.1377754648451572,0.32053126238189655
12.244897959183675,0.0031772918183317,-5.751726074487876,0.11111111111110823,0.30612244897959184,-1.3364692290885245,0.262771819701822
12.244897959183675,0.0035293819426201,-5.646632510442922,0.1212121212121201,0.30612244897959184,-1.5242234508547916,0.21779011594376677
12.244897959183675,0.0039204887712936,-5.541538946397998,0.13131313131312908,0.30612244897959184,-1.702481730659591,0.18223071485772577
12.244897959183675,0.0043549359224151,-5.436445382353058,0.14141414141413966,0.30612244897959184,-1.8724791185877256,0.1537420442134148
12.244897959183675,0.0048375261337845,-5.331351818308116,0.15151515151515035,0.30612244897959184,-2.0352967632032692,0.13064170709927364
12.244897959183675,0.0053735943563712,-5.2262582542631755,0.16161616161616094,0.30612244897959184,-2.191885026966795,0.11170598124165305
12.244897959183675,0.0059690667312704,-5.121164690218244,0.17171717171717069,0.30612244897959184,-2.3430754960088804,0.09603183806284422
12.244897959183675,0.0066305261021638,-5.016071126173304,0.18181818181818118,0.30612244897959184,-2.489590252992342,0.08294394564681795
12.244897959183675,0.0073652847875129,-4.910977562128371,0.19191919191919102,0.30612244897959184,-2.632051277941119,0.07193076081926854
12.244897959183675,0.0081814654169699,-4.80588399808343,0.20202020202020168,0.30612244897959184,-2.7709905125000036,0.06259996797235085
12.244897959183675,0.0090880907256374,-4.700790434038493,0.21212121212121193,0.30612244897959184,-2.90686028549497,0.054647036895283635
12.244897959183675,0.0100951832988382,-4.595696869993551,0.22222222222222263,0.30612244897959184,-3.040043616581897,0.04783280314532325
12.244897959183675,0.0112138763700549,-4.490603305948624,0.23232323232323193,0.30612244897959184,-3.1708639864993517,0.041967323034687726
12.244897959183675,0.0124565368968931,-4.385509741903686,0.24242424242424226,0.30612244897959184,-3.2995943025818564,0.036898133842745706
12.244897959183675,0.013836902275649,-4.280416177858747,0.2525252525252527,0.30612244897959184,-3.4264649210601457,0.03250163377011805
12.244897959183675,0.0153702322058399,-4.175322613813814,0.26262626262626254,0.30612244897959184,-3.5516706889124734,0.028676689783066506
12.244897959183675,0.0170734773835322,-4.07022904976888,0.2727272727272725,0.30612244897959184,-3.6753770354767137,0.025339849699084732
12.244897959183675,0.0189654668883421,-3.9651354857239447,0.2828282828282826,0.30612244897959184,-3.797725183608763,0.022421719180602845
12.244897959183675,0.0210671163356406,-3.8600419216790063,0.292929292929293,0.30612244897959184,-3.918836569492585,0.019864191912666213
12.244897959183675,0.0234016590950486,-3.7549483576340705,0.3030303030303031,0.30612244897959184,-4.038816566052574,0.017618310189501458
12.244897959183675,0.0259949031313031,-3.649854793589135,0.3131313131313132,0.30612244897959184,-4.157757602512835,0.01564259553809501
12.244897959183675,0.0288755163068248,-3.5447612295442013,0.32323232323232315,0.30612244897959184,-4.275741765686067,0.013901733064947096
12.244897959183675,0.0320753432999582,-3.4396676654992664,0.33333333333333315,0.30612244897959184,-4.39284295951808,0.012365524515761733
12.244897959183675,0.0356297576423598,-3.3345741014543298,0.34343434343434337,0.30612244897959184,-4.509128689812189,0.011008047422334539
12.244897959183675,0.0395780527672466,-3.229480537409394,0.3535353535353535,0.30612244897959184,-4.62466153182924,0.009806973822628733
12.244897959183675,0.0439638763914761,-3.1243869733644574,0.3636363636363637,0.30612244897959184,-4.739500330097715,0.008743013715029554
12.244897959183675,0.048835713033475,-3.019293409319523,0.3737373737373737,0.30612244897959184,-4.853701172490985,0.007799456926712283
12.244897959183675,0.0542474200011699,-2.914199845274587,0.3838383838383838,0.30612244897959184,-4.967318174471983,0.006961793336939152
12.244897959183675,0.060258822775172,-2.8091062812296523,0.3939393939393938,0.30612244897959184,-5.08040410428816,0.0062173960318252924
12.244897959183675,0.0669363763690749,-2.7040127171847166,0.404040404040404,0.30612244897959184,-5.1930108756640525,0.0055552554260303874
12.244897959183675,0.0743538999780876,-2.5989191531397813,0.4141414141414141,0.30612244897959184,-5.305189930977524,0.004965754988166337
12.244897959183675,0.0825933930374168,-2.493825589094845,0.42424242424242425,0.30612244897959184,-5.416992534783344,0.004440481178902355
12.244897959183675,0.0917459417117808,-2.38873202504991,0.4343434343434343,0.30612244897959184,-5.528469994618433,0.003972061718133541
12.244897959183675,0.101912725837141,-2.283638461004973,0.44444444444444453,0.30612244897959184,-5.639673823051435,0.00355402745901463
12.244897959183675,0.113206137446215,-2.1785448969600347,0.4545454545454549,0.30612244897959184,-5.750655851720647,0.0031806940486212303
12.244897959183675,0.125751023242877,-2.0734513329151003,0.46464646464646486,0.30612244897959184,-5.861468304489088,0.002847060260801027
12.244897959183675,0.139686064760787,-1.9683577688701692,0.47474747474747453,0.30612244897959184,-5.972163832764564,0.0025487204431104077
12.244897959183675,0.155165311463659,-1.8632642048252352,0.48484848484848453,0.30612244897959184,-6.0827955115227885,0.0022817889613154173
12.244897959183675,0.172359883735326,-1.7581706407802946,0.49494949494949514,0.30612244897959184,-6.193416789802336,0.0020428348778156655
12.244897959183675,0.19145986458586,-1.6530770767353593,0.5050505050505052,0.30612244897959184,-6.3040813847350945,0.0018288253842651415
12.244897959183675,0.212676400986239,-1.5479835126904273,0.5151515151515149,0.30612244897959184,-6.414843104033069,0.0016370767387274452
12.244897959183675,0.236244038061438,-1.442889948645492,0.5252525252525251,0.30612244897959184,-6.525755578958159,0.0014652116456045333
12.244897959183675,0.262423311946047,-1.3377963846005527,0.5353535353535355,0.30612244897959184,-6.636871889038036,0.0013111221714402817
12.244897959183675,0.291503629965987,-1.2327028205556183,0.5454545454545455,0.30612244897959184,-6.748244062231779,0.0011729374186931522
12.244897959183675,0.323806469986239,-1.1276092565106834,0.5555555555555556,0.30612244897959184,-6.859922441138878,0.0010489952883527057
12.244897959183675,0.359688934292802,-1.0225156924657481,0.5656565656565656,0.30612244897959184,-6.971954918553345,0.0009378177553061328
12.244897959183675,0.399547697296443,-0.9174221284208132,0.5757575757575757,0.30612244897959184,-7.084386065585952,0.0008380891611519762
12.244897959183675,0.443823390699414,-0.8123285643758777,0.5858585858585857,0.30612244897959184,-7.197256203959981,0.00074863710043784
12.244897959183675,0.49300547460239,-0.707235000330941,0.5959595959595959,0.30612244897959184,-7.310600511737872,0.0006684155401499012
12.244897959183675,0.547637648400869,-0.6021414362860068,0.606060606060606,0.30612244897959184,-7.424448298566334,0.0005964898702394843
12.244897959183675,0.608323861287565,-0.49704787224107067,0.6161616161616161,0.30612244897959184,-7.538822640861882,0.000532023636093763
12.244897959183675,0.67573498880583,-0.39195430819613525,0.6262626262626262,0.30612244897959184,-7.653740624998608,0.0004742667527742816
12.244897959183675,0.750616249262273,-0.2868607441511999,0.6363636363636362,0.30612244897959184,-7.769214499579009,0.00042254504579710474
12.244897959183675,0.833795441985706,-0.18176718010626372,0.6464646464646464,0.30612244897959184,-7.8852540732434395,0.0003762510040838179
12.244897959183675,0.926192098504948,-0.07667361606132911,0.6565656565656565,0.30612244897959184,-8.001870692789911,0.00033483566699167474
12.244897959183675,1.02882764781018,0.028419947983610284,0.666666666666667,0.30612244897959184,-8.119083071088363,0.00029780159818551186
12.244897959183675,1.142836708073,0.1335135120285407,0.6767676767676766,0.30612244897959184,-8.236925072277938,0.00026469692326506474
12.244897959183675,1.2694796296533,0.23860707607348014,0.686868686868687,0.30612244897959184,-8.355455266238538,0.00023511042366692144
12.244897959183675,1.41015642805352,0.3437006401184105,0.6969696969696967,0.30612244897959184,-8.474767600903853,0.00020866768384161208
12.244897959183675,1.56642226084696,0.44879420416335164,0.7070707070707073,0.30612244897959184,-8.595001886937386,0.00018502827866156865
12.244897959183675,1.74000461967455,0.5538877682082868,0.7171717171717173,0.30612244897959184,-8.716351944710446,0.0001638839594828883
12.244897959183675,1.93282242736499,0.6589813322532224,0.7272727272727274,0.30612244897959184,-8.839068260933571,0.00014495774657605058
12.244897959183675,2.14700725129329,0.7640748962981553,0.7373737373737373,0.30612244897959184,-8.963450915253874,0.00012800376054045997
12.244897959183675,2.38492686748792,0.8691684603430914,0.7474747474747475,0.30612244897959184,-9.08982750614776,0.00011280752544950722
12.244897959183675,2.64921143598352,0.9742620243880249,0.7575757575757573,0.30612244897959184,-9.2185101393108,9.91863514517865e-05
12.244897959183675,2.94278257678333,1.0793555884329629,0.7676767676767676,0.30612244897959184,-9.349725982794372,8.698925238074558e-05
12.244897959183675,3.26888566786082,1.184449152477898,0.7777777777777777,0.30612244897959184,-9.483519025453212,7.609568279012829e-05
12.244897959183675,3.63112572224959,1.289542716522833,0.7878787878787878,0.30612244897959184,-9.619628991669252,6.641225258188492e-05
12.244897959183675,4.0335072408363,1.3946362805677694,0.797979797979798,0.30612244897959184,-9.757368769683868,5.7866682563930626e-05
12.244897959183675,4.48047848142245,1.4997298446127043,0.808080808080808,0.30612244897959184,-9.895541412622881,5.0398889713538826e-05
12.244897959183675,4.97698063344183,1.6048234086576407,0.8181818181818182,0.30612244897959184,-10.032449807662253,4.3950357146659304e-05
12.244897959183675,5.52850244195146,1.7099169727025751,0.8282828282828283,0.30612244897959184,-10.166038240898605,3.8454368980033425e-05
12.244897959183675,6.14114088475497,1.8150105367475111,0.8383838383838383,0.30612244897959184,-10.294157208326839,3.383018156084741e-05
12.244897959183675,6.8216685734332,1.9201041007924453,0.8484848484848483,0.30612244897959184,-10.414881402232517,2.998295806438146e-05
12.244897959183675,7.57760862338904,2.0251976648373815,0.8585858585858586,0.30612244897959184,-10.526778067138954,2.680886163342999e-05
12.244897959183675,8.41731782058148,2.1302912288823177,0.8686868686868686,0.30612244897959184,-10.62904569837007,2.4202716032046257e-05
12.244897959183675,9.35007900434302,2.2353847929272526,0.8787878787878787,0.30612244897959184,-10.721504782136856,2.2065289783884727e-05
12.244897959183675,10.3862036875563,2.3404783569721936,0.8888888888888893,0.30612244897959184,-10.804479706024509,2.0308324013772358e-05
12.244897959183675,11.5371460486378,2.445571921017128,0.8989898989898993,0.30612244897959184,-10.878634207531558,1.8856852023816914e-05
12.244897959183675,12.8156295554912,2.550665485062058,0.909090909090909,0.30612244897959184,-10.944812933514532,1.764932650774315e-05
12.244897959183675,14.2357876212352,2.6557590491069942,0.919191919191919,0.30612244897959184,-11.003917658351561,1.6636397234692857e-05
12.244897959183675,15.8133198466305,2.7608526131519304,0.9292929292929293,0.30612244897959184,-11.056825118003918,1.577908675171026e-05
12.244897959183675,17.5656655764397,2.865946177196865,0.9393939393939392,0.30612244897959184,-11.10434086586765,1.5046865425047078e-05
12.244897959183675,19.5121966883548,2.9710397412417997,0.9494949494949493,0.30612244897959184,-11.147179169284755,1.4415894587905352e-05
12.244897959183675,21.6744317457404,3.0761333052867346,0.9595959595959593,0.30612244897959184,-11.18595935755405,1.3867544756914972e-05
12.244897959183675,24.0762738816144,3.1812268693316703,0.9696969696969694,0.30612244897959184,-11.221211282105116,1.3387203337428847e-05
12.244897959183675,26.744275043632,3.2863204333766105,0.97979797979798,0.30612244897959184,-11.253384988234902,1.2963342540282574e-05
12.244897959183675,29.707929521255,3.3914139974215445,0.98989898989899,0.30612244897959184,-11.28286165491468,1.2586803238284154e-05
12.244897959183675,33.0,3.4965075614664802,1.0,0.30612244897959184,-11.309964212030408,1.2250250012104574e-05
13.061224489795919,0.001,-6.907755278982137,0.0,0.326530612244898,4.448758344574767,85.52069082120435
13.061224489795919,0.001110814537795,-6.802661714937222,0.010101010101008117,0.326530612244898,2.8306529945676124,16.956529731980027
13.061224489795919,0.0012339089373767,-6.697568150892323,0.020202020202014698,0.326530612244898,1.6944198195371374,5.443486844154426
13.061224489795919,0.0013706439859533,-6.592474586847349,0.030303030303028534,0.326530612244898,0.9645015199178218,2.6234795781604547
13.061224489795919,0.0015225312657382,-6.487381022802441,0.04040404040403597,0.326530612244898,0.4687244115869778,1.597954560306205
13.061224489795919,0.0016912498642295,-6.382287458757476,0.05050505050504887,0.326530612244898,0.09466002048449125,1.0992850571867339
13.061224489795919,0.00187866493623,-6.277193894712534,0.06060606060605963,0.326530612244898,-0.2140975325303739,0.807269646131661
13.061224489795919,0.00208684832281,-6.172100330667619,0.07070707070706775,0.326530612244898,-0.4843337674233764,0.6161075309679344
13.061224489795919,0.0023181014551505,-6.067006766622687,0.08080808080807748,0.326530612244898,-0.7290142893026579,0.4823842471313734
13.061224489795919,0.002574980796465,-5.961913202577741,0.0909090909090886,0.326530612244898,-0.9548036063837307,0.3848877266233068
13.061224489795919,0.0028603261032564,-5.856819638532781,0.10101010101010106,0.326530612244898,-1.1654810377762967,0.3117726515321775
13.061224489795919,0.0031772918183317,-5.751726074487876,0.11111111111110823,0.326530612244898,-1.3634835292946934,0.2557682470977578
13.061224489795919,0.0035293819426201,-5.646632510442922,0.1212121212121201,0.326530612244898,-1.550598939725235,0.2121208881457481
13.061224489795919,0.0039204887712936,-5.541538946397998,0.13131313131312908,0.326530612244898,-1.72827239707723,0.17759095174969836
13.061224489795919,0.0043549359224151,-5.436445382353058,0.14141414141413966,0.326530612244898,-1.8977378426340543,0.14990734996299307
13.061224489795919,0.0048375261337845,-5.331351818308116,0.15151515151515035,0.326530612244898,-2.060073096129844,0.12744465384337597
13.061224489795919,0.0053735943563712,-5.2262582542631755,0.16161616161616094,0.326530612244898,-2.216223694254928,0.10902002541159186
13.061224489795919,0.0059690667312704,-5.121164690218244,0.17171717171717069,0.326530612244898,-2.367015603311216,0.09376012656129183
13.061224489795919,0.0066305261021638,-5.016071126173304,0.18181818181818118,0.326530612244898,-2.5131650527693656,0.08101142760080261
13.061224489795919,0.0073652847875129,-4.910977562128371,0.19191919191919102,0.326530612244898,-2.655288332003361,0.07027857218212041
13.061224489795919,0.0081814654169699,-4.80588399808343,0.20202020202020168,0.326530612244898,-2.793912105280134,0.0611813970599811
13.061224489795919,0.0090880907256374,-4.700790434038493,0.21212121212121193,0.326530612244898,-2.9294839755171806,0.05342459943472855
13.061224489795919,0.0100951832988382,-4.595696869993551,0.22222222222222263,0.326530612244898,-3.062382845815459,0.04677610207906319
13.061224489795919,0.0112138763700549,-4.490603305948624,0.23232323232323193,0.326530612244898,-3.1929286939844226,0.041051467526756556
13.061224489795919,0.0124565368968931,-4.385509741903686,0.24242424242424226,0.326530612244898,-3.3213915088755757,0.03610255975286318
13.061224489795919,0.013836902275649,-4.280416177858747,0.2525252525252527,0.326530612244898,-3.4479992643696864,0.031809214584259414
13.061224489795919,0.0153702322058399,-4.175322613813814,0.26262626262626254,0.326530612244898,-3.5729449034898466,0.028073059378986638
13.061224489795919,0.0170734773835322,-4.07022904976888,0.2727272727272725,0.326530612244898,-3.6963923691707246,0.02481288090864306
13.061224489795919,0.0189654668883421,-3.9651354857239447,0.2828282828282826,0.326530612244898,-3.818481755417393,0.021961117944493493
13.061224489795919,0.0210671163356406,-3.8600419216790063,0.292929292929293,0.326530612244898,-3.939333670303228,0.01946117798683618
13.061224489795919,0.0234016590950486,-3.7549483576340705,0.3030303030303031,0.326530612244898,-4.059052907049069,0.017265363278259928
13.061224489795919,0.0259949031313031,-3.649854793589135,0.3131313131313132,0.326530612244898,-4.177731516347701,0.015333251374025287
13.061224489795919,0.0288755163068248,-3.5447612295442013,0.32323232323232315,0.326530612244898,-4.295451365719646,0.01363041800517127
13.061224489795919,0.0320753432999582,-3.4396676654992664,0.33333333333333315,0.326530612244898,-4.412286262381713,0.012127420146292735
13.061224489795919,0.0356297576423598,-3.3345741014543298,0.34343434343434337,0.326530612244898,-4.528303706368569,0.010798978783905287
13.061224489795919,0.0395780527672466,-3.229480537409394,0.3535353535353535,0.326530612244898,-4.643566331347435,0.009623316421571342
13.061224489795919,0.0439638763914761,-3.1243869733644574,0.3636363636363637,0.326530612244898,-4.758133082173107,0.008581615622885222
13.061224489795919,0.048835713033475,-3.019293409319523,0.3737373737373737,0.326530612244898,-4.872060170942773,0.007657573116567894
13.061224489795919,0.0542474200011699,-2.914199845274587,0.3838383838383838,0.326530612244898,-4.985401847151363,0.006837030034317234
13.061224489795919,0.060258822775172,-2.8091062812296523,0.3939393939393938,0.326530612244898,-5.098211012428376,0.006107663331416375
13.061224489795919,0.0669363763690749,-2.7040127171847166,0.404040404040404,0.326530612244898,-5.210539706093755,0.005458726784371816
13.061224489795919,0.0743538999780876,-2.5989191531397813,0.4141414141414141,0.326530612244898,-5.322439484193151,0.004880832476626582
13.061224489795919,0.0825933930374168,-2.493825589094845,0.42424242424242425,0.326530612244898,-5.433961711526602,0.004365765592817895
13.061224489795919,0.0917459417117808,-2.38873202504991,0.4343434343434343,0.326530612244898,-5.5451577832258225,0.003906326802527436
13.061224489795919,0.101912725837141,-2.283638461004973,0.44444444444444453,0.326530612244898,-5.656079289432664,0.003496197640606053
13.061224489795919,0.113206137446215,-2.1785448969600347,0.4545454545454549,0.326530612244898,-5.76677813338586,0.0031298251663514514
13.061224489795919,0.125751023242877,-2.0734513329151003,0.46464646464646486,0.326530612244898,-5.877306609591266,0.002802322869176282
13.061224489795919,0.139686064760787,-1.9683577688701692,0.47474747474747453,0.326530612244898,-5.987717444668765,0.0025093853290112183
13.061224489795919,0.155165311463659,-1.8632642048252352,0.48484848484848453,0.326530612244898,-6.098063798977733,0.002247214569086419
13.061224489795919,0.172359883735326,-1.7581706407802946,0.49494949494949514,0.326530612244898,-6.208399222392678,0.002012456382108925
13.061224489795919,0.19145986458586,-1.6530770767353593,0.5050505050505052,0.326530612244898,-6.318777552952516,0.0018021451873005052
13.061224489795919,0.212676400986239,-1.5479835126904273,0.5151515151515149,0.326530612244898,-6.42925274303183,0.0016136561999113527
13.061224489795919,0.236244038061438,-1.442889948645492,0.5252525252525251,0.326530612244898,-6.539878594855433,0.0014446638780013317
13.061224489795919,0.262423311946047,-1.3377963846005527,0.5353535353535355,0.326530612244898,-6.650708386465055,0.0012931057623217135
13.061224489795919,0.291503629965987,-1.2327028205556183,0.5454545454545455,0.326530612244898,-6.761794371704926,0.0011571509509852307
13.061224489795919,0.323806469986239,-1.1276092565106834,0.5555555555555556,0.326530612244898,-6.873187144649028,0.0010351725567651932
13.061224489795919,0.359688934292802,-1.0225156924657481,0.5656565656565656,0.326530612244898,-6.984934871500603,0.0009257235856465517
13.061224489795919,0.399547697296443,-0.9174221284208132,0.5757575757575757,0.326530612244898,-7.097082412742195,0.0008275157540708495
13.061224489795919,0.443823390699414,-0.8123285643758777,0.5858585858585857,0.326530612244898,-7.209670386454791,0.000739400831830608
13.061224489795919,0.49300547460239,-0.707235000330941,0.5959595959595959,0.326530612244898,-7.3227342610905595,0.0006603541598112613
13.061224489795919,0.547637648400869,-0.6021414362860068,0.606060606060606,0.326530612244898,-7.436303612534778,0.0005894600482578664
13.061224489795919,0.608323861287565,-0.49704787224107067,0.6161616161616161,0.326530612244898,-7.55040173444243,0.0005258988130064097
13.061224489795919,0.67573498880583,-0.39195430819613525,0.6262626262626262,0.326530612244898,-7.665045848517173,0.00046893525479881705
13.061224489795919,0.750616249262273,-0.2868607441511999,0.6363636363636362,0.326530612244898,-7.780248214873968,0.000417908430647705
13.061224489795919,0.833795441985706,-0.18176718010626372,0.6464646464646464,0.326530612244898,-7.896018479104664,0.00037222260612375385
13.061224489795919,0.926192098504948,-0.07667361606132911,0.6565656565656565,0.326530612244898,-8.012367593007518,0.0003313393129494508
13.061224489795919,1.02882764781018,0.028419947983610284,0.666666666666667,0.326530612244898,-8.129313583871394,0.0002947704665811112
13.061224489795919,1.142836708073,0.1335135120285407,0.6767676767676766,0.326530612244898,-8.246889289812422,0.0002620725223057107
13.061224489795919,1.2694796296533,0.23860707607348014,0.686868686868687,0.326530612244898,-8.365151889167374,0.000232841663972177
13.061224489795919,1.41015642805352,0.3437006401184105,0.6969696969696967,0.326530612244898,-8.484193595665293,0.0002067100242859122
13.061224489795919,1.56642226084696,0.44879420416335164,0.7070707070707073,0.326530612244898,-8.604152244735369,0.00018334292625722432
13.061224489795919,1.74000461967455,0.5538877682082868,0.7171717171717173,0.326530612244898,-8.725219659047674,0.00016243710795998568
13.061224489795919,1.93282242736499,0.6589813322532224,0.7272727272727274,0.326530612244898,-8.847644684475718,0.0001437198435239634
13.061224489795919,2.14700725129329,0.7640748962981553,0.7373737373737373,0.326530612244898,-8.97172670209969,0.0001269488000379503
13.061224489795919,2.38492686748792,0.8691684603430914,0.7474747474747475,0.326530612244898,-9.097794380980126,0.00011191237253440686
13.061224489795919,2.64921143598352,0.9742620243880249,0.7575757575757573,0.326530612244898,-9.226163730254264,9.843011733541081e-05
13.061224489795919,2.94278257678333,1.0793555884329629,0.7676767676767676,0.326530612244898,-9.357069842613107,8.635275553796009e-05
13.061224489795919,3.26888566786082,1.184449152477898,0.7777777777777777,0.326530612244898,-9.490569633378525,7.556104892760692e-05
13.061224489795919,3.63112572224959,1.289542716522833,0.7878787878787878,0.326530612244898,-9.626420871544365,6.59627168644843e-05
13.061224489795919,4.0335072408363,1.3946362805677694,0.797979797979798,0.326530612244898,-9.76395795648638,5.748664163823215e-05
13.061224489795919,4.48047848142245,1.4997298446127043,0.808080808080808,0.326530612244898,-9.902004840398979,5.007419059491331e-05
13.061224489795919,4.97698063344183,1.6048234086576407,0.8181818181818182,0.326530612244898,-10.038878653057438,4.36687133876206e-05
13.061224489795919,5.52850244195146,1.7099169727025751,0.8282828282828283,0.326530612244898,-10.17252541207316,3.8205716304297375e-05
13.061224489795919,6.14114088475497,1.8150105367475111,0.8383838383838383,0.326530612244898,-10.300782262290056,3.3606795571596655e-05
13.061224489795919,6.8216685734332,1.9201041007924453,0.8484848484848483,0.326530612244898,-10.42169809001297,2.9779268632891194e-05
13.061224489795919,7.57760862338904,2.0251976648373815,0.8585858585858586,0.326530612244898,-10.533808735416587,2.6621038455293533e-05
13.061224489795919,8.41731782058148,2.1302912288823177,0.8686868686868686,0.326530612244898,-10.636283478793127,2.4028174496372322e-05
13.061224489795919,9.35007900434302,2.2353847929272526,0.8787878787878787,0.326530612244898,-10.728921249557072,2.1902248623138842e-05
13.061224489795919,10.3862036875563,2.3404783569721936,0.8888888888888893,0.326530612244898,-10.81203437930943,2.0155479333637326e-05
13.061224489795919,11.5371460486378,2.445571921017128,0.8989898989898993,0.326530612244898,-10.886282951762578,1.8713170975961296e-05
13.061224489795919,12.8156295554912,2.550665485062058,0.909090909090909,0.326530612244898,-10.952513850974006,1.7513932499251667e-05
13.061224489795919,14.2357876212352,2.6557590491069942,0.919191919191919,0.326530612244898,-11.011634363443632,1.650851312003563e-05
13.061224489795919,15.8133198466305,2.7608526131519304,0.9292929292929293,0.326530612244898,-11.064527975780532,1.5658009609286543e-05
13.061224489795919,17.5656655764397,2.865946177196865,0.9393939393939392,0.326530612244898,-11.11200693230777,1.4931956168733752e-05
13.061224489795919,19.5121966883548,2.9710397412417997,0.9494949494949493,0.326530612244898,-11.154791453083938,1.430657332721545e-05
13.061224489795919,21.6744317457404,3.0761333052867346,0.9595959595959593,0.326530612244898,-11.193505825134327,1.3763287661164574e-05
13.061224489795919,24.0762738816144,3.1812268693316703,0.9696969696969694,0.326530612244898,-11.228683850407247,1.328753938273293e-05
13.061224489795919,26.744275043632,3.2863204333766105,0.97979797979798,0.326530612244898,-11.26077862450848,1.286784975512587e-05
13.061224489795919,29.707929521255,3.3914139974215445,0.98989898989899,0.326530612244898,-11.290173626270763,1.2495104551182825e-05
13.061224489795919,33.0,3.4965075614664802,1.0,0.326530612244898,-11.317193486555368,1.2162008935558319e-05
13.877551020408163,0.001,-6.907755278982137,0.0,0.3469387755102041,4.391877890893071,80.7919951661191
13.877551020408163,0.001110814537795,-6.802661714937222,0.010101010101008117,0.3469387755102041,2.7803250112915014,16.12426066328079
13.877551020408163,0.0012339089373767,-6.697568150892323,0.020202020202014698,0.3469387755102041,1.6514868096404884,5.214727373120497
13.877551020408163,0.0013706439859533,-6.592474586847349,0.030303030303028534,0.3469387755102041,0.9263737432510911,2.5253350405487005
13.877551020408163,0.0015225312657382,-6.487381022802441,0.04040404040403597,0.3469387755102041,0.433293142505721,1.5423282764146153
13.877551020408163,0.0016912498642295,-6.382287458757476,0.05050505050504887,0.3469387755102041,0.06085144755083789,1.0627410296776367
13.877551020408163,0.00187866493623,-6.277193894712534,0.06060606060605963,0.3469387755102041,-0.24675534025216195,0.7813318305973016
13.877551020408163,0.00208684832281,-6.172100330667619,0.07070707070706775,0.3469387755102041,-0.5160397268803927,0.5968796800356889
13.877551020408163,0.0023181014551505,-6.067006766622687,0.08080808080807748,0.3469387755102041,-0.7598587141412875,0.46773250633056723
13.877551020408163,0.002574980796465,-5.961913202577741,0.0909090909090886,0.3469387755102041,-0.9848411616312671,0.3734985481254041
13.877551020408163,0.0028603261032564,-5.856819638532781,0.10101010101010106,0.3469387755102041,-1.1947599280791732,0.302776633625663
13.877551020408163,0.0031772918183317,-5.751726074487876,0.11111111111110823,0.3469387755102041,-1.3920547633374656,0.24856403927198378
13.877551020408163,0.0035293819426201,-5.646632510442922,0.1212121212121201,0.3469387755102041,-1.5785171351784562,0.2062807580021966
13.877551020408163,0.0039204887712936,-5.541538946397998,0.13131313131312908,0.3469387755102041,-1.7555935766776545,0.1728046390397557
13.877551020408163,0.0043549359224151,-5.436445382353058,0.14141414141413966,0.3469387755102041,-1.9245167037577555,0.1459462751005792
13.877551020408163,0.0048375261337845,-5.331351818308116,0.15151515151515035,0.3469387755102041,-2.0863607558098223,0.12413808356466319
13.877551020408163,0.0053735943563712,-5.2262582542631755,0.16161616161616094,0.3469387755102041,-2.2420661929455776,0.10623876765591563
13.877551020408163,0.0059690667312704,-5.121164690218244,0.17171717171717069,0.3469387755102041,-2.3924531304833594,0.09140517978830276
13.877551020408163,0.0066305261021638,-5.016071126173304,0.18181818181818118,0.3469387755102041,-2.538231741402406,0.07900597935017512
13.877551020408163,0.0073652847875129,-4.910977562128371,0.19191919191919102,0.3469387755102041,-2.6800124508518883,0.06856230048991499
13.877551020408163,0.0081814654169699,-4.80588399808343,0.20202020202020168,0.3469387755102041,-2.8183165003595327,0.05970637380619772
13.877551020408163,0.0090880907256374,-4.700790434038493,0.21212121212121193,0.3469387755102041,-2.9535866467282728,0.05215231816111105
13.877551020408163,0.0100951832988382,-4.595696869993551,0.22222222222222263,0.3469387755102041,-3.0861975779063404,0.04567530140172004
13.877551020408163,0.0112138763700549,-4.490603305948624,0.23232323232323193,0.3469387755102041,-3.216465688311344,0.040096521730827665
13.877551020408163,0.0124565368968931,-4.385509741903686,0.24242424242424226,0.3469387755102041,-3.3446579828481764,0.035272276818504894
13.877551020408163,0.013836902275649,-4.280416177858747,0.2525252525252527,0.3469387755102041,-3.4709999998776793,0.031085929187532713
13.877551020408163,0.0153702322058399,-4.175322613813814,0.26262626262626254,0.3469387755102041,-3.5956827353195644,0.027441941196346218
13.877551020408163,0.0170734773835322,-4.07022904976888,0.2727272727272725,0.3469387755102041,-3.7188686107008033,0.0242614014136851
13.877551020408163,0.0189654668883421,-3.9651354857239447,0.2828282828282826,0.3469387755102041,-3.840696562774662,0.021478634915633465
13.877551020408163,0.0210671163356406,-3.8600419216790063,0.292929292929293,0.3469387755102041,-3.9612863484455345,0.019038608249209513
13.877551020408163,0.0234016590950486,-3.7549483576340705,0.3030303030303031,0.3469387755102041,-4.080742162479386,0.01689492222128416
13.877551020408163,0.0259949031313031,-3.649854793589135,0.3131313131313132,0.3469387755102041,-4.199155661736756,0.01500824350649797
13.877551020408163,0.0288755163068248,-3.5447612295442013,0.32323232323232315,0.3469387755102041,-4.316608481879309,0.013345066915285175
13.877551020408163,0.0320753432999582,-3.4396676654992664,0.33333333333333315,0.3469387755102041,-4.433174322956622,0.01187672919838249
13.877551020408163,0.0356297576423598,-3.3345741014543298,0.34343434343434337,0.3469387755102041,-4.548920670406665,0.010578616037622939
13.877551020408163,0.0395780527672466,-3.229480537409394,0.3535353535353535,0.3469387755102041,-4.6639102086380335,0.009429518834255253
13.877551020408163,0.0439638763914761,-3.1243869733644574,0.3636363636363637,0.3469387755102041,-4.778201975942748,0.008411108755430101
13.877551020408163,0.048835713033475,-3.019293409319523,0.3737373737373737,0.3469387755102041,-4.8918523021944695,0.007507503422762516
13.877551020408163,0.0542474200011699,-2.914199845274587,0.3838383838383838,0.3469387755102041,-5.004915564628727,0.006704907455679211
13.877551020408163,0.060258822775172,-2.8091062812296523,0.3939393939393938,0.3469387755102041,-5.117444791880802,0.005991312402846186
13.877551020408163,0.0669363763690749,-2.7040127171847166,0.404040404040404,0.3469387755102041,-5.22949214220508,0.00535624482272144
13.877551020408163,0.0743538999780876,-2.5989191531397813,0.4141414141414141,0.3469387755102041,-5.341109278204479,0.00479055370501024
13.877551020408163,0.0825933930374168,-2.493825589094845,0.42424242424242425,0.3469387755102041,-5.452347657224909,0.004286230270274789
13.877551020408163,0.0917459417117808,-2.38873202504991,0.4343434343434343,0.3469387755102041,-5.563258753576746,0.003836254597570309
13.877551020408163,0.101912725837141,-2.283638461004973,0.44444444444444453,0.3469387755102041,-5.67389422570663,0.003434464620036666
13.877551020408163,0.113206137446215,-2.1785448969600347,0.4545454545454549,0.3469387755102041,-5.784306038165219,0.0030754438761758673
13.877551020408163,0.125751023242877,-2.0734513329151003,0.46464646464646486,0.3469387755102041,-5.894546544563597,0.0027544250689451356
13.877551020408163,0.139686064760787,-1.9683577688701692,0.47474747474747453,0.3469387755102041,-6.004668533624984,0.002467207009251831
13.877551020408163,0.155165311463659,-1.8632642048252352,0.48484848484848453,0.3469387755102041,-6.11472523596563,0.002210082937302133
13.877551020408163,0.172359883735326,-1.7581706407802946,0.49494949494949514,0.3469387755102041,-6.224770284551429,0.0019797785488389606
13.877551020408163,0.19145986458586,-1.6530770767353593,0.5050505050505052,0.3469387755102041,-6.334857617194646,0.0017733983220517813
13.877551020408163,0.212676400986239,-1.5479835126904273,0.5151515151515149,0.3469387755102041,-6.445041305463415,0.0015883789589917552
13.877551020408163,0.236244038061438,-1.442889948645492,0.5252525252525251,0.3469387755102041,-6.555375291639556,0.001422448933627859
13.877551020408163,0.262423311946047,-1.3377963846005527,0.5353535353535355,0.3469387755102041,-6.665913014730136,0.0012735932857819215
13.877551020408163,0.291503629965987,-1.2327028205556183,0.5454545454545455,0.3469387755102041,-6.77670690905322,0.0011400229228061244
13.877551020408163,0.323806469986239,-1.1276092565106834,0.5555555555555556,0.3469387755102041,-6.88780776578741,0.0010201477943229164
13.877551020408163,0.359688934292802,-1.0225156924657481,0.5656565656565656,0.3469387755102041,-6.999263960435713,0.0009125533938276983
13.877551020408163,0.399547697296443,-0.9174221284208132,0.5757575757575757,0.3469387755102041,-7.111120568782854,0.0008159801177635514
13.877551020408163,0.443823390699414,-0.8123285643758777,0.5858585858585857,0.3469387755102041,-7.223418421873003,0.0007293050803952157
13.877551020408163,0.49300547460239,-0.707235000330941,0.5959595959595959,0.3469387755102041,-7.336193187648414,0.0006515260434192739
13.877551020408163,0.547637648400869,-0.6021414362860068,0.606060606060606,0.3469387755102041,-7.449474613164431,0.00058174717422456
13.877551020408163,0.608323861287565,-0.49704787224107067,0.6161616161616161,0.3469387755102041,-7.563286115213519,0.0005191663970932122
13.877551020408163,0.67573498880583,-0.39195430819613525,0.6262626262626262,0.3469387755102041,-7.677644964791962,0.00046306414804025704
13.877551020408163,0.750616249262273,-0.2868607441511999,0.6363636363636362,0.3469387755102041,-7.792563364543805,0.00041279338668866145
13.877551020408163,0.833795441985706,-0.18176718010626372,0.6464646464646464,0.3469387755102041,-7.9080507555417014,0.00036777075747736323
13.877551020408163,0.926192098504948,-0.07667361606132911,0.6565656565656565,0.3469387755102041,-8.024117691628858,0.0003274688271713606
13.877551020408163,1.02882764781018,0.028419947983610284,0.666666666666667,0.3469387755102041,-8.1407815600495,0.00029140935530055033
13.877551020408163,1.142836708073,0.1335135120285407,0.6767676767676766,0.3469387755102041,-8.258074273561977,0.0002591575775962926
13.877551020408163,1.2694796296533,0.23860707607348014,0.686868686868687,0.3469387755102041,-8.376051774996139,0.0002303174979700922
13.877551020408163,1.41015642805352,0.3437006401184105,0.6969696969696967,0.3469387755102041,-8.494804745499497,0.0002045281896055432
13.877551020408163,1.56642226084696,0.44879420416335164,0.7070707070707073,0.3469387755102041,-8.614469268862653,0.0001814610969943666
13.877551020408163,1.74000461967455,0.5538877682082868,0.7171717171717173,0.3469387755102041,-8.735235374882912,0.00016081830431664552
13.877551020408163,1.93282242736499,0.6589813322532224,0.7272727272727274,0.3469387755102041,-8.85735039497912,0.00014233168774528646
13.877551020408163,2.14700725129329,0.7640748962981553,0.7373737373737373,0.3469387755102041,-8.981112981970131,0.00012576279785323608
13.877551020408163,2.38492686748792,0.8691684603430914,0.7474747474747475,0.3469387755102041,-9.106852599877651,0.00011090322321452951
13.877551020408163,2.64921143598352,0.9742620243880249,0.7575757575757573,0.3469387755102041,-9.23488855137862,9.757506767013742e-05
13.877551020408163,2.94278257678333,1.0793555884329629,0.7676767676767676,0.3469387755102041,-9.365462849606278,8.563102922054792e-05
13.877551020408163,3.26888566786082,1.184449152477898,0.7777777777777777,0.3469387755102041,-9.498643951137167,7.495340147895647e-05
13.877551020408163,3.63112572224959,1.289542716522833,0.7878787878787878,0.3469387755102041,-9.634206049241259,6.545117918184936e-05
13.877551020408163,4.0335072408363,1.3946362805677694,0.797979797979798,0.3469387755102041,-9.771503523078628,5.705450476469242e-05
13.877551020408163,4.48047848142245,1.4997298446127043,0.808080808080808,0.3469387755102041,-9.909380257542876,4.970623114632798e-05
13.877551020408163,4.97698063344183,1.6048234086576407,0.8181818181818182,0.3469387755102041,-10.046167700577593,4.335156731117389e-05
13.877551020408163,5.52850244195146,1.7099169727025751,0.8282828282828283,0.3469387755102041,-10.179814953236052,3.7928226777060096e-05
13.877551020408163,6.14114088475497,1.8150105367475111,0.8383838383838383,0.3469387755102041,-10.308148246602293,3.3360157922324854e-05
13.877551020408163,6.8216685734332,1.9201041007924453,0.8484848484848483,0.3469387755102041,-10.429193611018146,2.95568919550097e-05
13.877551020408163,7.57760862338904,2.0251976648373815,0.8585858585858586,0.3469387755102041,-10.54145825653396,2.641817714460777e-05
13.877551020408163,8.41731782058148,2.1302912288823177,0.8686868686868686,0.3469387755102041,-10.644084340369634,2.384146323437902e-05
13.877551020408163,9.35007900434302,2.2353847929272526,0.8787878787878787,0.3469387755102041,-10.736850458312421,2.1729267828318962e-05
13.877551020408163,10.3862036875563,2.3404783569721936,0.8888888888888893,0.3469387755102041,-10.820057324276153,1.9994419981242653e-05
13.877551020408163,11.5371460486378,2.445571921017128,0.8989898989898993,0.3469387755102041,-10.89436123978416,1.8562609549092444e-05
13.877551020408163,12.8156295554912,2.550665485062058,0.909090909090909,0.3469387755102041,-10.960610863753738,1.7372694538417026e-05
13.877551020408163,14.2357876212352,2.6557590491069942,0.919191919191919,0.3469387755102041,-11.01971838298353,1.637559595374248e-05
13.877551020408163,15.8133198466305,2.7608526131519304,0.9292929292929293,0.3469387755102041,-11.072573394546168,1.5532539770433048e-05
13.877551020408163,17.5656655764397,2.865946177196865,0.9393939393939392,0.3469387755102041,-11.119994232576179,1.4813165192359405e-05
13.877551020408163,19.5121966883548,2.9710397412417997,0.9494949494949493,0.3469387755102041,-11.16270653812829,1.4193782545798667e-05
13.877551020408163,21.6744317457404,3.0761333052867346,0.9595959595959593,0.3469387755102041,-11.201339101707164,1.3655897181153508e-05
13.877551020408163,24.0762738816144,3.1812268693316703,0.9696969696969694,0.3469387755102041,-11.236429295418008,1.3185019022554024e-05
13.877551020408163,26.744275043632,3.2863204333766105,0.97979797979798,0.3469387755102041,-11.268432950025911,1.2769731039737741e-05
13.877551020408163,29.707929521255,3.3914139974215445,0.98989898989899,0.3469387755102041,-11.297735584206258,1.2400973452431176e-05
13.877551020408163,33.0,3.4965075614664802,1.0,0.3469387755102041,-11.324663315249122,1.2071499278909937e-05
14.693877551020408,0.001,-6.907755278982137,0.0,0.3673469387755102,4.332669295314818,76.14727509514756
14.693877551020408,0.001110814537795,-6.802661714937222,0.010101010101008117,0.3673469387755102,2.727967199968863,15.301749985100603
14.693877551020408,0.0012339089373767,-6.697568150892323,0.020202020202014698,0.3673469387755102,1.6066728266386874,4.986193667666234
14.693877551020408,0.0013706439859533,-6.592474586847349,0.030303030303028534,0.3673469387755102,0.8864114275658094,2.4264066730303386
14.693877551020408,0.0015225312657382,-6.487381022802441,0.04040404040403597,0.3673469387755102,0.39604567828220283,1.4859371910595542
14.693877551020408,0.0016912498642295,-6.382287458757476,0.05050505050504887,0.3673469387755102,0.025243024322566712,1.0255643273174413
14.693877551020408,0.00187866493623,-6.277193894712534,0.06060606060605963,0.3673469387755102,-0.2811937095266111,0.7548820934634574
14.693877551020408,0.00208684832281,-6.172100330667619,0.07070707070706775,0.3673469387755102,-0.5495047512498505,0.5772356148192805
14.693877551020408,0.0023181014551505,-6.067006766622687,0.08080808080807748,0.3673469387755102,-0.7924401690601104,0.4527386873488469
14.693877551020408,0.002574980796465,-5.961913202577741,0.0909090909090886,0.3673469387755102,-1.016594534197623,0.36182502723125654
14.693877551020408,0.0028603261032564,-5.856819638532781,0.10101010101010106,0.3673469387755102,-1.2257350791025967,0.29354184452206217
14.693877551020408,0.0031772918183317,-5.751726074487876,0.11111111111110823,0.3673469387755102,-1.4223047411177523,0.24115757014272662
14.693877551020408,0.0035293819426201,-5.646632510442922,0.1212121212121201,0.3673469387755102,-1.608098667216412,0.20026802848140782
14.693877551020408,0.0039204887712936,-5.541538946397998,0.13131313131312908,0.3673469387755102,-1.7845646773655643,0.1678701227603962
14.693877551020408,0.0043549359224151,-5.436445382353058,0.14141414141413966,0.3673469387755102,-1.9529338481622005,0.14185727277424046
14.693877551020408,0.0048375261337845,-5.331351818308116,0.15151515151515035,0.3673469387755102,-2.114276589758122,0.12072058848299531
14.693877551020408,0.0053735943563712,-5.2262582542631755,0.16161616161616094,0.3673469387755102,-2.2695280379167873,0.10336095102294535
14.693877551020408,0.0059690667312704,-5.121164690218244,0.17171717171717069,0.3673469387755102,-2.419502229244254,0.08896589105824848
14.693877551020408,0.0066305261021638,-5.016071126173304,0.18181818181818118,0.3673469387755102,-2.564903080615622,0.07692663676282344
14.693877551020408,0.0073652847875129,-4.910977562128371,0.19191919191919102,0.3673469387755102,-2.7063349832192505,0.06678111264736893
14.693877551020408,0.0081814654169699,-4.80588399808343,0.20202020202020168,0.3673469387755102,-2.8443136144044523,0.058174182960511744
14.693877551020408,0.0090880907256374,-4.700790434038493,0.21212121212121193,0.3673469387755102,-2.979276768618511,0.05082958212344944
14.693877551020408,0.0100951832988382,-4.595696869993551,0.22222222222222263,0.3673469387755102,-3.111594824039993,0.04452988135480604
14.693877551020408,0.0112138763700549,-4.490603305948624,0.23232323232323193,0.3673469387755102,-3.241580515204053,0.039102044857831746
14.693877551020408,0.0124565368968931,-4.385509741903686,0.24242424242424226,0.3673469387755102,-3.3694978015404606,0.03440691210368665
14.693877551020408,0.013836902275649,-4.280416177858747,0.2525252525252527,0.3673469387755102,-3.4955697365845713,0.030331462569005083
14.693877551020408,0.0153702322058399,-4.175322613813814,0.26262626262626254,0.3673469387755102,-3.619985329760198,0.026783069403806904
14.693877551020408,0.0170734773835322,-4.07022904976888,0.2727272727272725,0.3673469387755102,-3.7429054497890086,0.023685186942118183
14.693877551020408,0.0189654668883421,-3.9651354857239447,0.2828282828282826,0.3673469387755102,-3.864467851190071,0.020974080799970662
14.693877551020408,0.0210671163356406,-3.8600419216790063,0.292929292929293,0.3673469387755102,-3.9847914198346257,0.01859632274231598
14.693877551020408,0.0234016590950486,-3.7549483576340705,0.3030303030303031,0.3673469387755102,-4.103979736221727,0.016506851592750504
14.693877551020408,0.0259949031313031,-3.649854793589135,0.3131313131313132,0.3673469387755102,-4.222124050739877,0.014667456971842735
14.693877551020408,0.0288755163068248,-3.5447612295442013,0.32323232323232315,0.3673469387755102,-4.339305756993541,0.013045581864328217
14.693877551020408,0.0320753432999582,-3.4396676654992664,0.33333333333333315,0.3673469387755102,-4.45559843949697,0.01161336789662713
14.693877551020408,0.0356297576423598,-3.3345741014543298,0.34343434343434337,0.3673469387755102,-4.571069562039415,0.0103468871595434
14.693877551020408,0.0395780527672466,-3.229480537409394,0.3535353535353535,0.3673469387755102,-4.68578185360105,0.009225518786654693
14.693877551020408,0.0439638763914761,-3.1243869733644574,0.3636363636363637,0.3673469387755102,-4.799794440258351,0.008231438927582364
14.693877551020408,0.048835713033475,-3.019293409319523,0.3737373737373737,0.3673469387755102,-4.91316376422077,0.007349200374793954
14.693877551020408,0.0542474200011699,-2.914199845274587,0.3838383838383838,0.3673469387755102,-5.025944324985152,0.006565383710793331
14.693877551020408,0.060258822775172,-2.8091062812296523,0.3939393939393938,0.3673469387755102,-5.138189272472685,0.0058683060020484675
14.693877551020408,0.0669363763690749,-2.7040127171847166,0.404040404040404,0.3673469387755102,-5.249950877752025,0.005247776175412664
14.693877551020408,0.0743538999780876,-2.5989191531397813,0.4141414141414141,0.3673469387755102,-5.361280903336703,0.004694888556038229
14.693877551020408,0.0825933930374168,-2.493825589094845,0.42424242424242425,0.3673469387755102,-5.472230891840211,0.004201847826145256
14.693877551020408,0.0917459417117808,-2.38873202504991,0.4343434343434343,0.3673469387755102,-5.582852388740558,0.003761820027827656
14.693877551020408,0.101912725837141,-2.283638461004973,0.44444444444444453,0.3673469387755102,-5.693197111926171,0.003368805286292717
14.693877551020408,0.113206137446215,-2.1785448969600347,0.4545454545454549,0.3673469387755102,-5.803317077380426,0.003017528749706654
14.693877551020408,0.125751023242877,-2.0734513329151003,0.46464646464646486,0.3673469387755102,-5.913264686683945,0.002703346884742008
14.693877551020408,0.139686064760787,-1.9683577688701692,0.47474747474747453,0.3673469387755102,-6.023092777921939,0.0024221667748024088
14.693877551020408,0.155165311463659,-1.8632642048252352,0.48484848484848453,0.3673469387755102,-6.132854637130317,0.0021703764718829636
14.693877551020408,0.172359883735326,-1.7581706407802946,0.49494949494949514,0.3673469387755102,-6.242603962774741,0.0019447847765300663
14.693877551020408,0.19145986458586,-1.6530770767353593,0.5050505050505052,0.3673469387755102,-6.35239477125083,0.0017425690811765694
14.693877551020408,0.212676400986239,-1.5479835126904273,0.5151515151515149,0.3673469387755102,-6.462281227501509,0.001561230123888645
14.693877551020408,0.236244038061438,-1.442889948645492,0.5252525252525251,0.3673469387755102,-6.572317382224097,0.0013985526728346857
14.693877551020408,0.262423311946047,-1.3377963846005527,0.5353535353535355,0.3673469387755102,-6.682556796623639,0.0012525713048275882
14.693877551020408,0.291503629965987,-1.2327028205556183,0.5454545454545455,0.3673469387755102,-6.793052038280933,0.0011215405605918788
14.693877551020408,0.323806469986239,-1.1276092565106834,0.5555555555555556,0.3673469387755102,-6.903854038634145,0.0010039088600917137
14.693877551020408,0.359688934292802,-1.0225156924657481,0.5656565656565656,0.3673469387755102,-7.015011315140179,0.0008982956473777845
14.693877551020408,0.399547697296443,-0.9174221284208132,0.5757575757575757,0.3673469387755102,-7.1265690807474895,0.0008034713091657598
14.693877551020408,0.443823390699414,-0.8123285643758777,0.5858585858585857,0.3673469387755102,-7.238568291118225,0.0007183394772475905
14.693877551020408,0.49300547460239,-0.707235000330941,0.5959595959595959,0.3673469387755102,-7.35104471693493,0.0006419213837857575
14.693877551020408,0.547637648400869,-0.6021414362860068,0.606060606060606,0.3673469387755102,-7.464028174631877,0.0005733419919893736
14.693877551020408,0.608323861287565,-0.49704787224107067,0.6161616161616161,0.3673469387755102,-7.577542102531864,0.0005118176736326487
14.693877551020408,0.67573498880583,-0.39195430819613525,0.6262626262626262,0.3673469387755102,-7.6916037267700075,0.0004566452499772414
14.693877551020408,0.750616249262273,-0.2868607441511999,0.6363636363636362,0.3673469387755102,-7.80622511509234,0.00040719225416689734
14.693877551020408,0.833795441985706,-0.18176718010626372,0.6464646464646464,0.3673469387755102,-7.921415454236082,0.00036288831100113203
14.693877551020408,0.926192098504948,-0.07667361606132911,0.6565656565656565,0.3673469387755102,-8.037184889483548,0.00032321756375789865
14.693877551020408,1.02882764781018,0.028419947983610284,0.666666666666667,0.3673469387755102,-8.153550207407402,0.00028771210667054113
14.693877551020408,1.142836708073,0.1335135120285407,0.6767676767676766,0.3673469387755102,-8.27054249239124,0.0002559464046109966
14.693877551020408,1.2694796296533,0.23860707607348014,0.686868686868687,0.3673469387755102,-8.388216607762121,0.000227532696786437
14.693877551020408,1.41015642805352,0.3437006401184105,0.6969696969696967,0.3673469387755102,-8.506661908594404,0.00020211738639229663
14.693877551020408,1.56642226084696,0.44879420416335164,0.7070707070707073,0.3673469387755102,-8.626012961659367,0.00017937840991367533
14.693877551020408,1.74000461967455,0.5538877682082868,0.7171717171717173,0.3673469387755102,-8.746458226821193,0.00015902355424322228
14.693877551020408,1.93282242736499,0.6589813322532224,0.7272727272727274,0.3673469387755102,-8.868243672986097,0.0001407896433095136
14.693877551020408,2.14700725129329,0.7640748962981553,0.7373737373737373,0.3673469387755102,-8.991667227354752,0.00012444244633775162
14.693877551020408,2.38492686748792,0.8691684603430914,0.7474747474747475,0.3673469387755102,-9.117058910029524,0.00010977706724594663
14.693877551020408,2.64921143598352,0.9742620243880249,0.7575757575757573,0.3673469387755102,-9.244740743310311,9.661845945736819e-05
14.693877551020408,2.94278257678333,1.0793555884329629,0.7676767676767676,0.3673469387755102,-9.374960682259319,8.482157017340807e-05
14.693877551020408,3.26888566786082,1.184449152477898,0.7777777777777777,0.3673469387755102,-9.5077973394961,7.427045429515756e-05
14.693877551020408,3.63112572224959,1.289542716522833,0.7878787878787878,0.3673469387755102,-9.643039666320847,6.4875554693831e-05
14.693877551020408,4.0335072408363,1.3946362805677694,0.797979797979798,0.3673469387755102,-9.780060380702622,5.6568380305663397e-05
14.693877551020408,4.48047848142245,1.4997298446127043,0.808080808080808,0.3673469387755102,-9.917722160307083,4.929331126258692e-05
14.693877551020408,4.97698063344183,1.6048234086576407,0.8181818181818182,0.3673469387755102,-10.05437064244172,4.299741147056239e-05
14.693877551020408,5.52850244195146,1.7099169727025751,0.8282828282828283,0.3673469387755102,-10.187959194084481,3.7620584619602385e-05
14.693877551020408,6.14114088475497,1.8150105367475111,0.8383838383838383,0.3673469387755102,-10.316305505300718,3.3089137379100854e-05
14.693877551020408,6.8216685734332,1.9201041007924453,0.8484848484848483,0.3673469387755102,-10.43741577297317,2.9314866751166795e-05
14.693877551020408,7.57760862338904,2.0251976648373815,0.8585858585858586,0.3673469387755102,-10.549771535062805,2.6199465843366938e-05
14.693877551020408,8.41731782058148,2.1302912288823177,0.8686868686868686,0.3673469387755102,-10.652490147017335,2.3641896439253387e-05
14.693877551020408,9.35007900434302,2.2353847929272526,0.8787878787878787,0.3673469387755102,-10.745331302139054,2.1545764532663145e-05
14.693877551020408,10.3862036875563,2.3404783569721936,0.8888888888888893,0.3673469387755102,-10.828584681944022,1.9824645304172448e-05
14.693877551020408,11.5371460486378,2.445571921017128,0.8989898989898993,0.3673469387755102,-10.90290275561601,1.8404731942647597e-05
14.693877551020408,12.8156295554912,2.550665485062058,0.909090909090909,0.3673469387755102,-10.969135516905911,1.7225227787638725e-05
14.693877551020408,14.2357876212352,2.6557590491069942,0.919191919191919,0.3673469387755102,-11.028199427092286,1.623730107358074e-05
14.693877551020408,15.8133198466305,2.7608526131519304,0.9292929292929293,0.3673469387755102,-11.08098952083705,1.5402364508201776e-05
14.693877551020408,17.5656655764397,2.865946177196865,0.9393939393939392,0.3673469387755102,-11.128329581921676,1.4690205453673288e-05
14.693877551020408,19.5121966883548,2.9710397412417997,0.9494949494949493,0.3673469387755102,-11.170950102446547,1.4077256142803661e-05
14.693877551020408,21.6744317457404,3.0761333052867346,0.9595959595959593,0.3673469387755102,-11.2094838881493,1.3545124537066875e-05
14.693877551020408,24.0762738816144,3.1812268693316703,0.9696969696969694,0.3673469387755102,-11.244471472266422,1.3079408008264865e-05
14.693877551020408,26.744275043632,3.2863204333766105,0.97979797979798,0.3673469387755102,-11.276371082133888,1.2668764500814269e-05
14.693877551020408,29.707929521255,3.3914139974215445,0.98989898989899,0.3673469387755102,-11.305569997397647,1.230419868417643e-05
14.693877551020408,33.0,3.4965075614664802,1.0,0.3673469387755102,-11.332395592173157,1.197851904132874e-05
15.510204081632654,0.001,-6.907755278982137,0.0,0.38775510204081637,4.2710500943950445,71.59677953510473
15.510204081632654,0.001110814537795,-6.802661714937222,0.010101010101008117,0.38775510204081637,2.6734832765448213,14.490355302231242
15.510204081632654,0.0012339089373767,-6.697568150892323,0.020202020202014698,0.38775510204081637,1.5598597312540836,4.758153778063237
15.510204081632654,0.0013706439859533,-6.592474586847349,0.030303030303028534,0.38775510204081637,0.8444831023030374,2.32677479914404
15.510204081632654,0.0015225312657382,-6.487381022802441,0.04040404040403597,0.38775510204081637,0.35684479804218533,1.4288140978992543
15.510204081632654,0.0016912498642295,-6.382287458757476,0.05050505050504887,0.38775510204081637,-0.01230435714542226,0.9877710319354467
15.510204081632654,0.00187866493623,-6.277193894712534,0.06060606060605963,0.38775510204081637,-0.3175519028116215,0.7279288982373311
15.510204081632654,0.00208684832281,-6.172100330667619,0.07070707070706775,0.38775510204081637,-0.5848674980135896,0.5571796843362125
15.510204081632654,0.0023181014551505,-6.067006766622687,0.08080808080807748,0.38775510204081637,-0.826896367632792,0.43740472530438473
15.510204081632654,0.002574980796465,-5.961913202577741,0.0909090909090886,0.38775510204081637,-1.0502003313604178,0.3498676526273108
15.510204081632654,0.0028603261032564,-5.856819638532781,0.10101010101010106,0.38775510204081637,-1.2585419005751612,0.2840679239511501
15.510204081632654,0.0031772918183317,-5.751726074487876,0.11111111111110823,0.38775510204081637,-1.4543676106827819,0.2335480104780557
15.510204081632654,0.0035293819426201,-5.646632510442922,0.1212121212121201,0.38775510204081637,-1.639476368137166,0.19408164302015737
15.510204081632654,0.0039204887712936,-5.541538946397998,0.13131313131312908,0.38775510204081637,-1.8153171660287482,0.16278626992687925
15.510204081632654,0.0043549359224151,-5.436445382353058,0.14141414141413966,0.38775510204081637,-1.983119330829376,0.13763922470682352
15.510204081632654,0.0048375261337845,-5.331351818308116,0.15151515151515035,0.38775510204081637,-2.1439491979051972,0.11719111703771909
15.510204081632654,0.0053735943563712,-5.2262582542631755,0.16161616161616094,0.38775510204081637,-2.298736334703803,0.10038561742714855
15.510204081632654,0.0059690667312704,-5.121164690218244,0.17171717171717069,0.38775510204081637,-2.4482884755523697,0.0864414065450646
15.510204081632654,0.0066305261021638,-5.016071126173304,0.18181818181818118,0.38775510204081637,-2.5933030859865163,0.07477265124045201
15.510204081632654,0.0073652847875129,-4.910977562128371,0.19191919191919102,0.38775510204081637,-2.7343783579847045,0.06493436048660549
15.510204081632654,0.0081814654169699,-4.80588399808343,0.20202020202020168,0.38775510204081637,-2.872024267815801,0.05658426885570365
15.510204081632654,0.0090880907256374,-4.700790434038493,0.21212121212121193,0.38775510204081637,-3.0066735358876424,0.04945591877871203
15.510204081632654,0.0100951832988382,-4.595696869993551,0.22222222222222263,0.38775510204081637,-3.1386921405502415,0.04333944275189087
15.510204081632654,0.0112138763700549,-4.490603305948624,0.23232323232323193,0.38775510204081637,-3.2683890845036196,0.03806770155826808
15.510204081632654,0.0124565368968931,-4.385509741903686,0.24242424242424226,0.38775510204081637,-3.3960252246634584,0.03350618518975989
15.510204081632654,0.013836902275649,-4.280416177858747,0.2525252525252527,0.38775510204081637,-3.5218210848387472,0.02954558113653551
15.510204081632654,0.0153702322058399,-4.175322613813814,0.26262626262626254,0.38775510204081637,-3.6459636528417834,0.026096250007706778
15.510204081632654,0.0170734773835322,-4.07022904976888,0.2727272727272725,0.38775510204081637,-3.768612217294467,0.023084076750709916
15.510204081632654,0.0189654668883421,-3.9651354857239447,0.2828282828282826,0.38775510204081637,-3.889903329383197,0.02044732259768598
15.510204081632654,0.0210671163356406,-3.8600419216790063,0.292929292929293,0.38775510204081637,-4.009954987704826,0.01813421148091035
15.510204081632654,0.0234016590950486,-3.7549483576340705,0.3030303030303031,0.38775510204081637,-4.128870146006247,0.016101060396785116
15.510204081632654,0.0259949031313031,-3.649854793589135,0.3131313131313132,0.38775510204081637,-4.246739638568072,0.014310816363647309
15.510204081632654,0.0288755163068248,-3.5447612295442013,0.32323232323232315,0.38775510204081637,-4.36364460940359,0.012731900183531854
15.510204081632654,0.0320753432999582,-3.4396676654992664,0.33333333333333315,0.38775510204081637,-4.479658521442343,0.01133728393310108
15.510204081632654,0.0356297576423598,-3.3345741014543298,0.34343434343434337,0.38775510204081637,-4.594848811750665,0.010103748233516634
15.510204081632654,0.0395780527672466,-3.229480537409394,0.3535353535353535,0.38775510204081637,-4.709278249362751,0.009011279132361633
15.510204081632654,0.0439638763914761,-3.1243869733644574,0.3636363636363637,0.38775510204081637,-4.823006043838222,0.008042574433785452
15.510204081632654,0.048835713033475,-3.019293409319523,0.3737373737373737,0.38775510204081637,-4.936088745365411,0.007182636624985887
15.510204081632654,0.0542474200011699,-2.914199845274587,0.3838383838383838,0.38775510204081637,-5.048580971078604,0.006418434931891903
15.510204081632654,0.060258822775172,-2.8091062812296523,0.3939393939393938,0.38775510204081637,-5.1605359871353,0.00573862303308469
15.510204081632654,0.0669363763690749,-2.7040127171847166,0.404040404040404,0.38775510204081637,-5.27200617182772,0.005133301950297706
15.510204081632654,0.0743538999780876,-2.5989191531397813,0.4141414141414141,0.38775510204081637,-5.3830433813642165,0.004593819888185372
15.510204081632654,0.0825933930374168,-2.493825589094845,0.42424242424242425,0.38775510204081637,-5.493699236716632,0.004112602510168222
15.510204081632654,0.0917459417117808,-2.38873202504991,0.4343434343434343,0.38775510204081637,-5.604025346854838,0.0036830084512585732
15.510204081632654,0.101912725837141,-2.283638461004973,0.44444444444444453,0.38775510204081637,-5.714073480563619,0.0032992058843858323
15.510204081632654,0.113206137446215,-2.1785448969600347,0.4545454545454549,0.38775510204081637,-5.823895695681261,0.0029560667478688925
15.510204081632654,0.125751023242877,-2.0734513329151003,0.46464646464646486,0.38775510204081637,-5.933544430892577,0.002649075862617477
15.510204081632654,0.139686064760787,-1.9683577688701692,0.47474747474747453,0.38775510204081637,-6.043072561110304,0.002374252658522596
15.510204081632654,0.155165311463659,-1.8632642048252352,0.48484848484848453,0.38775510204081637,-6.152533413046396,0.002128083620245993
15.510204081632654,0.172359883735326,-1.7581706407802946,0.49494949494949514,0.38775510204081637,-6.261980732989112,0.0019074638757571333
15.510204081632654,0.19145986458586,-1.6530770767353593,0.5050505050505052,0.38775510204081637,-6.371468594383005,0.00170964660360689
15.510204081632654,0.212676400986239,-1.5479835126904273,0.5151515151515149,0.38775510204081637,-6.481051229033702,0.0015321991402029193
15.510204081632654,0.236244038061438,-1.442889948645492,0.5252525252525251,0.38775510204081637,-6.590782763274179,0.0013729648364403668
15.510204081632654,0.262423311946047,-1.3377963846005527,0.5353535353535355,0.38775510204081637,-6.7007168400594415,0.0012300298518944388
15.510204081632654,0.291503629965987,-1.2327028205556183,0.5454545454545455,0.38775510204081637,-6.810906110706068,0.0011016941906544723
15.510204081632654,0.323806469986239,-1.1276092565106834,0.5555555555555556,0.38775510204081637,-6.9214015870327605,0.000986446380712253
15.510204081632654,0.359688934292802,-1.0225156924657481,0.5656565656565656,0.38775510204081637,-7.03225185728593,0.0008829412825180571
15.510204081632654,0.399547697296443,-0.9174221284208132,0.5757575757575757,0.38775510204081637,-7.1435021887927705,0.0007899805849698204
15.510204081632654,0.443823390699414,-0.8123285643758777,0.5858585858585857,0.38775510204081637,-7.2551935680009985,0.0007064956111216692
15.510204081632654,0.49300547460239,-0.707235000330941,0.5959595959595959,0.38775510204081637,-7.367361765282659,0.0006315321131541944
15.510204081632654,0.547637648400869,-0.6021414362860068,0.606060606060606,0.38775510204081637,-7.480036557622406,0.0005642367880401847
15.510204081632654,0.608323861287565,-0.49704787224107067,0.6161616161616161,0.38775510204081637,-7.593241295633239,0.0005038452928560779
15.510204081632654,0.67573498880583,-0.39195430819613525,0.6262626262626262,0.38775510204081637,-7.70699305842717,0.000449671582448393
15.510204081632654,0.750616249262273,-0.2868607441511999,0.6363636363636362,0.38775510204081637,-7.821303693360208,0.00040109843243529765
15.510204081632654,0.833795441985706,-0.18176718010626372,0.6464646464646464,0.38775510204081637,-7.93618207533302,0.00035756904724475045
15.510204081632654,0.926192098504948,-0.07667361606132911,0.6565656565656565,0.38775510204081637,-8.051637923730716,0.00031857968567863484
15.510204081632654,1.02882764781018,0.028419947983610284,0.666666666666667,0.38775510204081637,-8.167687458776912,0.00028367326462641986
15.510204081632654,1.142836708073,0.1335135120285407,0.6767676767676766,0.38775510204081637,-8.284361030968633,0.0002524339239129081
15.510204081632654,1.2694796296533,0.23860707607348014,0.686868686868687,0.38775510204081637,-8.401712581195104,0.0002244825502004491
15.510204081632654,1.41015642805352,0.3437006401184105,0.6969696969696967,0.38775510204081637,-8.519830350640792,0.00019947326300502252
15.510204081632654,1.56642226084696,0.44879420416335164,0.7070707070707073,0.38775510204081637,-8.638847634963764,0.00017709085801726087
15.510204081632654,1.74000461967455,0.5538877682082868,0.7171717171717173,0.38775510204081637,-8.758951564688942,0.00015704917820515078
15.510204081632654,1.93282242736499,0.6589813322532224,0.7272727272727274,0.38775510204081637,-8.880386922427878,0.0001390903379776159
15.510204081632654,2.14700725129329,0.7640748962981553,0.7373737373737373,0.38775510204081637,-9.003450942687117,0.00012298465792518883
15.510204081632654,2.38492686748792,0.8691684603430914,0.7474747474747475,0.38775510204081637,-9.1284739969795,0.00010853107754836837
15.510204081632654,2.64921143598352,0.9742620243880249,0.7575757575757573,0.38775510204081637,-9.255780286913438,9.555770167520784e-05
15.510204081632654,2.94278257678333,1.0793555884329629,0.7676767676767676,0.38775510204081637,-9.385622755412513,8.392200054772025e-05
15.510204081632654,3.26888566786082,1.184449152477898,0.7777777777777777,0.38775510204081637,-9.5180887870818,7.351002348618989e-05
15.510204081632654,3.63112572224959,1.289542716522833,0.7878787878787878,0.38775510204081637,-9.652980383654555,6.423383997944205e-05
15.510204081632654,4.0335072408363,1.3946362805677694,0.797979797979798,0.38775510204081637,-9.789686859108619,5.60264386938966e-05
15.510204081632654,4.48047848142245,1.4997298446127043,0.808080808080808,0.38775510204081637,-9.927088379171154,4.883377474002885e-05
15.510204081632654,4.97698063344183,1.6048234086576407,0.8181818181818182,0.38775510204081637,-10.063544442985672,4.260476557509734e-05
15.510204081632654,5.52850244195146,1.7099169727025751,0.8282828282828283,0.38775510204081637,-10.197013695369513,3.7281486486775354e-05
15.510204081632654,6.14114088475497,1.8150105367475111,0.8383838383838383,0.38775510204081637,-10.325307585328398,3.279260303185917e-05
15.510204081632654,6.8216685734332,1.9201041007924453,0.8484848484848483,0.38775510204081637,-10.446415559998744,2.9052222836132758e-05
15.510204081632654,7.57760862338904,2.0251976648373815,0.8585858585858586,0.38775510204081637,-10.558796617925202,2.5964077291511906e-05
15.510204081632654,8.41731782058148,2.1302912288823177,0.8686868686868686,0.38775510204081637,-10.661545859462912,2.3428768691705632e-05
15.510204081632654,9.35007900434302,2.2353847929272526,0.8787878787878787,0.38775510204081637,-10.75440571555906,2.1351133773400874e-05
15.510204081632654,10.3862036875563,2.3404783569721936,0.8888888888888893,0.38775510204081637,-10.83765557138122,1.964563127417684e-05
15.510204081632654,11.5371460486378,2.445571921017128,0.8989898989898993,0.38775510204081637,-10.91194409610964,1.8239078487561003e-05
15.510204081632654,12.8156295554912,2.550665485062058,0.909090909090909,0.38775510204081637,-10.978122203973982,1.7071123536303504e-05
15.510204081632654,14.2357876212352,2.6557590491069942,0.919191919191919,0.38775510204081637,-11.037109993007132,1.609326022785774e-05
15.510204081632654,15.8133198466305,2.7608526131519304,0.9292929292929293,0.38775510204081637,-11.089807230882027,1.5267147950274094e-05
15.510204081632654,17.5656655764397,2.865946177196865,0.9393939393939392,0.38775510204081637,-11.137042472043682,1.4562767291237932e-05
15.510204081632654,19.5121966883548,2.9710397412417997,0.9494949494949493,0.38775510204081637,-11.179550451256283,1.3956705959554378e-05
15.510204081632654,21.6744317457404,3.0761333052867346,0.9595959595959593,0.38775510204081637,-11.217967466845064,1.3430699460457978e-05
15.510204081632654,24.0762738816144,3.1812268693316703,0.9696969696969694,0.38775510204081637,-11.252836775032328,1.2970451164155342e-05
15.510204081632654,26.744275043632,3.2863204333766105,0.97979797979798,0.38775510204081637,-11.284618637260564,1.2564707863479101e-05
15.510204081632654,29.707929521255,3.3914139974215445,0.98989898989899,0.38775510204081637,-11.313701796035438,1.220454913224216e-05
15.510204081632654,33.0,3.4965075614664802,1.0,0.38775510204081637,-11.340414637313005,1.1882846868846058e-05
16.3265306122449,0.001,-6.907755278982137,0.0,0.40816326530612246,4.206917616055943,67.14924074506408
16.3265306122449,0.001110814537795,-6.802661714937222,0.010101010101008117,0.40816326530612246,2.6167579131062837,13.691263286686368
16.3265306122449,0.0012339089373767,-6.697568150892323,0.020202020202014698,0.40816326530612246,1.5109123834004514,4.530862793046186
16.3265306122449,0.0013706439859533,-6.592474586847349,0.030303030303028534,0.40816326530612246,0.8004417261004467,2.2265242251661093
16.3265306122449,0.0015225312657382,-6.487381022802441,0.04040404040403597,0.40816326530612246,0.3155384474658381,1.3709973222828558
16.3265306122449,0.0016912498642295,-6.382287458757476,0.05050505050504887,0.40816326530612246,-0.05194426081687402,0.949381783133187
16.3265306122449,0.00187866493623,-6.277193894712534,0.06060606060605963,0.40816326530612246,-0.3559834168357393,0.7004842363840899
16.3265306122449,0.00208684832281,-6.172100330667619,0.07070707070706775,0.40816326530612246,-0.622280700878835,0.5367189452650142
16.3265306122449,0.0023181014551505,-6.067006766622687,0.08080808080807748,0.40816326530612246,-0.8633789653266639,0.4217346453022644
16.3265306122449,0.002574980796465,-5.961913202577741,0.0909090909090886,0.40816326530612246,-1.0858089736948469,0.33762854277663157
16.3265306122449,0.0028603261032564,-5.856819638532781,0.10101010101010106,0.40816326530612246,-1.2933294844048657,0.274355797370934
16.3265306122449,0.0031772918183317,-5.751726074487876,0.11111111111110823,0.40816326530612246,-1.4883910649917842,0.2257355573592658
16.3265306122449,0.0035293819426201,-5.646632510442922,0.1212121212121201,0.40816326530612246,-1.6727964704381835,0.18772137366822753
16.3265306122449,0.0039204887712936,-5.541538946397998,0.13131313131312908,0.40816326530612246,-1.8479957574830523,0.15755262374860043
16.3265306122449,0.0043549359224151,-5.436445382353058,0.14141414141413966,0.40816326530612246,-2.0152162952954265,0.1332915699083
16.3265306122449,0.0048375261337845,-5.331351818308116,0.15151515151515035,0.40816326530612246,-2.1755201029546964,0.11354908109760352
16.3265306122449,0.0053735943563712,-5.2262582542631755,0.16161616161616094,0.40816326530612246,-2.329830940191496,0.09731219728039785
16.3265306122449,0.0059690667312704,-5.121164690218244,0.17171717171717069,0.40816326530612246,-2.4789500204045836,0.08383120044814157
16.3265306122449,0.0066305261021638,-5.016071126173304,0.18181818181818118,0.40816326530612246,-2.6235681676499243,0.07254355291322034
16.3265306122449,0.0073652847875129,-4.910977562128371,0.19191919191919102,0.40816326530612246,-2.7642772146123753,0.06302163400630391
16.3265306122449,0.0081814654169699,-4.80588399808343,0.20202020202020168,0.40816326530612246,-2.9015813047626593,0.054936280333690225
16.3265306122449,0.0090880907256374,-4.700790434038493,0.21212121212121193,0.40816326530612246,-3.0359079779683777,0.04803103195182325
16.3265306122449,0.0100951832988382,-4.595696869993551,0.22222222222222263,0.40816326530612246,-3.1676187278618895,0.04210373908521592
16.3265306122449,0.0112138763700549,-4.490603305948624,0.23232323232323193,0.40816326530612246,-3.2970187584945374,0.0369932890988757
16.3265306122449,0.0124565368968931,-4.385509741903686,0.24242424242424226,0.40816326530612246,-3.4243657723088545,0.032569931192206705
16.3265306122449,0.013836902275649,-4.280416177858747,0.2525252525252527,0.40816326530612246,-3.5498777234671315,0.02872815221833195
16.3265306122449,0.0153702322058399,-4.175322613813814,0.26262626262626254,0.40816326530612246,-3.673739547887188,0.02538137737973904
16.3265306122449,0.0170734773835322,-4.07022904976888,0.2727272727272725,0.40816326530612246,-3.7961089314287584,0.02245798763469669
16.3265306122449,0.0189654668883421,-3.9651354857239447,0.2828282828282826,0.40816326530612246,-3.917121205226232,0.01989829547931056
16.3265306122449,0.0210671163356406,-3.8600419216790063,0.292929292929293,0.40816326530612246,-4.036893468439092,0.017652224519612004
16.3265306122449,0.0234016590950486,-3.7549483576340705,0.3030303030303031,0.40816326530612246,-4.1555280393137926,0.015677510601651234
16.3265306122449,0.0259949031313031,-3.649854793589135,0.3131313131313132,0.40816326530612246,-4.27311532975254,0.01393829306644159
16.3265306122449,0.0288755163068248,-3.5447612295442013,0.32323232323232315,0.40816326530612246,-4.3897362296182285,0.012404000596951271
16.3265306122449,0.0320753432999582,-3.4396676654992664,0.33333333333333315,0.40816326530612246,-4.505464076783929,0.011048461662381229
16.3265306122449,0.0356297576423598,-3.3345741014543298,0.34343434343434337,0.40816326530612246,-4.620366278705064,0.00984918785265002
16.3265306122449,0.0395780527672466,-3.229480537409394,0.3535353535353535,0.40816326530612246,-4.734505641764698,0.008786791581015488
16.3265306122449,0.0439638763914761,-3.1243869733644574,0.3636363636363637,0.40816326530612246,-4.84794145617117,0.00784450920568378
16.3265306122449,0.048835713033475,-3.019293409319523,0.3737373737373737,0.40816326530612246,-4.96073037689345,0.007007807622210363
16.3265306122449,0.0542474200011699,-2.914199845274587,0.3838383838383838,0.40816326530612246,-5.072927134973845,0.006264057537107411
16.3265306122449,0.060258822775172,-2.8091062812296523,0.3939393939393938,0.40816326530612246,-5.184585108434724,0.005602260463815518
16.3265306122449,0.0669363763690749,-2.7040127171847166,0.404040404040404,0.40816326530612246,-5.295756777711631,0.005012819349719625
16.3265306122449,0.0743538999780876,-2.5989191531397813,0.4141414141414141,0.40816326530612246,-5.406494086880443,0.0044873449069944005
16.3265306122449,0.0825933930374168,-2.493825589094845,0.42424242424242425,0.40816326530612246,-5.516848728667735,0.004018491366839749
16.3265306122449,0.0917459417117808,-2.38873202504991,0.4343434343434343,0.40816326530612246,-5.626872368110923,0.0035998166401426594
16.3265306122449,0.101912725837141,-2.283638461004973,0.44444444444444453,0.40816326530612246,-5.7366168165581515,0.003225662844877419
16.3265306122449,0.113206137446215,-2.1785448969600347,0.4545454545454549,0.40816326530612246,-5.846134164296857,0.0028910539224261153
16.3265306122449,0.125751023242877,-2.0734513329151003,0.46464646464646486,0.40816326530612246,-5.955476876362712,0.0025916076634392893
16.3265306122449,0.139686064760787,-1.9683577688701692,0.47474747474747453,0.40816326530612246,-6.064697851974771,0.0023234599373140874
16.3265306122449,0.155165311463659,-1.8632642048252352,0.48484848484848453,0.40816326530612246,-6.173850443634677,0.002083199296535449
16.3265306122449,0.172359883735326,-1.7581706407802946,0.49494949494949514,0.40816326530612246,-6.282988427403414,0.0018678104296099758
16.3265306122449,0.19145986458586,-1.6530770767353593,0.5050505050505052,0.40816326530612246,-6.39216591155006,0.0016746251805531613
16.3265306122449,0.212676400986239,-1.5479835126904273,0.5151515151515149,0.40816326530612246,-6.501437167127377,0.001501280051486635
16.3265306122449,0.236244038061438,-1.442889948645492,0.5252525252525251,0.40816326530612246,-6.610856361707595,0.0013456792676450155
16.3265306122449,0.262423311946047,-1.3377963846005527,0.5353535353535355,0.40816326530612246,-6.720477177321551,0.001205962618626196
16.3265306122449,0.291503629965987,-1.2327028205556183,0.5454545454545455,0.40816326530612246,-6.8303522965724985,0.0010804774020594578
16.3265306122449,0.323806469986239,-1.1276092565106834,0.5555555555555556,0.40816326530612246,-6.940532748093414,0.0009677538907626013
16.3265306122449,0.359688934292802,-1.0225156924657481,0.5656565656565656,0.40816326530612246,-7.051067115259368,0.0008664838256713801
16.3265306122449,0.399547697296443,-0.9174221284208132,0.5757575757575757,0.40816326530612246,-7.162000631674265,0.0007755015073201988
16.3265306122449,0.443823390699414,-0.8123285643758777,0.5858585858585857,0.40816326530612246,-7.273374214630422,0.0006937671207632922
16.3265306122449,0.49300547460239,-0.707235000330941,0.5959595959595959,0.40816326530612246,-7.385223524316356,0.0006203519843533424
16.3265306122449,0.547637648400869,-0.6021414362860068,0.606060606060606,0.40816326530612246,-7.497578182037472,0.0005544254630962653
16.3265306122449,0.608323861287565,-0.49704787224107067,0.6161616161616161,0.40816326530612246,-7.610461333677879,0.0004952433333398767
16.3265306122449,0.67573498880583,-0.39195430819613525,0.6262626262626262,0.40816326530612246,-7.723889801283987,0.00044213742793466465
16.3265306122449,0.750616249262273,-0.2868607441511999,0.6363636363636362,0.40816326530612246,-7.837875118709063,0.00039450642999578267
16.3265306122449,0.833795441985706,-0.18176718010626372,0.6464646464646464,0.40816326530612246,-7.952425784610891,0.0003518077189460444
16.3265306122449,0.926192098504948,-0.07667361606132911,0.6565656565656565,0.40816326530612246,-8.067551069508168,0.0003135502042675683
16.3265306122449,1.02882764781018,0.028419947983610284,0.666666666666667,0.40816326530612246,-8.183266657896882,0.0002792881096466769
16.3265306122449,1.142836708073,0.1335135120285407,0.6767676767676766,0.40816326530612246,-8.299602259858943,0.00024861569188576287
16.3265306122449,1.2694796296533,0.23860707607348014,0.686868686868687,0.40816326530612246,-8.416611053395973,0.00022116289347700718
16.3265306122449,1.41015642805352,0.3437006401184105,0.6969696969696967,0.40816326530612246,-8.534380384799125,0.0001965919327733982
16.3265306122449,1.56642226084696,0.44879420416335164,0.7070707070707073,0.40816326530612246,-8.65304253640178,0.00017459482810281194
16.3265306122449,1.74000461967455,0.5538877682082868,0.7171717171717173,0.40816326530612246,-8.772783567450979,0.00015489182817027627
16.3265306122449,1.93282242736499,0.6589813322532224,0.7272727272727274,0.40816326530612246,-8.893847273628174,0.00013723067710197753
16.3265306122449,2.14700725129329,0.7640748962981553,0.7373737373737373,0.40816326530612246,-9.016530257872262,0.0001213865765082357
16.3265306122449,2.38492686748792,0.8691684603430914,0.7474747474747475,0.40816326530612246,-9.141163069852098,0.00010716261939059022
16.3265306122449,2.64921143598352,0.9742620243880249,0.7575757575757573,0.40816326530612246,-9.26807158082276,9.439036262863857e-05
16.3265306122449,2.94278257678333,1.0793555884329629,0.7676767676767676,0.40816326530612246,-9.397512789791712,8.293007378363749e-05
16.3265306122449,3.26888566786082,1.184449152477898,0.7777777777777777,0.40816326530612246,-9.529581470356693,7.267003219129375e-05
16.3265306122449,3.63112572224959,1.289542716522833,0.7878787878787878,0.40816326530612246,-9.664090928920107,6.352411699834206e-05
16.3265306122449,4.0335072408363,1.3946362805677694,0.797979797979798,0.40816326530612246,-9.800445237594,5.542691579091267e-05
16.3265306122449,4.48047848142245,1.4997298446127043,0.808080808080808,0.40816326530612246,-9.937540589362865,4.832601210557498e-05
16.3265306122449,4.97698063344183,1.6048234086576407,0.8181818181818182,0.40816326530612246,-10.073749825939615,4.217217873838624e-05
16.3265306122449,5.52850244195146,1.7099169727025751,0.8282828282828283,0.40816326530612246,-10.207037712734698,3.690964301513322e-05
16.3265306122449,6.14114088475497,1.8150105367475111,0.8383838383838383,0.40816326530612246,-10.335211679478626,3.2469425038373547e-05
16.3265306122449,6.8216685734332,1.9201041007924453,0.8484848484848483,0.40816326530612246,-10.45624755899231,2.876798103276774e-05
16.3265306122449,7.57760862338904,2.0251976648373815,0.8585858585858586,0.40816326530612246,-10.568585108826035,2.571116797682108e-05
16.3265306122449,8.41731782058148,2.1302912288823177,0.8686868686868686,0.40816326530612246,-10.671299941419626,2.3201353478118436e-05
16.3265306122449,9.35007900434302,2.2353847929272526,0.8787878787878787,0.40816326530612246,-10.764119074104816,2.114474653502987e-05
16.3265306122449,10.3862036875563,2.3404783569721936,0.8888888888888893,0.40816326530612246,-10.84731248503558,1.9456828203998917e-05
16.3265306122449,11.5371460486378,2.445571921017128,0.8989898989898993,0.40816326530612246,-10.921525161629193,1.806516315903821e-05
16.3265306122449,12.8156295554912,2.550665485062058,0.909090909090909,0.40816326530612246,-10.987608552867213,1.6909946601459246e-05
16.3265306122449,14.2357876212352,2.6557590491069942,0.919191919191919,0.40816326530612246,-11.046485745878801,1.5943078928571655e-05
16.3265306122449,15.8133198466305,2.7608526131519304,0.9292929292929293,0.40816326530612246,-11.099060506085923,1.5126528427637816e-05
16.3265306122449,17.5656655764397,2.865946177196865,0.9393939393939392,0.40816326530612246,-11.146165441113153,1.4430515796081149e-05
16.3265306122449,19.5121966883548,2.9710397412417997,0.9494949494949493,0.40816326530612246,-11.188538881465117,1.3831819190912253e-05
16.3265306122449,21.6744317457404,3.0761333052867346,0.9595959595959593,0.40816326530612246,-11.226820060683751,1.3312327654972933e-05
16.3265306122449,24.0762738816144,3.1812268693316703,0.9696969696969694,0.40816326530612246,-11.261554490307018,1.2857869902613895e-05
16.3265306122449,26.744275043632,3.2863204333766105,0.97979797979798,0.40816326530612246,-11.293204079138125,1.2457296043153475e-05
16.3265306122449,29.707929521255,3.3914139974215445,0.98989898989899,0.40816326530612246,-11.322158714824974,1.2101771455151886e-05
16.3265306122449,33.0,3.4965075614664802,1.0,0.40816326530612246,-11.348747534481273,1.1784239739937032e-05
17.142857142857142,0.001,-6.907755278982137,0.0,0.42857142857142855,4.140145165597828,62.81193892007819
17.142857142857142,0.001110814537795,-6.802661714937222,0.010101010101008117,0.42857142857142855,2.557653763510429,12.905502405815136
17.142857142857142,0.0012339089373767,-6.697568150892323,0.020202020202014698,0.42857142857142855,1.4596764608756967,4.304566607314496
17.142857142857142,0.0013706439859533,-6.592474586847349,0.030303030303028534,0.42857142857142855,0.7541229418642745,2.1257463024322343
17.142857142857142,0.0015225312657382,-6.487381022802441,0.04040404040403597,0.42857142857142855,0.2719582015892131,1.312532138407033
17.142857142857142,0.0016912498642295,-6.382287458757476,0.05050505050504887,0.42857142857142855,-0.09384614337674911,0.9104228260473647
17.142857142857142,0.00187866493623,-6.277193894712534,0.06060606060605963,0.42857142857142855,-0.3966573668508039,0.6725644290268377
17.142857142857142,0.00208684832281,-6.172100330667619,0.07070707070706775,0.42857142857142855,-0.6619125237124677,0.5158637887120398
17.142857142857142,0.0023181014551505,-6.067006766622687,0.08080808080807748,0.42857142857142855,-0.9020548937517345,0.4057350600876402
17.142857142857142,0.002574980796465,-5.961913202577741,0.0909090909090886,0.42857142857142855,-1.1235860149248127,0.3251118458024107
17.142857142857142,0.0028603261032564,-5.856819638532781,0.10101010101010106,0.42857142857142855,-1.3302619128108328,0.2644080003874716
17.142857142857142,0.0031772918183317,-5.751726074487876,0.11111111111110823,0.42857142857142855,-1.5245376396862824,0.2177216994701369
17.142857142857142,0.0035293819426201,-5.646632510442922,0.1212121212121201,0.42857142857142855,-1.7082198949018146,0.18118803946818443
17.142857142857142,0.0039204887712936,-5.541538946397998,0.13131313131312908,0.42857142857142855,-1.8827596931973607,0.152169584401891
17.142857142857142,0.0043549359224151,-5.436445382353058,0.14141414141413966,0.42857142857142855,-2.0493822431594997,0.12881445502429886
17.142857142857142,0.0048375261337845,-5.331351818308116,0.15151515151515035,0.42857142857142855,-2.209145010730879,0.10979448150018921
17.142857142857142,0.0053735943563712,-5.2262582542631755,0.16161616161616094,0.42857142857142855,-2.3629657138118962,0.09414061466063522
17.142857142857142,0.0059690667312704,-5.121164690218244,0.17171717171717069,0.42857142857142855,-2.5116388318758305,0.08113516333423423
17.142857142857142,0.0066305261021638,-5.016071126173304,0.18181818181818118,0.42857142857142855,-2.6558483631644707,0.07023922501058959
17.142857142857142,0.0073652847875129,-4.910977562128371,0.19191919191919102,0.42857142857142855,-2.796179626828683,0.06104282409174753
17.142857142857142,0.0081814654169699,-4.80588399808343,0.20202020202020168,0.42857142857142855,-2.9331308076590488,0.053230123714031984
17.142857142857142,0.0090880907256374,-4.700790434038493,0.21212121212121193,0.42857142857142855,-3.0671241642989675,0.04655484661748097
17.142857142857142,0.0100951832988382,-4.595696869993551,0.22222222222222263,0.42857142857142855,-3.1985166265670943,0.04082271441750774
17.142857142857142,0.0112138763700549,-4.490603305948624,0.23232323232323193,0.42857142857142855,-3.327609538807556,0.035878769444167714
17.142857142857142,0.0124565368968931,-4.385509741903686,0.24242424242424226,0.42857142857142855,-3.454657402717882,0.03159812793467106
17.142857142857142,0.013836902275649,-4.280416177858747,0.2525252525252527,0.42857142857142855,-3.5798755684682475,0.02787916708689113
17.142857142857142,0.0153702322058399,-4.175322613813814,0.26262626262626254,0.42857142857142855,-3.7034468952064414,0.024638453768036996
17.142857142857142,0.0170734773835322,-4.07022904976888,0.2727272727272725,0.42857142857142855,-3.825527448547122,0.021806930463353795
17.142857142857142,0.0189654668883421,-3.9651354857239447,0.2828282828282826,0.42857142857142855,-3.9462513277447813,0.019327016799693304
17.142857142857142,0.0210671163356406,-3.8600419216790063,0.292929292929293,0.42857142857142855,-4.0657347249069815,0.017150383829239117
17.142857142857142,0.0234016590950486,-3.7549483576340705,0.3030303030303031,0.42857142857142855,-4.184079318190798,0.015236227203592067
17.142857142857142,0.0259949031313031,-3.649854793589135,0.3131313131313132,0.42857142857142855,-4.301375094585288,0.01354991378258823
17.142857142857142,0.0288755163068248,-3.5447612295442013,0.32323232323232315,0.42857142857142855,-4.417702688534834,0.0120619104450305
17.142857142857142,0.0320753432999582,-3.4396676654992664,0.33333333333333315,0.42857142857142855,-4.5331353122235925,0.010746928219946945
17.142857142857142,0.0356297576423598,-3.3345741014543298,0.34343434343434337,0.42857142857142855,-4.647740343002705,0.009583232300655987
17.142857142857142,0.0395780527672466,-3.229480537409394,0.3535353535353535,0.42857142857142855,-4.761580623869132,0.008552081085233913
17.142857142857142,0.0439638763914761,-3.1243869733644574,0.3636363636363637,0.42857142857142855,-4.8747155244234905,0.007637266525659041
17.142857142857142,0.048835713033475,-3.019293409319523,0.3737373737373737,0.42857142857142855,-4.98720180244482,0.006824734754711807
17.142857142857142,0.0542474200011699,-2.914199845274587,0.3838383838383838,0.42857142857142855,-5.099094300080411,0.006102270889702132
17.142857142857142,0.060258822775172,-2.8091062812296523,0.3939393939393938,0.42857142857142855,-5.210446503523966,0.005459235575445845
17.142857142857142,0.0669363763690749,-2.7040127171847166,0.404040404040404,0.42857142857142855,-5.321310990756461,0.004886343573075256
17.142857142857142,0.0743538999780876,-2.5989191531397813,0.4141414141414141,0.42857142857142855,-5.431739788229716,0.004375476773851718
17.142857142857142,0.0825933930374168,-2.493825589094845,0.42424242424242425,0.42857142857142855,-5.541784654051375,0.003919525595532191
17.142857142857142,0.0917459417117808,-2.38873202504991,0.4343434343434343,0.42857142857142855,-5.651497302055061,0.0035122539308332064
17.142857142857142,0.101912725837141,-2.283638461004973,0.44444444444444453,0.42857142857142855,-5.760929577908367,0.0031481837557555004
17.142857142857142,0.113206137446215,-2.1785448969600347,0.4545454545454549,0.42857142857142855,-5.870133594961957,0.002822496237549324
17.142857142857142,0.125751023242877,-2.0734513329151003,0.46464646464646486,0.42857142857142855,-5.979161833774001,0.0025309467575458868
17.142857142857142,0.139686064760787,-1.9683577688701692,0.47474747474747453,0.42857142857142855,-6.088067205132503,0.002269791719704654
17.142857142857142,0.155165311463659,-1.8632642048252352,0.48484848484848453,0.42857142857142855,-6.196903072019244,0.002035725378969589
17.142857142857142,0.172359883735326,-1.7581706407802946,0.49494949494949514,0.42857142857142855,-6.305723221505022,0.0018258252150714727
17.142857142857142,0.19145986458586,-1.6530770767353593,0.5050505050505052,0.42857142857142855,-6.414581773360635,0.0016375046129983024
17.142857142857142,0.212676400986239,-1.5479835126904273,0.5151515151515149,0.42857142857142855,-6.523533008684144,0.0014684718030756883
17.142857142857142,0.236244038061438,-1.442889948645492,0.5252525252525251,0.42857142857142855,-6.632631099714023,0.0013166941708344713
17.142857142857142,0.262423311946047,-1.3377963846005527,0.5353535353535355,0.42857142857142855,-6.741929722021314,0.0011803671769250372
17.142857142857142,0.291503629965987,-1.2327028205556183,0.5454545454545455,0.42857142857142855,-6.85148153342251,0.0010578872360364256
17.142857142857142,0.323806469986239,-1.1276092565106834,0.5555555555555556,0.42857142857142855,-6.961337511359055,0.0009478279956500396
17.142857142857142,0.359688934292802,-1.0225156924657481,0.5656565656565656,0.42857142857142855,-7.071546153401261,0.0008489195341090733
17.142857142857142,0.399547697296443,-0.9174221284208132,0.5757575757575757,0.42857142857142855,-7.182152565247574,0.0007600300657662939
17.142857142857142,0.443823390699414,-0.8123285643758777,0.5858585858585857,0.42857142857142855,-7.293197488283146,0.0006801498011253181
17.142857142857142,0.49300547460239,-0.707235000330941,0.5959595959595959,0.42857142857142855,-7.404716355234064,0.0006083766636503086
17.142857142857142,0.547637648400869,-0.6021414362860068,0.606060606060606,0.42857142857142855,-7.516738507696117,0.0005439036135961677
17.142857142857142,0.608323861287565,-0.49704787224107067,0.6161616161616161,0.42857142857142855,-7.629286761879011,0.00048600737373773564
17.142857142857142,0.67573498880583,-0.39195430819613525,0.6262626262626262,0.42857142857142855,-7.742377565009638,0.00043403839284080484
17.142857142857142,0.750616249262273,-0.2868607441511999,0.6363636363636362,0.42857142857142855,-7.856022037241451,0.0003874119203845146
17.142857142857142,0.833795441985706,-0.18176718010626372,0.6464646464646464,0.42857142857142855,-7.970228230606363,0.00034560010037193505
17.142857142857142,0.926192098504948,-0.07667361606132911,0.6565656565656565,0.42857142857142855,-8.085004939461028,0.00030812502271075203
17.142857142857142,1.02882764781018,0.028419947983610284,0.666666666666667,0.42857142857142855,-8.200367341111345,0.0002745526969530516
17.142857142857142,1.142836708073,0.1335135120285407,0.6767676767676766,0.42857142857142855,-8.316344599476377,0.0002444879341183219
17.142857142857142,1.2694796296533,0.23860707607348014,0.686868686868687,0.42857142857142855,-8.432989293485807,0.00021757013633992548
17.142857142857142,1.41015642805352,0.3437006401184105,0.6969696969696967,0.42857142857142855,-8.550388101853613,0.00019346999892048866
17.142857142857142,1.56642226084696,0.44879420416335164,0.7070707070707073,0.42857142857142855,-8.668672564199568,0.0001718871219709258
17.142857142857142,1.74000461967455,0.5538877682082868,0.7171717171717173,0.42857142857142855,-8.788027944112455,0.00015254850542754974
17.142857142857142,1.93282242736499,0.6589813322532224,0.7272727272727274,0.42857142857142855,-8.908697271882982,0.00013520785838664454
17.142857142857142,2.14700725129329,0.7640748962981553,0.7373737373737373,0.42857142857142855,-9.030976606112247,0.000119645589482885
17.142857142857142,2.38492686748792,0.8691684603430914,0.7474747474747475,0.42857142857142855,-9.155196529730635,0.00010566926007807714
17.142857142857142,2.64921143598352,0.9742620243880249,0.7575757575757573,0.42857142857142855,-9.28168410111415,9.311417765540385e-05
17.142857142857142,2.94278257678333,1.0793555884329629,0.7676767676767676,0.42857142857142855,-9.410699462785464,8.184368071690711e-05
17.142857142857142,3.26888566786082,1.184449152477898,0.7777777777777777,0.42857142857142855,-9.542343394038705,7.174851545661713e-05
17.142857142857142,3.63112572224959,1.289542716522833,0.7878787878787878,0.42857142857142855,-9.67643872373497,6.27445570637164e-05
17.142857142857142,4.0335072408363,1.3946362805677694,0.797979797979798,0.42857142857142855,-9.812402354706297,5.4768116188800295e-05
17.142857142857142,4.48047848142245,1.4997298446127043,0.808080808080808,0.42857142857142855,-9.949144898681778,4.7768463353653115e-05
17.142857142857142,4.97698063344183,1.6048234086576407,0.8181818181818182,0.42857142857142855,-10.085051837073667,4.169823162747675e-05
17.142857142857142,5.52850244195146,1.7099169727025751,0.8282828282828283,0.42857142857142855,-10.218094733395915,3.650378028101392e-05
17.142857142857142,6.14114088475497,1.8150105367475111,0.8383838383838383,0.42857142857142855,-10.346079139266697,3.211847528755242e-05
17.142857142857142,6.8216685734332,1.9201041007924453,0.8484848484848483,0.42857142857142855,-10.466970452990115,2.8461153003767683e-05
17.142857142857142,7.57760862338904,2.0251976648373815,0.8585858585858586,0.42857142857142855,-10.579192647020253,2.5439877187986647e-05
17.142857142857142,8.41731782058148,2.1302912288823177,0.8686868686868686,0.42857142857142855,-10.681804827934164,2.2958901587243007e-05
17.142857142857142,9.35007900434302,2.2353847929272526,0.8787878787878787,0.42857142857142855,-10.774520655035714,2.0925947642579547e-05
17.142857142857142,10.3862036875563,2.3404783569721936,0.8888888888888893,0.42857142857142855,-10.857601743270692,1.9257658286681898e-05
17.142857142857142,11.5371460486378,2.445571921017128,0.8989898989898993,0.42857142857142855,-10.931689604911751,1.788247088824575e-05
17.142857142857142,12.8156295554912,2.550665485062058,0.909090909090909,0.42857142857142855,-10.997635869041535,1.674123250881048e-05
17.142857142857142,14.2357876212352,2.6557590491069942,0.919191919191919,0.42857142857142855,-11.056365956081253,1.578633357112552e-05
17.142857142857142,15.8133198466305,2.7608526131519304,0.9292929292929293,0.42857142857142855,-11.108786864268703,1.498011558023122e-05
17.142857142857142,17.5656655764397,2.865946177196865,0.9393939393939392,0.42857142857142855,-11.15573449880964,1.4293087934060387e-05
17.142857142857142,19.5121966883548,2.9710397412417997,0.9494949494949493,0.42857142857142855,-11.197950100456977,1.3702255543677067e-05
17.142857142857142,21.6744317457404,3.0761333052867346,0.9595959595959593,0.42857142857142855,-11.236075245617489,1.3189688002385716e-05
17.142857142857142,24.0762738816144,3.1812268693316703,0.9696969696969694,0.42857142857142855,-11.270657203596121,1.274135948434556e-05
17.142857142857142,26.744275043632,3.2863204333766105,0.97979797979798,0.42857142857142855,-11.302159119156872,1.2346238463264453e-05
17.142857142857142,29.707929521255,3.3914139974215445,0.98989898989899,0.42857142857142855,-11.330971687415895,1.1995587460594479e-05
17.142857142857142,33.0,3.4965075614664802,1.0,0.42857142857142855,-11.357424519955082,1.1682430400740985e-05
17.95918367346939,0.001,-6.907755278982137,0.0,0.44897959183673475,4.070577887671557,58.59081171821243
17.95918367346939,0.001110814537795,-6.802661714937222,0.010101010101008117,0.44897959183673475,2.496008257797182,12.133961514375072
17.95918367346939,0.0012339089373767,-6.697568150892323,0.020202020202014698,0.44897959183673475,1.4059760951914002,4.079506785457095
17.95918367346939,0.0013706439859533,-6.592474586847349,0.030303030303028534,0.44897959183673475,0.7053431755377116,2.0245413387839806
17.95918367346939,0.0015225312657382,-6.487381022802441,0.04040404040403597,0.44897959183673475,0.22591758966498182,1.2534723619443304
17.95918367346939,0.0016912498642295,-6.382287458757476,0.05050505050504887,0.44897959183673475,-0.13819691565864411,0.8709271756608249
17.95918367346939,0.00187866493623,-6.277193894712534,0.06060606060605963,0.44897959183673475,-0.43975998595230986,0.64419101742333
17.95918367346939,0.00208684832281,-6.172100330667619,0.07070707070706775,0.44897959183673475,-0.7039480223344419,0.49462863894087533
17.95918367346939,0.0023181014551505,-6.067006766622687,0.08080808080807748,0.44897959183673475,-0.9431077973010821,0.3894157276941157
17.95918367346939,0.002574980796465,-5.961913202577741,0.0909090909090886,0.44897959183673475,-1.1637135600050525,0.31232419003588224
17.95918367346939,0.0028603261032564,-5.856819638532781,0.10101010101010106,0.44897959183673475,-1.3695196615617504,0.2542290462120105
17.95918367346939,0.0031772918183317,-5.751726074487876,0.11111111111110823,0.44897959183673475,-1.5629861036987425,0.20950951904174342
17.95918367346939,0.0035293819426201,-5.646632510442922,0.1212121212121201,0.44897959183673475,-1.7459236299775298,0.17448375609079678
17.95918367346939,0.0039204887712936,-5.541538946397998,0.13131313131312908,0.44897959183673475,-1.919784110400711,0.14663861646545537
17.95918367346939,0.0043549359224151,-5.436445382353058,0.14141414141413966,0.44897959183673475,-2.085790393605217,0.12420890743138897
17.95918367346939,0.0048375261337845,-5.331351818308116,0.15151515151515035,0.44897959183673475,-2.244995160643866,0.10592805299587801
17.95918367346939,0.0053735943563712,-5.2262582542631755,0.16161616161616094,0.44897959183673475,-2.3983098593772323,0.0908714090318435
17.95918367346939,0.0059690667312704,-5.121164690218244,0.17171717171717069,0.44897959183673475,-2.546522028668344,0.07835370459402535
17.95918367346939,0.0066305261021638,-5.016071126173304,0.18181818181818118,0.44897959183673475,-2.690308663067855,0.06785999026604
17.95918367346939,0.0073652847875129,-4.910977562128371,0.19191919191919102,0.44897959183673475,-2.830248420426195,0.05899819549195904
17.95918367346939,0.0081814654169699,-4.80588399808343,0.20202020202020168,0.44897959183673475,-2.966833407420051,0.05146602450252023
17.95918367346939,0.0090880907256374,-4.700790434038493,0.21212121212121193,0.44897959183673475,-3.1004805072038497,0.045027561127088625
17.95918367346939,0.0100951832988382,-4.595696869993551,0.22222222222222263,0.44897959183673475,-3.2315420130781445,0.039496547613760036
17.95918367346939,0.0112138763700549,-4.490603305948624,0.23232323232323193,0.44897959183673475,-3.3603153549734794,0.0347243067350829
17.95918367346939,0.0124565368968931,-4.385509741903686,0.24242424242424226,0.44897959183673475,-3.4870517938515815,0.03059092771601061
17.95918367346939,0.013836902275649,-4.280416177858747,0.2525252525252527,0.44897959183673475,-3.611964047705016,0.02699876789047909
17.95918367346939,0.0153702322058399,-4.175322613813814,0.26262626262626254,0.44897959183673475,-3.7352328800117225,0.023867612131696473
17.95918367346939,0.0170734773835322,-4.07022904976888,0.2727272727272725,0.44897959183673475,-3.85701272438062,0.021131029541512105
17.95918367346939,0.0189654668883421,-3.9651354857239447,0.2828282828282826,0.44897959183673475,-3.977436441758233,0.01873360251439096
17.95918367346939,0.0210671163356406,-3.8600419216790063,0.292929292929293,0.44897959183673475,-4.096619314600148,0.016628797215174577
17.95918367346939,0.0234016590950486,-3.7549483576340705,0.3030303030303031,0.44897959183673475,-4.214662380961863,0.014777310026171815
17.95918367346939,0.0259949031313031,-3.649854793589135,0.3131313131313132,0.44897959183673475,-4.331655204484606,0.013145770534052416
17.95918367346939,0.0288755163068248,-3.5447612295442013,0.32323232323232315,0.44897959183673475,-4.447678166525969,0.011705714161548924
17.95918367346939,0.0320753432999582,-3.4396676654992664,0.33333333333333315,0.44897959183673475,-4.562804356040975,0.010432760705773755
17.95918367346939,0.0356297576423598,-3.3345741014543298,0.34343434343434337,0.44897959183673475,-4.677101122376177,0.009305951638551344
17.95918367346939,0.0395780527672466,-3.229480537409394,0.3535353535353535,0.44897959183673475,-4.790631346524801,0.008307210997160145
17.95918367346939,0.0439638763914761,-3.1243869733644574,0.3636363636363637,0.44897959183673475,-4.903454477901268,0.0074209033947400084
17.95918367346939,0.048835713033475,-3.019293409319523,0.3737373737373737,0.44897959183673475,-5.015627376409685,0.006633469049472101
17.95918367346939,0.0542474200011699,-2.914199845274587,0.3838383838383838,0.44897959183673475,-5.127204993446638,0.00593312043079287
17.95918367346939,0.060258822775172,-2.8091062812296523,0.3939393939393938,0.44897959183673475,-5.238240920350515,0.0053095886150725455
17.95918367346939,0.0669363763690749,-2.7040127171847166,0.404040404040404,0.44897959183673475,-5.348787828493179,0.0047539100625439866
17.95918367346939,0.0743538999780876,-2.5989191531397813,0.4141414141414141,0.44897959183673475,-5.4588978214823705,0.00425824650713447
17.95918367346939,0.0825933930374168,-2.493825589094845,0.42424242424242425,0.44897959183673475,-5.56862271657477,0.0038157321598623023
17.95918367346939,0.0917459417117808,-2.38873202504991,0.4343434343434343,0.44897959183673475,-5.678014269168309,0.003420343586146281
17.95918367346939,0.101912725837141,-2.283638461004973,0.44444444444444453,0.44897959183673475,-5.787124350953195,0.003066788515856321
17.95918367346939,0.113206137446215,-2.1785448969600347,0.4545454545454549,0.44897959183673475,-5.896005088801298,0.0027504105465236115
17.95918367346939,0.125751023242877,-2.0734513329151003,0.46464646464646486,0.44897959183673475,-6.004708967672621,0.002467107252102894
17.95918367346939,0.139686064760787,-1.9683577688701692,0.47474747474747453,0.44897959183673475,-6.113288896702955,0.002213259647069082
17.95918367346939,0.155165311463659,-1.8632642048252352,0.48484848484848453,0.44897959183673475,-6.221798233293689,0.001985671304613588
17.95918367346939,0.172359883735326,-1.7581706407802946,0.49494949494949514,0.44897959183673475,-6.330290755651699,0.0017815157080298487
17.95918367346939,0.19145986458586,-1.6530770767353593,0.5050505050505052,0.44897959183673475,-6.438820570151904,0.0015982906410822763
17.95918367346939,0.212676400986239,-1.5479835126904273,0.5151515151515149,0.44897959183673475,-6.5474419365884655,0.001433778607801986
17.95918367346939,0.236244038061438,-1.442889948645492,0.5252525252525251,0.44897959183673475,-6.656208992468633,0.0012860124237177371
17.95918367346939,0.262423311946047,-1.3377963846005527,0.5353535353535355,0.44897959183673475,-6.76517535777563,0.00115324524602581
17.95918367346939,0.291503629965987,-1.2327028205556183,0.5454545454545455,0.44897959183673475,-6.874393605038667,0.0010339244151471199
17.95918367346939,0.323806469986239,-1.1276092565106834,0.5555555555555556,0.44897959183673475,-6.983914587208033,0.0009266685688740449
17.95918367346939,0.359688934292802,-1.0225156924657481,0.5656565656565656,0.44897959183673475,-7.093786628968591,0.0008302475663239784
17.95918367346939,0.399547697296443,-0.9174221284208132,0.5757575757575757,0.44897959183673475,-7.204054606998576,0.000743564824922032
17.95918367346939,0.443823390699414,-0.8123285643758777,0.5858585858585857,0.44897959183673475,-7.314758972437954,0.000665641731778655
17.95918367346939,0.49300547460239,-0.707235000330941,0.5959595959595959,0.44897959183673475,-7.4259348052325,0.0005956038427770923
17.95918367346939,0.547637648400869,-0.6021414362860068,0.606060606060606,0.44897959183673475,-7.53761103502021,0.0005326686296992687
17.95918367346939,0.608323861287565,-0.49704787224107067,0.6161616161616161,0.44897959183673475,-7.649810015340213,0.0004761345786959185
17.95918367346939,0.67573498880583,-0.39195430819613525,0.6262626262626262,0.44897959183673475,-7.762547693375502,0.0004253714829152262
17.95918367346939,0.750616249262273,-0.2868607441511999,0.6363636363636362,0.44897959183673475,-7.875834668961932,0.0003798118084026189
17.95918367346939,0.833795441985706,-0.18176718010626372,0.6464646464646464,0.44897959183673475,-7.989678472261924,0.00033894304543605864
17.95918367346939,0.926192098504948,-0.07667361606132911,0.6565656565656565,0.44897959183673475,-8.104087391403247,0.0003023009869432793
17.95918367346939,1.02882764781018,0.028419947983610284,0.666666666666667,0.44897959183673475,-8.21907612487899,0.00026946390093533453
17.95918367346939,1.142836708073,0.1335135120285407,0.6767676767676766,0.44897959183673475,-8.334673387629952,0.00024004758399469553
17.95918367346939,1.2694796296533,0.23860707607348014,0.686868686868687,0.44897959183673475,-8.450931329758989,0.00021370129628252673
17.95918367346939,1.41015642805352,0.3437006401184105,0.6969696969696967,0.44897959183673475,-8.567936199931497,0.00019010458308839424
17.95918367346939,1.56642226084696,0.44879420416335164,0.7070707070707073,0.44897959183673475,-8.685819079781586,0.00016896498061965128
17.95918367346939,1.74000461967455,0.5538877682082868,0.7171717171717173,0.44897959183673475,-8.804764730785434,0.00015001658087873852
17.95918367346939,1.93282242736499,0.6589813322532224,0.7272727272727274,0.44897959183673475,-8.925015660735014,0.0001330193886910992
17.95918367346939,2.14700725129329,0.7640748962981553,0.7373737373737373,0.44897959183673475,-9.046867495094576,0.00011775934147486548
17.95918367346939,2.38492686748792,0.8691684603430914,0.7474747474747475,0.44897959183673475,-9.170650730189845,0.0001040487800141167
17.95918367346939,2.64921143598352,0.9742620243880249,0.7575757575757573,0.44897959183673475,-9.296693152028688,9.172705793713976e-05
17.95918367346939,2.94278257678333,1.0793555884329629,0.7676767676767676,0.44897959183673475,-9.425257149259231,8.066085655404514e-05
17.95918367346939,3.26888566786082,1.184449152477898,0.7777777777777777,0.44897959183673475,-9.556448120582953,7.074362577286218e-05
17.95918367346939,3.63112572224959,1.289542716522833,0.7878787878787878,0.44897959183673475,-9.690096598833222,6.189342529655759e-05
17.95918367346939,4.0335072408363,1.3946362805677694,0.797979797979798,0.44897959183673475,-9.825630304782301,5.404841684986571e-05
17.95918367346939,4.48047848142245,1.4997298446127043,0.808080808080808,0.44897959183673475,-9.961972520574594,4.715962091626282e-05
17.95918367346939,4.97698063344183,1.6048234086576407,0.8181818181818182,0.44897959183673475,-10.097520489979644,4.118153877648284e-05
17.95918367346939,5.52850244195146,1.7099169727025751,0.8282828282828283,0.44897959183673475,-10.230253093302101,3.6062641379480506e-05
17.95918367346939,6.14114088475497,1.8150105367475111,0.8383838383838383,0.44897959183673475,-10.35797606528675,3.173862815001333e-05
17.95918367346939,6.8216685734332,1.9201041007924453,0.8484848484848483,0.44897959183673475,-10.478647589018987,2.813074113521936e-05
17.95918367346939,7.57760862338904,2.0251976648373815,0.8585858585858586,0.44897959183673475,-10.590679457900453,2.5149326077508944e-05
17.95918367346939,8.41731782058148,2.1302912288823177,0.8686868686868686,0.44897959183673475,-10.693117463390331,2.2700639469972417e-05
17.95918367346939,9.35007900434302,2.2353847929272526,0.8787878787878787,0.44897959183673475,-10.78566416606213,2.06940535710283e-05
17.95918367346939,10.3862036875563,2.3404783569721936,0.8888888888888893,0.44897959183673475,-10.868574015669605,1.904751300810679e-05
17.95918367346939,11.5371460486378,2.445571921017128,0.8989898989898993,0.44897959183673475,-10.942485345728253,1.7690454710741884e-05
17.95918367346939,12.8156295554912,2.550665485062058,0.909090909090909,0.44897959183673475,-11.008249643667698,1.6564484481115127e-05
17.95918367346939,14.2357876212352,2.6557590491069942,0.919191919191919,0.44897959183673475,-11.066794000767256,1.562256833883725e-05
17.95918367346939,15.8133198466305,2.7608526131519304,0.9292929292929293,0.44897959183673475,-11.119027854433707,1.4827487230559869e-05
17.95918367346939,17.5656655764397,2.865946177196865,0.9393939393939392,0.44897959183673475,-11.165789614171889,1.4150089424081982e-05
17.95918367346939,19.5121966883548,2.9710397412417997,0.9494949494949493,0.44897959183673475,-11.207822706969004,1.3567644142426309e-05
17.95918367346939,21.6744317457404,3.0761333052867346,0.9595959595959593,0.44897959183673475,-11.245770424577714,1.3062429510518937e-05
17.95918367346939,24.0762738816144,3.1812268693316703,0.9696969696969694,0.44897959183673475,-11.280181266341758,1.2620586017114847e-05
17.95918367346939,26.744275043632,3.2863204333766105,0.97979797979798,0.44897959183673475,-11.311519176593986,1.2231216109797774e-05
17.95918367346939,29.707929521255,3.3914139974215445,0.98989898989899,0.44897959183673475,-11.3401752999591,1.1885691218338474e-05
17.95918367346939,33.0,3.4965075614664802,1.0,0.44897959183673475,-11.366479429493074,1.1577124537325405e-05
18.775510204081634,0.001,-6.907755278982137,0.0,0.46938775510204084,3.998028351119666,54.49060770445738
18.775510204081634,0.001110814537795,-6.802661714937222,0.010101010101008117,0.46938775510204084,2.4316301864988463,11.37741427757528
18.775510204081634,0.0012339089373767,-6.697568150892323,0.020202020202014698,0.46938775510204084,1.3496113223551938,3.8559265269601797
18.775510204081634,0.0013706439859533,-6.592474586847349,0.030303030303028534,0.46938775510204084,0.6538975670233131,1.923021346219733
18.775510204081634,0.0015225312657382,-6.487381022802441,0.04040404040403597,0.46938775510204084,0.17721026875709006,1.1938821028423403
18.775510204081634,0.0016912498642295,-6.382287458757476,0.05050505050504887,0.46938775510204084,-0.18520264102218997,0.830935885093324
18.775510204081634,0.00187866493623,-6.277193894712534,0.06060606060605963,0.46938775510204084,-0.48549624966672983,0.61539173303499
18.775510204081634,0.00208684832281,-6.172100330667619,0.07070707070706775,0.46938775510204084,-0.7485907221620559,0.4730327177507171
18.775510204081634,0.0023181014551505,-6.067006766622687,0.08080808080807748,0.46938775510204084,-0.9867395780724509,0.37279016495676176
18.775510204081634,0.002574980796465,-5.961913202577741,0.0909090909090886,0.46938775510204084,-1.2063917854422803,0.29927518267824094
18.775510204081634,0.0028603261032564,-5.856819638532781,0.10101010101010106,0.46938775510204084,-1.4113011007113119,0.24382583471504168
18.775510204081634,0.0031772918183317,-5.751726074487876,0.11111111111110823,0.46938775510204084,-1.6039329437482386,0.20110402977373432
18.775510204081634,0.0035293819426201,-5.646632510442922,0.1212121212121201,0.46938775510204084,-1.7861022024400377,0.16761221655683176
18.775510204081634,0.0039204887712936,-5.541538946397998,0.13131313131312908,0.46938775510204084,-1.9592615007406233,0.14096248318079357
18.775510204081634,0.0043549359224151,-5.436445382353058,0.14141414141413966,0.46938775510204084,-2.1246311315359607,0.1194770314485393
18.775510204081634,0.0048375261337845,-5.331351818308116,0.15151515151515035,0.46938775510204084,-2.2832587645286027,0.10195142908731755
18.775510204081634,0.0053735943563712,-5.2262582542631755,0.16161616161616094,0.46938775510204084,-2.4360493556610066,0.08750587406844743
18.775510204081634,0.0059690667312704,-5.121164690218244,0.17171717171717069,0.46938775510204084,-2.5837833033206414,0.07548786958977886
18.775510204081634,0.0066305261021638,-5.016071126173304,0.18181818181818118,0.46938775510204084,-2.727130427469444,0.0654067099296301
18.775510204081634,0.0073652847875129,-4.910977562128371,0.19191919191919102,0.46938775510204084,-2.866662583881417,0.05688847060903607
18.775510204081634,0.0081814654169699,-4.80588399808343,0.20202020202020168,0.46938775510204084,-3.002865688645405,0.049644598366186204
18.775510204081634,0.0090880907256374,-4.700790434038493,0.21212121212121193,0.46938775510204084,-3.1361511620944453,0.043449707372895226
18.775510204081634,0.0100951832988382,-4.595696869993551,0.22222222222222263,0.46938775510204084,-3.2668665952185076,0.03812570336836269
18.775510204081634,0.0112138763700549,-4.490603305948624,0.23232323232323193,0.46938775510204084,-3.3953054557092455,0.033530310582946546
18.775510204081634,0.0124565368968931,-4.385509741903686,0.24242424242424226,0.46938775510204084,-3.521715730617345,0.029548694052208543
18.775510204081634,0.013836902275649,-4.280416177858747,0.2525252525252527,0.46938775510204084,-3.646307484265596,0.026087278839283648
18.775510204081634,0.0153702322058399,-4.175322613813814,0.26262626262626254,0.46938775510204084,-3.7692593720611796,0.02306914261327586
18.775510204081634,0.0170734773835322,-4.07022904976888,0.2727272727272725,0.46938775510204084,-3.890724190071587,0.0204305450813266
18.775510204081634,0.0189654668883421,-3.9651354857239447,0.2828282828282826,0.46938775510204084,-4.0108335603794,0.018118286254986828
18.775510204081634,0.0210671163356406,-3.8600419216790063,0.292929292929293,0.46938775510204084,-4.129701858635603,0.01608767450888473
18.775510204081634,0.0234016590950486,-3.7549483576340705,0.3030303030303031,0.46938775510204084,-4.247429487745149,0.014300947463173366
18.775510204081634,0.0259949031313031,-3.649854793589135,0.3131313131313132,0.46938775510204084,-4.3641055940019475,0.012726032326239249
18.775510204081634,0.0288755163068248,-3.5447612295442013,0.32323232323232315,0.46938775510204084,-4.479810311889491,0.011335563172304266
18.775510204081634,0.0320753432999582,-3.4396676654992664,0.33333333333333315,0.46938775510204084,-4.594616612912383,0.01010609458451819
18.775510204081634,0.0356297576423598,-3.3345741014543298,0.34343434343434337,0.46938775510204084,-4.708591823279327,0.009017466832859653
18.775510204081634,0.0395780527672466,-3.229480537409394,0.3535353535353535,0.46938775510204084,-4.821798865603946,0.00805228911708683
18.775510204081634,0.0439638763914761,-3.1243869733644574,0.3636363636363637,0.46938775510204084,-4.934297271293414,0.007195515665056826
18.775510204081634,0.048835713033475,-3.019293409319523,0.3737373737373737,0.46938775510204084,-5.0461440030169795,0.006434095527261462
18.775510204081634,0.0542474200011699,-2.914199845274587,0.3838383838383838,0.46938775510204084,-5.157394120517007,0.005756681374822872
18.775510204081634,0.060258822775172,-2.8091062812296523,0.3939393939393938,0.46938775510204084,-5.268101317891514,0.00515338593161096
18.775510204081634,0.0669363763690749,-2.7040127171847166,0.404040404040404,0.46938775510204084,-5.378318356140283,0.0046155771643915456
18.775510204081634,0.0743538999780876,-2.5989191531397813,0.4141414141414141,0.46938775510204084,-5.4880974110021254,0.004135705240984531
18.775510204081634,0.0825933930374168,-2.493825589094845,0.42424242424242425,0.46938775510204084,-5.597490352691227,0.0037071557051373714
18.775510204081634,0.0917459417117808,-2.38873202504991,0.4343434343434343,0.46938775510204084,-5.706548970849015,0.0033241244234377357
18.775510204081634,0.101912725837141,-2.283638461004973,0.44444444444444453,0.46938775510204084,-5.815325154678104,0.0029815107176859174
18.775510204081634,0.113206137446215,-2.1785448969600347,0.4545454545454549,0.46938775510204084,-5.923871034673672,0.0026748257667688173
18.775510204081634,0.125751023242877,-2.0734513329151003,0.46464646464646486,0.46938775510204084,-6.032239088536232,0.0024001138901230097
18.775510204081634,0.139686064760787,-1.9683577688701692,0.47474747474747453,0.46938775510204084,-6.140482209736923,0.002153884743644412
18.775510204081634,0.155165311463659,-1.8632642048252352,0.48484848484848453,0.46938775510204084,-6.248653732907379,0.0019330547933018517
18.775510204081634,0.172359883735326,-1.7581706407802946,0.49494949494949514,0.46938775510204084,-6.356807405947137,0.001734896700544042
18.775510204081634,0.19145986458586,-1.6530770767353593,0.5050505050505052,0.46938775510204084,-6.464997294814019,0.0015569954711859985
18.775510204081634,0.212676400986239,-1.5479835126904273,0.5151515151515149,0.46938775510204084,-6.5732776038573455,0.0013972103968473467
18.775510204081634,0.236244038061438,-1.442889948645492,0.5252525252525251,0.46938775510204084,-6.6817023928905614,0.0012536419637487358
18.775510204081634,0.262423311946047,-1.3377963846005527,0.5353535353535355,0.46938775510204084,-6.7903251727578455,0.0011246030244451957
18.775510204081634,0.291503629965987,-1.2327028205556183,0.5454545454545455,0.46938775510204084,-6.89919836486716,0.001008593629152319
18.775510204081634,0.323806469986239,-1.1276092565106834,0.5555555555555556,0.46938775510204084,-7.0083726181273835,0.0009042789988624646
18.775510204081634,0.359688934292802,-1.0225156924657481,0.5656565656565656,0.46938775510204084,-7.11789599013941,0.0008104701957471267
18.775510204081634,0.399547697296443,-0.9174221284208132,0.5757575757575757,0.46938775510204084,-7.227813019579454,0.0007261071100050078
18.775510204081634,0.443823390699414,-0.8123285643758777,0.5858585858585857,0.46938775510204084,-7.338163744581868,0.0006502434383952393
18.775510204081634,0.49300547460239,-0.707235000330941,0.5959595959595959,0.46938775510204084,-7.448982758291772,0.0005820333797868883
18.775510204081634,0.547637648400869,-0.6021414362860068,0.606060606060606,0.46938775510204084,-7.560298437514843,0.0005207198183652405
18.775510204081634,0.608323861287565,-0.49704787224107067,0.6161616161616161,0.46938775510204084,-7.67213253200477,0.0004656238065234867
18.775510204081634,0.67573498880583,-0.39195430819613525,0.6262626262626262,0.46938775510204084,-7.784500356558114,0.00041613519748069953
18.775510204081634,0.750616249262273,-0.2868607441511999,0.6363636363636362,0.46938775510204084,-7.897411878490696,0.0003717043125517445
18.775510204081634,0.833795441985706,-0.18176718010626372,0.6464646464646464,0.46938775510204084,-8.010874027343188,0.00033183455972023694
18.775510204081634,0.926192098504948,-0.07667361606132911,0.6565656565656565,0.46938775510204084,-8.124894554029831,0.0002960759484265263
18.775510204081634,1.02882764781018,0.028419947983610284,0.666666666666667,0.46938775510204084,-8.239487708724997,0.0002640194696864394
18.775510204081634,1.142836708073,0.1335135120285407,0.6767676767676766,0.46938775510204084,-8.35468186005457,0.0002352923298571198
18.775510204081634,1.2694796296533,0.23860707607348014,0.686868686868687,0.46938775510204084,-8.4705289085482,0.00020955403912460542
18.775510204081634,1.41015642805352,0.3437006401184105,0.6969696969696967,0.46938775510204084,-8.5871149228624,0.00018649335997556417
18.775510204081634,1.56642226084696,0.44879420416335164,0.7070707070707073,0.46938775510204084,-8.704570827143419,0.00016582611358647556
18.775510204081634,1.74000461967455,0.5538877682082868,0.7171717171717173,0.46938775510204084,-8.823081192862272,0.00014729381966226173
18.775510204081634,1.93282242736499,0.6589813322532224,0.7272727272727274,0.46938775510204084,-8.94288826886314,0.00013066310447778392
18.775510204081634,2.14700725129329,0.7640748962981553,0.7373737373737373,0.46938775510204084,-9.064287380450654,0.00011572575112669278
18.775510204081634,2.38492686748792,0.8691684603430914,0.7474747474747475,0.46938775510204084,-9.187608838866339,0.00010229918632339418
18.775510204081634,2.64921143598352,0.9742620243880249,0.7575757575757573,0.46938775510204084,-9.31318071657878,9.022710144201266e-05
18.775510204081634,2.94278257678333,1.0793555884329629,0.7676767676767676,0.46938775510204084,-9.441266761131498,7.93797896018311e-05
18.775510204081634,3.26888566786082,1.184449152477898,0.7777777777777777,0.46938775510204084,-9.571975597286103,6.965364003562073e-05
18.775510204081634,3.63112572224959,1.289542716522833,0.7878787878787878,0.46938775510204084,-9.705143605623732,6.0969086214144966e-05
18.775510204081634,4.0335072408363,1.3946362805677694,0.797979797979798,0.46938775510204084,-9.840207229402077,5.32662716371053e-05
18.775510204081634,4.48047848142245,1.4997298446127043,0.808080808080808,0.46938775510204084,-9.976100540286884,4.649803332800009e-05
18.775510204081634,4.97698063344183,1.6048234086576407,0.8181818181818182,0.46938775510204084,-10.11123150260933,4.062075144456443e-05
18.775510204081634,5.52850244195146,1.7099169727025751,0.8282828282828283,0.46938775510204084,-10.243586682272593,3.5584988432757684e-05
18.775510204081634,6.14114088475497,1.8150105367475111,0.8383838383838383,0.46938775510204084,-10.37097398250822,3.132876156499044e-05
18.775510204081634,6.8216685734332,1.9201041007924453,0.8484848484848483,0.46938775510204084,-10.491347627920028,2.7775738672575066e-05
18.775510204081634,7.57760862338904,2.0251976648373815,0.8585858585858586,0.46938775510204084,-10.603110982965719,2.4838616895970015e-05
18.775510204081634,8.41731782058148,2.1302912288823177,0.8686868686868686,0.46938775510204084,-10.705299916845712,2.2425767692060458e-05
18.775510204081634,9.35007900434302,2.2353847929272526,0.8787878787878787,0.46938775510204084,-10.79760834989314,2.044835027470471e-05
18.775510204081634,10.3862036875563,2.3404783569721936,0.8888888888888893,0.46938775510204084,-10.880284917076363,1.882575051503715e-05
18.775510204081634,11.5371460486378,2.445571921017128,0.8989898989898993,0.46938775510204084,-10.95396515946933,1.7488532816075216e-05
18.775510204081634,12.8156295554912,2.550665485062058,0.909090909090909,0.46938775510204084,-11.019500135054255,1.6379170283680904e-05
18.775510204081634,14.2357876212352,2.6557590491069942,0.919191919191919,0.46938775510204084,-11.077817938061028,1.5451291929856765e-05
18.775510204081634,15.8133198466305,2.7608526131519304,0.9292929292929293,0.46938775510204084,-11.12982962355494,1.4668186053029297e-05
18.775510204081634,17.5656655764397,2.865946177196865,0.9393939393939392,0.46938775510204084,-11.176375274824702,1.400109139187876e-05
18.775510204081634,19.5121966883548,2.9710397412417997,0.9494949494949493,0.46938775510204084,-11.218199742668624,1.3427580195958703e-05
18.775510204081634,21.6744317457404,3.0761333052867346,0.9595959595959593,0.46938775510204084,-11.255947371382948,1.2930168010893993e-05
18.775510204081634,24.0762738816144,3.1812268693316703,0.9696969696969694,0.46938775510204084,-11.290167332198209,1.2495183196524938e-05
18.775510204081634,26.744275043632,3.2863204333766105,0.97979797979798,0.46938775510204084,-11.321323907334447,1.2111878322668688e-05
18.775510204081634,29.707929521255,3.3914139974215445,0.98989898989899,0.46938775510204084,-11.349808312375766,1.177174590668013e-05
18.775510204081634,33.0,3.4965075614664802,1.0,0.46938775510204084,-11.375950212269977,1.1467997679716189e-05
19.591836734693878,0.001,-6.907755278982137,0.0,0.4897959183673469,3.922271923596396,50.51508091078392
19.591836734693878,0.001110814537795,-6.802661714937222,0.010101010101008117,0.4897959183673469,2.364296106366291,10.63654918261181
19.591836734693878,0.0012339089373767,-6.697568150892323,0.020202020202014698,0.4897959183673469,1.2903553495827007,3.6340776943286275
19.591836734693878,0.0013706439859533,-6.592474586847349,0.030303030303028534,0.4897959183673469,0.5995577214394402,1.8213130944966585
19.591836734693878,0.0015225312657382,-6.487381022802441,0.04040404040403597,0.4897959183673469,0.12560803121838454,1.1338376522074185
19.591836734693878,0.0016912498642295,-6.382287458757476,0.05050505050504887,0.4897959183673469,-0.23509038465461113,0.7904993973846881
19.591836734693878,0.00187866493623,-6.277193894712534,0.06060606060605963,0.4897959183673469,-0.5340916375231455,0.5862015318494068
19.591836734693878,0.00208684832281,-6.172100330667619,0.07070707070706775,0.4897959183673469,-0.796064320787543,0.4511008633070941
19.591836734693878,0.0023181014551505,-6.067006766622687,0.08080808080807748,0.4897959183673469,-1.0331720555482224,0.35587630885219124
19.591836734693878,0.002574980796465,-5.961913202577741,0.0909090909090886,0.4897959183673469,-1.251840565931467,0.2859779508879934
19.591836734693878,0.0028603261032564,-5.856819638532781,0.10101010101010106,0.4897959183673469,-1.4558240947865224,0.2332080991111746
19.591836734693878,0.0031772918183317,-5.751726074487876,0.11111111111110823,0.4897959183673469,-1.6475939428701112,0.1925125480179064
19.591836734693878,0.0035293819426201,-5.646632510442922,0.1212121212121201,0.4897959183673469,-1.8289692379794111,0.1605790012350389
19.591836734693878,0.0039204887712936,-5.541538946397998,0.13131313131312908,0.4897959183673469,-2.0014032559692416,0.13514550637645906
19.591836734693878,0.0043549359224151,-5.436445382353058,0.14141414141413966,0.4897959183673469,-2.1661135409176673,0.11462222696683722
19.591836734693878,0.0048375261337845,-5.331351818308116,0.15151515151515035,0.4897959183673469,-2.3241425298456275,0.09786732639437909
19.591836734693878,0.0053735943563712,-5.2262582542631755,0.16161616161616094,0.4897959183673469,-2.476388471364949,0.0840462134447405
19.591836734693878,0.0059690667312704,-5.121164690218244,0.17171717171717069,0.4897959183673469,-2.6236244305961844,0.07253947151401811
19.591836734693878,0.0066305261021638,-5.016071126173304,0.18181818181818118,0.4897959183673469,-2.76651288929069,0.06288089551632954
19.591836734693878,0.0073652847875129,-4.910977562128371,0.19191919191919102,0.4897959183673469,-2.905618767672522,0.05471492429852367
19.591836734693878,0.0081814654169699,-4.80588399808343,0.20202020202020168,0.4897959183673469,-3.041421686053728,0.04776693161775175
19.591836734693878,0.0090880907256374,-4.700790434038493,0.21212121212121193,0.4897959183673469,-3.1743275218893956,0.041822219157395216
19.591836734693878,0.0100951832988382,-4.595696869993551,0.22222222222222263,0.4897959183673469,-3.3046791053448064,0.03671099030703772
19.591836734693878,0.0112138763700549,-4.490603305948624,0.23232323232323193,0.4897959183673469,-3.4327659013184815,0.03229748546003491
19.591836734693878,0.0124565368968931,-4.385509741903686,0.24242424242424226,0.4897959183673469,-3.5588325969998906,0.028472043669656923
19.591836734693878,0.013836902275649,-4.280416177858747,0.2525252525252527,0.4897959183673469,-3.683086588664168,0.02514524191351535
19.591836734693878,0.0153702322058399,-4.175322613813814,0.26262626262626254,0.4897959183673469,-3.805704418167642,0.02224352290444178
19.591836734693878,0.0170734773835322,-4.07022904976888,0.2727272727272725,0.4897959183673469,-3.9268372451369586,0.01970589902562881
19.591836734693878,0.0189654668883421,-3.9651354857239447,0.2828282828282826,0.4897959183673469,-4.04661545849631,0.017481441289934032
19.591836734693878,0.0210671163356406,-3.8600419216790063,0.292929292929293,0.4897959183673469,-4.165152535744533,0.015527346244137772
19.591836734693878,0.0234016590950486,-3.7549483576340705,0.3030303030303031,0.4897959183673469,-4.2825482548682485,0.013807432361650999
19.591836734693878,0.0259949031313031,-3.649854793589135,0.3131313131313132,0.4897959183673469,-4.398891355522507,0.012290958655932964
19.591836734693878,0.0288755163068248,-3.5447612295442013,0.32323232323232315,0.4897959183673469,-4.514261735634971,0.010951687383575655
19.591836734693878,0.0320753432999582,-3.4396676654992664,0.33333333333333315,0.4897959183673469,-4.62873225853341,0.009767133457037516
19.591836734693878,0.0356297576423598,-3.3345741014543298,0.34343434343434337,0.4897959183673469,-4.742370235051291,0.008717958067520326
19.591836734693878,0.0395780527672466,-3.229480537409394,0.3535353535353535,0.4897959183673469,-4.855238635373603,0.007787474764607912
19.591836734693878,0.0439638763914761,-3.1243869733644574,0.3636363636363637,0.4897959183673469,-4.967397076882322,0.006961244056334654
19.591836734693878,0.048835713033475,-3.019293409319523,0.3737373737373737,0.4897959183673469,-5.078902626988326,0.006226738322694857
19.591836734693878,0.0542474200011699,-2.914199845274587,0.3838383838383838,0.4897959183673469,-5.189810453810126,0.005573063067682896
19.591836734693878,0.060258822775172,-2.8091062812296523,0.3939393939393938,0.4897959183673469,-5.300174352418093,0.0049907236863071455
19.591836734693878,0.0669363763690749,-2.7040127171847166,0.404040404040404,0.4897959183673469,-5.410047170001708,0.004471429289046566
19.591836734693878,0.0743538999780876,-2.5989191531397813,0.4141414141414141,0.4897959183673469,-5.519481149511933,0.004007926917542368
19.591836734693878,0.0825933930374168,-2.493825589094845,0.42424242424242425,0.4897959183673469,-5.628528207855957,0.0035938608529504502
19.591836734693878,0.0917459417117808,-2.38873202504991,0.4343434343434343,0.4897959183673469,-5.737240161366906,0.0032236527712378414
19.591836734693878,0.101912725837141,-2.283638461004973,0.44444444444444453,0.4897959183673469,-5.845668907858501,0.0028923993168295937
19.591836734693878,0.113206137446215,-2.1785448969600347,0.4545454545454549,0.4897959183673469,-5.95386657097264,0.0025957843051604835
19.591836734693878,0.125751023242877,-2.0734513329151003,0.46464646464646486,0.4897959183673469,-6.061885608669189,0.002330003268375632
19.591836734693878,0.139686064760787,-1.9683577688701692,0.47474747474747453,0.4897959183673469,-6.1697788836028575,0.002091698458211724
19.591836734693878,0.155165311463659,-1.8632642048252352,0.48484848484848453,0.4897959183673469,-6.277599688887757,0.0018779027395996175
19.591836734693878,0.172359883735326,-1.7581706407802946,0.49494949494949514,0.4897959183673469,-6.385401718580347,0.0016859910656097773
19.591836734693878,0.19145986458586,-1.6530770767353593,0.5050505050505052,0.4897959183673469,-6.49323896845187,0.0015136384326306306
19.591836734693878,0.212676400986239,-1.5479835126904273,0.5151515151515149,0.4897959183673469,-6.601165549742672,0.001358783384607101
19.591836734693878,0.236244038061438,-1.442889948645492,0.5252525252525251,0.4897959183673469,-6.709235397207791,0.00121959627491114
19.591836734693878,0.262423311946047,-1.3377963846005527,0.5353535353535355,0.4897959183673469,-6.817501853644729,0.0010944516103315542
19.591836734693878,0.291503629965987,-1.2327028205556183,0.5454545454545455,0.4897959183673469,-6.926017117162457,0.0009819038987659715
19.591836734693878,0.323806469986239,-1.1276092565106834,0.5555555555555556,0.4897959183673469,-7.03483154577077,0.0008806665044296894
19.591836734693878,0.359688934292802,-1.0225156924657481,0.5656565656565656,0.4897959183673469,-7.143992827610961,0.0007895930848982795
19.591836734693878,0.399547697296443,-0.9174221284208132,0.5757575757575757,0.4897959183673469,-7.253545045504178,0.0007076612455538204
19.591836734693878,0.443823390699414,-0.8123285643758777,0.5858585858585857,0.4897959183673469,-7.363527692519023,0.0006339581009636358
19.591836734693878,0.49300547460239,-0.707235000330941,0.5959595959595959,0.4897959183673469,-7.4739747316099825,0.0005676674809054477
19.591836734693878,0.547637648400869,-0.6021414362860068,0.606060606060606,0.4897959183673469,-7.584913836884739,0.0005080585623138119
19.591836734693878,0.608323861287565,-0.49704787224107067,0.6161616161616161,0.4897959183673469,-7.696366005109269,0.00045447574818048445
19.591836734693878,0.67573498880583,-0.39195430819613525,0.6262626262626262,0.4897959183673469,-7.808345779747556,0.0004063296509149977
19.591836734693878,0.750616249262273,-0.2868607441511999,0.6363636363636362,0.4897959183673469,-7.920862378873274,0.00036308907109801206
19.591836734693878,0.833795441985706,-0.18176718010626372,0.6464646464646464,0.4897959183673469,-8.033922050792585,0.0003242738929091893
19.591836734693878,0.926192098504948,-0.07667361606132911,0.6565656565656565,0.4897959183673469,-8.147531979515458,0.00028944884449585105
19.591836734693878,1.02882764781018,0.028419947983610284,0.666666666666667,0.4897959183673469,-8.26170600219488,0.00025821809460754315
19.591836734693878,1.142836708073,0.1335135120285407,0.6767676767676766,0.4897959183673469,-8.376472252272633,0.00023022067505316156
19.591836734693878,1.2694796296533,0.23860707607348014,0.686868686868687,0.4897959183673469,-8.491882571995603,0.00020512673055634502
19.591836734693878,1.41015642805352,0.3437006401184105,0.6969696969696967,0.4897959183673469,-8.608023115283714,0.00018263460132522693
19.591836734693878,1.56642226084696,0.44879420416335164,0.7070707070707073,0.4897959183673469,-8.72502496707299,0.00016246873624008266
19.591836734693878,1.74000461967455,0.5538877682082868,0.7171717171717173,0.4897959183673469,-8.843072840381176,0.00014437841253215865
19.591836734693878,1.93282242736499,0.6589813322532224,0.7272727272727274,0.4897959183673469,-8.962409008711973,0.00012813719799856406
19.591836734693878,2.14700725129329,0.7640748962981553,0.7373737373737373,0.4897959183673469,-9.083328649656465,0.00011354303275807922
19.591836734693878,2.38492686748792,0.8691684603430914,0.7474747474747475,0.4897959183673469,-9.206161808270846,0.00010041873060752654
19.591836734693878,2.64921143598352,0.9742620243880249,0.7575757575757573,0.4897959183673469,-9.331236415232716,8.86126073585768e-05
19.591836734693878,2.94278257678333,1.0793555884329629,0.7676767676767676,0.4897959183673469,-9.458816693838644,7.799883292874221e-05
19.591836734693878,3.26888566786082,1.184449152477898,0.7777777777777777,0.4897959183673469,-9.58901308899363,6.847696894623461e-05
19.591836734693878,3.63112572224959,1.289542716522833,0.7878787878787878,0.4897959183673469,-9.721665931886356,5.997001132818411e-05
19.591836734693878,4.0335072408363,1.3946362805677694,0.797979797979798,0.4897959183673469,-9.856218211239556,5.242021748209134e-05
19.591836734693878,4.48047848142245,1.4997298446127043,0.808080808080808,0.4897959183673469,-9.991612781297556,4.5782310215163077e-05
19.591836734693878,4.97698063344183,1.6048234086576407,0.8181818181818182,0.4897959183673469,-10.126267131563441,4.001456154131385e-05
19.591836734693878,5.52850244195146,1.7099169727025751,0.8282828282828283,0.4897959183673469,-10.258175744005564,3.506960545793761e-05
19.591836734693878,6.14114088475497,1.8150105367475111,0.8383838383838383,0.4897959183673469,-10.385150607434811,3.088775881407944e-05
19.591836734693878,6.8216685734332,1.9201041007924453,0.8484848484848483,0.4897959183673469,-10.505145283207654,2.739513039410651e-05
19.591836734693878,7.57760862338904,2.0251976648373815,0.8585858585858586,0.4897959183673469,-10.616558596456327,2.4506832629527458e-05
19.591836734693878,8.41731782058148,2.1302912288823177,0.8686868686868686,0.4897959183673469,-10.718420082256891,2.21334596683946e-05
19.591836734693878,9.35007900434302,2.2353847929272526,0.8787878787878787,0.4897959183673469,-10.810417672458513,2.0188091189962073e-05
19.591836734693878,10.3862036875563,2.3404783569721936,0.8888888888888893,0.4897959183673469,-10.89279568652342,1.859169306295464e-05
19.591836734693878,11.5371460486378,2.445571921017128,0.8989898989898993,0.4897959183673469,-10.966187348087267,1.7276085598966333e-05
19.591836734693878,12.8156295554912,2.550665485062058,0.909090909090909,0.4897959183673469,-11.031443032011515,1.618471900776834e-05
19.591836734693878,14.2357876212352,2.6557590491069942,0.919191919191919,0.4897959183673469,-11.089491162792637,1.527197417122421e-05
19.591836734693878,15.8133198466305,2.7608526131519304,0.9292929292929293,0.4897959183673469,-11.141243564466711,1.4501716090572568e-05
19.591836734693878,17.5656655764397,2.865946177196865,0.9393939393939392,0.4897959183673469,-11.187541126803149,1.3845626840171223e-05
19.591836734693878,19.5121966883548,2.9710397412417997,0.9494949494949493,0.4897959183673469,-11.22912932375157,1.3281621456363372e-05
19.591836734693878,21.6744317457404,3.0761333052867346,0.9595959595959593,0.4897959183673469,-11.266652854023544,1.2792482630913305e-05
19.591836734693878,24.0762738816144,3.1812268693316703,0.9696969696969694,0.4897959183673469,-11.300660971981216,1.2364748807696168e-05
19.591836734693878,26.744275043632,3.2863204333766105,0.97979797979798,0.4897959183673469,-11.331617810511975,1.198783933787521e-05
19.591836734693878,29.707929521255,3.3914139974215445,0.98989898989899,0.4897959183673469,-11.359914256751175,1.1653380402335672e-05
19.591836734693878,33.0,3.4965075614664802,1.0,0.4897959183673469,-11.385879521106888,1.1354691844241447e-05
20.408163265306122,0.001,-6.907755278982137,0.0,0.5102040816326531,3.8430420242848156,46.66722155266786
20.408163265306122,0.001110814537795,-6.802661714937222,0.010101010101008117,0.5102040816326531,2.293746611191089,9.912004627559503
20.408163265306122,0.0012339089373767,-6.697568150892323,0.020202020202014698,0.5102040816326531,1.2279516436791662,3.414228811581127
20.408163265306122,0.0013706439859533,-6.592474586847349,0.030303030303028534,0.5102040816326531,0.5420692697893253,1.7195614197439901
20.408163265306122,0.0015225312657382,-6.487381022802441,0.04040404040403597,0.5102040816326531,0.070858630475184,1.0734294649280438
20.408163265306122,0.0016912498642295,-6.382287458757476,0.05050505050504887,0.5102040816326531,-0.2881102289878129,0.7496789513324232
20.408163265306122,0.00187866493623,-6.277193894712534,0.06060606060605963,0.5102040816326531,-0.5857940444923638,0.5566636705539386
20.408163265306122,0.00208684832281,-6.172100330667619,0.07070707070706775,0.5102040816326531,-0.8466145254225286,0.4288643864962291
20.408163265306122,0.0023181014551505,-6.067006766622687,0.08080808080807748,0.5102040816326531,-1.0826487479202933,0.3386972129298176
20.408163265306122,0.002574980796465,-5.961913202577741,0.0909090909090886,0.5102040816326531,-1.300301211296272,0.27244971574128196
20.408163265306122,0.0028603261032564,-5.856819638532781,0.10101010101010106,0.5102040816326531,-1.503327703788379,0.22238888312842722
20.408163265306122,0.0031772918183317,-5.751726074487876,0.11111111111110823,0.5102040816326531,-1.694205852034533,0.18374509189259428
20.408163265306122,0.0035293819426201,-5.646632510442922,0.1212121212121201,0.5102040816326531,-1.8747591088222963,0.15339191315333967
20.408163265306122,0.0039204887712936,-5.541538946397998,0.13131313131312908,0.5102040816326531,-2.046441296153484,0.12919384912565374
20.408163265306122,0.0043549359224151,-5.436445382353058,0.14141414141413966,0.5102040816326531,-2.210467017567686,0.10964942834675838
20.408163265306122,0.0048375261337845,-5.331351818308116,0.15151515151515035,0.5102040816326531,-2.36787326055427,0.09367974698362747
20.408163265306122,0.0053735943563712,-5.2262582542631755,0.16161616161616094,0.5102040816326531,-2.519551357163835,0.08049571247438306
20.408163265306122,0.0059690667312704,-5.121164690218244,0.17171717171717069,0.5102040816326531,-2.6662668534106206,0.0695112371819035
20.408163265306122,0.0066305261021638,-5.016071126173304,0.18181818181818118,0.5102040816326531,-2.8086747364393356,0.06028483276804605
20.408163265306122,0.0073652847875129,-4.910977562128371,0.19191919191919102,0.5102040816326531,-2.9473328647436685,0.052479489351230695
20.408163265306122,0.0081814654169699,-4.80588399808343,0.20202020202020168,0.5102040816326531,-3.082714464981366,0.045834671024457214
20.408163265306122,0.0090880907256374,-4.700790434038493,0.21212121212121193,0.5102040816326531,-3.215219799015442,0.040146508690698135
20.408163265306122,0.0100951832988382,-4.595696869993551,0.22222222222222263,0.5102040816326531,-3.345186885061526,0.03525362616584622
20.408163265306122,0.0112138763700549,-4.490603305948624,0.23232323232323193,0.5102040816326531,-3.47290115209679,0.031026886246867183
20.408163265306122,0.0124565368968931,-4.385509741903686,0.24242424242424226,0.5102040816326531,-3.59860396891849,0.027361893851125255
20.408163265306122,0.013836902275649,-4.280416177858747,0.2525252525252527,0.5102040816326531,-3.722500056714756,0.02417345722316477
20.408163265306122,0.0153702322058399,-4.175322613813814,0.26262626262626254,0.5102040816326531,-3.844763845474338,0.021391452653069017
20.408163265306122,0.0170734773835322,-4.07022904976888,0.2727272727272725,0.5102040816326531,-3.9655448663680057,0.0189577043823107
20.408163265306122,0.0189654668883421,-3.9651354857239447,0.2828282828282826,0.5102040816326531,-4.084972287369864,0.016823605535861045
20.408163265306122,0.0210671163356406,-3.8600419216790063,0.292929292929293,0.5102040816326531,-4.203158702507511,0.014948284984115138
20.408163265306122,0.0234016590950486,-3.7549483576340705,0.3030303030303031,0.5102040816326531,-4.3202032805594515,0.013297180209453455
20.408163265306122,0.0259949031313031,-3.649854793589135,0.3131313131313132,0.5102040816326531,-4.436194370122412,0.011840915023497543
20.408163265306122,0.0288755163068248,-3.5447612295442013,0.32323232323232315,0.5102040816326531,-4.551211647120112,0.010554408414758347
20.408163265306122,0.0320753432999582,-3.4396676654992664,0.33333333333333315,0.5102040816326531,-4.665327879563015,0.009416160350771497
20.408163265306122,0.0356297576423598,-3.3345741014543298,0.34343434343434337,0.5102040816326531,-4.778610373623292,0.008407674379466904
20.408163265306122,0.0395780527672466,-3.229480537409394,0.3535353535353535,0.5102040816326531,-4.891122155357937,0.007512987004303144
20.408163265306122,0.0439638763914761,-3.1243869733644574,0.3636363636363637,0.5102040816326531,-5.00292293390316,0.006718281180309673
20.408163265306122,0.048835713033475,-3.019293409319523,0.3737373737373737,0.5102040816326531,-5.114069884694343,0.006011566685067497
20.408163265306122,0.0542474200011699,-2.914199845274587,0.3838383838383838,0.5102040816326531,-5.224618285140137,0.005382414115284803
20.408163265306122,0.060258822775172,-2.8091062812296523,0.3939393939393938,0.5102040816326531,-5.334622030025941,0.004821732237903569
20.408163265306122,0.0669363763690749,-2.7040127171847166,0.404040404040404,0.5102040816326531,-5.444134049533039,0.004321580662581151
20.408163265306122,0.0743538999780876,-2.5989191531397813,0.4141414141414141,0.5102040816326531,-5.553206648909099,0.003875011498179503
20.408163265306122,0.0825933930374168,-2.493825589094845,0.42424242424242425,0.5102040816326531,-5.66189178529231,0.0034759349517411537
20.408163265306122,0.0917459417117808,-2.38873202504991,0.4343434343434343,0.5102040816326531,-5.770241293771021,0.0031190048269227524
20.408163265306122,0.101912725837141,-2.283638461004973,0.44444444444444453,0.5102040816326531,-5.878307071285092,0.0027995206544799037
20.408163265306122,0.113206137446215,-2.1785448969600347,0.4545454545454549,0.5102040816326531,-5.986141223324293,0.0025133437946177413
20.408163265306122,0.125751023242877,-2.0734513329151003,0.46464646464646486,0.5102040816326531,-6.093796174498379,0.002256825329964585
20.408163265306122,0.139686064760787,-1.9683577688701692,0.47474747474747453,0.5102040816326531,-6.201324739966533,0.0020267439483968594
20.408163265306122,0.155165311463659,-1.8632642048252352,0.48484848484848453,0.5102040816326531,-6.308780150537532,0.0018202523192765124
20.408163265306122,0.172359883735326,-1.7581706407802946,0.49494949494949514,0.5102040816326531,-6.416216020209059,0.0016348307117476897
20.408163265306122,0.19145986458586,-1.6530770767353593,0.5050505050505052,0.5102040816326531,-6.523686241345676,0.001468246802472078
20.408163265306122,0.212676400986239,-1.5479835126904273,0.5151515151515149,0.5102040816326531,-6.631244790071018,0.0013185207824925249
20.408163265306122,0.236244038061438,-1.442889948645492,0.5252525252525251,0.5102040816326531,-6.738945423380601,0.001183895006516956
20.408163265306122,0.262423311946047,-1.3377963846005527,0.5353535353535355,0.5102040816326531,-6.846841250726013,0.0010628075388418841
20.408163265306122,0.291503629965987,-1.2327028205556183,0.5454545454545455,0.5102040816326531,-6.954984167284509,0.0009538690431359653
20.408163265306122,0.323806469986239,-1.1276092565106834,0.5555555555555556,0.5102040816326531,-7.06342414485226,0.00085584254213021
20.408163265306122,0.359688934292802,-1.0225156924657481,0.5656565656565656,0.5102040816326531,-7.1722083904228064,0.0007676256408841656
20.408163265306122,0.399547697296443,-0.9174221284208132,0.5757575757575757,0.5102040816326531,-7.281380403183932,0.0006882348660703281
20.408163265306122,0.443823390699414,-0.8123285643758777,0.5858585858585857,0.5102040816326531,-7.390978988887631,0.0006167918254973856
20.408163265306122,0.49300547460239,-0.707235000330941,0.5959595959595959,0.5102040816326531,-7.501037326904379,0.000552510938319839
20.408163265306122,0.547637648400869,-0.6021414362860068,0.606060606060606,0.5102040816326531,-7.611582229512057,0.0004946885281481342
20.408163265306122,0.608323861287565,-0.49704787224107067,0.6161616161616161,0.5102040816326531,-7.722633783385815,0.00044269310935745617
20.408163265306122,0.67573498880583,-0.39195430819613525,0.6262626262626262,0.5102040816326531,-7.8342056158478455,0.00039595673178531473
20.408163265306122,0.750616249262273,-0.2868607441511999,0.6363636363636362,0.5102040816326531,-7.946306075851997,0.0003539672809305416
20.408163265306122,0.833795441985706,-0.18176718010626372,0.6464646464646464,0.5102040816326531,-8.058940650013863,0.00031626165969105333
20.408163265306122,0.926192098504948,-0.07667361606132911,0.6565656565656565,0.5102040816326531,-8.172115929683969,0.0002824198033338512
20.408163265306122,1.02882764781018,0.028419947983610284,0.666666666666667,0.5102040816326531,-8.285845382255483,0.0002520595012492318
20.408163265306122,1.142836708073,0.1335135120285407,0.6767676767676766,0.5102040816326531,-8.400157029068385,0.00022483201624468076
20.408163265306122,1.2694796296533,0.23860707607348014,0.686868686868687,0.5102040816326531,-8.515102860927001,0.00020041850335061713
20.408163265306122,1.41015642805352,0.3437006401184105,0.6969696969696967,0.5102040816326531,-8.630769400677334,0.00017852723333525592
20.408163265306122,1.56642226084696,0.44879420416335164,0.7070707070707073,0.5102040816326531,-8.747288232458061,0.0001588916185580612
20.408163265306122,1.74000461967455,0.5538877682082868,0.7171717171717173,0.5102040816326531,-8.864844562923622,0.00014126901706329936
20.408163265306122,1.93282242736499,0.6589813322532224,0.7272727272727274,0.5102040816326531,-8.983680993331197,0.00012544025188765902
20.408163265306122,2.14700725129329,0.7640748962981553,0.7373737373737373,0.5102040816326531,-9.104092722979317,0.00011120972521757879
20.408163265306122,2.38492686748792,0.8691684603430914,0.7474747474747475,0.5102040816326531,-9.226409462556711,9.840593284762441e-05
20.408163265306122,2.64921143598352,0.9742620243880249,0.7575757575757573,0.5102040816326531,-9.350958579451042,8.688209577309983e-05
20.408163265306122,2.94278257678333,1.0793555884329629,0.7676767676767676,0.5102040816326531,-9.478003886442748,7.651652048128653e-05
20.408163265306122,3.26888566786082,1.184449152477898,0.7777777777777777,0.5102040816326531,-9.607656223048346,6.721217017429384e-05
20.408163265306122,3.63112572224959,1.289542716522833,0.7878787878787878,0.5102040816326531,-9.739757928032049,5.8894789893727204e-05
20.408163265306122,4.0335072408363,1.3946362805677694,0.797979797979798,0.5102040816326531,-9.87375627645698,5.1508883168671654e-05
20.408163265306122,4.48047848142245,1.4997298446127043,0.808080808080808,0.5102040816326531,-10.008600777903832,4.501112943909992e-05
20.408163265306122,4.97698063344183,1.6048234086576407,0.8181818181818182,0.5102040816326531,-10.142717109802712,3.936170731550274e-05
20.408163265306122,5.52850244195146,1.7099169727025751,0.8282828282828283,0.5102040816326531,-10.274107776586732,3.4515302671027995e-05
20.408163265306122,6.14114088475497,1.8150105367475111,0.8383838383838383,0.5102040816326531,-10.40059071289485,3.0414511456804487e-05
20.408163265306122,6.8216685734332,1.9201041007924453,0.8484848484848483,0.5102040816326531,-10.520122155035057,2.6987894211674387e-05
20.408163265306122,7.57760862338904,2.0251976648373815,0.8585858585858586,0.5102040816326531,-10.631100415142859,2.4153037360745808e-05
20.408163265306122,8.41731782058148,2.1302912288823177,0.8686868686868686,0.5102040816326531,-10.732552470562393,2.1822860942214268e-05
20.408163265306122,9.35007900434302,2.2353847929272526,0.8787878787878787,0.5102040816326531,-10.824163102274257,1.9912495628287772e-05
20.408163265306122,10.3862036875563,2.3404783569721936,0.8888888888888893,0.5102040816326531,-10.906173957001664,1.834462472302366e-05
20.408163265306122,11.5371460486378,2.445571921017128,0.8989898989898993,0.5102040816326531,-10.979216501802165,1.705245286039628e-05
20.408163265306122,12.8156295554912,2.550665485062058,0.909090909090909,0.5102040816326531,-11.044140207965738,1.5980517914765995e-05
20.408163265306122,14.2357876212352,2.6557590491069942,0.919191919191919,0.5102040816326531,-11.10187315292616,1.5084042622044196e-05
20.408163265306122,15.8133198466305,2.7608526131519304,0.9292929292929293,0.5102040816326531,-11.15332705428963,1.4327539203401696e-05
20.408163265306122,17.5656655764397,2.865946177196865,0.9393939393939392,0.5102040816326531,-11.199342704631785,1.3683187005946977e-05
20.408163265306122,19.5121966883548,2.9710397412417997,0.9494949494949493,0.5102040816326531,-11.240665362387894,1.312928452983994e-05
20.408163265306122,21.6744317457404,3.0761333052867346,0.9595959595959593,0.5102040816326531,-11.277939347271463,1.2648912090102149e-05
20.408163265306122,24.0762738816144,3.1812268693316703,0.9696969696969694,0.5102040816326531,-11.311713377317545,1.2228841029407872e-05
20.408163265306122,26.744275043632,3.2863204333766105,0.97979797979798,0.5102040816326531,-11.342450923138692,1.1858674615359232e-05
20.408163265306122,29.707929521255,3.3914139974215445,0.98989898989899,0.5102040816326531,-11.370542122933008,1.1530185643145433e-05
20.408163265306122,33.0,3.4965075614664802,1.0,0.5102040816326531,-11.396315389061211,1.1236811938886595e-05
21.224489795918366,0.001,-6.907755278982137,0.0,0.5306122448979591,3.760025365794109,42.94951541351084
21.224489795918366,0.001110814537795,-6.802661714937222,0.010101010101008117,0.5306122448979591,2.21968252605521,9.20440824218426
21.224489795918366,0.0012339089373767,-6.697568150892323,0.020202020202014698,0.5306122448979591,1.16211085440099,3.1966738725168846
21.224489795918366,0.0013706439859533,-6.592474586847349,0.030303030303028534,0.5306122448979591,0.48114923146408667,1.6179327133544992
21.224489795918366,0.0015225312657382,-6.487381022802441,0.04040404040403597,0.5306122448979591,0.012683410765403094,1.0127641863618244
21.224489795918366,0.0016912498642295,-6.382287458757476,0.05050505050504887,0.5306122448979591,-0.3445374701359724,0.7085480022994345
21.224489795918366,0.00187866493623,-6.277193894712534,0.06060606060605963,0.5306122448979591,-0.6408758551973434,0.5268307944227922
21.224489795918366,0.00208684832281,-6.172100330667619,0.07070707070706775,0.5306122448979591,-0.9005110351246887,0.4063619414440323
21.224489795918366,0.0023181014551505,-6.067006766622687,0.08080808080807748,0.5306122448979591,-1.13543678169031,0.3212817606926426
21.224489795918366,0.002574980796465,-5.961913202577741,0.0909090909090886,0.5306122448979591,-1.352038317112918,0.25871238495804905
21.224489795918366,0.0028603261032564,-5.856819638532781,0.10101010101010106,0.5306122448979591,-1.5540739853377163,0.21138503768155226
21.224489795918366,0.0031772918183317,-5.751726074487876,0.11111111111110823,0.5306122448979591,-1.7440281524376564,0.1748147997753586
21.224489795918366,0.0035293819426201,-5.646632510442922,0.1212121212121201,0.5306122448979591,-1.9237286635655564,0.14606133196002077
21.224489795918366,0.0039204887712936,-5.541538946397998,0.13131313131312908,0.5306122448979591,-2.0946297735581054,0.1231158159478924
21.224489795918366,0.0043549359224151,-5.436445382353058,0.14141414141413966,0.5306122448979591,-2.2579429528815282,0.1045653595467576
21.224489795918366,0.0048375261337845,-5.331351818308116,0.15151515151515035,0.5306122448979591,-2.414699525861965,0.08939419553054033
21.224489795918366,0.0053735943563712,-5.2262582542631755,0.16161616161616094,0.5306122448979591,-2.5657837040978664,0.07685892317954172
21.224489795918366,0.0059690667312704,-5.121164690218244,0.17171717171717069,0.5306122448979591,-2.711953334966966,0.06640696489743585
21.224489795918366,0.0066305261021638,-5.016071126173304,0.18181818181818118,0.5306122448979591,-2.8538557612954407,0.057621716411870826
21.224489795918366,0.0073652847875129,-4.910977562128371,0.19191919191919102,0.5306122448979591,-2.9920416604842797,0.050184871588396913
21.224489795918366,0.0081814654169699,-4.80588399808343,0.20202020202020168,0.5306122448979591,-3.126977774557193,0.0438501221490262
21.224489795918366,0.0090880907256374,-4.700790434038493,0.21212121212121193,0.5306122448979591,-3.259058684065762,0.03842455064114669
21.224489795918366,0.0100951832988382,-4.595696869993551,0.22222222222222263,0.5306122448979591,-3.388617551262992,0.03375530964364059
21.224489795918366,0.0112138763700549,-4.490603305948624,0.23232323232323193,0.5306122448979591,-3.5159357432960454,0.029719979666668724
21.224489795918366,0.0124565368968931,-4.385509741903686,0.24242424242424226,0.5306122448979591,-3.641251299317244,0.026219514969341502
21.224489795918366,0.013836902275649,-4.280416177858747,0.2525252525252527,0.5306122448979591,-3.764766265641883,0.023173027935172855
21.224489795918366,0.0153702322058399,-4.175322613813814,0.26262626262626254,0.5306122448979591,-3.88665296919622,0.020513891889467794
21.224489795918366,0.0170734773835322,-4.07022904976888,0.2727272727272725,0.5306122448979591,-4.007059327552696,0.018186798094222047
21.224489795918366,0.0189654668883421,-3.9651354857239447,0.2828282828282826,0.5306122448979591,-4.126113306451029,0.016145509678585242
21.224489795918366,0.0210671163356406,-3.8600419216790063,0.292929292929293,0.5306122448979591,-4.243926637166323,0.014351129383846585
21.224489795918366,0.0234016590950486,-3.7549483576340705,0.3030303030303031,0.5306122448979591,-4.360597900461764,0.012770749729245077
21.224489795918366,0.0259949031313031,-3.649854793589135,0.3131313131313132,0.5306122448979591,-4.476215074321407,0.011376390562984128
21.224489795918366,0.0288755163068248,-3.5447612295442013,0.32323232323232315,0.5306122448979591,-4.5908576314280465,0.010144154695751473
21.224489795918366,0.0320753432999582,-3.4396676654992664,0.33333333333333315,0.5306122448979591,-4.704598260880886,0.009053550652868931
21.224489795918366,0.0356297576423598,-3.3345741014543298,0.34343434343434337,0.5306122448979591,-4.8175042778004284,0.008086944742267892
21.224489795918366,0.0395780527672466,-3.229480537409394,0.3535353535353535,0.5306122448979591,-4.929638774696374,0.007229114148745716
21.224489795918366,0.0439638763914761,-3.1243869733644574,0.3636363636363637,0.5306122448979591,-5.04106155995546,0.006466879692686955
21.224489795918366,0.048835713033475,-3.019293409319523,0.3737373737373737,0.5306122448979591,-5.15182992153862,0.005788801975281754
21.224489795918366,0.0542474200011699,-2.914199845274587,0.3838383838383838,0.5306122448979591,-5.26199924784845,0.005184928392804109
21.224489795918366,0.060258822775172,-2.8091062812296523,0.3939393939393938,0.5306122448979591,-5.371623532559436,0.004646581307061558
21.224489795918366,0.0669363763690749,-2.7040127171847166,0.404040404040404,0.5306122448979591,-5.480755785782194,0.004166179768283109
21.224489795918366,0.0743538999780876,-2.5989191531397813,0.4141414141414141,0.5306122448979591,-5.589448370033671,0.0037370887863641183
21.224489795918366,0.0825933930374168,-2.493825589094845,0.42424242424242425,0.5306122448979591,-5.6977532758901,0.003353491369894156
21.224489795918366,0.0917459417117808,-2.38873202504991,0.4343434343434343,0.5306122448979591,-5.805722348712108,0.0030102794960184384
21.224489795918366,0.101912725837141,-2.283638461004973,0.44444444444444453,0.5306122448979591,-5.913407474293673,0.0027029609078590843
21.224489795918366,0.113206137446215,-2.1785448969600347,0.4545454545454549,0.5306122448979591,-6.020860727590831,0.002427579211122161
21.224489795918366,0.125751023242877,-2.0734513329151003,0.46464646464646486,0.5306122448979591,-6.128134484791016,0.002180645195368025
21.224489795918366,0.139686064760787,-1.9683577688701692,0.47474747474747453,0.5306122448979591,-6.235281494926024,0.0019590776662781095
21.224489795918366,0.155165311463659,-1.8632642048252352,0.48484848484848453,0.5306122448979591,-6.342354903139145,0.0017601523641503024
21.224489795918366,0.172359883735326,-1.7581706407802946,0.49494949494949514,0.5306122448979591,-6.449408213821665,0.0015814577767228595
21.224489795918366,0.19145986458586,-1.6530770767353593,0.5050505050505052,0.5306122448979591,-6.556495178481009,0.0014208568434312743
21.224489795918366,0.212676400986239,-1.5479835126904273,0.5151515151515149,0.5306122448979591,-6.663669590863953,0.0012764537027191727
21.224489795918366,0.236244038061438,-1.442889948645492,0.5252525252525251,0.5306122448979591,-6.770984971138652,0.0011465647613399556
21.224489795918366,0.262423311946047,-1.3377963846005527,0.5353535353535355,0.5306122448979591,-6.878494122586999,0.0010296934703990957
21.224489795918366,0.291503629965987,-1.2327028205556183,0.5454545454545455,0.5306122448979591,-6.986248549162771,0.0009245082816843556
21.224489795918366,0.323806469986239,-1.1276092565106834,0.5555555555555556,0.5306122448979591,-7.094297731448426,0.0008298233331564997
21.224489795918366,0.359688934292802,-1.0225156924657481,0.5656565656565656,0.5306122448979591,-7.202688273097937,0.0007445814771346741
21.224489795918366,0.399547697296443,-0.9174221284208132,0.5757575757575757,0.5306122448979591,-7.311462950886928,0.0006678393209329599
21.224489795918366,0.443823390699414,-0.8123285643758777,0.5858585858585857,0.5306122448979591,-7.420659729943309,0.0005987539992417403
21.224489795918366,0.49300547460239,-0.707235000330941,0.5959595959595959,0.5306122448979591,-7.530310842105474,0.0005365714417635522
21.224489795918366,0.547637648400869,-0.6021414362860068,0.606060606060606,0.5306122448979591,-7.640442069299032,0.00048061593953771607
21.224489795918366,0.608323861287565,-0.49704787224107067,0.6161616161616161,0.5306122448979591,-7.751072423516629,0.0004302808497538581
21.224489795918366,0.67573498880583,-0.39195430819613525,0.6262626262626262,0.5306122448979591,-7.862214466312648,0.00038502031212088146
21.224489795918366,0.750616249262273,-0.2868607441511999,0.6363636363636362,0.5306122448979591,-7.973875556236602,0.0003443418802321573
21.224489795918366,0.833795441985706,-0.18176718010626372,0.6464646464646464,0.5306122448979591,-8.086060340387835,0.00030779999882163704
21.224489795918366,0.926192098504948,-0.07667361606132911,0.6565656565656565,0.5306122448979591,-8.198774798793366,0.0002749902820854019
21.224489795918366,1.02882764781018,0.028419947983610284,0.666666666666667,0.5306122448979591,-8.312032084021986,0.00024554456885183954
21.224489795918366,1.142836708073,0.1335135120285407,0.6767676767676766,0.5306122448979591,-8.42586024438247,0.0002191267465078015
21.224489795918366,1.2694796296533,0.23860707607348014,0.686868686868687,0.5306122448979591,-8.540311645658633,0.00019542934594841065
21.224489795918366,1.41015642805352,0.3437006401184105,0.6969696969696967,0.5306122448979591,-8.655473485275564,0.00017417091246944364
21.224489795918366,1.56642226084696,0.44879420416335164,0.7070707070707073,0.5306122448979591,-8.771478207798356,0.00015509414973576588
21.224489795918366,1.74000461967455,0.5538877682082868,0.7171717171717173,0.5306122448979591,-8.888511887394056,0.00013796481247385273
21.224489795918366,1.93282242736499,0.6589813322532224,0.7272727272727274,0.5306122448979591,-9.006817775033717,0.00012257128546911284
21.224489795918366,2.14700725129329,0.7640748962981553,0.7373737373737373,0.5306122448979591,-9.126691275334364,0.00010872473081312967
21.224489795918366,2.38492686748792,0.8691684603430914,0.7474747474747475,0.5306122448979591,-9.248461704327337,9.625961397526165e-05
21.224489795918366,2.64921143598352,0.9742620243880249,0.7575757575757573,0.5306122448979591,-9.372455444307398,8.503433479186674e-05
21.224489795918366,2.94278257678333,1.0793555884329629,0.7676767676767676,0.5306122448979591,-9.49893499966598,7.493158957604154e-05
21.224489795918366,3.26888566786082,1.184449152477898,0.7777777777777777,0.5306122448979591,-9.628010150695255,6.585796695430783e-05
21.224489795918366,3.63112572224959,1.289542716522833,0.7878787878787878,0.5306122448979591,-9.759523247955979,5.774214425937636e-05
21.224489795918366,4.0335072408363,1.3946362805677694,0.797979797979798,0.5306122448979591,-9.892923509408503,5.0531001982035495e-05
21.224489795918366,4.48047848142245,1.4997298446127043,0.808080808080808,0.5306122448979591,-10.027164857462894,4.4183247460212444e-05
21.224489795918366,4.97698063344183,1.6048234086576407,0.8181818181818182,0.5306122448979591,-10.160679691141846,3.866098170747734e-05
21.224489795918366,5.52850244195146,1.7099169727025751,0.8282828282828283,0.5306122448979591,-10.291478536920886,3.392092297981688e-05
21.224489795918366,6.14114088475497,1.8150105367475111,0.8383838383838383,0.5306122448979591,-10.417387094194286,2.990792405268783e-05
21.224489795918366,6.8216685734332,1.9201041007924453,0.8484848484848483,0.5306122448979591,-10.536367663526933,2.6553004216151826e-05
21.224489795918366,7.57760862338904,2.0251976648373815,0.8585858585858586,0.5306122448979591,-10.64682220621231,2.3776277781780946e-05
21.224489795918366,8.41731782058148,2.1302912288823177,0.8686868686868686,0.5306122448979591,-10.747779099322466,2.149308936628876e-05
21.224489795918366,9.35007900434302,2.2353847929272526,0.8787878787878787,0.5306122448979591,-10.838922987417533,1.962074785820761e-05
21.224489795918366,10.3862036875563,2.3404783569721936,0.8888888888888893,0.5306122448979591,-10.92049462326985,1.8083789598623183e-05
21.224489795918366,11.5371460486378,2.445571921017128,0.8989898989898993,0.5306122448979591,-10.993124359436075,1.681693136975427e-05
21.224489795918366,12.8156295554912,2.550665485062058,0.909090909090909,0.5306122448979591,-11.057660574273775,1.5765909520017794e-05
21.224489795918366,14.2357876212352,2.6557590491069942,0.919191919191919,0.5306122448979591,-11.115030315631767,1.4886879318094516e-05
21.224489795918366,15.8133198466305,2.7608526131519304,0.9292929292929293,0.5306122448979591,-11.166144292757012,1.4145071580299142e-05
21.224489795918366,17.5656655764397,2.865946177196865,0.9393939393939392,0.5306122448979591,-11.211842261355507,1.3513217717167109e-05
21.224489795918366,19.5121966883548,2.9710397412417997,0.9494949494949493,0.5306122448979591,-11.252868387971635,1.2970041136551037e-05
21.224489795918366,21.6744317457404,3.0761333052867346,0.9595959595959593,0.5306122448979591,-11.289865844764579,1.2498950905169458e-05
21.224489795918366,24.0762738816144,3.1812268693316703,0.9696969696969694,0.5306122448979591,-11.323382163281671,1.2086974614973111e-05
21.224489795918366,26.744275043632,3.2863204333766105,0.97979797979798,0.5306122448979591,-11.353879613099092,1.1723917018015536e-05
21.224489795918366,29.707929521255,3.3914139974215445,0.98989898989899,0.5306122448979591,-11.381747141756797,1.140171082156053e-05
21.224489795918366,33.0,3.4965075614664802,1.0,0.5306122448979591,-11.4073120028109,1.1113921983279631e-05
22.04081632653061,0.001,-6.907755278982137,0.0,0.5510204081632653,3.6728573213283,39.364221552692484
22.04081632653061,0.001110814537795,-6.802661714937222,0.010101010101008117,0.5510204081632653,2.141761102084749,8.514419194374568
22.04081632653061,0.0012339089373767,-6.697568150892323,0.020202020202014698,0.5510204081632653,1.0925075985962693,2.981741717066705
22.04081632653061,0.0013706439859533,-6.592474586847349,0.030303030303028534,0.5510204081632653,0.4164831789583197,1.5166184900049264
22.04081632653061,0.0015225312657382,-6.487381022802441,0.04040404040403597,0.5510204081632653,-0.04922526836883072,0.9519666575663869
22.04081632653061,0.0016912498642295,-6.382287458757476,0.05050505050504887,0.5510204081632653,-0.4046750067533297,0.6671936090447541
22.04081632653061,0.00187866493623,-6.277193894712534,0.06060606060605963,0.5510204081632653,-0.6996361912373178,0.4967659987435585
22.04081632653061,0.00208684832281,-6.172100330667619,0.07070707070706775,0.5510204081632653,-0.9580496756580166,0.3836403799819391
22.04081632653061,0.0023181014551505,-6.067006766622687,0.08080808080807748,0.5510204081632653,-1.1918289343104573,0.3036653718590025
22.04081632653061,0.002574980796465,-5.961913202577741,0.0909090909090886,0.5510204081632653,-1.4073417305231049,0.24479314516252246
22.04081632653061,0.0028603261032564,-5.856819638532781,0.10101010101010106,0.5510204081632653,-1.6083498962730658,0.20021772165306762
22.04081632653061,0.0031772918183317,-5.751726074487876,0.11111111111110823,0.5510204081632653,-1.797344903774373,0.1657383558320307
22.04081632653061,0.0035293819426201,-5.646632510442922,0.1212121212121201,0.5510204081632653,-1.9761590318207511,0.13860057663341332
22.04081632653061,0.0039204887712936,-5.541538946397998,0.13131313131312908,0.5510204081632653,-2.146246842428272,0.11692216260866112
22.04081632653061,0.0043549359224151,-5.436445382353058,0.14141414141413966,0.5510204081632653,-2.3088164767189565,0.09937879910818116
22.04081632653061,0.0048375261337845,-5.331351818308116,0.15151515151515035,0.5510204081632653,-2.4648933834432296,0.08501790620493702
22.04081632653061,0.0053735943563712,-5.2262582542631755,0.16161616161616094,0.5510204081632653,-2.6153544536532416,0.0731418587017414
22.04081632653061,0.0059690667312704,-5.121164690218244,0.17171717171717069,0.5510204081632653,-2.760949661549484,0.06323169113186242
22.04081632653061,0.0066305261021638,-5.016071126173304,0.18181818181818118,0.5510204081632653,-2.902318561414076,0.05489579312217701
22.04081632653061,0.0073652847875129,-4.910977562128371,0.19191919191919102,0.5510204081632653,-3.0400045359016796,0.04783467252033485
22.04081632653061,0.0081814654169699,-4.80588399808343,0.20202020202020168,0.5510204081632653,-3.1744677572964854,0.0418163546126843
22.04081632653061,0.0090880907256374,-4.700790434038493,0.21212121212121193,0.5510204081632653,-3.306097065183849,0.036658972485437466
22.04081632653061,0.0100951832988382,-4.595696869993551,0.22222222222222263,0.5510204081632653,-3.435220728123391,0.032218297962558616
22.04081632653061,0.0112138763700549,-4.490603305948624,0.23232323232323193,0.5510204081632653,-3.5621160320158007,0.028378710874432733
22.04081632653061,0.0124565368968931,-4.385509741903686,0.24242424242424226,0.5510204081632653,-3.687017681765235,0.02504658766307215
22.04081632653061,0.013836902275649,-4.280416177858747,0.2525252525252527,0.5510204081632653,-3.810125055742786,0.022145409373246272
22.04081632653061,0.0153702322058399,-4.175322613813814,0.26262626262626254,0.5510204081632653,-3.931608393277574,0.01961210319695979
22.04081632653061,0.0170734773835322,-4.07022904976888,0.2727272727272725,0.5510204081632653,-4.051614019676184,0.01739427726497679
22.04081632653061,0.0189654668883421,-3.9651354857239447,0.2828282828282826,0.5510204081632653,-4.170268723319809,0.015448108299141524
22.04081632653061,0.0210671163356406,-3.8600419216790063,0.292929292929293,0.5510204081632653,-4.287683399178596,0.013736710941675783
22.04081632653061,0.0234016590950486,-3.7549483576340705,0.3030303030303031,0.5510204081632653,-4.403956066395101,0.012228865877708116
22.04081632653061,0.0259949031313031,-3.649854793589135,0.3131313131313132,0.5510204081632653,-4.519174357391791,0.010898017822924601
22.04081632653061,0.0288755163068248,-3.5447612295442013,0.32323232323232315,0.5510204081632653,-4.6334175643412925,0.009721478487191057
22.04081632653061,0.0320753432999582,-3.4396676654992664,0.33333333333333315,0.5510204081632653,-4.74675831715479,0.008679786762405462
22.04081632653061,0.0356297576423598,-3.3345741014543298,0.34343434343434337,0.5510204081632653,-4.859263956190835,0.00775619068679096
22.04081632653061,0.0395780527672466,-3.229480537409394,0.3535353535353535,0.5510204081632653,-4.970997653071632,0.006936224635931744
22.04081632653061,0.0439638763914761,-3.1243869733644574,0.3636363636363637,0.5510204081632653,-5.082019324462638,0.006207361674351867
22.04081632653061,0.048835713033475,-3.019293409319523,0.3737373737373737,0.5510204081632653,-5.192386376401422,0.005558725762446148
22.04081632653061,0.0542474200011699,-2.914199845274587,0.3838383838383838,0.5510204081632653,-5.302154310626642,0.0049808520379283905
22.04081632653061,0.060258822775172,-2.8091062812296523,0.3939393939393938,0.5510204081632653,-5.411377219169885,0.004465486021535267
22.04081632653061,0.0669363763690749,-2.7040127171847166,0.404040404040404,0.5510204081632653,-5.52010818901561,0.004005414576787986
22.04081632653061,0.0743538999780876,-2.5989191531397813,0.4141414141414141,0.5510204081632653,-5.62839963468281,0.0035943229567506002
22.04081632653061,0.0825933930374168,-2.493825589094845,0.42424242424242425,0.5510204081632653,-5.736303572923012,0.0032266734215027687
22.04081632653061,0.0917459417117808,-2.38873202504991,0.4343434343434343,0.5510204081632653,-5.84387185017498,0.002897601798425394
22.04081632653061,0.101912725837141,-2.283638461004973,0.44444444444444453,0.5510204081632653,-5.951156329819423,0.002602829048774023
22.04081632653061,0.113206137446215,-2.1785448969600347,0.4545454545454549,0.5510204081632653,-6.058209042542822,0.0023385854462715317
22.04081632653061,0.125751023242877,-2.0734513329151003,0.46464646464646486,0.5510204081632653,-6.1650822992203205,0.0021015454019243274
22.04081632653061,0.139686064760787,-1.9683577688701692,0.47474747474747453,0.5510204081632653,-6.271828761713318,0.00188877131025186
22.04081632653061,0.155165311463659,-1.8632642048252352,0.48484848484848453,0.5510204081632653,-6.378501462987979,0.0016976650653599767
22.04081632653061,0.172359883735326,-1.7581706407802946,0.49494949494949514,0.5510204081632653,-6.485153764236478,0.0015259261157427415
22.04081632653061,0.19145986458586,-1.6530770767353593,0.5050505050505052,0.5510204081632653,-6.59183923357425,0.0013715151058011478
22.04081632653061,0.212676400986239,-1.5479835126904273,0.5151515151515149,0.5510204081632653,-6.698611428865479,0.0012326222986390834
22.04081632653061,0.236244038061438,-1.442889948645492,0.5252525252525251,0.5510204081632653,-6.805523566896491,0.0011076400955920551
22.04081632653061,0.262423311946047,-1.3377963846005527,0.5353535353535355,0.5510204081632653,-6.91262806320992,0.000995139068525498
22.04081632653061,0.291503629965987,-1.2327028205556183,0.5454545454545455,0.5510204081632653,-7.019975932303065,0.0008938470054288462
22.04081632653061,0.323806469986239,-1.1276092565106834,0.5555555555555556,0.5510204081632653,-7.12761604757255,0.000802630541564868
22.04081632653061,0.359688934292802,-1.0225156924657481,0.5656565656565656,0.5510204081632653,-7.235594275420623,0.000720479010054236
22.04081632653061,0.399547697296443,-0.9174221284208132,0.5757575757575757,0.5510204081632653,-7.343952519375702,0.0006464901993777976
22.04081632653061,0.443823390699414,-0.8123285643758777,0.5858585858585857,0.5510204081632653,-7.452727738788895,0.0005798577525145053
22.04081632653061,0.49300547460239,-0.707235000330941,0.5959595959595959,0.5510204081632653,-7.561951043059877,0.0005198599845847293
22.04081632653061,0.547637648400869,-0.6021414362860068,0.606060606060606,0.5510204081632653,-7.671647005951799,0.00046584993390336236
22.04081632653061,0.608323861287565,-0.49704787224107067,0.6161616161616161,0.5510204081632653,-7.781833393421491,0.00041724649594956356
22.04081632653061,0.67573498880583,-0.39195430819613525,0.6262626262626262,0.5510204081632653,-7.892521548262214,0.0003735265213573169
22.04081632653061,0.750616249262273,-0.2868607441511999,0.6363636363636362,0.5510204081632653,-8.003717718164017,0.00033421778781350355
22.04081632653061,0.833795441985706,-0.18176718010626372,0.6464646464646464,0.5510204081632653,-8.115425638547732,0.00029889278169001663
22.04081632653061,0.926192098504948,-0.07667361606132911,0.6565656565656565,0.5510204081632653,-8.227650670309387,0.000267163248096912
22.04081632653061,1.02882764781018,0.028419947983610284,0.666666666666667,0.5510204081632653,-8.340405722142853,0.00023867548735988852
22.04081632653061,1.142836708073,0.1335135120285407,0.6767676767676766,0.5510204081632653,-8.45371902903361,0.00021310639092777113
22.04081632653061,1.2694796296533,0.23860707607348014,0.686868686868687,0.5510204081632653,-8.567643582329458,0.00019016021917528633
22.04081632653061,1.41015642805352,0.3437006401184105,0.6969696969696967,0.5510204081632653,-8.682267585713738,0.00016956612559554507
22.04081632653061,1.56642226084696,0.44879420416335164,0.7070707070707073,0.5510204081632653,-8.797724731162969,0.00015107642382115709
22.04081632653061,1.74000461967455,0.5538877682082868,0.7171717171717173,0.5510204081632653,-8.914202357337636,0.00013446557262001345
22.04081632653061,1.93282242736499,0.6589813322532224,0.7272727272727274,0.5510204081632653,-9.031944704962529,0.00011952981677402057
22.04081632653061,2.14700725129329,0.7640748962981553,0.7373737373737373,0.5510204081632653,-9.151247578558502,0.00010608736782672449
22.04081632653061,2.38492686748792,0.8691684603430914,0.7474747474747475,0.5510204081632653,-9.272439841352867,9.39789401875704e-05
22.04081632653061,2.64921143598352,0.9742620243880249,0.7575757575757573,0.5510204081632653,-9.395846460334667,8.306837780648987e-05
22.04081632653061,2.94278257678333,1.0793555884329629,0.7676767676767676,0.5510204081632653,-9.521727712137249,7.324301213169524e-05
22.04081632653061,3.26888566786082,1.184449152477898,0.7777777777777777,0.5510204081632653,-9.650190825227446,6.441327418380308e-05
22.04081632653061,3.63112572224959,1.289542716522833,0.7878787878787878,0.5510204081632653,-9.781076104629026,5.651095161909193e-05
22.04081632653061,4.0335072408363,1.3946362805677694,0.797979797979798,0.5510204081632653,-9.913832279573846,4.9485429781158495e-05
22.04081632653061,4.48047848142245,1.4997298446127043,0.808080808080808,0.5510204081632653,-10.047415332007976,4.3297514259394775e-05
22.04081632653061,4.97698063344183,1.6048234086576407,0.8181818181818182,0.5510204081632653,-10.180262801199174,3.79112445009759e-05
22.04081632653061,5.52850244195146,1.7099169727025751,0.8282828282828283,0.5510204081632653,-10.310393148990933,3.32853516219569e-05
22.04081632653061,6.14114088475497,1.8150105367475111,0.8383838383838383,0.5510204081632653,-10.435641637092667,2.93669214705211e-05
22.04081632653061,6.8216685734332,1.9201041007924453,0.8484848484848483,0.5510204081632653,-10.553980082780978,2.6089435836844005e-05
22.04081632653061,7.57760862338904,2.0251976648373815,0.8585858585858586,0.5510204081632653,-10.66381839558369,2.337558642079217e-05
22.04081632653061,8.41731782058148,2.1302912288823177,0.8686868686868686,0.5510204081632653,-10.764190483360291,2.1143236658332804e-05
22.04081632653061,9.35007900434302,2.2353847929272526,0.8787878787878787,0.5510204081632653,-10.854784034659819,1.9311997276028684e-05
22.04081632653061,10.3862036875563,2.3404783569721936,0.8888888888888893,0.5510204081632653,-10.935840813288825,1.7808390892423417e-05
22.04081632653061,11.5371460486378,2.445571921017128,0.8989898989898993,0.5510204081632653,-11.007990773894438,1.6568773080527354e-05
22.04081632653061,12.8156295554912,2.550665485062058,0.909090909090909,0.5510204081632653,-11.072081040073371,1.554018916881615e-05
22.04081632653061,14.2357876212352,2.6557590491069942,0.919191919191919,0.5510204081632653,-11.129036941030968,1.4679817877334763e-05
22.04081632653061,15.8133198466305,2.7608526131519304,0.9292929292929293,0.5510204081632653,-11.179767249047563,1.3953680504496637e-05
22.04081632653061,17.5656655764397,2.865946177196865,0.9393939393939392,0.5510204081632653,-11.225109707596292,1.3335115918111766e-05
22.04081632653061,19.5121966883548,2.9710397412417997,0.9494949494949493,0.5510204081632653,-11.26580647761968,1.2803314469618673e-05
22.04081632653061,21.6744317457404,3.0761333052867346,0.9595959595959593,0.5510204081632653,-11.302498780297544,1.2342045637935247e-05
22.04081632653061,24.0762738816144,3.1812268693316703,0.9696969696969694,0.5510204081632653,-11.335732279964557,1.1938617070314916e-05
22.04081632653061,26.744275043632,3.2863204333766105,0.97979797979798,0.5510204081632653,-11.365967480603514,1.1583052950769446e-05
22.04081632653061,29.707929521255,3.3914139974215445,0.98989898989899,0.5510204081632653,-11.393591676090622,1.1267459507956437e-05
22.04081632653061,33.0,3.4965075614664802,1.0,0.5510204081632653,-11.418930583076458,1.0985541233860832e-05
22.857142857142858,0.001,-6.907755278982137,0.0,0.5714285714285714,3.5811175831972846,35.91365492477497
22.857142857142858,0.001110814537795,-6.802661714937222,0.010101010101008117,0.5714285714285714,2.0595923147808914,7.842771776337097
22.857142857142858,0.0012339089373767,-6.697568150892323,0.020202020202014698,0.5714285714285714,1.01877715194587,2.7698056407571494
22.857142857142858,0.0013706439859533,-6.592474586847349,0.030303030303028534,0.5714285714285714,0.3477222213646167,1.4158389053121734
22.857142857142858,0.0015225312657382,-6.487381022802441,0.04040404040403597,0.5714285714285714,-0.11520680962608564,0.8911818198685543
22.857142857142858,0.0016912498642295,-6.382287458757476,0.05050505050504887,0.5714285714285714,-0.4688559230703539,0.625717728151345
22.857142857142858,0.00187866493623,-6.277193894712534,0.06060606060605963,0.5714285714285714,-0.7624033343272497,0.4665438177751797
22.857142857142858,0.00208684832281,-6.172100330667619,0.07070707070706775,0.5714285714285714,-1.019554688630267,0.3607555529585011
22.857142857142858,0.0023181014551505,-6.067006766622687,0.08080808080807748,0.5714285714285714,-1.2521458094208435,0.28589067130182
22.857142857142858,0.002574980796465,-5.961913202577741,0.0909090909090886,0.5714285714285714,-1.4665286281923378,0.23072502898786604
22.857142857142858,0.0028603261032564,-5.856819638532781,0.10101010101010106,0.5714285714285714,-1.666469287853469,0.18891288655927924
22.857142857142858,0.0031772918183317,-5.751726074487876,0.11111111111110823,0.5714285714285714,-1.8544666698387589,0.1565364060028749
22.857142857142858,0.0035293819426201,-5.646632510442922,0.1212121212121201,0.5714285714285714,-2.0323574923415535,0.13102626334289766
22.857142857142858,0.0039204887712936,-5.541538946397998,0.13131313131312908,0.5714285714285714,-2.2015964808962836,0.11062640436649121
22.857142857142858,0.0043549359224151,-5.436445382353058,0.14141414141413966,0.5714285714285714,-2.3633882435154736,0.09410084585697015
22.857142857142858,0.0048375261337845,-5.331351818308116,0.15151515151515035,0.5714285714285714,-2.5187521393631305,0.08056007179580484
22.857142857142858,0.0053735943563712,-5.2262582542631755,0.16161616161616094,0.5714285714285714,-2.668557540281692,0.06935219093561933
22.857142857142858,0.0059690667312704,-5.121164690218244,0.17171717171717069,0.5714285714285714,-2.813546375595354,0.05999186102195556
22.857142857142858,0.0066305261021638,-5.016071126173304,0.18181818181818118,0.5714285714285714,-2.954350270278028,0.05211250862447321
22.857142857142858,0.0073652847875129,-4.910977562128371,0.19191919191919102,0.5714285714285714,-3.091505202365309,0.04543351627476432
22.857142857142858,0.0081814654169699,-4.80588399808343,0.20202020202020168,0.5714285714285714,-3.2254646933451605,0.03973731162085622
22.857142857142858,0.0090880907256374,-4.700790434038493,0.21212121212121193,0.5714285714285714,-3.356611786538095,0.03485314902229038
22.857142857142858,0.0100951832988382,-4.595696869993551,0.22222222222222263,0.5714285714285714,-3.485269823783535,0.030645488431897863
22.857142857142858,0.0112138763700549,-4.490603305948624,0.23232323232323193,0.5714285714285714,-3.6117119953703605,0.02700557385065175
22.857142857142858,0.0124565368968931,-4.385509741903686,0.24242424242424226,0.5714285714285714,-3.736169672696996,0.023845263596842928
22.857142857142858,0.013836902275649,-4.280416177858747,0.2525252525252527,0.5714285714285714,-3.8588395786609806,0.021092461469595813
22.857142857142858,0.0153702322058399,-4.175322613813814,0.26262626262626254,0.5714285714285714,-3.979889886068982,0.018687697000220403
22.857142857142858,0.0170734773835322,-4.07022904976888,0.2727272727272725,0.5714285714285714,-4.099465354827613,0.01658153827169253
22.857142857142858,0.0189654668883421,-3.9651354857239447,0.2828282828282826,0.5714285714285714,-4.2176916261509865,0.014732613663167173
22.857142857142858,0.0210671163356406,-3.8600419216790063,0.292929292929293,0.5714285714285714,-4.3346787901214805,0.013106083200341451
22.857142857142858,0.0234016590950486,-3.7549483576340705,0.3030303030303031,0.5714285714285714,-4.4505243351739905,0.011672445092049392
22.857142857142858,0.0259949031313031,-3.649854793589135,0.3131313131313132,0.5714285714285714,-4.565315577210251,0.010406594604420035
22.857142857142858,0.0288755163068248,-3.5447612295442013,0.32323232323232315,0.5714285714285714,-4.67913165403816,0.009287074780619109
22.857142857142858,0.0320753432999582,-3.4396676654992664,0.33333333333333315,0.5714285714285714,-4.792045158927407,0.008295474457808726
22.857142857142858,0.0356297576423598,-3.3345741014543298,0.34343434343434337,0.5714285714285714,-4.904123476007678,0.007415940484694886
22.857142857142858,0.0395780527672466,-3.229480537409394,0.3535353535353535,0.5714285714285714,-5.015429870371782,0.00663477932905142
22.857142857142858,0.0439638763914761,-3.1243869733644574,0.3636363636363637,0.5714285714285714,-5.126024377197712,0.0059401293057620205
22.857142857142858,0.048835713033475,-3.019293409319523,0.3737373737373737,0.5714285714285714,-5.2359645269266535,0.005321689095180622
22.857142857142858,0.0542474200011699,-2.914199845274587,0.3838383838383838,0.5714285714285714,-5.345305937387319,0.004770491510354458
22.857142857142858,0.060258822775172,-2.8091062812296523,0.3939393939393938,0.5714285714285714,-5.454102798544723,0.00427871392847175
22.857142857142858,0.0669363763690749,-2.7040127171847166,0.404040404040404,0.5714285714285714,-5.5624082710535205,0.0038395186528744356
22.857142857142858,0.0743538999780876,-2.5989191531397813,0.4141414141414141,0.5714285714285714,-5.67027481578923,0.0034469178784719916
22.857142857142858,0.0825933930374168,-2.493825589094845,0.42424242424242425,0.5714285714285714,-5.777754467806962,0.0030956590112454336
22.857142857142858,0.0917459417117808,-2.38873202504991,0.4343434343434343,0.5714285714285714,-5.884899064557702,0.0027811269254353842
22.857142857142858,0.101912725837141,-2.283638461004973,0.44444444444444453,0.5714285714285714,-5.9917604345410815,0.0024992603908431748
22.857142857142858,0.113206137446215,-2.1785448969600347,0.4545454545454549,0.5714285714285714,-6.098390548809869,0.0022464804120525717
22.857142857142858,0.125751023242877,-2.0734513329151003,0.46464646464646486,0.5714285714285714,-6.2048416338514105,0.0020196286242523637
22.857142857142858,0.139686064760787,-1.9683577688701692,0.47474747474747453,0.5714285714285714,-6.311166240418398,0.001815914211252917
22.857142857142858,0.155165311463659,-1.8632642048252352,0.48484848484848453,0.5714285714285714,-6.417417259017088,0.0016328680686896876
22.857142857142858,0.172359883735326,-1.7581706407802946,0.49494949494949514,0.5714285714285714,-6.523647869234552,0.0014683031432824911
22.857142857142858,0.19145986458586,-1.6530770767353593,0.5050505050505052,0.5714285714285714,-6.629911407253396,0.0013202800480751763
22.857142857142858,0.212676400986239,-1.5479835126904273,0.5151515151515149,0.5714285714285714,-6.736261134234664,0.0011870771920752103
22.857142857142858,0.236244038061438,-1.442889948645492,0.5252525252525251,0.5714285714285714,-6.842749888343646,0.0010671647770682106
22.857142857142858,0.262423311946047,-1.3377963846005527,0.5353535353535355,0.5714285714285714,-6.949429605775279,0.0009591821096247242
22.857142857142858,0.291503629965987,-1.2327028205556183,0.5454545454545455,0.5714285714285714,-7.056350702058888,0.0008619177564020286
22.857142857142858,0.323806469986239,-1.1276092565106834,0.5555555555555556,0.5714285714285714,-7.1635613151489395,0.0007742921388992684
22.857142857142858,0.359688934292802,-1.0225156924657481,0.5656565656565656,0.5714285714285714,-7.271106427364221,0.0006953422223280605
22.857142857142858,0.399547697296443,-0.9174221284208132,0.5757575757575757,0.5714285714285714,-7.379026905113867,0.0006242080041764877
22.857142857142858,0.443823390699414,-0.8123285643758777,0.5858585858585857,0.5714285714285714,-7.487358524332429,0.0005601205529195205
22.857142857142858,0.49300547460239,-0.707235000330941,0.5959595959595959,0.5714285714285714,-7.59613108594297,0.0005023913873639632
22.857142857142858,0.547637648400869,-0.6021414362860068,0.606060606060606,0.5714285714285714,-7.705367768876525,0.000450403023213072
22.857142857142858,0.608323861287565,-0.49704787224107067,0.6161616161616161,0.5714285714285714,-7.81508491609024,0.0004036005462304223
22.857142857142858,0.67573498880583,-0.39195430819613525,0.6262626262626262,0.5714285714285714,-7.925292497226844,0.00036148410126823015
22.857142857142858,0.750616249262273,-0.2868607441511999,0.6363636363636362,0.5714285714285714,-8.0359955323368,0.00032360221357497014
22.857142857142858,0.833795441985706,-0.18176718010626372,0.6464646464646464,0.5714285714285714,-8.147196782374593,0.00028954588318358957
22.857142857142858,0.926192098504948,-0.07667361606132911,0.6565656565656565,0.5714285714285714,-8.258900996637283,0.00025894341458570244
22.857142857142858,1.02882764781018,0.028419947983610284,0.666666666666667,0.5714285714285714,-8.37112093196477,0.0002314559618867533
22.857142857142858,1.142836708073,0.1335135120285407,0.6767676767676766,0.5714285714285714,-8.483885195682749,0.00020677378348495613
22.857142857142858,1.2694796296533,0.23860707607348014,0.686868686868687,0.5714285714285714,-8.59724768459764,0.0001846132088421383
22.857142857142858,1.41015642805352,0.3437006401184105,0.6969696969696967,0.5714285714285714,-8.711297970801713,0.00016471432128414447
22.857142857142858,1.56642226084696,0.44879420416335164,0.7070707070707073,0.5714285714285714,-8.826171409580802,0.0001468393524010286
22.857142857142858,1.74000461967455,0.5538877682082868,0.7171717171717173,0.5714285714285714,-8.942057025445845,0.00013077176247763137
22.857142857142858,1.93282242736499,0.6589813322532224,0.7272727272727274,0.5714285714285714,-9.059200405884294,0.00011631594495713103
22.857142857142858,2.14700725129329,0.7640748962981553,0.7373737373737373,0.5714285714285714,-9.177897957049808,0.00010329744075239369
22.857142857142858,2.38492686748792,0.8691684603430914,0.7474747474747475,0.5714285714285714,-9.2984780266929,9.156348265951562e-05
22.857142857142858,2.64921143598352,0.9742620243880249,0.7575757575757573,0.5714285714285714,-9.421263718518109,8.098361412428382e-05
22.857142857142858,2.94278257678333,1.0793555884329629,0.7676767676767676,0.5714285714285714,-9.546512129039321,7.145003747904133e-05
22.857142857142858,3.26888566786082,1.184449152477898,0.7777777777777777,0.5714285714285714,-9.67432639115168,6.287723451614572e-05
22.857142857142858,3.63112572224959,1.289542716522833,0.7878787878787878,0.5714285714285714,-9.804542634638864,5.520027434702007e-05
22.857142857142858,4.0335072408363,1.3946362805677694,0.797979797979798,0.5714285714285714,-9.936606574782395,4.8371170391463303e-05
22.857142857142858,4.48047848142245,1.4997298446127043,0.808080808080808,0.5714285714285714,-10.06947379320134,4.235289445311493e-05
22.857142857142858,4.97698063344183,1.6048234086576407,0.8181818181818182,0.5714285714285714,-10.201585288890023,3.711143967332993e-05
22.857142857142858,5.52850244195146,1.7099169727025751,0.8282828282828283,0.5714285714285714,-10.33096731052249,3.26075301351964e-05
22.857142857142858,6.14114088475497,1.8150105367475111,0.8383838383838383,0.5714285714285714,-10.45546648308486,2.8790459787322375e-05
22.857142857142858,6.8216685734332,1.9201041007924453,0.8484848484848483,0.5714285714285714,-10.573067672280503,2.559617396141339e-05
22.857142857142858,7.57760862338904,2.0251976648373815,0.8585858585858586,0.5714285714285714,-10.682193174877856,2.2949987299011392e-05
22.857142857142858,8.41731782058148,2.1302912288823177,0.8686868686868686,0.5714285714285714,-10.781886726189674,2.077237194245234e-05
22.857142857142858,9.35007900434302,2.2353847929272526,0.8787878787878787,0.5714285714285714,-10.871842392064869,1.8985360190930723e-05
22.857142857142858,10.3862036875563,2.3404783569721936,0.8888888888888893,0.5714285714285714,-10.952304965995467,1.7517591278784647e-05
22.857142857142858,11.5371460486378,2.445571921017128,0.8989898989898993,0.5714285714285714,-11.023904786766654,1.6307184396007806e-05
22.857142857142858,12.8156295554912,2.550665485062058,0.909090909090909,0.5714285714285714,-11.0874875837322,1.530260345273241e-05
22.857142857142858,14.2357876212352,2.6557590491069942,0.919191919191919,0.5714285714285714,-11.143976269605114,1.4462141274275788e-05
22.857142857142858,15.8133198466305,2.7608526131519304,0.9292929292929293,0.5714285714285714,-11.194276723887178,1.375268164847768e-05
22.857142857142858,17.5656655764397,2.865946177196865,0.9393939393939392,0.5714285714285714,-11.23922366703148,1.3148226609452855e-05
22.857142857142858,19.5121966883548,2.9710397412417997,0.9494949494949493,0.5714285714285714,-11.279556303824698,1.2628475875494951e-05
22.857142857142858,21.6744317457404,3.0761333052867346,0.9595959595959593,0.5714285714285714,-11.315913066625571,1.2177591388098252e-05
22.857142857142858,24.0762738816144,3.1812268693316703,0.9696969696969694,0.5714285714285714,-11.34883704159019,1.1783185013910563e-05
22.857142857142858,26.744275043632,3.2863204333766105,0.97979797979798,0.5714285714285714,-11.378786376947243,1.14355186295168e-05
22.857142857142858,29.707929521255,3.3914139974215445,0.98989898989899,0.5714285714285714,-11.406146228708625,1.112688586071053e-05
22.857142857142858,33.0,3.4965075614664802,1.0,0.5714285714285714,-11.431240381197048,1.0851140359994252e-05
23.6734693877551,0.001,-6.907755278982137,0.0,0.5918367346938775,3.484326319595945,32.60045742108811
23.6734693877551,0.001110814537795,-6.802661714937222,0.010101010101008117,0.5918367346938775,1.9727354080550372,7.190318066190756
23.6734693877551,0.0012339089373767,-6.697568150892323,0.020202020202014698,0.5918367346938775,0.9405121307316516,2.5612927992566297
23.6734693877551,0.0013706439859533,-6.592474586847349,0.030303030303028534,0.5918367346938775,0.27447985353992416,1.3158460641618608
23.6734693877551,0.0015225312657382,-6.487381022802441,0.04040404040403597,0.5918367346938775,-0.18563532921536985,0.83057642671886
23.6734693877551,0.0016912498642295,-6.382287458757476,0.05050505050504887,0.5918367346938775,-0.537446247237992,0.5842383491926538
23.6734693877551,0.00187866493623,-6.277193894712534,0.06060606060605963,0.5918367346938775,-0.8295373110004973,0.4362510882117147
23.6734693877551,0.00208684832281,-6.172100330667619,0.07070707070706775,0.5918367346938775,-1.0853811625578522,0.337773014928593
23.6734693877551,0.0023181014551505,-6.067006766622687,0.08080808080807748,0.5918367346938775,-1.316738132592768,0.2680080845773799
23.6734693877551,0.002574980796465,-5.961913202577741,0.0909090909090886,0.5918367346938775,-1.5299456935480227,0.2165474269191338
23.6734693877551,0.0028603261032564,-5.856819638532781,0.10101010101010106,0.5918367346938775,-1.7287749802824737,0.17750171994502717
23.6734693877551,0.0031772918183317,-5.751726074487876,0.11111111111110823,0.5918367346938775,-1.9157325053816054,0.14723394342037838
23.6734693877551,0.0035293819426201,-5.646632510442922,0.1212121212121201,0.5918367346938775,-2.0926593866104506,0.1233586408956774
23.6734693877551,0.0039204887712936,-5.541538946397998,0.13131313131312908,0.5918367346938775,-2.2610103450210084,0.10424510800445476
23.6734693877551,0.0043549359224151,-5.436445382353058,0.14141414141413966,0.5918367346938775,-2.421986239757684,0.0887451730958841
23.6734693877551,0.0048375261337845,-5.331351818308116,0.15151515151515035,0.5918367346938775,-2.5766001211523646,0.07603206489559385
23.6734693877551,0.0053735943563712,-5.2262582542631755,0.16161616161616094,0.5918367346938775,-2.7257136413489205,0.06549944292434565
23.6734693877551,0.0059690667312704,-5.121164690218244,0.17171717171717069,0.5918367346938775,-2.8700605128453702,0.05669549567027823
23.6734693877551,0.0066305261021638,-5.016071126173304,0.18181818181818118,0.5918367346938775,-3.0102642909987103,0.04927865313480808
23.6734693877551,0.0073652847875129,-4.910977562128371,0.19191919191919102,0.5918367346938775,-3.1468534402062565,0.04298717600518558
23.6734693877551,0.0081814654169699,-4.80588399808343,0.20202020202020168,0.5918367346938775,-3.280274751324334,0.037617919813902376
23.6734693877551,0.0090880907256374,-4.700790434038493,0.21212121212121193,0.5918367346938775,-3.410905417767,0.03301129782521672
23.6734693877551,0.0100951832988382,-4.595696869993551,0.22222222222222263,0.5918367346938775,-3.5390638237847276,0.029040501386921512
23.6734693877551,0.0112138763700549,-4.490603305948624,0.23232323232323193,0.5918367346938775,-3.6650190523647423,0.02560368346834947
23.6734693877551,0.0124565368968931,-4.385509741903686,0.24242424242424226,0.5918367346938775,-3.7889991452907696,0.022618228086540845
23.6734693877551,0.013836902275649,-4.280416177858747,0.2525252525252527,0.5918367346938775,-3.9111981859819234,0.020016503194066518
23.6734693877551,0.0153702322058399,-4.175322613813814,0.26262626262626254,0.5918367346938775,-4.031782305563889,0.01774267888080887
23.6734693877551,0.0170734773835322,-4.07022904976888,0.2727272727272725,0.5918367346938775,-4.150894729267257,0.01575031790818938
23.6734693877551,0.0189654668883421,-3.9651354857239447,0.2828282828282826,0.5918367346938775,-4.268659985128614,0.014000531509424817
23.6734693877551,0.0210671163356406,-3.8600419216790063,0.292929292929293,0.5918367346938775,-4.385187393360309,0.012460552890657426
23.6734693877551,0.0234016590950486,-3.7549483576340705,0.3030303030303031,0.5918367346938775,-4.500573945891566,0.011102622404698618
23.6734693877551,0.0259949031313031,-3.649854793589135,0.3131313131313132,0.5918367346938775,-4.614906674037157,0.009903107580892126
23.6734693877551,0.0288755163068248,-3.5447612295442013,0.32323232323232315,0.5918367346938775,-4.728264589830004,0.008841801886140043
23.6734693877551,0.0320753432999582,-3.4396676654992664,0.33333333333333315,0.5918367346938775,-4.840720274419382,0.007901360853406054
23.6734693877551,0.0356297576423598,-3.3345741014543298,0.34343434343434337,0.5918367346938775,-4.952341175751166,0.007066844821141519
23.6734693877551,0.0395780527672466,-3.229480537409394,0.3535353535353535,0.5918367346938775,-5.063190667826699,0.006325345206047215
23.6734693877551,0.0439638763914761,-3.1243869733644574,0.3636363636363637,0.5918367346938775,-5.173328915264954,0.0056656768336584085
23.6734693877551,0.048835713033475,-3.019293409319523,0.3737373737373737,0.5918367346938775,-5.282813579602742,0.005078122970829033
23.6734693877551,0.0542474200011699,-2.914199845274587,0.3838383838383838,0.5918367346938775,-5.391700397604008,0.004554222758604325
23.6734693877551,0.060258822775172,-2.8091062812296523,0.3939393939393938,0.5918367346938775,-5.500043656607855,0.004086593027780416
23.6734693877551,0.0669363763690749,-2.7040127171847166,0.404040404040404,0.5918367346938775,-5.607896587402877,0.003668778201734578
23.6734693877551,0.0743538999780876,-2.5989191531397813,0.4141414141414141,0.5918367346938775,-5.715311691051287,0.0032951233011291182
23.6734693877551,0.0825933930374168,-2.493825589094845,0.42424242424242425,0.5918367346938775,-5.822341012298592,0.002960666070038344
23.6734693877551,0.0917459417117808,-2.38873202504991,0.4343434343434343,0.5918367346938775,-5.929036368523477,0.0026610450204111683
23.6734693877551,0.101912725837141,-2.283638461004973,0.44444444444444453,0.5918367346938775,-6.035449539485144,0.0023924207979622017
23.6734693877551,0.113206137446215,-2.1785448969600347,0.4545454545454549,0.5918367346938775,-6.141632419344233,0.0021514087489486536
23.6734693877551,0.125751023242877,-2.0734513329151003,0.46464646464646486,0.5918367346938775,-6.247637128569278,0.0019350209444200558
23.6734693877551,0.139686064760787,-1.9683577688701692,0.47474747474747453,0.5918367346938775,-6.353516079470567,0.0017406162192270807
23.6734693877551,0.155165311463659,-1.8632642048252352,0.48484848484848453,0.5918367346938775,-6.459321985389964,0.0015658570245001122
23.6734693877551,0.172359883735326,-1.7581706407802946,0.49494949494949514,0.5918367346938775,-6.56510780027674,0.0014086720874794852
23.6734693877551,0.19145986458586,-1.6530770767353593,0.5050505050505052,0.5918367346938775,-6.670926572855795,0.001267224031469894
23.6734693877551,0.212676400986239,-1.5479835126904273,0.5151515151515149,0.5918367346938775,-6.776831198318315,0.0011398812389999276
23.6734693877551,0.236244038061438,-1.442889948645492,0.5252525252525251,0.5918367346938775,-6.882874051026815,0.0010251933489827956
23.6734693877551,0.262423311946047,-1.3377963846005527,0.5353535353535355,0.5918367346938775,-6.98910648484143,0.000921869868484359
23.6734693877551,0.291503629965987,-1.2327028205556183,0.5454545454545455,0.5918367346938775,-7.09557819417557,0.0008287614553008731
23.6734693877551,0.323806469986239,-1.1276092565106834,0.5555555555555556,0.5918367346938775,-7.202336439708776,0.000744843491849341
23.6734693877551,0.359688934292802,-1.0225156924657481,0.5656565656565656,0.5918367346938775,-7.309425158802337,0.0006692016261909463
23.6734693877551,0.399547697296443,-0.9174221284208132,0.5757575757575757,0.5918367346938775,-7.416884003005569,0.0006010190041749806
23.6734693877551,0.443823390699414,-0.8123285643758777,0.5858585858585857,0.5918367346938775,-7.524747374305263,0.000539564959149792
23.6734693877551,0.49300547460239,-0.707235000330941,0.5959595959595959,0.5918367346938775,-7.633043568144151,0.00048418496355556425
23.6734693877551,0.547637648400869,-0.6021414362860068,0.606060606060606,0.5918367346938775,-7.74179417396742,0.0004342916808269542
23.6734693877551,0.608323861287565,-0.49704787224107067,0.6161616161616161,0.5918367346938775,-7.851013930867336,0.0003893569869772304
23.6734693877551,0.67573498880583,-0.39195430819613525,0.6262626262626262,0.5918367346938775,-7.9607112821846,0.0003489048593689249
23.6734693877551,0.750616249262273,-0.2868607441511999,0.6363636363636362,0.5918367346938775,-8.070889910821768,0.00031250505565528575
23.6734693877551,0.833795441985706,-0.18176718010626372,0.6464646464646464,0.5918367346938775,-8.18155155437661,0.0002797675286758136
23.6734693877551,0.926192098504948,-0.07667361606132911,0.6565656565656565,0.5918367346938775,-8.292700378735102,0.00025033754300739296
23.6734693877551,1.02882764781018,0.028419947983610284,0.666666666666667,0.5918367346938775,-8.404349107837838,0.00022389147551049417
23.6734693877551,1.142836708073,0.1335135120285407,0.6767676767676766,0.5918367346938775,-8.516526939005242,0.00020013329488128634
23.6734693877551,1.2694796296533,0.23860707607348014,0.686868686868687,0.5918367346938775,-8.629288989420981,0.00017879172278932842
23.6734693877551,1.41015642805352,0.3437006401184105,0.6969696969696967,0.5918367346938775,-8.7427265970074,0.00015961807986419765
23.6734693877551,1.56642226084696,0.44879420416335164,0.7070707070707073,0.5918367346938775,-8.856977228410404,0.0001423848110841325
23.6734693877551,1.74000461967455,0.5538877682082868,0.7171717171717173,0.5918367346938775,-8.972232040782945,0.0001268846641050472
23.6734693877551,1.93282242736499,0.6589813322532224,0.7272727272727274,0.5918367346938775,-9.088738340711892,0.00011293045844216313
23.6734693877551,2.14700725129329,0.7640748962981553,0.7373737373737373,0.5918367346938775,-9.206793340175258,0.00010035533299626148
23.6734693877551,2.38492686748792,0.8691684603430914,0.7474747474747475,0.5918367346938775,-9.326724796409167,8.901329686544088e-05
23.6734693877551,2.64921143598352,0.9742620243880249,0.7575757575757573,0.5918367346938775,-9.448853473236436,7.877983670380967e-05
23.6734693877551,2.94278257678333,1.0793555884329629,0.7676767676767676,0.5918367346938775,-9.573432288375903,6.955225006367178e-05
23.6734693877551,3.26888566786082,1.184449152477898,0.7777777777777777,0.5918367346938775,-9.700558669803211,6.124926737697544e-05
23.6734693877551,3.63112572224959,1.289542716522833,0.7878787878787878,0.5918367346938775,-9.830062357147302,5.380940149168332e-05
23.6734693877551,4.0335072408363,1.3946362805677694,0.797979797979798,0.5918367346938775,-9.961383426162772,4.7187410569969435e-05
23.6734693877551,4.48047848142245,1.4997298446127043,0.808080808080808,0.5918367346938775,-10.093474496134661,4.13484965562149e-05
23.6734693877551,4.97698063344183,1.6048234086576407,0.8181818181818182,0.5918367346938775,-10.224778264364655,3.626061962607001e-05
23.6734693877551,5.52850244195146,1.7099169727025751,0.8282828282828283,0.5918367346938775,-10.353328584821593,3.188647609844262e-05
23.6734693877551,6.14114088475497,1.8150105367475111,0.8383838383838383,0.5918367346938775,-10.476985280140578,2.817754200393749e-05
23.6734693877551,6.8216685734332,1.9201041007924453,0.8484848484848483,0.5918367346938775,-10.593749895678865,2.5072225064124126e-05
23.6734693877551,7.57760862338904,2.0251976648373815,0.8585858585858586,0.5918367346938775,-10.702061699056111,2.249850491787512e-05
23.6734693877551,8.41731782058148,2.1302912288823177,0.8686868686868686,0.5918367346938775,-10.800978706354586,2.037954805436316e-05
23.6734693877551,9.35007900434302,2.2353847929272526,0.8787878787878787,0.5918367346938775,-10.8902048312003,1.8639923902477027e-05
23.6734693877551,10.3862036875563,2.3404783569721936,0.8888888888888893,0.5918367346938775,-10.969990013414087,1.721051517747389e-05
23.6734693877551,11.5371460486378,2.445571921017128,0.8989898989898993,0.5918367346938775,-11.040965811678301,1.6031327012946198e-05
23.6734693877551,12.8156295554912,2.550665485062058,0.909090909090909,0.5918367346938775,-11.103976436940508,1.505234993736755e-05
23.6734693877551,14.2357876212352,2.6557590491069942,0.919191919191919,0.5918367346938775,-11.159941675510655,1.423308070653572e-05
23.6734693877551,15.8133198466305,2.7608526131519304,0.9292929292929293,0.5918367346938775,-11.20976353016583,1.3541337280689871e-05
23.6734693877551,17.5656655764397,2.865946177196865,0.9393939393939392,0.5918367346938775,-11.254272652367318,1.295184055177992e-05
23.6734693877551,19.5121966883548,2.9710397412417997,0.9494949494949493,0.5918367346938775,-11.294204304010739,1.2444842175178138e-05
23.6734693877551,21.6744317457404,3.0761333052867346,0.9595959595959593,0.5918367346938775,-11.330193257072931,1.2004928825184595e-05
23.6734693877551,24.0762738816144,3.1812268693316703,0.9696969696969694,0.5918367346938775,-11.362779278902025,1.1620040991231487e-05
23.6734693877551,26.744275043632,3.2863204333766105,0.97979797979798,0.5918367346938775,-11.392417546631865,1.1280696733677704e-05
23.6734693877551,29.707929521255,3.3914139974215445,0.98989898989899,0.5918367346938775,-11.41949057330324,1.097939116028523e-05
23.6734693877551,33.0,3.4965075614664802,1.0,0.5918367346938775,-11.444319798354929,1.0710137893740855e-05
24.489795918367346,0.001,-6.907755278982137,0.0,0.6122448979591837,3.3819410992003576,29.427838061997196
24.489795918367346,0.001110814537795,-6.802661714937222,0.010101010101008117,0.6122448979591837,1.8806958882416878,6.558066956336324
24.489795918367346,0.0012339089373767,-6.697568150892323,0.020202020202014698,0.6122448979591837,0.8572593061262267,2.3566928608932374
24.489795918367346,0.0013706439859533,-6.592474586847349,0.030303030303028534,0.6122448979591837,0.19632877178944513,1.2169269308168347
24.489795918367346,0.0015225312657382,-6.487381022802441,0.04040404040403597,0.6122448979591837,-0.26092270695481773,0.7703404592739731
24.489795918367346,0.0016912498642295,-6.382287458757476,0.05050505050504887,0.6122448979591837,-0.6108478265628102,0.542890397002582
24.489795918367346,0.00187866493623,-6.277193894712534,0.06060606060605963,0.6122448979591837,-0.9014325913025313,0.4059876285881078
24.489795918367346,0.00208684832281,-6.172100330667619,0.07070707070706775,0.6122448979591837,-1.1559175655280334,0.3147685835552925
24.489795918367346,0.0023181014551505,-6.067006766622687,0.08080808080807748,0.6122448979591837,-1.3859891320008704,0.2500763189265419
24.489795918367346,0.002574980796465,-5.961913202577741,0.0909090909090886,0.6122448979591837,-1.59797136067085,0.20230650893274296
24.489795918367346,0.0028603261032564,-5.856819638532781,0.10101010101010106,0.6122448979591837,-1.795640885552227,0.16602101777262915
24.489795918367346,0.0031772918183317,-5.751726074487876,0.11111111111110823,0.6122448979591837,-1.981511973885576,0.1378606379677963
24.489795918367346,0.0035293819426201,-5.646632510442922,0.1212121212121201,0.6122448979591837,-2.157430047528504,0.11562188228571699
24.489795918367346,0.0039204887712936,-5.541538946397998,0.13131313131312908,0.6122448979591837,-2.324849624136959,0.09779814942677946
24.489795918367346,0.0043549359224151,-5.436445382353058,0.14141414141413966,0.6122448979591837,-2.4849675812642285,0.08332825586500471
24.489795918367346,0.0048375261337845,-5.331351818308116,0.15151515151515035,0.6122448979591837,-2.6387904316144386,0.07144763811580432
24.489795918367346,0.0053735943563712,-5.2262582542631755,0.16161616161616094,0.6122448979591837,-2.7871719012139216,0.061595165035047854
24.489795918367346,0.0059690667312704,-5.121164690218244,0.17171717171717069,0.6122448979591837,-2.9308373094599527,0.053352347012789667
24.489795918367346,0.0066305261021638,-5.016071126173304,0.18181818181818118,0.6122448979591837,-3.0704019981543857,0.04640249738923927
24.489795918367346,0.0073652847875129,-4.910977562128371,0.19191919191919102,0.6122448979591837,-3.2063868058182146,0.04050269330113287
24.489795918367346,0.0081814654169699,-4.80588399808343,0.20202020202020168,0.6122448979591837,-3.3392317100509588,0.035464194041396384
24.489795918367346,0.0090880907256374,-4.700790434038493,0.21212121212121193,0.6122448979591837,-3.469307998478276,0.03113857114579437
24.489795918367346,0.0100951832988382,-4.595696869993551,0.22222222222222263,0.6122448979591837,-3.5969290653127466,0.027407760786421584
24.489795918367346,0.0112138763700549,-4.490603305948624,0.23232323232323193,0.6122448979591837,-3.7223598736808405,0.024176846169269364
24.489795918367346,0.0124565368968931,-4.385509741903686,0.24242424242424226,0.6122448979591837,-3.845825139463226,0.021368762075771163
24.489795918367346,0.013836902275649,-4.280416177858747,0.2525252525252527,0.6122448979591837,-3.9675163230223895,0.018920366906554985
24.489795918367346,0.0153702322058399,-4.175322613813814,0.26262626262626254,0.6122448979591837,-4.087597539549545,0.016779497251775074
24.489795918367346,0.0170734773835322,-4.07022904976888,0.2727272727272725,0.6122448979591837,-4.206210511556073,0.014902735212694885
24.489795918367346,0.0189654668883421,-3.9651354857239447,0.2828282828282826,0.6122448979591837,-4.323478689297109,0.01325369775948189
24.489795918367346,0.0210671163356406,-3.8600419216790063,0.292929292929293,0.6122448979591837,-4.439510659570533,0.011801712161895845
24.489795918367346,0.0234016590950486,-3.7549483576340705,0.3030303030303031,0.6122448979591837,-4.554402953351251,0.01052077975363697
24.489795918367346,0.0259949031313031,-3.649854793589135,0.3131313131313132,0.6122448979591837,-4.66824235047132,0.00938875717763389
24.489795918367346,0.0288755163068248,-3.5447612295442013,0.32323232323232315,0.6122448979591837,-4.781107766711263,0.008386703308988608
24.489795918367346,0.0320753432999582,-3.4396676654992664,0.33333333333333315,0.6122448979591837,-4.893071796288612,0.0074983536468594784
24.489795918367346,0.0356297576423598,-3.3345741014543298,0.34343434343434337,0.6122448979591837,-5.004201971412735,0.00670969373968023
24.489795918367346,0.0395780527672466,-3.229480537409394,0.3535353535353535,0.6122448979591837,-5.11456179058992,0.006008610287167853
24.489795918367346,0.0439638763914761,-3.1243869733644574,0.3636363636363637,0.6122448979591837,-5.224211558759213,0.00538460373035547
24.489795918367346,0.048835713033475,-3.019293409319523,0.3737373737373737,0.6122448979591837,-5.333209075029415,0.004828549943982699
24.489795918367346,0.0542474200011699,-2.914199845274587,0.3838383838383838,0.6122448979591837,-5.441610197600828,0.004332501467737239
24.489795918367346,0.060258822775172,-2.8091062812296523,0.3939393939393938,0.6122448979591837,-5.549469310179902,0.003889520824973723
24.489795918367346,0.0669363763690749,-2.7040127171847166,0.404040404040404,0.6122448979591837,-5.65683970960564,0.003493540071953891
24.489795918367346,0.0743538999780876,-2.5989191531397813,0.4141414141414141,0.6122448979591837,-5.763773930284585,0.0031392419346825866
24.489795918367346,0.0825933930374168,-2.493825589094845,0.42424242424242425,0.6122448979591837,-5.870324017181926,0.0028219588227194016
24.489795918367346,0.0917459417117808,-2.38873202504991,0.4343434343434343,0.6122448979591837,-5.976541755380089,0.0025375867312888317
24.489795918367346,0.101912725837141,-2.283638461004973,0.44444444444444453,0.6122448979591837,-6.082478860483272,0.002282511606569122
24.489795918367346,0.113206137446215,-2.1785448969600347,0.4545454545454549,0.6122448979591837,-6.188187130363329,0.0020535461923681234
24.489795918367346,0.125751023242877,-2.0734513329151003,0.46464646464646486,0.6122448979591837,-6.293718554924593,0.00184787572772737
24.489795918367346,0.139686064760787,-1.9683577688701692,0.47474747474747453,0.6122448979591837,-6.399125376802819,0.0016630111454110092
24.489795918367346,0.155165311463659,-1.8632642048252352,0.48484848484848453,0.6122448979591837,-6.504460092380759,0.0014967486466064138
24.489795918367346,0.172359883735326,-1.7581706407802946,0.49494949494949514,0.6122448979591837,-6.609775379465773,0.001347134709548226
24.489795918367346,0.19145986458586,-1.6530770767353593,0.5050505050505052,0.6122448979591837,-6.715123935798041,0.0012124357384204138
24.489795918367346,0.212676400986239,-1.5479835126904273,0.5151515151515149,0.6122448979591837,-6.820558211713305,0.001091111680931683
24.489795918367346,0.236244038061438,-1.442889948645492,0.5252525252525251,0.6122448979591837,-6.926130021356941,0.0009817930439553256
24.489795918367346,0.262423311946047,-1.3377963846005527,0.5353535353535355,0.6122448979591837,-7.031890020538687,0.0008832608209266127
24.489795918367346,0.291503629965987,-1.2327028205556183,0.5454545454545455,0.6122448979591837,-7.137887046441362,0.0007944289157265701
24.489795918367346,0.323806469986239,-1.1276092565106834,0.5555555555555556,0.6122448979591837,-7.24416732585084,0.0007143287082599641
24.489795918367346,0.359688934292802,-1.0225156924657481,0.5656565656565656,0.6122448979591837,-7.350773575287793,0.0006420954590055443
24.489795918367346,0.399547697296443,-0.9174221284208132,0.5757575757575757,0.6122448979591837,-7.457744039248311,0.0005769562951792299
24.489795918367346,0.443823390699414,-0.8123285643758777,0.5858585858585857,0.6122448979591837,-7.5651115422981166,0.0005182195611434584
24.489795918367346,0.49300547460239,-0.707235000330941,0.5959595959595959,0.6122448979591837,-7.67290266706802,0.0004652653513509645
24.489795918367346,0.547637648400869,-0.6021414362860068,0.606060606060606,0.6122448979591837,-7.781137212351923,0.00041753707619788497
24.489795918367346,0.608323861287565,-0.49704787224107067,0.6161616161616161,0.6122448979591837,-7.889828131039092,0.00037453394021385667
24.489795918367346,0.67573498880583,-0.39195430819613525,0.6262626262626262,0.6122448979591837,-7.998982191716967,0.000335804238361326
24.489795918367346,0.750616249262273,-0.2868607441511999,0.6363636363636362,0.6122448979591837,-8.10860164241302,0.0003009393999926018
24.489795918367346,0.833795441985706,-0.18176718010626372,0.6464646464646464,0.6122448979591837,-8.218687167856917,0.00026956873119771027
24.489795918367346,0.926192098504948,-0.07667361606132911,0.6565656565656565,0.6122448979591837,-8.32924240563679,0.00024135482468805704
24.489795918367346,1.02882764781018,0.028419947983610284,0.666666666666667,0.6122448979591837,-8.440280199429392,0.0002159896216330928
24.489795918367346,1.142836708073,0.1335135120285407,0.6767676767676766,0.6122448979591837,-8.551830592976472,0.0001931911213520717
24.489795918367346,1.2694796296533,0.23860707607348014,0.686868686868687,0.6122448979591837,-8.663950280028903,0.00017270074136517015
24.489795918367346,1.41015642805352,0.3437006401184105,0.6969696969696967,0.6122448979591837,-8.776732802083586,0.0001542813302913084
24.489795918367346,1.56642226084696,0.44879420416335164,0.7070707070707073,0.6122448979591837,-8.890318220512638,0.0001377158270069297
24.489795918367346,1.74000461967455,0.5538877682082868,0.7171717171717173,0.6122448979591837,-9.004900297957793,0.00012280653857330365
24.489795918367346,1.93282242736499,0.6589813322532224,0.7272727272727274,0.6122448979591837,-9.120728445328169,0.00010937497462044495
24.489795918367346,2.14700725129329,0.7640748962981553,0.7373737373737373,0.6122448979591837,-9.238100881252588,9.726212726831126e-05
24.489795918367346,2.38492686748792,0.8691684603430914,0.7474747474747475,0.6122448979591837,-9.35734467573838,8.632902620123292e-05
24.489795918367346,2.64921143598352,0.9742620243880249,0.7575757575757573,0.6122448979591837,-9.478777734869642,7.645733119700171e-05
24.489795918367346,2.94278257678333,1.0793555884329629,0.7676767676767676,0.6122448979591837,-9.602647737181037,6.754964579419697e-05
24.489795918367346,3.26888566786082,1.184449152477898,0.7777777777777777,0.6122448979591837,-9.729044714094414,5.952913424391804e-05
24.489795918367346,3.63112572224959,1.289542716522833,0.7878787878787878,0.6122448979591837,-9.857789700132122,5.233790438656989e-05
24.489795918367346,4.0335072408363,1.3946362805677694,0.797979797979798,0.6122448979591837,-9.988314397837197,4.593356714449962e-05
24.489795918367346,4.48047848142245,1.4997298446127043,0.808080808080808,0.6122448979591837,-10.11956580533955,4.028361266470944e-05
24.489795918367346,4.97698063344183,1.6048234086576407,0.8181818181818182,0.6122448979591837,-10.249986497536744,3.535797826698918e-05
24.489795918367346,5.52850244195146,1.7099169727025751,0.8282828282828283,0.6122448979591837,-10.377617753328312,3.1121310345324054e-05
24.489795918367346,6.14114088475497,1.8150105367475111,0.8383838383838383,0.6122448979591837,-10.500334496472625,2.7527240044896902e-05
24.489795918367346,6.8216685734332,1.9201041007924453,0.8484848484848483,0.6122448979591837,-10.616158707039817,2.4516634612252146e-05
24.489795918367346,7.57760862338904,2.0251976648373815,0.8585858585858586,0.6122448979591837,-10.72355135757164,2.2020177682257026e-05
24.489795918367346,8.41731782058148,2.1302912288823177,0.8686868686868686,0.6122448979591837,-10.82158934429531,1.996381158188695e-05
24.489795918367346,9.35007900434302,2.2353847929272526,0.8787878787878787,0.6122448979591837,-10.9099900171869,1.8274753931368147e-05
24.489795918367346,10.3862036875563,2.3404783569721936,0.8888888888888893,0.6122448979591837,-10.989010657682762,1.6886253697747344e-05
24.489795918367346,11.5371460486378,2.445571921017128,0.8989898989898993,0.6122448979591837,-11.059284919035361,1.5740321035364076e-05
24.489795918367346,12.8156295554912,2.550665485062058,0.909090909090909,0.6122448979591837,-11.121655375861806,1.4788578828851188e-05
24.489795918367346,14.2357876212352,2.6557590491069942,0.919191919191919,0.6122448979591837,-11.177037961721496,1.3991816125710666e-05
24.489795918367346,15.8133198466305,2.7608526131519304,0.9292929292929293,0.6122448979591837,-11.22632978925538,1.3318855909044733e-05
24.489795918367346,17.5656655764397,2.865946177196865,0.9393939393939392,0.6122448979591837,-11.270356360048087,1.274519321678753e-05
24.489795918367346,19.5121966883548,2.9710397412417997,0.9494949494949493,0.6122448979591837,-11.30984797110396,1.2251674075280818e-05
24.489795918367346,21.6744317457404,3.0761333052867346,0.9595959595959593,0.6122448979591837,-11.345434829774627,1.1823342178043932e-05
24.489795918367346,24.0762738816144,3.1812268693316703,0.9696969696969694,0.6122448979591837,-11.377652615230957,1.1448491135220398e-05
24.489795918367346,26.744275043632,3.2863204333766105,0.97979797979798,0.6122448979591837,-11.406952893731148,1.1117913810283233e-05
24.489795918367346,29.707929521255,3.3914139974215445,0.98989898989899,0.6122448979591837,-11.433715009893616,1.0824321014316471e-05
24.489795918367346,33.0,3.4965075614664802,1.0,0.6122448979591837,-11.458257629000116,1.0561897281663488e-05
25.306122448979593,0.001,-6.907755278982137,0.0,0.6326530612244898,3.2733549556081214,26.39976096111666
25.306122448979593,0.001110814537795,-6.802661714937222,0.010101010101008117,0.6326530612244898,1.7829232739793257,5.947216375152899
25.306122448979593,0.0012339089373767,-6.697568150892323,0.020202020202014698,0.6326530612244898,0.7685167936810845,2.156565249291791
25.306122448979593,0.0013706439859533,-6.592474586847349,0.030303030303028534,0.6326530612244898,0.11279784939650168,1.1194056215529078
25.306122448979593,0.0015225312657382,-6.487381022802441,0.04040404040403597,0.6326530612244898,-0.34152157834778357,0.7106881319787224
25.306122448979593,0.0016912498642295,-6.382287458757476,0.05050505050504887,0.6326530612244898,-0.6895011900141251,0.5018263226272804
25.306122448979593,0.00187866493623,-6.277193894712534,0.06060606060605963,0.6326530612244898,-0.9785207926777604,0.3758666725799999
25.306122448979593,0.00208684832281,-6.172100330667619,0.07070707070706775,0.6326530612244898,-1.2315882867972396,0.29182870172034614
25.306122448979593,0.0023181014551505,-6.067006766622687,0.08080808080807748,0.6326530612244898,-1.46031692388043,0.23216268517015518
25.306122448979593,0.002574980796465,-5.961913202577741,0.0909090909090886,0.6326530612244898,-1.6710180543244049,0.1880555174193072
25.306122448979593,0.0028603261032564,-5.856819638532781,0.10101010101010106,0.6326530612244898,-1.867474115390773,0.15451345247630222
25.306122448979593,0.0031772918183317,-5.751726074487876,0.11111111111110823,0.6326530612244898,-2.0522071384653944,0.12845108116317125
25.306122448979593,0.0035293819426201,-5.646632510442922,0.1212121212121201,0.6326530612244898,-2.227066689350165,0.10784430748177158
25.306122448979593,0.0039204887712936,-5.541538946397998,0.13131313131312908,0.6326530612244898,-2.3935068464248874,0.09130891541977844
25.306122448979593,0.0043549359224151,-5.436445382353058,0.14141414141413966,0.6326530612244898,-2.5527202510623854,0.07786955289750738
25.306122448979593,0.0048375261337845,-5.331351818308116,0.15151515151515035,0.6326530612244898,-2.705706635367916,0.06682308760206589
25.306122448979593,0.0053735943563712,-5.2262582542631755,0.16161616161616094,0.6326530612244898,-2.8533115821744217,0.05765308148019308
25.306122448979593,0.0059690667312704,-5.121164690218244,0.17171717171717069,0.6326530612244898,-2.996251832234864,0.04997402881331831
25.306122448979593,0.0066305261021638,-5.016071126173304,0.18181818181818118,0.6326530612244898,-3.1351343610814095,0.04349390954796797
25.306122448979593,0.0073652847875129,-4.910977562128371,0.19191919191919102,0.6326530612244898,-3.2704722606260206,0.03798848237375247
25.306122448979593,0.0081814654169699,-4.80588399808343,0.20202020202020168,0.6326530612244898,-3.402698604483922,0.033283330114984945
25.306122448979593,0.0090880907256374,-4.700790434038493,0.21212121212121193,0.6326530612244898,-3.532178711110737,0.02924113842278336
25.306122448979593,0.0100951832988382,-4.595696869993551,0.22222222222222263,0.6326530612244898,-3.6592209455239586,0.02575256756647137
25.306122448979593,0.0112138763700549,-4.490603305948624,0.23232323232323193,0.6326530612244898,-3.7840861326270514,0.022729625151083028
25.306122448979593,0.0124565368968931,-4.385509741903686,0.24242424242424226,0.6326530612244898,-3.906995661237795,0.02010080004977613
25.306122448979593,0.013836902275649,-4.280416177858747,0.2525252525252527,0.6326530612244898,-4.028138381094603,0.017807449801033867
25.306122448979593,0.0153702322058399,-4.175322613813814,0.26262626262626254,0.6326530612244898,-4.147676413989376,0.01580108905189647
25.306122448979593,0.0170734773835322,-4.07022904976888,0.2727272727272725,0.6326530612244898,-4.265750009101963,0.014041332055992353
25.306122448979593,0.0189654668883421,-3.9651354857239447,0.2828282828282826,0.6326530612244898,-4.382481572229456,0.0124943145739103
25.306122448979593,0.0210671163356406,-3.8600419216790063,0.292929292929293,0.6326530612244898,-4.497978991495827,0.01113147061722173
25.306122448979593,0.0234016590950486,-3.7549483576340705,0.3030303030303031,0.6326530612244898,-4.6123383709960155,0.009928574451530866
25.306122448979593,0.0259949031313031,-3.649854793589135,0.3131313131313132,0.6326530612244898,-4.725646270851185,0.008864982878197914
25.306122448979593,0.0288755163068248,-3.5447612295442013,0.32323232323232315,0.6326530612244898,-4.837981538860103,0.007923030251172485
25.306122448979593,0.0320753432999582,-3.4396676654992664,0.33333333333333315,0.6326530612244898,-4.949416806290034,0.007087541133405335
25.306122448979593,0.0356297576423598,-3.3345741014543298,0.34343434343434337,0.6326530612244898,-5.060019708887546,0.006345434450222687
25.306122448979593,0.0395780527672466,-3.229480537409394,0.3535353535353535,0.6326530612244898,-5.169853884127475,0.005685399485637839
25.306122448979593,0.0439638763914761,-3.1243869733644574,0.3636363636363637,0.6326530612244898,-5.278979787073427,0.005097628807511676
25.306122448979593,0.048835713033475,-3.019293409319523,0.3737373737373737,0.6326530612244898,-5.387455359884627,0.004573596698456036
25.306122448979593,0.0542474200011699,-2.914199845274587,0.3838383838383838,0.6326530612244898,-5.495336583787478,0.0041058742622363175
25.306122448979593,0.060258822775172,-2.8091062812296523,0.3939393939393938,0.6326530612244898,-5.6026779370160416,0.003687974317859629
25.306122448979593,0.0669363763690749,-2.7040127171847166,0.404040404040404,0.6326530612244898,-5.709532777586861,0.003314220661389459
25.306122448979593,0.0743538999780876,-2.5989191531397813,0.4141414141414141,0.6326530612244898,-5.815953665594786,0.0029796373944153774
25.306122448979593,0.0825933930374168,-2.493825589094845,0.42424242424242425,0.6326530612244898,-5.921992635810287,0.0026798548783088516
25.306122448979593,0.0917459417117808,-2.38873202504991,0.4343434343434343,0.6326530612244898,-6.02770142757715,0.0024110295402495186
25.306122448979593,0.101912725837141,-2.283638461004973,0.44444444444444453,0.6326530612244898,-6.133131675255172,0.002169775278135603
25.306122448979593,0.113206137446215,-2.1785448969600347,0.4545454545454549,0.6326530612244898,-6.238335058687073,0.0019531046218884082
25.306122448979593,0.125751023242877,-2.0734513329151003,0.46464646464646486,0.6326530612244898,-6.343363409421613,0.0017583781342443375
25.306122448979593,0.139686064760787,-1.9683577688701692,0.47474747474747453,0.6326530612244898,-6.44826876479945,0.0015832607942684325
25.306122448979593,0.155165311463659,-1.8632642048252352,0.48484848484848453,0.6326530612244898,-6.553103358689393,0.0014256843161244753
25.306122448979593,0.172359883735326,-1.7581706407802946,0.49494949494949514,0.6326530612244898,-6.657919534924133,0.0012838145252039403
25.306122448979593,0.19145986458586,-1.6530770767353593,0.5050505050505052,0.6326530612244898,-6.762769567694629,0.0011560230520689854
25.306122448979593,0.212676400986239,-1.5479835126904273,0.5151515151515149,0.6326530612244898,-6.867705372791979,0.0010408627183889619
25.306122448979593,0.236244038061438,-1.442889948645492,0.5252525252525251,0.6326530612244898,-6.972778095213738,0.0009370460832730408
25.306122448979593,0.262423311946047,-1.3377963846005527,0.5353535353535355,0.6326530612244898,-7.0780375629662755,0.0008434266971409129
25.306122448979593,0.291503629965987,-1.2327028205556183,0.5454545454545455,0.6326530612244898,-7.1835316046841315,0.0007589826766940404
25.306122448979593,0.323806469986239,-1.1276092565106834,0.5555555555555556,0.6326530612244898,-7.289305240812491,0.0006828022711546435
25.306122448979593,0.359688934292802,-1.0225156924657481,0.5656565656565656,0.6326530612244898,-7.395399775433124,0.0006140711387125668
25.306122448979593,0.399547697296443,-0.9174221284208132,0.5757575757575757,0.6326530612244898,-7.501851839131168,0.0005520610946316049
25.306122448979593,0.443823390699414,-0.8123285643758777,0.5858585858585857,0.6326530612244898,-7.60869246308626,0.000496120129949168
25.306122448979593,0.49300547460239,-0.707235000330941,0.5959595959595959,0.6326530612244898,-7.71594630073461,0.0004456635331043581
25.306122448979593,0.547637648400869,-0.6021414362860068,0.606060606060606,0.6326530612244898,-7.823631154792644,0.00040016597685133026
25.306122448979593,0.608323861287565,-0.49704787224107067,0.6161616161616161,0.6326530612244898,-7.931758011473094,0.00035915445994174987
25.306122448979593,0.67573498880583,-0.39195430819613525,0.6262626262626262,0.6326530612244898,-8.040331825339583,0.00032220201758463823
25.306122448979593,0.750616249262273,-0.2868607441511999,0.6363636363636362,0.6326530612244898,-8.149353329198526,0.0002889221367397711
25.306122448979593,0.833795441985706,-0.18176718010626372,0.6464646464646464,0.6326530612244898,-8.258822151372524,0.0002589638318526751
25.306122448979593,0.926192098504948,-0.07667361606132911,0.6565656565656565,0.6326530612244898,-8.368741490527484,0.00023200735353528888
25.306122448979593,1.02882764781018,0.028419947983610284,0.666666666666667,0.6326530612244898,-8.479124504085515,0.00020776051660092374
25.306122448979593,1.142836708073,0.1335135120285407,0.6767676767676766,0.6326530612244898,-8.590002384929814,0.0001859556441634129
25.306122448979593,1.2694796296533,0.23860707607348014,0.686868686868687,0.6326530612244898,-8.701433807539267,0.00016634713014798816
25.306122448979593,1.41015642805352,0.3437006401184105,0.6969696969696967,0.6326530612244898,-8.813515000199164,0.00014870962184054527
25.306122448979593,1.56642226084696,0.44879420416335164,0.7070707070707073,0.6326530612244898,-8.926389140537584,0.0001328368146569573
25.306122448979593,1.74000461967455,0.5538877682082868,0.7171717171717173,0.6326530612244898,-9.040253095469811,0.00011854083051012503
25.306122448979593,1.93282242736499,0.6589813322532224,0.7272727272727274,0.6326530612244898,-9.155358774749832,0.00010565211715766153
25.306122448979593,2.14700725129329,0.7640748962981553,0.7373737373737373,0.6326530612244898,-9.272005593779383,9.401975917643742e-05
25.306122448979593,2.38492686748792,0.8691684603430914,0.7474747474747475,0.6326530612244898,-9.390519805797942,8.351203491306202e-05
25.306122448979593,2.64921143598352,0.9742620243880249,0.7575757575757573,0.6326530612244898,-9.511215885267777,7.401699083273096e-05
25.306122448979593,2.94278257678333,1.0793555884329629,0.7676767676767676,0.6326530612244898,-9.63433513168976,6.544273112864274e-05
25.306122448979593,3.26888566786082,1.184449152477898,0.7777777777777777,0.6326530612244898,-9.75995838697095,5.77170238654291e-05
25.306122448979593,3.63112572224959,1.289542716522833,0.7878787878787878,0.6326530612244898,-9.887895548875086,5.078570965919716e-05
25.306122448979593,4.0335072408363,1.3946362805677694,0.797979797979798,0.6326530612244898,-10.017567096745164,4.460934923758799e-05
25.306122448979593,4.48047848142245,1.4997298446127043,0.808080808080808,0.6326530612244898,-10.147911659134458,3.915777112195273e-05
25.306122448979593,4.97698063344183,1.6048234086576407,0.8181818181818182,0.6326530612244898,-10.27736983467691,3.4402895188261856e-05
25.306122448979593,5.52850244195146,1.7099169727025751,0.8282828282828283,0.6326530612244898,-10.403990188486706,3.031129361014655e-05
25.306122448979593,6.14114088475497,1.8150105367475111,0.8383838383838383,0.6326530612244898,-10.52566475980708,2.683872475597783e-05
25.306122448979593,6.8216685734332,1.9201041007924453,0.8484848484848483,0.6326530612244898,-10.64043987040526,2.3928511256645958e-05
25.306122448979593,7.57760862338904,2.0251976648373815,0.8585858585858586,0.6326530612244898,-10.746803088516499,2.1514077094222436e-05
25.306122448979593,8.41731782058148,2.1302912288823177,0.8686868686868686,0.6326530612244898,-10.843854922761508,1.9524217833955834e-05
25.306122448979593,9.35007900434302,2.2353847929272526,0.8787878787878787,0.6326530612244898,-10.931329842876792,1.788890547975407e-05
25.306122448979593,10.3862036875563,2.3404783569721936,0.8888888888888893,0.6326530612244898,-11.009494722196447,1.654387323112297e-05
25.306122448979593,11.5371460486378,2.445571921017128,0.8989898989898993,0.6326530612244898,-11.078986203892317,1.5433251253650524e-05
25.306122448979593,12.8156295554912,2.550665485062058,0.909090909090909,0.6326530612244898,-11.140645103242436,1.4510397402793485e-05
25.306122448979593,14.2357876212352,2.6557590491069942,0.919191919191919,0.6326530612244898,-11.195382752743312,1.3737479194451427e-05
25.306122448979593,15.8133198466305,2.7608526131519304,0.9292929292929293,0.6326530612244898,-11.244090330333334,1.308439406925489e-05
25.306122448979593,17.5656655764397,2.865946177196865,0.9393939393939392,0.6326530612244898,-11.287587072321589,1.2527465647023133e-05
25.306122448979593,19.5121966883548,2.9710397412417997,0.9494949494949493,0.6326530612244898,-11.32659725484639,1.2048176288352772e-05
25.306122448979593,21.6744317457404,3.0761333052867346,0.9595959595959593,0.6326530612244898,-11.361745585208844,1.1632058764596787e-05
25.306122448979593,24.0762738816144,3.1812268693316703,0.9696969696969694,0.6326530612244898,-11.393562857682065,1.12677842228868e-05
25.306122448979593,26.744275043632,3.2863204333766105,0.97979797979798,0.6326530612244898,-11.422496364591128,1.0946438950531486e-05
25.306122448979593,29.707929521255,3.3914139974215445,0.98989898989899,0.6326530612244898,-11.448921737264856,1.066096372847275e-05
25.306122448979593,33.0,3.4965075614664802,1.0,0.6326530612244898,-11.473154421563741,1.0405725009811899e-05
26.122448979591837,0.001,-6.907755278982137,0.0,0.653061224489796,3.157896133383263,23.52105866732404
26.122448979591837,0.001110814537795,-6.802661714937222,0.010101010101008117,0.653061224489796,1.6788100739872,5.359175153602074
26.122448979591837,0.0012339089373767,-6.697568150892323,0.020202020202014698,0.653061224489796,0.6737320247331274,1.9615442089139765
26.122448979591837,0.0013706439859533,-6.592474586847349,0.030303030303028534,0.653061224489796,0.023369618981014487,1.0236448281898958
26.122448979591837,0.0015225312657382,-6.487381022802441,0.04040404040403597,0.653061224489796,-0.4279279730998809,0.6518583644452006
26.122448979591837,0.0016912498642295,-6.382287458757476,0.05050505050504887,0.653061224489796,-0.7738881456118835,0.4612163013907157
26.122448979591837,0.00187866493623,-6.277193894712534,0.06060606060605963,0.653061224489796,-1.0612731727177536,0.34601499292233245
26.122448979591837,0.00208684832281,-6.172100330667619,0.07070707070706775,0.653061224489796,-1.3128560011022057,0.26905054938572937
26.122448979591837,0.0023181014551505,-6.067006766622687,0.08080808080807748,0.653061224489796,-1.5401767415858048,0.2143432147193222
26.122448979591837,0.002574980796465,-5.961913202577741,0.0909090909090886,0.653061224489796,-1.7495342856227403,0.1738548913221339
26.122448979591837,0.0028603261032564,-5.856819638532781,0.10101010101010106,0.653061224489796,-1.944716950755389,0.14302770149203298
26.122448979591837,0.0031772918183317,-5.751726074487876,0.11111111111110823,0.653061224489796,-2.1282544160861767,0.11904491547868651
26.122448979591837,0.0035293819426201,-5.646632510442922,0.1212121212121201,0.653061224489796,-2.3020001601058433,0.10005851039948045
26.122448979591837,0.0039204887712936,-5.541538946397998,0.13131313131312908,0.653061224489796,-2.4674075447344417,0.08480442595044364
26.122448979591837,0.0043549359224151,-5.436445382353058,0.14141414141413966,0.653061224489796,-2.6256646948037674,0.07239162270325669
26.122448979591837,0.0048375261337845,-5.331351818308116,0.15151515151515035,0.653061224489796,-2.777764300441,0.062177362001717085
26.122448979591837,0.0053735943563712,-5.2262582542631755,0.16161616161616094,0.653061224489796,-2.9245435687176804,0.05368919174769535
26.122448979591837,0.0059690667312704,-5.121164690218244,0.17171717171717069,0.653061224489796,-3.0667104614683445,0.04657411047378704
26.122448979591837,0.0066305261021638,-5.016071126173304,0.18181818181818118,0.653061224489796,-3.2048634204741746,0.040564441531735114
26.122448979591837,0.0073652847875129,-4.910977562128371,0.19191919191919102,0.653061224489796,-3.3395076554377416,0.03545440921075622
26.122448979591837,0.0081814654169699,-4.80588399808343,0.20202020202020168,0.653061224489796,-3.471069230560584,0.031083777161920297
26.122448979591837,0.0090880907256374,-4.700790434038493,0.21212121212121193,0.653061224489796,-3.5999074175669183,0.027326252261103932
26.122448979591837,0.0100951832988382,-4.595696869993551,0.22222222222222263,0.653061224489796,-3.726325499780526,0.024081159690889073
26.122448979591837,0.0112138763700549,-4.490603305948624,0.23232323232323193,0.653061224489796,-3.8505801332361904,0.021267394936215822
26.122448979591837,0.0124565368968931,-4.385509741903686,0.24242424242424226,0.653061224489796,-3.9728893674155215,0.01881897955851031
26.122448979591837,0.013836902275649,-4.280416177858747,0.2525252525252527,0.653061224489796,-4.093439443939322,0.01668175880043241
26.122448979591837,0.0153702322058399,-4.175322613813814,0.26262626262626254,0.653061224489796,-4.212390504943258,0.014810920407292741
26.122448979591837,0.0170734773835322,-4.07022904976888,0.2727272727272725,0.653061224489796,-4.329881347907254,0.01316910993983791
26.122448979591837,0.0189654668883421,-3.9651354857239447,0.2828282828282826,0.653061224489796,-4.446033360654571,0.011724983631855415
26.122448979591837,0.0210671163356406,-3.8600419216790063,0.292929292929293,0.653061224489796,-4.560953761332288,0.010452085393099806
26.122448979591837,0.0234016590950486,-3.7549483576340705,0.3030303030303031,0.653061224489796,-4.674738255871886,0.009327966358648389
26.122448979591837,0.0259949031313031,-3.649854793589135,0.3131313131313132,0.653061224489796,-4.78747321169291,0.008333487760506983
26.122448979591837,0.0288755163068248,-3.5447612295442013,0.32323232323232315,0.653061224489796,-4.899237432648415,0.007452263757732959
26.122448979591837,0.0320753432999582,-3.4396676654992664,0.33333333333333315,0.653061224489796,-5.010103607285282,0.006670212187876403
26.122448979591837,0.0356297576423598,-3.3345741014543298,0.34343434343434337,0.653061224489796,-5.120139490866038,0.00597518935253399
26.122448979591837,0.0395780527672466,-3.229480537409394,0.3535353535353535,0.653061224489796,-5.229408871445155,0.00535669085986884
26.122448979591837,0.0439638763914761,-3.1243869733644574,0.3636363636363637,0.653061224489796,-5.337972361594738,0.0048056048672755385
26.122448979591837,0.048835713033475,-3.019293409319523,0.3737373737373737,0.653061224489796,-5.44588804999833,0.004314007251912754
26.122448979591837,0.0542474200011699,-2.914199845274587,0.3838383838383838,0.653061224489796,-5.553212040878522,0.003874990604292321
26.122448979591837,0.060258822775172,-2.8091062812296523,0.3939393939393938,0.653061224489796,-5.659998903866952,0.0034825207155156188
26.122448979591837,0.0669363763690749,-2.7040127171847166,0.404040404040404,0.653061224489796,-5.766302052236397,0.0031313155718631002
26.122448979591837,0.0743538999780876,-2.5989191531397813,0.4141414141414141,0.653061224489796,-5.872174063182116,0.002816742895427142
26.122448979591837,0.0825933930374168,-2.493825589094845,0.42424242424242425,0.653061224489796,-5.977666949884536,0.002534733058413825
26.122448979591837,0.0917459417117808,-2.38873202504991,0.4343434343434343,0.653061224489796,-6.082832391271098,0.0022817048110645587
26.122448979591837,0.101912725837141,-2.283638461004973,0.44444444444444453,0.653061224489796,-6.187721921637817,0.0020545017422228863
26.122448979591837,0.113206137446215,-2.1785448969600347,0.4545454545454549,0.653061224489796,-6.2923870785669065,0.0018503377692821103
26.122448979591837,0.125751023242877,-2.0734513329151003,0.46464646464646486,0.653061224489796,-6.396879503928918,0.0016667502542413747
26.122448979591837,0.139686064760787,-1.9683577688701692,0.47474747474747453,0.653061224489796,-6.5012509893024975,0.0015015595825615922
26.122448979591837,0.155165311463659,-1.8632642048252352,0.48484848484848453,0.653061224489796,-6.605553454076993,0.0013528342347997532
26.122448979591837,0.172359883735326,-1.7581706407802946,0.49494949494949514,0.653061224489796,-6.709838842103544,0.0012188605377749014
26.122448979591837,0.19145986458586,-1.6530770767353593,0.5050505050505052,0.653061224489796,-6.814158921399911,0.0010981164100858554
26.122448979591837,0.212676400986239,-1.5479835126904273,0.5151515151515149,0.653061224489796,-6.918564971563041,0.0009892485221958448
26.122448979591837,0.236244038061438,-1.442889948645492,0.5252525252525251,0.653061224489796,-7.023107345771293,0.0008910523787269745
26.122448979591837,0.262423311946047,-1.3377963846005527,0.5353535353535355,0.653061224489796,-7.1278348992387235,0.0008024549037535396
26.122448979591837,0.291503629965987,-1.2327028205556183,0.5454545454545455,0.653061224489796,-7.232794284477845,0.0007224991716541106
26.122448979591837,0.323806469986239,-1.1276092565106834,0.5555555555555556,0.653061224489796,-7.3380291265542805,0.0006503309787764922
26.122448979591837,0.359688934292802,-1.0225156924657481,0.5656565656565656,0.653061224489796,-7.4435791094877315,0.0005851869966087241
26.122448979591837,0.399547697296443,-0.9174221284208132,0.5757575757575757,0.653061224489796,-7.549479028752365,0.0005263842867738295
26.122448979591837,0.443823390699414,-0.8123285643758777,0.5858585858585857,0.653061224489796,-7.655757894819772,0.000473310993103411
26.122448979591837,0.49300547460239,-0.707235000330941,0.5959595959595959,0.653061224489796,-7.7624382086161505,0.0004254180571592068
26.122448979591837,0.547637648400869,-0.6021414362860068,0.606060606060606,0.653061224489796,-7.869535570338337,0.0003822118314974397
26.122448979591837,0.608323861287565,-0.49704787224107067,0.6161616161616161,0.653061224489796,-7.9770588253795,0.00034324749014344615
26.122448979591837,0.67573498880583,-0.39195430819613525,0.6262626262626262,0.653061224489796,-8.085010989899088,0.00030812315842502726
26.122448979591837,0.750616249262273,-0.2868607441511999,0.6363636363636362,0.653061224489796,-8.193391225397013,0.00027647470461588167
26.122448979591837,0.833795441985706,-0.18176718010626372,0.6464646464646464,0.653061224489796,-8.302198134077997,0.0002479711537526442
26.122448979591837,0.926192098504948,-0.07667361606132911,0.6565656565656565,0.653061224489796,-8.411434607823557,0.00022231069937209082
26.122448979591837,1.02882764781018,0.028419947983610284,0.666666666666667,0.653061224489796,-8.521114361847145,0.0001992173014638665
26.122448979591837,1.142836708073,0.1335135120285407,0.6767676767676766,0.653061224489796,-8.631270095388949,0.00017843786806787104
26.122448979591837,1.2694796296533,0.23860707607348014,0.686868686868687,0.653061224489796,-8.741962922787327,0.00015974002263319554
26.122448979591837,1.41015642805352,0.3437006401184105,0.6969696969696967,0.653061224489796,-8.853292292793597,0.00014291045783820967
26.122448979591837,1.56642226084696,0.44879420416335164,0.7070707070707073,0.653061224489796,-8.965405061191081,0.00012775386675583676
26.122448979591837,1.74000461967455,0.5538877682082868,0.7171717171717173,0.653061224489796,-9.078501722643432,0.00011409242155315469
26.122448979591837,1.93282242736499,0.6589813322532224,0.7272727272727274,0.653061224489796,-9.192837084410392,0.00010176573677608109
26.122448979591837,2.14700725129329,0.7640748962981553,0.7373737373737373,0.653061224489796,-9.308711928794388,9.063120947477292e-05
26.122448979591837,2.38492686748792,0.8691684603430914,0.7474747474747475,0.653061224489796,-9.426451516499453,8.056457537839529e-05
26.122448979591837,2.64921143598352,0.9742620243880249,0.7575757575757573,0.653061224489796,-9.546366243194946,7.146046178845072e-05
26.122448979591837,2.94278257678333,1.0793555884329629,0.7676767676767676,0.653061224489796,-9.668689789674225,6.323264915345506e-05
26.122448979591837,3.26888566786082,1.184449152477898,0.7777777777777777,0.653061224489796,-9.793491892583615,5.581366128847748e-05
26.122448979591837,3.63112572224959,1.289542716522833,0.7878787878787878,0.653061224489796,-9.920568746381388,4.915319313296407e-05
26.122448979591837,4.0335072408363,1.3946362805677694,0.797979797979798,0.653061224489796,-10.049326633106658,4.321483870692605e-05
26.122448979591837,4.48047848142245,1.4997298446127043,0.808080808080808,0.653061224489796,-10.178692984143888,3.797080495645869e-05
26.122448979591837,4.97698063344183,1.6048234086576407,0.8181818181818182,0.653061224489796,-10.307104567052647,3.3394993412303494e-05
26.122448979591837,5.52850244195146,1.7099169727025751,0.8282828282828283,0.653061224489796,-10.432617184021781,2.945587479611745e-05
26.122448979591837,6.14114088475497,1.8150105367475111,0.8383838383838383,0.653061224489796,-10.553142163206589,2.6111305847191744e-05
26.122448979591837,6.8216685734332,1.9201041007924453,0.8484848484848483,0.653061224489796,-10.666754258227401,2.3307059551802955e-05
26.122448979591837,7.57760862338904,2.0251976648373815,0.8585858585858586,0.653061224489796,-10.771972685912637,2.0979334295933295e-05
26.122448979591837,8.41731782058148,2.1302912288823177,0.8686868686868686,0.653061224489796,-10.86792641532295,1.905985217912823e-05
26.122448979591837,9.35007900434302,2.2353847929272526,0.8787878787878787,0.653061224489796,-10.954370785701755,1.7481440446921127e-05
26.122448979591837,10.3862036875563,2.3404783569721936,0.8888888888888893,0.653061224489796,-11.031584538910707,1.618242892040266e-05
26.122448979591837,11.5371460486378,2.445571921017128,0.8989898989898993,0.653061224489796,-11.10020820200861,1.5109177731203334e-05
26.122448979591837,12.8156295554912,2.550665485062058,0.909090909090909,0.653061224489796,-11.161080689129953,1.4216878262920071e-05
26.122448979591837,14.2357876212352,2.6557590491069942,0.919191919191919,0.653061224489796,-11.215107954758873,1.3469159670401932e-05
26.122448979591837,15.8133198466305,2.7608526131519304,0.9292929292929293,0.653061224489796,-11.263174164460821,1.2837061199268197e-05
26.122448979591837,17.5656655764397,2.865946177196865,0.9393939393939392,0.653061224489796,-11.30609114002887,1.2297788112255311e-05
26.122448979591837,19.5121966883548,2.9710397412417997,0.9494949494949493,0.653061224489796,-11.344576048612984,1.1833500202709908e-05
26.122448979591837,21.6744317457404,3.0761333052867346,0.9595959595959593,0.653061224489796,-11.379247132981916,1.1430250858970358e-05
26.122448979591837,24.0762738816144,3.1812268693316703,0.9696969696969694,0.653061224489796,-11.410629480442056,1.1077112886142887e-05
26.122448979591837,26.744275043632,3.2863204333766105,0.97979797979798,0.653061224489796,-11.4391654247706,1.0765484461493025e-05
26.122448979591837,29.707929521255,3.3914139974215445,0.98989898989899,0.653061224489796,-11.465226321133366,1.0488550533444135e-05
26.122448979591837,33.0,3.4965075614664802,1.0,0.653061224489796,-11.48912393584658,1.0240870462660074e-05
26.93877551020408,0.001,-6.907755278982137,0.0,0.673469387755102,3.034830331851896,20.7974489354616
26.93877551020408,0.001110814537795,-6.802661714937222,0.010101010101008117,0.673469387755102,1.5676927306385486,4.7955707459086625
26.93877551020408,0.0012339089373767,-6.697568150892323,0.020202020202014698,0.673469387755102,0.5723011680706409,1.7723408165242618
26.93877551020408,0.0013706439859533,-6.592474586847349,0.030303030303028534,0.673469387755102,-0.07252114394466967,0.930046081609491
26.93877551020408,0.0015225312657382,-6.487381022802441,0.04040404040403597,0.673469387755102,-0.5206830778369793,0.5941145828289275
26.93877551020408,0.0016912498642295,-6.382287458757476,0.05050505050504887,0.673469387755102,-0.8645336561513081,0.42124795322041597
26.93877551020408,0.00187866493623,-6.277193894712534,0.06060606060605963,0.673469387755102,-1.1502025124288553,0.3165726529902233
26.93877551020408,0.00208684832281,-6.172100330667619,0.07070707070706775,0.673469387755102,-1.4002235082351924,0.2465418536484237
26.93877551020408,0.0023181014551505,-6.067006766622687,0.08080808080807748,0.673469387755102,-1.626062704892122,0.1967025273545434
26.93877551020408,0.002574980796465,-5.961913202577741,0.0909090909090886,0.673469387755102,-1.834006337854116,0.1597721824872526
26.93877551020408,0.0028603261032564,-5.856819638532781,0.10101010101010106,0.673469387755102,-2.0278484396611147,0.13161840165499608
26.93877551020408,0.0031772918183317,-5.751726074487876,0.11111111111110823,0.673469387755102,-2.2101260891635475,0.10968681732449945
26.93877551020408,0.0035293819426201,-5.646632510442922,0.1212121212121201,0.673469387755102,-2.382696373444454,0.09230136272992497
26.93877551020408,0.0039204887712936,-5.541538946397998,0.13131313131312908,0.673469387755102,-2.5470116186126748,0.07831535279724816
26.93877551020408,0.0043549359224151,-5.436445382353058,0.14141414141413966,0.673469387755102,-2.7042551253642997,0.06692015241042097
26.93877551020408,0.0048375261337845,-5.331351818308116,0.15151515151515035,0.673469387755102,-2.8554122593937428,0.05753209808332691
26.93877551020408,0.0053735943563712,-5.2262582542631755,0.16161616161616094,0.673469387755102,-3.001311599938902,0.049721810457525384
26.93877551020408,0.0059690667312704,-5.121164690218244,0.17171717171717069,0.673469387755102,-3.1426521096529383,0.04316815926016252
26.93877551020408,0.0066305261021638,-5.016071126173304,0.18181818181818118,0.673469387755102,-3.2800235080211837,0.037627372251715197
26.93877551020408,0.0073652847875129,-4.910977562128371,0.19191919191919102,0.673469387755102,-3.4139229649786578,0.03291183481814332
26.93877551020408,0.0081814654169699,-4.80588399808343,0.20202020202020168,0.673469387755102,-3.544769407543071,0.028875280163850665
26.93877551020408,0.0090880907256374,-4.700790434038493,0.21212121212121193,0.673469387755102,-3.6729159610037283,0.025402289759631956
26.93877551020408,0.0100951832988382,-4.595696869993551,0.22222222222222263,0.673469387755102,-3.7986607530625465,0.022400751914732273
26.93877551020408,0.0112138763700549,-4.490603305948624,0.23232323232323193,0.673469387755102,-3.9222562199113518,0.019796379334213146
26.93877551020408,0.0124565368968931,-4.385509741903686,0.24242424242424226,0.673469387755102,-4.0439170404471225,0.017528677229129843
26.93877551020408,0.013836902275649,-4.280416177858747,0.2525252525252527,0.673469387755102,-4.163826833189956,0.01554794453730759
26.93877551020408,0.0153702322058399,-4.175322613813814,0.26262626262626254,0.673469387755102,-4.282143758397092,0.013813018549037392
26.93877551020408,0.0170734773835322,-4.07022904976888,0.2727272727272725,0.673469387755102,-4.3990051690130025,0.01228955985862931
26.93877551020408,0.0189654668883421,-3.9651354857239447,0.2828282828282826,0.673469387755102,-4.514531448337685,0.010948733972676273
26.93877551020408,0.0210671163356406,-3.8600419216790063,0.292929292929293,0.673469387755102,-4.628829161555858,0.009766187038141041
26.93877551020408,0.0234016590950486,-3.7549483576340705,0.3030303030303031,0.673469387755102,-4.741993634736052,0.0087212418715788
26.93877551020408,0.0259949031313031,-3.649854793589135,0.3131313131313132,0.673469387755102,-4.854111060378529,0.007796260678884985
26.93877551020408,0.0288755163068248,-3.5447612295442013,0.32323232323232315,0.673469387755102,-4.965260214322867,0.006976135182604664
26.93877551020408,0.0320753432999582,-3.4396676654992664,0.33333333333333315,0.673469387755102,-5.075513855590673,0.006247875109064523
26.93877551020408,0.0356297576423598,-3.3345741014543298,0.34343434343434337,0.673469387755102,-5.184939868927633,0.005600273355626549
26.93877551020408,0.0395780527672466,-3.229480537409394,0.3535353535353535,0.673469387755102,-5.293602199546835,0.005023631504468178
26.93877551020408,0.0439638763914761,-3.1243869733644574,0.3636363636363637,0.673469387755102,-5.401561620810715,0.004509533260155444
26.93877551020408,0.048835713033475,-3.019293409319523,0.3737373737373737,0.673469387755102,-5.5088763681646675,0.004050656273447497
26.93877551020408,0.0542474200011699,-2.914199845274587,0.3838383838383838,0.673469387755102,-5.6156026663389165,0.0036406149607617435
26.93877551020408,0.060258822775172,-2.8091062812296523,0.3939393939393938,0.673469387755102,-5.721795171431967,0.0032738285405302437
26.93877551020408,0.0669363763690749,-2.7040127171847166,0.404040404040404,0.673469387755102,-5.827507344750877,0.002945409728440566
26.93877551020408,0.0743538999780876,-2.5989191531397813,0.4141414141414141,0.673469387755102,-5.932791771003113,0.0026510704662983486
26.93877551020408,0.0825933930374168,-2.493825589094845,0.42424242424242425,0.673469387755102,-6.037700429441974,0.0023870417780775467
26.93877551020408,0.0917459417117808,-2.38873202504991,0.4343434343434343,0.673469387755102,-6.1422849227374,0.0021500054053329
26.93877551020408,0.101912725837141,-2.283638461004973,0.44444444444444453,0.673469387755102,-6.2465966646063835,0.0019370353117367477
26.93877551020408,0.113206137446215,-2.1785448969600347,0.4545454545454549,0.673469387755102,-6.350687023582204,0.0017455474919255201
26.93877551020408,0.125751023242877,-2.0734513329151003,0.46464646464646486,0.673469387755102,-6.454607416786329,0.0015732567945209934
26.93877551020408,0.139686064760787,-1.9683577688701692,0.47474747474747453,0.673469387755102,-6.558409344318878,0.0014181396891726496
26.93877551020408,0.155165311463659,-1.8632642048252352,0.48484848484848453,0.673469387755102,-6.662144352107695,0.0012784020848733975
26.93877551020408,0.172359883735326,-1.7581706407802946,0.49494949494949514,0.673469387755102,-6.765863909038735,0.0011524514508706783
26.93877551020408,0.19145986458586,-1.6530770767353593,0.5050505050505052,0.673469387755102,-6.869619183305118,0.001038872609329021
26.93877551020408,0.212676400986239,-1.5479835126904273,0.5151515151515149,0.673469387755102,-6.973460703625142,0.0009364066659953595
26.93877551020408,0.236244038061438,-1.442889948645492,0.5252525252525251,0.673469387755102,-7.077437893852429,0.0008439326257607041
26.93877551020408,0.262423311946047,-1.3377963846005527,0.5353535353535355,0.673469387755102,-7.181598475188638,0.0007604513075623963
26.93877551020408,0.291503629965987,-1.2327028205556183,0.5454545454545455,0.673469387755102,-7.285987739442416,0.0006850712301810505
26.93877551020408,0.323806469986239,-1.1276092565106834,0.5555555555555556,0.673469387755102,-7.390647710329623,0.0006169961892527235
26.93877551020408,0.359688934292802,-1.0225156924657481,0.5656565656565656,0.673469387755102,-7.495616228420226,0.0005555142879016989
26.93877551020408,0.399547697296443,-0.9174221284208132,0.5757575757575757,0.673469387755102,-7.600926019591356,0.0004999882201141308
26.93877551020408,0.443823390699414,-0.8123285643758777,0.5858585858585857,0.673469387755102,-7.7066038369714915,0.0004498466383418358
26.93877551020408,0.49300547460239,-0.707235000330941,0.5959595959595959,0.673469387755102,-7.8126698019304905,0.00040457646562852453
26.93877551020408,0.547637648400869,-0.6021414362860068,0.606060606060606,0.673469387755102,-7.919137109176355,0.0003637160383579501
26.93877551020408,0.608323861287565,-0.49704787224107067,0.6161616161616161,0.673469387755102,-8.026012301309594,0.0003268489889224474
26.93877551020408,0.67573498880583,-0.39195430819613525,0.6262626262626262,0.673469387755102,-8.133296353759018,0.000293598798434152
26.93877551020408,0.750616249262273,-0.2868607441511999,0.6363636363636362,0.673469387755102,-8.24098683323913,0.0002636239681543151
26.93877551020408,0.833795441985706,-0.18176718010626372,0.6464646464646464,0.673469387755102,-8.34908138920261,0.00023661377459458703
26.93877551020408,0.926192098504948,-0.07667361606132911,0.6565656565656565,0.673469387755102,-8.45758279136425,0.00021228458713173006
26.93877551020408,1.02882764781018,0.028419947983610284,0.666666666666667,0.673469387755102,-8.566505616407671,0.00019037673819665582
26.93877551020408,1.142836708073,0.1335135120285407,0.6767676767676766,0.673469387755102,-8.675884490381854,0.00017065194409507272
26.93877551020408,1.2694796296533,0.23860707607348014,0.686868686868687,0.673469387755102,-8.785783488635767,0.00015289127828132623
26.93877551020408,1.41015642805352,0.3437006401184105,0.6969696969696967,0.673469387755102,-8.89630586901583,0.00013689369681104928
26.93877551020408,1.56642226084696,0.44879420416335164,0.7070707070707073,0.673469387755102,-9.00760276884991,0.00012247510552324708
26.93877551020408,1.74000461967455,0.5538877682082868,0.7171717171717173,0.673469387755102,-9.119878855834088,0.00010946793793453356
26.93877551020408,1.93282242736499,0.6589813322532224,0.7272727272727274,0.673469387755102,-9.233392230269699,9.772118059225962e-05
26.93877551020408,2.14700725129329,0.7640748962981553,0.7373737373737373,0.673469387755102,-9.348445179738228,8.710073986255935e-05
26.93877551020408,2.38492686748792,0.8691684603430914,0.7474747474747475,0.673469387755102,-9.465361734283238,7.748999441337237e-05
26.93877551020408,2.64921143598352,0.9742620243880249,0.7575757575757573,0.673469387755102,-9.584447470178294,6.87903234684044e-05
26.93877551020408,2.94278257678333,1.0793555884329629,0.7676767676767676,0.673469387755102,-9.705927086796791,6.0921336790787236e-05
26.93877551020408,3.26888566786082,1.184449152477898,0.7777777777777777,0.673469387755102,-9.829857153170712,5.382044452784604e-05
26.93877551020408,3.63112572224959,1.289542716522833,0.7878787878787878,0.673469387755102,-9.956017439827688,4.7441298139691885e-05
26.93877551020408,4.0335072408363,1.3946362805677694,0.797979797979798,0.673469387755102,-10.083796927048407,4.1750592003290524e-05
26.93877551020408,4.48047848142245,1.4997298446127043,0.808080808080808,0.673469387755102,-10.212108957688805,3.672293898529971e-05
26.93877551020408,4.97698063344183,1.6048234086576407,0.8181818181818182,0.673469387755102,-10.339384652572242,3.23342133149764e-05
26.93877551020408,5.52850244195146,1.7099169727025751,0.8282828282828283,0.673469387755102,-10.463687148000158,2.85547532243957e-05
26.93877551020408,6.14114088475497,1.8150105367475111,0.8383838383838383,0.673469387755102,-10.582949448162033,2.5344483927270282e-05
26.93877551020408,6.8216685734332,1.9201041007924453,0.8484848484848483,0.673469387755102,-10.695279045175948,2.265162317662119e-05
26.93877551020408,7.57760862338904,2.0251976648373815,0.8585858585858586,0.673469387755102,-10.799232022413346,2.0415175789818073e-05
26.93877551020408,8.41731782058148,2.1302912288823177,0.8686868686868686,0.673469387755102,-10.89397075058885,1.8569859462972543e-05
26.93877551020408,9.35007900434302,2.2353847929272526,0.8787878787878787,0.673469387755102,-10.979275219546686,1.705145160822169e-05
26.93877551020408,10.3862036875563,2.3404783569721936,0.8888888888888893,0.673469387755102,-11.055438308266838,1.5800984523371673e-05
26.93877551020408,11.5371460486378,2.445571921017128,0.8989898989898993,0.673469387755102,-11.123105294073723,1.4767152136308457e-05
26.93877551020408,12.8156295554912,2.550665485062058,0.909090909090909,0.673469387755102,-11.18311301319872,1.3907072793170598e-05
26.93877551020408,14.2357876212352,2.6557590491069942,0.919191919191919,0.673469387755102,-11.236361228806253,1.3185916512669023e-05
26.93877551020408,15.8133198466305,2.7608526131519304,0.9292929292929293,0.673469387755102,-11.283725981280877,1.257592883257393e-05
26.93877551020408,17.5656655764397,2.865946177196865,0.9393939393939392,0.673469387755102,-11.326010495969797,1.2055247737151523e-05
26.93877551020408,19.5121966883548,2.9710397412417997,0.9494949494949493,0.673469387755102,-11.363923713339183,1.1606750222817076e-05
26.93877551020408,21.6744317457404,3.0761333052867346,0.9595959595959593,0.673469387755102,-11.39807642103663,1.1217040967526364e-05
26.93877551020408,24.0762738816144,3.1812268693316703,0.9696969696969694,0.673469387755102,-11.428987154781112,1.0875618002575714e-05
26.93877551020408,26.744275043632,3.2863204333766105,0.97979797979798,0.673469387755102,-11.457092586062622,1.0574209516246357e-05
26.93877551020408,29.707929521255,3.3914139974215445,0.98989898989899,0.673469387755102,-11.482759215030317,1.0306258611990457e-05
26.93877551020408,33.0,3.4965075614664802,1.0,0.673469387755102,-11.50629465512733,1.006652842333315e-05
27.755102040816325,0.001,-6.907755278982137,0.0,0.6938775510204082,2.903366685363395,18.235435112399784
27.755102040816325,0.001110814537795,-6.802661714937222,0.010101010101008117,0.6938775510204082,1.4488556761210478,4.258238921591519
27.755102040816325,0.0012339089373767,-6.697568150892323,0.020202020202014698,0.6938775510204082,0.4635710721924627,1.5897409400836207
27.755102040816325,0.0013706439859533,-6.592474586847349,0.030303030303028534,0.6938775510204082,-0.17548675817093862,0.8390485076368146
27.755102040816325,0.0015225312657382,-6.487381022802441,0.04040404040403597,0.6938775510204082,-0.6203732438774346,0.5377436905930674
27.755102040816325,0.0016912498642295,-6.382287458757476,0.05050505050504887,0.6938775510204082,-0.9620062097568972,0.38212549256488443
27.755102040816325,0.00187866493623,-6.277193894712534,0.06060606060605963,0.6938775510204082,-1.245863694892363,0.287692322405679
27.755102040816325,0.00208684832281,-6.172100330667619,0.07070707070706775,0.6938775510204082,-1.494234432684673,0.22442034786490173
27.755102040816325,0.0023181014551505,-6.067006766622687,0.08080808080807748,0.6938775510204082,-1.718508585666821,0.1793334089800303
27.755102040816325,0.002574980796465,-5.961913202577741,0.0909090909090886,0.6938775510204082,-1.9249590615801977,0.14588172890144274
27.755102040816325,0.0028603261032564,-5.856819638532781,0.10101010101010106,0.6938775510204082,-2.117385197597968,0.12034589819951579
27.755102040816325,0.0031772918183317,-5.751726074487876,0.11111111111110823,0.6938775510204082,-2.2983310966577153,0.10042630574227986
27.755102040816325,0.0035293819426201,-5.646632510442922,0.1212121212121201,0.6938775510204082,-2.4696570832286864,0.08461386954213171
27.755102040816325,0.0039204887712936,-5.541538946397998,0.13131313131312908,0.6938775510204082,-2.6328140911072966,0.07187591201021892
27.755102040816325,0.0043549359224151,-5.436445382353058,0.14141414141413966,0.6938775510204082,-2.788980265091788,0.06148387921650148
27.755102040816325,0.0048375261337845,-5.331351818308116,0.15151515151515035,0.6938775510204082,-2.939133343595801,0.052911565020008676
27.755102040816325,0.0053735943563712,-5.2262582542631755,0.16161616161616094,0.6938775510204082,-3.0840930047594672,0.04577152963868912
27.755102040816325,0.0059690667312704,-5.121164690218244,0.17171717171717069,0.6938775510204082,-3.224548967988488,0.03977371675071973
27.755102040816325,0.0066305261021638,-5.016071126173304,0.18181818181818118,0.6938775510204082,-3.361082015266391,0.03469769519022107
27.755102040816325,0.0073652847875129,-4.910977562128371,0.19191919191919102,0.6938775510204082,-3.4941810902351,0.03037361150198349
27.755102040816325,0.0081814654169699,-4.80588399808343,0.20202020202020168,0.6938775510204082,-3.6242578245564636,0.026668882983293386
27.755102040816325,0.0090880907256374,-4.700790434038493,0.21212121212121193,0.6938775510204082,-3.75165906645753,0.02347876070112632
27.755102040816325,0.0100951832988382,-4.595696869993551,0.22222222222222263,0.6938775510204082,-3.8766776834523555,0.020719547855963034
27.755102040816325,0.0112138763700549,-4.490603305948624,0.23232323232323193,0.6938775510204082,-3.999561811207122,0.018323666355074073
27.755102040816325,0.0124565368968931,-4.385509741903686,0.24242424242424226,0.6938775510204082,-4.120522698476682,0.016236025677721963
27.755102040816325,0.013836902275649,-4.280416177858747,0.2525252525252527,0.6938775510204082,-4.239741299102285,0.01441131958222002
27.755102040816325,0.0153702322058399,-4.175322613813814,0.26262626262626254,0.6938775510204082,-4.357373764548243,0.01281199080978891
27.755102040816325,0.0170734773835322,-4.07022904976888,0.2727272727272725,0.6938775510204082,-4.473555987693383,0.011406681626437865
27.755102040816325,0.0189654668883421,-3.9651354857239447,0.2828282828282826,0.6938775510204082,-4.588407340097667,0.010169041307329351
27.755102040816325,0.0210671163356406,-3.8600419216790063,0.292929292929293,0.6938775510204082,-4.7020337323461066,0.009076798539051623
27.755102040816325,0.0234016590950486,-3.7549483576340705,0.3030303030303031,0.6938775510204082,-4.814530112272284,0.008111032457218104
27.755102040816325,0.0259949031313031,-3.649854793589135,0.3131313131313132,0.6938775510204082,-4.925982500497377,0.007255594151866011
27.755102040816325,0.0288755163068248,-3.5447612295442013,0.32323232323232315,0.6938775510204082,-5.036469647912216,0.0064966433191085415
27.755102040816325,0.0320753432999582,-3.4396676654992664,0.33333333333333315,0.6938775510204082,-5.14606438615412,0.005822273917015202
27.755102040816325,0.0356297576423598,-3.3345741014543298,0.34343434343434337,0.6938775510204082,-5.254834730109439,0.005222209294621151
27.755102040816325,0.0395780527672466,-3.229480537409394,0.3535353535353535,0.6938775510204082,-5.362844781081965,0.004687552062493693
27.755102040816325,0.0439638763914761,-3.1243869733644574,0.3636363636363637,0.6938775510204082,-5.470155470420848,0.004210577486853459
27.755102040816325,0.048835713033475,-3.019293409319523,0.3737373737373737,0.6938775510204082,-5.5768251759183824,0.0037845617835895622
27.755102040816325,0.0542474200011699,-2.914199845274587,0.3838383838383838,0.6938775510204082,-5.682910236941266,0.003403638621030347
27.755102040816325,0.060258822775172,-2.8091062812296523,0.3939393939393938,0.6938775510204082,-5.788465388807691,0.0030626785927619815
27.755102040816325,0.0669363763690749,-2.7040127171847166,0.404040404040404,0.6938775510204082,-5.893544132138458,0.0027571875231862716
27.755102040816325,0.0743538999780876,-2.5989191531397813,0.4141414141414141,0.6938775510204082,-5.998199048590894,0.002483220311130609
27.755102040816325,0.0825933930374168,-2.493825589094845,0.42424242424242425,0.6938775510204082,-6.102482070368816,0.002237307667053261
27.755102040816325,0.0917459417117808,-2.38873202504991,0.4343434343434343,0.6938775510204082,-6.206444707076896,0.0020163936053582783
27.755102040816325,0.101912725837141,-2.283638461004973,0.44444444444444453,0.6938775510204082,-6.310138229797025,0.001817781950212845
27.755102040816325,0.113206137446215,-2.1785448969600347,0.4545454545454549,0.6938775510204082,-6.413613808711246,0.0016390904269590037
27.755102040816325,0.125751023242877,-2.0734513329151003,0.46464646464646486,0.6938775510204082,-6.516922597250403,0.0014782111609888465
27.755102040816325,0.139686064760787,-1.9683577688701692,0.47474747474747453,0.6938775510204082,-6.620115752748654,0.0013332766062490397
27.755102040816325,0.155165311463659,-1.8632642048252352,0.48484848484848453,0.6938775510204082,-6.723244381144388,0.001202630087281022
27.755102040816325,0.172359883735326,-1.7581706407802946,0.49494949494949514,0.6938775510204082,-6.826359391679232,0.001084800270222532
27.755102040816325,0.19145986458586,-1.6530770767353593,0.5050505050505052,0.6938775510204082,-6.929511247183075,0.0009784789859059002
27.755102040816325,0.212676400986239,-1.5479835126904273,0.5151515151515149,0.6938775510204082,-7.032749596856466,0.0008825019170571463
27.755102040816325,0.236244038061438,-1.442889948645492,0.5252525252525251,0.6938775510204082,-7.136122782022324,0.0007958317355046807
27.755102040816325,0.262423311946047,-1.3377963846005527,0.5353535353535355,0.6938775510204082,-7.2396772117507355,0.0007175433372897217
27.755102040816325,0.291503629965987,-1.2327028205556183,0.5454545454545455,0.6938775510204082,-7.3434566152604726,0.0006468108760339896
27.755102040816325,0.323806469986239,-1.1276092565106834,0.5555555555555556,0.6938775510204082,-7.44750119228783,0.0005828963397637695
27.755102040816325,0.359688934292802,-1.0225156924657481,0.5656565656565656,0.6938775510204082,-7.551846701850375,0.0005251394551175625
27.755102040816325,0.399547697296443,-0.9174221284208132,0.5757575757575757,0.6938775510204082,-7.656523554494287,0.0004729487366627588
27.755102040816325,0.443823390699414,-0.8123285643758777,0.5858585858585857,0.6938775510204082,-7.761556003279454,0.0004257935288367667
27.755102040816325,0.49300547460239,-0.707235000330941,0.5959595959595959,0.6938775510204082,-7.866961563809682,0.0003831969145082041
27.755102040816325,0.547637648400869,-0.6021414362860068,0.606060606060606,0.6938775510204082,-7.972750831821261,0.0003447293878308576
27.755102040816325,0.608323861287565,-0.49704787224107067,0.6161616161616161,0.6938775510204082,-8.078927904794826,0.00031000321028060173
27.755102040816325,0.67573498880583,-0.39195430819613525,0.6262626262626262,0.6938775510204082,-8.1854916459992,0.00027866738773111
27.755102040816325,0.750616249262273,-0.2868607441511999,0.6363636363636362,0.6938775510204082,-8.292438046470163,0.0002504032232366942
27.755102040816325,0.833795441985706,-0.18176718010626372,0.6464646464646464,0.6938775510204082,-8.399763930077917,0.00022492041485685574
27.755102040816325,0.926192098504948,-0.07667361606132911,0.6565656565656565,0.6938775510204082,-8.507472192388494,0.0002019536802827598
27.755102040816325,1.02882764781018,0.028419947983610284,0.666666666666667,0.6938775510204082,-8.615578645264296,0.0001812598999578016
27.755102040816325,1.142836708073,0.1335135120285407,0.6767676767676766,0.6938775510204082,-8.724120334272445,0.00016261577728699777
27.755102040816325,1.2694796296533,0.23860707607348014,0.686868686868687,0.6938775510204082,-8.833164885657553,0.00014581601740811138
27.755102040816325,1.41015642805352,0.3437006401184105,0.6969696969696967,0.6938775510204082,-8.942820013426076,0.00013067202324946206
27.755102040816325,1.56642226084696,0.44879420416335164,0.7070707070707073,0.6938775510204082,-9.05324178078414,0.00011701109708496696
27.755102040816325,1.74000461967455,0.5538877682082868,0.7171717171717173,0.6938775510204082,-9.16463959041365,0.00010467611538562663
27.755102040816325,1.93282242736499,0.6589813322532224,0.7272727272727274,0.6938775510204082,-9.277275218078312,9.352561349344226e-05
27.755102040816325,2.14700725129329,0.7640748962981553,0.7373737373737373,0.6938775510204082,-9.391452548466951,8.343417599153675e-05
27.755102040816325,2.38492686748792,0.8691684603430914,0.7474747474747475,0.6938775510204082,-9.507494061128423,7.429298233326353e-05
27.755102040816325,2.64921143598352,0.9742620243880249,0.7575757575757573,0.6938775510204082,-9.625699655511008,6.601030739295396e-05
27.755102040816325,2.94278257678333,1.0793555884329629,0.7676767676767676,0.6938775510204082,-9.746283537602327,5.8511716741456004e-05
27.755102040816325,3.26888566786082,1.184449152477898,0.7777777777777777,0.6938775510204082,-9.869286873918774,5.173961232851364e-05
27.755102040816325,3.63112572224959,1.289542716522833,0.7878787878787878,0.6938775510204082,-9.994470117063054,4.5651681496687886e-05
27.755102040816325,4.0335072408363,1.3946362805677694,0.797979797979798,0.6938775510204082,-10.121201707757344,4.021776647900562e-05
27.755102040816325,4.48047848142245,1.4997298446127043,0.808080808080808,0.6938775510204082,-10.248377967829038,3.541489839201932e-05
27.755102040816325,4.97698063344183,1.6048234086576407,0.8181818181818182,0.6938775510204082,-10.374422645018942,3.122090532625439e-05
27.755102040816325,5.52850244195146,1.7099169727025751,0.8282828282828283,0.6938775510204082,-10.497406519407681,2.7607957283855716e-05
27.755102040816325,6.14114088475497,1.8150105367475111,0.8383838383838383,0.6938775510204082,-10.615286932747791,2.4538016902945573e-05
27.755102040816325,6.8216685734332,1.9201041007924453,0.8484848484848483,0.6938775510204082,-10.726208672459409,2.196174081323847e-05
27.755102040816325,7.57760862338904,2.0251976648373815,0.8585858585858586,0.6938775510204082,-10.828770069587403,1.9820970400550036e-05
27.755102040816325,8.41731782058148,2.1302912288823177,0.8686868686868686,0.6938775510204082,-10.922171900648069,1.8053483490396724e-05
27.755102040816325,9.35007900434302,2.2353847929272526,0.8787878787878787,0.6938775510204082,-11.00622257566511,1.6598095872364917e-05
27.755102040816325,10.3862036875563,2.3404783569721936,0.8888888888888893,0.6938775510204082,-11.081231330458255,1.53986405185408e-05
27.755102040816325,11.5371460486378,2.445571921017128,0.8989898989898993,0.6938775510204082,-11.147849000840308,1.4406241600107676e-05
27.755102040816325,12.8156295554912,2.550665485062058,0.909090909090909,0.6938775510204082,-11.206910114895695,1.3580031518375006e-05
27.755102040816325,14.2357876212352,2.6557590491069942,0.919191919191919,0.6938775510204082,-11.259307386251338,1.2886795361305701e-05
27.755102040816325,15.8133198466305,2.7608526131519304,0.9292929292929293,0.6938775510204082,-11.305907580316166,1.2300045697902645e-05
27.755102040816325,17.5656655764397,2.865946177196865,0.9393939393939392,0.6938775510204082,-11.347504113280781,1.1798901627022913e-05
27.755102040816325,19.5121966883548,2.9710397412417997,0.9494949494949493,0.6938775510204082,-11.38479655524242,1.1366995248791415e-05
27.755102040816325,21.6744317457404,3.0761333052867346,0.9595959595959593,0.6938775510204082,-11.418387226042348,1.099151192692589e-05
27.755102040816325,24.0762738816144,3.1812268693316703,0.9696969696969694,0.6938775510204082,-11.448787246438528,1.0662397626714965e-05
27.755102040816325,26.744275043632,3.2863204333766105,0.97979797979798,0.6938775510204082,-11.476426906095064,1.0371728093211786e-05
27.755102040816325,29.707929521255,3.3914139974215445,0.98989898989899,0.6938775510204082,-11.501667258104744,1.0113218189716836e-05
27.755102040816325,33.0,3.4965075614664802,1.0,0.6938775510204082,-11.52481127880431,9.88184543424196e-06
28.57142857142857,0.001,-6.907755278982137,0.0,0.7142857142857142,2.762669324699662,15.84207419867705
28.57142857142857,0.001110814537795,-6.802661714937222,0.010101010101008117,0.7142857142857142,1.3215402399381546,3.749191586984454
28.57142857142857,0.0012339089373767,-6.697568150892323,0.020202020202014698,0.7142857142857142,0.34684538397786185,1.414597988946811
28.57142857142857,0.0013706439859533,-6.592474586847349,0.030303030303028534,0.7142857142857142,-0.28618235068840725,0.7511256351813415
28.57142857142857,0.0015225312657382,-6.487381022802441,0.04040404040403597,0.7142857142857142,-0.7276268252884955,0.4830540024385174
28.57142857142857,0.0016912498642295,-6.382287458757476,0.05050505050504887,0.7142857142857142,-1.06691540172816,0.34406819439743846
28.57142857142857,0.00187866493623,-6.277193894712534,0.06060606060605963,0.7142857142857142,-1.3488518214505054,0.25953808569777964
28.57142857142857,0.00208684832281,-6.172100330667619,0.07070707070706775,0.7142857142857142,-1.5954717424991733,0.20281283050038676
28.57142857142857,0.0023181014551505,-6.067006766622687,0.08080808080807748,0.7142857142857142,-1.8180866362284385,0.16233606190999783
28.57142857142857,0.002574980796465,-5.961913202577741,0.0909090909090886,0.7142857142857142,-2.0229549422498834,0.13226405442442646
28.57142857142857,0.0028603261032564,-5.856819638532781,0.10101010101010106,0.7142857142857142,-2.2138806605429795,0.10927576248971084
28.57142857142857,0.0031772918183317,-5.751726074487876,0.11111111111110823,0.7142857142857142,-2.393414431645193,0.09131735410300464
28.57142857142857,0.0035293819426201,-5.646632510442922,0.1212121212121201,0.7142857142857142,-2.5634193956009175,0.07704085637302922
28.57142857142857,0.0039204887712936,-5.541538946397998,0.13131313131312908,0.7142857142857142,-2.725344714209087,0.06552361190450663
28.57142857142857,0.0043549359224151,-5.436445382353058,0.14141414141413966,0.7142857142857142,-2.880363030835129,0.05611438788289382
28.57142857142857,0.0048375261337845,-5.331351818308116,0.15151515151515035,0.7142857142857142,-3.029444139913343,0.04834250232654012
28.57142857142857,0.0053735943563712,-5.2262582542631755,0.16161616161616094,0.7142857142857142,-3.1733985268812934,0.04186108984276097
28.57142857142857,0.0059690667312704,-5.121164690218244,0.17171717171717069,0.7142857142857142,-3.3129063995795875,0.03641019724133995
28.57142857142857,0.0066305261021638,-5.016071126173304,0.18181818181818118,0.7142857142857142,-3.448539357367938,0.0317920392887285
28.57142857142857,0.0073652847875129,-4.910977562128371,0.19191919191919102,0.7142857142857142,-3.580777896559122,0.027854022277418476
28.57142857142857,0.0081814654169699,-4.80588399808343,0.20202020202020168,0.7142857142857142,-3.710026157555887,0.02447688300784362
28.57142857142857,0.0090880907256374,-4.700790434038493,0.21212121212121193,0.7142857142857142,-3.8366245413210405,0.021566274692230825
28.57142857142857,0.0100951832988382,-4.595696869993551,0.22222222222222263,0.7142857142857142,-3.9608605104228385,0.01904671733895807
28.57142857142857,0.0112138763700549,-4.490603305948624,0.23232323232323193,0.7142857142857142,-4.082977779522168,0.01685719383405634
28.57142857142857,0.0124565368968931,-4.385509741903686,0.24242424242424226,0.7142857142857142,-4.203184069062334,0.014947905802433867
28.57142857142857,0.013836902275649,-4.280416177858747,0.2525252525252527,0.7142857142857142,-4.321657589788458,0.013277856052610807
28.57142857142857,0.0153702322058399,-4.175322613813814,0.26262626262626254,0.7142857142857142,-4.438552422809095,0.011813026416338803
28.57142857142857,0.0170734773835322,-4.07022904976888,0.2727272727272725,0.7142857142857142,-4.5540029532324615,0.010524988908563295
28.57142857142857,0.0189654668883421,-3.9651354857239447,0.2828282828282826,0.7142857142857142,-4.668127504140066,0.009389835503870495
28.57142857142857,0.0210671163356406,-3.8600419216790063,0.292929292929293,0.7142857142857142,-4.781031303113881,0.008387344611011604
28.57142857142857,0.0234016590950486,-3.7549483576340705,0.3030303030303031,0.7142857142857142,-4.892808897415942,0.007500325214730248
28.57142857142857,0.0259949031313031,-3.649854793589135,0.3131313131313132,0.7142857142857142,-5.003546117668121,0.006714095760827852
28.57142857142857,0.0288755163068248,-3.5447612295442013,0.32323232323232315,0.7142857142857142,-5.113321674489185,0.006016066283723156
28.57142857142857,0.0320753432999582,-3.4396676654992664,0.33333333333333315,0.7142857142857142,-5.222208458594806,0.005395400440809183
28.57142857142857,0.0356297576423598,-3.3345741014543298,0.34343434343434337,0.7142857142857142,-5.330274602607019,0.004842740000615711
28.57142857142857,0.0395780527672466,-3.229480537409394,0.3535353535353535,0.7142857142857142,-5.437584352277981,0.004349978605028114
28.57142857142857,0.0439638763914761,-3.1243869733644574,0.3636363636363637,0.7142857142857142,-5.544198785887271,0.003910074756386217
28.57142857142857,0.048835713033475,-3.019293409319523,0.3737373737373737,0.7142857142857142,-5.650176413018234,0.003516896293893253
28.57142857142857,0.0542474200011699,-2.914199845274587,0.3838383838383838,0.7142857142857142,-5.755573677515702,0.0031650903489690236
28.57142857142857,0.060258822775172,-2.8091062812296523,0.3939393939393938,0.7142857142857142,-5.860445383927975,0.002849974067322752
28.57142857142857,0.0669363763690749,-2.7040127171847166,0.404040404040404,0.7142857142857142,-5.964845061911546,0.0025674423711836776
28.57142857142857,0.0743538999780876,-2.5989191531397813,0.4141414141414141,0.7142857142857142,-6.068825278731306,0.0023138897902277925
28.57142857142857,0.0825933930374168,-2.493825589094845,0.42424242424242425,0.7142857142857142,-6.17243790596974,0.002086143973249145
28.57142857142857,0.0917459417117808,-2.38873202504991,0.4343434343434343,0.7142857142857142,-6.27573434276489,0.0018814089473228831
28.57142857142857,0.101912725837141,-2.283638461004973,0.44444444444444453,0.7142857142857142,-6.378765694284808,0.0016972165483768965
28.57142857142857,0.113206137446215,-2.1785448969600347,0.4545454545454549,0.7142857142857142,-6.481582900732447,0.0015313847298018969
28.57142857142857,0.125751023242877,-2.0734513329151003,0.46464646464646486,0.7142857142857142,-6.584236809041314,0.0013819816811521792
28.57142857142857,0.139686064760787,-1.9683577688701692,0.47474747474747453,0.7142857142857142,-6.686778176717204,0.0012472948700095964
28.57142857142857,0.155165311463659,-1.8632642048252352,0.48484848484848453,0.7142857142857142,-6.7892575952251475,0.0011258042664627022
28.57142857142857,0.172359883735326,-1.7581706407802946,0.49494949494949514,0.7142857142857142,-6.891725319208419,0.001016159128847615
28.57142857142857,0.19145986458586,-1.6530770767353593,0.5050505050505052,0.7142857142857142,-6.994230988031761,0.0009171578271493893
28.57142857142857,0.212676400986239,-1.5479835126904273,0.5151515151515149,0.7142857142857142,-7.0968232281197245,0.0008277302612264343
28.57142857142857,0.236244038061438,-1.442889948645492,0.5252525252525251,0.7142857142857142,-7.199549128849568,0.0007469224982751759
28.57142857142857,0.262423311946047,-1.3377963846005527,0.5353535353535355,0.7142857142857142,-7.302453591965994,0.0006738833104303399
28.57142857142857,0.291503629965987,-1.2327028205556183,0.5454545454545455,0.7142857142857142,-7.4055785652693356,0.0006078523412561814
28.57142857142857,0.323806469986239,-1.1276092565106834,0.5555555555555556,0.7142857142857142,-7.508962186348769,0.0005481496708332591
28.57142857142857,0.359688934292802,-1.0225156924657481,0.5656565656565656,0.7142857142857142,-7.612637881962997,0.000494166584534941
28.57142857142857,0.399547697296443,-0.9174221284208132,0.5757575757575757,0.7142857142857142,-7.716633493665589,0.00044535738147947785
28.57142857142857,0.443823390699414,-0.8123285643758777,0.5858585858585857,0.7142857142857142,-7.8209705303502,0.0004012320858593094
28.57142857142857,0.49300547460239,-0.707235000330941,0.5959595959595959,0.7142857142857142,-7.925663682733389,0.0003613499485083134
28.57142857142857,0.547637648400869,-0.6021414362860068,0.606060606060606,0.7142857142857142,-8.030720771424042,0.0003253136476169971
28.57142857142857,0.608323861287565,-0.49704787224107067,0.6161616161616161,0.7142857142857142,-8.136143335478469,0.0002927641167476879
28.57142857142857,0.67573498880583,-0.39195430819613525,0.6262626262626262,0.7142857142857142,-8.241928096198501,0.00026337594542350575
28.57142857142857,0.750616249262273,-0.2868607441511999,0.6363636363636362,0.7142857142857142,-8.348069542361248,0.00023685331266251464
28.57142857142857,0.833795441985706,-0.18176718010626372,0.6464646464646464,0.7142857142857142,-8.454563865438569,0.00021292642692136222
28.57142857142857,0.926192098504948,-0.07667361606132911,0.6565656565656565,0.7142857142857142,-8.561414410263843,0.00019134845692704726
28.57142857142857,1.02882764781018,0.028419947983610284,0.666666666666667,0.7142857142857142,-8.668638678544882,0.00017189294657727057
28.57142857142857,1.142836708073,0.1335135120285407,0.6767676767676766,0.7142857142857142,-8.77627670921824,0.00015435171295460545
28.57142857142857,1.2694796296533,0.23860707607348014,0.686868686868687,0.7142857142857142,-8.884400343866973,0.00013853322853849448
28.57142857142857,1.41015642805352,0.3437006401184105,0.6969696969696967,0.7142857142857142,-8.993122459972,0.0001242614853329842
28.57142857142857,1.56642226084696,0.44879420416335164,0.7070707070707073,0.7142857142857142,-9.102604728945746,0.00011137532780245132
28.57142857142857,1.74000461967455,0.5538877682082868,0.7171717171717173,0.7142857142857142,-9.213061858925315,9.972822129393148e-05
28.57142857142857,1.93282242736499,0.6589813322532224,0.7272727272727274,0.7142857142857142,-9.324759657011592,8.918839238922696e-05
28.57142857142857,2.14700725129329,0.7640748962981553,0.7373737373737373,0.7142857142857142,-9.438003631809774,7.963923919940925e-05
28.57142857142857,2.38492686748792,0.8691684603430914,0.7474747474747475,0.7142857142857142,-9.553114287766615,7.097986676919637e-05
28.57142857142857,2.64921143598352,0.9742620243880249,0.7575757575757573,0.7142857142857142,-9.670384846304884,6.312555702148913e-05
28.57142857142857,2.94278257678333,1.0793555884329629,0.7676767676767676,0.7142857142857142,-9.790017329604535,5.60079266679247e-05
28.57142857142857,3.26888566786082,1.184449152477898,0.7777777777777777,0.7142857142857142,-9.912035066704636,4.957444559862605e-05
28.57142857142857,3.63112572224959,1.289542716522833,0.7878787878787878,0.7142857142857142,-10.036176106869991,4.378688971906643e-05
28.57142857142857,4.0335072408363,1.3946362805677694,0.797979797979798,0.7142857142857142,-10.161784982618807,3.8618273660673124e-05
28.57142857142857,4.48047848142245,1.4997298446127043,0.808080808080808,0.7142857142857142,-10.287738053750699,3.4048041214938136e-05
28.57142857142857,4.97698063344183,1.6048234086576407,0.8181818181818182,0.7142857142857142,-10.412450120519573,3.0055943770477295e-05
28.57142857142857,5.52850244195146,1.7099169727025751,0.8282828282828283,0.7142857142857142,-10.534000206300703,2.661594178947152e-05
28.57142857142857,6.14114088475497,1.8150105367475111,0.8383838383838383,0.7142857142857142,-10.650372992091423,2.369200301973826e-05
28.57142857142857,6.8216685734332,1.9201041007924453,0.8484848484848483,0.7142857142857142,-10.759755399058193,2.123721694653309e-05
28.57142857142857,7.57760862338904,2.0251976648373815,0.8585858585858586,0.7142857142857142,-10.86079354061394,1.9196289734216332e-05
28.57142857142857,8.41731782058148,2.1302912288823177,0.8686868686868686,0.7142857142857142,-10.952731625924075,1.7510118818753234e-05
28.57142857142857,9.35007900434302,2.2353847929272526,0.8787878787878787,0.7142857142857142,-11.0354101910885,1.6120638844990907e-05
28.57142857142857,10.3862036875563,2.3404783569721936,0.8888888888888893,0.7142857142857142,-11.109156951783493,1.497457265223235e-05
28.57142857142857,11.5371460486378,2.445571921017128,0.8989898989898993,0.7142857142857142,-11.174629017452206,1.4025562260944086e-05
28.57142857142857,12.8156295554912,2.550665485062058,0.909090909090909,0.7142857142857142,-11.232658303683902,1.3234833486235797e-05
28.57142857142857,14.2357876212352,2.6557590491069942,0.919191919191919,0.7142857142857142,-11.284129562431023,1.2570854448783234e-05
28.57142857142857,15.8133198466305,2.7608526131519304,0.9292929292929293,0.7142857142857142,-11.32989909606192,1.2008460726633308e-05
28.57142857142857,17.5656655764397,2.865946177196865,0.9393939393939392,0.7142857142857142,-11.370749271134859,1.1527797433287681e-05
28.57142857142857,19.5121966883548,2.9710397412417997,0.9494949494949493,0.7142857142857142,-11.407369122605763,1.1113287176466003e-05
28.57142857142857,21.6744317457404,3.0761333052867346,0.9595959595959593,0.7142857142857142,-11.44035147306733,1.0752723645951656e-05
28.57142857142857,24.0762738816144,3.1812268693316703,0.9696969696969694,0.7142857142857142,-11.470199151219447,1.0436522224978345e-05
28.57142857142857,26.744275043632,3.2863204333766105,0.97979797979798,0.7142857142857142,-11.497335333973126,1.0157122910943816e-05
28.57142857142857,29.707929521255,3.3914139974215445,0.98989898989899,0.7142857142857142,-11.522115025863314,9.908525340781657e-06
28.57142857142857,33.0,3.4965075614664802,1.0,0.7142857142857142,-11.544836074067268,9.68593161626747e-06
29.387755102040817,0.001,-6.907755278982137,0.0,0.7346938775510204,2.6118771457996655,13.624602227342589
29.387755102040817,0.001110814537795,-6.802661714937222,0.010101010101008117,0.7346938775510204,1.184960928240568,3.270559032473773
29.387755102040817,0.0012339089373767,-6.697568150892323,0.020202020202014698,0.7346938775510204,0.2213972861815507,1.2478190733764534
29.387755102040817,0.0013706439859533,-6.592474586847349,0.030303030303028534,0.7346938775510204,-0.40529562730453,0.6667796634442115
29.387755102040817,0.0015225312657382,-6.487381022802441,0.04040404040403597,0.7346938775510204,-0.8431056814164163,0.4303718479050324
29.387755102040817,0.0016912498642295,-6.382287458757476,0.05050505050504887,0.7346938775510204,-1.1799047266814118,0.307308015460919
29.387755102040817,0.00187866493623,-6.277193894712534,0.06060606060605963,0.7346938775510204,-1.4597960284079112,0.23228364916381133
29.387755102040817,0.00208684832281,-6.172100330667619,0.07070707070706775,0.7346938775510204,-1.7045524079578755,0.18185376425963046
29.387755102040817,0.0023181014551505,-6.067006766622687,0.08080808080807748,0.7346938775510204,-1.9254029493093976,0.14581698816194189
29.387755102040817,0.002574980796465,-5.961913202577741,0.0909090909090886,0.7346938775510204,-2.1285900467715972,0.11900496705644174
29.387755102040817,0.0028603261032564,-5.856819638532781,0.10101010101010106,0.7346938775510204,-2.317921522969992,0.0984780574160677
29.387755102040817,0.0031772918183317,-5.751726074487876,0.11111111111110823,0.7346938775510204,-2.4959539919345817,0.0824177879705863
29.387755102040817,0.0035293819426201,-5.646632510442922,0.1212121212121201,0.7346938775510204,-2.6645529676108684,0.0696304736538937
29.387755102040817,0.0039204887712936,-5.541538946397998,0.13131313131312908,0.7346938775510204,-2.825165463339665,0.05929884423284358
29.387755102040817,0.0043549359224151,-5.436445382353058,0.14141414141413966,0.7346938775510204,-2.9789582828792063,0.050845773198667
29.387755102040817,0.0048375261337845,-5.331351818308116,0.15151515151515035,0.7346938775510204,-3.126892961772796,0.04385384135769781
29.387755102040817,0.0053735943563712,-5.2262582542631755,0.16161616161616094,0.7346938775510204,-3.269770493193908,0.03801515080990327
29.387755102040817,0.0059690667312704,-5.121164690218244,0.17171717171717069,0.7346938775510204,-3.4082612864833286,0.033098699530380506
29.387755102040817,0.0066305261021638,-5.016071126173304,0.18181818181818118,0.7346938775510204,-3.54292748485287,0.028928515209939238
29.387755102040817,0.0073652847875129,-4.910977562128371,0.19191919191919102,0.7346938775510204,-3.6742408798018387,0.025368656074285432
29.387755102040817,0.0081814654169699,-4.80588399808343,0.20202020202020168,0.7346938775510204,-3.8025978821084214,0.022312730652953867
29.387755102040817,0.0090880907256374,-4.700790434038493,0.21212121212121193,0.7346938775510204,-3.9283322287908624,0.019676461038837315
29.387755102040817,0.0100951832988382,-4.595696869993551,0.22222222222222263,0.7346938775510204,-4.051725784013894,0.01739233331373256
29.387755102040817,0.0112138763700549,-4.490603305948624,0.23232323232323193,0.7346938775510204,-4.1730176715546765,0.015405700564139955
29.387755102040817,0.0124565368968931,-4.385509741903686,0.24242424242424226,0.7346938775510204,-4.29241193651738,0.013671909719316944
29.387755102040817,0.013836902275649,-4.280416177858747,0.2525252525252527,0.7346938775510204,-4.410083920793675,0.012154158300503664
29.387755102040817,0.0153702322058399,-4.175322613813814,0.26262626262626254,0.7346938775510204,-4.526185528500796,0.010821877184641253
29.387755102040817,0.0170734773835322,-4.07022904976888,0.2727272727272725,0.7346938775510204,-4.640849547024426,0.00964949644339454
29.387755102040817,0.0189654668883421,-3.9651354857239447,0.2828282828282826,0.7346938775510204,-4.754193175210293,0.008615493083228034
29.387755102040817,0.0210671163356406,-3.8600419216790063,0.292929292929293,0.7346938775510204,-4.866320893719092,0.0077016484107263776
29.387755102040817,0.0234016590950486,-3.7549483576340705,0.3030303030303031,0.7346938775510204,-4.97732679506666,0.006892462918447421
29.387755102040817,0.0259949031313031,-3.649854793589135,0.3131313131313132,0.7346938775510204,-5.087296473681427,0.006174690780950162
29.387755102040817,0.0288755163068248,-3.5447612295442013,0.32323232323232315,0.7346938775510204,-5.196308560290343,0.00553696611837545
29.387755102040817,0.0320753432999582,-3.4396676654992664,0.33333333333333315,0.7346938775510204,-5.304435970577553,0.004969500382545468
29.387755102040817,0.0356297576423598,-3.3345741014543298,0.34343434343434337,0.7346938775510204,-5.4117469255301325,0.004463835408091453
29.387755102040817,0.0395780527672466,-3.229480537409394,0.3535353535353535,0.7346938775510204,-5.518305790167421,0.004012640441396545
29.387755102040817,0.0439638763914761,-3.1243869733644574,0.3636363636363637,0.7346938775510204,-5.624173768287503,0.003609544224217046
29.387755102040817,0.048835713033475,-3.019293409319523,0.3737373737373737,0.7346938775510204,-5.729409483228259,0.003248995253431874
29.387755102040817,0.0542474200011699,-2.914199845274587,0.3838383838383838,0.7346938775510204,-5.834069468175911,0.002926144864603431
29.387755102040817,0.060258822775172,-2.8091062812296523,0.3939393939393938,0.7346938775510204,-5.938208584007989,0.002636748936861458
29.387755102040817,0.0669363763690749,-2.7040127171847166,0.404040404040404,0.7346938775510204,-6.041880377802337,0.00237708489084558
29.387755102040817,0.0743538999780876,-2.5989191531397813,0.4141414141414141,0.7346938775510204,-6.145137390787808,0.0021438813221342353
29.387755102040817,0.0825933930374168,-2.493825589094845,0.42424242424242425,0.7346938775510204,-6.2480314205132865,0.0019342581316455316
29.387755102040817,0.0917459417117808,-2.38873202504991,0.4343434343434343,0.7346938775510204,-6.350613738279336,0.001745675419589688
29.387755102040817,0.101912725837141,-2.283638461004973,0.44444444444444453,0.7346938775510204,-6.452935259380058,0.0015758897282482367
29.387755102040817,0.113206137446215,-2.1785448969600347,0.4545454545454549,0.7346938775510204,-6.555046660469894,0.0014229164715042534
29.387755102040817,0.125751023242877,-2.0734513329151003,0.46464646464646486,0.7346938775510204,-6.656998435493728,0.001284997590808734
29.387755102040817,0.139686064760787,-1.9683577688701692,0.47474747474747453,0.7346938775510204,-6.7588408792557475,0.0011605736395358772
29.387755102040817,0.155165311463659,-1.8632642048252352,0.48484848484848453,0.7346938775510204,-6.860623986079003,0.0010482596290951347
29.387755102040817,0.172359883735326,-1.7581706407802946,0.49494949494949514,0.7346938775510204,-6.962397250420792,0.00094682407733892
29.387755102040817,0.19145986458586,-1.6530770767353593,0.5050505050505052,0.7346938775510204,-7.06420935712993,0.0008551707878277549
29.387755102040817,0.212676400986239,-1.5479835126904273,0.5151515151515149,0.7346938775510204,-7.166107751708521,0.0007723229613459033
29.387755102040817,0.236244038061438,-1.442889948645492,0.5252525252525251,0.7346938775510204,-7.268138085992055,0.0006974093017954005
29.387755102040817,0.262423311946047,-1.3377963846005527,0.5353535353535355,0.7346938775510204,-7.370343542668391,0.0006296518296673503
29.387755102040817,0.291503629965987,-1.2327028205556183,0.5454545454545455,0.7346938775510204,-7.472764053630246,0.0005683551596191339
29.387755102040817,0.323806469986239,-1.1276092565106834,0.5555555555555556,0.7346938775510204,-7.575435442888043,0.0005128970357958546
29.387755102040817,0.359688934292802,-1.0225156924657481,0.5656565656565656,0.7346938775510204,-7.678388545138648,0.000462719950625595
29.387755102040817,0.399547697296443,-0.9174221284208132,0.5757575757575757,0.7346938775510204,-7.78164837631082,0.00041732370083257344
29.387755102040817,0.443823390699414,-0.8123285643758777,0.5858585858585857,0.7346938775510204,-7.885233462236356,0.00037625875907584697
29.387755102040817,0.49300547460239,-0.707235000330941,0.5959595959595959,0.7346938775510204,-7.989155464993304,0.00033912036147721745
29.387755102040817,0.547637648400869,-0.6021414362860068,0.606060606060606,0.7346938775510204,-8.093419281208263,0.0003055432307415651
29.387755102040817,0.608323861287565,-0.49704787224107067,0.6161616161616161,0.7346938775510204,-8.198023818748371,0.0002751968718625063
29.387755102040817,0.67573498880583,-0.39195430819613525,0.6262626262626262,0.7346938775510204,-8.302963681515376,0.0002477813927161503
29.387755102040817,0.750616249262273,-0.2868607441511999,0.6363636363636362,0.7346938775510204,-8.408231997259982,0.00022302381527303553
29.387755102040817,0.833795441985706,-0.18176718010626372,0.6464646464646464,0.7346938775510204,-8.513824597825426,0.00020067485473567587
29.387755102040817,0.926192098504948,-0.07667361606132911,0.6565656565656565,0.7346938775510204,-8.619745688914715,0.00018050615358032157
29.387755102040817,1.02882764781018,0.028419947983610284,0.666666666666667,0.7346938775510204,-8.726015008707117,0.0001623079650251912
29.387755102040817,1.142836708073,0.1335135120285407,0.6767676767676766,0.7346938775510204,-8.832676252626136,0.00014588728534124166
29.387755102040817,1.2694796296533,0.23860707607348014,0.686868686868687,0.7346938775510204,-8.939806220762893,0.00013106643567451542
29.387755102040817,1.41015642805352,0.3437006401184105,0.6969696969696967,0.7346938775510204,-9.047523720915711,0.00011768209010425408
29.387755102040817,1.56642226084696,0.44879420416335164,0.7070707070707073,0.7346938775510204,-9.155996746768263,0.00010558473555929947
29.387755102040817,1.74000461967455,0.5538877682082868,0.7171717171717173,0.7346938775510204,-9.265445878858873,9.463852925238204e-05
29.387755102040817,1.93282242736499,0.6589813322532224,0.7272727272727274,0.7346938775510204,-9.37614126730962,8.472149018381216e-05
29.387755102040817,2.14700725129329,0.7640748962981553,0.7373737373737373,0.7346938775510204,-9.488389983675088,7.572592516644046e-05
29.387755102040817,2.38492686748792,0.8691684603430914,0.7474747474747475,0.7346938775510204,-9.602510000724276,6.755895048384691e-05
29.387755102040817,2.64921143598352,0.9742620243880249,0.7575757575757573,0.7346938775510204,-9.718786686240989,6.014292853825771e-05
29.387755102040817,2.94278257678333,1.0793555884329629,0.7676767676767676,0.7346938775510204,-9.837407977806603,5.341558622001263e-05
29.387755102040817,3.26888566786082,1.184449152477898,0.7777777777777777,0.7346938775510204,-9.958376703853148,4.7329503520037257e-05
29.387755102040817,3.63112572224959,1.289542716522833,0.7878787878787878,0.7346938775510204,-10.081405218635052,4.185056675301553e-05
29.387755102040817,4.0335072408363,1.3946362805677694,0.797979797979798,0.7346938775510204,-10.2058106579302,3.6954960968047005e-05
29.387755102040817,4.48047848142245,1.4997298446127043,0.808080808080808,0.7346938775510204,-10.330446515990312,3.26245163813868e-05
29.387755102040817,4.97698063344183,1.6048234086576407,0.8181818181818182,0.7346938775510204,-10.453717300654178,2.884086362365464e-05
29.387755102040817,5.52850244195146,1.7099169727025751,0.8282828282828283,0.7346938775510204,-10.5737112563,2.557970597272718e-05
29.387755102040817,6.14114088475497,1.8150105367475111,0.8383838383838383,0.7346938775510204,-10.688443813733766,2.2806982617571638e-05
29.387755102040817,6.8216685734332,1.9201041007924453,0.8484848484848483,0.7346938775510204,-10.796149173666683,2.0478209801153344e-05
29.387755102040817,7.57760862338904,2.0251976648373815,0.8585858585858586,0.7346938775510204,-10.895526899123656,1.854098447608891e-05
29.387755102040817,8.41731782058148,2.1302912288823177,0.8686868686868686,0.7346938775510204,-10.985869628596907,1.693937729947545e-05
29.387755102040817,9.35007900434302,2.2353847929272526,0.8787878787878787,0.7346938775510204,-11.067053603698058,1.5618513200695484e-05
29.387755102040817,10.3862036875563,2.3404783569721936,0.8888888888888893,0.7346938775510204,-11.139426991173153,1.452808346261451e-05
29.387755102040817,11.5371460486378,2.445571921017128,0.8989898989898993,0.7346938775510204,-11.203653757205487,1.3624325037073058e-05
29.387755102040817,12.8156295554912,2.550665485062058,0.909090909090909,0.7346938775510204,-11.260562804280672,1.2870627197094723e-05
29.387755102040817,14.2357876212352,2.6557590491069942,0.919191919191919,0.7346938775510204,-11.311029947727155,1.223720143777337e-05
29.387755102040817,15.8133198466305,2.7608526131519304,0.9292929292929293,0.7346938775510204,-11.355899800325963,1.1700256418074628e-05
29.387755102040817,17.5656655764397,2.865946177196865,0.9393939393939392,0.7346938775510204,-11.395942415307998,1.1241003756479975e-05
29.387755102040817,19.5121966883548,2.9710397412417997,0.9494949494949493,0.7346938775510204,-11.431835113196424,1.0844688758269602e-05
29.387755102040817,21.6744317457404,3.0761333052867346,0.9595959595959593,0.7346938775510204,-11.464160180088692,1.0499738770726708e-05
29.387755102040817,24.0762738816144,3.1812268693316703,0.9696969696969694,0.7346938775510204,-11.493411268300001,1.0197058431854852e-05
29.387755102040817,26.744275043632,3.2863204333766105,0.97979797979798,0.7346938775510204,-11.5200037053619,9.929467513512305e-06
29.387755102040817,29.707929521255,3.3914139974215445,0.98989898989899,0.7346938775510204,-11.544285841101988,9.691262601649633e-06
29.387755102040817,33.0,3.4965075614664802,1.0,0.7346938775510204,-11.56654989766476,9.477879978515455e-06
30.20408163265306,0.001,-6.907755278982137,0.0,0.7551020408163265,2.450135251418812,11.589914165556129
30.20408163265306,0.001110814537795,-6.802661714937222,0.010101010101008117,0.7551020408163265,1.038332478898356,2.8245031665915903
30.20408163265306,0.0012339089373767,-6.697568150892323,0.020202020202014698,0.7551020408163265,0.08649222015820586,1.0903428849896357
30.20408163265306,0.0013706439859533,-6.592474586847349,0.030303030303028534,0.7551020408163265,-0.5335274351013392,0.5865323614920097
30.20408163265306,0.0015225312657382,-6.487381022802441,0.04040404040403597,0.7551020408163265,-0.9674882313666116,0.3800364038037572
30.20408163265306,0.0016912498642295,-6.382287458757476,0.05050505050504887,0.7551020408163265,-1.301636645845637,0.2720861198112358
30.20408163265306,0.00187866493623,-6.277193894712534,0.06060606060605963,0.7551020408163265,-1.5793462560020837,0.20610979721359204
30.20408163265306,0.00208684832281,-6.172100330667619,0.07070707070706775,0.7551020408163265,-1.8221156396048352,0.16168332519065673
30.20408163265306,0.0023181014551505,-6.067006766622687,0.08080808080807748,0.7551020408163265,-2.0410869726320855,0.1298874500155701
30.20408163265306,0.002574980796465,-5.961913202577741,0.0909090909090886,0.7551020408163265,-2.2424846476703904,0.10619432084177
30.20408163265306,0.0028603261032564,-5.856819638532781,0.10101010101010106,0.7551020408163265,-2.430119324932613,0.08802632821998582
30.20408163265306,0.0031772918183317,-5.751726074487876,0.11111111111110823,0.7551020408163265,-2.60655300161495,0.07378845458033259
30.20408163265306,0.0035293819426201,-5.646632510442922,0.1212121212121201,0.7551020408163265,-2.773653151683486,0.06243350855377296
30.20408163265306,0.0039204887712936,-5.541538946397998,0.13131313131312908,0.7551020408163265,-2.9328643088736768,0.05324431136775924
30.20408163265306,0.0043549359224151,-5.436445382353058,0.14141414141413966,0.7551020408163265,-3.0853471419486613,0.04571416184222574
30.20408163265306,0.0048375261337845,-5.331351818308116,0.15151515151515035,0.7551020408163265,-3.232054642831672,0.03947630569703927
30.20408163265306,0.0053735943563712,-5.2262582542631755,0.16161616161616094,0.7551020408163265,-3.3737780264465287,0.034259957505280235
30.20408163265306,0.0059690667312704,-5.121164690218244,0.17171717171717069,0.7551020408163265,-3.5111776132584356,0.029861728156080777
30.20408163265306,0.0066305261021638,-5.016071126173304,0.18181818181818118,0.7551020408163265,-3.644805797920617,0.02612648317863744
30.20408163265306,0.0073652847875129,-4.910977562128371,0.19191919191919102,0.7551020408163265,-3.7751253778237905,0.022934215019693553
30.20408163265306,0.0081814654169699,-4.80588399808343,0.20202020202020168,0.7551020408163265,-3.9025247538555945,0.020190870062414847
30.20408163265306,0.0090880907256374,-4.700790434038493,0.21212121212121193,0.7551020408163265,-4.027330733197324,0.01782183775984181
30.20408163265306,0.0100951832988382,-4.595696869993551,0.22222222222222263,0.7551020408163265,-4.149819334156696,0.01576726483374485
30.20408163265306,0.0112138763700549,-4.490603305948624,0.23232323232323193,0.7551020408163265,-4.270224863163283,0.013978639518807156
30.20408163265306,0.0124565368968931,-4.385509741903686,0.24242424242424226,0.7551020408163265,-4.3887474856214075,0.01241627104324348
30.20408163265306,0.013836902275649,-4.280416177858747,0.2525252525252527,0.7551020408163265,-4.505559492237967,0.011047407518686898
30.20408163265306,0.0153702322058399,-4.175322613813814,0.26262626262626254,0.7551020408163265,-4.620810448893738,0.00984481410843853
30.20408163265306,0.0170734773835322,-4.07022904976888,0.2727272727272725,0.7551020408163265,-4.734631403597021,0.008785686607489223
30.20408163265306,0.0189654668883421,-3.9651354857239447,0.2828282828282826,0.7551020408163265,-4.847138307120755,0.007850812046524812
30.20408163265306,0.0210671163356406,-3.8600419216790063,0.292929292929293,0.7551020408163265,-4.958434785353572,0.007023913164902105
30.20408163265306,0.0234016590950486,-3.7549483576340705,0.3030303030303031,0.7551020408163265,-5.068614382463889,0.006291131206026072
30.20408163265306,0.0259949031313031,-3.649854793589135,0.3131313131313132,0.7551020408163265,-5.177762375787238,0.005640613877948934
30.20408163265306,0.0288755163068248,-3.5447612295442013,0.32323232323232315,0.7551020408163265,-5.285957246643265,0.005062184109381117
30.20408163265306,0.0320753432999582,-3.4396676654992664,0.33333333333333315,0.7551020408163265,-5.3932718764616885,0.0045470715143123095
30.20408163265306,0.0356297576423598,-3.3345741014543298,0.34343434343434337,0.7551020408163265,-5.499774524760103,0.0040876930081262235
30.20408163265306,0.0395780527672466,-3.229480537409394,0.3535353535353535,0.7551020408163265,-5.605529634594926,0.0036774723118160207
30.20408163265306,0.0439638763914761,-3.1243869733644574,0.3636363636363637,0.7551020408163265,-5.710598501906974,0.003310690497253403
30.20408163265306,0.048835713033475,-3.019293409319523,0.3737373737373737,0.7551020408163265,-5.815039837453113,0.0029823615154180205
30.20408163265306,0.0542474200011699,-2.914199845274587,0.3838383838383838,0.7551020408163265,-5.91891024348578,0.0026881279863485716
30.20408163265306,0.060258822775172,-2.8091062812296523,0.3939393939393938,0.7551020408163265,-6.022264621754214,0.002424173537998186
30.20408163265306,0.0669363763690749,-2.7040127171847166,0.404040404040404,0.7551020408163265,-6.125156524527357,0.002187148748964803
30.20408163265306,0.0743538999780876,-2.5989191531397813,0.4141414141414141,0.7551020408163265,-6.227638455992852,0.0019741083399974916
30.20408163265306,0.0825933930374168,-2.493825589094845,0.42424242424242425,0.7551020408163265,-6.329762127435665,0.0017824577164646032
30.20408163265306,0.0917459417117808,-2.38873202504991,0.4343434343434343,0.7551020408163265,-6.431578665964083,0.0016099073214425003
30.20408163265306,0.101912725837141,-2.283638461004973,0.44444444444444453,0.7551020408163265,-6.533138773210027,0.0014544335407866004
30.20408163265306,0.113206137446215,-2.1785448969600347,0.4545454545454549,0.7551020408163265,-6.634492827424176,0.001314245125246221
30.20408163265306,0.125751023242877,-2.0734513329151003,0.46464646464646486,0.7551020408163265,-6.735690919815638,0.0011877542736291155
30.20408163265306,0.139686064760787,-1.9683577688701692,0.47474747474747453,0.7551020408163265,-6.836782814015166,0.001073551665180823
30.20408163265306,0.155165311463659,-1.8632642048252352,0.48484848484848453,0.7551020408163265,-6.937817816400089,0.0009703848462882093
30.20408163265306,0.172359883735326,-1.7581706407802946,0.49494949494949514,0.7551020408163265,-7.038844545005756,0.0008771394721433928
30.20408163265306,0.19145986458586,-1.6530770767353593,0.5050505050505052,0.7551020408163265,-7.139910586229235,0.000792822982589746
30.20408163265306,0.212676400986239,-1.5479835126904273,0.5151515151515149,0.7551020408163265,-7.2410620319425,0.0007165503564963922
30.20408163265306,0.236244038061438,-1.442889948645492,0.5252525252525251,0.7551020408163265,-7.3423428954730845,0.0006475316433972621
30.20408163265306,0.262423311946047,-1.3377963846005527,0.5353535353535355,0.7551020408163265,-7.443794413727044,0.0005850610169300296
30.20408163265306,0.291503629965987,-1.2327028205556183,0.5454545454545455,0.7551020408163265,-7.54545425508119,0.0005285071335153627
30.20408163265306,0.323806469986239,-1.1276092565106834,0.5555555555555556,0.7551020408163265,-7.647355669073762,0.0004773046130688774
30.20408163265306,0.359688934292802,-1.0225156924657481,0.5656565656565656,0.7551020408163265,-7.749526634745229,0.00043094648739500855
30.20408163265306,0.399547697296443,-0.9174221284208132,0.5757575757575757,0.7551020408163265,-7.851989089800119,0.00038897748709975917
30.20408163265306,0.443823390699414,-0.8123285643758777,0.5858585858585857,0.7551020408163265,-7.954758352138061,0.0003509880600115682
30.20408163265306,0.49300547460239,-0.707235000330941,0.5959595959595959,0.7551020408163265,-8.057842877478635,0.0003166090336889399
30.20408163265306,0.547637648400869,-0.6021414362860068,0.606060606060606,0.7551020408163265,-8.161244529295749,0.00028550685196015925
30.20408163265306,0.608323861287565,-0.49704787224107067,0.6161616161616161,0.7551020408163265,-8.264959565871216,0.00025737933081995803
30.20408163265306,0.67573498880583,-0.39195430819613525,0.6262626262626262,0.7551020408163265,-8.368980567461573,0.00023195189255850366
30.20408163265306,0.750616249262273,-0.2868607441511999,0.6363636363636362,0.7551020408163265,-8.473299524977765,0.0002089742488200845
30.20408163265306,0.833795441985706,-0.18176718010626372,0.6464646464646464,0.7551020408163265,-8.577912277608013,0.00018821751342800534
30.20408163265306,0.926192098504948,-0.07667361606132911,0.6565656565656565,0.7551020408163265,-8.682824404782917,0.00016947173422522308
30.20408163265306,1.02882764781018,0.028419947983610284,0.666666666666667,0.7551020408163265,-8.788058530111222,0.00015254383965050496
30.20408163265306,1.142836708073,0.1335135120285407,0.6767676767676766,0.7551020408163265,-8.893662764377869,0.00013725599976738962
30.20408163265306,1.2694796296533,0.23860707607348014,0.686868686868687,0.7551020408163265,-8.999719689589554,0.0001234444019883656
30.20408163265306,1.41015642805352,0.3437006401184105,0.6969696969696967,0.7551020408163265,-9.10635486590934,0.0001109584372557306
30.20408163265306,1.56642226084696,0.44879420416335164,0.7070707070707073,0.7551020408163265,-9.213743344475967,9.96602811048854e-05
30.20408163265306,1.74000461967455,0.5538877682082868,0.7171717171717173,0.7551020408163265,-9.322112124775392,8.942483438897019e-05
30.20408163265306,1.93282242736499,0.6589813322532224,0.7272727272727274,0.7551020408163265,-9.43173594481286,8.013996056659497e-05
30.20408163265306,2.14700725129329,0.7640748962981553,0.7373737373737373,0.7551020408163265,-9.542923262767204,7.170692279649454e-05
30.20408163265306,2.38492686748792,0.8691684603430914,0.7474747474747475,0.7551020408163265,-9.6559887996025,6.404088825589809e-05
30.20408163265306,2.64921143598352,0.9742620243880249,0.7575757575757573,0.7551020408163265,-9.77120868520841,5.707132907346339e-05
30.20408163265306,2.94278257678333,1.0793555884329629,0.7676767676767676,0.7551020408163265,-9.888754627467542,5.074209947819483e-05
30.20408163265306,3.26888566786082,1.184449152477898,0.7777777777777777,0.7551020408163265,-10.008606035786421,4.5010892776488274e-05
30.20408163265306,3.63112572224959,1.289542716522833,0.7878787878787878,0.7551020408163265,-10.130446062598285,3.98476923584894e-05
30.20408163265306,4.0335072408363,1.3946362805677694,0.797979797979798,0.7551020408163265,-10.253560861669623,3.5231821576950164e-05
30.20408163265306,4.48047848142245,1.4997298446127043,0.808080808080808,0.7551020408163265,-10.376778258740487,3.1147447486384216e-05
30.20408163265306,4.97698063344183,1.6048234086576407,0.8181818181818182,0.7551020408163265,-10.498491448412206,2.757802085263047e-05
30.20408163265306,5.52850244195146,1.7099169727025751,0.8282828282828283,0.7551020408163265,-10.616799350785076,2.450093321367143e-05
30.20408163265306,6.14114088475497,1.8150105367475111,0.8383838383838383,0.7551020408163265,-10.729752034199606,2.188406012775323e-05
30.20408163265306,6.8216685734332,1.9201041007924453,0.8484848484848483,0.7551020408163265,-10.835636447238532,1.9685338315814066e-05
30.20408163265306,7.57760862338904,2.0251976648373815,0.8585858585858586,0.7551020408163265,-10.933211365636337,1.7855278741607383e-05
30.20408163265306,8.41731782058148,2.1302912288823177,0.8686868686868686,0.7551020408163265,-11.021822755554151,1.634117183208215e-05
30.20408163265306,9.35007900434302,2.2353847929272526,0.8787878787878787,0.7551020408163265,-11.101385942759654,1.5091393511530304e-05
30.20408163265306,10.3862036875563,2.3404783569721936,0.8888888888888893,0.7551020408163265,-11.172271302365228,1.405866955413593e-05
30.20408163265306,11.5371460486378,2.445571921017128,0.8989898989898993,0.7551020408163265,-11.235150066194956,1.3201896476959047e-05
30.20408163265306,12.8156295554912,2.550665485062058,0.909090909090909,0.7551020408163265,-11.290847603975969,1.2486685966578945e-05
30.20408163265306,14.2357876212352,2.6557590491069942,0.919191919191919,0.7551020408163265,-11.340229748670245,1.1885044075388776e-05
30.20408163265306,15.8133198466305,2.7608526131519304,0.9292929292929293,0.7551020408163265,-11.384128159933656,1.1374595434771833e-05
30.20408163265306,17.5656655764397,2.865946177196865,0.9393939393939392,0.7551020408163265,-11.423299297309491,1.0937653224194117e-05
30.20408163265306,19.5121966883548,2.9710397412417997,0.9494949494949493,0.7551020408163265,-11.45840758167267,1.0560313615679296e-05
30.20408163265306,21.6744317457404,3.0761333052867346,0.9595959595959593,0.7551020408163265,-11.490023722416288,1.0231660009298185e-05
30.20408163265306,24.0762738816144,3.1812268693316703,0.9696969696969694,0.7551020408163265,-11.518631312088846,9.943104003105823e-06
30.20408163265306,26.744275043632,3.2863204333766105,0.97979797979798,0.7551020408163265,-11.54463709365628,9.687859118682522e-06
30.20408163265306,29.707929521255,3.3914139974215445,0.98989898989899,0.7551020408163265,-11.568382157482478,9.46052993961715e-06
30.20408163265306,33.0,3.4965075614664802,1.0,0.7551020408163265,-11.590152606012126,9.25679569903399e-06
31.020408163265305,0.001,-6.907755278982137,0.0,0.7755102040816326,2.2766420998808754,9.743906350021568
31.020408163265305,0.001110814537795,-6.802661714937222,0.010101010101008117,0.7755102040816326,0.8809117985255513,2.4130989637021805
31.020408163265305,0.0012339089373767,-6.697568150892323,0.020202020202014698,0.7755102040816326,-0.05857521961566385,0.9431072975631012
31.020408163265305,0.0013706439859533,-6.592474586847349,0.030303030303028534,0.7755102040816326,-0.6715589387868587,0.5109114769142283
31.020408163265305,0.0015225312657382,-6.487381022802441,0.04040404040403597,0.7755102040816326,-1.1014399671967805,0.3323921051962266
31.020408163265305,0.0016912498642295,-6.382287458757476,0.05050505050504887,0.7755102040816326,-1.432765968588284,0.2386479158647962
31.020408163265305,0.00187866493623,-6.277193894712534,0.06060606060605963,0.7755102040816326,-1.7081491697779694,0.18120085446788098
31.020408163265305,0.00208684832281,-6.172100330667619,0.07070707070706775,0.7755102040816326,-1.9488010837214762,0.1424447485802193
31.020408163265305,0.0023181014551505,-6.067006766622687,0.08080808080807748,0.7755102040816326,-2.1657717426648406,0.11466141133994323
31.020408163265305,0.002574980796465,-5.961913202577741,0.0909090909090886,0.7755102040816326,-2.3652652781232866,0.09392438097982383
31.020408163265305,0.0028603261032564,-5.856819638532781,0.10101010101010106,0.7755102040816326,-2.551094127606585,0.077996281414148
31.020408163265305,0.0031772918183317,-5.751726074487876,0.11111111111110823,0.7755102040816326,-2.7258251227221604,0.06549214136350356
31.020408163265305,0.0035293819426201,-5.646632510442922,0.1212121212121201,0.7755102040816326,-2.8913273760028986,0.055502491019490986
31.020408163265305,0.0039204887712936,-5.541538946397998,0.13131313131312908,0.7755102040816326,-3.0490427150232757,0.047404282084629865
31.020408163265305,0.0043549359224151,-5.436445382353058,0.14141414141413966,0.7755102040816326,-3.200125473215461,0.0407570897344208
31.020408163265305,0.0048375261337845,-5.331351818308116,0.15151515151515035,0.7755102040816326,-3.345519888714923,0.035241888533983114
31.020408163265305,0.0053735943563712,-5.2262582542631755,0.16161616161616094,0.7755102040816326,-3.4860071620739936,0.030622900668282074
31.020408163265305,0.0059690667312704,-5.121164690218244,0.17171717171717069,0.7755102040816326,-3.622237259543596,0.026722823672164144
31.020408163265305,0.0066305261021638,-5.016071126173304,0.18181818181818118,0.7755102040816326,-3.7547525371884385,0.023406242067066284
31.020408163265305,0.0073652847875129,-4.910977562128371,0.19191919191919102,0.7755102040816326,-3.884006492027172,0.020568253337438808
31.020408163265305,0.0081814654169699,-4.80588399808343,0.20202020202020168,0.7755102040816326,-4.010379202185506,0.01812652031727127
31.020408163265305,0.0090880907256374,-4.700790434038493,0.21212121212121193,0.7755102040816326,-4.134190234553616,0.016015628783142267
31.020408163265305,0.0100951832988382,-4.595696869993551,0.22222222222222263,0.7755102040816326,-4.255709461020669,0.014183024872025538
31.020408163265305,0.0112138763700549,-4.490603305948624,0.23232323232323193,0.7755102040816326,-4.3751660855764545,0.012586051707181854
31.020408163265305,0.0124565368968931,-4.385509741903686,0.24242424242424226,0.7755102040816326,-4.492756128020638,0.011189760857010893
31.020408163265305,0.013836902275649,-4.280416177858747,0.2525252525252527,0.7755102040816326,-4.608648583273057,0.00996527645330634
31.020408163265305,0.0153702322058399,-4.175322613813814,0.26262626262626254,0.7755102040816326,-4.72299045653612,0.00888855791823613
31.020408163265305,0.0170734773835322,-4.07022904976888,0.2727272727272725,0.7755102040816326,-4.835910856113178,0.007939453330842679
31.020408163265305,0.0189654668883421,-3.9651354857239447,0.2828282828282826,0.7755102040816326,-4.947524305855903,0.0071009670083071385
31.020408163265305,0.0210671163356406,-3.8600419216790063,0.292929292929293,0.7755102040816326,-5.0579334185404,0.006358686688065762
31.020408163265305,0.0234016590950486,-3.7549483576340705,0.3030303030303031,0.7755102040816326,-5.167231051034126,0.0057003309123179365
31.020408163265305,0.0259949031313031,-3.649854793589135,0.3131313131313132,0.7755102040816326,-5.2755020428631,0.005115387919508597
31.020408163265305,0.0288755163068248,-3.5447612295442013,0.32323232323232315,0.7755102040816326,-5.382824622344469,0.004594824937648819
31.020408163265305,0.0320753432999582,-3.4396676654992664,0.33333333333333315,0.7755102040816326,-5.489271549113793,0.004130852201469326
31.020408163265305,0.0356297576423598,-3.3345741014543298,0.34343434343434337,0.7755102040816326,-5.594911048694626,0.003716729928772342
31.020408163265305,0.0395780527672466,-3.229480537409394,0.3535353535353535,0.7755102040816326,-5.699807583603252,0.0033466093380328456
31.020408163265305,0.0439638763914761,-3.1243869733644574,0.3636363636363637,0.7755102040816326,-5.804022496124667,0.003015400878973514
31.020408163265305,0.048835713033475,-3.019293409319523,0.3737373737373737,0.7755102040816326,-5.9076145500609805,0.0027186643962467086
31.020408163265305,0.0542474200011699,-2.914199845274587,0.3838383838383838,0.7755102040816326,-6.010640392156858,0.0024525171046969178
31.020408163265305,0.060258822775172,-2.8091062812296523,0.3939393939393938,0.7755102040816326,-6.113154948283872,0.0022135561295560653
31.020408163265305,0.0669363763690749,-2.7040127171847166,0.404040404040404,0.7755102040816326,-6.215211764589251,0.0019987930320054066
31.020408163265305,0.0743538999780876,-2.5989191531397813,0.4141414141414141,0.7755102040816326,-6.316863299504063,0.001805598253907796
31.020408163265305,0.0825933930374168,-2.493825589094845,0.42424242424242425,0.7755102040816326,-6.418161168635239,0.001631653814132038
31.020408163265305,0.0917459417117808,-2.38873202504991,0.4343434343434343,0.7755102040816326,-6.519156341065478,0.0014749129010558956
31.020408163265305,0.101912725837141,-2.283638461004973,0.44444444444444453,0.7755102040816326,-6.619899282444502,0.0013335652522820335
31.020408163265305,0.113206137446215,-2.1785448969600347,0.4545454545454549,0.7755102040816326,-6.720440037522891,0.001206007408666784
31.020408163265305,0.125751023242877,-2.0734513329151003,0.46464646464646486,0.7755102040816326,-6.820828242564757,0.0010908170868919812
31.020408163265305,0.139686064760787,-1.9683577688701692,0.47474747474747453,0.7755102040816326,-6.921113056547397,0.0009867310416299664
31.020408163265305,0.155165311463659,-1.8632642048252352,0.48484848484848453,0.7755102040816326,-7.021342999446799,0.0008926258914187957
31.020408163265305,0.172359883735326,-1.7581706407802946,0.49494949494949514,0.7755102040816326,-7.121565686513285,0.0008075014667073305
31.020408163265305,0.19145986458586,-1.6530770767353593,0.5050505050505052,0.7755102040816326,-7.221827449621627,0.0007304663080364483
31.020408163265305,0.212676400986239,-1.5479835126904273,0.5151515151515149,0.7755102040816326,-7.322172840955852,0.0006607250000214573
31.020408163265305,0.236244038061438,-1.442889948645492,0.5252525252525251,0.7755102040816326,-7.422644020934793,0.0005975670750658557
31.020408163265305,0.262423311946047,-1.3377963846005527,0.5353535353535355,0.7755102040816326,-7.523280041906645,0.000540357261438764
31.020408163265305,0.291503629965987,-1.2327028205556183,0.5454545454545455,0.7755102040816326,-7.624116052239135,0.0004885268849671547
31.020408163265305,0.323806469986239,-1.1276092565106834,0.5555555555555556,0.7755102040816326,-7.725182462435088,0.00044156626329882725
31.020408163265305,0.359688934292802,-1.0225156924657481,0.5656565656565656,0.7755102040816326,-7.826504136064016,0.000399017957403231
31.020408163265305,0.399547697296443,-0.9174221284208132,0.5757575757575757,0.7755102040816326,-7.928099693539928,0.00036047076741089785
31.020408163265305,0.443823390699414,-0.8123285643758777,0.5858585858585857,0.7755102040816326,-8.029981045460312,0.000325554379595365
31.020408163265305,0.49300547460239,-0.707235000330941,0.5959595959595959,0.7755102040816326,-8.132153302858564,0.00029393458868118565
31.020408163265305,0.547637648400869,-0.6021414362860068,0.606060606060606,0.7755102040816326,-8.234615241564729,0.0002653090350132213
31.020408163265305,0.608323861287565,-0.49704787224107067,0.6161616161616161,0.7755102040816326,-8.337360522436308,0.00023940340965582075
31.020408163265305,0.67573498880583,-0.39195430819613525,0.6262626262626262,0.7755102040816326,-8.440379881766,0.00021596809235598728
31.020408163265305,0.750616249262273,-0.2868607441511999,0.6363636363636362,0.7755102040816326,-8.543664497203862,0.0001947751976078086
31.020408163265305,0.833795441985706,-0.18176718010626372,0.6464646464646464,0.7755102040816326,-8.647210691555358,0.00017561601285256373
31.020408163265305,0.926192098504948,-0.07667361606132911,0.6565656565656565,0.7755102040816326,-8.751026044649802,0.00015829882010387144
31.020408163265305,1.02882764781018,0.028419947983610284,0.666666666666667,0.7755102040816326,-8.855136825563598,0.00014264709777835085
31.020408163265305,1.142836708073,0.1335135120285407,0.6767676767676766,0.7755102040816326,-8.959596418776032,0.0001284981026926134
31.020408163265305,1.2694796296533,0.23860707607348014,0.686868686868687,0.7755102040816326,-9.064494089459624,0.0001157018320435953
31.020408163265305,1.41015642805352,0.3437006401184105,0.6969696969696967,0.7755102040816326,-9.169963018215121,0.00010412036021654783
31.020408163265305,1.56642226084696,0.44879420416335164,0.7070707070707073,0.7755102040816326,-9.276186053808871,9.36275337438089e-05
31.020408163265305,1.74000461967455,0.5538877682082868,0.7171717171717173,0.7755102040816326,-9.383397118157657,8.41089884851147e-05
31.020408163265305,1.93282242736499,0.6589813322532224,0.7272727272727274,0.7755102040816326,-9.491875686901952,7.546242657047865e-05
31.020408163265305,2.14700725129329,0.7640748962981553,0.7373737373737373,0.7755102040816326,-9.601931280413265,6.759805953619248e-05
31.020408163265305,2.38492686748792,0.8691684603430914,0.7474747474747475,0.7755102040816326,-9.713874448234723,6.0439091734148335e-05
31.020408163265305,2.64921143598352,0.9742620243880249,0.7575757575757573,0.7755102040816326,-9.827970452170696,5.392208346535071e-05
31.020408163265305,2.94278257678333,1.0793555884329629,0.7676767676767676,0.7755102040816326,-9.944372346292228,4.799698573132731e-05
31.020408163265305,3.26888566786082,1.184449152477898,0.7777777777777777,0.7755102040816326,-10.063032923518486,4.262656431684894e-05
31.020408163265305,3.63112572224959,1.289542716522833,0.7878787878787878,0.7755102040816326,-10.183602413292485,3.7784846827443674e-05
31.020408163265305,4.0335072408363,1.3946362805677694,0.797979797979798,0.7755102040816326,-10.305332345267498,3.34542292211353e-05
31.020408163265305,4.48047848142245,1.4997298446127043,0.808080808080808,0.7755102040816326,-10.42702225839431,2.9621140117373673e-05
31.020408163265305,4.97698063344183,1.6048234086576407,0.8181818181818182,0.7755102040816326,-10.547053450482236,2.627077507585494e-05
31.020408163265305,5.52850244195146,1.7099169727025751,0.8282828282828283,0.7755102040816326,-10.66353755615531,2.3382152129032337e-05
31.020408163265305,6.14114088475497,1.8150105367475111,0.8383838383838383,0.7755102040816326,-10.774563708800766,2.092504672114041e-05
31.020408163265305,6.8216685734332,1.9201041007924453,0.8484848484848483,0.7755102040816326,-10.878477394321086,1.8859809259182886e-05
31.020408163265305,7.57760862338904,2.0251976648373815,0.8585858585858586,0.7755102040816326,-10.974102403041488,1.7139884164040447e-05
31.020408163265305,8.41731782058148,2.1302912288823177,0.8686868686868686,0.7755102040816326,-11.060842743002564,1.5715819475517376e-05
31.020408163265305,9.35007900434302,2.2353847929272526,0.8787878787878787,0.7755102040816326,-11.138655915870437,1.4539290028966347e-05
31.020408163265305,10.3862036875563,2.3404783569721936,0.8888888888888893,0.7755102040816326,-11.207935980381379,1.356610737611544e-05
31.020408163265305,11.5371460486378,2.445571921017128,0.8989898989898993,0.7755102040816326,-11.26936162470183,1.2757877618740697e-05
31.020408163265305,12.8156295554912,2.550665485062058,0.909090909090909,0.7755102040816326,-11.32375402500287,1.2082480767385435e-05
31.020408163265305,14.2357876212352,2.6557590491069942,0.919191919191919,0.7755102040816326,-11.37196790931009,1.1513757775628038e-05
31.020408163265305,15.8133198466305,2.7608526131519304,0.9292929292929293,0.7755102040816326,-11.41482068755487,1.1030783567529106e-05
31.020408163265305,17.5656655764397,2.865946177196865,0.9393939393939392,0.7755102040816326,-11.453053937631136,1.0617001383413261e-05
31.020408163265305,19.5121966883548,2.9710397412417997,0.9494949494949493,0.7755102040816326,-11.487318000585905,1.025938152158461e-05
31.020408163265305,21.6744317457404,3.0761333052867346,0.9595959595959593,0.7755102040816326,-11.518170978899557,9.947682197549593e-06
31.020408163265305,24.0762738816144,3.1812268693316703,0.9696969696969694,0.7755102040816326,-11.546085532934946,9.67383700055369e-06
31.020408163265305,26.744275043632,3.2863204333766105,0.97979797979798,0.7755102040816326,-11.57145909605643,9.431465208243457e-06
31.020408163265305,29.707929521255,3.3914139974215445,0.98989898989899,0.7755102040816326,-11.594624903161495,9.21548899479416e-06
31.020408163265305,33.0,3.4965075614664802,1.0,0.7755102040816326,-11.615862449659488,9.021838230842565e-06
31.836734693877553,0.001,-6.907755278982137,0.0,0.7959183673469388,2.090716045023654,8.090706400720695
31.836734693877553,0.001110814537795,-6.802661714937222,0.010101010101008117,0.7959183673469388,0.7120588133444916,2.038183180704472
31.836734693877553,0.0012339089373767,-6.697568150892323,0.020202020202014698,0.7959183673469388,-0.21442585914008822,0.8070046415320328
31.836734693877553,0.0013706439859533,-6.592474586847349,0.030303030303028534,0.7959183673469388,-0.8200008393558612,0.44043128482726374
31.836734693877553,0.0015225312657382,-6.487381022802441,0.04040404040403597,0.7959183673469388,-1.2455667487746238,0.2877777642090988
31.836734693877553,0.0016912498642295,-6.382287458757476,0.05050505050504887,0.7959183673469388,-1.573896844523354,0.20723604020205838
31.836734693877553,0.00187866493623,-6.277193894712534,0.06060606060605963,0.7959183673469388,-1.8468085631336428,0.157739780406931
31.836734693877553,0.00208684832281,-6.172100330667619,0.07070707070706775,0.7959183673469388,-2.085212381238103,0.12428072246898053
31.836734693877553,0.0023181014551505,-6.067006766622687,0.08080808080807748,0.7959183673469388,-2.3000603542513747,0.1002527928579467
31.836734693877553,0.002574980796465,-5.961913202577741,0.0909090909090886,0.7959183673469388,-2.4975338690448754,0.08228768079762516
31.836734693877553,0.0028603261032564,-5.856819638532781,0.10101010101010106,0.7959183673469388,-2.681446078457782,0.06846407810719171
31.836734693877553,0.0031772918183317,-5.751726074487876,0.11111111111110823,0.7959183673469388,-2.8543682167998474,0.05759219541086797
31.836734693877553,0.0035293819426201,-5.646632510442922,0.1212121212121201,0.7959183673469388,-3.0181708822584423,0.04889056322255343
31.836734693877553,0.0039204887712936,-5.541538946397998,0.13131313131312908,0.7959183673469388,-3.1742931479570218,0.04182365677623642
31.836734693877553,0.0043549359224151,-5.436445382353058,0.14141414141413966,0.7959183673469388,-3.3238829751797163,0.036012723400339175
31.836734693877553,0.0048375261337845,-5.331351818308116,0.15151515151515035,0.7959183673469388,-3.467875774017798,0.031183200521066278
31.836734693877553,0.0053735943563712,-5.2262582542631755,0.16161616161616094,0.7959183673469388,-3.6070425975824376,0.02713196848120439
31.836734693877553,0.0059690667312704,-5.121164690218244,0.17171717171717069,0.7959183673469388,-3.742022862302295,0.023706100419362868
31.836734693877553,0.0066305261021638,-5.016071126173304,0.18181818181818118,0.7959183673469388,-3.8733486343990764,0.020788639187544193
31.836734693877553,0.0073652847875129,-4.910977562128371,0.19191919191919102,0.7959183673469388,-4.001463815942761,0.01828884777793846
31.836734693877553,0.0081814654169699,-4.80588399808343,0.20202020202020168,0.7959183673469388,-4.126739838523732,0.01613539716717864
31.836734693877553,0.0090880907256374,-4.700790434038493,0.21212121212121193,0.7959183673469388,-4.249488689387694,0.01427152922810144
31.836734693877553,0.0100951832988382,-4.595696869993551,0.22222222222222263,0.7959183673469388,-4.369973750913727,0.012651572655868923
31.836734693877553,0.0112138763700549,-4.490603305948624,0.23232323232323193,0.7959183673469388,-4.488418787370247,0.011238400067805082
31.836734693877553,0.0124565368968931,-4.385509741903686,0.24242424242424226,0.7959183673469388,-4.605015348699157,0.010001548492768457
31.836734693877553,0.013836902275649,-4.280416177858747,0.2525252525252527,0.7959183673469388,-4.719928827933668,0.008915813082698853
31.836734693877553,0.0153702322058399,-4.175322613813814,0.26262626262626254,0.7959183673469388,-4.833303385041128,0.007960182239000442
31.836734693877553,0.0170734773835322,-4.07022904976888,0.2727272727272725,0.7959183673469388,-4.945265927642126,0.0071170217995672035
31.836734693877553,0.0189654668883421,-3.9651354857239447,0.2828282828282826,0.7959183673469388,-5.055929316300918,0.006371442924428871
31.836734693877553,0.0210671163356406,-3.8600419216790063,0.292929292929293,0.7959183673469388,-5.165394939246681,0.00571080697176333
31.836734693877553,0.0234016590950486,-3.7549483576340705,0.3030303030303031,0.7959183673469388,-5.27375477937226,0.005124333663071507
31.836734693877553,0.0259949031313031,-3.649854793589135,0.3131313131313132,0.7959183673469388,-5.38109307597289,0.004602787982298577
31.836734693877553,0.0288755163068248,-3.5447612295442013,0.32323232323232315,0.7959183673469388,-5.487487665441739,0.00413822773785677
31.836734693877553,0.0320753432999582,-3.4396676654992664,0.33333333333333315,0.7959183673469388,-5.593011069243473,0.0037237983520656275
31.836734693877553,0.0356297576423598,-3.3345741014543298,0.34343434343434337,0.7959183673469388,-5.697731383918923,0.003353564785234166
31.836734693877553,0.0395780527672466,-3.229480537409394,0.3535353535353535,0.7959183673469388,-5.801713016455639,0.0030223729338080176
31.836734693877553,0.0439638763914761,-3.1243869733644574,0.3636363636363637,0.7959183673469388,-5.905017298825333,0.0027257346283191836
31.836734693877553,0.048835713033475,-3.019293409319523,0.3737373737373737,0.7959183673469388,-6.007703007539608,0.002459731681519868
31.836734693877553,0.0542474200011699,-2.914199845274587,0.3838383838383838,0.7959183673469388,-6.109826807412339,0.0022209354290449765
31.836734693877553,0.060258822775172,-2.8091062812296523,0.3939393939393938,0.7959183673469388,-6.211443633069633,0.002006338955117264
31.836734693877553,0.0669363763690749,-2.7040127171847166,0.404040404040404,0.7959183673469388,-6.312607016889118,0.001813299768650453
31.836734693877553,0.0743538999780876,-2.5989191531397813,0.4141414141414141,0.7959183673469388,-6.413369367802906,0.001639491136684751
31.836734693877553,0.0825933930374168,-2.493825589094845,0.42424242424242425,0.7959183673469388,-6.513782201644092,0.0014828606255819893
31.836734693877553,0.0917459417117808,-2.38873202504991,0.4343434343434343,0.7959183673469388,-6.613896320393333,0.0013415946699168897
31.836734693877553,0.101912725837141,-2.283638461004973,0.44444444444444453,0.7959183673469388,-6.713761934788047,0.00121408820219391
31.836734693877553,0.113206137446215,-2.1785448969600347,0.4545454545454549,0.7959183673469388,-6.813428722347762,0.0010989185464716225
31.836734693877553,0.125751023242877,-2.0734513329151003,0.46464646464646486,0.7959183673469388,-6.912945811059863,0.0009948229154572177
31.836734693877553,0.139686064760787,-1.9683577688701692,0.47474747474747453,0.7959183673469388,-7.012361677933174,0.0009006789610118551
31.836734693877553,0.155165311463659,-1.8632642048252352,0.48484848484848453,0.7959183673469388,-7.111723951594626,0.0008154879178931494
31.836734693877553,0.172359883735326,-1.7581706407802946,0.49494949494949514,0.7959183673469388,-7.21107910936836,0.0007383599542626711
31.836734693877553,0.19145986458586,-1.6530770767353593,0.5050505050505052,0.7959183673469388,-7.310472062186454,0.0006685014033406201
31.836734693877553,0.212676400986239,-1.5479835126904273,0.5151515151515149,0.7959183673469388,-7.409945625639164,0.0006052036011993966
31.836734693877553,0.236244038061438,-1.442889948645492,0.5252525252525251,0.7959183673469388,-7.509539882923433,0.0005478330980963124
31.836734693877553,0.262423311946047,-1.3377963846005527,0.5353535353535355,0.7959183673469388,-7.609291455851538,0.0004958230465649012
31.836734693877553,0.291503629965987,-1.2327028205556183,0.5454545454545455,0.7959183673469388,-7.709232713869151,0.0004486655999892082
31.836734693877553,0.323806469986239,-1.1276092565106834,0.5555555555555556,0.7959183673469388,-7.80939096853725,0.0004059051815828765
31.836734693877553,0.359688934292802,-1.0225156924657481,0.5656565656565656,0.7959183673469388,-7.909787722280325,0.0003671325063751242
31.836734693877553,0.399547697296443,-0.9174221284208132,0.5757575757575757,0.7959183673469388,-8.010438065150904,0.00033197925858169294
31.836734693877553,0.443823390699414,-0.8123285643758777,0.5858585858585857,0.7959183673469388,-8.111350341069816,0.0003001133440775522
31.836734693877553,0.49300547460239,-0.707235000330941,0.5959595959595959,0.7959183673469388,-8.21252623374129,0.00027123465293783273
31.836734693877553,0.547637648400869,-0.6021414362860068,0.606060606060606,0.7959183673469388,-8.313961449201564,0.00024507128043057836
31.836734693877553,0.608323861287565,-0.49704787224107067,0.6161616161616161,0.7959183673469388,-8.415647191995593,0.00022137616661958972
31.836734693877553,0.67573498880583,-0.39195430819613525,0.6262626262626262,0.7959183673469388,-8.517572638331107,0.00019992412501320138
31.836734693877553,0.750616249262273,-0.2868607441511999,0.6363636363636362,0.7959183673469388,-8.619728592657033,0.00018050923958641595
31.836734693877553,0.833795441985706,-0.18176718010626372,0.6464646464646464,0.7959183673469388,-8.722112461640318,0.00016294261707228846
31.836734693877553,0.926192098504948,-0.07667361606132911,0.6565656565656565,0.7959183673469388,-8.824734576908497,0.00014705048762680989
31.836734693877553,1.02882764781018,0.028419947983610284,0.666666666666667,0.7959183673469388,-8.927625729928439,0.00013267265158331437
31.836734693877553,1.142836708073,0.1335135120285407,0.6767676767676766,0.7959183673469388,-9.030845536139955,0.00011966127245474433
31.836734693877553,1.2694796296533,0.23860707607348014,0.686868686868687,0.7959183673469388,-9.134490915214144,0.00010788001558635259
31.836734693877553,1.41015642805352,0.3437006401184105,0.6969696969696967,0.7959183673469388,-9.238703566891836,9.720352644167614e-05
31.836734693877553,1.56642226084696,0.44879420416335164,0.7070707070707073,0.7959183673469388,-9.34367485994312,8.75172308539008e-05
31.836734693877553,1.74000461967455,0.5538877682082868,0.7171717171717173,0.7959183673469388,-9.449646069869079,7.871742080909961e-05
31.836734693877553,1.93282242736499,0.6589813322532224,0.7272727272727274,0.7959183673469388,-9.55690143022671,7.071156427250773e-05
31.836734693877553,2.14700725129329,0.7640748962981553,0.7373737373737373,0.7959183673469388,-9.6657510131442,6.341874909785671e-05
31.836734693877553,2.38492686748792,0.8691684603430914,0.7474747474747475,0.7959183673469388,-9.776500037838641,5.677014209225183e-05
31.836734693877553,2.64921143598352,0.9742620243880249,0.7575757575757573,0.7959183673469388,-9.889400982652976,5.070931265618493e-05
31.836734693877553,2.94278257678333,1.0793555884329629,0.7676767676767676,0.7959183673469388,-10.004585511305763,4.519222445275118e-05
31.836734693877553,3.26888566786082,1.184449152477898,0.7777777777777777,0.7959183673469388,-10.12197630671657,4.0186625901235156e-05
31.836734693877553,3.63112572224959,1.289542716522833,0.7878787878787878,0.7959183673469388,-10.24118675500002,3.567049237757676e-05
31.836734693877553,4.0335072408363,1.3946362805677694,0.797979797979798,0.7959183673469388,-10.361430124629939,3.162919015637834e-05
31.836734693877553,4.48047848142245,1.4997298446127043,0.808080808080808,0.7959183673469388,-10.481475343044686,2.8051306682206594e-05
31.836734693877553,4.97698063344183,1.6048234086576407,0.8181818181818182,0.7959183673469388,-10.599691796648612,2.492369011270448e-05
31.836734693877553,5.52850244195146,1.7099169727025751,0.8282828282828283,0.7959183673469388,-10.714206568342174,2.2226916060325767e-05
31.836734693877553,6.14114088475497,1.8150105367475111,0.8383838383838383,0.7959183673469388,-10.823152873524027,1.9932621968252256e-05
31.836734693877553,6.8216685734332,1.9201041007924453,0.8484848484848483,0.7959183673469388,-10.924940820813532,1.800356397936774e-05
31.836734693877553,7.57760862338904,2.0251976648373815,0.8585858585858586,0.7959183673469388,-11.018464973676727,1.6396134146807673e-05
31.836734693877553,8.41731782058148,2.1302912288823177,0.8686868686868686,0.7959183673469388,-11.103191807193086,1.5064165093552354e-05
31.836734693877553,9.35007900434302,2.2353847929272526,0.8787878787878787,0.7959183673469388,-11.179123706770696,1.3962663177874205e-05
31.836734693877553,10.3862036875563,2.3404783569721936,0.8888888888888893,0.7959183673469388,-11.246679535876787,1.305055970456245e-05
31.836734693877553,11.5371460486378,2.445571921017128,0.8989898989898993,0.7959183673469388,-11.306545367867418,1.2292203383007935e-05
31.836734693877553,12.8156295554912,2.550665485062058,0.909090909090909,0.7959183673469388,-11.359537363773072,1.1657773307356005e-05
31.836734693877553,14.2357876212352,2.6557590491069942,0.919191919191919,0.7959183673469388,-11.406497944443679,1.1122973048010405e-05
31.836734693877553,15.8133198466305,2.7608526131519304,0.9292929292929293,0.7959183673469388,-11.448228947589424,1.0668352093069834e-05
31.836734693877553,17.5656655764397,2.865946177196865,0.9393939393939392,0.7959183673469388,-11.485455785935788,1.0278504492166945e-05
31.836734693877553,19.5121966883548,2.9710397412417997,0.9494949494949493,0.7959183673469388,-11.518813559144748,9.941292066789778e-06
31.836734693877553,21.6744317457404,3.0761333052867346,0.9595959595959593,0.7959183673469388,-11.548846755799344,9.647162225089408e-06
31.836734693877553,24.0762738816144,3.1812268693316703,0.9696969696969694,0.7959183673469388,-11.576016254553958,9.388582312716322e-06
31.836734693877553,26.744275043632,3.2863204333766105,0.97979797979798,0.7959183673469388,-11.60070947460055,9.159586936161298e-06
31.836734693877553,29.707929521255,3.3914139974215445,0.98989898989899,0.7959183673469388,-11.623251216816952,8.955423631978277e-06
31.836734693877553,33.0,3.4965075614664802,1.0,0.7959183673469388,-11.643913896803761,8.772279222509814e-06
32.6530612244898,0.001,-6.907755278982137,0.0,0.8163265306122449,1.8918827039613137,6.6318427314677475
32.6530612244898,0.001110814537795,-6.802661714937222,0.010101010101008117,0.8163265306122449,0.5313184581930716,1.7011737571437104
32.6530612244898,0.0012339089373767,-6.697568150892323,0.020202020202014698,0.8163265306122449,-0.3815190223964171,0.6828233969972132
32.6530612244898,0.0013706439859533,-6.592474586847349,0.030303030303028534,0.8163265306122449,-0.9793210664594731,0.3755659966640877
32.6530612244898,0.0015225312657382,-6.487381022802441,0.04040404040403597,0.8163265306122449,-1.4003468385342182,0.24651144944280928
32.6530612244898,0.0016912498642295,-6.382287458757476,0.05050505050504887,0.8163265306122449,-1.7255189635975248,0.17808061043388804
32.6530612244898,0.00187866493623,-6.277193894712534,0.06060606060605963,0.8163265306122449,-1.995825574328866,0.1359014111244561
32.6530612244898,0.00208684832281,-6.172100330667619,0.07070707070706775,0.8163265306122449,-2.2318612429397353,0.10732847974023765
32.6530612244898,0.0023181014551505,-6.067006766622687,0.08080808080807748,0.8163265306122449,-2.4444737098917746,0.0867717900215197
32.6530612244898,0.002574980796465,-5.961913202577741,0.0909090909090886,0.8163265306122449,-2.6398189622770523,0.07137418980762435
32.6530612244898,0.0028603261032564,-5.856819638532781,0.10101010101010106,0.8163265306122449,-2.821709858255509,0.05950411207850259
32.6530612244898,0.0031772918183317,-5.751726074487876,0.11111111111110823,0.8163265306122449,-2.9927217841030496,0.05015075127625504
32.6530612244898,0.0035293819426201,-5.646632510442922,0.1212121212121201,0.8163265306122449,-3.1547269121025594,0.04265004661399706
32.6530612244898,0.0039204887712936,-5.541538946397998,0.13131313131312908,0.8163265306122449,-3.309161768277948,0.03654679560125775
32.6530612244898,0.0043549359224151,-5.436445382353058,0.14141414141413966,0.8163265306122449,-3.4571681459969192,0.031518892658671076
32.6530612244898,0.0048375261337845,-5.331351818308116,0.15151515151515035,0.8163265306122449,-3.599672763084327,0.027332665241077247
32.6530612244898,0.0053735943563712,-5.2262582542631755,0.16161616161616094,0.8163265306122449,-3.7374365634089677,0.023815073381757087
32.6530612244898,0.0059690667312704,-5.121164690218244,0.17171717171717069,0.8163265306122449,-3.871088348501911,0.02083568059901306
32.6530612244898,0.0066305261021638,-5.016071126173304,0.18181818181818118,0.8163265306122449,-4.001149734964579,0.018294592859301535
32.6530612244898,0.0073652847875129,-4.910977562128371,0.19191919191919102,0.8163265306122449,-4.128054791573366,0.01611419382122405
32.6530612244898,0.0081814654169699,-4.80588399808343,0.20202020202020168,0.8163265306122449,-4.252166005487682,0.014233370936824669
32.6530612244898,0.0090880907256374,-4.700790434038493,0.21212121212121193,0.8163265306122449,-4.37378744575702,0.01260341530555873
32.6530612244898,0.0100951832988382,-4.595696869993551,0.22222222222222263,0.8163265306122449,-4.493175643107214,0.011185067568037796
32.6530612244898,0.0112138763700549,-4.490603305948624,0.23232323232323193,0.8163265306122449,-4.610548550802471,0.009946360726946652
32.6530612244898,0.0124565368968931,-4.385509741903686,0.24242424242424226,0.8163265306122449,-4.726092880161539,0.008861024578280979
32.6530612244898,0.013836902275649,-4.280416177858747,0.2525252525252527,0.8163265306122449,-4.839970065113359,0.007907290751902918
32.6530612244898,0.0153702322058399,-4.175322613813814,0.26262626262626254,0.8163265306122449,-4.952321081461764,0.007066986825793251
32.6530612244898,0.0170734773835322,-4.07022904976888,0.2727272727272725,0.8163265306122449,-5.063270320348968,0.006324841396412454
32.6530612244898,0.0189654668883421,-3.9651354857239447,0.2828282828282826,0.8163265306122449,-5.172928689710543,0.005667944836136276
32.6530612244898,0.0210671163356406,-3.8600419216790063,0.292929292929293,0.8163265306122449,-5.281396092465311,0.005085326248893365
32.6530612244898,0.0234016590950486,-3.7549483576340705,0.3030303030303031,0.8163265306122449,-5.388763406529855,0.004567618131612583
32.6530612244898,0.0259949031313031,-3.649854793589135,0.3131313131313132,0.8163265306122449,-5.4951140701648304,0.004106787976845746
32.6530612244898,0.0288755163068248,-3.5447612295442013,0.32323232323232315,0.8163265306122449,-5.600525357051913,0.003695921527918364
32.6530612244898,0.0320753432999582,-3.4396676654992664,0.33333333333333315,0.8163265306122449,-5.705069408992506,0.0033290463113618864
32.6530612244898,0.0356297576423598,-3.3345741014543298,0.34343434343434337,0.8163265306122449,-5.80881408012331,0.003000986892862816
32.6530612244898,0.0395780527672466,-3.229480537409394,0.3535353535353535,0.8163265306122449,-5.911823634831509,0.0027072453560530547
32.6530612244898,0.0439638763914761,-3.1243869733644574,0.3636363636363637,0.8163265306122449,-6.014159331822452,0.002443902011862609
32.6530612244898,0.048835713033475,-3.019293409319523,0.3737373737373737,0.8163265306122449,-6.1158799187203385,0.002207532465424279
32.6530612244898,0.0542474200011699,-2.914199845274587,0.3838383838383838,0.8163265306122449,-6.217042054855692,0.001995138006473474
32.6530612244898,0.060258822775172,-2.8091062812296523,0.3939393939393938,0.8163265306122449,-6.317700674234376,0.001804086924419749
32.6530612244898,0.0669363763690749,-2.7040127171847166,0.404040404040404,0.8163265306122449,-6.417909295863438,0.0016320648350611408
32.6530612244898,0.0743538999780876,-2.5989191531397813,0.4141414141414141,0.8163265306122449,-6.517720284455733,0.0014770324810304103
32.6530612244898,0.0825933930374168,-2.493825589094845,0.42424242424242425,0.8163265306122449,-6.617185060934649,0.0013371897604083833
32.6530612244898,0.0917459417117808,-2.38873202504991,0.4343434343434343,0.8163265306122449,-6.7163542590571526,0.0012109449677841987
32.6530612244898,0.101912725837141,-2.283638461004973,0.44444444444444453,0.8163265306122449,-6.8152778218724315,0.0010968884142464048
32.6530612244898,0.113206137446215,-2.1785448969600347,0.4545454545454549,0.8163265306122449,-6.914005029695459,0.0009937697383569208
32.6530612244898,0.125751023242877,-2.0734513329151003,0.46464646464646486,0.8163265306122449,-7.012584449918394,0.0009004783373191636
32.6530612244898,0.139686064760787,-1.9683577688701692,0.47474747474747453,0.8163265306122449,-7.111063798481655,0.0008160264425155323
32.6530612244898,0.155165311463659,-1.8632642048252352,0.48484848484848453,0.8163265306122449,-7.2094897034104095,0.000739534441094022
32.6530612244898,0.172359883735326,-1.7581706407802946,0.49494949494949514,0.8163265306122449,-7.307907362775872,0.000670218108971706
32.6530612244898,0.19145986458586,-1.6530770767353593,0.5050505050505052,0.8163265306122449,-7.406360093099592,0.000607377473320227
32.6530612244898,0.212676400986239,-1.5479835126904273,0.5151515151515149,0.8163265306122449,-7.50488876996309,0.0005503870665126406
32.6530612244898,0.236244038061438,-1.442889948645492,0.5252525252525251,0.8163265306122449,-7.603531170821532,0.0004986873703782905
32.6530612244898,0.262423311946047,-1.3377963846005527,0.5353535353535355,0.8163265306122449,-7.702321241155527,0.00045177728080292203
32.6530612244898,0.291503629965987,-1.2327028205556183,0.5454545454545455,0.8163265306122449,-7.801288319485159,0.0004092074493089576
32.6530612244898,0.323806469986239,-1.1276092565106834,0.5555555555555556,0.8163265306122449,-7.900456374644697,0.00037057438111049254
32.6530612244898,0.359688934292802,-1.0225156924657481,0.5656565656565656,0.8163265306122449,-7.99984333006343,0.0003355151889284057
32.6530612244898,0.399547697296443,-0.9174221284208132,0.5757575757575757,0.8163265306122449,-8.09946057420137,0.00030370291909072056
32.6530612244898,0.443823390699414,-0.8123285643758777,0.5858585858585857,0.8163265306122449,-8.199312782700853,0.00027484238152655224
32.6530612244898,0.49300547460239,-0.707235000330941,0.5959595959595959,0.8163265306122449,-8.299398204262953,0.0002486664284853106
32.6530612244898,0.547637648400869,-0.6021414362860068,0.606060606060606,0.8163265306122449,-8.399709585471074,0.00022493263840051096
32.6530612244898,0.608323861287565,-0.49704787224107067,0.6161616161616161,0.8163265306122449,-8.500235924770703,0.00020342037144447013
32.6530612244898,0.67573498880583,-0.39195430819613525,0.6262626262626262,0.8163265306122449,-8.600965245432153,0.00018392817212918865
32.6530612244898,0.750616249262273,-0.2868607441511999,0.6363636363636362,0.8163265306122449,-8.701888551967649,0.0001662715019144383
32.6530612244898,0.833795441985706,-0.18176718010626372,0.6464646464646464,0.8163265306122449,-8.803005072097502,0.00015028079125047872
32.6530612244898,0.926192098504948,-0.07667361606132911,0.6565656565656565,0.8163265306122449,-8.904328773157962,0.00013579980576291598
32.6530612244898,1.02882764781018,0.028419947983610284,0.666666666666667,0.8163265306122449,-9.005895964045877,0.00012268432511944338
32.6530612244898,1.142836708073,0.1335135120285407,0.6767676767676766,0.8163265306122449,-9.107773540945798,0.0001108011348975586
32.6530612244898,1.2694796296533,0.23860707607348014,0.686868686868687,0.8163265306122449,-9.210067104748838,0.00010002733045682352
32.6530612244898,1.41015642805352,0.3437006401184105,0.6969696969696967,0.8163265306122449,-9.312927780723346,9.024992599755176e-05
32.6530612244898,1.56642226084696,0.44879420416335164,0.7070707070707073,0.8163265306122449,-9.416556131825917,8.136575027222166e-05
32.6530612244898,1.74000461967455,0.5538877682082868,0.7171717171717173,0.8163265306122449,-9.52120110961576,7.328159224386589e-05
32.6530612244898,1.93282242736499,0.6589813322532224,0.7272727272727274,0.8163265306122449,-9.627151555985566,6.591453653802312e-05
32.6530612244898,2.14700725129329,0.7640748962981553,0.7373737373737373,0.8163265306122449,-9.734717355905946,5.919240276949144e-05
32.6530612244898,2.38492686748792,0.8691684603430914,0.7474747474747475,0.8163265306122449,-9.844196957557507,5.305417707458595e-05
32.6530612244898,2.64921143598352,0.9742620243880249,0.7575757575757573,0.8163265306122449,-9.955827815966398,4.7450294994812006e-05
32.6530612244898,2.94278257678333,1.0793555884329629,0.7676767676767676,0.8163265306122449,-10.069717126458194,4.2342589839148934e-05
32.6530612244898,3.26888566786082,1.184449152477898,0.7777777777777777,0.8163265306122449,-10.18575366668841,3.770364941680874e-05
32.6530612244898,3.63112572224959,1.289542716522833,0.7878787878787878,0.8163265306122449,-10.303509895329455,3.3515253469034925e-05
32.6530612244898,4.0335072408363,1.3946362805677694,0.797979797979798,0.8163265306122449,-10.422157277003796,2.9765597519177664e-05
32.6530612244898,4.48047848142245,1.4997298446127043,0.808080808080808,0.8163265306122449,-10.54043223274921,2.6445296733000152e-05
32.6530612244898,4.97698063344183,1.6048234086576407,0.8181818181818182,0.8163265306122449,-10.65669293968772,2.3542742956898435e-05
32.6530612244898,5.52850244195146,1.7099169727025751,0.8282828282828283,0.8163265306122449,-10.76908546499654,2.103999379526758e-05
32.6530612244898,6.14114088475497,1.8150105367475111,0.8383838383838383,0.8163265306122449,-10.8757927396932,1.891050935906931e-05
32.6530612244898,6.8216685734332,1.9201041007924453,0.8484848484848483,0.8163265306122449,-10.975295819630537,1.7119441342772024e-05
32.6530612244898,7.57760862338904,2.0251976648373815,0.8585858585858586,0.8163265306122449,-11.066565645538986,1.562613624135552e-05
32.6530612244898,8.41731782058148,2.1302912288823177,0.8686868686868686,0.8163265306122449,-11.149135171617628,1.4387724623700198e-05
32.6530612244898,9.35007900434302,2.2353847929272526,0.8787878787878787,0.8163265306122449,-11.223053885554625,1.3362558742460624e-05
32.6530612244898,10.3862036875563,2.3404783569721936,0.8888888888888893,0.8163265306122449,-11.288766149667842,1.2512703500639186e-05
32.6530612244898,11.5371460486378,2.445571921017128,0.8989898989898993,0.8163265306122449,-11.346965049119332,1.1805263706665008e-05
32.6530612244898,12.8156295554912,2.550665485062058,0.909090909090909,0.8163265306122449,-11.39846073241071,1.1212730959344646e-05
32.6530612244898,14.2357876212352,2.6557590491069942,0.919191919191919,0.8163265306122449,-11.444082033047824,1.0712684695724878e-05
32.6530612244898,15.8133198466305,2.7608526131519304,0.9292929292929293,0.8163265306122449,-11.484613879299602,1.0287161677068321e-05
32.6530612244898,17.5656655764397,2.865946177196865,0.9393939393939392,0.8163265306122449,-11.52076425503505,9.921918531292202e-06
32.6530612244898,19.5121966883548,2.9710397412417997,0.9494949494949493,0.8163265306122449,-11.553151891928955,9.605719151492177e-06
32.6530612244898,21.6744317457404,3.0761333052867346,0.9595959595959593,0.8163265306122449,-11.582306696378005,9.329709344490523e-06
32.6530612244898,24.0762738816144,3.1812268693316703,0.9696969696969694,0.8163265306122449,-11.608676952478287,9.086898087801708e-06
32.6530612244898,26.744275043632,3.2863204333766105,0.97979797979798,0.8163265306122449,-11.632639392972207,8.871741961135735e-06
32.6530612244898,29.707929521255,3.3914139974215445,0.98989898989899,0.8163265306122449,-11.65450983355294,8.679819420893592e-06
32.6530612244898,33.0,3.4965075614664802,1.0,0.8163265306122449,-11.674553160053083,8.507578869299737e-06
33.46938775510204,0.001,-6.907755278982137,0.0,0.8367346938775511,1.679979413461351,5.365445514033571
33.46938775510204,0.001110814537795,-6.802661714937222,0.010101010101008117,0.8367346938775511,0.3385213790737824,1.402871740731654
33.46938775510204,0.0012339089373767,-6.697568150892323,0.020202020202014698,0.8367346938775511,-0.5600552722675914,0.5711774927010996
33.46938775510204,0.0013706439859533,-6.592474586847349,0.030303030303028534,0.8367346938775511,-1.1497509589177728,0.31671563476272496
33.46938775510204,0.0015225312657382,-6.487381022802441,0.04040404040403597,0.8367346938775511,-1.566040673875805,0.20887053392234456
33.46938775510204,0.0016912498642295,-6.382287458757476,0.05050505050504887,0.8367346938775511,-1.8879210729058191,0.1513862028007605
33.46938775510204,0.00187866493623,-6.277193894712534,0.06060606060605963,0.8367346938775511,-2.1555160630307704,0.11584339269213036
33.46938775510204,0.00208684832281,-6.172100330667619,0.07070707070706775,0.8367346938775511,-2.3890887431457015,0.09171322011069734
33.46938775510204,0.0023181014551505,-6.067006766622687,0.08080808080807748,0.8367346938775511,-2.5993757213671986,0.074319960098298
33.46938775510204,0.002574980796465,-5.961913202577741,0.0909090909090886,0.8367346938775511,-2.7925047465683734,0.06126756185029338
33.46938775510204,0.0028603261032564,-5.856819638532781,0.10101010101010106,0.8367346938775511,-2.9722874224826015,0.05118609210135208
33.46938775510204,0.0031772918183317,-5.751726074487876,0.11111111111110823,0.8367346938775511,-3.1413032384359503,0.043226426836572664
33.46938775510204,0.0035293819426201,-5.646632510442922,0.1212121212121201,0.8367346938775511,-3.3014263131905977,0.03683059795222601
33.46938775510204,0.0039204887712936,-5.541538946397998,0.13131313131312908,0.8367346938775511,-3.4540911476967984,0.03161602560011413
33.46938775510204,0.0043549359224151,-5.436445382353058,0.14141414141413966,0.8367346938775511,-3.60043388195385,0.027311869748732617
33.46938775510204,0.0048375261337845,-5.331351818308116,0.15151515151515035,0.8367346938775511,-3.7413729611834428,0.023721512048023936
33.46938775510204,0.0053735943563712,-5.2262582542631755,0.16161616161616094,0.8367346938775511,-3.87765950337029,0.02069921497443485
33.46938775510204,0.0059690667312704,-5.121164690218244,0.17171717171717069,0.8367346938775511,-4.009911831220099,0.018134994106618733
33.46938775510204,0.0066305261021638,-5.016071126173304,0.18181818181818118,0.8367346938775511,-4.138641108576176,0.015944503638982033
33.46938775510204,0.0073652847875129,-4.910977562128371,0.19191919191919102,0.8367346938775511,-4.2642714472996515,0.014062108388985091
33.46938775510204,0.0081814654169699,-4.80588399808343,0.20202020202020168,0.8367346938775511,-4.387156169452551,0.012436044985235534
33.46938775510204,0.0090880907256374,-4.700790434038493,0.21212121212121193,0.8367346938775511,-4.5075911324272635,0.01102498594558111
33.46938775510204,0.0100951832988382,-4.595696869993551,0.22222222222222263,0.8367346938775511,-4.625825671777316,0.00979556377536658
33.46938775510204,0.0112138763700549,-4.490603305948624,0.23232323232323193,0.8367346938775511,-4.742071556216421,0.008720562325977458
33.46938775510204,0.0124565368968931,-4.385509741903686,0.24242424242424226,0.8367346938775511,-4.856510271753648,0.007777578222123887
33.46938775510204,0.013836902275649,-4.280416177858747,0.2525252525252527,0.8367346938775511,-4.969298907146896,0.006948017532997071
33.46938775510204,0.0153702322058399,-4.175322613813814,0.26262626262626254,0.8367346938775511,-5.080574879482224,0.006216334345468809
33.46938775510204,0.0170734773835322,-4.07022904976888,0.2727272727272725,0.8367346938775511,-5.190459708768795,0.005569445903209274
33.46938775510204,0.0189654668883421,-3.9651354857239447,0.2828282828282826,0.8367346938775511,-5.2990620218167015,0.004996278109591313
33.46938775510204,0.0210671163356406,-3.8600419216790063,0.292929292929293,0.8367346938775511,-5.406479938370105,0.004487408396689347
33.46938775510204,0.0234016590950486,-3.7549483576340705,0.3030303030303031,0.8367346938775511,-5.5128029671197005,0.004034782156797731
33.46938775510204,0.0259949031313031,-3.649854793589135,0.3131313131313132,0.8367346938775511,-5.618113516377334,0.003631485388837009
33.46938775510204,0.0288755163068248,-3.5447612295442013,0.32323232323232315,0.8367346938775511,-5.722488104167208,0.003271560783357271
33.46938775510204,0.0320753432999582,-3.4396676654992664,0.33333333333333315,0.8367346938775511,-5.825998335318527,0.0029498577347005705
33.46938775510204,0.0356297576423598,-3.3345741014543298,0.34343434343434337,0.8367346938775511,-5.928711698680584,0.0026619091217461063
33.46938775510204,0.0395780527672466,-3.229480537409394,0.3535353535353535,0.8367346938775511,-6.030692225546524,0.002403829410430281
33.46938775510204,0.0439638763914761,-3.1243869733644574,0.3636363636363637,0.8367346938775511,-6.132001040428717,0.0021722298890034268
33.46938775510204,0.048835713033475,-3.019293409319523,0.3737373737373737,0.8367346938775511,-6.232696827128098,0.0019641477806939278
33.46938775510204,0.0542474200011699,-2.914199845274587,0.3838383838383838,0.8367346938775511,-6.332836226254538,0.001776986678867316
33.46938775510204,0.060258822775172,-2.8091062812296523,0.3939393939393938,0.8367346938775511,-6.432474174700447,0.001608466280700001
33.46938775510204,0.0669363763690749,-2.7040127171847166,0.404040404040404,0.8367346938775511,-6.531664192814492,0.0014565798020009081
33.46938775510204,0.0743538999780876,-2.5989191531397813,0.4141414141414141,0.8367346938775511,-6.6304586209954595,0.0013195577703276754
33.46938775510204,0.0825933930374168,-2.493825589094845,0.42424242424242425,0.8367346938775511,-6.728908804017582,0.0011958371391350875
33.46938775510204,0.0917459417117808,-2.38873202504991,0.4343434343434343,0.8367346938775511,-6.82706521855814,0.00108403485918918
33.46938775510204,0.101912725837141,-2.283638461004973,0.44444444444444453,0.8367346938775511,-6.924977537134152,0.0009829251972176014
33.46938775510204,0.113206137446215,-2.1785448969600347,0.4545454545454549,0.8367346938775511,-7.022694620032158,0.0008914202148810956
33.46938775510204,0.125751023242877,-2.0734513329151003,0.46464646464646486,0.8367346938775511,-7.1202644259529775,0.0008085529204776412
33.46938775510204,0.139686064760787,-1.9683577688701692,0.47474747474747453,0.8367346938775511,-7.217733832164554,0.0007334626864960477
33.46938775510204,0.155165311463659,-1.8632642048252352,0.48484848484848453,0.8367346938775511,-7.3151483561850315,0.0006653825921625752
33.46938775510204,0.172359883735326,-1.7581706407802946,0.49494949494949514,0.8367346938775511,-7.412551773679449,0.0006036284045096026
33.46938775510204,0.19145986458586,-1.6530770767353593,0.5050505050505052,0.8367346938775511,-7.509985631664273,0.0005475889565995703
33.46938775510204,0.212676400986239,-1.5479835126904273,0.5151515151515149,0.8367346938775511,-7.607488662626507,0.0004967177192066394
33.46938775510204,0.236244038061438,-1.442889948645492,0.5252525252525251,0.8367346938775511,-7.705096114142473,0.00045052539394710103
33.46938775510204,0.262423311946047,-1.3377963846005527,0.5353535353535355,0.8367346938775511,-7.802839020371972,0.00040857338270530605
33.46938775510204,0.291503629965987,-1.2327028205556183,0.5454545454545455,0.8367346938775511,-7.900743456677399,0.0003704680111330811
33.46938775510204,0.323806469986239,-1.1276092565106834,0.5555555555555556,0.8367346938775511,-7.998829836692548,0.0003358554037218123
33.46938775510204,0.359688934292802,-1.0225156924657481,0.5656565656565656,0.8367346938775511,-8.097112332285848,0.0003044169250164171
33.46938775510204,0.399547697296443,-0.9174221284208132,0.5757575757575757,0.8367346938775511,-8.19559852043244,0.00027586511639099344
33.46938775510204,0.443823390699414,-0.8123285643758777,0.5858585858585857,0.8367346938775511,-8.294289385768357,0.00024994007076759164
33.46938775510204,0.49300547460239,-0.707235000330941,0.5959595959595959,0.8367346938775511,-8.393179831334018,0.00022640619898506263
33.46938775510204,0.547637648400869,-0.6021414362860068,0.606060606060606,0.8367346938775511,-8.49225986920116,0.00020504935141250647
33.46938775510204,0.608323861287565,-0.49704787224107067,0.6161616161616161,0.8367346938775511,-8.591516672095139,0.00018567426701480695
33.46938775510204,0.67573498880583,-0.39195430819613525,0.6262626262626262,0.8367346938775511,-8.69093765948365,0.00016810232955704528
33.46938775510204,0.750616249262273,-0.2868607441511999,0.6363636363636362,0.8367346938775511,-8.790514757334414,0.00015216961709478165
33.46938775510204,0.833795441985706,-0.18176718010626372,0.6464646464646464,0.8367346938775511,-8.890249898171675,0.00013772523639605063
33.46938775510204,0.926192098504948,-0.07667361606132911,0.6565656565656565,0.8367346938775511,-8.990161704296227,0.00012462993841157839
33.46938775510204,1.02882764781018,0.028419947983610284,0.666666666666667,0.8367346938775511,-9.09029310999739,0.00011275501405709258
33.46938775510204,1.142836708073,0.1335135120285407,0.6767676767676766,0.8367346938775511,-9.19071942045054,0.00010198147075461367
33.46938775510204,1.2694796296533,0.23860707607348014,0.686868686868687,0.8367346938775511,-9.291555976759868,9.219948835059894e-05
33.46938775510204,1.41015642805352,0.3437006401184105,0.6969696969696967,0.8367346938775511,-9.392964212233432,8.330814685164571e-05
33.46938775510204,1.56642226084696,0.44879420416335164,0.7070707070707073,0.8367346938775511,-9.495154471481673,7.521540671363725e-05
33.46938775510204,1.74000461967455,0.5538877682082868,0.7171717171717173,0.8367346938775511,-9.5983835525985,6.783830496293972e-05
33.46938775510204,1.93282242736499,0.6589813322532224,0.7272727272727274,0.8367346938775511,-9.70294454069774,6.11033087211216e-05
33.46938775510204,2.14700725129329,0.7640748962981553,0.7373737373737373,0.8367346938775511,-9.809146120507307,5.494674467200242e-05
33.46938775510204,2.38492686748792,0.8691684603430914,0.7474747474747475,0.8367346938775511,-9.917278203435608,4.93152002253579e-05
33.46938775510204,2.64921143598352,0.9742620243880249,0.7575757575757573,0.8367346938775511,-10.027560620436475,4.4165764826532884e-05
33.46938775510204,2.94278257678333,1.0793555884329629,0.7676767676767676,0.8367346938775511,-10.14007265843153,3.9465935188416164e-05
33.46938775510204,3.26888566786082,1.184449152477898,0.7777777777777777,0.8367346938775511,-10.254665104214018,3.519293857273312e-05
33.46938775510204,3.63112572224959,1.289542716522833,0.7878787878787878,0.8367346938775511,-10.370865303347214,3.133216653353388e-05
33.46938775510204,4.0335072408363,1.3946362805677694,0.797979797979798,0.8367346938775511,-10.487799590344517,2.787446307244655e-05
33.46938775510204,4.48047848142245,1.4997298446127043,0.808080808080808,0.8367346938775511,-10.604170579079037,2.481231193282634e-05
33.46938775510204,4.97698063344183,1.6048234086576407,0.8181818181818182,0.8367346938775511,-10.718326814343554,2.2135524106264218e-05
33.46938775510204,5.52850244195146,1.7099169727025751,0.8282828282828283,0.8367346938775511,-10.82843777876408,1.9827557821532653e-05
33.46938775510204,6.14114088475497,1.8150105367475111,0.8383838383838383,0.8367346938775511,-10.932742362484323,1.786365488768321e-05
33.46938775510204,6.8216685734332,1.9201041007924453,0.8484848484848483,0.8367346938775511,-11.02979903600902,1.6211348504514026e-05
33.46938775510204,7.57760862338904,2.0251976648373815,0.8585858585858586,0.8367346938775511,-11.118660424756573,1.4832936290417545e-05
33.46938775510204,8.41731782058148,2.1302912288823177,0.8686868686868686,0.8367346938775511,-11.198929420211094,1.3688843222694565e-05
33.46938775510204,9.35007900434302,2.2353847929272526,0.8787878787878787,0.8367346938775511,-11.270704232233587,1.274076028965931e-05
33.46938775510204,10.3862036875563,2.3404783569721936,0.8888888888888893,0.8367346938775511,-11.334454920193336,1.1953876723443197e-05
33.46938775510204,11.5371460486378,2.445571921017128,0.8989898989898993,0.8367346938775511,-11.390880872039283,1.1298044819502563e-05
33.46938775510204,12.8156295554912,2.550665485062058,0.909090909090909,0.8367346938775511,-11.440785042632493,1.0748062602752425e-05
33.46938775510204,14.2357876212352,2.6557590491069942,0.919191919191919,0.8367346938775511,-11.484981327762782,1.028338236971246e-05
33.46938775510204,15.8133198466305,2.7608526131519304,0.9292929292929293,0.8367346938775511,-11.524236410137338,9.88752783071333e-06
33.46938775510204,17.5656655764397,2.865946177196865,0.9393939393939392,0.8367346938775511,-11.559239619806448,9.547419782626681e-06
33.46938775510204,19.5121966883548,2.9710397412417997,0.9494949494949493,0.8367346938775511,-11.590592247789877,9.252726919384884e-06
33.46938775510204,21.6744317457404,3.0761333052867346,0.9595959595959593,0.8367346938775511,-11.618808706205417,8.995296699178651e-06
33.46938775510204,24.0762738816144,3.1812268693316703,0.9696969696969694,0.8367346938775511,-11.644323923776788,8.76868308871997e-06
33.46938775510204,26.744275043632,3.2863204333766105,0.97979797979798,0.8367346938775511,-11.667503319902252,8.567767852470251e-06
33.46938775510204,29.707929521255,3.3914139974215445,0.98989898989899,0.8367346938775511,-11.688653212266667,8.388463304329395e-06
33.46938775510204,33.0,3.4965075614664802,1.0,0.8367346938775511,-11.70803053886483,8.227482041559874e-06
34.285714285714285,0.001,-6.907755278982137,0.0,0.8571428571428571,1.4552646314328241,4.2856174246345144
34.285714285714285,0.001110814537795,-6.802661714937222,0.010101010101008117,0.8571428571428571,0.13389288026122625,1.1432703462642662
34.285714285714285,0.0012339089373767,-6.697568150892323,0.020202020202014698,0.8571428571428571,-0.7498676006667665,0.4724290978980166
34.285714285714285,0.0013706439859533,-6.592474586847349,0.030303030303028534,0.8571428571428571,-1.3311770717661071,0.26416613572725617
34.285714285714285,0.0015225312657382,-6.487381022802441,0.04040404040403597,0.8571428571428571,-1.7425839298112118,0.17506745366494855
34.285714285714285,0.0016912498642295,-6.382287458757476,0.05050505050504887,0.8571428571428571,-2.061085865642627,0.1273156471214605
34.285714285714285,0.00187866493623,-6.277193894712534,0.06060606060605963,0.8571428571428571,-2.32590781471769,0.09769471508251938
34.285714285714285,0.00208684832281,-6.172100330667619,0.07070707070706775,0.8571428571428571,-2.5569652380226953,0.07753969827047677
34.285714285714285,0.0023181014551505,-6.067006766622687,0.08080808080807748,0.8571428571428571,-2.764876240453544,0.06298389372381223
34.285714285714285,0.002574980796465,-5.961913202577741,0.0909090909090886,0.8571428571428571,-2.9557371977502025,0.052040282452426784
34.285714285714285,0.0028603261032564,-5.856819638532781,0.10101010101010106,0.8571428571428571,-3.13335745326783,0.043571262920239696
34.285714285714285,0.0031772918183317,-5.751726074487876,0.11111111111110823,0.8571428571428571,-3.300320690603811,0.03687134121239081
34.285714285714285,0.0035293819426201,-5.646632510442922,0.1212121212121201,0.8571428571428571,-3.458503606401529,0.03147682851927621
34.285714285714285,0.0039204887712936,-5.541538946397998,0.13131313131312908,0.8571428571428571,-3.609339520315837,0.02706971996338373
34.285714285714285,0.0043549359224151,-5.436445382353058,0.14141414141413966,0.8571428571428571,-3.7539597757377905,0.023424804990494454
34.285714285714285,0.0048375261337845,-5.331351818308116,0.15151515151515035,0.8571428571428571,-3.8932752980516323,0.020378490980779932
34.285714285714285,0.0053735943563712,-5.2262582542631755,0.16161616161616094,0.8571428571428571,-4.0280279676618225,0.017809416091245898
34.285714285714285,0.0059690667312704,-5.121164690218244,0.17171717171717069,0.8571428571428571,-4.158826030482861,0.01562589147663058
34.285714285714285,0.0066305261021638,-5.016071126173304,0.18181818181818118,0.8571428571428571,-4.286170416735191,0.013757510074554485
34.285714285714285,0.0073652847875129,-4.910977562128371,0.19191919191919102,0.8571428571428571,-4.410475335961377,0.012149401909516714
34.285714285714285,0.0081814654169699,-4.80588399808343,0.20202020202020168,0.8571428571428571,-4.532084861158035,0.010758223273558985
34.285714285714285,0.0090880907256374,-4.700790434038493,0.21212121212121193,0.8571428571428571,-4.651286444098168,0.009549309372710453
34.285714285714285,0.0100951832988382,-4.595696869993551,0.22222222222222263,0.8571428571428571,-4.768321949216358,0.008494622614965594
34.285714285714285,0.0112138763700549,-4.490603305948624,0.23232323232323193,0.8571428571428571,-4.883396628404069,0.00757125356806634
34.285714285714285,0.0124565368968931,-4.385509741903686,0.24242424242424226,0.8571428571428571,-4.996686376219295,0.006760311053062013
34.285714285714285,0.013836902275649,-4.280416177858747,0.2525252525252527,0.8571428571428571,-5.108343555232592,0.006046089647078332
34.285714285714285,0.0153702322058399,-4.175322613813814,0.26262626262626254,0.8571428571428571,-5.218501643544797,0.00541543730589753
34.285714285714285,0.0170734773835322,-4.07022904976888,0.2727272727272725,0.8571428571428571,-5.3272789230323045,0.004857269049242891
34.285714285714285,0.0189654668883421,-3.9651354857239447,0.2828282828282826,0.8571428571428571,-5.434781395395874,0.00436218851142268
34.285714285714285,0.0210671163356406,-3.8600419216790063,0.292929292929293,0.8571428571428571,-5.541105083552718,0.003922190094750635
34.285714285714285,0.0234016590950486,-3.7549483576340705,0.3030303030303031,0.8571428571428571,-5.6463378488388996,0.003530422069199678
34.285714285714285,0.0259949031313031,-3.649854793589135,0.3131313131313132,0.8571428571428571,-5.750560830345491,0.003180996296903477
34.285714285714285,0.0288755163068248,-3.5447612295442013,0.32323232323232315,0.8571428571428571,-5.853849591716826,0.002868834033913986
34.285714285714285,0.0320753432999582,-3.4396676654992664,0.33333333333333315,0.8571428571428571,-5.956275042865569,0.0025895399543116406
34.285714285714285,0.0356297576423598,-3.3345741014543298,0.34343434343434337,0.8571428571428571,-6.057904189093538,0.002339298480791268
34.285714285714285,0.0395780527672466,-3.229480537409394,0.3535353535353535,0.8571428571428571,-6.15880074772567,0.0021147879158078583
34.285714285714285,0.0439638763914761,-3.1243869733644574,0.3636363636363637,0.8571428571428571,-6.259025662194646,0.001913108903167794
34.285714285714285,0.048835713033475,-3.019293409319523,0.3737373737373737,0.8571428571428571,-6.358637535182198,0.0017317245190090502
34.285714285714285,0.0542474200011699,-2.914199845274587,0.3838383838383838,0.8571428571428571,-6.457692995587495,0.001568409868338918
34.285714285714285,0.060258822775172,-2.8091062812296523,0.3939393939393938,0.8571428571428571,-6.556247008459182,0.0014212095012628625
34.285714285714285,0.0669363763690749,-2.7040127171847166,0.404040404040404,0.8571428571428571,-6.654353132362308,0.0012884012988945725
34.285714285714285,0.0743538999780876,-2.5989191531397813,0.4141414141414141,0.8571428571428571,-6.752063724782318,0.001168465739151036
34.285714285714285,0.0825933930374168,-2.493825589094845,0.42424242424242425,0.8571428571428571,-6.849430092987992,0.0010600596562210258
34.285714285714285,0.0917459417117808,-2.38873202504991,0.4343434343434343,0.8571428571428571,-6.94650258523549,0.0009619937682448651
34.285714285714285,0.101912725837141,-2.283638461004973,0.44444444444444453,0.8571428571428571,-7.043330615307515,0.0008732133757634276
34.285714285714285,0.113206137446215,-2.1785448969600347,0.4545454545454549,0.8571428571428571,-7.139962612210381,0.0007927817362691517
34.285714285714285,0.125751023242877,-2.0734513329151003,0.46464646464646486,0.8571428571428571,-7.2364458865160755,0.0007198657033217087
34.285714285714285,0.139686064760787,-1.9683577688701692,0.47474747474747453,0.8571428571428571,-7.33282640550499,0.0006537232864119501
34.285714285714285,0.155165311463659,-1.8632642048252352,0.48484848484848453,0.8571428571428571,-7.429148471153991,0.0005936928433064652
34.285714285714285,0.172359883735326,-1.7581706407802946,0.49494949494949514,0.8571428571428571,-7.5254542983843775,0.000539183662477701
34.285714285714285,0.19145986458586,-1.6530770767353593,0.5050505050505052,0.8571428571428571,-7.621783496129913,0.0004896677313640588
34.285714285714285,0.212676400986239,-1.5479835126904273,0.5151515151515149,0.8571428571428571,-7.718172461024697,0.0004446725181325819
34.285714285714285,0.236244038061438,-1.442889948645492,0.5252525252525251,0.8571428571428571,-7.814653703160125,0.0004037746215336218
34.285714285714285,0.262423311946047,-1.3377963846005527,0.5353535353535355,0.8571428571428571,-7.911255135697322,0.0003665941662897863
34.285714285714285,0.291503629965987,-1.2327028205556183,0.5454545454545455,0.8571428571428571,-8.007999375326852,0.0003327898409992138
34.285714285714285,0.323806469986239,-1.1276092565106834,0.5555555555555556,0.8571428571428571,-8.104903118639267,0.0003020544923446011
34.285714285714285,0.359688934292802,-1.0225156924657481,0.5656565656565656,0.8571428571428571,-8.201976680102394,0.0002741112039439922
34.285714285714285,0.399547697296443,-0.9174221284208132,0.5757575757575757,0.8571428571428571,-8.29922379975565,0.0002487098008133083
34.285714285714285,0.443823390699414,-0.8123285643758777,0.5858585858585857,0.8571428571428571,-8.39664185145435,0.00022562373140958095
34.285714285714285,0.49300547460239,-0.707235000330941,0.5959595959595959,0.8571428571428571,-8.494222603077379,0.00020464728880421616
34.285714285714285,0.547637648400869,-0.6021414362860068,0.606060606060606,0.8571428571428571,-8.591953694787946,0.00018559314087492434
34.285714285714285,0.608323861287565,-0.49704787224107067,0.6161616161616161,0.8571428571428571,-8.689821004782727,0.0001682901466574892
34.285714285714285,0.67573498880583,-0.39195430819613525,0.6262626262626262,0.8571428571428571,-8.787812056588418,0.00015258144230188427
34.285714285714285,0.750616249262273,-0.2868607441511999,0.6363636363636362,0.8571428571428571,-8.885920578411469,0.00013832278554079698
34.285714285714285,0.833795441985706,-0.18176718010626372,0.6464646464646464,0.8571428571428571,-8.984152242134748,0.00012538115224545134
34.285714285714285,0.926192098504948,-0.07667361606132911,0.6565656565656565,0.8571428571428571,-9.082531475487151,0.00011363358241802925
34.285714285714285,1.02882764781018,0.028419947983610284,0.666666666666667,0.8571428571428571,-9.18110904552016,0.00010296627551636861
34.285714285714285,1.142836708073,0.1335135120285407,0.6767676767676766,0.8571428571428571,-9.279969849812865,9.327393564916925e-05
34.285714285714285,1.2694796296533,0.23860707607348014,0.686868686868687,0.8571428571428571,-9.379240028285833,8.445936487776945e-05
34.285714285714285,1.41015642805352,0.3437006401184105,0.6969696969696967,0.8571428571428571,-9.479092140261663,7.643329637835008e-05
34.285714285714285,1.56642226084696,0.44879420416335164,0.7070707070707073,0.8571428571428571,-9.579746766363549,6.911444761331507e-05
34.285714285714285,1.74000461967455,0.5538877682082868,0.7171717171717173,0.8571428571428571,-9.681468520428792,6.24297570517447e-05
34.285714285714285,1.93282242736499,0.6589813322532224,0.7272727272727274,0.8571428571428571,-9.784554100908359,5.631474813489375e-05
34.285714285714285,2.14700725129329,0.7640748962981553,0.7373737373737373,0.8571428571428571,-9.889309658474016,5.071394385399585e-05
34.285714285714285,2.38492686748792,0.8691684603430914,0.7474747474747475,0.8571428571428571,-9.99601443614171,4.558123514380397e-05
34.285714285714285,2.64921143598352,0.9742620243880249,0.7575757575757573,0.8571428571428571,-10.104867649688543,4.088008022218463e-05
34.285714285714285,2.94278257678333,1.0793555884329629,0.7676767676767676,0.8571428571428571,-10.21591686934659,3.658336718502362e-05
34.285714285714285,3.26888566786082,1.184449152477898,0.7777777777777777,0.8571428571428571,-10.328970550620758,3.2672704591080476e-05
34.285714285714285,3.63112572224959,1.289542716522833,0.7878787878787878,0.8571428571428571,-10.443506734706114,2.9136853705258287e-05
34.285714285714285,4.0335072408363,1.3946362805677694,0.797979797979798,0.8571428571428571,-10.558603674569426,2.5969087371029392e-05
34.285714285714285,4.48047848142245,1.4997298446127043,0.808080808080808,0.8571428571428571,-10.672929659734695,2.316357260187585e-05
34.285714285714285,4.97698063344183,1.6048234086576407,0.8181818181818182,0.8571428571428571,-10.78482621257746,2.0711401492690692e-05
34.285714285714285,5.52850244195146,1.7099169727025751,0.8282828282828283,0.8571428571428571,-10.892491621733893,1.8597347001731092e-05
34.285714285714285,6.14114088475497,1.8150105367475111,0.8383838383838383,0.8571428571428571,-10.994227536690445,1.6798389542920118e-05
34.285714285714285,6.8216685734332,1.9201041007924453,0.8484848484848483,0.8571428571428571,-11.088676311126331,1.5284423636370265e-05
34.285714285714285,7.57760862338904,2.0251976648373815,0.8585858585858586,0.8571428571428571,-11.174977093207264,1.4020681152317062e-05
34.285714285714285,8.41731782058148,2.1302912288823177,0.8686868686868686,0.8571428571428571,-11.252805463643933,1.2970857293347614e-05
34.285714285714285,9.35007900434302,2.2353847929272526,0.8787878787878787,0.8571428571428571,-11.3223092691759,1.2099949617951604e-05
34.285714285714285,10.3862036875563,2.3404783569721936,0.8888888888888893,0.8571428571428571,-11.383983909409555,1.137623634447294e-05
34.285714285714285,11.5371460486378,2.445571921017128,0.8989898989898993,0.8571428571428571,-11.438534008227496,1.0772284112956844e-05
34.285714285714285,12.8156295554912,2.550665485062058,0.909090909090909,0.8571428571428571,-11.48675396372925,1.0265169823143525e-05
34.285714285714285,14.2357876212352,2.6557590491069942,0.919191919191919,0.8571428571428571,-11.529441328348366,9.836197757344636e-06
34.285714285714285,15.8133198466305,2.7608526131519304,0.9292929292929293,0.8571428571428571,-11.56734322503902,9.470363898628715e-06
34.285714285714285,17.5656655764397,2.865946177196865,0.9393939393939392,0.8571428571428571,-11.60112916605493,9.15574354237471e-06
34.285714285714285,19.5121966883548,2.9710397412417997,0.9494949494949493,0.8571428571428571,-11.631382004264369,8.882904205465858e-06
34.285714285714285,21.6744317457404,3.0761333052867346,0.9595959595959593,0.8571428571428571,-11.658599820661705,8.64439157046789e-06
34.285714285714285,24.0762738816144,3.1812268693316703,0.9696969696969694,0.8571428571428571,-11.683203496287678,8.434302839611589e-06
34.285714285714285,26.744275043632,3.2863204333766105,0.97979797979798,0.8571428571428571,-11.70554656959288,8.24794425737312e-06
34.285714285714285,29.707929521255,3.3914139974215445,0.98989898989899,0.8571428571428571,-11.725925397354208,8.081561918607918e-06
34.285714285714285,33.0,3.4965075614664802,1.0,0.8571428571428571,-11.744588593120543,7.932132895318065e-06
35.10204081632653,0.001,-6.907755278982137,0.0,0.8775510204081632,1.218510157306311,3.382145114011967
35.10204081632653,0.001110814537795,-6.802661714937222,0.010101010101008117,0.8775510204081632,-0.08185056959154723,0.9214096350276918
35.10204081632653,0.0012339089373767,-6.697568150892323,0.020202020202014698,0.8775510204081632,-0.9503201762335692,0.38661721799108595
35.10204081632653,0.0013706439859533,-6.592474586847349,0.030303030303028534,0.8775510204081632,-1.5230360070571651,0.2180488830714333
35.10204081632653,0.0015225312657382,-6.487381022802441,0.04040404040403597,0.8775510204081632,-1.9294794616886526,0.14522377334985767
35.10204081632653,0.0016912498642295,-6.382287458757476,0.05050505050504887,0.8775510204081632,-2.2445799829639212,0.10597204108996748
35.10204081632653,0.00187866493623,-6.277193894712534,0.06060606060605963,0.8775510204081632,-2.5066294731064653,0.08154261816786386
35.10204081632653,0.00208684832281,-6.172100330667619,0.07070707070706775,0.8775510204081632,-2.7351790190367367,0.06488239088102107
35.10204081632653,0.0023181014551505,-6.067006766622687,0.08080808080807748,0.8775510204081632,-2.9407201242561922,0.05282767254900172
35.10204081632653,0.002574980796465,-5.961913202577741,0.0909090909090886,0.8775510204081632,-3.1293141327396916,0.04374779214366039
35.10204081632653,0.0028603261032564,-5.856819638532781,0.10101010101010106,0.8775510204081632,-3.304766859984435,0.03670776888866219
35.10204081632653,0.0031772918183317,-5.751726074487876,0.11111111111110823,0.8775510204081632,-3.469666238944656,0.031127418047409556
35.10204081632653,0.0035293819426201,-5.646632510442922,0.1212121212121201,0.8775510204081632,-3.625892305815174,0.02662532879781276
35.10204081632653,0.0039204887712936,-5.541538946397998,0.13131313131312908,0.8775510204081632,-3.774878282236893,0.022939882663209888
35.10204081632653,0.0043549359224151,-5.436445382353058,0.14141414141413966,0.8775510204081632,-3.917751872441405,0.019885750233067503
35.10204081632653,0.0048375261337845,-5.331351818308116,0.15151515151515035,0.8775510204081632,-4.0554175592685775,0.017328243104100242
35.10204081632653,0.0053735943563712,-5.2262582542631755,0.16161616161616094,0.8775510204081632,-4.188608895060912,0.015167369606881186
35.10204081632653,0.0059690667312704,-5.121164690218244,0.17171717171717069,0.8775510204081632,-4.3179247505985625,0.013327512776664496
35.10204081632653,0.0066305261021638,-5.016071126173304,0.18181818181818118,0.8775510204081632,-4.4438563086338965,0.011750537336943404
35.10204081632653,0.0073652847875129,-4.910977562128371,0.19191919191919102,0.8775510204081632,-4.5668081600417585,0.010391073486137856
35.10204081632653,0.0081814654169699,-4.80588399808343,0.20202020202020168,0.8775510204081632,-4.687115234678559,0.009213225851878979
35.10204081632653,0.0090880907256374,-4.700790434038493,0.21212121212121193,0.8775510204081632,-4.80505653716798,0.008188238061496439
35.10204081632653,0.0100951832988382,-4.595696869993551,0.22222222222222263,0.8775510204081632,-4.920866303411061,0.007292810322979184
35.10204081632653,0.0112138763700549,-4.490603305948624,0.23232323232323193,0.8775510204081632,-5.034743025452113,0.00650787025893265
35.10204081632653,0.0124565368968931,-4.385509741903686,0.24242424242424226,0.8775510204081632,-5.146856705285451,0.005817662645043638
35.10204081632653,0.013836902275649,-4.280416177858747,0.2525252525252527,0.8775510204081632,-5.257354644175617,0.005209066342472881
35.10204081632653,0.0153702322058399,-4.175322613813814,0.26262626262626254,0.8775510204081632,-5.366366032547584,0.004671075039818764
35.10204081632653,0.0170734773835322,-4.07022904976888,0.2727272727272725,0.8775510204081632,-5.47400556874377,0.004194397516757306
35.10204081632653,0.0189654668883421,-3.9651354857239447,0.2828282828282826,0.8775510204081632,-5.5803763007541045,0.003771146166610972
35.10204081632653,0.0210671163356406,-3.8600419216790063,0.292929292929293,0.8775510204081632,-5.685571853309479,0.0033945914861073082
35.10204081632653,0.0234016590950486,-3.7549483576340705,0.3030303030303031,0.8775510204081632,-5.789678173944043,0.003058966473144004
35.10204081632653,0.0259949031313031,-3.649854793589135,0.3131313131313132,0.8775510204081632,-5.89277490617132,0.002759309239360342
35.10204081632653,0.0288755163068248,-3.5447612295442013,0.32323232323232315,0.8775510204081632,-5.9949364759322465,0.0024913352283784836
35.10204081632653,0.0320753432999582,-3.4396676654992664,0.33333333333333315,0.8775510204081632,-6.096232958868252,0.002251332628257761
35.10204081632653,0.0356297576423598,-3.3345741014543298,0.34343434343434337,0.8775510204081632,-6.196730780481898,0.0020360761474410966
35.10204081632653,0.0395780527672466,-3.229480537409394,0.3535353535353535,0.8775510204081632,-6.2964932885033305,0.0018427554718543945
35.10204081632653,0.0439638763914761,-3.1243869733644574,0.3636363636363637,0.8775510204081632,-6.395581226377053,0.0016689155639633842
35.10204081632653,0.048835713033475,-3.019293409319523,0.3737373737373737,0.8775510204081632,-6.494053128323066,0.0015124065904855478
35.10204081632653,0.0542474200011699,-2.914199845274587,0.3838383838383838,0.8775510204081632,-6.5919656495508425,0.0013713417353382656
35.10204081632653,0.060258822775172,-2.8091062812296523,0.3939393939393938,0.8775510204081632,-6.689373839610307,0.0012440615111689226
35.10204081632653,0.0669363763690749,-2.7040127171847166,0.404040404040404,0.8775510204081632,-6.786331362312785,0.0011291034567054374
35.10204081632653,0.0743538999780876,-2.5989191531397813,0.4141414141414141,0.8775510204081632,-6.88289066197276,0.0010251763196929293
35.10204081632653,0.0825933930374168,-2.493825589094845,0.42424242424242425,0.8775510204081632,-6.97910307280053,0.0009311379917679776
35.10204081632653,0.0917459417117808,-2.38873202504991,0.4343434343434343,0.8775510204081632,-7.075018866068638,0.0008459765934406476
35.10204081632653,0.101912725837141,-2.283638461004973,0.44444444444444453,0.8775510204081632,-7.170687228192343,0.0007687942125844475
35.10204081632653,0.113206137446215,-2.1785448969600347,0.4545454545454549,0.8775510204081632,-7.266156162170277,0.0006987928845290527
35.10204081632653,0.125751023242877,-2.0734513329151003,0.46464646464646486,0.8775510204081632,-7.361472305041047,0.000635262470539159
35.10204081632653,0.139686064760787,-1.9683577688701692,0.47474747474747453,0.8775510204081632,-7.456680655286807,0.0005775701475725629
35.10204081632653,0.155165311463659,-1.8632642048252352,0.48484848484848453,0.8775510204081632,-7.5518242066604815,0.0005251512683621962
35.10204081632653,0.172359883735326,-1.7581706407802946,0.49494949494949514,0.8775510204081632,-7.646943488971585,0.00047750138908385457
35.10204081632653,0.19145986458586,-1.6530770767353593,0.5050505050505052,0.8775510204081632,-7.742076022204517,0.0004341692937304308
35.10204081632653,0.212676400986239,-1.5479835126904273,0.5151515151515149,0.8775510204081632,-7.8372556982414565,0.00039475087105120537
35.10204081632653,0.236244038061438,-1.442889948645492,0.5252525252525251,0.8775510204081632,-7.932512114680937,0.0003588837225062111
35.10204081632653,0.262423311946047,-1.3377963846005527,0.5353535353535355,0.8775510204081632,-8.027869897986536,0.00032624239890099554
35.10204081632653,0.291503629965987,-1.2327028205556183,0.5454545454545455,0.8775510204081632,-8.123348068550982,0.0002965341798141718
35.10204081632653,0.323806469986239,-1.1276092565106834,0.5555555555555556,0.8775510204081632,-8.21895951809329,0.0002694953240867253
35.10204081632653,0.359688934292802,-1.0225156924657481,0.5656565656565656,0.8775510204081632,-8.314710689660927,0.00024488773188143783
35.10204081632653,0.399547697296443,-0.9174221284208132,0.5757575757575757,0.8775510204081632,-8.410601571422685,0.00022249596943461005
35.10204081632653,0.443823390699414,-0.8123285643758777,0.5858585858585857,0.8775510204081632,-8.506626135725952,0.00020212461684029814
35.10204081632653,0.49300547460239,-0.707235000330941,0.5959595959595959,0.8775510204081632,-8.602773371875326,0.00018359590721652816
35.10204081632653,0.547637648400869,-0.6021414362860068,0.606060606060606,0.8775510204081632,-8.699029070783226,0.00016674763256455732
35.10204081632653,0.608323861287565,-0.49704787224107067,0.6161616161616161,0.8775510204081632,-8.795378516448416,0.00015143129769210704
35.10204081632653,0.67573498880583,-0.39195430819613525,0.6262626262626262,0.8775510204081632,-8.891810215698918,0.00013751050886089098
35.10204081632653,0.750616249262273,-0.2868607441511999,0.6363636363636362,0.8775510204081632,-8.9883207445441,0.0001248595884354703
35.10204081632653,0.833795441985706,-0.18176718010626372,0.6464646464646464,0.8775510204081632,-9.084920696271825,0.00011336241077453844
35.10204081632653,0.926192098504948,-0.07667361606132911,0.6565656565656565,0.8775510204081632,-9.18164157258812,0.00010291145778482742
35.10204081632653,1.02882764781018,0.028419947983610284,0.666666666666667,0.8775510204081632,-9.278543256591355,9.340709457273535e-05
35.10204081632653,1.142836708073,0.1335135120285407,0.6767676767676766,0.8775510204081632,-9.37572144320415,8.475706577486558e-05
35.10204081632653,1.2694796296533,0.23860707607348014,0.686868686868687,0.8775510204081632,-9.473314086789456,7.687621041010443e-05
35.10204081632653,1.41015642805352,0.3437006401184105,0.6969696969696967,0.8775510204081632,-9.571505576828617,6.96863863664957e-05
35.10204081632653,1.56642226084696,0.44879420416335164,0.7070707070707073,0.8775510204081632,-9.670526998308834,6.311658423482302e-05
35.10204081632653,1.74000461967455,0.5538877682082868,0.7171717171717173,0.8775510204081632,-9.770650495722808,5.710319458195005e-05
35.10204081632653,1.93282242736499,0.6589813322532224,0.7272727272727274,0.8775510204081632,-9.872175436294157,5.15903748756375e-05
35.10204081632653,2.14700725129329,0.7640748962981553,0.7373737373737373,0.8775510204081632,-9.975403738166037,4.653044454702996e-05
35.10204081632653,2.38492686748792,0.8691684603430914,0.7474747474747475,0.8775510204081632,-10.080601444177757,4.188421869206767e-05
35.10204081632653,2.64921143598352,0.9742620243880249,0.7575757575757573,0.8775510204081632,-10.187943756343754,3.7621165400916695e-05
35.10204081632653,2.94278257678333,1.0793555884329629,0.7676767676767676,0.8775510204081632,-10.297442366317958,3.3719226421920506e-05
35.10204081632653,3.26888566786082,1.184449152477898,0.7777777777777777,0.8775510204081632,-10.40885887035712,3.016407623257068e-05
35.10204081632653,3.63112572224959,1.289542716522833,0.7878787878787878,0.8775510204081632,-10.521617944338193,2.6947556184314317e-05
35.10204081632653,4.0335072408363,1.3946362805677694,0.797979797979798,0.8775510204081632,-10.634747378621126,2.4065112542355183e-05
35.10204081632653,4.48047848142245,1.4997298446127043,0.808080808080808,0.8775510204081632,-10.74688161161275,2.1512387808600852e-05
35.10204081632653,4.97698063344183,1.6048234086576407,0.8181818181818182,0.8775510204081632,-10.856358928916617,1.928160685955897e-05
35.10204081632653,5.52850244195146,1.7099169727025751,0.8282828282828283,0.8775510204081632,-10.961412793420331,1.735876844389848e-05
35.10204081632653,6.14114088475497,1.8150105367475111,0.8383838383838383,0.8775510204081632,-11.060414859341716,1.57225454567539e-05
35.10204081632653,6.8216685734332,1.9201041007924453,0.8484848484848483,0.8775510204081632,-11.152097642988231,1.4345164474153138e-05
35.10204081632653,7.57760862338904,2.0251976648373815,0.8585858585858586,0.8775510204081632,-11.235690985994944,1.3194757240808436e-05
35.10204081632653,8.41731782058148,2.1302912288823177,0.8686868686868686,0.8775510204081632,-11.310945049143152,1.2238240402950307e-05
35.10204081632653,9.35007900434302,2.2353847929272526,0.8787878787878787,0.8775510204081632,-11.378057430748756,1.1443857546291109e-05
35.10204081632653,10.3862036875563,2.3404783569721936,0.8888888888888893,0.8775510204081632,-11.437547916439385,1.0782911812942488e-05
35.10204081632653,11.5371460486378,2.445571921017128,0.8989898989898993,0.8775510204081632,-11.490124934719486,1.0230624491827544e-05
35.10204081632653,12.8156295554912,2.550665485062058,0.909090909090909,0.8775510204081632,-11.536572795406745,9.766300767333113e-06
35.10204081632653,14.2357876212352,2.6557590491069942,0.919191919191919,0.8775510204081632,-11.577671269615184,9.373056918509602e-06
35.10204081632653,15.8133198466305,2.7608526131519304,0.9292929292929293,0.8775510204081632,-11.614146654038523,9.037331148911721e-06
35.10204081632653,17.5656655764397,2.865946177196865,0.9393939393939392,0.8775510204081632,-11.64664756522073,8.748331467378684e-06
35.10204081632653,19.5121966883548,2.9710397412417997,0.9494949494949493,0.8775510204081632,-11.67573751831614,8.49750881242192e-06
35.10204081632653,21.6744317457404,3.0761333052867346,0.9595959595959593,0.8775510204081632,-11.70189752143584,8.278096382986383e-06
35.10204081632653,24.0762738816144,3.1812268693316703,0.9696969696969694,0.8775510204081632,-11.725533800985348,8.08472724863539e-06
35.10204081632653,26.744275043632,3.2863204333766105,0.97979797979798,0.8775510204081632,-11.746987520247867,7.913127092420652e-06
35.10204081632653,29.707929521255,3.3914139974215445,0.98989898989899,0.8775510204081632,-11.766544673785228,7.759872348925141e-06
35.10204081632653,33.0,3.4965075614664802,1.0,0.8775510204081632,-11.784445225166666,7.622202216979186e-06
35.91836734693877,0.001,-6.907755278982137,0.0,0.8979591836734693,0.9710469463892725,2.6407076920068016
35.91836734693877,0.001110814537795,-6.802661714937222,0.010101010101008117,0.8979591836734693,-0.30744626604751735,0.7353223782639907
35.91836734693877,0.0012339089373767,-6.697568150892323,0.020202020202014698,0.8979591836734693,-1.1602431359834382,0.3134099703768557
35.91836734693877,0.0013706439859533,-6.592474586847349,0.030303030303028534,0.8979591836734693,-1.7242399057878073,0.17830853156049822
35.91836734693877,0.0015225312657382,-6.487381022802441,0.04040404040403597,0.8979591836734693,-2.12571459939536,0.11934765202690745
35.91836734693877,0.0016912498642295,-6.382287458757476,0.05050505050504887,0.8979591836734693,-2.437464178246287,0.0873821563214394
35.91836734693877,0.00187866493623,-6.277193894712534,0.06060606060605963,0.8979591836734693,-2.696814636966009,0.06741992800965102
35.91836734693877,0.00208684832281,-6.172100330667619,0.07070707070706775,0.8979591836734693,-2.9229353972020493,0.05377560263970573
35.91836734693877,0.0023181014551505,-6.067006766622687,0.08080808080807748,0.8979591836734693,-3.12618232217735,0.04388501670968676
35.91836734693877,0.002574980796465,-5.961913202577741,0.0909090909090886,0.8979591836734693,-3.3125772404127085,0.03642218396419144
35.91836734693877,0.0028603261032564,-5.856819638532781,0.10101010101010106,0.8979591836734693,-3.485920595749025,0.030625551694995975
35.91836734693877,0.0031772918183317,-5.751726074487876,0.11111111111110823,0.8979591836734693,-3.648804300047882,0.026022224957336373
35.91836734693877,0.0035293819426201,-5.646632510442922,0.1212121212121201,0.8979591836734693,-3.8031123759951186,0.022301253842065084
35.91836734693877,0.0039204887712936,-5.541538946397998,0.13131313131312908,0.8979591836734693,-3.9502790764157907,0.01924932899197177
35.91836734693877,0.0043549359224151,-5.436445382353058,0.14141414141413966,0.8979591836734693,-4.091429781880515,0.01671531720740195
35.91836734693877,0.0048375261337845,-5.331351818308116,0.15151515151515035,0.8979591836734693,-4.227463837929467,0.01458934461029791
35.91836734693877,0.0053735943563712,-5.2262582542631755,0.16161616161616094,0.8979591836734693,-4.359107641959808,0.01278979563574261
35.91836734693877,0.0059690667312704,-5.121164690218244,0.17171717171717069,0.8979591836734693,-4.486951664459952,0.01125490028298181
35.91836734693877,0.0066305261021638,-5.016071126173304,0.18181818181818118,0.8979591836734693,-4.611478091168286,0.009937119478879954
35.91836734693877,0.0073652847875129,-4.910977562128371,0.19191919191919102,0.8979591836734693,-4.733082421406979,0.008799306024965927
35.91836734693877,0.0081814654169699,-4.80588399808343,0.20202020202020168,0.8979591836734693,-4.852090763779292,0.0078120273591437885
35.91836734693877,0.0090880907256374,-4.700790434038493,0.21212121212121193,0.8979591836734693,-4.968773820059079,0.006951666805298607
35.91836734693877,0.0100951832988382,-4.595696869993551,0.22222222222222263,0.8979591836734693,-5.083358196171827,0.0061990563745235195
35.91836734693877,0.0112138763700549,-4.490603305948624,0.23232323232323193,0.8979591836734693,-5.196035509624992,0.0055384781970857526
35.91836734693877,0.0124565368968931,-4.385509741903686,0.24242424242424226,0.8979591836734693,-5.306969672822748,0.004956925086024643
35.91836734693877,0.013836902275649,-4.280416177858747,0.2525252525252527,0.8979591836734693,-5.416302674402684,0.00444354554781057
35.91836734693877,0.0153702322058399,-4.175322613813814,0.26262626262626254,0.8979591836734693,-5.524159136026176,0.0039892216750195926
35.91836734693877,0.0170734773835322,-4.07022904976888,0.2727272727272725,0.8979591836734693,-5.630649882426137,0.0035862439329400232
35.91836734693877,0.0189654668883421,-3.9651354857239447,0.2828282828282826,0.8979591836734693,-5.735874725865389,0.0032280574676563376
35.91836734693877,0.0210671163356406,-3.8600419216790063,0.292929292929293,0.8979591836734693,-5.839924632405947,0.0029090618665444895
35.91836734693877,0.0234016590950486,-3.7549483576340705,0.3030303030303031,0.8979591836734693,-5.942883406965422,0.0026244513692699595
35.91836734693877,0.0259949031313031,-3.649854793589135,0.3131313131313132,0.8979591836734693,-6.044829007391108,0.0023700860715351506
35.91836734693877,0.0288755163068248,-3.5447612295442013,0.32323232323232315,0.8979591836734693,-6.145834574811871,0.0021423871632393347
35.91836734693877,0.0320753432999582,-3.4396676654992664,0.33333333333333315,0.8979591836734693,-6.245969248189991,0.0019382510208285038
35.91836734693877,0.0356297576423598,-3.3345741014543298,0.34343434343434337,0.8979591836734693,-6.345298814974712,0.00175497825057701
35.91836734693877,0.0395780527672466,-3.229480537409394,0.3535353535353535,0.8979591836734693,-6.44388623664997,0.0015902147059941732
35.91836734693877,0.0439638763914761,-3.1243869733644574,0.3636363636363637,0.8979591836734693,-6.541792077333158,0.001441902182055618
35.91836734693877,0.048835713033475,-3.019293409319523,0.3737373737373737,0.8979591836734693,-6.639074855000339,0.0013082369930658838
35.91836734693877,0.0542474200011699,-2.914199845274587,0.3838383838383838,0.8979591836734693,-6.7357913280111505,0.0011876350193529414
35.91836734693877,0.060258822775172,-2.8091062812296523,0.3939393939393938,0.8979591836734693,-6.83199672407043,0.001078702095390227
35.91836734693877,0.0669363763690749,-2.7040127171847166,0.404040404040404,0.8979591836734693,-6.927744914348291,0.00098020883275975
35.91836734693877,0.0743538999780876,-2.5989191531397813,0.4141414141414141,0.8979591836734693,-7.023088532008971,0.000891069142932343
35.91836734693877,0.0825933930374168,-2.493825589094845,0.42424242424242425,0.8979591836734693,-7.118079031761129,0.0008103218595444066
35.91836734693877,0.0917459417117808,-2.38873202504991,0.4343434343434343,0.8979591836734693,-7.2127666851891865,0.0007371149666577487
35.91836734693877,0.101912725837141,-2.283638461004973,0.44444444444444453,0.8979591836734693,-7.307200505565434,0.0006706920249503294
35.91836734693877,0.113206137446215,-2.1785448969600347,0.4545454545454549,0.8979591836734693,-7.401428095636535,0.000610380456743879
35.91836734693877,0.125751023242877,-2.0734513329151003,0.46464646464646486,0.8979591836734693,-7.495495412634846,0.000555581406851114
35.91836734693877,0.139686064760787,-1.9683577688701692,0.47474747474747453,0.8979591836734693,-7.58944644663675,0.0005057609421610605
35.91836734693877,0.155165311463659,-1.8632642048252352,0.48484848484848453,0.8979591836734693,-7.683322811567364,0.00046044239077186336
35.91836734693877,0.172359883735326,-1.7581706407802946,0.49494949494949514,0.8979591836734693,-7.777163252852814,0.0004191996529464036
35.91836734693877,0.19145986458586,-1.6530770767353593,0.5050505050505052,0.8979591836734693,-7.871003082185038,0.0003816513424695009
35.91836734693877,0.212676400986239,-1.5479835126904273,0.5151515151515149,0.8979591836734693,-7.964873558323217,0.00034745563911781747
35.91836734693877,0.236244038061438,-1.442889948645492,0.5252525252525251,0.8979591836734693,-8.058801243512569,0.00031630575169580886
35.91836734693877,0.262423311946047,-1.3377963846005527,0.5353535353535355,0.8979591836734693,-8.152807378079387,0.00028792590706016967
35.91836734693877,0.291503629965987,-1.2327028205556183,0.5454545454545455,0.8979591836734693,-8.246907331042308,0.0002620677942377392
35.91836734693877,0.323806469986239,-1.1276092565106834,0.5555555555555556,0.8979591836734693,-8.341110201910547,0.00023850740452043015
35.91836734693877,0.359688934292802,-1.0225156924657481,0.5656565656565656,0.8979591836734693,-8.435418667605317,0.00021704221859601648
35.91836734693877,0.399547697296443,-0.9174221284208132,0.5757575757575757,0.8979591836734693,-8.529829187495206,0.00019748870058350327
35.91836734693877,0.443823390699414,-0.8123285643758777,0.5858585858585857,0.8979591836734693,-8.624332696988475,0.0001796800664790368
35.91836734693877,0.49300547460239,-0.707235000330941,0.5959595959595959,0.8979591836734693,-8.718915933078106,0.00016346430114657853
35.91836734693877,0.547637648400869,-0.6021414362860068,0.606060606060606,0.8979591836734693,-8.8135635395039,0.00014870240375407552
35.91836734693877,0.608323861287565,-0.49704787224107067,0.6161616161616161,0.8979591836734693,-8.908261089047825,0.00013526684659753848
35.91836734693877,0.67573498880583,-0.39195430819613525,0.6262626262626262,0.8979591836734693,-9.002999128503092,0.00012304023669274918
35.91836734693877,0.750616249262273,-0.2868607441511999,0.6363636363636362,0.8979591836734693,-9.097778289123358,0.00011191417342676606
35.91836734693877,0.833795441985706,-0.18176718010626372,0.6464646464646464,0.8979591836734693,-9.192615402119424,0.00010178829893847523
35.91836734693877,0.926192098504948,-0.07667361606132911,0.6565656565656565,0.8979591836734693,-9.287550406005199,9.256954056511759e-05
35.91836734693877,1.02882764781018,0.028419947983610284,0.666666666666667,0.8979591836734693,-9.382653624606633,8.417154622839414e-05
35.91836734693877,1.142836708073,0.1335135120285407,0.6767676767676766,0.8979591836734693,-9.478032732449611,7.651431331704567e-05
35.91836734693877,1.2694796296533,0.23860707607348014,0.686868686868687,0.8979591836734693,-9.573838419221595,6.952400848481002e-05
35.91836734693877,1.41015642805352,0.3437006401184105,0.6969696969696967,0.8979591836734693,-9.6702674387263,6.313296887538116e-05
35.91836734693877,1.56642226084696,0.44879420416335164,0.7070707070707073,0.8979591836734693,-9.767561405996826,5.727986420732747e-05
35.91836734693877,1.74000461967455,0.5538877682082868,0.7171717171717173,0.8979591836734693,-9.865999403547928,5.1909984664605156e-05
35.91836734693877,1.93282242736499,0.6589813322532224,0.7272727272727274,0.8979591836734693,-9.965882161663794,4.697560367964861e-05
35.91836734693877,2.14700725129329,0.7640748962981553,0.7373737373737373,0.8979591836734693,-10.06750526613691,4.2436349386800936e-05
35.91836734693877,2.38492686748792,0.8691684603430914,0.7474747474747475,0.8979591836734693,-10.171118605297925,3.825950218914989e-05
35.91836734693877,2.64921143598352,0.9742620243880249,0.7575757575757573,0.8979591836734693,-10.276869562972708,3.4420110289022e-05
35.91836734693877,2.94278257678333,1.0793555884329629,0.7676767676767676,0.8979591836734693,-10.384729480077247,3.090076923365941e-05
35.91836734693877,3.26888566786082,1.184449152477898,0.7777777777777777,0.8979591836734693,-10.49440848477414,2.7690851093120643e-05
35.91836734693877,3.63112572224959,1.289542716522833,0.7878787878787878,0.8979591836734693,-10.605274136799295,2.4784945217587714e-05
35.91836734693877,4.0335072408363,1.3946362805677694,0.797979797979798,0.8979591836734693,-10.716302181882718,2.2180385805809437e-05
35.91836734693877,4.48047848142245,1.4997298446127043,0.808080808080808,0.8979591836734693,-10.826094881127718,1.9874066220822567e-05
35.91836734693877,4.97698063344183,1.6048234086576407,0.8181818181818182,0.8979591836734693,-10.93299235177232,1.7859189723461672e-05
35.91836734693877,5.52850244195146,1.7099169727025751,0.8282828282828283,0.8979591836734693,-11.035270530853776,1.6122890414419604e-05
35.91836734693877,6.14114088475497,1.8150105367475111,0.8383838383838383,0.8979591836734693,-11.131378589214254,1.4645483124116603e-05
35.91836734693877,6.8216685734332,1.9201041007924453,0.8484848484848483,0.8979591836734693,-11.220145060341508,1.340148467716573e-05
35.91836734693877,7.57760862338904,2.0251976648373815,0.8585858585858586,0.8979591836734693,-11.300893769870896,1.2361870655294213e-05
35.91836734693877,8.41731782058148,2.1302912288823177,0.8686868686868686,0.8979591836734693,-11.373450343473522,1.1496702032883325e-05
35.91836734693877,9.35007900434302,2.2353847929272526,0.8787878787878787,0.8979591836734693,-11.438061373197018,1.0777376675153737e-05
35.91836734693877,10.3862036875563,2.3404783569721936,0.8888888888888893,0.8979591836734693,-11.495269460513306,1.017812793097988e-05
35.91836734693877,11.5371460486378,2.445571921017128,0.8989898989898993,0.8979591836734693,-11.545785055621124,9.676744205862712e-06
35.91836734693877,12.8156295554912,2.550665485062058,0.909090909090909,0.8979591836734693,-11.590380707196648,9.254684453768089e-06
35.91836734693877,14.2357876212352,2.6557590491069942,0.919191919191919,0.8979591836734693,-11.629816965812418,8.896817176439876e-06
35.91836734693877,15.8133198466305,2.7608526131519304,0.9292929292929293,0.8979591836734693,-11.66479811309266,8.59097681477532e-06
35.91836734693877,17.5656655764397,2.865946177196865,0.9393939393939392,0.8979591836734693,-11.695950904919261,8.327469704271307e-06
35.91836734693877,19.5121966883548,2.9710397412417997,0.9494949494949493,0.8979591836734693,-11.723818740299311,8.098604943639718e-06
35.91836734693877,21.6744317457404,3.0761333052867346,0.9595959595959593,0.8979591836734693,-11.7488649273606,7.898284868141576e-06
35.91836734693877,24.0762738816144,3.1812268693316703,0.9696969696969694,0.8979591836734693,-11.7714805325827,7.72166508512334e-06
35.91836734693877,26.744275043632,3.2863204333766105,0.97979797979798,0.8979591836734693,-11.791993936711204,7.56488103384189e-06
35.91836734693877,29.707929521255,3.3914139974215445,0.98989898989899,0.8979591836734693,-11.810680443446627,7.424832418370646e-06
35.91836734693877,33.0,3.4965075614664802,1.0,0.8979591836734693,-11.827771100999595,7.299015360726513e-06
36.734693877551024,0.001,-6.907755278982137,0.0,0.9183673469387756,0.7147373176942277,2.0436497811077357
36.734693877551024,0.001110814537795,-6.802661714937222,0.010101010101008117,0.9183673469387756,-0.5411006780686224,0.5821071870210813
36.734693877551024,0.0012339089373767,-6.697568150892323,0.020202020202014698,0.9183673469387756,-1.3779340197196395,0.2520988466624382
36.734693877551024,0.0013706439859533,-6.592474586847349,0.030303030303028534,0.9183673469387756,-1.9331643018457891,0.1446896316757756
36.734693877551024,0.0015225312657382,-6.487381022802441,0.04040404040403597,0.9183673469387756,-2.3297361186947305,0.09732142500608398
36.734693877551024,0.0016912498642295,-6.382287458757476,0.05050505050504887,0.9183673469387756,-2.6382561414509937,0.07148582208580238
36.734693877551024,0.00187866493623,-6.277193894712534,0.06060606060605963,0.9183673469387756,-2.8950533785991097,0.05529607338897936
36.734693877551024,0.00208684832281,-6.172100330667619,0.07070707070706775,0.9183673469387756,-3.118897874875388,0.044205861972705096
36.734693877551024,0.0023181014551505,-6.067006766622687,0.08080808080807748,0.9183673469387756,-3.319999741912181,0.036152841084653116
36.734693877551024,0.002574980796465,-5.961913202577741,0.0909090909090886,0.9183673469387756,-3.5043357135857023,0.030066739638433943
36.734693877551024,0.0028603261032564,-5.856819638532781,0.10101010101010106,0.9183673469387756,-3.6756981106260094,0.02533171500905276
36.734693877551024,0.0031772918183317,-5.751726074487876,0.11111111111110823,0.9183673469387756,-3.8366818847527386,0.021565038043488208
36.734693877551024,0.0035293819426201,-5.646632510442922,0.1212121212121201,0.9183673469387756,-3.9891752536507665,0.018514977985044773
36.734693877551024,0.0039204887712936,-5.541538946397998,0.13131313131312908,0.9183673469387756,-4.134614390407317,0.016008837100910903
36.734693877551024,0.0043549359224151,-5.436445382353058,0.14141414141413966,0.9183673469387756,-4.274123585934306,0.01392424677861228
36.734693877551024,0.0048375261337845,-5.331351818308116,0.15151515151515035,0.9183673469387756,-4.408598390614595,0.012172227087001348
36.734693877551024,0.0053735943563712,-5.2262582542631755,0.16161616161616094,0.9183673469387756,-4.538759338508799,0.010686656855884135
36.734693877551024,0.0059690667312704,-5.121164690218244,0.17171717171717069,0.9183673469387756,-4.665189643482468,0.009417462093844045
36.734693877551024,0.0066305261021638,-5.016071126173304,0.18181818181818118,0.9183673469387756,-4.788363438987191,0.008326072363430187
36.734693877551024,0.0073652847875129,-4.910977562128371,0.19191919191919102,0.9183673469387756,-4.908667861059381,0.007382316054656584
36.734693877551024,0.0081814654169699,-4.80588399808343,0.20202020202020168,0.9183673469387756,-5.026420714100031,0.006562256778335929
36.734693877551024,0.0090880907256374,-4.700790434038493,0.21212121212121193,0.9183673469387756,-5.141884722429497,0.005846659991394993
36.734693877551024,0.0100951832988382,-4.595696869993551,0.22222222222222263,0.9183673469387756,-5.255279023287071,0.0052198896180057925
36.734693877551024,0.0112138763700549,-4.490603305948624,0.23232323232323193,0.9183673469387756,-5.366788387832979,0.0046691026031510695
36.734693877551024,0.0124565368968931,-4.385509741903686,0.24242424242424226,0.9183673469387756,-5.476570565352779,0.004183652687466373
36.734693877551024,0.013836902275649,-4.280416177858747,0.2525252525252527,0.9183673469387756,-5.584762086372231,0.0037546429442407007
36.734693877551024,0.0153702322058399,-4.175322613813814,0.26262626262626254,0.9183673469387756,-5.691482813285014,0.003374585377603116
36.734693877551024,0.0170734773835322,-4.07022904976888,0.2727272727272725,0.9183673469387756,-5.79683948514949,0.0030371385139531934
36.734693877551024,0.0189654668883421,-3.9651354857239447,0.2828282828282826,0.9183673469387756,-5.900928464570094,0.002736902521711419
36.734693877551024,0.0210671163356406,-3.8600419216790063,0.292929292929293,0.9183673469387756,-6.003837859029185,0.0024692573068841755
36.734693877551024,0.0234016590950486,-3.7549483576340705,0.3030303030303031,0.9183673469387756,-6.105649157123331,0.002230233128327501
36.734693877551024,0.0259949031313031,-3.649854793589135,0.3131313131313132,0.9183673469387756,-6.206438492219299,0.0020164061369963354
36.734693877551024,0.0288755163068248,-3.5447612295442013,0.32323232323232315,0.9183673469387756,-6.306277622146593,0.0018248132569418786
36.734693877551024,0.0320753432999582,-3.4396676654992664,0.33333333333333315,0.9183673469387756,-6.40523469350554,0.0016528822554458542
36.734693877551024,0.0356297576423598,-3.3345741014543298,0.34343434343434337,0.9183673469387756,-6.503374842641988,0.001498373874413664
36.734693877551024,0.0395780527672466,-3.229480537409394,0.3535353535353535,0.9183673469387756,-6.600760671881578,0.0013593336373026008
36.734693877551024,0.0439638763914761,-3.1243869733644574,0.3636363636363637,0.9183673469387756,-6.697452628764926,0.0012340514893959581
36.734693877551024,0.048835713033475,-3.019293409319523,0.3737373737373737,0.9183673469387756,-6.793509307338283,0.0011210278320333438
36.734693877551024,0.0542474200011699,-2.914199845274587,0.3838383838383838,0.9183673469387756,-6.8889876836431885,0.0010189448135736613
36.734693877551024,0.060258822775172,-2.8091062812296523,0.3939393939393938,0.9183673469387756,-6.983943292088428,0.0009266419693453793
36.734693877551024,0.0669363763690749,-2.7040127171847166,0.404040404040404,0.9183673469387756,-7.078430345126489,0.000843095479233329
36.734693877551024,0.0743538999780876,-2.5989191531397813,0.4141414141414141,0.9183673469387756,-7.172501795412621,0.0007674004487286875
36.734693877551024,0.0825933930374168,-2.493825589094845,0.42424242424242425,0.9183673469387756,-7.2662093372837155,0.000698755727126081
36.734693877551024,0.0917459417117808,-2.38873202504991,0.4343434343434343,0.9183673469387756,-7.35960334290397,0.0006364508622273141
36.734693877551024,0.101912725837141,-2.283638461004973,0.44444444444444453,0.9183673469387756,-7.45273272778935,0.0005798548596111307
36.734693877551024,0.113206137446215,-2.1785448969600347,0.4545454545454549,0.9183673469387756,-7.545644740697864,0.0005284064700958897
36.734693877551024,0.125751023242877,-2.0734513329151003,0.46464646464646486,0.9183673469387756,-7.638384674158556,0.00048160577432764554
36.734693877551024,0.139686064760787,-1.9683577688701692,0.47474747474747453,0.9183673469387756,-7.730995494348304,0.0004390068706411753
36.734693877551024,0.155165311463659,-1.8632642048252352,0.48484848484848453,0.9183673469387756,-7.823517392784163,0.0004002115031261138
36.734693877551024,0.172359883735326,-1.7581706407802946,0.49494949494949514,0.9183673469387756,-7.915987267573871,0.0003648634924677011
36.734693877551024,0.19145986458586,-1.6530770767353593,0.5050505050505052,0.9183673469387756,-8.008438148958827,0.0003326438536220421
36.734693877551024,0.212676400986239,-1.5479835126904273,0.5151515151515149,0.9183673469387756,-8.100898592778297,0.0003032665025139789
36.734693877551024,0.236244038061438,-1.442889948645492,0.5252525252525251,0.9183673469387756,-8.19339207641761,0.0002764744693303138
36.734693877551024,0.262423311946047,-1.3377963846005527,0.5353535353535355,0.9183673469387756,-8.285936444818732,0.0002520365491100127
36.734693877551024,0.291503629965987,-1.2327028205556183,0.5454545454545455,0.9183673469387756,-8.378543469105493,0.00022974433159130762
36.734693877551024,0.323806469986239,-1.1276092565106834,0.5555555555555556,0.9183673469387756,-8.47121859692556,0.00020940956196722742
36.734693877551024,0.359688934292802,-1.0225156924657481,0.5656565656565656,0.9183673469387756,-8.563960990967521,0.00019086179256699705
36.734693877551024,0.399547697296443,-0.9174221284208132,0.5757575757575757,0.9183673469387756,-8.656763968947828,0.0001739462927159532
36.734693877551024,0.443823390699414,-0.8123285643758777,0.5858585858585857,0.9183673469387756,-8.74961597258823,0.00015852219029450148
36.734693877551024,0.49300547460239,-0.707235000330941,0.5959595959595959,0.9183673469387756,-8.842502201619464,0.00014446082396204576
36.734693877551024,0.547637648400869,-0.6021414362860068,0.606060606060606,0.9183673469387756,-8.93540704729324,0.00013164428976937783
36.734693877551024,0.608323861287565,-0.49704787224107067,0.6161616161616161,0.9183673469387756,-9.028317442447072,0.00011996417007838072
36.734693877551024,0.67573498880583,-0.39195430819613525,0.6262626262626262,0.9183673469387756,-9.121227204541562,0.00010932043644597747
36.734693877551024,0.750616249262273,-0.2868607441511999,0.6363636363636362,0.9183673469387756,-9.214142375792747,9.962052146488376e-05
36.734693877551024,0.833795441985706,-0.18176718010626372,0.6464646464646464,0.9183673469387756,-9.307087451781548,9.077855744049878e-05
36.734693877551024,0.926192098504948,-0.07667361606132911,0.6565656565656565,0.9183673469387756,-9.40011222941856,8.271478200380749e-05
36.734693877551024,1.02882764781018,0.028419947983610284,0.666666666666667,0.9183673469387756,-9.493298793703044,7.535511185626061e-05
36.734693877551024,1.142836708073,0.1335135120285407,0.6767676767676766,0.9183673469387756,-9.586767904578304,6.863088509012951e-05
36.734693877551024,1.2694796296533,0.23860707607348014,0.686868686868687,0.9183673469387756,-9.680683754413899,6.247876903234997e-05
36.734693877551024,1.41015642805352,0.3437006401184105,0.6969696969696967,0.9183673469387756,-9.775255765780626,5.684082355815412e-05
36.734693877551024,1.56642226084696,0.44879420416335164,0.7070707070707073,0.9183673469387756,-9.870735810524632,5.166469919553445e-05
36.734693877551024,1.74000461967455,0.5538877682082868,0.7171717171717173,0.9183673469387756,-9.967408960331591,4.690393611542446e-05
36.734693877551024,1.93282242736499,0.6589813322532224,0.7272727272727274,0.9183673469387756,-10.065575603812416,4.2518316270170774e-05
36.734693877551024,2.14700725129329,0.7640748962981553,0.7373737373737373,0.9183673469387756,-10.165522469255142,3.847420776882311e-05
36.734693877551024,2.38492686748792,0.8691684603430914,0.7474747474747475,0.9183673469387756,-10.267479909217277,3.474482530190883e-05
36.734693877551024,2.64921143598352,0.9742620243880249,0.7575757575757573,0.9183673469387756,-10.371563306623308,3.131030420952087e-05
36.734693877551024,2.94278257678333,1.0793555884329629,0.7676767676767676,0.9183673469387756,-10.477698948972593,2.8157439744477717e-05
36.734693877551024,3.26888566786082,1.184449152477898,0.7777777777777777,0.9183673469387756,-10.585540958601515,2.527888846496335e-05
36.734693877551024,3.63112572224959,1.289542716522833,0.7878787878787878,0.9183673469387756,-10.694396561882392,2.2671621678520515e-05
36.734693877551024,4.0335072408363,1.3946362805677694,0.797979797979798,0.9183673469387756,-10.803188927931458,2.0334554478728776e-05
36.734693877551024,4.48047848142245,1.4997298446127043,0.808080808080808,0.9183673469387756,-10.910491207489128,1.826559709677215e-05
36.734693877551024,4.97698063344183,1.6048234086576407,0.8181818181818182,0.9183673469387756,-11.014651747876329,1.645877566578701e-05
36.734693877551024,5.52850244195146,1.7099169727025751,0.8282828282828283,0.9183673469387756,-11.113997064911526,1.4902269146278409e-05
36.734693877551024,6.14114088475497,1.8150105367475111,0.8383838383838383,0.9183673469387756,-11.20706137608455,1.3577977542010227e-05
36.734693877551024,6.8216685734332,1.9201041007924453,0.8484848484848483,0.9183673469387756,-11.292774390348294,1.246264995379014e-05
36.734693877551024,7.57760862338904,2.0251976648373815,0.8585858585858586,0.9183673469387756,-11.370556116061916,1.1530024300900239e-05
36.734693877551024,8.41731782058148,2.1302912288823177,0.8686868686868686,0.9183673469387756,-11.440307402971314,1.0753197529957157e-05
36.734693877551024,9.35007900434302,2.2353847929272526,0.8787878787878787,0.9183673469387756,-11.502322167291826,1.0106597118550244e-05
36.734693877551024,10.3862036875563,2.3404783569721936,0.8888888888888893,0.9183673469387756,-11.557163651782481,9.567260508037024e-06
36.734693877551024,11.5371460486378,2.445571921017128,0.8989898989898993,0.9183673469387756,-11.605542228762657,9.115427695595973e-06
36.734693877551024,12.8156295554912,2.550665485062058,0.909090909090909,0.9183673469387756,-11.64821691245887,8.73461306483612e-06
36.734693877551024,14.2357876212352,2.6557590491069942,0.919191919191919,0.9183673469387756,-11.685927630782503,8.411357931004251e-06
36.734693877551024,15.8133198466305,2.7608526131519304,0.9292929292929293,0.9183673469387756,-11.719355572109855,8.13483116131922e-06
36.734693877551024,17.5656655764397,2.865946177196865,0.9393939393939392,0.9183673469387756,-11.74910480690262,7.896390458408814e-06
36.734693877551024,19.5121966883548,2.9710397412417997,0.9494949494949493,0.9183673469387756,-11.775697982922605,7.689167921840224e-06
36.734693877551024,21.6744317457404,3.0761333052867346,0.9595959595959593,0.9183673469387756,-11.799580213909218,7.5077088854275704e-06
36.734693877551024,24.0762738816144,3.1812268693316703,0.9696969696969694,0.9183673469387756,-11.821127017429745,7.347672089455617e-06
36.734693877551024,26.744275043632,3.2863204333766105,0.97979797979798,0.9183673469387756,-11.840653683068918,7.205588279437927e-06
36.734693877551024,29.707929521255,3.3914139974215445,0.98989898989899,0.9183673469387756,-11.858424577358893,7.078669601143168e-06
36.734693877551024,33.0,3.4965075614664802,1.0,0.9183673469387756,-11.87466163581566,6.964660916650048e-06
37.55102040816327,0.001,-6.907755278982137,0.0,0.9387755102040817,0.4518615979743396,1.5712344714947195
37.55102040816327,0.001110814537795,-6.802661714937222,0.010101010101008117,0.9387755102040817,-0.7805911429532016,0.45813510790114326
37.55102040816327,0.0012339089373767,-6.697568150892323,0.020202020202014698,0.9387755102040817,-1.6012454377555585,0.20164522496582402
37.55102040816327,0.0013706439859533,-6.592474586847349,0.030303030303028534,0.9387755102040817,-2.147721409873165,0.11674988004643759
37.55102040816327,0.0015225312657382,-6.487381022802441,0.04040404040403597,0.9387755102040817,-2.5395090407652643,0.07890512948453501
37.55102040816327,0.0016912498642295,-6.382287458757476,0.05050505050504887,0.9387755102040817,-2.844974761918475,0.058135733955699626
37.55102040816327,0.00187866493623,-6.277193894712534,0.06060606060605963,0.9387755102040817,-3.099422107663339,0.04507524350614872
37.55102040816327,0.00208684832281,-6.172100330667619,0.07070707070706775,0.9387755102040817,-3.321203984848411,0.03610933048507664
37.55102040816327,0.0023181014551505,-6.067006766622687,0.08080808080807748,0.9387755102040817,-3.520373657070991,0.02958837719571758
37.55102040816327,0.002574980796465,-5.961913202577741,0.0909090909090886,0.9387755102040817,-3.702855989853195,0.024653017064605442
37.55102040816327,0.0028603261032564,-5.856819638532781,0.10101010101010106,0.9387755102040817,-3.8724313057225577,0.020807717951827637
37.55102040816327,0.0031772918183317,-5.751726074487876,0.11111111111110823,0.9387755102040817,-4.031695707393034,0.017744215430876262
37.55102040816327,0.0035293819426201,-5.646632510442922,0.1212121212121201,0.9387755102040817,-4.182541070360491,0.015259682332305503
37.55102040816327,0.0039204887712936,-5.541538946397998,0.13131313131312908,0.9387755102040817,-4.326405832305025,0.013214959015338212
37.55102040816327,0.0043549359224151,-5.436445382353058,0.14141414141413966,0.9387755102040817,-4.464414064416078,0.011511438745903269
37.55102040816327,0.0048375261337845,-5.331351818308116,0.15151515151515035,0.9387755102040817,-4.597458651954619,0.010077413444908976
37.55102040816327,0.0053735943563712,-5.2262582542631755,0.16161616161616094,0.9387755102040817,-4.726255465513929,0.008859584022587182
37.55102040816327,0.0059690667312704,-5.121164690218244,0.17171717171717069,0.9387755102040817,-4.851381603971801,0.007817569299790434
37.55102040816327,0.0066305261021638,-5.016071126173304,0.18181818181818118,0.9387755102040817,-4.973304153553996,0.006920244666451219
37.55102040816327,0.0073652847875129,-4.910977562128371,0.19191919191919102,0.9387755102040817,-5.092402715198637,0.006143241680213314
37.55102040816327,0.0081814654169699,-4.80588399808343,0.20202020202020168,0.9387755102040817,-5.208987427790257,0.005467206827514641
37.55102040816327,0.0090880907256374,-4.700790434038493,0.21212121212121193,0.9387755102040817,-5.323313493729715,0.0048765684461687196
37.55102040816327,0.0100951832988382,-4.595696869993551,0.22222222222222263,0.9387755102040817,-5.435592872355675,0.004358650131802291
37.55102040816327,0.0112138763700549,-4.490603305948624,0.23232323232323193,0.9387755102040817,-5.54600363970487,0.0039030240077343498
37.55102040816327,0.0124565368968931,-4.385509741903686,0.24242424242424226,0.9387755102040817,-5.654697421730019,0.0035010322628424963
37.55102040816327,0.013836902275649,-4.280416177858747,0.2525252525252527,0.9387755102040817,-5.761805247561992,0.003145428193433783
37.55102040816327,0.0153702322058399,-4.175322613813814,0.26262626262626254,0.9387755102040817,-5.8674421207896925,0.0028301031455801925
37.55102040816327,0.0170734773835322,-4.07022904976888,0.2727272727272725,0.9387755102040817,-5.971710563131741,0.0025498759625509773
37.55102040816327,0.0189654668883421,-3.9651354857239447,0.2828282828282826,0.9387755102040817,-6.074703344524498,0.002300328489957347
37.55102040816327,0.0210671163356406,-3.8600419216790063,0.292929292929293,0.9387755102040817,-6.176505576644072,0.0020776754618211436
37.55102040816327,0.0234016590950486,-3.7549483576340705,0.3030303030303031,0.9387755102040817,-6.2771963137157885,0.0018786603917389014
37.55102040816327,0.0259949031313031,-3.649854793589135,0.3131313131313132,0.9387755102040817,-6.376849775494326,0.0017004713944682
37.55102040816327,0.0288755163068248,-3.5447612295442013,0.32323232323232315,0.9387755102040817,-6.475536282581566,0.0015406724799465088
37.55102040816327,0.0320753432999582,-3.4396676654992664,0.33333333333333315,0.9387755102040817,-6.573322973588195,0.0013971470072256975
37.55102040816327,0.0356297576423598,-3.3345741014543298,0.34343434343434337,0.9387755102040817,-6.670274356663833,0.0012680508050903257
37.55102040816327,0.0395780527672466,-3.229480537409394,0.3535353535353535,0.9387755102040817,-6.766452734154752,0.0011517730582583207
37.55102040816327,0.0439638763914761,-3.1243869733644574,0.3636363636363637,0.9387755102040817,-6.8619185281122785,0.0010469034909218083
37.55102040816327,0.048835713033475,-3.019293409319523,0.3737373737373737,0.9387755102040817,-6.956730525609831,0.0009522046996842285
37.55102040816327,0.0542474200011699,-2.914199845274587,0.3838383838383838,0.9387755102040817,-7.050946055928504,0.0008665887279730934
37.55102040816327,0.060258822775172,-2.8091062812296523,0.3939393939393938,0.9387755102040817,-7.1446211063053715,0.0007890971561928171
37.55102040816327,0.0669363763690749,-2.7040127171847166,0.404040404040404,0.9387755102040817,-7.237810378845679,0.0007188841219236214
37.55102040816327,0.0743538999780876,-2.5989191531397813,0.4141414141414141,0.9387755102040817,-7.330567288191993,0.0006552017934377921
37.55102040816327,0.0825933930374168,-2.493825589094845,0.42424242424242425,0.9387755102040817,-7.422943897501684,0.0005973879055686073
37.55102040816327,0.0917459417117808,-2.38873202504991,0.4343434343434343,0.9387755102040817,-7.514990789151292,0.000544855035194655
37.55102040816327,0.101912725837141,-2.283638461004973,0.44444444444444453,0.9387755102040817,-7.606756866361596,0.0004970813484132898
37.55102040816327,0.113206137446215,-2.1785448969600347,0.4545454545454549,0.9387755102040817,-7.698289082667421,0.0004536025959072977
37.55102040816327,0.125751023242877,-2.0734513329151003,0.46464646464646486,0.9387755102040817,-7.789632097931727,0.00041400516932206695
37.55102040816327,0.139686064760787,-1.9683577688701692,0.47474747474747453,0.9387755102040817,-7.880827862548823,0.0003779200613766521
37.55102040816327,0.155165311463659,-1.8632642048252352,0.48484848484848453,0.9387755102040817,-7.971915135747283,0.00034501759723781425
37.55102040816327,0.172359883735326,-1.7581706407802946,0.49494949494949514,0.9387755102040817,-8.062928949654314,0.00031500282540023426
37.55102040816327,0.19145986458586,-1.6530770767353593,0.5050505050505052,0.9387755102040817,-8.153900038181064,0.00028761147372494974
37.55102040816327,0.212676400986239,-1.5479835126904273,0.5151515151515149,0.9387755102040817,-8.244854258966944,0.00026260639100774845
37.55102040816327,0.236244038061438,-1.442889948645492,0.5252525252525251,0.9387755102040817,-8.335812047650291,0.00023977440696521814
37.55102040816327,0.262423311946047,-1.3377963846005527,0.5353535353535355,0.9387755102040817,-8.426787956569992,0.00021892355422100767
37.55102040816327,0.291503629965987,-1.2327028205556183,0.5454545454545455,0.9387755102040817,-8.517790344418676,0.0001998806050515861
37.55102040816327,0.323806469986239,-1.1276092565106834,0.5555555555555556,0.9387755102040817,-8.608821298852092,0.00018248888354993517
37.55102040816327,0.359688934292802,-1.0225156924657481,0.5656565656565656,0.9387755102040817,-8.69987688968765,0.00016660632068130876
37.55102040816327,0.399547697296443,-0.9174221284208132,0.5757575757575757,0.9387755102040817,-8.790947864596564,0.000152103725598612
37.55102040816327,0.443823390699414,-0.8123285643758777,0.5858585858585857,0.9387755102040817,-8.882020909826299,0.00013886325169670414
37.55102040816327,0.49300547460239,-0.707235000330941,0.5959595959595959,0.9387755102040817,-8.973080602199722,0.00012677704034385045
37.55102040816327,0.547637648400869,-0.6021414362860068,0.606060606060606,0.9387755102040817,-9.06411217092732,0.0001157460291567853
37.55102040816327,0.608323861287565,-0.49704787224107067,0.6161616161616161,0.9387755102040817,-9.155105162802954,0.0001056789151947932
37.55102040816327,0.67573498880583,-0.39195430819613525,0.6262626262626262,0.9387755102040817,-9.246058055035263,9.649126662257777e-05
37.55102040816327,0.750616249262273,-0.2868607441511999,0.6363636363636362,0.9387755102040817,-9.336983778401887,8.81047792568724e-05
37.55102040816327,0.833795441985706,-0.18176718010626372,0.6464646464646464,0.9387755102040817,-9.427915991996388,8.044667688263307e-05
37.55102040816327,0.926192098504948,-0.07667361606132911,0.6565656565656565,0.9387755102040817,-9.51891578415155,7.344925604288159e-05
37.55102040816327,1.02882764781018,0.028419947983610284,0.666666666666667,0.9387755102040817,-9.610078261647564,6.704957668713026e-05
37.55102040816327,1.142836708073,0.1335135120285407,0.6767676767676766,0.9387755102040817,-9.701538238302199,6.11892989004774e-05
37.55102040816327,1.2694796296533,0.23860707607348014,0.686868686868687,0.9387755102040817,-9.793473960834815,5.581466213400476e-05
37.55102040816327,1.41015642805352,0.3437006401184105,0.6969696969696967,0.9387755102040817,-9.886107536626469,5.08765963591753e-05
37.55102040816327,1.56642226084696,0.44879420416335164,0.7070707070707073,0.9387755102040817,-9.979700471679553,4.633094453267406e-05
37.55102040816327,1.74000461967455,0.5538877682082868,0.7171717171717173,0.9387755102040817,-10.074542483289964,4.213876389593883e-05
37.55102040816327,1.93282242736499,0.6589813322532224,0.7272727272727274,0.9387755102040817,-10.170931490991023,3.826666175919254e-05
37.55102040816327,2.14700725129329,0.7640748962981553,0.7373737373737373,0.9387755102040817,-10.269142409550696,3.468711000740132e-05
37.55102040816327,2.38492686748792,0.8691684603430914,0.7474747474747475,0.9387755102040817,-10.369382267439878,3.137866773451026e-05
37.55102040816327,2.64921143598352,0.9742620243880249,0.7575757575757573,0.9387755102040817,-10.471729946131648,2.8326014192474547e-05
37.55102040816327,2.94278257678333,1.0793555884329629,0.7676767676767676,0.9387755102040817,-10.576061869189752,2.5519648599622586e-05
37.55102040816327,3.26888566786082,1.184449152477898,0.7777777777777777,0.9387755102040817,-10.68197188629934,2.2955066431033966e-05
37.55102040816327,3.63112572224959,1.289542716522833,0.7878787878787878,0.9387755102040817,-10.788704467219798,2.063123296117571e-05
37.55102040816327,4.0335072408363,1.3946362805677694,0.797979797979798,0.9387755102040817,-10.895130976985008,1.8548326715697e-05
37.55102040816327,4.48047848142245,1.4997298446127043,0.808080808080808,0.9387755102040817,-10.999800063832751,1.6705040398131275e-05
37.55102040816327,4.97698063344183,1.6048234086576407,0.8181818181818182,0.9387755102040817,-11.101075996622367,1.5096071755619876e-05
37.55102040816327,5.52850244195146,1.7099169727025751,0.8282828282828283,0.9387755102040817,-11.19734456074581,1.3710555316208635e-05
37.55102040816327,6.14114088475497,1.8150105367475111,0.8383838383838383,0.9387755102040817,-11.287232257124785,1.2531911370870687e-05
37.55102040816327,6.8216685734332,1.9201041007924453,0.8484848484848483,0.9387755102040817,-11.369774143836981,1.1539043985768279e-05
37.55102040816327,7.57760862338904,2.0251976648373815,0.8585858585858586,0.9387755102040817,-11.444487329474967,1.0708343762634349e-05
37.55102040816327,8.41731782058148,2.1302912288823177,0.8686868686868686,0.9387755102040817,-11.511346443647724,1.001580268633096e-05
37.55102040816327,9.35007900434302,2.2353847929272526,0.8787878787878787,0.9387755102040817,-11.570690149510447,9.43872028986638e-06
37.55102040816327,10.3862036875563,2.3404783569721936,0.8888888888888893,0.9387755102040817,-11.623099598129834,8.9567815444918e-06
37.55102040816327,11.5371460486378,2.445571921017128,0.8989898989898993,0.9387755102040817,-11.669282725464837,8.552535874646723e-06
37.55102040816327,12.8156295554912,2.550665485062058,0.909090909090909,0.9387755102040817,-11.709983191067728,8.211432305502949e-06
37.55102040816327,14.2357876212352,2.6557590491069942,0.919191919191919,0.9387755102040817,-11.745918978928486,7.921587114821205e-06
37.55102040816327,15.8133198466305,2.7608526131519304,0.9292929292929293,0.9387755102040817,-11.777747250454533,7.67342689396782e-06
37.55102040816327,17.5656655764397,2.865946177196865,0.9393939393939392,0.9387755102040817,-11.80604873180933,7.459301865736013e-06
37.55102040816327,19.5121966883548,2.9710397412417997,0.9494949494949493,0.9387755102040817,-11.831324847308512,7.273122547324894e-06
37.55102040816327,21.6744317457404,3.0761333052867346,0.9595959595959593,0.9387755102040817,-11.85400216967506,7.110043687344822e-06
37.55102040816327,24.0762738816144,3.1812268693316703,0.9696969696969694,0.9387755102040817,-11.874440406675422,6.966201873042627e-06
37.55102040816327,26.744275043632,3.2863204333766105,0.97979797979798,0.9387755102040817,-11.89294155619128,6.838504051357862e-06
37.55102040816327,29.707929521255,3.3914139974215445,0.98989898989899,0.9387755102040817,-11.909758891073981,6.724460282589846e-06
37.55102040816327,33.0,3.4965075614664802,1.0,0.9387755102040817,-11.925105110847696,6.622053029132199e-06
38.36734693877551,0.001,-6.907755278982137,0.0,0.9591836734693878,0.1849327164535977,1.2031374860474162
38.36734693877551,0.001110814537795,-6.802661714937222,0.010101010101008117,0.9591836734693878,-1.0234446742129475,0.3593549449971737
38.36734693877551,0.0012339089373767,-6.697568150892323,0.020202020202014698,0.9591836734693878,-1.8277545062184788,0.1607741801690029
38.36734693877551,0.0013706439859533,-6.592474586847349,0.030303030303028534,0.9591836734693878,-2.3655191978282466,0.09390053475635801
38.36734693877551,0.0015225312657382,-6.487381022802441,0.04040404040403597,0.9591836734693878,-2.7526644021326327,0.06375775838875976
38.36734693877551,0.0016912498642295,-6.382287458757476,0.05050505050504887,0.9591836734693878,-3.055275625377288,0.047109734342413515
38.36734693877551,0.00187866493623,-6.277193894712534,0.06060606060605963,0.9591836734693878,-3.3076059840018512,0.03660369878425691
38.36734693877551,0.00208684832281,-6.172100330667619,0.07070707070706775,0.9591836734693878,-3.5275740713545045,0.02937609380328606
38.36734693877551,0.0023181014551505,-6.067006766622687,0.08080808080807748,0.9591836734693878,-3.725064599202592,0.024111542790068857
38.36734693877551,0.002574980796465,-5.961913202577741,0.0909090909090886,0.9591836734693878,-3.9059427715489416,0.020121975120436838
38.36734693877551,0.0028603261032564,-5.856819638532781,0.10101010101010106,0.9591836734693878,-4.073971933449634,0.017009692787285972
38.36734693877551,0.0031772918183317,-5.751726074487876,0.11111111111110823,0.9591836734693878,-4.231746405743155,0.014526998348980915
38.36734693877551,0.0035293819426201,-5.646632510442922,0.1212121212121201,0.9591836734693878,-4.381160268557189,0.012510834269002761
38.36734693877551,0.0039204887712936,-5.541538946397998,0.13131313131312908,0.9591836734693878,-4.523653809776557,0.01084930984497824
38.36734693877551,0.0043549359224151,-5.436445382353058,0.14141414141413966,0.9591836734693878,-4.6603511554083505,0.009463138785827016
38.36734693877551,0.0048375261337845,-5.331351818308116,0.15151515151515035,0.9591836734693878,-4.792143214581439,0.008294661079514081
38.36734693877551,0.0053735943563712,-5.2262582542631755,0.16161616161616094,0.9591836734693878,-4.919742089449961,0.0073010136124222105
38.36734693877551,0.0059690667312704,-5.121164690218244,0.17171717171717069,0.9591836734693878,-5.043719714210003,0.006449712555475898
38.36734693877551,0.0066305261021638,-5.016071126173304,0.18181818181818118,0.9591836734693878,-5.164537031378463,0.005715708420193246
38.36734693877551,0.0073652847875129,-4.910977562128371,0.19191919191919102,0.9591836734693878,-5.282566900865763,0.005079375790305308
38.36734693877551,0.0081814654169699,-4.80588399808343,0.20202020202020168,0.9591836734693878,-5.398112448453785,0.004525114272971378
38.36734693877551,0.0090880907256374,-4.700790434038493,0.21212121212121193,0.9591836734693878,-5.511421855539274,0.004040358491042491
38.36734693877551,0.0100951832988382,-4.595696869993551,0.22222222222222263,0.9591836734693878,-5.622700258637116,0.003614866842966921
38.36734693877551,0.0112138763700549,-4.490603305948624,0.23232323232323193,0.9591836734693878,-5.732119263503477,0.003240203107951041
38.36734693877551,0.0124565368968931,-4.385509741903686,0.24242424242424226,0.9591836734693878,-5.8398244886087385,0.0029093532056337777
38.36734693877551,0.013836902275649,-4.280416177858747,0.2525252525252527,0.9591836734693878,-5.945941492214659,0.002616437832534638
38.36734693877551,0.0153702322058399,-4.175322613813814,0.26262626262626254,0.9591836734693878,-6.0505803880997355,0.0023564939284873463
38.36734693877551,0.0170734773835322,-4.07022904976888,0.2727272727272725,0.9591836734693878,-6.153839410447299,0.0021253061626400316
38.36734693877551,0.0189654668883421,-3.9651354857239447,0.2828282828282826,0.9591836734693878,-6.255807647008942,0.0019192752330202984
38.36734693877551,0.0210671163356406,-3.8600419216790063,0.292929292929293,0.9591836734693878,-6.3565671216098085,0.0017353136191355636
38.36734693877551,0.0234016590950486,-3.7549483576340705,0.3030303030303031,0.9591836734693878,-6.456194372954131,0.001570762084968311
38.36734693877551,0.0259949031313031,-3.649854793589135,0.3131313131313132,0.9591836734693878,-6.554761646912795,0.001423322079788435
38.36734693877551,0.0288755163068248,-3.5447612295442013,0.32323232323232315,0.9591836734693878,-6.652337794104688,0.0012910004815598001
38.36734693877551,0.0320753432999582,-3.4396676654992664,0.33333333333333315,0.9591836734693878,-6.748988943419019,0.0011720640449963586
38.36734693877551,0.0356297576423598,-3.3345741014543298,0.34343434343434337,0.9591836734693878,-6.844779004779613,0.0010650015709199679
38.36734693877551,0.0395780527672466,-3.229480537409394,0.3535353535353535,0.9591836734693878,-6.939770040444807,0.0009684922856109594
38.36734693877551,0.0439638763914761,-3.1243869733644574,0.3636363636363637,0.9591836734693878,-7.034022532966376,0.0008813792631847787
38.36734693877551,0.048835713033475,-3.019293409319523,0.3737373737373737,0.9591836734693878,-7.127595569125114,0.0008026469783605237
38.36734693877551,0.0542474200011699,-2.914199845274587,0.3838383838383838,0.9591836734693878,-7.220546952303468,0.0007314022673036716
38.36734693877551,0.060258822775172,-2.8091062812296523,0.3939393939393938,0.9591836734693878,-7.312933250503188,0.0006668581185431794
38.36734693877551,0.0669363763690749,-2.7040127171847166,0.404040404040404,0.9591836734693878,-7.404809783301224,0.0006083198268496361
38.36734693877551,0.0743538999780876,-2.5989191531397813,0.4141414141414141,0.9591836734693878,-7.496230548266069,0.0005551731292509856
38.36734693877551,0.0825933930374168,-2.493825589094845,0.42424242424242425,0.9591836734693878,-7.587248085605805,0.0005068740103218476
38.36734693877551,0.0917459417117808,-2.38873202504991,0.4343434343434343,0.9591836734693878,-7.677913279024646,0.00046293991800578044
38.36734693877551,0.101912725837141,-2.283638461004973,0.44444444444444453,0.9591836734693878,-7.768275090919274,0.0004229421747762506
38.36734693877551,0.113206137446215,-2.1785448969600347,0.4545454545454549,0.9591836734693878,-7.858380231187444,0.00038649940430708423
38.36734693877551,0.125751023242877,-2.0734513329151003,0.46464646464646486,0.9591836734693878,-7.9482727611270745,0.00035327182278908025
38.36734693877551,0.139686064760787,-1.9683577688701692,0.47474747474747453,0.9591836734693878,-8.037993637281492,0.00032295626794040343
38.36734693877551,0.155165311463659,-1.8632642048252352,0.48484848484848453,0.9591836734693878,-8.127580204763019,0.0002952818586397599
38.36734693877551,0.172359883735326,-1.7581706407802946,0.49494949494949514,0.9591836734693878,-8.21706565569602,0.0002700061947539311
38.36734693877551,0.19145986458586,-1.6530770767353593,0.5050505050505052,0.9591836734693878,-8.306478476081777,0.0002469120207503096
38.36734693877551,0.212676400986239,-1.5479835126904273,0.5151515151515149,0.9591836734693878,-8.39584191368139,0.0002258042885624265
38.36734693877551,0.236244038061438,-1.442889948645492,0.5252525252525251,0.9591836734693878,-8.48517351044146,0.0002065075652912135
38.36734693877551,0.262423311946047,-1.3377963846005527,0.5353535353535355,0.9591836734693878,-8.574484755421619,0.00018886373997641304
38.36734693877551,0.291503629965987,-1.2327028205556183,0.5454545454545455,0.9591836734693878,-8.663780927788718,0.00017272999109928605
38.36734693877551,0.323806469986239,-1.1276092565106834,0.5555555555555556,0.9591836734693878,-8.753061213580104,0.00015797698287114604
38.36734693877551,0.359688934292802,-1.0225156924657481,0.5656565656565656,0.9591836734693878,-8.842319193534209,0.000144487263880119
38.36734693877551,0.399547697296443,-0.9174221284208132,0.5757575757575757,0.9591836734693878,-8.931543810667563,0.00013215384644644102
38.36734693877551,0.443823390699414,-0.8123285643758777,0.5858585858585857,0.9591836734693878,-9.020720932984123,0.00012087894919662118
38.36734693877551,0.49300547460239,-0.707235000330941,0.5959595959595959,0.9591836734693878,-9.109835625290696,0.00011057288902388965
38.36734693877551,0.547637648400869,-0.6021414362860068,0.606060606060606,0.9591836734693878,-9.19887522997032,0.0001011531118649243
38.36734693877551,0.608323861287565,-0.49704787224107067,0.6161616161616161,0.9591836734693878,-9.28783332395184,9.25433546851817e-05
38.36734693877551,0.67573498880583,-0.39195430819613525,0.6262626262626262,0.9591836734693878,-9.376714561232712,8.467293378820772e-05
38.36734693877551,0.750616249262273,-0.2868607441511999,0.6363636363636362,0.9591836734693878,-9.465540320022168,7.747615704107588e-05
38.36734693877551,0.833795441985706,-0.18176718010626372,0.6464646464646464,0.9591836734693878,-9.554354944623267,7.089185971537091e-05
38.36734693877551,0.926192098504948,-0.07667361606132911,0.6565656565656565,0.9591836734693878,-9.64323220122736,6.48630650873543e-05
38.36734693877551,1.02882764781018,0.028419947983610284,0.666666666666667,0.9591836734693878,-9.732281356030713,5.93367712246307e-05
38.36734693877551,1.142836708073,0.1335135120285407,0.6767676767676766,0.9591836734693878,-9.821652043490875,5.426386384254935e-05
38.36734693877551,1.2694796296533,0.23860707607348014,0.686868686868687,0.9591836734693878,-9.91153683990196,4.959915107010409e-05
38.36734693877551,1.41015642805352,0.3437006401184105,0.6969696969696967,0.9591836734693878,-10.002170212980381,4.530150908115466e-05
38.36734693877551,1.56642226084696,0.44879420416335164,0.7070707070707073,0.9591836734693878,-10.09382229178797,4.133411822934655e-05
38.36734693877551,1.74000461967455,0.5538877682082868,0.7171717171717173,0.9591836734693878,-10.186785678228846,3.766475888668366e-05
38.36734693877551,1.93282242736499,0.6589813322532224,0.7272727272727274,0.9591836734693878,-10.281353268500105,3.4266126118074494e-05
38.36734693877551,2.14700725129329,0.7640748962981553,0.7373737373737373,0.9591836734693878,-10.377784795045166,3.111611222237702e-05
38.36734693877551,2.38492686748792,0.8691684603430914,0.7474747474747475,0.9591836734693878,-10.47625981653717,2.8197991201772388e-05
38.36734693877551,2.64921143598352,0.9742620243880249,0.7575757575757573,0.9591836734693878,-10.576815993544084,2.550041086583312e-05
38.36734693877551,2.94278257678333,1.0793555884329629,0.7676767676767676,0.9591836734693878,-10.679275136354809,2.3017054050145907e-05
38.36734693877551,3.26888566786082,1.184449152477898,0.7777777777777777,0.9591836734693878,-10.783167070218791,2.07457931786768e-05
38.36734693877551,3.63112572224959,1.289542716522833,0.7878787878787878,0.9591836734693878,-10.887672161062945,1.868719251374079e-05
38.36734693877551,4.0335072408363,1.3946362805677694,0.797979797979798,0.9591836734693878,-10.991612277722947,1.684237917888419e-05
38.36734693877551,4.48047848142245,1.4997298446127043,0.808080808080808,0.9591836734693878,-11.093517787086963,1.5210603310623886e-05
38.36734693877551,4.97698063344183,1.6048234086576407,0.8181818181818182,0.9591836734693878,-11.191777722207364,1.3787092601625973e-05
38.36734693877551,5.52850244195146,1.7099169727025751,0.8282828282828283,0.9591836734693878,-11.284846104304952,1.2561850131550038e-05
38.36734693877551,6.14114088475497,1.8150105367475111,0.8383838383838383,0.9591836734693878,-11.371448305017147,1.1519741928157199e-05
38.36734693877551,6.8216685734332,1.9201041007924453,0.8484848484848483,0.9591836734693878,-11.450727641540286,1.0641728422283793e-05
38.36734693877551,7.57760862338904,2.0251976648373815,0.8585858585858586,0.9591836734693878,-11.522297815310038,9.906714332438417e-06
38.36734693877551,8.41731782058148,2.1302912288823177,0.8686868686868686,0.9591836734693878,-11.586204567361255,9.293414124151537e-06
38.36734693877551,9.35007900434302,2.2353847929272526,0.8787878787878787,0.9591836734693878,-11.642827876833671,8.78181126798767e-06
38.36734693877551,10.3862036875563,2.3404783569721936,0.8888888888888893,0.9591836734693878,-11.692763592942512,8.354054292377807e-06
38.36734693877551,11.5371460486378,2.445571921017128,0.8989898989898993,0.9591836734693878,-11.736714676416593,7.994836386091963e-06
38.36734693877551,12.8156295554912,2.550665485062058,0.909090909090909,0.9591836734693878,-11.775407628202881,7.691400832189419e-06
38.36734693877551,14.2357876212352,2.6557590491069942,0.919191919191919,0.9591836734693878,-11.809537294165803,7.433324963408483e-06
38.36734693877551,15.8133198466305,2.7608526131519304,0.9292929292929293,0.9591836734693878,-11.839736051624286,7.21220338847206e-06
38.36734693877551,17.5656655764397,2.865946177196865,0.9393939393939392,0.9591836734693878,-11.866560811455372,7.0213095519982694e-06
38.36734693877551,19.5121966883548,2.9710397412417997,0.9494949494949493,0.9591836734693878,-11.890491480416626,6.855279446571967e-06
38.36734693877551,21.6744317457404,3.0761333052867346,0.9595959595959593,0.9591836734693878,-11.911935902095369,6.709836981760745e-06
38.36734693877551,24.0762738816144,3.1812268693316703,0.9696969696969694,0.9591836734693878,-11.931237849470481,6.581565983886058e-06
38.36734693877551,26.744275043632,3.2863204333766105,0.97979797979798,0.9591836734693878,-11.94868594208963,6.467726242259031e-06
38.36734693877551,29.707929521255,3.3914139974215445,0.98989898989899,0.9591836734693878,-11.964522296851602,6.366107791633718e-06
38.36734693877551,33.0,3.4965075614664802,1.0,0.9591836734693878,-11.978950331465956,6.274916803341485e-06
39.183673469387756,0.001,-6.907755278982137,0.0,0.9795918367346939,-0.08352313984884145,0.9198698007768175
39.183673469387756,0.001110814537795,-6.802661714937222,0.010101010101008117,0.9795918367346939,-1.2671583075147659,0.28163079385044876
39.183673469387756,0.0012339089373767,-6.697568150892323,0.020202020202014698,0.9795918367346939,-2.0549817289133503,0.12809517599421097
39.183673469387756,0.0013706439859533,-6.592474586847349,0.030303030303028534,0.9795918367346939,-2.5840777255664498,0.07546564755317443
39.183673469387756,0.0015225312657382,-6.487381022802441,0.04040404040403597,0.9795918367346939,-2.9667117415134094,0.051472286543983316
39.183673469387756,0.0016912498642295,-6.382287458757476,0.05050505050504887,0.9795918367346939,-3.2666581184855055,0.038133652519022024
39.183673469387756,0.00187866493623,-6.277193894712534,0.06060606060605963,0.9795918367346939,-3.517099115329279,0.02968542437772199
39.183673469387756,0.00208684832281,-6.172100330667619,0.07070707070706775,0.9795918367346939,-3.7355032126505097,0.023861160809168173
39.183673469387756,0.0023181014551505,-6.067006766622687,0.08080808080807748,0.9795918367346939,-3.9315748710503695,0.019612760649358688
39.183673469387756,0.002574980796465,-5.961913202577741,0.0909090909090886,0.9795918367346939,-4.111111261237298,0.01638955132971257
39.183673469387756,0.0028603261032564,-5.856819638532781,0.10101010101010106,0.9795918367346939,-4.277852954250242,0.013872414844113997
39.183673469387756,0.0031772918183317,-5.751726074487876,0.11111111111110823,0.9795918367346939,-4.434388666837898,0.011862315518304202
39.183673469387756,0.0035293819426201,-5.646632510442922,0.1212121212121201,0.9795918367346939,-4.582612361947436,0.010228141757030072
39.183673469387756,0.0039204887712936,-5.541538946397998,0.13131313131312908,0.9795918367346939,-4.723964970849397,0.008879900110584336
39.183673469387756,0.0043549359224151,-5.436445382353058,0.14141414141413966,0.9795918367346939,-4.859570263977348,0.007753815269012971
39.183673469387756,0.0048375261337845,-5.331351818308116,0.15151515151515035,0.9795918367346939,-4.99031729923368,0.0068035054026593265
39.183673469387756,0.0053735943563712,-5.2262582542631755,0.16161616161616094,0.9795918367346939,-5.116914862174685,0.005994488218672332
39.183673469387756,0.0059690667312704,-5.121164690218244,0.17171717171717069,0.9795918367346939,-5.239930341301407,0.005300626057723407
39.183673469387756,0.0066305261021638,-5.016071126173304,0.18181818181818118,0.9795918367346939,-5.359819205100005,0.0047017560842662915
39.183673469387756,0.0073652847875129,-4.910977562128371,0.19191919191919102,0.9795918367346939,-5.476948213418324,0.0041820730374167074
39.183673469387756,0.0081814654169699,-4.80588399808343,0.20202020202020168,0.9795918367346939,-5.591614042038622,0.0037290042352023382
39.183673469387756,0.0090880907256374,-4.700790434038493,0.21212121212121193,0.9795918367346939,-5.704058311012031,0.003332414005611733
39.183673469387756,0.0100951832988382,-4.595696869993551,0.22222222222222263,0.9795918367346939,-5.81447968211167,0.0029840325691321335
39.183673469387756,0.0112138763700549,-4.490603305948624,0.23232323232323193,0.9795918367346939,-5.923043531365454,0.0026770401100015434
39.183673469387756,0.0124565368968931,-4.385509741903686,0.24242424242424226,0.9795918367346939,-6.029889614681944,0.0024057595244933346
39.183673469387756,0.013836902275649,-4.280416177858747,0.2525252525252527,0.9795918367346939,-6.135138085086559,0.002165426184177096
39.183673469387756,0.0153702322058399,-4.175322613813814,0.26262626262626254,0.9795918367346939,-6.238894171106947,0.001952012922056903
39.183673469387756,0.0170734773835322,-4.07022904976888,0.2727272727272725,0.9795918367346939,-6.341251781091615,0.0017620950983696774
39.183673469387756,0.0189654668883421,-3.9651354857239447,0.2828282828282826,0.9795918367346939,-6.442296256365751,0.0015927451271511715
39.183673469387756,0.0210671163356406,-3.8600419216790063,0.292929292929293,0.9795918367346939,-6.542106457497178,0.0014414489478587753
39.183673469387756,0.0234016590950486,-3.7549483576340705,0.3030303030303031,0.9795918367346939,-6.640756333244851,0.0013060390694216348
39.183673469387756,0.0259949031313031,-3.649854793589135,0.3131313131313132,0.9795918367346939,-6.738316091447239,0.001184640303945442
39.183673469387756,0.0288755163068248,-3.5447612295442013,0.32323232323232315,0.9795918367346939,-6.8348530652867785,0.0010756253503436954
39.183673469387756,0.0320753432999582,-3.4396676654992664,0.33333333333333315,0.9795918367346939,-6.930432346850915,0.0009775781241923992
39.183673469387756,0.0356297576423598,-3.3345741014543298,0.34343434343434337,0.9795918367346939,-7.025117242314111,0.0008892632542113823
39.183673469387756,0.0395780527672466,-3.229480537409394,0.3535353535353535,0.9795918367346939,-7.118969588902218,0.0008096005428603427
39.183673469387756,0.0439638763914761,-3.1243869733644574,0.3636363636363637,0.9795918367346939,-7.21204996256085,0.0007376434630040593
39.183673469387756,0.048835713033475,-3.019293409319523,0.3737373737373737,0.9795918367346939,-7.304417796449326,0.0006725609649143907
39.183673469387756,0.0542474200011699,-2.914199845274587,0.3838383838383838,0.9795918367346939,-7.396131423597781,0.0006136220190097969
39.183673469387756,0.060258822775172,-2.8091062812296523,0.3939393939393938,0.9795918367346939,-7.48724805194486,0.0005601824341923512
39.183673469387756,0.0669363763690749,-2.7040127171847166,0.404040404040404,0.9795918367346939,-7.57782367624355,0.0005116735795180871
39.183673469387756,0.0743538999780876,-2.5989191531397813,0.4141414141414141,0.9795918367346939,-7.6679129287838155,0.00046759270530169847
39.183673469387756,0.0825933930374168,-2.493825589094845,0.42424242424242425,0.9795918367346939,-7.757568869402488,0.0004274946136130091
39.183673469387756,0.0917459417117808,-2.38873202504991,0.4343434343434343,0.9795918367346939,-7.8468427147645645,0.0003909844710451906
39.183673469387756,0.101912725837141,-2.283638461004973,0.44444444444444453,0.9795918367346939,-7.935783507389357,0.0003577115912094689
39.183673469387756,0.113206137446215,-2.1785448969600347,0.4545454545454549,0.9795918367346939,-8.024437726387976,0.0003273640425323957
39.183673469387756,0.125751023242877,-2.0734513329151003,0.46464646464646486,0.9795918367346939,-8.11284884443905,0.00029966396000616385
39.183673469387756,0.139686064760787,-1.9683577688701692,0.47474747474747453,0.9795918367346939,-8.201056839245975,0.00027436345862787804
39.183673469387756,0.155165311463659,-1.8632642048252352,0.48484848484848453,0.9795918367346939,-8.289097672693847,0.0002512410621656354
39.183673469387756,0.172359883735326,-1.7581706407802946,0.49494949494949514,0.9795918367346939,-8.377002757257808,0.00023009857422776745
39.183673469387756,0.19145986458586,-1.6530770767353593,0.5050505050505052,0.9795918367346939,-8.46479843698459,0.00021075832986820834
39.183673469387756,0.212676400986239,-1.5479835126904273,0.5151515151515149,0.9795918367346939,-8.55250551960125,0.00019306077551248742
39.183673469387756,0.236244038061438,-1.442889948645492,0.5252525252525251,0.9795918367346939,-8.640138906933068,0.00017686233313192573
39.183673469387756,0.262423311946047,-1.3377963846005527,0.5353535353535355,0.9795918367346939,-8.727707382621976,0.0001620335115634544
39.183673469387756,0.291503629965987,-1.2327028205556183,0.5454545454545455,0.9795918367346939,-8.815213628687445,0.00014845723385779959
39.183673469387756,0.323806469986239,-1.1276092565106834,0.5555555555555556,0.9795918367346939,-8.90265455499787,0.00013602735469398584
39.183673469387756,0.359688934292802,-1.0225156924657481,0.5656565656565656,0.9795918367346939,-8.99002203699923,0.00012464734635383307
39.183673469387756,0.399547697296443,-0.9174221284208132,0.5757575757575757,0.9795918367346939,-9.0773041652441,0.00011422913562192667
39.183673469387756,0.443823390699414,-0.8123285643758777,0.5858585858585857,0.9795918367346939,-9.164487112755515,0.0001046920773714555
39.183673469387756,0.49300547460239,-0.707235000330941,0.5959595959595959,0.9795918367346939,-9.25155771947334,9.596205361581967e-05
39.183673469387756,0.547637648400869,-0.6021414362860068,0.606060606060606,0.9795918367346939,-9.33850687233701,8.797068954346745e-05
39.183673469387756,0.608323861287565,-0.49704787224107067,0.6161616161616161,0.9795918367346939,-9.425333719317841,8.065468058398147e-05
39.183673469387756,0.67573498880583,-0.39195430819613525,0.6262626262626262,0.9795918367346939,-9.512050689604512,7.395522691177316e-05
39.183673469387756,0.750616249262273,-0.2868607441511999,0.6363636363636362,0.9795918367346939,-9.598689193944903,6.781757394036338e-05
39.183673469387756,0.833795441985706,-0.18176718010626372,0.6464646464646464,0.9795918367346939,-9.685305744144422,6.219065913689811e-05
39.183673469387756,0.926192098504948,-0.07667361606132911,0.6565656565656565,0.9795918367346939,-9.77198805778023,5.7026866573623256e-05
39.183673469387756,1.02882764781018,0.028419947983610284,0.666666666666667,0.9795918367346939,-9.858860508117266,5.2281890536018533e-05
39.183673469387756,1.142836708073,0.1335135120285407,0.6767676767676766,0.9795918367346939,-9.94608805226153,4.7914707619106874e-05
39.183673469387756,1.2694796296533,0.23860707607348014,0.686868686868687,0.9795918367346939,-10.033877540891206,4.388765253471726e-05
39.183673469387756,1.41015642805352,0.3437006401184105,0.6969696969696967,0.9795918367346939,-10.122475097060914,4.016658619848448e-05
39.183673469387756,1.56642226084696,0.44879420416335164,0.7070707070707073,0.9795918367346939,-10.212158051031999,3.672113617770632e-05
39.183673469387756,1.74000461967455,0.5538877682082868,0.7171717171717173,0.9795918367346939,-10.30321970839778,3.352498056887379e-05
39.183673469387756,1.93282242736499,0.6589813322532224,0.7272727272727274,0.9795918367346939,-10.3959449800091,3.0556137877418396e-05
39.183673469387756,2.14700725129329,0.7640748962981553,0.7373737373737373,0.9795918367346939,-10.490574679640643,2.779721618142313e-05
39.183673469387756,2.38492686748792,0.8691684603430914,0.7474747474747475,0.9795918367346939,-10.587256476098005,2.52355592661357e-05
39.183673469387756,2.64921143598352,0.9742620243880249,0.7575757575757573,0.9795918367346939,-10.68598201075981,2.2863198082514903e-05
39.183673469387756,2.94278257678333,1.0793555884329629,0.7676767676767676,0.9795918367346939,-10.786514006077152,2.067647440702715e-05
39.183673469387756,3.26888566786082,1.184449152477898,0.7777777777777777,0.9795918367346939,-10.888315303112831,1.867517785842004e-05
39.183673469387756,3.63112572224959,1.289542716522833,0.7878787878787878,0.9795918367346939,-10.99050217200543,1.6861086381872633e-05
39.183673469387756,4.0335072408363,1.3946362805677694,0.797979797979798,0.9795918367346939,-11.091851002418187,1.5235977251598347e-05
39.183673469387756,4.48047848142245,1.4997298446127043,0.808080808080808,0.9795918367346939,-11.190881681919333,1.3799451928452307e-05
39.183673469387756,4.97698063344183,1.6048234086576407,0.8181818181818182,0.9795918367346939,-11.286017744371293,1.254714078334208e-05
39.183673469387756,5.52850244195146,1.7099169727025751,0.8282828282828283,0.9795918367346939,-11.375790299150403,1.1469831709639243e-05
39.183673469387756,6.14114088475497,1.8150105367475111,0.8383838383838383,0.9795918367346939,-11.459029154786494,1.0553751648244779e-05
39.183673469387756,6.8216685734332,1.9201041007924453,0.8484848484848483,0.9795918367346939,-11.534987295498889,9.781797518101948e-06
39.183673469387756,7.57760862338904,2.0251976648373815,0.8585858585858586,0.9795918367346939,-11.603373007662753,9.13522253561814e-06
39.183673469387756,8.41731782058148,2.1302912288823177,0.8686868686868686,0.9795918367346939,-11.664299297746284,8.595263194818082e-06
39.183673469387756,9.35007900434302,2.2353847929272526,0.8787878787878787,0.9795918367346939,-11.718183281520732,8.144373139226423e-06
39.183673469387756,10.3862036875563,2.3404783569721936,0.8888888888888893,0.9795918367346939,-11.765631932238966,7.766958340159052e-06
39.183673469387756,11.5371460486378,2.445571921017128,0.8989898989898993,0.9795918367346939,-11.807340610602735,7.449671573766425e-06
39.183673469387756,12.8156295554912,2.550665485062058,0.909090909090909,0.9795918367346939,-11.844016939586437,7.181394745031104e-06
39.183673469387756,14.2357876212352,2.6557590491069942,0.919191919191919,0.9795918367346939,-11.876331604656663,6.95303985603638e-06
39.183673469387756,15.8133198466305,2.7608526131519304,0.9292929292929293,0.9795918367346939,-11.904891646135262,6.757269658729527e-06
39.183673469387756,17.5656655764397,2.865946177196865,0.9393939393939392,0.9795918367346939,-11.930229892741544,6.588203262089131e-06
39.183673469387756,19.5121966883548,2.9710397412417997,0.9494949494949493,0.9795918367346939,-11.952804626913926,6.441142498946997e-06
39.183673469387756,21.6744317457404,3.0761333052867346,0.9595959595959593,0.9795918367346939,-11.973004938696725,6.312334770367051e-06
39.183673469387756,24.0762738816144,3.1812268693316703,0.9696969696969694,0.9795918367346939,-11.991158680095328,6.1987761528773454e-06
39.183673469387756,26.744275043632,3.2863204333766105,0.97979797979798,0.9795918367346939,-12.007541121195366,6.098052371085833e-06
39.183673469387756,29.707929521255,3.3914139974215445,0.98989898989899,0.9795918367346939,-12.022383255739443,6.008212613442021e-06
39.183673469387756,33.0,3.4965075614664802,1.0,0.9795918367346939,-12.035879251627776,5.927670521092176e-06
40.0,0.001,-6.907755278982137,0.0,1.0,-0.35117100364498843,0.7038633803601455
40.0,0.001110814537795,-6.802661714937222,0.010101010101008117,1.0,-1.5094114266059233,0.22104003796606633
40.0,0.0012339089373767,-6.697568150892323,0.020202020202014698,1.0,-2.2806097201049464,0.10222186098693806
40.0,0.0013706439859533,-6.592474586847349,0.030303030303028534,1.0,-2.8010537706316305,0.0607460165179959
40.0,0.0015225312657382,-6.487381022802441,0.04040404040403597,1.0,-3.1792686562835315,0.04161607965278019
40.0,0.0016912498642295,-6.382287458757476,0.05050505050504887,1.0,-3.476698522696117,0.030909289082564604
40.0,0.00187866493623,-6.277193894712534,0.06060606060605963,1.0,-3.7254395951671198,0.02410250275391852
40.0,0.00208684832281,-6.172100330667619,0.07070707070706775,1.0,-3.9424965704032524,0.019399721466685806
40.0,0.0023181014551505,-6.067006766622687,0.08080808080807748,1.0,-4.137382641900376,0.01596458189673312
40.0,0.002574980796465,-5.961913202577741,0.0909090909090886,1.0,-4.315818575123411,0.013355612438241059
40.0,0.0028603261032564,-5.856819638532781,0.10101010101010106,1.0,-4.481516021291345,0.011316244476350507
40.0,0.0031772918183317,-5.751726074487876,0.11111111111110823,1.0,-4.637053738514467,0.009686193687906054
40.0,0.0035293819426201,-5.646632510442922,0.1212121212121201,1.0,-4.7843226348040355,0.008359784457579936
40.0,0.0039204887712936,-5.541538946397998,0.13131313131312908,1.0,-4.924762446436183,0.007264451771265891
40.0,0.0043549359224151,-5.436445382353058,0.14141414141413966,1.0,-5.059495578207402,0.006348761158835755
40.0,0.0048375261337845,-5.331351818308116,0.15151515151515035,1.0,-5.189408824847461,0.005575301820765583
40.0,0.0053735943563712,-5.2262582542631755,0.16161616161616094,1.0,-5.315207650109017,0.004916257787883208
40.0,0.0059690667312704,-5.121164690218244,0.17171717171717069,1.0,-5.437455144381363,0.0043505406929263205
40.0,0.0066305261021638,-5.016071126173304,0.18181818181818118,1.0,-5.5566016837013725,0.0038618780062687178
40.0,0.0073652847875129,-4.910977562128371,0.19191919191919102,1.0,-5.6730083563133045,0.0034375084551471397
40.0,0.0081814654169699,-4.80588399808343,0.20202020202020168,1.0,-5.786965803445578,0.0030672747860793458
40.0,0.0090880907256374,-4.700790434038493,0.21212121212121193,1.0,-5.898709448679672,0.002742982495181672
40.0,0.0100951832988382,-4.595696869993551,0.22222222222222263,1.0,-6.008431773258086,0.0024579397664161793
40.0,0.0112138763700549,-4.490603305948624,0.23232323232323193,1.0,-6.116292139899897,0.0022066226613206125
40.0,0.0124565368968931,-4.385509741903686,0.24242424242424226,1.0,-6.222424582517305,0.0019844279703549587
40.0,0.013836902275649,-4.280416177858747,0.2525252525252527,1.0,-6.3269439213866745,0.0017874881346312496
40.0,0.0153702322058399,-4.175322613813814,0.26262626262626254,1.0,-6.429950515254198,0.0016125306281806146
40.0,0.0170734773835322,-4.07022904976888,0.2727272727272725,1.0,-6.531533917492019,0.0014567695707651462
40.0,0.0189654668883421,-3.9651354857239447,0.2828282828282826,1.0,-6.631775661593639,0.0013178210031200212
40.0,0.0210671163356406,-3.8600419216790063,0.292929292929293,1.0,-6.730751362522034,0.0011936357679448468
40.0,0.0234016590950486,-3.7549483576340705,0.3030303030303031,1.0,-6.8285322854851485,0.0010824456735054496
40.0,0.0259949031313031,-3.649854793589135,0.3131313131313132,1.0,-6.9251865031390265,0.0009827198207251486
40.0,0.0288755163068248,-3.5447612295442013,0.32323232323232315,1.0,-7.020779736162542,0.000893128816436311
40.0,0.0320753432999582,-3.4396676654992664,0.33333333333333315,1.0,-7.115375950446896,0.0008125151884591682
40.0,0.0356297576423598,-3.3345741014543298,0.34343434343434337,1.0,-7.209037766422601,0.0007398687395969497
40.0,0.0395780527672466,-3.229480537409394,0.3535353535353535,1.0,-7.301826721822999,0.000674305880191857
40.0,0.0439638763914761,-3.1243869733644574,0.3636363636363637,1.0,-7.3938034179431265,0.0006150521986270725
40.0,0.048835713033475,-3.019293409319523,0.3737373737373737,1.0,-7.485027570708282,0.0005614276907993526
40.0,0.0542474200011699,-2.914199845274587,0.3838383838383838,1.0,-7.5755579811875995,0.0005128341901158208
40.0,0.060258822775172,-2.8091062812296523,0.3939393939393938,1.0,-7.665452435216955,0.0004687446307163913
40.0,0.0669363763690749,-2.7040127171847166,0.404040404040404,1.0,-7.754767538253552,0.00042869384653014433
40.0,0.0743538999780876,-2.5989191531397813,0.4141414141414141,1.0,-7.843558489266377,0.000392270663130727
40.0,0.0825933930374168,-2.493825589094845,0.42424242424242425,1.0,-7.931878796237267,0.00035911108217474337
40.0,0.0917459417117808,-2.38873202504991,0.4343434343434343,1.0,-8.019779935630229,0.0003288923923478143
40.0,0.101912725837141,-2.283638461004973,0.44444444444444453,1.0,-8.10731095895786,0.0003013280682670781
40.0,0.113206137446215,-2.1785448969600347,0.4545454545454549,1.0,-8.194518051350041,0.00027616334120249806
40.0,0.125751023242877,-2.0734513329151003,0.46464646464646486,1.0,-8.281444049860294,0.00025317134389726885
40.0,0.139686064760787,-1.9683577688701692,0.47474747474747453,1.0,-8.368127933198913,0.00023214974702615056
40.0,0.155165311463659,-1.8632642048252352,0.48484848484848453,1.0,-8.454604299735227,0.00021291781756510768
40.0,0.172359883735326,-1.7581706407802946,0.49494949494949514,1.0,-8.540902857032211,0.00019531384004392165
40.0,0.19145986458586,-1.6530770767353593,0.5050505050505052,1.0,-8.627047953899226,0.00017919285069415696
40.0,0.212676400986239,-1.5479835126904273,0.5151515151515149,1.0,-8.713058194945097,0.00016442464218392692
40.0,0.236244038061438,-1.442889948645492,0.5252525252525251,1.0,-8.798946187748792,0.0001508920031821492
40.0,0.262423311946047,-1.3377963846005527,0.5353535353535355,1.0,-8.88471848373884,0.00013848916260485481
40.0,0.291503629965987,-1.2327028205556183,0.5454545454545455,1.0,-8.97037578514038,0.0001271204132163631
40.0,0.323806469986239,-1.1276092565106834,0.5555555555555556,1.0,-9.055913501018257,0.00011669889341541081
40.0,0.359688934292802,-1.0225156924657481,0.5656565656565656,1.0,-9.141322744150077,0.00010714550964059943
40.0,0.399547697296443,-0.9174221284208132,0.5757575757575757,1.0,-9.226591865215504,9.838798498075117e-05
40.0,0.443823390699414,-0.8123285643758777,0.5858585858585857,1.0,-9.311708618825598,9.036002236761536e-05
40.0,0.49300547460239,-0.707235000330941,0.5959595959595959,1.0,-9.39666304357678,8.3000573249024e-05
40.0,0.547637648400869,-0.6021414362860068,0.606060606060606,1.0,-9.481451110999709,7.62532049674789e-05
40.0,0.608323861287565,-0.49704787224107067,0.6161616161616161,1.0,-9.56607915059158,7.006556225640066e-05
40.0,0.67573498880583,-0.39195430819613525,0.6262626262626262,1.0,-9.650568984341758,6.438892032219537e-05
40.0,0.750616249262273,-0.2868607441511999,0.6363636363636362,1.0,-9.73496359915137,5.9177828834569174e-05
40.0,0.833795441985706,-0.18176718010626372,0.6464646464646464,1.0,-9.819333046285251,5.438984761271297e-05
40.0,0.926192098504948,-0.07667361606132911,0.6565656565656565,1.0,-9.903780084593791,4.998537553628338e-05
40.0,1.02882764781018,0.028419947983610284,0.666666666666667,1.0,-9.988444885920746,4.5927573752393987e-05
40.0,1.142836708073,0.1335135120285407,0.6767676767676766,1.0,-10.073507910701819,4.2182382065154454e-05
40.0,1.2694796296533,0.23860707607348014,0.686868686868687,1.0,-10.159189856436623,3.8718623107180244e-05
40.0,1.41015642805352,0.3437006401184105,0.6969696969696967,1.0,-10.245747392795437,3.550818258128325e-05
40.0,1.56642226084696,0.44879420416335164,0.7070707070707073,1.0,-10.333463216651841,3.25262462815001e-05
40.0,1.74000461967455,0.5538877682082868,0.7171717171717173,1.0,-10.422628756708763,2.975156695186495e-05
40.0,1.93282242736499,0.6589813322532224,0.7272727272727274,1.0,-10.51351761267185,2.7166726805955884e-05
40.0,2.14700725129329,0.7640748962981553,0.7373737373737373,1.0,-10.606347649379401,2.4758352543438357e-05
40.0,2.38492686748792,0.8691684603430914,0.7474747474747475,1.0,-10.70123006847792,2.251722314477455e-05
40.0,2.64921143598352,0.9742620243880249,0.7575757575757573,1.0,-10.798105794471212,2.0438180883294064e-05
40.0,2.94278257678333,1.0793555884329629,0.7676767676767676,1.0,-10.896674511603397,1.8519718815620064e-05
40.0,3.26888566786082,1.184449152477898,0.7777777777777777,1.0,-10.996330198283426,1.676310532279139e-05
40.0,3.63112572224959,1.289542716522833,0.7878787878787878,1.0,-11.096126636037607,1.5170972861543434e-05
40.0,4.0335072408363,1.3946362805677694,0.797979797979798,1.0,-11.194800543090494,1.3745479616179203e-05
40.0,4.48047848142245,1.4997298446127043,0.808080808080808,1.0,-11.290870551877425,1.2486399426627626e-05
40.0,4.97698063344183,1.6048234086576407,0.8181818181818182,1.0,-11.382804959495399,1.1389656266488237e-05
40.0,5.52850244195146,1.7099169727025751,0.8282828282828283,1.0,-11.469220262496925,1.0446743420777186e-05
40.0,6.14114088475497,1.8150105367475111,0.8383838383838383,1.0,-11.54905490261088,9.645154407999497e-06
40.0,6.8216685734332,1.9201041007924453,0.8484848484848483,1.0,-11.621671270552376,8.96958390338166e-06
40.0,7.57760862338904,2.0251976648373815,0.8585858585858586,1.0,-11.686868738446332,8.403445661324971e-06
40.0,8.41731782058148,2.1302912288823177,0.8686868686868686,1.0,-11.744822672048906,7.930276367445798e-06
40.0,9.35007900434302,2.2353847929272526,0.8787878787878787,1.0,-11.795982547911583,7.534767759614917e-06
40.0,10.3862036875563,2.3404783569721936,0.8888888888888893,1.0,-11.84096266282443,7.203362242450925e-06
40.0,11.5371460486378,2.445571921017128,0.8989898989898993,1.0,-11.880448169815331,6.924476047145535e-06
40.0,12.8156295554912,2.550665485062058,0.909090909090909,1.0,-11.915126246653214,6.68846440093845e-06
40.0,14.2357876212352,2.6557590491069942,0.919191919191919,1.0,-11.94564260755401,6.487439678975127e-06
40.0,15.8133198466305,2.7608526131519304,0.9292929292929293,1.0,-11.972578627522143,6.315026362904586e-06
40.0,17.5656655764397,2.865946177196865,0.9393939393939392,1.0,-11.996442999075843,6.166106237546504e-06
40.0,19.5121966883548,2.9710397412417997,0.9494949494949493,1.0,-12.017672463151214,6.036582827522096e-06
40.0,21.6744317457404,3.0761333052867346,0.9595959595959593,1.0,-12.036637494514137,5.923177610660812e-06
40.0,24.0762738816144,3.1812268693316703,0.9696969696969694,1.0,-12.053650174326407,5.823260822569915e-06
40.0,26.744275043632,3.2863204333766105,0.97979797979798,1.0,-12.068972564600314,5.734714649457546e-06
40.0,29.707929521255,3.3914139974215445,0.98989898989899,1.0,-12.082824660738119,5.655824489305116e-06
40.0,33.0,3.4965075614664802,1.0,1.0,-12.095391487724092,5.585193455011119e-06
