t,w,x,x_scaled,t_scaled,log_N,N
0.0,0.001,-6.907755278982137,0.0,0.0,18.16652832041547,77557357.73688078
0.0,0.001110814537795,-6.802661714937222,0.010101010101008117,0.0,18.15561782421525,76715767.909778
0.0,0.0012339089373767,-6.697568150892323,0.020202020202014698,0.0,18.143022624922803,75755577.11490385
0.0,0.0013706439859533,-6.592474586847349,0.030303030303028534,0.0,18.128404826229644,74656251.77228619
0.0,0.0015225312657382,-6.487381022802441,0.04040404040403597,0.0,18.111356832751675,73394299.91619219
0.0,0.0016912498642295,-6.382287458757476,0.05050505050504887,0.0,18.09139142785241,71943484.2551636
0.0,0.00187866493623,-6.277193894712534,0.06060606060605963,0.0,18.067933701306487,70275493.79250917
0.0,0.00208684832281,-6.172100330667619,0.07070707070706775,0.0,18.04031720016012,68361284.08277656
0.0,0.0023181014551505,-6.067006766622687,0.08080808080807748,0.0,18.007787624679413,66173300.55530775
0.0,0.002574980796465,-5.961913202577741,0.0909090909090886,0.0,17.96951823532204,63688733.40793989
0.0,0.0028603261032564,-5.856819638532781,0.10101010101010106,0.0,17.924641467774983,60893772.38571542
0.0,0.0031772918183317,-5.751726074487876,0.11111111111110823,0.0,17.872300471705806,57788506.92285863
0.0,0.0035293819426201,-5.646632510442922,0.1212121212121201,0.0,17.811721734776867,54391678.68501921
0.0,0.0039204887712936,-5.541538946397998,0.13131313131312908,0.0,17.74230523762672,50744065.73031122
0.0,0.0043549359224151,-5.436445382353058,0.14141414141413966,0.0,17.66372209895379,46909093.175096735
0.0,0.0048375261337845,-5.331351818308116,0.15151515151515035,0.0,17.576003037145654,42969582.393549904
0.0,0.0053735943563712,-5.2262582542631755,0.16161616161616094,0.0,17.479596997488503,39020472.313786395
0.0,0.0059690667312704,-5.121164690218244,0.17171717171717069,0.0,17.37538096293642,35158640.46486103
0.0,0.0066305261021638,-5.016071126173304,0.18181818181818118,0.0,17.264610676793104,31472058.44929018
0.0,0.0073652847875129,-4.910977562128371,0.19191919191919102,0.0,17.148815991733265,28030842.83531338
0.0,0.0081814654169699,-4.80588399808343,0.20202020202020168,0.0,17.02965896641988,24882093.505818706
0.0,0.0090880907256374,-4.700790434038493,0.21212121212121193,0.0,16.908781944361674,22049091.217053324
0.0,0.0100951832988382,-4.595696869993551,0.22222222222222263,0.0,16.787673233111416,19534119.90244034
0.0,0.0112138763700549,-4.490603305948624,0.23232323232323193,0.0,16.66757030946736,17323427.072756786
0.0,0.0124565368968931,-4.385509741903686,0.24242424242424226,0.0,16.549408690468482,15392773.291660931
0.0,0.013836902275649,-4.280416177858747,0.2525252525252527,0.0,16.433813509141316,13712433.159619605
0.0,0.0153702322058399,-4.175322613813814,0.26262626262626254,0.0,16.321123630624196,12251067.458453711
0.0,0.0170734773835322,-4.07022904976888,0.2727272727272725,0.0,16.2114356246244,10978349.067882543
0.0,0.0189654668883421,-3.9651354857239447,0.2828282828282826,0.0,16.104656021995016,9866502.796200026
0.0,0.0210671163356406,-3.8600419216790063,0.292929292929293,0.0,16.000553286214497,8891028.443343366
0.0,0.0234016590950486,-3.7549483576340705,0.3030303030303031,0.0,15.898804306622239,8030877.09011266
0.0,0.0259949031313031,-3.649854793589135,0.3131313131313132,0.0,15.799033056674897,7268300.524761277
0.0,0.0288755163068248,-3.5447612295442013,0.32323232323232315,0.0,15.700841021296885,6588531.350328108
0.0,0.0320753432999582,-3.4396676654992664,0.33333333333333315,0.0,15.603830118928274,5979396.008652916
0.0,0.0356297576423598,-3.3345741014543298,0.34343434343434337,0.0,15.50761932764152,5430921.20015353
0.0,0.0395780527672466,-3.229480537409394,0.3535353535353535,0.0,15.411856299193165,4934965.792393462
0.0,0.0439638763914761,-3.1243869733644574,0.3636363636363637,0.0,15.316225099081864,4484892.565833399
0.0,0.048835713033475,-3.019293409319523,0.3737373737373737,0.0,15.220450975958489,4075283.9204435972
0.0,0.0542474200011699,-2.914199845274587,0.3838383838383838,0.0,15.124302819779848,3701700.3265829147
0.0,0.060258822775172,-2.8091062812296523,0.3939393939393938,0.0,15.027593756766917,3360477.909404987
0.0,0.0669363763690749,-2.7040127171847166,0.404040404040404,0.0,14.930180167953413,3048560.798742222
0.0,0.0743538999780876,-2.5989191531397813,0.4141414141414141,0.0,14.831959310036444,2763363.9280048986
0.0,0.0825933930374168,-2.493825589094845,0.42424242424242425,0.0,14.732865657829622,2502662.336579559
0.0,0.0917459417117808,-2.38873202504991,0.4343434343434343,0.0,14.63286606852443,2264503.456866112
0.0,0.101912725837141,-2.283638461004973,0.44444444444444453,0.0,14.531953879147336,2047139.2304242929
0.0,0.113206137446215,-2.1785448969600347,0.4545454545454549,0.0,14.430142079484241,1848975.1664603658
0.0,0.125751023242877,-2.0734513329151003,0.46464646464646486,0.0,14.327455742970825,1668533.6469719848
0.0,0.139686064760787,-1.9683577688701692,0.47474747474747453,0.0,14.223923938116453,1504428.9337086033
0.0,0.155165311463659,-1.8632642048252352,0.48484848484848453,0.0,14.119571374936708,1355351.4819569169
0.0,0.172359883735326,-1.7581706407802946,0.49494949494949514,0.0,14.014410058718902,1220059.344694855
0.0,0.19145986458586,-1.6530770767353593,0.5050505050505052,0.0,13.908431223927803,1097374.6726523102
0.0,0.212676400986239,-1.5479835126904273,0.5151515151515149,0.0,13.801597803683263,986183.5808052099
0.0,0.236244038061438,-1.442889948645492,0.5252525252525251,0.0,13.693837657237927,885437.9472489558
0.0,0.262423311946047,-1.3377963846005527,0.5353535353535355,0.0,13.585037733758593,794158.0165838979
0.0,0.291503629965987,-1.2327028205556183,0.5454545454545455,0.0,13.475039301523418,711434.9754370977
0.0,0.323806469986239,-1.1276092565106834,0.5555555555555556,0.0,13.36363432408135,636432.9336838129
0.0,0.359688934292802,-1.0225156924657481,0.5656565656565656,0.0,13.250563025366791,568389.9679204476
0.0,0.399547697296443,-0.9174221284208132,0.5757575757575757,0.0,13.13551265944707,506618.0570136017
0.0,0.443823390699414,-0.8123285643758777,0.5858585858585857,0.0,13.01811749088468,450501.8627556461
0.0,0.49300547460239,-0.707235000330941,0.5959595959595959,0.0,12.897959999674448,399496.3867329899
0.0,0.547637648400869,-0.6021414362860068,0.606060606060606,0.0,12.774573348780581,353123.5761667596
0.0,0.608323861287565,-0.49704787224107067,0.6161616161616161,0.0,12.64744518802636,310967.96767475485
0.0,0.67573498880583,-0.39195430819613525,0.6262626262626262,0.0,12.516022908089509,272671.4605085728
0.0,0.750616249262273,-0.2868607441511999,0.6363636363636362,0.0,12.37972049221935,237927.31151893848
0.0,0.833795441985706,-0.18176718010626372,0.6464646464646464,0.0,12.23792712770706,206473.4533073788
0.0,0.926192098504948,-0.07667361606132911,0.6565656565656565,0.0,12.090017718421645,178085.26268229846
0.0,1.02882764781018,0.028419947983610284,0.666666666666667,0.0,11.935365367090451,152567.95267434395
0.0,1.142836708073,0.1335135120285407,0.6767676767676766,0.0,11.773355756047145,129748.8264190241
0.0,1.2694796296533,0.23860707607348014,0.686868686868687,0.0,11.603403137870078,109469.70659577657
0.0,1.41015642805352,0.3437006401184105,0.6969696969696967,0.0,11.424967353643583,91579.92375349972
0.0,1.56642226084696,0.44879420416335164,0.7070707070707073,0.0,11.237570944943982,75930.28874234686
0.0,1.74000461967455,0.5538877682082868,0.7171717171717173,0.0,11.04081505783823,62368.464988287225
0.0,1.93282242736499,0.6589813322532224,0.7272727272727274,0.0,10.834392520539811,50736.07730963165
0.0,2.14700725129329,0.7640748962981553,0.7373737373737373,0.0,10.618096299178639,40867.74087593211
0.0,2.38492686748792,0.8691684603430914,0.7474747474747475,0.0,10.391821593049215,32591.982223761865
0.0,2.64921143598352,0.9742620243880249,0.7575757575757573,0.0,10.155560197936959,25733.7901192934
0.0,2.94278257678333,1.0793555884329629,0.7676767676767676,0.0,9.909386470809832,20118.32702307249
0.0,3.26888566786082,1.184449152477898,0.7777777777777777,0.0,9.65343522232965,15575.200586639128
0.0,3.63112572224959,1.289542716522833,0.7878787878787878,0.0,9.387873009737355,11942.67035468665
0.0,4.0335072408363,1.3946362805677694,0.797979797979798,0.0,9.112865396278604,9071.25041443147
0.0,4.48047848142245,1.4997298446127043,0.808080808080808,0.0,8.828543554844277,6826.337385965311
0.0,4.97698063344183,1.6048234086576407,0.8181818181818182,0.0,8.534973932579323,5089.698798159095
0.0,5.52850244195146,1.7099169727025751,0.8282828282828283,0.0,8.232134468123252,3759.850474313022
0.0,6.14114088475497,1.8150105367475111,0.8383838383838383,0.0,7.919900102187878,2751.4961635533837
0.0,6.8216685734332,1.9201041007924453,0.8484848484848483,0.0,7.598039203641255,1994.281678613749
0.0,7.57760862338904,2.0251976648373815,0.8585858585858586,0.0,7.266221277592278,1431.132370811194
0.0,8.41731782058148,2.1302912288823177,0.8686868686868686,0.0,6.924035165475376,1016.4131259042022
0.0,9.35007900434302,2.2353847929272526,0.8787878787878787,0.0,6.571016072352311,714.0950468747918
0.0,10.3862036875563,2.3404783569721936,0.8888888888888893,0.0,6.206679258214954,496.05125506713864
0.0,11.5371460486378,2.445571921017128,0.8989898989898993,0.0,5.830558111886182,340.5486903149383
0.0,12.8156295554912,2.550665485062058,0.909090909090909,0.0,5.442244522809299,230.9599971025188
0.0,14.2357876212352,2.6557590491069942,0.919191919191919,0.0,5.0414298752715005,154.69104586617215
0.0,15.8133198466305,2.7608526131519304,0.9292929292929293,0.0,4.6279455024228024,102.3036654199568
0.0,17.5656655764397,2.865946177196865,0.9393939393939392,0.0,4.201801958688826,66.8066053867267
0.0,19.5121966883548,2.9710397412417997,0.9494949494949493,0.0,3.763226926623272,43.08724125087259
0.0,21.6744317457404,3.0761333052867346,0.9595959595959593,0.0,3.312701918706802,27.459217905494903
0.0,24.0762738816144,3.1812268693316703,0.9696969696969694,0.0,2.8509981349685187,17.305045994695483
0.0,26.744275043632,3.2863204333766105,0.97979797979798,0.0,2.3792118742757626,10.79639059684525
0.0,29.707929521255,3.3914139974215445,0.98989898989899,0.0,1.8987997577139364,6.677874562911436
0.0,33.0,3.4965075614664802,1.0,0.0,1.4116136965073682,4.102570368838376
0.8163265306122449,0.001,-6.907755278982137,0.0,0.020408163265306124,-36.53449370307683,1.3591612544526362e-16
0.8163265306122449,0.001110814537795,-6.802661714937222,0.010101010101008117,0.020408163265306124,-36.6207053088708,1.2468946483335563e-16
0.8163265306122449,0.0012339089373767,-6.697568150892323,0.020202020202014698,0.020408163265306124,-36.70404286692097,1.147193610252079e-16
0.8163265306122449,0.0013706439859533,-6.592474586847349,0.030303030303028534,0.020408163265306124,-36.78484037167336,1.0581489586825509e-16
0.8163265306122449,0.0015225312657382,-6.487381022802441,0.04040404040403597,0.020408163265306124,-36.863389245373455,9.782130819553338e-17
0.8163265306122449,0.0016912498642295,-6.382287458757476,0.05050505050504887,0.020408163265306124,-36.939938629922345,9.061257895464558e-17
0.8163265306122449,0.00187866493623,-6.277193894712534,0.06060606060605963,0.020408163265306124,-37.014697423067204,8.408550946002169e-17
0.8163265306122449,0.00208684832281,-6.172100330667619,0.07070707070706775,0.020408163265306124,-37.087838172558314,7.815495834238586e-17
0.8163265306122449,0.0023181014551505,-6.067006766622687,0.08080808080807748,0.020408163265306124,-37.1595027900403,7.274999838501701e-17
0.8163265306122449,0.002574980796465,-5.961913202577741,0.0909090909090886,0.020408163265306124,-37.2298098326798,6.781082488093343e-17
0.8163265306122449,0.0028603261032564,-5.856819638532781,0.10101010101010106,0.020408163265306124,-37.2988628515039,6.328629660550795e-17
0.8163265306122449,0.0031772918183317,-5.751726074487876,0.11111111111110823,0.020408163265306124,-37.36675907049584,5.913202190002161e-17
0.8163265306122449,0.0035293819426201,-5.646632510442922,0.1212121212121201,0.020408163265306124,-37.433597503866004,5.530891847995307e-17
0.8163265306122449,0.0039204887712936,-5.541538946397998,0.13131313131312908,0.020408163265306124,-37.499485602000966,5.1782179857978126e-17
0.8163265306122449,0.0043549359224151,-5.436445382353058,0.14141414141413966,0.020408163265306124,-37.56454367475278,4.852057812235897e-17
0.8163265306122449,0.0048375261337845,-5.331351818308116,0.15151515151515035,0.020408163265306124,-37.62890666324606,4.5496027326828496e-17
0.8163265306122449,0.0053735943563712,-5.2262582542631755,0.16161616161616094,0.020408163265306124,-37.69272325526922,4.2683328836481184e-17
0.8163265306122449,0.0059690667312704,-5.121164690218244,0.17171717171717069,0.020408163265306124,-37.75615276339079,4.006002324539712e-17
0.8163265306122449,0.0066305261021638,-5.016071126173304,0.18181818181818118,0.020408163265306124,-37.81936050160172,3.760628430836961e-17
0.8163265306122449,0.0073652847875129,-4.910977562128371,0.19191919191919102,0.020408163265306124,-37.88251252877506,3.5304807522941103e-17
0.8163265306122449,0.0081814654169699,-4.80588399808343,0.20202020202020168,0.020408163265306124,-37.9457705560844,3.314066631324202e-17
0.8163265306122449,0.0090880907256374,-4.700790434038493,0.21212121212121193,0.020408163265306124,-38.00928758234863,3.1101128090824256e-17
0.8163265306122449,0.0100951832988382,-4.595696869993551,0.22222222222222263,0.020408163265306124,-38.07320450931832,2.917543723155109e-17
0.8163265306122449,0.0112138763700549,-4.490603305948624,0.23232323232323193,0.020408163265306124,-38.13764769070139,2.735458025922748e-17
0.8163265306122449,0.0124565368968931,-4.385509741903686,0.24242424242424226,0.020408163265306124,-38.20272715575521,2.5631050281549522e-17
0.8163265306122449,0.013836902275649,-4.280416177858747,0.2525252525252527,0.020408163265306124,-38.268535154265415,2.399862458212056e-17
0.8163265306122449,0.0153702322058399,-4.175322613813814,0.26262626262626254,0.020408163265306124,-38.33514469036661,2.24521635958874e-17
0.8163265306122449,0.0170734773835322,-4.07022904976888,0.2727272727272725,0.020408163265306124,-38.402607817283204,2.098743355800273e-17
0.8163265306122449,0.0189654668883421,-3.9651354857239447,0.2828282828282826,0.020408163265306124,-38.47095361248663,1.9600950528374322e-17
0.8163265306122449,0.0210671163356406,-3.8600419216790063,0.292929292929293,0.020408163265306124,-38.540185904422195,1.8289841006962088e-17
0.8163265306122449,0.0234016590950486,-3.7549483576340705,0.3030303030303031,0.020408163265306124,-38.6102809493563,1.705171396590244e-17
0.8163265306122449,0.0259949031313031,-3.649854793589135,0.3131313131313132,0.020408163265306124,-38.68118534343106,1.588454033828009e-17
0.8163265306122449,0.0288755163068248,-3.5447612295442013,0.32323232323232315,0.020408163265306124,-38.752814494266254,1.4786538109173198e-17
0.8163265306122449,0.0320753432999582,-3.4396676654992664,0.33333333333333315,0.020408163265306124,-38.825051969178354,1.3756063444805346e-17
0.8163265306122449,0.0356297576423598,-3.3345741014543298,0.34343434343434337,0.020408163265306124,-38.89774998852242,1.2791510201634562e-17
0.8163265306122449,0.0395780527672466,-3.229480537409394,0.3535353535353535,0.020408163265306124,-38.97073125074299,1.1891221313717464e-17
0.8163265306122449,0.0439638763914761,-3.1243869733644574,0.3636363636363637,0.020408163265306124,-39.043792170201925,1.1053415814630348e-17
0.8163265306122449,0.048835713033475,-3.019293409319523,0.3737373737373737,0.020408163265306124,-39.11670749087508,1.0276134655223853e-17
0.8163265306122449,0.0542474200011699,-2.914199845274587,0.3838383838383838,0.020408163265306124,-39.18923612064961,9.557207226287411e-18
0.8163265306122449,0.060258822775172,-2.8091062812296523,0.3939393939393938,0.020408163265306124,-39.26112792442727,8.894238872719188e-18
0.8163265306122449,0.0669363763690749,-2.7040127171847166,0.404040404040404,0.020408163265306124,-39.33213113074337,8.28461800627112e-18
0.8163265306122449,0.0743538999780876,-2.5989191531397813,0.4141414141414141,0.020408163265306124,-39.401999954930126,7.725539966852493e-18
0.8163265306122449,0.0825933930374168,-2.493825589094845,0.42424242424242425,0.020408163265306124,-39.47050202708261,7.214043748201086e-18
0.8163265306122449,0.0917459417117808,-2.38873202504991,0.4343434343434343,0.020408163265306124,-39.53742523581692,6.7470571907197474e-18
0.8163265306122449,0.101912725837141,-2.283638461004973,0.44444444444444453,0.020408163265306124,-39.60258365502548,6.321446249130558e-18
0.8163265306122449,0.113206137446215,-2.1785448969600347,0.4545454545454549,0.020408163265306124,-39.665822302603424,5.934064380812088e-18
0.8163265306122449,0.125751023242877,-2.0734513329151003,0.46464646464646486,0.020408163265306124,-39.727020576933896,5.581798838642416e-18
0.8163265306122449,0.139686064760787,-1.9683577688701692,0.47474747474747453,0.020408163265306124,-39.78609431740713,5.261611541230664e-18
0.8163265306122449,0.155165311463659,-1.8632642048252352,0.48484848484848453,0.020408163265306124,-39.842996528865775,4.970573098484894e-18
0.8163265306122449,0.172359883735326,-1.7581706407802946,0.49494949494949514,0.020408163265306124,-39.89771688827475,4.705889388242464e-18
0.8163265306122449,0.19145986458586,-1.6530770767353593,0.5050505050505052,0.020408163265306124,-39.95028020977435,4.464920746015791e-18
0.8163265306122449,0.212676400986239,-1.5479835126904273,0.5151515151515149,0.020408163265306124,-40.000744079474295,4.2451943178587785e-18
0.8163265306122449,0.236244038061438,-1.442889948645492,0.5252525252525251,0.020408163265306124,-40.049195884641556,4.0444104386752275e-18
0.8163265306122449,0.262423311946047,-1.3377963846005527,0.5353535353535355,0.020408163265306124,-40.09574945627162,3.8604440573380175e-18
0.8163265306122449,0.291503629965987,-1.2327028205556183,0.5454545454545455,0.020408163265306124,-40.1405415236752,3.6913422681609365e-18
0.8163265306122449,0.323806469986239,-1.1276092565106834,0.5555555555555556,0.020408163265306124,-40.18372814941406,3.535318960224253e-18
0.8163265306122449,0.359688934292802,-1.0225156924657481,0.5656565656565656,0.020408163265306124,-40.22548127723798,3.3907474935387006e-18
0.8163265306122449,0.399547697296443,-0.9174221284208132,0.5757575757575757,0.020408163265306124,-40.26598548850069,3.256152180048199e-18
0.8163265306122449,0.443823390699414,-0.8123285643758777,0.5858585858585857,0.020408163265306124,-40.30543502684568,3.130199207348565e-18
0.8163265306122449,0.49300547460239,-0.707235000330941,0.5959595959595959,0.020408163265306124,-40.34403111877024,3.0116875067086494e-18
0.8163265306122449,0.547637648400869,-0.6021414362860068,0.606060606060606,0.020408163265306124,-40.381979590127195,2.8995399421380756e-18
0.8163265306122449,0.608323861287565,-0.49704787224107067,0.6161616161616161,0.020408163265306124,-40.41948875612227,2.792795087362612e-18
0.8163265306122449,0.67573498880583,-0.39195430819613525,0.6262626262626262,0.020408163265306124,-40.45676754480211,2.6905997632848023e-18
0.8163265306122449,0.750616249262273,-0.2868607441511999,0.6363636363636362,0.020408163265306124,-40.4940238009651,2.5922024286866705e-18
0.8163265306122449,0.833795441985706,-0.18176718010626372,0.6464646464646464,0.020408163265306124,-40.531462708274866,2.4969474494908225e-18
0.8163265306122449,0.926192098504948,-0.07667361606132911,0.6565656565656565,0.020408163265306124,-40.56928526150005,2.4042702144956204e-18
0.8163265306122449,1.02882764781018,0.028419947983610284,0.666666666666667,0.020408163265306124,-40.607686717711665,2.3136930159906133e-18
0.8163265306122449,1.142836708073,0.1335135120285407,0.6767676767676766,0.020408163265306124,-40.64685495455331,2.2248215704346964e-18
0.8163265306122449,1.2694796296533,0.23860707607348014,0.686868686868687,0.020408163265306124,-40.68696866515017,2.1373420166170015e-18
0.8163265306122449,1.41015642805352,0.3437006401184105,0.6969696969696967,0.020408163265306124,-40.72819532282033,2.0510181965163046e-18
0.8163265306122449,1.56642226084696,0.44879420416335164,0.7070707070707073,0.020408163265306124,-40.77068885465156,1.9656889985182733e-18
0.8163265306122449,1.74000461967455,0.5538877682082868,0.7171717171717173,0.020408163265306124,-40.81458697149848,1.8812655257932402e-18
0.8163265306122449,1.93282242736499,0.6589813322532224,0.7272727272727274,0.020408163265306124,-40.860008113406586,1.7977278473365314e-18
0.8163265306122449,2.14700725129329,0.7640748962981553,0.7373737373737373,0.020408163265306124,-40.90704798423355,1.7151210987812319e-18
0.8163265306122449,2.38492686748792,0.8691684603430914,0.7474747474747475,0.020408163265306124,-40.95577566754026,1.6335507279762127e-18
0.8163265306122449,2.64921143598352,0.9742620243880249,0.7575757575757573,0.020408163265306124,-41.00622933761687,1.5531767292009014e-18
0.8163265306122449,2.94278257678333,1.0793555884329629,0.7676767676767676,0.020408163265306124,-41.058411604311395,1.4742067810531034e-18
0.8163265306122449,3.26888566786082,1.184449152477898,0.7777777777777777,0.020408163265306124,-41.11228455706184,1.3968882955351473e-18
0.8163265306122449,3.63112572224959,1.289542716522833,0.7878787878787878,0.020408163265306124,-41.16776460037186,1.3214994957933406e-18
0.8163265306122449,4.0335072408363,1.3946362805677694,0.797979797979798,0.020408163265306124,-41.22471719726611,1.2483397601763842e-18
0.8163265306122449,4.48047848142245,1.4997298446127043,0.808080808080808,0.020408163265306124,-41.28295165555888,1.1777195905765787e-18
0.8163265306122449,4.97698063344183,1.6048234086576407,0.8181818181818182,0.020408163265306124,-41.34221609998355,1.1099506711255105e-18
0.8163265306122449,5.52850244195146,1.7099169727025751,0.8282828282828283,0.020408163265306124,-41.40219276701601,1.0453365666136663e-18
0.8163265306122449,6.14114088475497,1.8150105367475111,0.8383838383838383,0.020408163265306124,-41.46249373454132,9.841646579158877e-19
0.8163265306122449,6.8216685734332,1.9201041007924453,0.8484848484848483,0.020408163265306124,-41.52265715236944,9.266999183696633e-19
0.8163265306122449,7.57760862338904,2.0251976648373815,0.8585858585858586,0.020408163265306124,-41.58214397088355,8.731811018125044e-19
0.8163265306122449,8.41731782058148,2.1302912288823177,0.8686868686868686,0.020408163265306124,-41.640335075324536,8.238198501519563e-19
0.8163265306122449,9.35007900434302,2.2353847929272526,0.8787878787878787,0.020408163265306124,-41.696528627079175,7.788031559358741e-19
0.8163265306122449,10.3862036875563,2.3404783569721936,0.8888888888888893,0.020408163265306124,-41.74993729884658,7.382995628994022e-19
0.8163265306122449,11.5371460486378,2.445571921017128,0.8989898989898993,0.020408163265306124,-41.79968497861785,7.024694932294837e-19
0.8163265306122449,12.8156295554912,2.550665485062058,0.909090909090909,0.020408163265306124,-41.844802420897516,6.714802017953692e-19
0.8163265306122449,14.2357876212352,2.6557590491069942,0.919191919191919,0.020408163265306124,-41.88422125605591,6.455261345856797e-19
0.8163265306122449,15.8133198466305,2.7608526131519304,0.9292929292929293,0.020408163265306124,-41.91676574287185,6.2485599175993815e-19
0.8163265306122449,17.5656655764397,2.865946177196865,0.9393939393939392,0.020408163265306124,-41.94114167597024,6.098086850472201e-19
0.8163265306122449,19.5121966883548,2.9710397412417997,0.9494949494949493,0.020408163265306124,-41.95592194715505,6.008618286674013e-19
0.8163265306122449,21.6744317457404,3.0761333052867346,0.9595959595959593,0.020408163265306124,-41.95952841336639,5.986987436756241e-19
0.8163265306122449,24.0762738816144,3.1812268693316703,0.9696969696969694,0.020408163265306124,-41.95020994846113,6.043037714760585e-19
0.8163265306122449,26.744275043632,3.2863204333766105,0.97979797979798,0.020408163265306124,-41.926016855392234,6.191020349587567e-19
0.8163265306122449,29.707929521255,3.3914139974215445,0.98989898989899,0.020408163265306124,-41.88477219467183,6.451705872619174e-19
0.8163265306122449,33.0,3.4965075614664802,1.0,0.020408163265306124,-41.824041049920034,6.85566773661434e-19
1.6326530612244898,0.001,-6.907755278982137,0.0,0.04081632653061225,-37.92438657765541,3.3856977098312833e-17
1.6326530612244898,0.001110814537795,-6.802661714937222,0.010101010101008117,0.04081632653061225,-37.93185777690825,3.3604967455678305e-17
1.6326530612244898,0.0012339089373767,-6.697568150892323,0.020202020202014698,0.04081632653061225,-37.940204030575494,3.332565908345885e-17
1.6326530612244898,0.0013706439859533,-6.592474586847349,0.030303030303028534,0.04081632653061225,-37.949368157219766,3.302165362294395e-17
1.6326530612244898,0.0015225312657382,-6.487381022802441,0.04040404040403597,0.04081632653061225,-37.959278402454245,3.269601717117865e-17
1.6326530612244898,0.0016912498642295,-6.382287458757476,0.05050505050504887,0.04081632653061225,-37.96985266953735,3.235210228157288e-17
1.6326530612244898,0.00187866493623,-6.277193894712534,0.06060606060605963,0.04081632653061225,-37.9810042375116,3.199332976989156e-17
1.6326530612244898,0.00208684832281,-6.172100330667619,0.07070707070706775,0.04081632653061225,-37.99264855465931,3.1622949886829665e-17
1.6326530612244898,0.0023181014551505,-6.067006766622687,0.08080808080807748,0.04081632653061225,-38.00471047861192,3.1243807460469695e-17
1.6326530612244898,0.002574980796465,-5.961913202577741,0.0909090909090886,0.04081632653061225,-38.017131196228796,3.0858137060530015e-17
1.6326530612244898,0.0028603261032564,-5.856819638532781,0.10101010101010106,0.04081632653061225,-38.029874036704015,3.046741150646088e-17
1.6326530612244898,0.0031772918183317,-5.751726074487876,0.11111111111110823,0.04081632653061225,-38.04292850653639,3.0072260457563355e-17
1.6326530612244898,0.0035293819426201,-5.646632510442922,0.1212121212121201,0.04081632653061225,-38.05631211018904,2.967246655184927e-17
1.6326530612244898,0.0039204887712936,-5.541538946397998,0.13131313131312908,0.04081632653061225,-38.07006983165766,2.926703631467473e-17
1.6326530612244898,0.0043549359224151,-5.436445382353058,0.14141414141413966,0.04081632653061225,-38.08427147768794,2.8854333689243726e-17
1.6326530612244898,0.0048375261337845,-5.331351818308116,0.15151515151515035,0.04081632653061225,-38.099007358541606,2.843225713843418e-17
1.6326530612244898,0.0053735943563712,-5.2262582542631755,0.16161616161616094,0.04081632653061225,-38.11438295621681,2.799843785360112e-17
1.6326530612244898,0.0059690667312704,-5.121164690218244,0.17171717171717069,0.04081632653061225,-38.13051327755474,2.7550436966829108e-17
1.6326530612244898,0.0066305261021638,-5.016071126173304,0.18181818181818118,0.04081632653061225,-38.147517515253234,2.7085923330650486e-17
1.6326530612244898,0.0073652847875129,-4.910977562128371,0.19191919191919102,0.04081632653061225,-38.165514474012404,2.6602819326266766e-17
1.6326530612244898,0.0081814654169699,-4.80588399808343,0.20202020202020168,0.04081632653061225,-38.18461900792611,2.609940888444743e-17
1.6326530612244898,0.0090880907256374,-4.700790434038493,0.21212121212121193,0.04081632653061225,-38.2049395069154,2.5574408077048622e-17
1.6326530612244898,0.0100951832988382,-4.595696869993551,0.22222222222222263,0.04081632653061225,-38.22657630263308,2.5027003232787354e-17
1.6326530612244898,0.0112138763700549,-4.490603305948624,0.23232323232323193,0.04081632653061225,-38.24962075901441,2.4456864052832748e-17
1.6326530612244898,0.0124565368968931,-4.385509741903686,0.24242424242424226,0.04081632653061225,-38.27415477283044,2.3864139696683667e-17
1.6326530612244898,0.013836902275649,-4.280416177858747,0.2525252525252527,0.04081632653061225,-38.3002504247927,2.3249444728432868e-17
1.6326530612244898,0.0153702322058399,-4.175322613813814,0.26262626262626254,0.04081632653061225,-38.327969574272906,2.2613839805408e-17
1.6326530612244898,0.0170734773835322,-4.07022904976888,0.2727272727272725,0.04081632653061225,-38.357363261762984,2.195880970118772e-17
1.6326530612244898,0.0189654668883421,-3.9651354857239447,0.2828282828282826,0.04081632653061225,-38.3884708571901,2.1286239193911167e-17
1.6326530612244898,0.0210671163356406,-3.8600419216790063,0.292929292929293,0.04081632653061225,-38.42131895851078,2.0598385838726013e-17
1.6326530612244898,0.0234016590950486,-3.7549483576340705,0.3030303030303031,0.04081632653061225,-38.4559200979634,1.989784781594731e-17
1.6326530612244898,0.0259949031313031,-3.649854793589135,0.3131313131313132,0.04081632653061225,-38.49227135107093,1.9187524895307612e-17
1.6326530612244898,0.0288755163068248,-3.5447612295442013,0.32323232323232315,0.04081632653061225,-38.530352966393885,1.8470570977250812e-17
1.6326530612244898,0.0320753432999582,-3.4396676654992664,0.33333333333333315,0.04081632653061225,-38.57012714365859,1.7750337507261085e-17
1.6326530612244898,0.0356297576423598,-3.3345741014543298,0.34343434343434337,0.04081632653061225,-38.61153708602142,1.7030308129929092e-17
1.6326530612244898,0.0395780527672466,-3.229480537409394,0.3535353535353535,0.04081632653061225,-38.654506440561704,1.6314026077178673e-17
1.6326530612244898,0.0439638763914761,-3.1243869733644574,0.3636363636363637,0.04081632653061225,-38.698939221162775,1.5605016806708046e-17
1.6326530612244898,0.048835713033475,-3.019293409319523,0.3737373737373737,0.04081632653061225,-38.744720281255006,1.490670918738403e-17
1.6326530612244898,0.0542474200011699,-2.914199845274587,0.3838383838383838,0.04081632653061225,-38.79171637213889,1.422235897197166e-17
1.6326530612244898,0.060258822775172,-2.8091062812296523,0.3939393939393938,0.04081632653061225,-38.839777787758884,1.3554978355167045e-17
1.6326530612244898,0.0669363763690749,-2.7040127171847166,0.404040404040404,0.04081632653061225,-38.88874056116459,1.2907275088211435e-17
1.6326530612244898,0.0743538999780876,-2.5989191531397813,0.4141414141414141,0.04081632653061225,-38.93842914401283,1.2281603960679132e-17
1.6326530612244898,0.0825933930374168,-2.493825589094845,0.42424242424242425,0.04081632653061225,-38.98865947089065,1.1679932555227119e-17
1.6326530612244898,0.0917459417117808,-2.38873202504991,0.4343434343434343,0.04081632653061225,-39.039242287292204,1.1103822146837183e-17
1.6326530612244898,0.101912725837141,-2.283638461004973,0.44444444444444453,0.04081632653061225,-39.089986605546514,1.0554423576011039e-17
1.6326530612244898,0.113206137446215,-2.1785448969600347,0.4545454545454549,0.04081632653061225,-39.14070314789434,1.0032486986246178e-17
1.6326530612244898,0.125751023242877,-2.0734513329151003,0.46464646464646486,0.04081632653061225,-39.19120764037891,9.538383565390296e-18
1.6326530612244898,0.139686064760787,-1.9683577688701692,0.47474747474747453,0.04081632653061225,-39.24132383446794,9.072136919644228e-18
1.6326530612244898,0.155165311463659,-1.8632642048252352,0.48484848484848453,0.04081632653061225,-39.29088615379254,8.633461453493674e-18
1.6326530612244898,0.172359883735326,-1.7581706407802946,0.49494949494949514,0.04081632653061225,-39.33974188892853,8.221805112039097e-18
1.6326530612244898,0.19145986458586,-1.6530770767353593,0.5050505050505052,0.04081632653061225,-39.387752891324574,7.836394023466092e-18
1.6326530612244898,0.212676400986239,-1.5479835126904273,0.5151515151515149,0.04081632653061225,-39.434796745871466,7.476276904416044e-18
1.6326530612244898,0.236244038061438,-1.442889948645492,0.5252525252525251,0.04081632653061225,-39.48076742804866,7.140367501635154e-18
1.6326530612244898,0.262423311946047,-1.3377963846005527,0.5353535353535355,0.04081632653061225,-39.525575474379515,6.827483785714384e-18
1.6326530612244898,0.291503629965987,-1.2327028205556183,0.5454545454545455,0.04081632653061225,-39.56914771294817,6.53638304296079e-18
1.6326530612244898,0.323806469986239,-1.1276092565106834,0.5555555555555556,0.04081632653061225,-39.61142661344084,6.2657923978383e-18
1.6326530612244898,0.359688934292802,-1.0225156924657481,0.5656565656565656,0.04081632653061225,-39.65236932357465,6.014434621935466e-18
1.6326530612244898,0.399547697296443,-0.9174221284208132,0.5757575757575757,0.04081632653061225,-39.69194646130019,5.781049338110481e-18
1.6326530612244898,0.443823390699414,-0.8123285643758777,0.5858585858585857,0.04081632653061225,-39.73014073054719,5.564409910997334e-18
1.6326530612244898,0.49300547460239,-0.707235000330941,0.5959595959595959,0.04081632653061225,-39.76694542342942,5.363336434023224e-18
1.6326530612244898,0.547637648400869,-0.6021414362860068,0.606060606060606,0.04081632653061225,-39.80236286468541,5.1767052884449896e-18
1.6326530612244898,0.608323861287565,-0.49704787224107067,0.6161616161616161,0.04081632653061225,-39.83640284560865,5.0034557729370214e-18
1.6326530612244898,0.67573498880583,-0.39195430819613525,0.6262626262626262,0.04081632653061225,-39.86908108560246,4.8425942940361494e-18
1.6326530612244898,0.750616249262273,-0.2868607441511999,0.6363636363636362,0.04081632653061225,-39.900417750418185,4.693196578223413e-18
1.6326530612244898,0.833795441985706,-0.18176718010626372,0.6464646464646464,0.04081632653061225,-39.93043604757519,4.554408323915497e-18
1.6326530612244898,0.926192098504948,-0.07667361606132911,0.6565656565656565,0.04081632653061225,-39.959160911734635,4.425444662705255e-18
1.6326530612244898,1.02882764781018,0.028419947983610284,0.666666666666667,0.04081632653061225,-39.98661778608651,4.305588748688835e-18
1.6326530612244898,1.142836708073,0.1335135120285407,0.6767676767676766,0.04081632653061225,-40.012831500178116,4.194189746031638e-18
1.6326530612244898,1.2694796296533,0.23860707607348014,0.686868686868687,0.04081632653061225,-40.0378252400438,4.090660440235888e-18
1.6326530612244898,1.41015642805352,0.3437006401184105,0.6969696969696967,0.04081632653061225,-40.06161960291376,3.9944746591285834e-18
1.6326530612244898,1.56642226084696,0.44879420416335164,0.7070707070707073,0.04081632653061225,-40.084231726068474,3.9051646559714876e-18
1.6326530612244898,1.74000461967455,0.5538877682082868,0.7171717171717173,0.04081632653061225,-40.10567447743508,3.822318579421498e-18
1.6326530612244898,1.93282242736499,0.6589813322532224,0.7272727272727274,0.04081632653061225,-40.125955694152886,3.745578133196446e-18
1.6326530612244898,2.14700725129329,0.7640748962981553,0.7373737373737373,0.04081632653061225,-40.14507745443971,3.6746365119242385e-18
1.6326530612244898,2.38492686748792,0.8691684603430914,0.7474747474747475,0.04081632653061225,-40.16303536754739,3.609236688452395e-18
1.6326530612244898,2.64921143598352,0.9742620243880249,0.7575757575757573,0.04081632653061225,-40.17981786630296,3.549170121578869e-18
1.6326530612244898,2.94278257678333,1.0793555884329629,0.7676767676767676,0.04081632653061225,-40.195405486603924,3.494275951562727e-18
1.6326530612244898,3.26888566786082,1.184449152477898,0.7777777777777777,0.04081632653061225,-40.20977011820696,3.444440753851417e-18
1.6326530612244898,3.63112572224959,1.289542716522833,0.7878787878787878,0.04081632653061225,-40.22287421116479,3.3995989294174972e-18
1.6326530612244898,4.0335072408363,1.3946362805677694,0.797979797979798,0.04081632653061225,-40.23466992229363,3.3597338233606307e-18
1.6326530612244898,4.48047848142245,1.4997298446127043,0.808080808080808,0.04081632653061225,-40.245098186071246,3.3248796827751782e-18
1.6326530612244898,4.97698063344183,1.6048234086576407,0.8181818181818182,0.04081632653061225,-40.254087694365204,3.295124591489008e-18
1.6326530612244898,5.52850244195146,1.7099169727025751,0.8282828282828283,0.04081632653061225,-40.261553769376704,3.2706145548563928e-18
1.6326530612244898,6.14114088475497,1.8150105367475111,0.8383838383838383,0.04081632653061225,-40.26739711417263,3.2515589547591993e-18
1.6326530612244898,6.8216685734332,1.9201041007924453,0.8484848484848483,0.04081632653061225,-40.27150242519068,3.2382376567015185e-18
1.6326530612244898,7.57760862338904,2.0251976648373815,0.8585858585858586,0.04081632653061225,-40.273736851175926,3.2310101320265103e-18
1.6326530612244898,8.41731782058148,2.1302912288823177,0.8686868686868686,0.04081632653061225,-40.27394828318604,3.2303270652732386e-18
1.6326530612244898,9.35007900434302,2.2353847929272526,0.8787878787878787,0.04081632653061225,-40.27196346063918,3.2367450584479173e-18
1.6326530612244898,10.3862036875563,2.3404783569721936,0.8888888888888893,0.04081632653061225,-40.26758587894012,3.250945232915489e-18
1.6326530612244898,11.5371460486378,2.445571921017128,0.8989898989898993,0.04081632653061225,-40.26059348507678,3.273756783139293e-18
1.6326530612244898,12.8156295554912,2.550665485062058,0.909090909090909,0.04081632653061225,-40.25073614881909,3.3061868791629155e-18
1.6326530612244898,14.2357876212352,2.6557590491069942,0.919191919191919,0.04081632653061225,-40.2377328988668,3.3494587815070324e-18
1.6326530612244898,15.8133198466305,2.7608526131519304,0.9292929292929293,0.04081632653061225,-40.22126891559331,3.4050606732073603e-18
1.6326530612244898,17.5656655764397,2.865946177196865,0.9393939393939392,0.04081632653061225,-40.20099227503466,3.47480860172007e-18
1.6326530612244898,19.5121966883548,2.9710397412417997,0.9494949494949493,0.04081632653061225,-40.17651044261256,3.560928164616807e-18
1.6326530612244898,21.6744317457404,3.0761333052867346,0.9595959595959593,0.04081632653061225,-40.147386519904565,3.666161324305826e-18
1.6326530612244898,24.0762738816144,3.1812268693316703,0.9696969696969694,0.04081632653061225,-40.11313525374688,3.793907232648195e-18
1.6326530612244898,26.744275043632,3.2863204333766105,0.97979797979798,0.04081632653061225,-40.07321882426066,3.9484095396245616e-18
1.6326530612244898,29.707929521255,3.3914139974215445,0.98989898989899,0.04081632653061225,-40.02704243722888,4.1350078903661035e-18
1.6326530612244898,33.0,3.4965075614664802,1.0,0.04081632653061225,-39.97394975684059,4.360479014565738e-18
2.4489795918367347,0.001,-6.907755278982137,0.0,0.061224489795918366,-35.365672775451905,4.374047196581773e-16
2.4489795918367347,0.001110814537795,-6.802661714937222,0.010101010101008117,0.061224489795918366,-35.48882299543042,3.8672300154172476e-16
2.4489795918367347,0.0012339089373767,-6.697568150892323,0.020202020202014698,0.061224489795918366,-35.61409935627274,3.411875471105274e-16
2.4489795918367347,0.0013706439859533,-6.592474586847349,0.030303030303028534,0.061224489795918366,-35.74043045729061,3.0069642969214086e-16
2.4489795918367347,0.0015225312657382,-6.487381022802441,0.04040404040403597,0.061224489795918366,-35.86670857553076,2.65024718332349e-16
2.4489795918367347,0.0016912498642295,-6.382287458757476,0.05050505050504887,0.061224489795918366,-35.99183877229209,2.3385304414554673e-16
2.4489795918367347,0.00187866493623,-6.277193894712534,0.06060606060605963,0.061224489795918366,-36.11479051269099,2.0679772905224068e-16
2.4489795918367347,0.00208684832281,-6.172100330667619,0.07070707070706775,0.061224489795918366,-36.23464666113192,1.8343951832594493e-16
2.4489795918367347,0.0023181014551505,-6.067006766622687,0.08080808080807748,0.061224489795918366,-36.35064472763086,1.6334866187738234e-16
2.4489795918367347,0.002574980796465,-5.961913202577741,0.0909090909090886,0.061224489795918366,-36.462206121675145,1.4610500159426603e-16
2.4489795918367347,0.0028603261032564,-5.856819638532781,0.10101010101010106,0.061224489795918366,-36.56895077238611,1.3131262118855827e-16
2.4489795918367347,0.0031772918183317,-5.751726074487876,0.11111111111110823,0.061224489795918366,-36.67069647017827,1.1860933622155542e-16
2.4489795918367347,0.0035293819426201,-5.646632510442922,0.1212121212121201,0.061224489795918366,-36.767444267724706,1.07671767131202e-16
2.4489795918367347,0.0039204887712936,-5.541538946397998,0.13131313131312908,0.061224489795918366,-36.85935287192357,9.821694946757088e-17
2.4489795918367347,0.0043549359224151,-5.436445382353058,0.14141414141413966,0.061224489795918366,-36.946705915197136,9.000144796453562e-17
2.4489795918367347,0.0048375261337845,-5.331351818308116,0.15151515151515035,0.061224489795918366,-37.02987623471112,8.281882902162215e-17
2.4489795918367347,0.0053735943563712,-5.2262582542631755,0.16161616161616094,0.061224489795918366,-37.10929089150614,7.649617827436012e-17
2.4489795918367347,0.0059690667312704,-5.121164690218244,0.17171717171717069,0.061224489795918366,-37.18539981728531,7.089017557635771e-17
2.4489795918367347,0.0066305261021638,-5.016071126173304,0.18181818181818118,0.061224489795918366,-37.25864991937173,6.58830864983633e-17
2.4489795918367347,0.0073652847875129,-4.910977562128371,0.19191919191919102,0.061224489795918366,-37.32946542485568,6.137890743624412e-17
2.4489795918367347,0.0081814654169699,-4.80588399808343,0.20202020202020168,0.061224489795918366,-37.39823436816942,5.729980987907067e-17
2.4489795918367347,0.0090880907256374,-4.700790434038493,0.21212121212121193,0.061224489795918366,-37.46530051238599,5.3582962916096175e-17
2.4489795918367347,0.0100951832988382,-4.595696869993551,0.22222222222222263,0.061224489795918366,-37.53095966099865,5.017776563249339e-17
2.4489795918367347,0.0112138763700549,-4.490603305948624,0.23232323232323193,0.061224489795918366,-37.595459226395825,4.704348785866783e-17
2.4489795918367347,0.0124565368968931,-4.385509741903686,0.24242424242424226,0.061224489795918366,-37.659000005878745,4.414729549640386e-17
2.4489795918367347,0.013836902275649,-4.280416177858747,0.2525252525252527,0.061224489795918366,-37.72173930107197,4.146262308359092e-17
2.4489795918367347,0.0153702322058399,-4.175322613813814,0.26262626262626254,0.061224489795918366,-37.78379473713071,3.896784959385888e-17
2.4489795918367347,0.0170734773835322,-4.07022904976888,0.2727272727272725,0.061224489795918366,-37.8452483480314,3.6645232054596687e-17
2.4489795918367347,0.0189654668883421,-3.9651354857239447,0.2828282828282826,0.061224489795918366,-37.906150667172945,3.448005382071481e-17
2.4489795918367347,0.0210671163356406,-3.8600419216790063,0.292929292929293,0.061224489795918366,-37.96652468887833,3.2459948808284777e-17
2.4489795918367347,0.0234016590950486,-3.7549483576340705,0.3030303030303031,0.061224489795918366,-38.02636964791237,3.057436846177312e-17
2.4489795918367347,0.0259949031313031,-3.649854793589135,0.3131313131313132,0.061224489795918366,-38.08566460879065,2.881416380698633e-17
2.4489795918367347,0.0288755163068248,-3.5447612295442013,0.32323232323232315,0.061224489795918366,-38.14437187462125,2.7171260060609158e-17
2.4489795918367347,0.0320753432999582,-3.4396676654992664,0.33333333333333315,0.061224489795918366,-38.202440226300226,2.563840564002158e-17
2.4489795918367347,0.0356297576423598,-3.3345741014543298,0.34343434343434337,0.061224489795918366,-38.25980799517722,2.4208980968452854e-17
2.4489795918367347,0.0395780527672466,-3.229480537409394,0.3535353535353535,0.061224489795918366,-38.31640596177113,2.287685525969307e-17
2.4489795918367347,0.0439638763914761,-3.1243869733644574,0.3636363636363637,0.061224489795918366,-38.372160063630496,2.1636281621485897e-17
2.4489795918367347,0.048835713033475,-3.019293409319523,0.3737373737373737,0.061224489795918366,-38.42699388914859,2.0481822485138822e-17
2.4489795918367347,0.0542474200011699,-2.914199845274587,0.3838383838383838,0.061224489795918366,-38.480830931887176,1.9408298687613458e-17
2.4489795918367347,0.060258822775172,-2.8091062812296523,0.3939393939393938,0.061224489795918366,-38.533596581644844,1.841075661137221e-17
2.4489795918367347,0.0669363763690749,-2.7040127171847166,0.404040404040404,0.061224489795918366,-38.5852198334637,1.7484448705133788e-17
2.4489795918367347,0.0743538999780876,-2.5989191531397813,0.4141414141414141,0.061224489795918366,-38.63563470303915,1.6624823515119645e-17
2.4489795918367347,0.0825933930374168,-2.493825589094845,0.42424242424242425,0.061224489795918366,-38.68478134553548,1.5827522078130708e-17
2.4489795918367347,0.0917459417117808,-2.38873202504991,0.4343434343434343,0.061224489795918366,-38.73260688362727,1.508837817602107e-17
2.4489795918367347,0.101912725837141,-2.283638461004973,0.44444444444444453,0.061224489795918366,-38.77906595885542,1.440342052794453e-17
2.4489795918367347,0.113206137446215,-2.1785448969600347,0.4545454545454549,0.061224489795918366,-38.824121027483635,1.3768875500534451e-17
2.4489795918367347,0.125751023242877,-2.0734513329151003,0.46464646464646486,0.061224489795918366,-38.867742427571805,1.31811693451807e-17
2.4489795918367347,0.139686064760787,-1.9683577688701692,0.47474747474747453,0.061224489795918366,-38.90990824775802,1.2636929325983963e-17
2.4489795918367347,0.155165311463659,-1.8632642048252352,0.48484848484848453,0.061224489795918366,-38.95060403025772,1.2132983384660944e-17
2.4489795918367347,0.172359883735326,-1.7581706407802946,0.49494949494949514,0.061224489795918366,-38.98982234098194,1.166635820512297e-17
2.4489795918367347,0.19145986458586,-1.6530770767353593,0.5050505050505052,0.061224489795918366,-39.0275622386763,1.1234275698170883e-17
2.4489795918367347,0.212676400986239,-1.5479835126904273,0.5151515151515149,0.061224489795918366,-39.063828672878174,1.0834148034392405e-17
2.4489795918367347,0.236244038061438,-1.442889948645492,0.5252525252525251,0.061224489795918366,-39.09863183757965,1.0463571420061923e-17
2.4489795918367347,0.262423311946047,-1.3377963846005527,0.5353535353535355,0.061224489795918366,-39.13198650406682,1.0120318845405537e-17
2.4489795918367347,0.291503629965987,-1.2327028205556183,0.5454545454545455,0.061224489795918366,-39.16391135273998,9.802332045095026e-18
2.4489795918367347,0.323806469986239,-1.1276092565106834,0.5555555555555556,0.061224489795918366,-39.194428320026994,9.507712904264356e-18
2.4489795918367347,0.359688934292802,-1.0225156924657481,0.5656565656565656,0.061224489795918366,-39.22356197295413,9.234714525512382e-18
2.4489795918367347,0.399547697296443,-0.9174221284208132,0.5757575757575757,0.061224489795918366,-39.2513389206602,8.981732147883338e-18
2.4489795918367347,0.443823390699414,-0.8123285643758777,0.5858585858585857,0.061224489795918366,-39.27778726921197,8.74729408121021e-18
2.4489795918367347,0.49300547460239,-0.707235000330941,0.5959595959595959,0.061224489795918366,-39.30293612354351,8.530052791017385e-18
2.4489795918367347,0.547637648400869,-0.6021414362860068,0.606060606060606,0.061224489795918366,-39.3268151382141,8.328776242134508e-18
2.4489795918367347,0.608323861287565,-0.49704787224107067,0.6161616161616161,0.061224489795918366,-39.34945411694654,8.142339584380319e-18
2.4489795918367347,0.67573498880583,-0.39195430819613525,0.6262626262626262,0.061224489795918366,-39.37088265954457,7.969717241738588e-18
2.4489795918367347,0.750616249262273,-0.2868607441511999,0.6363636363636362,0.061224489795918366,-39.391129853757825,7.80997544761197e-18
2.4489795918367347,0.833795441985706,-0.18176718010626372,0.6464646464646464,0.061224489795918366,-39.41022400892194,7.662265253012663e-18
2.4489795918367347,0.926192098504948,-0.07667361606132911,0.6565656565656565,0.061224489795918366,-39.42819242770698,7.525816021762614e-18
2.4489795918367347,1.02882764781018,0.028419947983610284,0.666666666666667,0.061224489795918366,-39.44506121201531,7.39992941667529e-18
2.4489795918367347,1.142836708073,0.1335135120285407,0.6767676767676766,0.061224489795918366,-39.460855098940144,7.283973872974876e-18
2.4489795918367347,1.2694796296533,0.23860707607348014,0.686868686868687,0.061224489795918366,-39.47559732269189,7.17737954955399e-18
2.4489795918367347,1.41015642805352,0.3437006401184105,0.6969696969696967,0.061224489795918366,-39.48930949848899,7.079633744776959e-18
2.4489795918367347,1.56642226084696,0.44879420416335164,0.7070707070707073,0.061224489795918366,-39.50201152456623,6.990276761114194e-18
2.4489795918367347,1.74000461967455,0.5538877682082868,0.7171717171717173,0.061224489795918366,-39.513721498653304,6.908898201698298e-18
2.4489795918367347,1.93282242736499,0.6589813322532224,0.7272727272727274,0.061224489795918366,-39.52445564550157,6.83513368170914e-18
2.4489795918367347,2.14700725129329,0.7640748962981553,0.7373737373737373,0.061224489795918366,-39.53422825227237,6.768661938142293e-18
2.4489795918367347,2.38492686748792,0.8691684603430914,0.7474747474747475,0.061224489795918366,-39.543051608834645,6.709202322857709e-18
2.4489795918367347,2.64921143598352,0.9742620243880249,0.7575757575757573,0.061224489795918366,-39.55093595024365,6.656512665729592e-18
2.4489795918367347,2.94278257678333,1.0793555884329629,0.7676767676767676,0.061224489795918366,-39.557889398880555,6.61038749715038e-18
2.4489795918367347,3.26888566786082,1.184449152477898,0.7777777777777777,0.061224489795918366,-39.56391790391893,6.570656622036388e-18
2.4489795918367347,3.63112572224959,1.289542716522833,0.7878787878787878,0.061224489795918366,-39.569025175946166,6.537184040817777e-18
2.4489795918367347,4.0335072408363,1.3946362805677694,0.797979797979798,0.061224489795918366,-39.57321261470379,6.509867216679476e-18
2.4489795918367347,4.48047848142245,1.4997298446127043,0.808080808080808,0.061224489795918366,-39.57647922801846,6.488636692587928e-18
2.4489795918367347,4.97698063344183,1.6048234086576407,0.8181818181818182,0.061224489795918366,-39.57882154007555,6.473456066451199e-18
2.4489795918367347,5.52850244195146,1.7099169727025751,0.8282828282828283,0.061224489795918366,-39.58023348723966,6.464322338204456e-18
2.4489795918367347,6.14114088475497,1.8150105367475111,0.8383838383838383,0.061224489795918366,-39.580706299650764,6.461266648814436e-18
2.4489795918367347,6.8216685734332,1.9201041007924453,0.8484848484848483,0.061224489795918366,-39.58022836682307,6.4643554383125334e-18
2.4489795918367347,7.57760862338904,2.0251976648373815,0.8585858585858586,0.061224489795918366,-39.578785085445624,6.473692058197927e-18
2.4489795918367347,8.41731782058148,2.1302912288823177,0.8686868686868686,0.061224489795918366,-39.57635868753128,6.4894188831578165e-18
2.4489795918367347,9.35007900434302,2.2353847929272526,0.8787878787878787,0.061224489795918366,-39.57292804698539,6.511719978346008e-18
2.4489795918367347,10.3862036875563,2.3404783569721936,0.8888888888888893,0.061224489795918366,-39.5684684625673,6.5408243918554324e-18
2.4489795918367347,11.5371460486378,2.445571921017128,0.8989898989898993,0.061224489795918366,-39.5629514151012,6.577010158002853e-18
2.4489795918367347,12.8156295554912,2.550665485062058,0.909090909090909,0.061224489795918366,-39.55634429665647,6.620609116263965e-18
2.4489795918367347,14.2357876212352,2.6557590491069942,0.919191919191919,0.061224489795918366,-39.54861010926761,6.6720126739348714e-18
2.4489795918367347,15.8133198466305,2.7608526131519304,0.9292929292929293,0.061224489795918366,-39.53970713059958,6.731678668875354e-18
2.4489795918367347,17.5656655764397,2.865946177196865,0.9393939393939392,0.061224489795918366,-39.52958854379241,6.800139523276167e-18
2.4489795918367347,19.5121966883548,2.9710397412417997,0.9494949494949493,0.061224489795918366,-39.518202028540834,6.8780119219360145e-18
2.4489795918367347,21.6744317457404,3.0761333052867346,0.9595959595959593,0.061224489795918366,-39.5054893102889,6.966008301109285e-18
2.4489795918367347,24.0762738816144,3.1812268693316703,0.9696969696969694,0.061224489795918366,-39.4913856642483,7.064950499307668e-18
2.4489795918367347,26.744275043632,3.2863204333766105,0.97979797979798,0.061224489795918366,-39.47581937079433,7.175786002973037e-18
2.4489795918367347,29.707929521255,3.3914139974215445,0.98989898989899,0.061224489795918366,-39.45871111866153,7.299607322223426e-18
2.4489795918367347,33.0,3.4965075614664802,1.0,0.061224489795918366,-39.4399733522631,7.437675160824993e-18
3.2653061224489797,0.001,-6.907755278982137,0.0,0.0816326530612245,-32.31207152667897,9.269272228391667e-15
3.2653061224489797,0.001110814537795,-6.802661714937222,0.010101010101008117,0.0816326530612245,-32.63612571501519,6.703640116922082e-15
3.2653061224489797,0.0012339089373767,-6.697568150892323,0.020202020202014698,0.0816326530612245,-32.955469048282275,4.871039415336777e-15
3.2653061224489797,0.0013706439859533,-6.592474586847349,0.030303030303028534,0.0816326530612245,-33.268165357121624,3.56302904272055e-15
3.2653061224489797,0.0015225312657382,-6.487381022802441,0.04040404040403597,0.0816326530612245,-33.572412449492504,2.6283701661907876e-15
3.2653061224489797,0.0016912498642295,-6.382287458757476,0.05050505050504887,0.0816326530612245,-33.86662939836533,1.9584375687577933e-15
3.2653061224489797,0.00187866493623,-6.277193894712534,0.06060606060605963,0.0816326530612245,-34.14952904117819,1.4758695680334e-15
3.2653061224489797,0.00208684832281,-6.172100330667619,0.07070707070706775,0.0816326530612245,-34.42016716129968,1.1259298567689357e-15
3.2653061224489797,0.0023181014551505,-6.067006766622687,0.08080808080807748,0.0816326530612245,-34.677962857648275,8.700657784849951e-16
3.2653061224489797,0.002574980796465,-5.961913202577741,0.0909090909090886,0.0816326530612245,-34.922688717955516,6.811911493272419e-16
3.2653061224489797,0.0028603261032564,-5.856819638532781,0.10101010101010106,0.0816326530612245,-35.15443377157052,5.402856073951755e-16
3.2653061224489797,0.0031772918183317,-5.751726074487876,0.11111111111110823,0.0816326530612245,-35.37354591560325,4.3397449204773047e-16
3.2653061224489797,0.0035293819426201,-5.646632510442922,0.1212121212121201,0.0816326530612245,-35.58056284960124,3.5282381485981945e-16
3.2653061224489797,0.0039204887712936,-5.541538946397998,0.13131313131312908,0.0816326530612245,-35.77614112624487,2.901478288189614e-16
3.2653061224489797,0.0043549359224151,-5.436445382353058,0.14141414141413966,0.0816326530612245,-35.96099176326213,2.411791240250372e-16
3.2653061224489797,0.0048375261337845,-5.331351818308116,0.15151515151515035,0.0816326530612245,-36.13582839571771,2.0249258694046598e-16
3.2653061224489797,0.0053735943563712,-5.2262582542631755,0.16161616161616094,0.0816326530612245,-36.30133086632882,1.7160594098237966e-16
3.2653061224489797,0.0059690667312704,-5.121164690218244,0.17171717171717069,0.0816326530612245,-36.458124194044125,1.4670261050568155e-16
3.2653061224489797,0.0066305261021638,-5.016071126173304,0.18181818181818118,0.0816326530612245,-36.60677061282859,1.264391368877e-16
3.2653061224489797,0.0073652847875129,-4.910977562128371,0.19191919191919102,0.0816326530612245,-36.747771129585544,1.0981098222164245e-16
3.2653061224489797,0.0081814654169699,-4.80588399808343,0.20202020202020168,0.0816326530612245,-36.88157279766309,9.605864364170872e-17
3.2653061224489797,0.0090880907256374,-4.700790434038493,0.21212121212121193,0.0816326530612245,-37.008578395146664,8.460160844182469e-17
3.2653061224489797,0.0100951832988382,-4.595696869993551,0.22222222222222263,0.0816326530612245,-37.12915609125666,7.499156065734114e-17
3.2653061224489797,0.0112138763700549,-4.490603305948624,0.23232323232323193,0.0816326530612245,-37.24364766016256,6.687893293502388e-17
3.2653061224489797,0.0124565368968931,-4.385509741903686,0.24242424242424226,0.0816326530612245,-37.352374638617256,5.998874943813265e-17
3.2653061224489797,0.013836902275649,-4.280416177858747,0.2525252525252527,0.0816326530612245,-37.4556424179443,5.41029793742349e-17
3.2653061224489797,0.0153702322058399,-4.175322613813814,0.26262626262626254,0.0816326530612245,-37.55374260261757,4.90474928862692e-17
3.2653061224489797,0.0170734773835322,-4.07022904976888,0.2727272727272725,0.0816326530612245,-37.646954103717356,4.468230536761251e-17
3.2653061224489797,0.0189654668883421,-3.9651354857239447,0.2828282828282826,0.0816326530612245,-37.73554343305705,4.0894199882791286e-17
3.2653061224489797,0.0210671163356406,-3.8600419216790063,0.292929292929293,0.0816326530612245,-37.819764586036385,3.759109126407816e-17
3.2653061224489797,0.0234016590950486,-3.7549483576340705,0.3030303030303031,0.0816326530612245,-37.89985879614479,3.4697681798033535e-17
3.2653061224489797,0.0259949031313031,-3.649854793589135,0.3131313131313132,0.0816326530612245,-37.976054341648855,3.2152086009835965e-17
3.2653061224489797,0.0288755163068248,-3.5447612295442013,0.32323232323232315,0.0816326530612245,-38.04856650057743,2.990319028845826e-17
3.2653061224489797,0.0320753432999582,-3.4396676654992664,0.33333333333333315,0.0816326530612245,-38.1175976885149,2.790857489121162e-17
3.2653061224489797,0.0356297576423598,-3.3345741014543298,0.34343434343434337,0.0816326530612245,-38.18333777370833,2.6132869771213167e-17
3.2653061224489797,0.0395780527672466,-3.229480537409394,0.3535353535353535,0.0816326530612245,-38.24596454155406,2.4546447334392096e-17
3.2653061224489797,0.0439638763914761,-3.1243869733644574,0.3636363636363637,0.0816326530612245,-38.305644270885445,2.312437839931002e-17
3.2653061224489797,0.048835713033475,-3.019293409319523,0.3737373737373737,0.0816326530612245,-38.362532383266775,2.184559480862151e-17
3.2653061224489797,0.0542474200011699,-2.914199845274587,0.3838383838383838,0.0816326530612245,-38.41677413020992,2.0692215022896628e-17
3.2653061224489797,0.060258822775172,-2.8091062812296523,0.3939393939393938,0.0816326530612245,-38.468505289330054,1.964899878427141e-17
3.2653061224489797,0.0669363763690749,-2.7040127171847166,0.404040404040404,0.0816326530612245,-38.51785284725497,1.8702904387459576e-17
3.2653061224489797,0.0743538999780876,-2.5989191531397813,0.4141414141414141,0.0816326530612245,-38.564935653580335,1.7842727822512922e-17
3.2653061224489797,0.0825933930374168,-2.493825589094845,0.42424242424242425,0.0816326530612245,-38.60986503578402,1.7058807480213728e-17
3.2653061224489797,0.0917459417117808,-2.38873202504991,0.4343434343434343,0.0816326530612245,-38.65274536956837,1.6342781548068717e-17
3.2653061224489797,0.101912725837141,-2.283638461004973,0.44444444444444453,0.0816326530612245,-38.69367460257737,1.5687387904168405e-17
3.2653061224489797,0.113206137446215,-2.1785448969600347,0.4545454545454549,0.0816326530612245,-38.732744731939086,1.5086298411910742e-17
3.2653061224489797,0.125751023242877,-2.0734513329151003,0.46464646464646486,0.0816326530612245,-38.7700422377656,1.453398116297119e-17
3.2653061224489797,0.139686064760787,-1.9683577688701692,0.47474747474747453,0.0816326530612245,-38.8056484757661,1.402558550994092e-17
3.2653061224489797,0.155165311463659,-1.8632642048252352,0.48484848484848453,0.0816326530612245,-38.83964003265499,1.3556845751237343e-17
3.2653061224489797,0.172359883735326,-1.7581706407802946,0.49494949494949514,0.0816326530612245,-38.872089048200046,1.3124000139034626e-17
3.2653061224489797,0.19145986458586,-1.6530770767353593,0.5050505050505052,0.0816326530612245,-38.90306350767125,1.2723722522292e-17
3.2653061224489797,0.212676400986239,-1.5479835126904273,0.5151515151515149,0.0816326530612245,-38.93262750820904,1.2353064447363987e-17
3.2653061224489797,0.236244038061438,-1.442889948645492,0.5252525252525251,0.0816326530612245,-38.9608415022982,1.200940594608018e-17
3.2653061224489797,0.262423311946047,-1.3377963846005527,0.5353535353535355,0.0816326530612245,-38.987762521161166,1.1690413567340767e-17
3.2653061224489797,0.291503629965987,-1.2327028205556183,0.5454545454545455,0.0816326530612245,-39.01344438050636,1.139400447018909e-17
3.2653061224489797,0.323806469986239,-1.1276092565106834,0.5555555555555556,0.0816326530612245,-39.037937870705655,1.1118315607319682e-17
3.2653061224489797,0.359688934292802,-1.0225156924657481,0.5656565656565656,0.0816326530612245,-39.06129093314402,1.0861677198497495e-17
3.2653061224489797,0.399547697296443,-0.9174221284208132,0.5757575757575757,0.0816326530612245,-39.08354882419106,1.0622589831621736e-17
3.2653061224489797,0.443823390699414,-0.8123285643758777,0.5858585858585857,0.0816326530612245,-39.10475426799106,1.0399704641640252e-17
3.2653061224489797,0.49300547460239,-0.707235000330941,0.5959595959595959,0.0816326530612245,-39.12494759905422,1.0191806109325963e-17
3.2653061224489797,0.547637648400869,-0.6021414362860068,0.606060606060606,0.0816326530612245,-39.144166895454894,9.997797097113518e-18
3.2653061224489797,0.608323861287565,-0.49704787224107067,0.6161616161616161,0.0816326530612245,-39.16244810329942,9.816685800977777e-18
3.2653061224489797,0.67573498880583,-0.39195430819613525,0.6262626262626262,0.0816326530612245,-39.179825153011016,9.647574348283783e-18
3.2653061224489797,0.750616249262273,-0.2868607441511999,0.6363636363636362,0.0816326530612245,-39.196330067889825,9.489648813685366e-18
3.2653061224489797,0.833795441985706,-0.18176718010626372,0.6464646464646464,0.0816326530612245,-39.21199306533678,9.342170460135137e-18
3.2653061224489797,0.926192098504948,-0.07667361606132911,0.6565656565656565,0.0816326530612245,-39.226842651077085,9.20446804121465e-18
3.2653061224489797,1.02882764781018,0.028419947983610284,0.666666666666667,0.0816326530612245,-39.24090570668045,9.075931025337483e-18
3.2653061224489797,1.142836708073,0.1335135120285407,0.6767676767676766,0.0816326530612245,-39.254207570645065,8.956003622803482e-18
3.2653061224489797,1.2694796296533,0.23860707607348014,0.686868686868687,0.0816326530612245,-39.26677211329211,8.844179513844969e-18
3.2653061224489797,1.41015642805352,0.3437006401184105,0.6969696969696967,0.0816326530612245,-39.278621805700716,8.739997190305998e-18
3.2653061224489797,1.56642226084696,0.44879420416335164,0.7070707070707073,0.0816326530612245,-39.289777782901716,8.643035835858983e-18
3.2653061224489797,1.74000461967455,0.5538877682082868,0.7171717171717173,0.0816326530612245,-39.30025990153862,8.55291168008732e-18
3.2653061224489797,1.93282242736499,0.6589813322532224,0.7272727272727274,0.0816326530612245,-39.31008679219554,8.469274770642242e-18
3.2653061224489797,2.14700725129329,0.7640748962981553,0.7373737373737373,0.0816326530612245,-39.319275906583776,8.391806115276443e-18
3.2653061224489797,2.38492686748792,0.8691684603430914,0.7474747474747475,0.0816326530612245,-39.32784355976994,8.320215152072686e-18
3.2653061224489797,2.64921143598352,0.9742620243880249,0.7575757575757573,0.0816326530612245,-39.33580496761922,8.254237511798467e-18
3.2653061224489797,2.94278257678333,1.0793555884329629,0.7676767676767676,0.0816326530612245,-39.34317427961669,8.193633041168164e-18
3.2653061224489797,3.26888566786082,1.184449152477898,0.7777777777777777,0.0816326530612245,-39.34996460721769,8.13818406000569e-18
3.2653061224489797,3.63112572224959,1.289542716522833,0.7878787878787878,0.0816326530612245,-39.356188047864634,8.087693828974617e-18
3.2653061224489797,4.0335072408363,1.3946362805677694,0.797979797979798,0.0816326530612245,-39.36185570479258,8.041985207761126e-18
3.2653061224489797,4.48047848142245,1.4997298446127043,0.808080808080808,0.0816326530612245,-39.36697770272882,8.0008994864368e-18
3.2653061224489797,4.97698063344183,1.6048234086576407,0.8181818181818182,0.0816326530612245,-39.37156319957365,7.96429537524298e-18
3.2653061224489797,5.52850244195146,1.7099169727025751,0.8282828282828283,0.0816326530612245,-39.37562039412908,7.932048140296412e-18
3.2653061224489797,6.14114088475497,1.8150105367475111,0.8383838383838383,0.0816326530612245,-39.37915652992069,7.904048874745066e-18
3.2653061224489797,6.8216685734332,1.9201041007924453,0.8484848484848483,0.0816326530612245,-39.38217789513458,7.880203896758897e-18
3.2653061224489797,7.57760862338904,2.0251976648373815,0.8585858585858586,0.0816326530612245,-39.384689818666494,7.860434267448036e-18
3.2653061224489797,8.41731782058148,2.1302912288823177,0.8686868686868686,0.0816326530612245,-39.38669666225412,7.844675423399e-18
3.2653061224489797,9.35007900434302,2.2353847929272526,0.8787878787878787,0.0816326530612245,-39.388201808635195,7.832876920039484e-18
3.2653061224489797,10.3862036875563,2.3404783569721936,0.8888888888888893,0.0816326530612245,-39.38920764564539,7.825002283501327e-18
3.2653061224489797,11.5371460486378,2.445571921017128,0.8989898989898993,0.0816326530612245,-39.389715546138156,7.821028970094992e-18
3.2653061224489797,12.8156295554912,2.550665485062058,0.909090909090909,0.0816326530612245,-39.38972584357664,7.820948433944934e-18
3.2653061224489797,14.2357876212352,2.6557590491069942,0.919191919191919,0.0816326530612245,-39.389237803113154,7.824766304805501e-18
3.2653061224489797,15.8133198466305,2.7608526131519304,0.9292929292929293,0.0816326530612245,-39.38824958793542,7.832502679602042e-18
3.2653061224489797,17.5656655764397,2.865946177196865,0.9393939393939392,0.0816326530612245,-39.38675822062082,7.844192532855753e-18
3.2653061224489797,19.5121966883548,2.9710397412417997,0.9494949494949493,0.0816326530612245,-39.38475953919949,7.859886252885465e-18
3.2653061224489797,21.6744317457404,3.0761333052867346,0.9595959595959593,0.0816326530612245,-39.382248147584804,7.879650312572454e-18
3.2653061224489797,24.0762738816144,3.1812268693316703,0.9696969696969694,0.0816326530612245,-39.37921735998487,7.90356808556811e-18
3.2653061224489797,26.744275043632,3.2863204333766105,0.97979797979798,0.0816326530612245,-39.37565913886173,7.931740821165395e-18
3.2653061224489797,29.707929521255,3.3914139974215445,0.98989898989899,0.0816326530612245,-39.37156402595469,7.964288793703004e-18
3.2653061224489797,33.0,3.4965075614664802,1.0,0.0816326530612245,-39.36692106583224,8.001352645386203e-18
4.081632653061225,0.001,-6.907755278982137,0.0,0.10204081632653061,-32.299037580886555,9.390878201413583e-15
4.081632653061225,0.001110814537795,-6.802661714937222,0.010101010101008117,0.10204081632653061,-32.668631726131295,6.489235121107351e-15
4.081632653061225,0.0012339089373767,-6.697568150892323,0.020202020202014698,0.10204081632653061,-33.02905369621322,4.5254756999964615e-15
4.081632653061225,0.0013706439859533,-6.592474586847349,0.030303030303028534,0.10204081632653061,-33.379022085686096,3.189149635206682e-15
4.081632653061225,0.0015225312657382,-6.487381022802441,0.04040404040403597,0.10204081632653061,-33.717462622303024,2.2734847183226387e-15
4.081632653061225,0.0016912498642295,-6.382287458757476,0.05050505050504887,0.10204081632653061,-34.043534048705574,1.6408958557582745e-15
4.081632653061225,0.00187866493623,-6.277193894712534,0.06060606060605963,0.10204081632653061,-34.356628881419134,1.1997911662107044e-15
4.081632653061225,0.00208684832281,-6.172100330667619,0.07070707070706775,0.10204081632653061,-34.65635119659279,8.890740050279826e-16
4.081632653061225,0.0023181014551505,-6.067006766622687,0.08080808080807748,0.10204081632653061,-34.94247828421401,6.678431827927609e-16
4.081632653061225,0.002574980796465,-5.961913202577741,0.0909090909090886,0.10204081632653061,-35.21491607470826,5.085764758596048e-16
4.081632653061225,0.0028603261032564,-5.856819638532781,0.10101010101010106,0.10204081632653061,-35.47365864887001,3.9263209368434853e-16
4.081632653061225,0.0031772918183317,-5.751726074487876,0.11111111111110823,0.10204081632653061,-35.71875972381378,3.0728386131745913e-16
4.081632653061225,0.0035293819426201,-5.646632510442922,0.1212121212121201,0.10204081632653061,-35.95031960928385,2.437668082951836e-16
4.081632653061225,0.0039204887712936,-5.541538946397998,0.13131313131312908,0.10204081632653061,-36.16848630383192,1.9598641979324166e-16
4.081632653061225,0.0043549359224151,-5.436445382353058,0.14141414141413966,0.10204081632653061,-36.37346574815002,1.596630928876626e-16
4.081632653061225,0.0048375261337845,-5.331351818308116,0.15151515151515035,0.10204081632653061,-36.56553474815279,1.3176195531586446e-16
4.081632653061225,0.0053735943563712,-5.2262582542631755,0.16161616161616094,0.10204081632653061,-36.74505076037023,1.1011011532895388e-16
4.081632653061225,0.0059690667312704,-5.121164690218244,0.17171717171717069,0.10204081632653061,-36.91245486315862,9.313749206974775e-17
4.081632653061225,0.0066305261021638,-5.016071126173304,0.18181818181818118,0.10204081632653061,-37.068266788535084,7.969962537593751e-17
4.081632653061225,0.0073652847875129,-4.910977562128371,0.19191919191919102,0.10204081632653061,-37.213073005133545,6.895531380340194e-17
4.081632653061225,0.0081814654169699,-4.80588399808343,0.20202020202020168,0.10204081632653061,-37.347510089757115,6.02812785751099e-17
4.081632653061225,0.0090880907256374,-4.700790434038493,0.21212121212121193,0.10204081632653061,-37.472245985132794,5.3212093330650336e-17
4.081632653061225,0.0100951832988382,-4.595696869993551,0.22222222222222263,0.10204081632653061,-37.5879614522948,4.739753492741865e-17
4.081632653061225,0.0112138763700549,-4.490603305948624,0.23232323232323193,0.10204081632653061,-37.695333399743255,4.257206445281238e-17
4.081632653061225,0.0124565368968931,-4.385509741903686,0.24242424242424226,0.10204081632653061,-37.79502107165498,3.853282988581664e-17
4.081632653061225,0.013836902275649,-4.280416177858747,0.2525252525252527,0.10204081632653061,-37.88765546953321,3.512370309323107e-17
4.081632653061225,0.0153702322058399,-4.175322613813814,0.26262626262626254,0.10204081632653061,-37.97383193753177,3.2223620397873483e-17
4.081632653061225,0.0170734773835322,-4.07022904976888,0.2727272727272725,0.10204081632653061,-38.05410556739691,2.973801240731715e-17
4.081632653061225,0.0189654668883421,-3.9651354857239447,0.2828282828282826,0.10204081632653061,-38.12898894587429,2.7592464994897233e-17
4.081632653061225,0.0210671163356406,-3.8600419216790063,0.292929292929293,0.10204081632653061,-38.19895173532938,2.5728001172344866e-17
4.081632653061225,0.0234016590950486,-3.7549483576340705,0.3030303030303031,0.10204081632653061,-38.26442160912996,2.409754732962995e-17
4.081632653061225,0.0259949031313031,-3.649854793589135,0.3131313131313132,0.10204081632653061,-38.32578612699236,2.2663269876773302e-17
4.081632653061225,0.0288755163068248,-3.5447612295442013,0.32323232323232315,0.10204081632653061,-38.38339521113881,2.1394555264301912e-17
4.081632653061225,0.0320753432999582,-3.4396676654992664,0.33333333333333315,0.10204081632653061,-38.43756395886902,2.0266468352624694e-17
4.081632653061225,0.0356297576423598,-3.3345741014543298,0.34343434343434337,0.10204081632653061,-38.488575594099714,1.9258568523328494e-17
4.081632653061225,0.0395780527672466,-3.229480537409394,0.3535353535353535,0.10204081632653061,-38.536684416672635,1.8353994912700758e-17
4.081632653061225,0.0439638763914761,-3.1243869733644574,0.3636363636363637,0.10204081632653061,-38.5821186533206,1.7538755294005048e-17
4.081632653061225,0.048835713033475,-3.019293409319523,0.3737373737373737,0.10204081632653061,-38.625083148984864,1.680116996751584e-17
4.081632653061225,0.0542474200011699,-2.914199845274587,0.3838383838383838,0.10204081632653061,-38.6657618631593,1.613143432072801e-17
4.081632653061225,0.060258822775172,-2.8091062812296523,0.3939393939393938,0.10204081632653061,-38.704320154715816,1.55212727608137e-17
4.081632653061225,0.0669363763690749,-2.7040127171847166,0.404040404040404,0.10204081632653061,-38.740906851775,1.4963663398061907e-17
4.081632653061225,0.0743538999780876,-2.5989191531397813,0.4141414141414141,0.10204081632653061,-38.77565611196362,1.4452617816605632e-17
4.081632653061225,0.0825933930374168,-2.493825589094845,0.42424242424242425,0.10204081632653061,-38.80868908395548,1.398300396947545e-17
4.081632653061225,0.0917459417117808,-2.38873202504991,0.4343434343434343,0.10204081632653061,-38.84011538440694,1.3550403012263498e-17
4.081632653061225,0.101912725837141,-2.283638461004973,0.44444444444444453,0.10204081632653061,-38.87003440595959,1.3150992984908668e-17
4.081632653061225,0.113206137446215,-2.1785448969600347,0.4545454545454549,0.10204081632653061,-38.89853647240815,1.278145384008831e-17
4.081632653061225,0.125751023242877,-2.0734513329151003,0.46464646464646486,0.10204081632653061,-38.92570385680755,1.2438889527958296e-17
4.081632653061225,0.139686064760787,-1.9683577688701692,0.47474747474747453,0.10204081632653061,-38.95161167749772,1.2120763775002313e-17
4.081632653061225,0.155165311463659,-1.8632642048252352,0.48484848484848453,0.10204081632653061,-38.97632868595931,1.1824846909284972e-17
4.081632653061225,0.172359883735326,-1.7581706407802946,0.49494949494949514,0.10204081632653061,-38.9999179592146,1.1549171637261748e-17
4.081632653061225,0.19145986458586,-1.6530770767353593,0.5050505050505052,0.10204081632653061,-39.022437508252594,1.1291996107072216e-17
4.081632653061225,0.212676400986239,-1.5479835126904273,0.5151515151515149,0.10204081632653061,-39.04394081274444,1.105177292890459e-17
4.081632653061225,0.236244038061438,-1.442889948645492,0.5252525252525251,0.10204081632653061,-39.06447729116455,1.082712308636115e-17
4.081632653061225,0.262423311946047,-1.3377963846005527,0.5353535353535355,0.10204081632653061,-39.08409271436629,1.0616813880260803e-17
4.081632653061225,0.291503629965987,-1.2327028205556183,0.5454545454545455,0.10204081632653061,-39.10282956968797,1.0419740210544329e-17
4.081632653061225,0.323806469986239,-1.1276092565106834,0.5555555555555556,0.10204081632653061,-39.12072738178948,1.02349086324614e-17
4.081632653061225,0.359688934292802,-1.0225156924657481,0.5656565656565656,0.10204081632653061,-39.137822995639006,1.0061423727373172e-17
4.081632653061225,0.399547697296443,-0.9174221284208132,0.5757575757575757,0.10204081632653061,-39.15415082637887,9.89847641194721e-18
4.081632653061225,0.443823390699414,-0.8123285643758777,0.5858585858585857,0.10204081632653061,-39.169743080191644,9.745333876646819e-18
4.081632653061225,0.49300547460239,-0.707235000330941,0.5959595959595959,0.10204081632653061,-39.1846299497561,9.60133089861036e-18
4.081632653061225,0.547637648400869,-0.6021414362860068,0.606060606060606,0.10204081632653061,-39.1988397874181,9.465862317942923e-18
4.081632653061225,0.608323861287565,-0.49704787224107067,0.6161616161616161,0.10204081632653061,-39.21239925879785,9.338376502174609e-18
4.081632653061225,0.67573498880583,-0.39195430819613525,0.6262626262626262,0.10204081632653061,-39.22533347920372,9.21836965281383e-18
4.081632653061225,0.750616249262273,-0.2868607441511999,0.6363636363636362,0.10204081632653061,-39.23766613491867,9.105380831823911e-18
4.081632653061225,0.833795441985706,-0.18176718010626372,0.6464646464646464,0.10204081632653061,-39.24941959116115,8.998987605504604e-18
4.081632653061225,0.926192098504948,-0.07667361606132911,0.6565656565656565,0.10204081632653061,-39.26061498829343,8.898802219472656e-18
4.081632653061225,1.02882764781018,0.028419947983610284,0.666666666666667,0.10204081632653061,-39.27127232765185,8.804468231856544e-18
4.081632653061225,1.142836708073,0.1335135120285407,0.6767676767676766,0.10204081632653061,-39.28141054820128,8.715657542965373e-18
4.081632653061225,1.2694796296533,0.23860707607348014,0.686868686868687,0.10204081632653061,-39.29104759506644,8.63206776898062e-18
4.081632653061225,1.41015642805352,0.3437006401184105,0.6969696969696967,0.10204081632653061,-39.300200480862294,8.553419914983558e-18
4.081632653061225,1.56642226084696,0.44879420416335164,0.7070707070707073,0.10204081632653061,-39.30888534063284,8.479456309138292e-18
4.081632653061225,1.74000461967455,0.5538877682082868,0.7171717171717173,0.10204081632653061,-39.31711748110814,8.409938765329453e-18
4.081632653061225,1.93282242736499,0.6589813322532224,0.7272727272727274,0.10204081632653061,-39.324911424903455,8.344646946170199e-18
4.081632653061225,2.14700725129329,0.7640748962981553,0.7373737373737373,0.10204081632653061,-39.33228095020795,8.283376902210248e-18
4.081632653061225,2.38492686748792,0.8691684603430914,0.7474747474747475,0.10204081632653061,-39.3392391264444,8.225939766488751e-18
4.081632653061225,2.64921143598352,0.9742620243880249,0.7575757575757573,0.10204081632653061,-39.345798346322574,8.172160586402541e-18
4.081632653061225,2.94278257678333,1.0793555884329629,0.7676767676767676,0.10204081632653061,-39.35197035465713,8.121877277276427e-18
4.081632653061225,3.26888566786082,1.184449152477898,0.7777777777777777,0.10204081632653061,-39.35776627427554,8.074939684081897e-18
4.081632653061225,3.63112572224959,1.289542716522833,0.7878787878787878,0.10204081632653061,-39.36319662930085,8.031208739530821e-18
4.081632653061225,4.0335072408363,1.3946362805677694,0.797979797979798,0.10204081632653061,-39.36827136605812,7.990555708295601e-18
4.081632653061225,4.48047848142245,1.4997298446127043,0.808080808080808,0.10204081632653061,-39.372999871821605,7.952861508429073e-18
4.081632653061225,4.97698063344183,1.6048234086576407,0.8181818181818182,0.10204081632653061,-39.37739099159095,7.91801610220317e-18
4.081632653061225,5.52850244195146,1.7099169727025751,0.8282828282828283,0.10204081632653061,-39.381453043058926,7.885917949581397e-18
4.081632653061225,6.14114088475497,1.8150105367475111,0.8383838383838383,0.10204081632653061,-39.385193829910826,7.856473518406788e-18
4.081632653061225,6.8216685734332,1.9201041007924453,0.8484848484848483,0.10204081632653061,-39.388620653574215,7.829596846152686e-18
4.081632653061225,7.57760862338904,2.0251976648373815,0.8585858585858586,0.10204081632653061,-39.39174032351942,7.805209148751078e-18
4.081632653061225,8.41731782058148,2.1302912288823177,0.8686868686868686,0.10204081632653061,-39.39455916619415,7.783238472605176e-18
4.081632653061225,9.35007900434302,2.2353847929272526,0.8787878787878787,0.10204081632653061,-39.39708303265983,7.763619386420936e-18
4.081632653061225,10.3862036875563,2.3404783569721936,0.8888888888888893,0.10204081632653061,-39.39931730498338,7.746292709959989e-18
4.081632653061225,11.5371460486378,2.445571921017128,0.8989898989898993,0.10204081632653061,-39.40126690142455,7.731205277241796e-18
4.081632653061225,12.8156295554912,2.550665485062058,0.909090909090909,0.10204081632653061,-39.402936280447385,7.718309732101806e-18
4.081632653061225,14.2357876212352,2.6557590491069942,0.919191919191919,0.10204081632653061,-39.40432944357219,7.707564354367224e-18
4.081632653061225,15.8133198466305,2.7608526131519304,0.9292929292929293,0.10204081632653061,-39.40544993707426,7.69893291523016e-18
4.081632653061225,17.5656655764397,2.865946177196865,0.9393939393939392,0.10204081632653061,-39.40630085252487,7.692384560702495e-18
4.081632653061225,19.5121966883548,2.9710397412417997,0.9494949494949493,0.10204081632653061,-39.406884826160415,7.687893722317823e-18
4.081632653061225,21.6744317457404,3.0761333052867346,0.9595959595959593,0.10204081632653061,-39.40720403705587,7.685440054518141e-18
4.081632653061225,24.0762738816144,3.1812268693316703,0.9696969696969694,0.10204081632653061,-39.40726020406893,7.685008398428729e-18
4.081632653061225,26.744275043632,3.2863204333766105,0.97979797979798,0.10204081632653061,-39.407054581512575,7.686588771975902e-18
4.081632653061225,29.707929521255,3.3914139974215445,0.98989898989899,0.10204081632653061,-39.406587953503326,7.690176386568117e-18
4.081632653061225,33.0,3.4965075614664802,1.0,0.10204081632653061,-39.405860626923605,7.6957716908169e-18
4.8979591836734695,0.001,-6.907755278982137,0.0,0.12244897959183673,-33.74195998590888,2.2184669826762056e-15
4.8979591836734695,0.001110814537795,-6.802661714937222,0.010101010101008117,0.12244897959183673,-34.06672815354309,1.6032747260264262e-15
4.8979591836734695,0.0012339089373767,-6.697568150892323,0.020202020202014698,0.12244897959183673,-34.38389555803096,1.1675188276290234e-15
4.8979591836734695,0.0013706439859533,-6.592474586847349,0.030303030303028534,0.12244897959183673,-34.69243245907719,8.575669182885005e-16
4.8979591836734695,0.0015225312657382,-6.487381022802441,0.04040404040403597,0.12244897959183673,-34.99132667503952,6.36004092999555e-16
4.8979591836734695,0.0016912498642295,-6.382287458757476,0.05050505050504887,0.12244897959183673,-35.279592331501085,4.767247795962806e-16
4.8979591836734695,0.00187866493623,-6.277193894712534,0.06060606060605963,0.12244897959183673,-35.556286340760906,3.6149395993967483e-16
4.8979591836734695,0.00208684832281,-6.172100330667619,0.07070707070706775,0.12244897959183673,-35.82053576141356,2.7754856100220573e-16
4.8979591836734695,0.0023181014551505,-6.067006766622687,0.08080808080807748,0.12244897959183673,-36.07157514528888,2.159304853069343e-16
4.8979591836734695,0.002574980796465,-5.961913202577741,0.0909090909090886,0.12244897959183673,-36.308788717127136,1.7033088995838378e-16
4.8979591836734695,0.0028603261032564,-5.856819638532781,0.10101010101010106,0.12244897959183673,-36.53174951247914,1.3628961743099924e-16
4.8979591836734695,0.0031772918183317,-5.751726074487876,0.11111111111110823,0.12244897959183673,-36.740247505505266,1.1064027450161626e-16
4.8979591836734695,0.0035293819426201,-5.646632510442922,0.1212121212121201,0.12244897959183673,-36.93430118563125,9.112484489925397e-17
4.8979591836734695,0.0039204887712936,-5.541538946397998,0.13131313131312908,0.12244897959183673,-37.11415086847178,7.612531054427171e-17
4.8979591836734695,0.0043549359224151,-5.436445382353058,0.14141414141413966,0.12244897959183673,-37.28023578513521,6.447618228828308e-17
4.8979591836734695,0.0048375261337845,-5.331351818308116,0.15151515151515035,0.12244897959183673,-37.433159571129046,5.533314537048821e-17
4.8979591836734695,0.0053735943563712,-5.2262582542631755,0.16161616161616094,0.12244897959183673,-37.57364975681063,4.808075134507044e-17
4.8979591836734695,0.0059690667312704,-5.121164690218244,0.17171717171717069,0.12244897959183673,-37.70251646027849,4.226736239353176e-17
4.8979591836734695,0.0066305261021638,-5.016071126173304,0.18181818181818118,0.12244897959183673,-37.82061424352887,3.7559165276732686e-17
4.8979591836734695,0.0073652847875129,-4.910977562128371,0.19191919191919102,0.12244897959183673,-37.92880957909217,3.370755832328027e-17
4.8979591836734695,0.0081814654169699,-4.80588399808343,0.20202020202020168,0.12244897959183673,-38.02795499467933,3.0525935886937305e-17
4.8979591836734695,0.0090880907256374,-4.700790434038493,0.21212121212121193,0.12244897959183673,-38.11886992238536,2.787309123350046e-17
4.8979591836734695,0.0100951832988382,-4.595696869993551,0.22222222222222263,0.12244897959183673,-38.20232761885568,2.5641292877922035e-17
4.8979591836734695,0.0112138763700549,-4.490603305948624,0.23232323232323193,0.12244897959183673,-38.279047190362974,2.3747671499071535e-17
4.8979591836734695,0.0124565368968931,-4.385509741903686,0.24242424242424226,0.12244897959183673,-38.34968966216815,2.2127960983994962e-17
4.8979591836734695,0.013836902275649,-4.280416177858747,0.2525252525252527,0.12244897959183673,-38.41485708564256,2.0731920968166187e-17
4.8979591836734695,0.0153702322058399,-4.175322613813814,0.26262626262626254,0.12244897959183673,-38.475093808145424,1.951996651859178e-17
4.8979591836734695,0.0170734773835322,-4.07022904976888,0.2727272727272725,0.12244897959183673,-38.530889190320295,1.8460669270161737e-17
4.8979591836734695,0.0189654668883421,-3.9651354857239447,0.2828282828282826,0.12244897959183673,-38.58268121337375,1.7528891465652626e-17
4.8979591836734695,0.0210671163356406,-3.8600419216790063,0.292929292929293,0.12244897959183673,-38.630860559450156,1.6704382571790646e-17
4.8979591836734695,0.0234016590950486,-3.7549483576340705,0.3030303030303031,0.12244897959183673,-38.67577486527544,1.597071621291528e-17
4.8979591836734695,0.0259949031313031,-3.649854793589135,0.3131313131313132,0.12244897959183673,-38.717732942224806,1.5314479166891348e-17
4.8979591836734695,0.0288755163068248,-3.5447612295442013,0.32323232323232315,0.12244897959183673,-38.75700882714327,1.4724648330144748e-17
4.8979591836734695,0.0320753432999582,-3.4396676654992664,0.33333333333333315,0.12244897959183673,-38.793845581042945,1.4192108814492582e-17
4.8979591836734695,0.0356297576423598,-3.3345741014543298,0.34343434343434337,0.12244897959183673,-38.82845879083419,1.3709278728804636e-17
4.8979591836734695,0.0395780527672466,-3.229480537409394,0.3535353535353535,0.12244897959183673,-38.86103975583588,1.3269815146376704e-17
4.8979591836734695,0.0439638763914761,-3.1243869733644574,0.3636363636363637,0.12244897959183673,-38.89175835877164,1.2868382259196597e-17
4.8979591836734695,0.048835713033475,-3.019293409319523,0.3737373737373737,0.12244897959183673,-38.920765632567516,1.2500467471454101e-17
4.8979591836734695,0.0542474200011699,-2.914199845274587,0.3838383838383838,0.12244897959183673,-38.948196041303426,1.2162234678896324e-17
4.8979591836734695,0.060258822775172,-2.8091062812296523,0.3939393939393938,0.12244897959183673,-38.97416949748718,1.1850406566544696e-17
4.8979591836734695,0.0669363763690749,-2.7040127171847166,0.404040404040404,0.12244897959183673,-38.9987931394241,1.1562169682942255e-17
4.8979591836734695,0.0743538999780876,-2.5989191531397813,0.4141414141414141,0.12244897959183673,-39.022162892586834,1.1295097491925854e-17
4.8979591836734695,0.0825933930374168,-2.493825589094845,0.42424242424242425,0.12244897959183673,-39.04436483807671,1.1047087690616276e-17
4.8979591836734695,0.0917459417117808,-2.38873202504991,0.4343434343434343,0.12244897959183673,-39.06547640988892,1.081631090717924e-17
4.8979591836734695,0.101912725837141,-2.283638461004973,0.44444444444444453,0.12244897959183673,-39.085567441006695,1.060116852114481e-17
4.8979591836734695,0.113206137446215,-2.1785448969600347,0.4545454545454549,0.12244897959183673,-39.10470107653411,1.0400257831794347e-17
4.8979591836734695,0.125751023242877,-2.0734513329151003,0.46464646464646486,0.12244897959183673,-39.12293457024834,1.021234317252268e-17
4.8979591836734695,0.139686064760787,-1.9683577688701692,0.47474747474747453,0.12244897959183673,-39.140319979185946,1.0036331857896907e-17
4.8979591836734695,0.155165311463659,-1.8632642048252352,0.48484848484848453,0.12244897959183673,-39.156904769217554,9.87125407530311e-18
4.8979591836734695,0.172359883735326,-1.7581706407802946,0.49494949494949514,0.12244897959183673,-39.172732343035484,9.716246009488806e-18
4.8979591836734695,0.19145986458586,-1.6530770767353593,0.5050505050505052,0.12244897959183673,-39.18784250058882,9.570535627209356e-18
4.8979591836734695,0.212676400986239,-1.5479835126904273,0.5151515151515149,0.12244897959183673,-39.20227184075198,9.433430659042434e-18
4.8979591836734695,0.236244038061438,-1.442889948645492,0.5252525252525251,0.12244897959183673,-39.21605411190014,9.3043084027181e-18
4.8979591836734695,0.262423311946047,-1.3377963846005527,0.5353535353535355,0.12244897959183673,-39.22922051807891,9.182607041965088e-18
4.8979591836734695,0.291503629965987,-1.2327028205556183,0.5454545454545455,0.12244897959183673,-39.241799986589626,9.067818230659779e-18
4.8979591836734695,0.323806469986239,-1.1276092565106834,0.5555555555555556,0.12244897959183673,-39.25381940204897,8.95948073696598e-18
4.8979591836734695,0.359688934292802,-1.0225156924657481,0.5656565656565656,0.12244897959183673,-39.265303811317416,8.857174978388092e-18
4.8979591836734695,0.399547697296443,-0.9174221284208132,0.5757575757575757,0.12244897959183673,-39.27627660311018,8.760518308041721e-18
4.8979591836734695,0.443823390699414,-0.8123285643758777,0.5858585858585857,0.12244897959183673,-39.28675966559947,8.669160936336822e-18
4.8979591836734695,0.49300547460239,-0.707235000330941,0.5959595959595959,0.12244897959183673,-39.29677352487758,8.582782391772629e-18
4.8979591836734695,0.547637648400869,-0.6021414362860068,0.606060606060606,0.12244897959183673,-39.30633746676985,8.501088440509437e-18
4.8979591836734695,0.608323861287565,-0.49704787224107067,0.6161616161616161,0.12244897959183673,-39.31546964415537,8.423808397505282e-18
4.8979591836734695,0.67573498880583,-0.39195430819613525,0.6262626262626262,0.12244897959183673,-39.32418717166748,8.350692772814494e-18
4.8979591836734695,0.750616249262273,-0.2868607441511999,0.6363636363636362,0.12244897959183673,-39.332506209397316,8.281511205584607e-18
4.8979591836734695,0.833795441985706,-0.18176718010626372,0.6464646464646464,0.12244897959183673,-39.340442037008906,8.216050645697028e-18
4.8979591836734695,0.926192098504948,-0.07667361606132911,0.6565656565656565,0.12244897959183673,-39.34800911948796,8.154113749156989e-18
4.8979591836734695,1.02882764781018,0.028419947983610284,0.666666666666667,0.12244897959183673,-39.35522116558502,8.09551745847565e-18
4.8979591836734695,1.142836708073,0.1335135120285407,0.6767676767676766,0.12244897959183673,-39.362091179873694,8.04009174358259e-18
4.8979591836734695,1.2694796296533,0.23860707607348014,0.686868686868687,0.12244897959183673,-39.36863150922374,7.987678482405454e-18
4.8979591836734695,1.41015642805352,0.3437006401184105,0.6969696969696967,0.12244897959183673,-39.374853884383214,7.938130463282747e-18
4.8979591836734695,1.56642226084696,0.44879420416335164,0.7070707070707073,0.12244897959183673,-39.380769457273246,7.89131049392211e-18
4.8979591836734695,1.74000461967455,0.5538877682082868,0.7171717171717173,0.12244897959183673,-39.38638883451927,7.84709060377585e-18
4.8979591836734695,1.93282242736499,0.6589813322532224,0.7272727272727274,0.12244897959183673,-39.39172210767446,7.805351328525773e-18
4.8979591836734695,2.14700725129329,0.7640748962981553,0.7373737373737373,0.12244897959183673,-39.3967788805311,7.765981066920815e-18
4.8979591836734695,2.38492686748792,0.8691684603430914,0.7474747474747475,0.12244897959183673,-39.40156829386385,7.728875501530551e-18
4.8979591836734695,2.64921143598352,0.9742620243880249,0.7575757575757573,0.12244897959183673,-39.40609904790401,7.693937076099436e-18
4.8979591836734695,2.94278257678333,1.0793555884329629,0.7676767676767676,0.12244897959183673,-39.41037942280435,7.661074523152061e-18
4.8979591836734695,3.26888566786082,1.184449152477898,0.7777777777777777,0.12244897959183673,-39.41441729732046,7.630202436321275e-18
4.8979591836734695,3.63112572224959,1.289542716522833,0.7878787878787878,0.12244897959183673,-39.41822016590442,7.601240882581391e-18
4.8979591836734695,4.0335072408363,1.3946362805677694,0.797979797979798,0.12244897959183673,-39.42179515438107,7.574115050177283e-18
4.8979591836734695,4.48047848142245,1.4997298446127043,0.808080808080808,0.12244897959183673,-39.42514903435453,7.54875492856777e-18
4.8979591836734695,4.97698063344183,1.6048234086576407,0.8181818181818182,0.12244897959183673,-39.42828823647299,7.525095017156219e-18
4.8979591836734695,5.52850244195146,1.7099169727025751,0.8282828282828283,0.12244897959183673,-39.4312188626626,7.503074059977264e-18
4.8979591836734695,6.14114088475497,1.8150105367475111,0.8383838383838383,0.12244897959183673,-39.43394669742658,7.482634803850622e-18
4.8979591836734695,6.8216685734332,1.9201041007924453,0.8484848484848483,0.12244897959183673,-39.43647721829205,7.463723777815223e-18
4.8979591836734695,7.57760862338904,2.0251976648373815,0.8585858585858586,0.12244897959183673,-39.43881560547651,7.446291091913013e-18
4.8979591836734695,8.41731782058148,2.1302912288823177,0.8686868686868686,0.12244897959183673,-39.44096675083491,7.4302902536281e-18
4.8979591836734695,9.35007900434302,2.2353847929272526,0.8787878787878787,0.12244897959183673,-39.44293526614013,7.415678000482174e-18
4.8979591836734695,10.3862036875563,2.3404783569721936,0.8888888888888893,0.12244897959183673,-39.444725490741966,7.402414147466873e-18
4.8979591836734695,11.5371460486378,2.445571921017128,0.8989898989898993,0.12244897959183673,-39.44634149864225,7.390461448152858e-18
4.8979591836734695,12.8156295554912,2.550665485062058,0.909090909090909,0.12244897959183673,-39.44778710501868,7.379785468449975e-18
4.8979591836734695,14.2357876212352,2.6557590491069942,0.919191919191919,0.12244897959183673,-39.44906587222371,7.370354472122342e-18
4.8979591836734695,15.8133198466305,2.7608526131519304,0.9292929292929293,0.12244897959183673,-39.45018111528076,7.362139317267992e-18
4.8979591836734695,17.5656655764397,2.865946177196865,0.9393939393939392,0.12244897959183673,-39.45113590689521,7.3551133630783e-18
4.8979591836734695,19.5121966883548,2.9710397412417997,0.9494949494949493,0.12244897959183673,-39.45193308199439,7.349252386276372e-18
4.8979591836734695,21.6744317457404,3.0761333052867346,0.9595959595959593,0.12244897959183673,-39.452575241806585,7.34453450672268e-18
4.8979591836734695,24.0762738816144,3.1812268693316703,0.9696969696969694,0.12244897959183673,-39.45306475748658,7.340940121745056e-18
4.8979591836734695,26.744275043632,3.2863204333766105,0.97979797979798,0.12244897959183673,-39.45340377329166,7.338451848825379e-18
4.8979591836734695,29.707929521255,3.3914139974215445,0.98989898989899,0.12244897959183673,-39.45359420930986,7.337054476334777e-18
4.8979591836734695,33.0,3.4965075614664802,1.0,0.12244897959183673,-39.45363776373902,7.336734922074436e-18
5.714285714285714,0.001,-6.907755278982137,0.0,0.14285714285714285,-35.22790835747656,5.020116448907778e-16
5.714285714285714,0.001110814537795,-6.802661714937222,0.010101010101008117,0.14285714285714285,-35.49893020378678,3.828339981795055e-16
5.714285714285714,0.0012339089373767,-6.697568150892323,0.020202020202014698,0.14285714285714285,-35.76258952486646,2.9410655952262086e-16
5.714285714285714,0.0013706439859533,-6.592474586847349,0.030303030303028534,0.14285714285714285,-36.017500332899516,2.279283536042509e-16
5.714285714285714,0.0015225312657382,-6.487381022802441,0.04040404040403597,0.14285714285714285,-36.26234693311591,1.7842792546597025e-16
5.714285714285714,0.0016912498642295,-6.382287458757476,0.05050505050504887,0.14285714285714285,-36.495950507955094,1.412570338475809e-16
5.714285714285714,0.00187866493623,-6.277193894712534,0.06060606060605963,0.14285714285714285,-36.717330890117985,1.132050508709305e-16
5.714285714285714,0.00208684832281,-6.172100330667619,0.07070707070706775,0.14285714285714285,-36.92575495668481,9.190695597631936e-17
5.714285714285714,0.0023181014551505,-6.067006766622687,0.08080808080807748,0.14285714285714285,-37.12076516768686,7.562345649853254e-17
5.714285714285714,0.002574980796465,-5.961913202577741,0.0909090909090886,0.14285714285714285,-37.30218547192438,6.307636921172218e-17
5.714285714285714,0.0028603261032564,-5.856819638532781,0.10101010101010106,0.14285714285714285,-37.47010586283723,5.3326095663936476e-17
5.714285714285714,0.0031772918183317,-5.751726074487876,0.11111111111110823,0.14285714285714285,-37.624850085934746,4.5680960322933705e-17
5.714285714285714,0.0035293819426201,-5.646632510442922,0.1212121212121201,0.14285714285714285,-37.766932691397535,3.963049836199286e-17
5.714285714285714,0.0039204887712936,-5.541538946397998,0.13131313131312908,0.14285714285714285,-37.89701174821573,3.4796608518875255e-17
5.714285714285714,0.0043549359224151,-5.436445382353058,0.14141414141413966,0.14285714285714285,-38.0158425104916,3.089792913586934e-17
5.714285714285714,0.0048375261337845,-5.331351818308116,0.15151515151515035,0.14285714285714285,-38.12423573980768,2.772392985918391e-17
5.714285714285714,0.0053735943563712,-5.2262582542631755,0.16161616161616094,0.14285714285714285,-38.223022751638396,2.511609616941249e-17
5.714285714285714,0.0059690667312704,-5.121164690218244,0.17171717171717069,0.14285714285714285,-38.31302789022414,2.295426558873231e-17
5.714285714285714,0.0066305261021638,-5.016071126173304,0.18181818181818118,0.14285714285714285,-38.39504817389868,2.1146692282393604e-17
5.714285714285714,0.0073652847875129,-4.910977562128371,0.19191919191919102,0.14285714285714285,-38.46983928336675,1.9622804612385098e-17
5.714285714285714,0.0081814654169699,-4.80588399808343,0.20202020202020168,0.14285714285714285,-38.53810681014152,1.832790686833938e-17
5.714285714285714,0.0090880907256374,-4.700790434038493,0.21212121212121193,0.14285714285714285,-38.60050164314321,1.7219285931541143e-17
5.714285714285714,0.0100951832988382,-4.595696869993551,0.22222222222222263,0.14285714285714285,-38.65761846020419,1.6263335423643367e-17
5.714285714285714,0.0112138763700549,-4.490603305948624,0.23232323232323193,0.14285714285714285,-38.70999644147134,1.543341914286515e-17
5.714285714285714,0.0124565368968931,-4.385509741903686,0.24242424242424226,0.14285714285714285,-38.75812148951767,1.4708273879278487e-17
5.714285714285714,0.013836902275649,-4.280416177858747,0.2525252525252527,0.14285714285714285,-38.80242940086053,1.4070807667997932e-17
5.714285714285714,0.0153702322058399,-4.175322613813814,0.26262626262626254,0.14285714285714285,-38.84330957307466,1.350718952128197e-17
5.714285714285714,0.0170734773835322,-4.07022904976888,0.2727272727272725,0.14285714285714285,-38.881108946594246,1.3006155264624883e-17
5.714285714285714,0.0189654668883421,-3.9651354857239447,0.2828282828282826,0.14285714285714285,-38.91613597110983,1.2558474576930795e-17
5.714285714285714,0.0210671163356406,-3.8600419216790063,0.292929292929293,0.14285714285714285,-38.94866445594577,1.2156539044152632e-17
5.714285714285714,0.0234016590950486,-3.7549483576340705,0.3030303030303031,0.14285714285714285,-38.978937215529065,1.1794041642157052e-17
5.714285714285714,0.0259949031313031,-3.649854793589135,0.3131313131313132,0.14285714285714285,-39.00716945861322,1.1465725745657245e-17
5.714285714285714,0.0288755163068248,-3.5447612295442013,0.32323232323232315,0.14285714285714285,-39.03355189650288,1.1167187349507439e-17
5.714285714285714,0.0320753432999582,-3.4396676654992664,0.33333333333333315,0.14285714285714285,-39.05825356381926,1.0894718277213178e-17
5.714285714285714,0.0356297576423598,-3.3345741014543298,0.34343434343434337,0.14285714285714285,-39.08142435750455,1.0645181158607373e-17
5.714285714285714,0.0395780527672466,-3.229480537409394,0.3535353535353535,0.14285714285714285,-39.10319730746291,1.0415909182913844e-17
5.714285714285714,0.0439638763914761,-3.1243869733644574,0.3636363636363637,0.14285714285714285,-39.12369059675313,1.0204625288238409e-17
5.714285714285714,0.048835713033475,-3.019293409319523,0.3737373737373737,0.14285714285714285,-39.14300935154058,1.0009376686948767e-17
5.714285714285714,0.0542474200011699,-2.914199845274587,0.3838383838383838,0.14285714285714285,-39.161247221786525,9.828481558710181e-18
5.714285714285714,0.060258822775172,-2.8091062812296523,0.3939393939393938,0.14285714285714285,-39.17848777341603,9.660485448955198e-18
5.714285714285714,0.0669363763690749,-2.7040127171847166,0.404040404040404,0.14285714285714285,-39.19480571182641,9.50412544836386e-18
5.714285714285714,0.0743538999780876,-2.5989191531397813,0.4141414141414141,0.14285714285714285,-39.21026795533934,9.358300640961491e-18
5.714285714285714,0.0825933930374168,-2.493825589094845,0.42424242424242425,0.14285714285714285,-39.22493457573917,9.22204762593518e-18
5.714285714285714,0.0917459417117808,-2.38873202504991,0.4343434343434343,0.14285714285714285,-39.238859621504446,9.094520164262434e-18
5.714285714285714,0.101912725837141,-2.283638461004973,0.44444444444444453,0.14285714285714285,-39.25209183780713,8.974972192902453e-18
5.714285714285714,0.113206137446215,-2.1785448969600347,0.4545454545454549,0.14285714285714285,-39.26467529588054,8.862743599387969e-18
5.714285714285714,0.125751023242877,-2.0734513329151003,0.46464646464646486,0.14285714285714285,-39.2766499429713,8.757248267809482e-18
5.714285714285714,0.139686064760787,-1.9683577688701692,0.47474747474747453,0.14285714285714285,-39.2880520828106,8.657964000651378e-18
5.714285714285714,0.155165311463659,-1.8632642048252352,0.48484848484848453,0.14285714285714285,-39.29891479537357,8.564423995224562e-18
5.714285714285714,0.172359883735326,-1.7581706407802946,0.49494949494949514,0.14285714285714285,-39.30926830364128,8.476209612762186e-18
5.714285714285714,0.19145986458586,-1.6530770767353593,0.5050505050505052,0.14285714285714285,-39.31914029413641,8.39294422581079e-18
5.714285714285714,0.212676400986239,-1.5479835126904273,0.5151515151515149,0.14285714285714285,-39.32855619716256,8.314287967858038e-18
5.714285714285714,0.236244038061438,-1.442889948645492,0.5252525252525251,0.14285714285714285,-39.33753943193242,8.239933240111984e-18
5.714285714285714,0.262423311946047,-1.3377963846005527,0.5353535353535355,0.14285714285714285,-39.34611162111225,8.169600855484158e-18
5.714285714285714,0.291503629965987,-1.2327028205556183,0.5454545454545455,0.14285714285714285,-39.35429277873195,8.103036720304728e-18
5.714285714285714,0.323806469986239,-1.1276092565106834,0.5555555555555556,0.14285714285714285,-39.362101474902,8.0400089710366e-18
5.714285714285714,0.359688934292802,-1.0225156924657481,0.5656565656565656,0.14285714285714285,-39.369554980333994,7.980305496982438e-18
5.714285714285714,0.399547697296443,-0.9174221284208132,0.5757575757575757,0.14285714285714285,-39.37666939327329,7.923731791269523e-18
5.714285714285714,0.443823390699414,-0.8123285643758777,0.5858585858585857,0.14285714285714285,-39.38345975111242,7.870109081719045e-18
5.714285714285714,0.49300547460239,-0.707235000330941,0.5959595959595959,0.14285714285714285,-39.389940128658786,7.819272700916027e-18
5.714285714285714,0.547637648400869,-0.6021414362860068,0.606060606060606,0.14285714285714285,-39.39612372477209,7.771070661197643e-18
5.714285714285714,0.608323861287565,-0.49704787224107067,0.6161616161616161,0.14285714285714285,-39.40202293886283,7.725362405602344e-18
5.714285714285714,0.67573498880583,-0.39195430819613525,0.6262626262626262,0.14285714285714285,-39.407649438548184,7.682017710263965e-18
5.714285714285714,0.750616249262273,-0.2868607441511999,0.6363636363636362,0.14285714285714285,-39.41301421959185,7.64091571745001e-18
5.714285714285714,0.833795441985706,-0.18176718010626372,0.6464646464646464,0.14285714285714285,-39.41812765910696,7.601944081557039e-18
5.714285714285714,0.926192098504948,-0.07667361606132911,0.6565656565656565,0.14285714285714285,-39.422999562873194,7.564998212990682e-18
5.714285714285714,1.02882764781018,0.028419947983610284,0.666666666666667,0.14285714285714285,-39.427639207507745,7.529980607061733e-18
5.714285714285714,1.142836708073,0.1335135120285407,0.6767676767676766,0.14285714285714285,-39.43205537813315,7.496800246886089e-18
5.714285714285714,1.2694796296533,0.23860707607348014,0.686868686868687,0.14285714285714285,-39.436256402101066,7.46537207084858e-18
5.714285714285714,1.41015642805352,0.3437006401184105,0.6969696969696967,0.14285714285714285,-39.44025017925798,7.435616496521419e-18
5.714285714285714,1.56642226084696,0.44879420416335164,0.7070707070707073,0.14285714285714285,-39.444044209175594,7.40745899405756e-18
5.714285714285714,1.74000461967455,0.5538877682082868,0.7171717171717173,0.14285714285714285,-39.447645615713604,7.380829703039812e-18
5.714285714285714,1.93282242736499,0.6589813322532224,0.7272727272727274,0.14285714285714285,-39.451061169234556,7.355663087587207e-18
5.714285714285714,2.14700725129329,0.7640748962981553,0.7373737373737373,0.14285714285714285,-39.454297306749226,7.331897625216847e-18
5.714285714285714,2.38492686748792,0.8691684603430914,0.7474747474747475,0.14285714285714285,-39.4573601502348,7.309475525557995e-18
5.714285714285714,2.64921143598352,0.9742620243880249,0.7575757575757573,0.14285714285714285,-39.46025552333658,7.288342475529008e-18
5.714285714285714,2.94278257678333,1.0793555884329629,0.7676767676767676,0.14285714285714285,-39.46298896663699,7.268447408025154e-18
5.714285714285714,3.26888566786082,1.184449152477898,0.7777777777777777,0.14285714285714285,-39.46556575165188,7.249742291544462e-18
5.714285714285714,3.63112572224959,1.289542716522833,0.7878787878787878,0.14285714285714285,-39.46799089369337,7.232181938504985e-18
5.714285714285714,4.0335072408363,1.3946362805677694,0.797979797979798,0.14285714285714285,-39.47026916372094,7.215723830286696e-18
5.714285714285714,4.48047848142245,1.4997298446127043,0.808080808080808,0.14285714285714285,-39.4724050992866,7.200327957275292e-18
5.714285714285714,4.97698063344183,1.6048234086576407,0.8181818181818182,0.14285714285714285,-39.474403014666606,7.185956672394333e-18
5.714285714285714,5.52850244195146,1.7099169727025751,0.8282828282828283,0.14285714285714285,-39.47626701026045,7.17257455679635e-18
5.714285714285714,6.14114088475497,1.8150105367475111,0.8383838383838383,0.14285714285714285,-39.47800098132745,7.160148296540318e-18
5.714285714285714,6.8216685734332,1.9201041007924453,0.8484848484848483,0.14285714285714285,-39.47960862612245,7.148646569223181e-18
5.714285714285714,7.57760862338904,2.0251976648373815,0.8585858585858586,0.14285714285714285,-39.481093453484625,7.138039939650288e-18
5.714285714285714,8.41731782058148,2.1302912288823177,0.8686868686868686,0.14285714285714285,-39.48245878992597,7.128300763739726e-18
5.714285714285714,9.35007900434302,2.2353847929272526,0.8787878787878787,0.14285714285714285,-39.48370778626093,7.119403099942764e-18
5.714285714285714,10.3862036875563,2.3404783569721936,0.8888888888888893,0.14285714285714285,-39.48484342381282,7.1113226275478e-18
5.714285714285714,11.5371460486378,2.445571921017128,0.8989898989898993,0.14285714285714285,-39.48586852022878,7.10403657130268e-18
5.714285714285714,12.8156295554912,2.550665485062058,0.909090909090909,0.14285714285714285,-39.486785734930436,7.097523631856869e-18
5.714285714285714,14.2357876212352,2.6557590491069942,0.919191919191919,0.14285714285714285,-39.48759757422453,7.091763921577672e-18
5.714285714285714,15.8133198466305,2.7608526131519304,0.9292929292929293,0.14285714285714285,-39.48830639609455,7.08673890534413e-18
5.714285714285714,17.5656655764397,2.865946177196865,0.9393939393939392,0.14285714285714285,-39.488914414691614,7.082431345967959e-18
5.714285714285714,19.5121966883548,2.9710397412417997,0.9494949494949493,0.14285714285714285,-39.48942370454072,7.078825253927449e-18
5.714285714285714,21.6744317457404,3.0761333052867346,0.9595959595959593,0.14285714285714285,-39.489836204476205,7.07590584113708e-18
5.714285714285714,24.0762738816144,3.1812268693316703,0.9696969696969694,0.14285714285714285,-39.4901537213187,7.07365947850448e-18
5.714285714285714,26.744275043632,3.2863204333766105,0.97979797979798,0.14285714285714285,-39.49037793330378,7.072073657057722e-18
5.714285714285714,29.707929521255,3.3914139974215445,0.98989898989899,0.14285714285714285,-39.4905103932714,7.071136952449426e-18
5.714285714285714,33.0,3.4965075614664802,1.0,0.14285714285714285,-39.490552531623806,7.070838992666426e-18
6.530612244897959,0.001,-6.907755278982137,0.0,0.163265306122449,-36.385570408404035,1.5774207548069197e-16
6.530612244897959,0.001110814537795,-6.802661714937222,0.010101010101008117,0.163265306122449,-36.606042446538915,1.265312391336831e-16
6.530612244897959,0.0012339089373767,-6.697568150892323,0.020202020202014698,0.163265306122449,-36.817802029060736,1.0238391752306437e-16
6.530612244897959,0.0013706439859533,-6.592474586847349,0.030303030303028534,0.163265306122449,-37.01972518722678,8.366380834442375e-17
6.530612244897959,0.0015225312657382,-6.487381022802441,0.04040404040403597,0.163265306122449,-37.210911842088606,6.910449862764496e-17
6.530612244897959,0.0016912498642295,-6.382287458757476,0.05050505050504887,0.163265306122449,-37.39071715191077,5.77321679701552e-17
6.530612244897959,0.00187866493623,-6.277193894712534,0.06060606060605963,0.163265306122449,-37.55876239177153,4.880190173704929e-17
6.530612244897959,0.00208684832281,-6.172100330667619,0.07070707070706775,0.163265306122449,-37.71492628652879,4.1746073015501095e-17
6.530612244897959,0.0023181014551505,-6.067006766622687,0.08080808080807748,0.163265306122449,-37.85932037608708,3.613317064222119e-17
6.530612244897959,0.002574980796465,-5.961913202577741,0.0909090909090886,0.163265306122449,-37.99225351385207,3.163544471030039e-17
6.530612244897959,0.0028603261032564,-5.856819638532781,0.10101010101010106,0.163265306122449,-38.114190898957084,2.800381567325997e-17
6.530612244897959,0.0031772918183317,-5.751726074487876,0.11111111111110823,0.163265306122449,-38.225712383255654,2.5048633888064754e-17
6.530612244897959,0.0035293819426201,-5.646632510442922,0.1212121212121201,0.163265306122449,-38.32747359665372,2.2625058545727466e-17
6.530612244897959,0.0039204887712936,-5.541538946397998,0.13131313131312908,0.163265306122449,-38.42017210166441,2.062202279005826e-17
6.530612244897959,0.0043549359224151,-5.436445382353058,0.14141414141413966,0.163265306122449,-38.50451960224627,1.895394466574569e-17
6.530612244897959,0.0048375261337845,-5.331351818308116,0.15151515151515035,0.163265306122449,-38.5812203328476,1.755451779578559e-17
6.530612244897959,0.0053735943563712,-5.2262582542631755,0.16161616161616094,0.163265306122449,-38.65095516720144,1.6372064637786013e-17
6.530612244897959,0.0059690667312704,-5.121164690218244,0.17171717171717069,0.163265306122449,-38.71437067074486,1.5366057264617568e-17
6.530612244897959,0.0066305261021638,-5.016071126173304,0.18181818181818118,0.163265306122449,-38.772072206004275,1.450450756818069e-17
6.530612244897959,0.0073652847875129,-4.910977562128371,0.19191919191919102,0.163265306122449,-38.824620216618136,1.3762003942736469e-17
6.530612244897959,0.0081814654169699,-4.80588399808343,0.20202020202020168,0.163265306122449,-38.872528905183174,1.3118228725318263e-17
6.530612244897959,0.0090880907256374,-4.700790434038493,0.21212121212121193,0.163265306122449,-38.91626664152647,1.2556833663037274e-17
6.530612244897959,0.0100951832988382,-4.595696869993551,0.22222222222222263,0.163265306122449,-38.95625756501695,1.2064582676441175e-17
6.530612244897959,0.0112138763700549,-4.490603305948624,0.23232323232323193,0.163265306122449,-38.99288396237717,1.1630694854933304e-17
6.530612244897959,0.0124565368968931,-4.385509741903686,0.24242424242424226,0.163265306122449,-39.026489104293034,1.1246338056802005e-17
6.530612244897959,0.013836902275649,-4.280416177858747,0.2525252525252527,0.163265306122449,-39.057380308001996,1.0904236308559444e-17
6.530612244897959,0.0153702322058399,-4.175322613813814,0.26262626262626254,0.163265306122449,-39.08583205975279,1.0598363624354119e-17
6.530612244897959,0.0170734773835322,-4.07022904976888,0.2727272727272725,0.163265306122449,-39.11208908264435,1.0323703802413127e-17
6.530612244897959,0.0189654668883421,-3.9651354857239447,0.2828282828282826,0.163265306122449,-39.13636927437177,1.007606086960904e-17
6.530612244897959,0.0210671163356406,-3.8600419216790063,0.292929292929293,0.163265306122449,-39.158866468293745,9.851908626481154e-18
6.530612244897959,0.0234016590950486,-3.7549483576340705,0.3030303030303031,0.163265306122449,-39.179752992182976,9.64827055035629e-18
6.530612244897959,0.0259949031313031,-3.649854793589135,0.3131313131313132,0.163265306122449,-39.19918201387443,9.462623403678476e-18
6.530612244897959,0.0288755163068248,-3.5447612295442013,0.32323232323232315,0.163265306122449,-39.217289673283766,9.2928194576644e-18
6.530612244897959,0.0320753432999582,-3.4396676654992664,0.33333333333333315,0.163265306122449,-39.23419700711105,9.137023416016454e-18
6.530612244897959,0.0356297576423598,-3.3345741014543298,0.34343434343434337,0.163265306122449,-39.250011676888,8.993661010443343e-18
6.530612244897959,0.0395780527672466,-3.229480537409394,0.3535353535353535,0.163265306122449,-39.264829513569076,8.861376912942275e-18
6.530612244897959,0.0439638763914761,-3.1243869733644574,0.3636363636363637,0.163265306122449,-39.27873589313111,8.739000123362362e-18
6.530612244897959,0.048835713033475,-3.019293409319523,0.3737373737373737,0.163265306122449,-39.29180695802608,8.625515384585604e-18
6.530612244897959,0.0542474200011699,-2.914199845274587,0.3838383838383838,0.163265306122449,-39.304110699113515,8.520039481243942e-18
6.530612244897959,0.060258822775172,-2.8091062812296523,0.3939393939393938,0.163265306122449,-39.31570791209325,8.421801513146895e-18
6.530612244897959,0.0669363763690749,-2.7040127171847166,0.404040404040404,0.163265306122449,-39.32665304161747,8.330126417843958e-18
6.530612244897959,0.0743538999780876,-2.5989191531397813,0.4141414141414141,0.163265306122449,-39.3369949252896,8.244421160237878e-18
6.530612244897959,0.0825933930374168,-2.493825589094845,0.42424242424242425,0.163265306122449,-39.34677744873242,8.164163120086932e-18
6.530612244897959,0.0917459417117808,-2.38873202504991,0.4343434343434343,0.163265306122449,-39.356040121879104,8.088890297547148e-18
6.530612244897959,0.101912725837141,-2.283638461004973,0.44444444444444453,0.163265306122449,-39.36481858564314,8.018193027890915e-18
6.530612244897959,0.113206137446215,-2.1785448969600347,0.4545454545454549,0.163265306122449,-39.37314505717681,7.951706953220387e-18
6.530612244897959,0.125751023242877,-2.0734513329151003,0.46464646464646486,0.163265306122449,-39.38104872104585,7.889107044468906e-18
6.530612244897959,0.139686064760787,-1.9683577688701692,0.47474747474747453,0.163265306122449,-39.38855607283675,7.830102503618757e-18
6.530612244897959,0.155165311463659,-1.8632642048252352,0.48484848484848453,0.163265306122449,-39.395691220972154,7.774432405719412e-18
6.530612244897959,0.172359883735326,-1.7581706407802946,0.49494949494949514,0.163265306122449,-39.40247615184211,7.721861964373093e-18
6.530612244897959,0.19145986458586,-1.6530770767353593,0.5050505050505052,0.163265306122449,-39.40893096275662,7.672179324010166e-18
6.530612244897959,0.212676400986239,-1.5479835126904273,0.5151515151515149,0.163265306122449,-39.415074066687914,7.625192798362089e-18
6.530612244897959,0.236244038061438,-1.442889948645492,0.5252525252525251,0.163265306122449,-39.420922372291905,7.580728487759494e-18
6.530612244897959,0.262423311946047,-1.3377963846005527,0.5353535353535355,0.163265306122449,-39.42649144227361,7.53862821878095e-18
6.530612244897959,0.291503629965987,-1.2327028205556183,0.5454545454545455,0.163265306122449,-39.43179563278546,7.498747758790415e-18
6.530612244897959,0.323806469986239,-1.1276092565106834,0.5555555555555556,0.163265306122449,-39.43684821621528,7.460955265381997e-18
6.530612244897959,0.359688934292802,-1.0225156924657481,0.5656565656565656,0.163265306122449,-39.44166148942886,7.425129936967784e-18
6.530612244897959,0.399547697296443,-0.9174221284208132,0.5757575757575757,0.163265306122449,-39.44624686927442,7.391160835938456e-18
6.530612244897959,0.443823390699414,-0.8123285643758777,0.5858585858585857,0.163265306122449,-39.45061497693066,7.358945860166418e-18
6.530612244897959,0.49300547460239,-0.707235000330941,0.5959595959595959,0.163265306122449,-39.45477571248176,7.32839084226199e-18
6.530612244897959,0.547637648400869,-0.6021414362860068,0.606060606060606,0.163265306122449,-39.45873832092915,7.299408759052245e-18
6.530612244897959,0.608323861287565,-0.49704787224107067,0.6161616161616161,0.163265306122449,-39.46251145069751,7.271919036330715e-18
6.530612244897959,0.67573498880583,-0.39195430819613525,0.6262626262626262,0.163265306122449,-39.466103205559634,7.245846936100434e-18
6.530612244897959,0.750616249262273,-0.2868607441511999,0.6363636363636362,0.163265306122449,-39.469521190787965,7.221123015374021e-18
6.530612244897959,0.833795441985706,-0.18176718010626372,0.6464646464646464,0.163265306122449,-39.47277255423919,7.197682647152998e-18
6.530612244897959,0.926192098504948,-0.07667361606132911,0.6565656565656565,0.163265306122449,-39.475864022988866,7.175465595534013e-18
6.530612244897959,1.02882764781018,0.028419947983610284,0.666666666666667,0.163265306122449,-39.478801936055724,7.15441563801349e-18
6.530612244897959,1.142836708073,0.1335135120285407,0.6767676767676766,0.163265306122449,-39.48159227368703,7.134480229024434e-18
6.530612244897959,1.2694796296533,0.23860707607348014,0.686868686868687,0.163265306122449,-39.48424068361728,7.115610199555062e-18
6.530612244897959,1.41015642805352,0.3437006401184105,0.6969696969696967,0.163265306122449,-39.48675250466061,7.097759488401034e-18
6.530612244897959,1.56642226084696,0.44879420416335164,0.7070707070707073,0.163265306122449,-39.48913278795218,7.080884901199444e-18
6.530612244897959,1.74000461967455,0.5538877682082868,0.7171717171717173,0.163265306122449,-39.491386316114124,7.064945893909381e-18
6.530612244897959,1.93282242736499,0.6589813322532224,0.7272727272727274,0.163265306122449,-39.493517620587454,7.049904377840884e-18
6.530612244897959,2.14700725129329,0.7640748962981553,0.7373737373737373,0.163265306122449,-39.49553099734082,7.035724543717317e-18
6.530612244897959,2.38492686748792,0.8691684603430914,0.7474747474747475,0.163265306122449,-39.49743052114129,7.02237270257767e-18
6.530612244897959,2.64921143598352,0.9742620243880249,0.7575757575757573,0.163265306122449,-39.49922005854872,7.009817141611189e-18
6.530612244897959,2.94278257678333,1.0793555884329629,0.7676767676767676,0.163265306122449,-39.50090327977586,6.998027993255894e-18
6.530612244897959,3.26888566786082,1.184449152477898,0.7777777777777777,0.163265306122449,-39.502483669538364,6.986977116104293e-18
6.530612244897959,3.63112572224959,1.289542716522833,0.7878787878787878,0.163265306122449,-39.503964537003874,6.976637986340684e-18
6.530612244897959,4.0335072408363,1.3946362805677694,0.797979797979798,0.163265306122449,-39.505349024936,6.966985598590759e-18
6.530612244897959,4.48047848142245,1.4997298446127043,0.808080808080808,0.163265306122449,-39.50664011811691,6.95799637520412e-18
6.530612244897959,4.97698063344183,1.6048234086576407,0.8181818181818182,0.163265306122449,-39.50784065112291,6.949648083102856e-18
6.530612244897959,5.52850244195146,1.7099169727025751,0.8282828282828283,0.163265306122449,-39.508953315517424,6.941919757440118e-18
6.530612244897959,6.14114088475497,1.8150105367475111,0.8383838383838383,0.163265306122449,-39.509980666518906,6.934791631395762e-18
6.530612244897959,6.8216685734332,1.9201041007924453,0.8484848484848483,0.163265306122449,-39.51092512919386,6.928245071518704e-18
6.530612244897959,7.57760862338904,2.0251976648373815,0.8585858585858586,0.163265306122449,-39.51178900421929,6.922262518092658e-18
6.530612244897959,8.41731782058148,2.1302912288823177,0.8686868686868686,0.163265306122449,-39.51257447325382,6.9168274300619014e-18
6.530612244897959,9.35007900434302,2.2353847929272526,0.8787878787878787,0.163265306122449,-39.51328360395205,6.911924234105769e-18
6.530612244897959,10.3862036875563,2.3404783569721936,0.8888888888888893,0.163265306122449,-39.513918354652525,6.907538277498298e-18
6.530612244897959,11.5371460486378,2.445571921017128,0.8989898989898993,0.163265306122449,-39.514480578766594,6.903655784427711e-18
6.530612244897959,12.8156295554912,2.550665485062058,0.909090909090909,0.163265306122449,-39.51497202889198,6.90026381548687e-18
6.530612244897959,14.2357876212352,2.6557590491069942,0.919191919191919,0.163265306122449,-39.5153943606723,6.8973502300781545e-18
6.530612244897959,15.8133198466305,2.7608526131519304,0.9292929292929293,0.163265306122449,-39.5157491364214,6.894903651502544e-18
6.530612244897959,17.5656655764397,2.865946177196865,0.9393939393939392,0.163265306122449,-39.5160378285293,6.892913434527406e-18
6.530612244897959,19.5121966883548,2.9710397412417997,0.9494949494949493,0.163265306122449,-39.51626182266471,6.891369635249627e-18
6.530612244897959,21.6744317457404,3.0761333052867346,0.9595959595959593,0.163265306122449,-39.516422420787144,6.890262983090712e-18
6.530612244897959,24.0762738816144,3.1812268693316703,0.9696969696969694,0.163265306122449,-39.51652084398082,6.889584854774967e-18
6.530612244897959,26.744275043632,3.2863204333766105,0.97979797979798,0.163265306122449,-39.51655823512069,6.8893272501601135e-18
6.530612244897959,29.707929521255,3.3914139974215445,0.98989898989899,0.163265306122449,-39.51653566137994,6.889482769802727e-18
6.530612244897959,33.0,3.4965075614664802,1.0,0.163265306122449,-39.516454116587674,6.8900445941506255e-18
7.346938775510204,0.001,-6.907755278982137,0.0,0.1836734693877551,-37.21274787393377,6.897773697234793e-17
7.346938775510204,0.001110814537795,-6.802661714937222,0.010101010101008117,0.1836734693877551,-37.3886684105828,5.785056749221229e-17
7.346938775510204,0.0012339089373767,-6.697568150892323,0.020202020202014698,0.1836734693877551,-37.555385713312475,4.8966968599424555e-17
7.346938775510204,0.0013706439859533,-6.592474586847349,0.030303030303028534,0.1836734693877551,-37.71234614382371,4.1853922915493095e-17
7.346938775510204,0.0015225312657382,-6.487381022802441,0.04040404040403597,0.1836734693877551,-37.85922324056598,3.6136680627049676e-17
7.346938775510204,0.0016912498642295,-6.382287458757476,0.05050505050504887,0.1836734693877551,-37.99590603925794,3.1520106211395814e-17
7.346938775510204,0.00187866493623,-6.277193894712534,0.06060606060605963,0.1836734693877551,-38.12247617587863,2.7772754828866256e-17
7.346938775510204,0.00208684832281,-6.172100330667619,0.07070707070706775,0.1836734693877551,-38.23917778967211,2.4713604567763268e-17
7.346938775510204,0.0023181014551505,-6.067006766622687,0.08080808080807748,0.1836734693877551,-38.346384169623995,2.22012258155128e-17
7.346938775510204,0.002574980796465,-5.961913202577741,0.0909090909090886,0.1836734693877551,-38.444564459013996,2.0125088380624817e-17
7.346938775510204,0.0028603261032564,-5.856819638532781,0.10101010101010106,0.1836734693877551,-38.53425282959649,1.8398678553591546e-17
7.346938775510204,0.0031772918183317,-5.751726074487876,0.11111111111110823,0.1836734693877551,-38.61602160221301,1.695410642896052e-17
7.346938775510204,0.0035293819426201,-5.646632510442922,0.1212121212121201,0.1836734693877551,-38.69045898372776,1.5737913756818967e-17
7.346938775510204,0.0039204887712936,-5.541538946397998,0.13131313131312908,0.1836734693877551,-38.758151484429405,1.470783271251812e-17
7.346938775510204,0.0043549359224151,-5.436445382353058,0.14141414141413966,0.1836734693877551,-38.81967068331564,1.383028828797875e-17
7.346938775510204,0.0048375261337845,-5.331351818308116,0.15151515151515035,0.1836734693877551,-38.87556379066722,1.3078476755233244e-17
7.346938775510204,0.0053735943563712,-5.2262582542631755,0.16161616161616094,0.1836734693877551,-38.92634737280802,1.2430887478518601e-17
7.346938775510204,0.0059690667312704,-5.121164690218244,0.17171717171717069,0.1836734693877551,-38.97250360795527,1.1870164487480329e-17
7.346938775510204,0.0066305261021638,-5.016071126173304,0.18181818181818118,0.1836734693877551,-39.01447849743799,1.1382227827509634e-17
7.346938775510204,0.0073652847875129,-4.910977562128371,0.19191919191919102,0.1836734693877551,-39.052681536202826,1.0955593389729543e-17
7.346938775510204,0.0081814654169699,-4.80588399808343,0.20202020202020168,0.1836734693877551,-39.08748643263768,1.0580844474548705e-17
7.346938775510204,0.0090880907256374,-4.700790434038493,0.21212121212121193,0.1836734693877551,-39.11923254985215,1.0250219541527729e-17
7.346938775510204,0.0100951832988382,-4.595696869993551,0.22222222222222263,0.1836734693877551,-39.14822681335759,9.957289146808572e-18
7.346938775510204,0.0112138763700549,-4.490603305948624,0.23232323232323193,0.1836734693877551,-39.17474589161808,9.696701559561351e-18
7.346938775510204,0.0124565368968931,-4.385509741903686,0.24242424242424226,0.1836734693877551,-39.1990385061825,9.463981460366206e-18
7.346938775510204,0.013836902275649,-4.280416177858747,0.2525252525252527,0.1836734693877551,-39.22132776806036,9.255369835403003e-18
7.346938775510204,0.0153702322058399,-4.175322613813814,0.26262626262626254,0.1836734693877551,-39.24181346810404,9.067695983561629e-18
7.346938775510204,0.0170734773835322,-4.07022904976888,0.2727272727272725,0.1836734693877551,-39.260674272920646,8.898274672938288e-18
7.346938775510204,0.0189654668883421,-3.9651354857239447,0.2828282828282826,0.1836734693877551,-39.278069795680516,8.744823088181019e-18
7.346938775510204,0.0210671163356406,-3.8600419216790063,0.292929292929293,0.1836734693877551,-39.2941425243554,8.605393428508753e-18
7.346938775510204,0.0234016590950486,-3.7549483576340705,0.3030303030303031,0.1836734693877551,-39.30901959945137,8.478317943771983e-18
7.346938775510204,0.0259949031313031,-3.649854793589135,0.3131313131313132,0.1836734693877551,-39.32281444004669,8.362163904430448e-18
7.346938775510204,0.0288755163068248,-3.5447612295442013,0.32323232323232315,0.1836734693877551,-39.335628221581864,8.255696544505385e-18
7.346938775510204,0.0320753432999582,-3.4396676654992664,0.33333333333333315,0.1836734693877551,-39.34755121190802,8.157848434655585e-18
7.346938775510204,0.0356297576423598,-3.3345741014543298,0.34343434343434337,0.1836734693877551,-39.358663973997146,8.067694065656921e-18
7.346938775510204,0.0395780527672466,-3.229480537409394,0.3535353535353535,0.1836734693877551,-39.36903844476539,7.984428673411947e-18
7.346938775510204,0.0439638763914761,-3.1243869733644574,0.3636363636363637,0.1836734693877551,-39.37873889990542,7.907350532184961e-18
7.346938775510204,0.048835713033475,-3.019293409319523,0.3737373737373737,0.1836734693877551,-39.38782281464284,7.835846095949422e-18
7.346938775510204,0.0542474200011699,-2.914199845274587,0.3838383838383838,0.1836734693877551,-39.39634163006383,7.769377488260444e-18
7.346938775510204,0.060258822775172,-2.8091062812296523,0.3939393939393938,0.1836734693877551,-39.40434143420574,7.707471936341542e-18
7.346938775510204,0.0669363763690749,-2.7040127171847166,0.404040404040404,0.1836734693877551,-39.41186356653251,7.649712820732746e-18
7.346938775510204,0.0743538999780876,-2.5989191531397813,0.4141414141414141,0.1836734693877551,-39.41894515378749,7.595732072196918e-18
7.346938775510204,0.0825933930374168,-2.493825589094845,0.42424242424242425,0.1836734693877551,-39.425619584562064,7.545203695951679e-18
7.346938775510204,0.0917459417117808,-2.38873202504991,0.4343434343434343,0.1836734693877551,-39.43191692926931,7.497838242215658e-18
7.346938775510204,0.101912725837141,-2.283638461004973,0.44444444444444453,0.1836734693877551,-39.43786431158191,7.453378073532897e-18
7.346938775510204,0.113206137446215,-2.1785448969600347,0.4545454545454549,0.1836734693877551,-39.44348623679632,7.411593304885228e-18
7.346938775510204,0.125751023242877,-2.0734513329151003,0.46464646464646486,0.1836734693877551,-39.448804882026344,7.372278313431639e-18
7.346938775510204,0.139686064760787,-1.9683577688701692,0.47474747474747453,0.1836734693877551,-39.45384035261272,7.335248731757793e-18
7.346938775510204,0.155165311463659,-1.8632642048252352,0.48484848484848453,0.1836734693877551,-39.45861090866163,7.300338852525169e-18
7.346938775510204,0.172359883735326,-1.7581706407802946,0.49494949494949514,0.1836734693877551,-39.46313316519416,7.267399383959676e-18
7.346938775510204,0.19145986458586,-1.6530770767353593,0.5050505050505052,0.1836734693877551,-39.46742226899945,7.236295505173091e-18
7.346938775510204,0.212676400986239,-1.5479835126904273,0.5151515151515149,0.1836734693877551,-39.47149205493296,7.206905178251334e-18
7.346938775510204,0.236244038061438,-1.442889948645492,0.5252525252525251,0.1836734693877551,-39.4753551840869,7.179117680651422e-18
7.346938775510204,0.262423311946047,-1.3377963846005527,0.5353535353535355,0.1836734693877551,-39.47902326597889,7.152832326973563e-18
7.346938775510204,0.291503629965987,-1.2327028205556183,0.5454545454545455,0.1836734693877551,-39.48250696665422,7.127957353803201e-18
7.346938775510204,0.323806469986239,-1.1276092565106834,0.5555555555555556,0.1836734693877551,-39.48581610437425,7.104408945209212e-18
7.346938775510204,0.359688934292802,-1.0225156924657481,0.5656565656565656,0.1836734693877551,-39.48895973436611,7.082110379757798e-18
7.346938775510204,0.399547697296443,-0.9174221284208132,0.5757575757575757,0.1836734693877551,-39.49194622393348,7.060991282672227e-18
7.346938775510204,0.443823390699414,-0.8123285643758777,0.5858585858585857,0.1836734693877551,-39.494783319073456,7.040986969109228e-18
7.346938775510204,0.49300547460239,-0.707235000330941,0.5959595959595959,0.1836734693877551,-39.497478203607834,7.022037866509187e-18
7.346938775510204,0.547637648400869,-0.6021414362860068,0.606060606060606,0.1836734693877551,-39.50003755171585,7.00408900567012e-18
7.346938775510204,0.608323861287565,-0.49704787224107067,0.6161616161616161,0.1836734693877551,-39.502467574649664,6.987089571628304e-18
7.346938775510204,0.67573498880583,-0.39195430819613525,0.6262626262626262,0.1836734693877551,-39.50477406231921,6.970992506662492e-18
7.346938775510204,0.750616249262273,-0.2868607441511999,0.6363636363636362,0.1836734693877551,-39.50696242035102,6.955754158782552e-18
7.346938775510204,0.833795441985706,-0.18176718010626372,0.6464646464646464,0.1836734693877551,-39.50903770315253,6.941333969965652e-18
7.346938775510204,0.926192098504948,-0.07667361606132911,0.6565656565656565,0.1836734693877551,-39.51100464344942,6.927694199170895e-18
7.346938775510204,1.02882764781018,0.028419947983610284,0.666666666666667,0.1836734693877551,-39.512867678707345,6.9147996758271524e-18
7.346938775510204,1.142836708073,0.1335135120285407,0.6767676767676766,0.1836734693877551,-39.51463097479982,6.902617580055834e-18
7.346938775510204,1.2694796296533,0.23860707607348014,0.686868686868687,0.1836734693877551,-39.51629844724062,6.891117246381126e-18
7.346938775510204,1.41015642805352,0.3437006401184105,0.6969696969696967,0.1836734693877551,-39.517873780260544,6.880269988104099e-18
7.346938775510204,1.56642226084696,0.44879420416335164,0.7070707070707073,0.1836734693877551,-39.51936044397522,6.870048939878867e-18
7.346938775510204,1.74000461967455,0.5538877682082868,0.7171717171717173,0.1836734693877551,-39.520761709860736,6.860428916347125e-18
7.346938775510204,1.93282242736499,0.6589813322532224,0.7272727272727274,0.1836734693877551,-39.522080664728016,6.851386284958535e-18
7.346938775510204,2.14700725129329,0.7640748962981553,0.7373737373737373,0.1836734693877551,-39.523320223364195,6.842898851341784e-18
7.346938775510204,2.38492686748792,0.8691684603430914,0.7474747474747475,0.1836734693877551,-39.52448313998918,6.834945755794284e-18
7.346938775510204,2.64921143598352,0.9742620243880249,0.7575757575757573,0.1836734693877551,-39.52557201865779,6.827507379639195e-18
7.346938775510204,2.94278257678333,1.0793555884329629,0.7676767676767676,0.1836734693877551,-39.52658932272258,6.8205652603513035e-18
7.346938775510204,3.26888566786082,1.184449152477898,0.7777777777777777,0.1836734693877551,-39.52753738345903,6.814102014486508e-18
7.346938775510204,3.63112572224959,1.289542716522833,0.7878787878787878,0.1836734693877551,-39.528418407942304,6.808101267570822e-18
7.346938775510204,4.0335072408363,1.3946362805677694,0.797979797979798,0.1836734693877551,-39.529234486254985,6.80254759020187e-18
7.346938775510204,4.48047848142245,1.4997298446127043,0.808080808080808,0.1836734693877551,-39.52998759809521,6.7974264397095765e-18
7.346938775510204,4.97698063344183,1.6048234086576407,0.8181818181818182,0.1836734693877551,-39.530679618847266,6.792724106796369e-18
7.346938775510204,5.52850244195146,1.7099169727025751,0.8282828282828283,0.1836734693877551,-39.531312325168905,6.788427666648599e-18
7.346938775510204,6.14114088475497,1.8150105367475111,0.8383838383838383,0.1836734693877551,-39.531887400143816,6.784524934067991e-18
7.346938775510204,6.8216685734332,1.9201041007924453,0.8484848484848483,0.1836734693877551,-39.532406438041924,6.781004422225118e-18
7.346938775510204,7.57760862338904,2.0251976648373815,0.8585858585858586,0.1836734693877551,-39.53287094872539,6.77785530468237e-18
7.346938775510204,8.41731782058148,2.1302912288823177,0.8686868686868686,0.1836734693877551,-39.53328236173393,6.7750673803734915e-18
7.346938775510204,9.35007900434302,2.2353847929272526,0.8787878787878787,0.1836734693877551,-39.533642030079264,6.77263104126257e-18
7.346938775510204,10.3862036875563,2.3404783569721936,0.8888888888888893,0.1836734693877551,-39.53395123377509,6.770537242435982e-18
7.346938775510204,11.5371460486378,2.445571921017128,0.8989898989898993,0.1836734693877551,-39.53421118312631,6.768777474407603e-18
7.346938775510204,12.8156295554912,2.550665485062058,0.909090909090909,0.1836734693877551,-39.53442302179831,6.76734373744218e-18
7.346938775510204,14.2357876212352,2.6557590491069942,0.919191919191919,0.1836734693877551,-39.5345878296851,6.766228517722656e-18
7.346938775510204,15.8133198466305,2.7608526131519304,0.9292929292929293,0.1836734693877551,-39.53470662559281,6.76542476520632e-18
7.346938775510204,17.5656655764397,2.865946177196865,0.9393939393939392,0.1836734693877551,-39.53478036975367,6.764925873029582e-18
7.346938775510204,19.5121966883548,2.9710397412417997,0.9494949494949493,0.1836734693877551,-39.53480996618358,6.7647256583379605e-18
7.346938775510204,21.6744317457404,3.0761333052867346,0.9595959595959593,0.1836734693877551,-39.53479626489522,6.7648183444298385e-18
7.346938775510204,24.0762738816144,3.1812268693316703,0.9696969696969694,0.1836734693877551,-39.53474006397743,6.765198544113163e-18
7.346938775510204,26.744275043632,3.2863204333766105,0.97979797979798,0.1836734693877551,-39.534642111550404,6.7658612441858844e-18
7.346938775510204,29.707929521255,3.3914139974215445,0.98989898989899,0.1836734693877551,-39.5345031076053,6.766801790959174e-18
7.346938775510204,33.0,3.4965075614664802,1.0,0.1836734693877551,-39.53432370573598,6.768015876751195e-18
8.16326530612245,0.001,-6.907755278982137,0.0,0.20408163265306123,-37.79340515443159,3.859514608464463e-17
8.16326530612245,0.001110814537795,-6.802661714937222,0.010101010101008117,0.20408163265306123,-37.93281150038586,3.357293288773954e-17
8.16326530612245,0.0012339089373767,-6.697568150892323,0.020202020202014698,0.20408163265306123,-38.0635567806162,2.945827611729267e-17
8.16326530612245,0.0013706439859533,-6.592474586847349,0.030303030303028534,0.20408163265306123,-38.18552625937289,2.6075740896008646e-17
8.16326530612245,0.0015225312657382,-6.487381022802441,0.04040404040403597,0.20408163265306123,-38.29876380635701,2.3284033485357415e-17
8.16326530612245,0.0016912498642295,-6.382287458757476,0.05050505050504887,0.20408163265306123,-38.403448082448314,2.096980595564615e-17
8.16326530612245,0.00187866493623,-6.277193894712534,0.06060606060605963,0.20408163265306123,-38.49986641584058,1.904234641880911e-17
8.16326530612245,0.00208684832281,-6.172100330667619,0.07070707070706775,0.20408163265306123,-38.58838871458544,1.7429130260786383e-17
8.16326530612245,0.0023181014551505,-6.067006766622687,0.08080808080807748,0.20408163265306123,-38.66944313772834,1.607215925264156e-17
8.16326530612245,0.002574980796465,-5.961913202577741,0.0909090909090886,0.20408163265306123,-38.74349460900846,1.4924991128667688e-17
8.16326530612245,0.0028603261032564,-5.856819638532781,0.10101010101010106,0.20408163265306123,-38.81102670209801,1.39503552207303e-17
8.16326530612245,0.0031772918183317,-5.751726074487876,0.11111111111110823,0.20408163265306123,-38.87252700087902,1.311825370643953e-17
8.16326530612245,0.0035293819426201,-5.646632510442922,0.1212121212121201,0.20408163265306123,-38.92847574917665,1.2404458007276315e-17
8.16326530612245,0.0039204887712936,-5.541538946397998,0.13131313131312908,0.20408163265306123,-38.979337434718,1.1789322384808455e-17
8.16326530612245,0.0043549359224151,-5.436445382353058,0.14141414141413966,0.20408163265306123,-39.02555487463605,1.1256849628693711e-17
8.16326530612245,0.0048375261337845,-5.331351818308116,0.15151515151515035,0.20408163265306123,-39.067545356333206,1.0793955673053028e-17
8.16326530612245,0.0053735943563712,-5.2262582542631755,0.16161616161616094,0.20408163265306123,-39.10569841367572,1.0389890439128665e-17
8.16326530612245,0.0059690667312704,-5.121164690218244,0.17171717171717069,0.20408163265306123,-39.14037486580518,1.0035781012688893e-17
8.16326530612245,0.0066305261021638,-5.016071126173304,0.18181818181818118,0.20408163265306123,-39.1719068015253,9.724270485706145e-18
8.16326530612245,0.0073652847875129,-4.910977562128371,0.19191919191919102,0.20408163265306123,-39.20059824817926,9.449231597006817e-18
8.16326530612245,0.0081814654169699,-4.80588399808343,0.20202020202020168,0.20408163265306123,-39.226726315618365,9.205538909515274e-18
8.16326530612245,0.0090880907256374,-4.700790434038493,0.21212121212121193,0.20408163265306123,-39.25054265111725,8.988886875803587e-18
8.16326530612245,0.0100951832988382,-4.595696869993551,0.22222222222222263,0.20408163265306123,-39.27227507927171,8.795643962089875e-18
8.16326530612245,0.0112138763700549,-4.490603305948624,0.23232323232323193,0.20408163265306123,-39.292129332250184,8.622735188911784e-18
8.16326530612245,0.0124565368968931,-4.385509741903686,0.24242424242424226,0.20408163265306123,-39.31029080093635,8.467547140792504e-18
8.16326530612245,0.013836902275649,-4.280416177858747,0.2525252525252527,0.20408163265306123,-39.32692625735134,8.32785080712196e-18
8.16326530612245,0.0153702322058399,-4.175322613813814,0.26262626262626254,0.20408163265306123,-39.342185514155965,8.20173862911946e-18
8.16326530612245,0.0170734773835322,-4.07022904976888,0.2727272727272725,0.20408163265306123,-39.35620299882095,8.087572911121428e-18
8.16326530612245,0.0189654668883421,-3.9651354857239447,0.2828282828282826,0.20408163265306123,-39.36909922893354,7.983943361306632e-18
8.16326530612245,0.0210671163356406,-3.8600419216790063,0.292929292929293,0.20408163265306123,-39.38098218169028,7.889631998032527e-18
8.16326530612245,0.0234016590950486,-3.7549483576340705,0.3030303030303031,0.20408163265306123,-39.39194855540992,7.80358402450153e-18
8.16326530612245,0.0259949031313031,-3.649854793589135,0.3131313131313132,0.20408163265306123,-39.402084924298556,7.724883560488339e-18
8.16326530612245,0.0288755163068248,-3.5447612295442013,0.32323232323232315,0.20408163265306123,-39.4114687900341,7.652733343750481e-18
8.16326530612245,0.0320753432999582,-3.4396676654992664,0.33333333333333315,0.20408163265306123,-39.42016953527237,7.586437689579704e-18
8.16326530612245,0.0356297576423598,-3.3345741014543298,0.34343434343434337,0.20408163265306123,-39.428249285111995,7.525388135557374e-18
8.16326530612245,0.0395780527672466,-3.229480537409394,0.3535353535353535,0.20408163265306123,-39.43576368304969,7.469051308234214e-18
8.16326530612245,0.0439638763914761,-3.1243869733644574,0.3636363636363637,0.20408163265306123,-39.44276258813242,7.416958635550727e-18
8.16326530612245,0.048835713033475,-3.019293409319523,0.3737373737373737,0.20408163265306123,-39.449290699961615,7.368697598261416e-18
8.16326530612245,0.0542474200011699,-2.914199845274587,0.3838383838383838,0.20408163265306123,-39.45538811799798,7.32390426922647e-18
8.16326530612245,0.060258822775172,-2.8091062812296523,0.3939393939393938,0.20408163265306123,-39.46109084130628,7.282256934124749e-18
8.16326530612245,0.0669363763690749,-2.7040127171847166,0.404040404040404,0.20408163265306123,-39.46643121450757,7.243470623217247e-18
8.16326530612245,0.0743538999780876,-2.5989191531397813,0.4141414141414141,0.20408163265306123,-39.47143832530055,7.207292413020292e-18
8.16326530612245,0.0825933930374168,-2.493825589094845,0.42424242424242425,0.20408163265306123,-39.47613835849505,7.17349738053573e-18
8.16326530612245,0.0917459417117808,-2.38873202504991,0.4343434343434343,0.20408163265306123,-39.480554911084575,7.141885112112314e-18
8.16326530612245,0.101912725837141,-2.283638461004973,0.44444444444444453,0.20408163265306123,-39.48470927247937,7.112276684953471e-18
8.16326530612245,0.113206137446215,-2.1785448969600347,0.4545454545454549,0.20408163265306123,-39.48862067363711,7.084512052399478e-18
8.16326530612245,0.125751023242877,-2.0734513329151003,0.46464646464646486,0.20408163265306123,-39.49230650846509,7.058447774956008e-18
8.16326530612245,0.139686064760787,-1.9683577688701692,0.47474747474747453,0.20408163265306123,-39.495782530531066,7.033955048029933e-18
8.16326530612245,0.155165311463659,-1.8632642048252352,0.48484848484848453,0.20408163265306123,-39.49906302780878,7.010917984814642e-18
8.16326530612245,0.172359883735326,-1.7581706407802946,0.49494949494949514,0.20408163265306123,-39.50216097789974,6.989232119014631e-18
8.16326530612245,0.19145986458586,-1.6530770767353593,0.5050505050505052,0.20408163265306123,-39.50508818591324,6.968803097332906e-18
8.16326530612245,0.212676400986239,-1.5479835126904273,0.5151515151515149,0.20408163265306123,-39.507855406951755,6.949545536041807e-18
8.16326530612245,0.236244038061438,-1.442889948645492,0.5252525252525251,0.20408163265306123,-39.51047245493673,6.9313820196639076e-18
8.16326530612245,0.262423311946047,-1.3377963846005527,0.5353535353535355,0.20408163265306123,-39.51294829931833,6.914242222923833e-18
8.16326530612245,0.291503629965987,-1.2327028205556183,0.5454545454545455,0.20408163265306123,-39.51529115104207,6.898062139782322e-18
8.16326530612245,0.323806469986239,-1.1276092565106834,0.5555555555555556,0.20408163265306123,-39.51750853899113,6.882783405622424e-18
8.16326530612245,0.359688934292802,-1.0225156924657481,0.5656565656565656,0.20408163265306123,-39.51960737798629,6.868352700576127e-18
8.16326530612245,0.399547697296443,-0.9174221284208132,0.5757575757575757,0.20408163265306123,-39.521594029303415,6.854721223616249e-18
8.16326530612245,0.443823390699414,-0.8123285643758777,0.5858585858585857,0.20408163265306123,-39.523474354558864,6.841844228444055e-18
8.16326530612245,0.49300547460239,-0.707235000330941,0.5959595959595959,0.20408163265306123,-39.52525376371698,6.8296806133990165e-18
8.16326530612245,0.547637648400869,-0.6021414362860068,0.606060606060606,0.20408163265306123,-39.52693725788712,6.8181925586522954e-18
8.16326530612245,0.608323861287565,-0.49704787224107067,0.6161616161616161,0.20408163265306123,-39.52852946750165,6.807345204828847e-18
8.16326530612245,0.67573498880583,-0.39195430819613525,0.6262626262626262,0.20408163265306123,-39.530034686398345,6.797106367968729e-18
8.16326530612245,0.750616249262273,-0.2868607441511999,0.6363636363636362,0.20408163265306123,-39.5314569022706,6.7874462863957664e-18
8.16326530612245,0.833795441985706,-0.18176718010626372,0.6464646464646464,0.20408163265306123,-39.53279982389528,6.7783373956335225e-18
8.16326530612245,0.926192098504948,-0.07667361606132911,0.6565656565656565,0.20408163265306123,-39.53406690550151,6.769754127997335e-18
8.16326530612245,1.02882764781018,0.028419947983610284,0.666666666666667,0.20408163265306123,-39.5352613686013,6.7616727339211665e-18
8.16326530612245,1.142836708073,0.1335135120285407,0.6767676767676766,0.20408163265306123,-39.53638622156617,6.754071122448052e-18
8.16326530612245,1.2694796296533,0.23860707607348014,0.686868686868687,0.20408163265306123,-39.53744427720168,6.7469287186309254e-18
8.16326530612245,1.41015642805352,0.3437006401184105,0.6969696969696967,0.20408163265306123,-39.538438168541965,6.7402263358757676e-18
8.16326530612245,1.56642226084696,0.44879420416335164,0.7070707070707073,0.20408163265306123,-39.53937036306166,6.733946061497451e-18
8.16326530612245,1.74000461967455,0.5538877682082868,0.7171717171717173,0.20408163265306123,-39.54024317547961,6.728071153972234e-18
8.16326530612245,1.93282242736499,0.6589813322532224,0.7272727272727274,0.20408163265306123,-39.54105877930876,6.722585950556761e-18
8.16326530612245,2.14700725129329,0.7640748962981553,0.7373737373737373,0.20408163265306123,-39.54181921728897,6.717475784103349e-18
8.16326530612245,2.38492686748792,0.8691684603430914,0.7474747474747475,0.20408163265306123,-39.54252641082402,6.712726908042123e-18
8.16326530612245,2.64921143598352,0.9742620243880249,0.7575757575757573,0.20408163265306123,-39.54318216853003,6.7083264286256434e-18
8.16326530612245,2.94278257678333,1.0793555884329629,0.7676767676767676,0.20408163265306123,-39.543788193990665,6.70426224363583e-18
8.16326530612245,3.26888566786082,1.184449152477898,0.7777777777777777,0.20408163265306123,-39.54434609280314,6.7005229868520386e-18
8.16326530612245,3.63112572224959,1.289542716522833,0.7878787878787878,0.20408163265306123,-39.54485737899012,6.697097977657845e-18
8.16326530612245,4.0335072408363,1.3946362805677694,0.797979797979798,0.20408163265306123,-39.54532348084373,6.6939771752390865e-18
8.16326530612245,4.48047848142245,1.4997298446127043,0.808080808080808,0.20408163265306123,-39.54574574626061,6.691151136887723e-18
8.16326530612245,4.97698063344183,1.6048234086576407,0.8181818181818182,0.20408163265306123,-39.546125447620334,6.688610979983945e-18
8.16326530612245,5.52850244195146,1.7099169727025751,0.8282828282828283,0.20408163265306123,-39.54646378625364,6.686348347275878e-18
8.16326530612245,6.14114088475497,1.8150105367475111,0.8383838383838383,0.20408163265306123,-39.54676189654174,6.684355375121249e-18
8.16326530612245,6.8216685734332,1.9201041007924453,0.8484848484848483,0.20408163265306123,-39.54702084968343,6.682624664392859e-18
8.16326530612245,7.57760862338904,2.0251976648373815,0.8585858585858586,0.20408163265306123,-39.547241657162736,6.681149253782391e-18
8.16326530612245,8.41731782058148,2.1302912288823177,0.8686868686868686,0.20408163265306123,-39.547425273946075,6.679922595268396e-18
8.16326530612245,9.35007900434302,2.2353847929272526,0.8787878787878787,0.20408163265306123,-39.54757260143499,6.678938531537868e-18
8.16326530612245,10.3862036875563,2.3404783569721936,0.8888888888888893,0.20408163265306123,-39.547684490197355,6.678191275177257e-18
8.16326530612245,11.5371460486378,2.445571921017128,0.8989898989898993,0.20408163265306123,-39.54776174249783,6.677675389465151e-18
8.16326530612245,12.8156295554912,2.550665485062058,0.909090909090909,0.20408163265306123,-39.54780511464594,6.677385770619897e-18
8.16326530612245,14.2357876212352,2.6557590491069942,0.919191919191919,0.20408163265306123,-39.54781531917809,6.6773176313697706e-18
8.16326530612245,15.8133198466305,2.7608526131519304,0.9292929292929293,0.20408163265306123,-39.54779302688841,6.6774664857278764e-18
8.16326530612245,17.5656655764397,2.865946177196865,0.9393939393939392,0.20408163265306123,-39.547738868721396,6.6778281348660564e-18
8.16326530612245,19.5121966883548,2.9710397412417997,0.9494949494949493,0.20408163265306123,-39.547653437538294,6.678398653993885e-18
8.16326530612245,21.6744317457404,3.0761333052867346,0.9595959595959593,0.20408163265306123,-39.547537289767625,6.679174380157744e-18
8.16326530612245,24.0762738816144,3.1812268693316703,0.9696969696969694,0.20408163265306123,-39.547390946949555,6.6801519008837415e-18
8.16326530612245,26.744275043632,3.2863204333766105,0.97979797979798,0.20408163265306123,-39.54721489718243,6.681328043597053e-18
8.16326530612245,29.707929521255,3.3914139974215445,0.98989898989899,0.20408163265306123,-39.54700959647918,6.682699865756256e-18
8.16326530612245,33.0,3.4965075614664802,1.0,0.20408163265306123,-39.54677547004068,6.684264645646411e-18
8.979591836734695,0.001,-6.907755278982137,0.0,0.22448979591836737,-38.205822973889454,2.5551823909783507e-17
8.979591836734695,0.001110814537795,-6.802661714937222,0.010101010101008117,0.22448979591836737,-38.316276555662604,2.287981585606307e-17
8.979591836734695,0.0012339089373767,-6.697568150892323,0.020202020202014698,0.22448979591836737,-38.41912221898722,2.0643684863882504e-17
8.979591836734695,0.0013706439859533,-6.592474586847349,0.030303030303028534,0.22448979591836737,-38.514488932631394,1.876592530008841e-17
8.979591836734695,0.0015225312657382,-6.487381022802441,0.04040404040403597,0.22448979591836737,-38.60259729391742,1.7183238106666203e-17
8.979591836734695,0.0016912498642295,-6.382287458757476,0.05050505050504887,0.22448979591836737,-38.683739138786116,1.5844026227340147e-17
8.979591836734695,0.00187866493623,-6.277193894712534,0.06060606060605963,0.22448979591836737,-38.758258337216965,1.4706261223554302e-17
8.979591836734695,0.00208684832281,-6.172100330667619,0.07070707070706775,0.22448979591836737,-38.82653359130778,1.3735697248021329e-17
8.979591836734695,0.0023181014551505,-6.067006766622687,0.08080808080807748,0.22448979591836737,-38.88896366920152,1.2904395692624426e-17
8.979591836734695,0.002574980796465,-5.961913202577741,0.0909090909090886,0.22448979591836737,-38.94595520541462,1.218951880906499e-17
8.979591836734695,0.0028603261032564,-5.856819638532781,0.10101010101010106,0.22448979591836737,-38.997912983917765,1.1572350670022575e-17
8.979591836734695,0.0031772918183317,-5.751726074487876,0.11111111111110823,0.22448979591836737,-39.045232486116646,1.103750686362844e-17
8.979591836734695,0.0035293819426201,-5.646632510442922,0.1212121212121201,0.22448979591836737,-39.08829441583237,1.0572298782880179e-17
8.979591836734695,0.0039204887712936,-5.541538946397998,0.13131313131312908,0.22448979591836737,-39.1274608899713,1.0166223297593301e-17
8.979591836734695,0.0043549359224151,-5.436445382353058,0.14141414141413966,0.22448979591836737,-39.16307299098168,9.810553391173316e-18
8.979591836734695,0.0048375261337845,-5.331351818308116,0.15151515151515035,0.22448979591836737,-39.19544940276045,9.498009697514617e-18
8.979591836734695,0.0053735943563712,-5.2262582542631755,0.16161616161616094,0.22448979591836737,-39.22488588616803,9.22249665441051e-18
8.979591836734695,0.0059690667312704,-5.121164690218244,0.17171717171717069,0.22448979591836737,-39.25165538751832,8.978890177048564e-18
8.979591836734695,0.0066305261021638,-5.016071126173304,0.18181818181818118,0.22448979591836737,-39.27600860950747,8.762866385525537e-18
8.979591836734695,0.0073652847875129,-4.910977562128371,0.19191919191919102,0.22448979591836737,-39.29817490691821,8.570763058476082e-18
8.979591836734695,0.0081814654169699,-4.80588399808343,0.20202020202020168,0.22448979591836737,-39.318363398136746,8.399467204115012e-18
8.979591836734695,0.0090880907256374,-4.700790434038493,0.21212121212121193,0.22448979591836737,-39.33676420782735,8.246323511610103e-18
8.979591836734695,0.0100951832988382,-4.595696869993551,0.22222222222222263,0.22448979591836737,-39.35354977622411,8.109059534114834e-18
8.979591836734695,0.0112138763700549,-4.490603305948624,0.23232323232323193,0.22448979591836737,-39.36887618683899,7.985724315363215e-18
8.979591836734695,0.0124565368968931,-4.385509741903686,0.24242424242424226,0.22448979591836737,-39.38288447744885,7.874637850719063e-18
8.979591836734695,0.013836902275649,-4.280416177858747,0.2525252525252527,0.22448979591836737,-39.39570190952549,7.774349308728061e-18
8.979591836734695,0.0153702322058399,-4.175322613813814,0.26262626262626254,0.22448979591836737,-39.40744317928679,7.683602360981746e-18
8.979591836734695,0.0170734773835322,-4.07022904976888,0.2727272727272725,0.22448979591836737,-39.41821155969914,7.601306300702343e-18
8.979591836734695,0.0189654668883421,-3.9651354857239447,0.2828282828282826,0.22448979591836737,-39.4280999674177,7.526511893058797e-18
8.979591836734695,0.0210671163356406,-3.8600419216790063,0.292929292929293,0.22448979591836737,-39.4371919521158,7.458391107926832e-18
8.979591836734695,0.0234016590950486,-3.7549483576340705,0.3030303030303031,0.22448979591836737,-39.44556260818464,7.396220050421208e-18
8.979591836734695,0.0259949031313031,-3.649854793589135,0.3131313131313132,0.22448979591836737,-39.45327941058354,7.339364535321619e-18
8.979591836734695,0.0288755163068248,-3.5447612295442013,0.32323232323232315,0.22448979591836737,-39.46040297785729,7.287267855713197e-18
8.979591836734695,0.0320753432999582,-3.4396676654992664,0.33333333333333315,0.22448979591836737,-39.466987766143006,7.239440379419097e-18
8.979591836734695,0.0356297576423598,-3.3345741014543298,0.34343434343434337,0.22448979591836737,-39.473082698470265,7.195450673537656e-18
8.979591836734695,0.0395780527672466,-3.229480537409394,0.3535353535353535,0.22448979591836737,-39.47873173389855,7.154917911054727e-18
8.979591836734695,0.0439638763914761,-3.1243869733644574,0.3636363636363637,0.22448979591836737,-39.48397438109856,7.11750535680479e-18
8.979591836734695,0.048835713033475,-3.019293409319523,0.3737373737373737,0.22448979591836737,-39.48884616092069,7.082914765112052e-18
8.979591836734695,0.0542474200011699,-2.914199845274587,0.3838383838383838,0.22448979591836737,-39.49337902234256,7.050881549929936e-18
8.979591836734695,0.060258822775172,-2.8091062812296523,0.3939393939393938,0.22448979591836737,-39.49760171597756,7.021170611531453e-18
8.979591836734695,0.0669363763690749,-2.7040127171847166,0.404040404040404,0.22448979591836737,-39.50154012907993,6.993572722817077e-18
8.979591836734695,0.0743538999780876,-2.5989191531397813,0.4141414141414141,0.22448979591836737,-39.50521758571623,6.96790139392639e-18
8.979591836734695,0.0825933930374168,-2.493825589094845,0.42424242424242425,0.22448979591836737,-39.50865511549939,6.943990146716713e-18
8.979591836734695,0.0917459417117808,-2.38873202504991,0.4343434343434343,0.22448979591836737,-39.511871694008654,6.921690141328284e-18
8.979591836734695,0.101912725837141,-2.283638461004973,0.44444444444444453,0.22448979591836737,-39.51488445775429,6.9008681058983714e-18
8.979591836734695,0.113206137446215,-2.1785448969600347,0.4545454545454549,0.22448979591836737,-39.517708896291275,6.88140452786052e-18
8.979591836734695,0.125751023242877,-2.0734513329151003,0.46464646464646486,0.22448979591836737,-39.52035902384698,6.8631920714247266e-18
8.979591836734695,0.139686064760787,-1.9683577688701692,0.47474747474747453,0.22448979591836737,-39.522847532603244,6.8461341910042776e-18
8.979591836734695,0.155165311463659,-1.8632642048252352,0.48484848484848453,0.22448979591836737,-39.52518592956553,6.830143914701759e-18
8.979591836734695,0.172359883735326,-1.7581706407802946,0.49494949494949514,0.22448979591836737,-39.527384658759836,6.8151427756398726e-18
8.979591836734695,0.19145986458586,-1.6530770767353593,0.5050505050505052,0.22448979591836737,-39.52945321032286,6.801059872026824e-18
8.979591836734695,0.212676400986239,-1.5479835126904273,0.5151515151515149,0.22448979591836737,-39.53140021789019,6.787831039487725e-18
8.979591836734695,0.236244038061438,-1.442889948645492,0.5252525252525251,0.22448979591836737,-39.53323354554225,6.775398121434065e-18
8.979591836734695,0.262423311946047,-1.3377963846005527,0.5353535353535355,0.22448979591836737,-39.534960365435495,6.76370832516453e-18
8.979591836734695,0.291503629965987,-1.2327028205556183,0.5454545454545455,0.22448979591836737,-39.53658722712735,6.752713653025853e-18
8.979591836734695,0.323806469986239,-1.1276092565106834,0.5555555555555556,0.22448979591836737,-39.53812011949622,6.742370399370601e-18
8.979591836734695,0.359688934292802,-1.0225156924657481,0.5656565656565656,0.22448979591836737,-39.53956452606108,6.7326387052564264e-18
8.979591836734695,0.399547697296443,-0.9174221284208132,0.5757575757575757,0.22448979591836737,-39.54092547441885,6.72348216387032e-18
8.979591836734695,0.443823390699414,-0.8123285643758777,0.5858585858585857,0.22448979591836737,-39.54220758043971,6.714867470562027e-18
8.979591836734695,0.49300547460239,-0.707235000330941,0.5959595959595959,0.22448979591836737,-39.54341508779133,6.706764112143189e-18
8.979591836734695,0.547637648400869,-0.6021414362860068,0.606060606060606,0.22448979591836737,-39.54455190330057,6.6991440907835576e-18
8.979591836734695,0.608323861287565,-0.49704787224107067,0.6161616161616161,0.22448979591836737,-39.5456216286057,6.691981678416821e-18
8.979591836734695,0.67573498880583,-0.39195430819613525,0.6262626262626262,0.22448979591836737,-39.54662758850251,6.685253198076262e-18
8.979591836734695,0.750616249262273,-0.2868607441511999,0.6363636363636362,0.22448979591836737,-39.54757285634373,6.678936829018319e-18
8.979591836734695,0.833795441985706,-0.18176718010626372,0.6464646464646464,0.22448979591836737,-39.54846027681129,6.673012432878677e-18
8.979591836734695,0.926192098504948,-0.07667361606132911,0.6565656565656565,0.22448979591836737,-39.54929248634624,6.667461398437475e-18
8.979591836734695,1.02882764781018,0.028419947983610284,0.666666666666667,0.22448979591836737,-39.55007193148938,6.6622665028644716e-18
8.979591836734695,1.142836708073,0.1335135120285407,0.6767676767676766,0.22448979591836737,-39.55080088535835,6.657411787567809e-18
8.979591836734695,1.2694796296533,0.23860707607348014,0.686868686868687,0.22448979591836737,-39.55148146246155,6.6528824469961626e-18
8.979591836734695,1.41015642805352,0.3437006401184105,0.6969696969696967,0.22448979591836737,-39.552115632027565,6.648664728937588e-18
8.979591836734695,1.56642226084696,0.44879420416335164,0.7070707070707073,0.22448979591836737,-39.55270523000897,6.644745845030928e-18
8.979591836734695,1.74000461967455,0.5538877682082868,0.7171717171717173,0.22448979591836737,-39.553251969902,6.641113890356118e-18
8.979591836734695,1.93282242736499,0.6589813322532224,0.7272727272727274,0.22448979591836737,-39.55375745250801,6.637757771101433e-18
8.979591836734695,2.14700725129329,0.7640748962981553,0.7373737373737373,0.22448979591836737,-39.55422317474871,6.6346671394228856e-18
8.979591836734695,2.38492686748792,0.8691684603430914,0.7474747474747475,0.22448979591836737,-39.554650537635176,6.6318323347117255e-18
8.979591836734695,2.64921143598352,0.9742620243880249,0.7575757575757573,0.22448979591836737,-39.55504085347939,6.62924433057768e-18
8.979591836734695,2.94278257678333,1.0793555884329629,0.7676767676767676,0.22448979591836737,-39.55539535242753,6.6268946869332265e-18
8.979591836734695,3.26888566786082,1.184449152477898,0.7777777777777777,0.22448979591836737,-39.55571518838564,6.624775506634838e-18
8.979591836734695,3.63112572224959,1.289542716522833,0.7878787878787878,0.22448979591836737,-39.55600144440038,6.6228793961992235e-18
8.979591836734695,4.0335072408363,1.3946362805677694,0.797979797979798,0.22448979591836737,-39.55625513755115,6.621199430164995e-18
8.979591836734695,4.48047848142245,1.4997298446127043,0.808080808080808,0.22448979591836737,-39.55647722340324,6.619729118721389e-18
8.979591836734695,4.97698063344183,1.6048234086576407,0.8181818181818182,0.22448979591836737,-39.55666860006699,6.618462378263867e-18
8.979591836734695,5.52850244195146,1.7099169727025751,0.8282828282828283,0.22448979591836737,-39.55683011190221,6.6173935045790425e-18
8.979591836734695,6.14114088475497,1.8150105367475111,0.8383838383838383,0.22448979591836737,-39.55696255290387,6.616517148388939e-18
8.979591836734695,6.8216685734332,1.9201041007924453,0.8484848484848483,0.22448979591836737,-39.557066669800456,6.6158282930185985e-18
8.979591836734695,7.57760862338904,2.0251976648373815,0.8585858585858586,0.22448979591836737,-39.55714316489335,6.615322233974536e-18
8.979591836734695,8.41731782058148,2.1302912288823177,0.8686868686868686,0.22448979591836737,-39.557192698662526,6.614994560245479e-18
8.979591836734695,9.35007900434302,2.2353847929272526,0.8787878787878787,0.22448979591836737,-39.55721589216135,6.614841137156125e-18
8.979591836734695,10.3862036875563,2.3404783569721936,0.8888888888888893,0.22448979591836737,-39.55721332922041,6.614858090625027e-18
8.979591836734695,11.5371460486378,2.445571921017128,0.8989898989898993,0.22448979591836737,-39.557185558478764,6.6150417926908456e-18
8.979591836734695,12.8156295554912,2.550665485062058,0.909090909090909,0.22448979591836737,-39.55713309525868,6.615388848188041e-18
8.979591836734695,14.2357876212352,2.6557590491069942,0.919191919191919,0.22448979591836737,-39.55705642329841,6.615896082464022e-18
8.979591836734695,15.8133198466305,2.7608526131519304,0.9292929292929293,0.22448979591836737,-39.5569559963561,6.61656053004189e-18
8.979591836734695,17.5656655764397,2.865946177196865,0.9393939393939392,0.22448979591836737,-39.55683223969629,6.617379424143278e-18
8.979591836734695,19.5121966883548,2.9710397412417997,0.9494949494949493,0.22448979591836737,-39.55668555146995,6.618350186992052e-18
8.979591836734695,21.6744317457404,3.0761333052867346,0.9595959595959593,0.22448979591836737,-39.55651630399682,6.619470420833152e-18
8.979591836734695,24.0762738816144,3.1812268693316703,0.9696969696969694,0.22448979591836737,-39.55632484495922,6.6207378996006184e-18
8.979591836734695,26.744275043632,3.2863204333766105,0.97979797979798,0.22448979591836737,-39.55611149851433,6.622150561181834e-18
8.979591836734695,29.707929521255,3.3914139974215445,0.98989898989899,0.22448979591836737,-39.55587656633228,6.623706500225979e-18
8.979591836734695,33.0,3.4965075614664802,1.0,0.22448979591836737,-39.55562032856593,6.625403961452109e-18
9.795918367346939,0.001,-6.907755278982137,0.0,0.24489795918367346,-38.50486867939752,1.8947329431417596e-17
9.795918367346939,0.001110814537795,-6.802661714937222,0.010101010101008117,0.24489795918367346,-38.59254214213038,1.7356889757775978e-17
9.795918367346939,0.0012339089373767,-6.697568150892323,0.020202020202014698,0.24489795918367346,-38.673802698644415,1.600224420551262e-17
9.795918367346939,0.0013706439859533,-6.592474586847349,0.030303030303028534,0.24489795918367346,-38.748884187974106,1.4844768088812432e-17
9.795918367346939,0.0015225312657382,-6.487381022802441,0.04040404040403597,0.24489795918367346,-38.81806584135016,1.385250153462565e-17
9.795918367346939,0.0016912498642295,-6.382287458757476,0.05050505050504887,0.24489795918367346,-38.881658587789225,1.2999008510158405e-17
9.795918367346939,0.00187866493623,-6.277193894712534,0.06060606060605963,0.24489795918367346,-38.939993122188305,1.2262410812869189e-17
9.795918367346939,0.00208684832281,-6.172100330667619,0.07070707070706775,0.24489795918367346,-38.9934098650652,1.1624579849335289e-17
9.795918367346939,0.0023181014551505,-6.067006766622687,0.08080808080807748,0.24489795918367346,-39.04225078691723,1.1070466502452573e-17
9.795918367346939,0.002574980796465,-5.961913202577741,0.0909090909090886,0.24489795918367346,-39.08685296711709,1.0587549198083478e-17
9.795918367346939,0.0028603261032564,-5.856819638532781,0.10101010101010106,0.24489795918367346,-39.12754369825304,1.0165381484965259e-17
9.795918367346939,0.0031772918183317,-5.751726074487876,0.11111111111110823,0.24489795918367346,-39.16463692114332,9.795222362276575e-18
9.795918367346939,0.0035293819426201,-5.646632510442922,0.1212121212121201,0.24489795918367346,-39.19843077327078,9.469734781439763e-18
9.795918367346939,0.0039204887712936,-5.541538946397998,0.13131313131312908,0.24489795918367346,-39.229206045605345,9.182739937964436e-18
9.795918367346939,0.0043549359224151,-5.436445382353058,0.14141414141413966,0.24489795918367346,-39.25722536322221,8.929017002042347e-18
9.795918367346939,0.0048375261337845,-5.331351818308116,0.15151515151515035,0.24489795918367346,-39.28273292917598,8.704139740388488e-18
9.795918367346939,0.0053735943563712,-5.2262582542631755,0.16161616161616094,0.24489795918367346,-39.305954695717226,8.504343033922571e-18
9.795918367346939,0.0059690667312704,-5.121164690218244,0.17171717171717069,0.24489795918367346,-39.327098850293346,8.326413602879781e-18
9.795918367346939,0.0066305261021638,-5.016071126173304,0.18181818181818118,0.24489795918367346,-39.34635652486848,8.167600334525273e-18
9.795918367346939,0.0073652847875129,-4.910977562128371,0.19191919191919102,0.24489795918367346,-39.363902655505846,8.025540496902302e-18
9.795918367346939,0.0081814654169699,-4.80588399808343,0.20202020202020168,0.24489795918367346,-39.37989693481933,7.898198844202032e-18
9.795918367346939,0.0090880907256374,-4.700790434038493,0.21212121212121193,0.24489795918367346,-39.39448481296565,7.78381720302876e-18
9.795918367346939,0.0100951832988382,-4.595696869993551,0.22222222222222263,0.24489795918367346,-39.40779851357035,7.680872598659426e-18
9.795918367346939,0.0112138763700549,-4.490603305948624,0.23232323232323193,0.24489795918367346,-39.41995803965761,7.588042357566866e-18
9.795918367346939,0.0124565368968931,-4.385509741903686,0.24242424242424226,0.24489795918367346,-39.43107215158795,7.504174924788328e-18
9.795918367346939,0.013836902275649,-4.280416177858747,0.2525252525252527,0.24489795918367346,-39.441239304483375,7.428265376866632e-18
9.795918367346939,0.0153702322058399,-4.175322613813814,0.26262626262626254,0.24489795918367346,-39.450548536890956,7.359434805064117e-18
9.795918367346939,0.0170734773835322,-4.07022904976888,0.2727272727272725,0.24489795918367346,-39.45908030572606,7.296912899027624e-18
9.795918367346939,0.0189654668883421,-3.9651354857239447,0.2828282828282826,0.24489795918367346,-39.46690726503483,7.240023185850207e-18
9.795918367346939,0.0210671163356406,-3.8600419216790063,0.292929292929293,0.24489795918367346,-39.474094987979946,7.188170479756986e-18
9.795918367346939,0.0234016590950486,-3.7549483576340705,0.3030303030303031,0.24489795918367346,-39.480702632817454,7.140830178387762e-18
9.795918367346939,0.0259949031313031,-3.649854793589135,0.3131313131313132,0.24489795918367346,-39.48678355460082,7.097539106814717e-18
9.795918367346939,0.0288755163068248,-3.5447612295442013,0.32323232323232315,0.24489795918367346,-39.49238586501155,7.0578876631418e-18
9.795918367346939,0.0320753432999582,-3.4396676654992664,0.33333333333333315,0.24489795918367346,-39.49755294314148,7.021513062285865e-18
9.795918367346939,0.0356297576423598,-3.3345741014543298,0.34343434343434337,0.24489795918367346,-39.50232390029885,6.988093509304924e-18
9.795918367346939,0.0395780527672466,-3.229480537409394,0.3535353535353535,0.24489795918367346,-39.506734002021624,6.957343161999036e-18
9.795918367346939,0.0439638763914761,-3.1243869733644574,0.3636363636363637,0.24489795918367346,-39.51081505049374,6.929007765707697e-18
9.795918367346939,0.048835713033475,-3.019293409319523,0.3737373737373737,0.24489795918367346,-39.51459573049984,6.902860862267602e-18
9.795918367346939,0.0542474200011699,-2.914199845274587,0.3838383838383838,0.24489795918367346,-39.51810192194406,6.878700490766668e-18
9.795918367346939,0.060258822775172,-2.8091062812296523,0.3939393939393938,0.24489795918367346,-39.52135698181392,6.856346310677267e-18
9.795918367346939,0.0669363763690749,-2.7040127171847166,0.404040404040404,0.24489795918367346,-39.52438199830556,6.835637088676187e-18
9.795918367346939,0.0743538999780876,-2.5989191531397813,0.4141414141414141,0.24489795918367346,-39.52719601964934,6.816428499376061e-18
9.795918367346939,0.0825933930374168,-2.493825589094845,0.42424242424242425,0.24489795918367346,-39.52981625999412,6.798591197628912e-18
9.795918367346939,0.0917459417117808,-2.38873202504991,0.4343434343434343,0.24489795918367346,-39.53225828452745,6.782009126285312e-18
9.795918367346939,0.101912725837141,-2.283638461004973,0.44444444444444453,0.24489795918367346,-39.53453617583315,6.766578028515467e-18
9.795918367346939,0.113206137446215,-2.1785448969600347,0.4545454545454549,0.24489795918367346,-39.53666268331893,6.752204138194023e-18
9.795918367346939,0.125751023242877,-2.0734513329151003,0.46464646464646486,0.24489795918367346,-39.538649357385744,6.73880302556801e-18
9.795918367346939,0.139686064760787,-1.9683577688701692,0.47474747474747453,0.24489795918367346,-39.54050666986053,6.7262985785708375e-18
9.795918367346939,0.155165311463659,-1.8632642048252352,0.48484848484848453,0.24489795918367346,-39.54224412207309,6.714622102819785e-18
9.795918367346939,0.172359883735326,-1.7581706407802946,0.49494949494949514,0.24489795918367346,-39.54387034182788,6.703711525612824e-18
9.795918367346939,0.19145986458586,-1.6530770767353593,0.5050505050505052,0.24489795918367346,-39.545393170401596,6.693510691184085e-18
9.795918367346939,0.212676400986239,-1.5479835126904273,0.5151515151515149,0.24489795918367346,-39.5468197405872,6.683968736147519e-18
9.795918367346939,0.236244038061438,-1.442889948645492,0.5252525252525251,0.24489795918367346,-39.54815654670485,6.675039535485639e-18
9.795918367346939,0.262423311946047,-1.3377963846005527,0.5353535353535355,0.24489795918367346,-39.54940950740798,6.666681210675609e-18
9.795918367346939,0.291503629965987,-1.2327028205556183,0.5454545454545455,0.24489795918367346,-39.55058402203006,6.658855692605229e-18
9.795918367346939,0.323806469986239,-1.1276092565106834,0.5555555555555556,0.24489795918367346,-39.5516850211418,6.651528332850929e-18
9.795918367346939,0.359688934292802,-1.0225156924657481,0.5656565656565656,0.24489795918367346,-39.5527170119201,6.6446675576870625e-18
9.795918367346939,0.399547697296443,-0.9174221284208132,0.5757575757575757,0.24489795918367346,-39.553684118868766,6.6382445598839795e-18
9.795918367346939,0.443823390699414,-0.8123285643758777,0.5858585858585857,0.24489795918367346,-39.55459012037493,6.632233023955935e-18
9.795918367346939,0.49300547460239,-0.707235000330941,0.5959595959595959,0.24489795918367346,-39.55543848153528,6.626608881041534e-18
9.795918367346939,0.547637648400869,-0.6021414362860068,0.606060606060606,0.24489795918367346,-39.55623238364107,6.621350090055499e-18
9.795918367346939,0.608323861287565,-0.49704787224107067,0.6161616161616161,0.24489795918367346,-39.556974750670065,6.616436442151949e-18
9.795918367346939,0.67573498880583,-0.39195430819613525,0.6262626262626262,0.24489795918367346,-39.55766827309787,6.6118493858842414e-18
9.795918367346939,0.750616249262273,-0.2868607441511999,0.6363636363636362,0.24489795918367346,-39.55831542930742,6.607571870757066e-18
9.795918367346939,0.833795441985706,-0.18176718010626372,0.6464646464646464,0.24489795918367346,-39.55891850484715,6.603588207130595e-18
9.795918367346939,0.926192098504948,-0.07667361606132911,0.6565656565656565,0.24489795918367346,-39.559479609761375,6.5998839406742926e-18
9.795918367346939,1.02882764781018,0.028419947983610284,0.666666666666667,0.24489795918367346,-39.56000069419322,6.596445739775099e-18
9.795918367346939,1.142836708073,0.1335135120285407,0.6767676767676766,0.24489795918367346,-39.56048356243936,6.593261294485619e-18
9.795918367346939,1.2694796296533,0.23860707607348014,0.686868686868687,0.24489795918367346,-39.56092988561683,6.59031922576034e-18
9.795918367346939,1.41015642805352,0.3437006401184105,0.6969696969696967,0.24489795918367346,-39.56134121308545,6.587609003868383e-18
9.795918367346939,1.56642226084696,0.44879420416335164,0.7070707070707073,0.24489795918367346,-39.561718982754265,6.585120874996103e-18
9.795918367346939,1.74000461967455,0.5538877682082868,0.7171717171717173,0.24489795918367346,-39.56206453038677,6.582845795164845e-18
9.795918367346939,1.93282242736499,0.6589813322532224,0.7272727272727274,0.24489795918367346,-39.56237909800783,6.580775370684575e-18
9.795918367346939,2.14700725129329,0.7640748962981553,0.7373737373737373,0.24489795918367346,-39.56266384150428,6.578901804451728e-18
9.795918367346939,2.38492686748792,0.8691684603430914,0.7474747474747475,0.24489795918367346,-39.562919837501354,6.577217847476974e-18
9.795918367346939,2.64921143598352,0.9742620243880249,0.7575757575757573,0.24489795918367346,-39.56314808958894,6.575716755093018e-18
9.795918367346939,2.94278257678333,1.0793555884329629,0.7676767676767676,0.24489795918367346,-39.563349533963354,6.574392247356776e-18
9.795918367346939,3.26888566786082,1.184449152477898,0.7777777777777777,0.24489795918367346,-39.56352504454393,6.573238473209257e-18
9.795918367346939,3.63112572224959,1.289542716522833,0.7878787878787878,0.24489795918367346,-39.56367543761706,6.57224997800815e-18
9.795918367346939,4.0335072408363,1.3946362805677694,0.797979797979798,0.24489795918367346,-39.56380147605537,6.5714216740849015e-18
9.795918367346939,4.48047848142245,1.4997298446127043,0.808080808080808,0.24489795918367346,-39.563903873154224,6.570748814020157e-18
9.795918367346939,4.97698063344183,1.6048234086576407,0.8181818181818182,0.24489795918367346,-39.56398329612368,6.5702269663614154e-18
9.795918367346939,5.52850244195146,1.7099169727025751,0.8282828282828283,0.24489795918367346,-39.56404036927002,6.569851993536838e-18
9.795918367346939,6.14114088475497,1.8150105367475111,0.8383838383838383,0.24489795918367346,-39.5640756768973,6.569620031746362e-18
9.795918367346939,6.8216685734332,1.9201041007924453,0.8484848484848483,0.24489795918367346,-39.56408976595654,6.569527472632621e-18
9.795918367346939,7.57760862338904,2.0251976648373815,0.8585858585858586,0.24489795918367346,-39.56408314846675,6.569570946557428e-18
9.795918367346939,8.41731782058148,2.1302912288823177,0.8686868686868686,0.24489795918367346,-39.56405630373029,6.569747307325315e-18
9.795918367346939,9.35007900434302,2.2353847929272526,0.8787878787878787,0.24489795918367346,-39.56400968036205,6.570053618213846e-18
9.795918367346939,10.3862036875563,2.3404783569721936,0.8888888888888893,0.24489795918367346,-39.56394369815034,6.570487139184799e-18
9.795918367346939,11.5371460486378,2.445571921017128,0.8989898989898993,0.24489795918367346,-39.56385874976542,6.571045315163126e-18
9.795918367346939,12.8156295554912,2.550665485062058,0.909090909090909,0.24489795918367346,-39.56375520233006,6.571725765282007e-18
9.795918367346939,14.2357876212352,2.6557590491069942,0.919191919191919,0.24489795918367346,-39.563633398864894,6.572526273003636e-18
9.795918367346939,15.8133198466305,2.7608526131519304,0.9292929292929293,0.24489795918367346,-39.56349365962047,6.573444777033022e-18
9.795918367346939,17.5656655764397,2.865946177196865,0.9393939393939392,0.24489795918367346,-39.563336283305965,6.5744793629531555e-18
9.795918367346939,19.5121966883548,2.9710397412417997,0.9494949494949493,0.24489795918367346,-39.56316154822439,6.5756282555139285e-18
9.795918367346939,21.6744317457404,3.0761333052867346,0.9595959595959593,0.24489795918367346,-39.56296971332251,6.576889811516516e-18
9.795918367346939,24.0762738816144,3.1812268693316703,0.9696969696969694,0.24489795918367346,-39.562761019163126,6.578262513239519e-18
9.795918367346939,26.744275043632,3.2863204333766105,0.97979797979798,0.24489795918367346,-39.56253568882667,6.579744962359027e-18
9.795918367346939,29.707929521255,3.3914139974215445,0.98989898989899,0.24489795918367346,-39.5622939287482,6.581335874319216e-18
9.795918367346939,33.0,3.4965075614664802,1.0,0.24489795918367346,-39.5620359294955,6.583034073114122e-18
10.612244897959183,0.001,-6.907755278982137,0.0,0.26530612244897955,-38.72632082431164,1.5183523347005074e-17
10.612244897959183,0.001110814537795,-6.802661714937222,0.010101010101008117,0.26530612244897955,-38.796059272106994,1.4160726618089306e-17
10.612244897959183,0.0012339089373767,-6.697568150892323,0.020202020202014698,0.26530612244897955,-38.86053500043741,1.3276514847921603e-17
10.612244897959183,0.0013706439859533,-6.592474586847349,0.030303030303028534,0.26530612244897955,-38.92000613065903,1.2509965206673056e-17
10.612244897959183,0.0015225312657382,-6.487381022802441,0.04040404040403597,0.26530612244897955,-38.974748842863,1.1843543076656334e-17
10.612244897959183,0.0016912498642295,-6.382287458757476,0.05050505050504887,0.26530612244897955,-39.025049268072756,1.1262542604829766e-17
10.612244897959183,0.00187866493623,-6.277193894712534,0.06060606060605963,0.26530612244897955,-39.07119677233512,1.0754614320118283e-17
10.612244897959183,0.00208684832281,-6.172100330667619,0.07070707070706775,0.26530612244897955,-39.11347855449341,1.0309369267624156e-17
10.612244897959183,0.0023181014551505,-6.067006766622687,0.08080808080807748,0.26530612244897955,-39.15217543339237,9.918049118357159e-18
10.612244897959183,0.002574980796465,-5.961913202577741,0.0909090909090886,0.26530612244897955,-39.18755867729112,9.573252353708724e-18
10.612244897959183,0.0028603261032564,-5.856819638532781,0.10101010101010106,0.26530612244897955,-39.219887721977436,9.268707595670312e-18
10.612244897959183,0.0031772918183317,-5.751726074487876,0.11111111111110823,0.26530612244897955,-39.249408628951905,8.999086254830438e-18
10.612244897959183,0.0035293819426201,-5.646632510442922,0.1212121212121201,0.26530612244897955,-39.27635314669419,8.759847772235591e-18
10.612244897959183,0.0039204887712936,-5.541538946397998,0.13131313131312908,0.26530612244897955,-39.30093825317548,8.54711176586224e-18
10.612244897959183,0.0043549359224151,-5.436445382353058,0.14141414141413966,0.26530612244897955,-39.32336607418367,8.357552321432025e-18
10.612244897959183,0.0048375261337845,-5.331351818308116,0.15151515151515035,0.26530612244897955,-39.343824088209864,8.188310477519786e-18
10.612244897959183,0.0053735943563712,-5.2262582542631755,0.16161616161616094,0.26530612244897955,-39.36248554373484,8.036921647085444e-18
10.612244897959183,0.0059690667312704,-5.121164690218244,0.17171717171717069,0.26530612244897955,-39.37951002829472,7.901255300110764e-18
10.612244897959183,0.0066305261021638,-5.016071126173304,0.18181818181818118,0.26530612244897955,-39.39504414052235,7.779464716916966e-18
10.612244897959183,0.0073652847875129,-4.910977562128371,0.19191919191919102,0.26530612244897955,-39.40922222645603,7.669945022079039e-18
10.612244897959183,0.0081814654169699,-4.80588399808343,0.20202020202020168,0.26530612244897955,-39.42216714988448,7.571298037426852e-18
10.612244897959183,0.0090880907256374,-4.700790434038493,0.21212121212121193,0.26530612244897955,-39.43399107351602,7.482302761146744e-18
10.612244897959183,0.0100951832988382,-4.595696869993551,0.22222222222222263,0.26530612244897955,-39.44479623349836,7.401890498808516e-18
10.612244897959183,0.0112138763700549,-4.490603305948624,0.23232323232323193,0.26530612244897955,-39.45467569445518,7.329123850108422e-18
10.612244897959183,0.0124565368968931,-4.385509741903686,0.24242424242424226,0.26530612244897955,-39.46371407591548,7.263178899722338e-18
10.612244897959183,0.013836902275649,-4.280416177858747,0.2525252525252527,0.26530612244897955,-39.471988243946946,7.2033300781131e-18
10.612244897959183,0.0153702322058399,-4.175322613813814,0.26262626262626254,0.26530612244897955,-39.47956796409918,7.14893725356617e-18
10.612244897959183,0.0170734773835322,-4.07022904976888,0.2727272727272725,0.26530612244897955,-39.48651651353488,7.099434694311933e-18
10.612244897959183,0.0189654668883421,-3.9651354857239447,0.2828282828282826,0.26530612244897955,-39.4928912515749,7.05432160274659e-18
10.612244897959183,0.0210671163356406,-3.8600419216790063,0.292929292929293,0.26530612244897955,-39.49874414889056,7.013153975243539e-18
10.612244897959183,0.0234016590950486,-3.7549483576340705,0.3030303030303031,0.26530612244897955,-39.504122276312295,6.975537583080326e-18
10.612244897959183,0.0259949031313031,-3.649854793589135,0.3131313131313132,0.26530612244897955,-39.50906825474453,6.941121904401769e-18
10.612244897959183,0.0288755163068248,-3.5447612295442013,0.32323232323232315,0.26530612244897955,-39.51362066802969,6.9095948653343976e-18
10.612244897959183,0.0320753432999582,-3.4396676654992664,0.33333333333333315,0.26530612244897955,-39.51781444082586,6.880678271549208e-18
10.612244897959183,0.0356297576423598,-3.3345741014543298,0.34343434343434337,0.26530612244897955,-39.521681183685324,6.854123830657933e-18
10.612244897959183,0.0395780527672466,-3.229480537409394,0.3535353535353535,0.26530612244897955,-39.52524950756677,6.829709681607471e-18
10.612244897959183,0.0439638763914761,-3.1243869733644574,0.3636363636363637,0.26530612244897955,-39.528545310004645,6.807237360296306e-18
10.612244897959183,0.048835713033475,-3.019293409319523,0.3737373737373737,0.26530612244897955,-39.53159203510769,6.7865291414920516e-18
10.612244897959183,0.0542474200011699,-2.914199845274587,0.3838383838383838,0.26530612244897955,-39.534410909479256,6.7674257061650996e-18
10.612244897959183,0.060258822775172,-2.8091062812296523,0.3939393939393938,0.26530612244897955,-39.53702115605255,6.7497840909050214e-18
10.612244897959183,0.0669363763690749,-2.7040127171847166,0.404040404040404,0.26530612244897955,-39.53944018772251,6.73347588241273e-18
10.612244897959183,0.0743538999780876,-2.5989191531397813,0.4141414141414141,0.26530612244897955,-39.5416837825378,6.718385625375299e-18
10.612244897959183,0.0825933930374168,-2.493825589094845,0.42424242424242425,0.26530612244897955,-39.54376624209589,6.704409416510489e-18
10.612244897959183,0.0917459417117808,-2.38873202504991,0.4343434343434343,0.26530612244897955,-39.54570053466366,6.691453661354798e-18
10.612244897959183,0.101912725837141,-2.283638461004973,0.44444444444444453,0.26530612244897955,-39.54749842442913,6.679433973575463e-18
10.612244897959183,0.113206137446215,-2.1785448969600347,0.4545454545454549,0.26530612244897955,-39.54917058817652,6.668274199317063e-18
10.612244897959183,0.125751023242877,-2.0734513329151003,0.46464646464646486,0.26530612244897955,-39.55072672056951,6.657905551416986e-18
10.612244897959183,0.139686064760787,-1.9683577688701692,0.47474747474747453,0.26530612244897955,-39.552175629125905,6.648265840312214e-18
10.612244897959183,0.155165311463659,-1.8632642048252352,0.48484848484848453,0.26530612244897955,-39.55352531987223,6.639298790161998e-18
10.612244897959183,0.172359883735326,-1.7581706407802946,0.49494949494949514,0.26530612244897955,-39.554783074577614,6.630953430176269e-18
10.612244897959183,0.19145986458586,-1.6530770767353593,0.5050505050505052,0.26530612244897955,-39.55595552038512,6.623183552397668e-18
10.612244897959183,0.212676400986239,-1.5479835126904273,0.5151515151515149,0.26530612244897955,-39.557048692582434,6.615947228275276e-18
10.612244897959183,0.236244038061438,-1.442889948645492,0.5252525252525251,0.26530612244897955,-39.55806809118456,6.609206377309808e-18
10.612244897959183,0.262423311946047,-1.3377963846005527,0.5353535353535355,0.26530612244897955,-39.55901873193755,6.6029263818653615e-18
10.612244897959183,0.291503629965987,-1.2327028205556183,0.5454545454545455,0.26530612244897955,-39.55990519229394,6.597075742954524e-18
10.612244897959183,0.323806469986239,-1.1276092565106834,0.5555555555555556,0.26530612244897955,-39.560731652857626,6.591625772420388e-18
10.612244897959183,0.359688934292802,-1.0225156924657481,0.5656565656565656,0.26530612244897955,-39.56150193474737,6.586550317480395e-18
10.612244897959183,0.399547697296443,-0.9174221284208132,0.5757575757575757,0.26530612244897955,-39.56221953328466,6.58182551406553e-18
10.612244897959183,0.443823390699414,-0.8123285643758777,0.5858585858585857,0.26530612244897955,-39.562887648371486,6.5774295658039344e-18
10.612244897959183,0.49300547460239,-0.707235000330941,0.5959595959595959,0.26530612244897955,-39.56350921188759,6.573342545858902e-18
10.612244897959183,0.547637648400869,-0.6021414362860068,0.606060606060606,0.26530612244897955,-39.564086912404484,6.5695462191479825e-18
10.612244897959183,0.608323861287565,-0.49704787224107067,0.6161616161616161,0.26530612244897955,-39.56462321748339,6.5660238827524405e-18
10.612244897959183,0.67573498880583,-0.39195430819613525,0.6262626262626262,0.26530612244897955,-39.565120393798296,6.56276022256931e-18
10.612244897959183,0.750616249262273,-0.2868607441511999,0.6363636363636362,0.26530612244897955,-39.565580525300824,6.559741184477899e-18
10.612244897959183,0.833795441985706,-0.18176718010626372,0.6464646464646464,0.26530612244897955,-39.56600552962204,6.5569538584831946e-18
10.612244897959183,0.926192098504948,-0.07667361606132911,0.6565656565656565,0.26530612244897955,-39.566397172886944,6.5543863744679556e-18
10.612244897959183,1.02882764781018,0.028419947983610284,0.666666666666667,0.26530612244897955,-39.566757083099496,6.552027808336252e-18
10.612244897959183,1.142836708073,0.1335135120285407,0.6767676767676766,0.26530612244897955,-39.56708676224043,6.549868097462407e-18
10.612244897959183,1.2694796296533,0.23860707607348014,0.686868686868687,0.26530612244897955,-39.56738759720572,6.547897964477926e-18
10.612244897959183,1.41015642805352,0.3437006401184105,0.6969696969696967,0.26530612244897955,-39.56766086970053,6.546108848534641e-18
10.612244897959183,1.56642226084696,0.44879420416335164,0.7070707070707073,0.26530612244897955,-39.567907765192345,6.5444928432714385e-18
10.612244897959183,1.74000461967455,0.5538877682082868,0.7171717171717173,0.26530612244897955,-39.56812938101624,6.543042640797835e-18
10.612244897959183,1.93282242736499,0.6589813322532224,0.7272727272727274,0.26530612244897955,-39.56832673371587,6.541751481080001e-18
10.612244897959183,2.14700725129329,0.7640748962981553,0.7373737373737373,0.26530612244897955,-39.56850076569568,6.540613106178014e-18
10.612244897959183,2.38492686748792,0.8691684603430914,0.7474747474747475,0.26530612244897955,-39.56865235125186,6.539621718844442e-18
10.612244897959183,2.64921143598352,0.9742620243880249,0.7575757575757573,0.26530612244897955,-39.56878230204311,6.538771945043201e-18
10.612244897959183,2.94278257678333,1.0793555884329629,0.7676767676767676,0.26530612244897955,-39.56889137205602,6.538058799994809e-18
10.612244897959183,3.26888566786082,1.184449152477898,0.7777777777777777,0.26530612244897955,-39.56898026211433,6.53747765739614e-18
10.612244897959183,3.63112572224959,1.289542716522833,0.7878787878787878,0.26530612244897955,-39.569049623976476,6.537024221497849e-18
10.612244897959183,4.0335072408363,1.3946362805677694,0.797979797979798,0.26530612244897955,-39.5691000640614,6.536694501756566e-18
10.612244897959183,4.48047848142245,1.4997298446127043,0.808080808080808,0.26530612244897955,-39.56913214683865,6.536484789807033e-18
10.612244897959183,4.97698063344183,1.6048234086576407,0.8181818181818182,0.26530612244897955,-39.569146397914956,6.536391638527259e-18
10.612244897959183,5.52850244195146,1.7099169727025751,0.8282828282828283,0.26530612244897955,-39.569143306846655,6.5364118429914814e-18
10.612244897959183,6.14114088475497,1.8150105367475111,0.8383838383838383,0.26530612244897955,-39.569123329704105,6.536542423126939e-18
10.612244897959183,6.8216685734332,1.9201041007924453,0.8484848484848483,0.26530612244897955,-39.56908689141171,6.53678060791052e-18
10.612244897959183,7.57760862338904,2.0251976648373815,0.8585858585858586,0.26530612244897955,-39.56903438788495,6.53712382095596e-18
10.612244897959183,8.41731782058148,2.1302912288823177,0.8686868686868686,0.26530612244897955,-39.56896618798365,6.5375696673585005e-18
10.612244897959183,9.35007900434302,2.2353847929272526,0.8787878787878787,0.26530612244897955,-39.56888263529863,6.538115921677901e-18
10.612244897959183,10.3862036875563,2.3404783569721936,0.8888888888888893,0.26530612244897955,-39.568784049787546,6.5387605169509124e-18
10.612244897959183,11.5371460486378,2.445571921017128,0.8989898989898993,0.26530612244897955,-39.568670729273876,6.539501534636915e-18
10.612244897959183,12.8156295554912,2.550665485062058,0.909090909090909,0.26530612244897955,-39.56854295082178,6.540337195409077e-18
10.612244897959183,14.2357876212352,2.6557590491069942,0.919191919191919,0.26530612244897955,-39.56840097199831,6.541265850712321e-18
10.612244897959183,15.8133198466305,2.7608526131519304,0.9292929292929293,0.26530612244897955,-39.56824503203328,6.5422859750173145e-18
10.612244897959183,17.5656655764397,2.865946177196865,0.9393939393939392,0.26530612244897955,-39.568075352886254,6.5433961587060165e-18
10.612244897959183,19.5121966883548,2.9710397412417997,0.9494949494949493,0.26530612244897955,-39.56789214022888,6.5445951015319136e-18
10.612244897959183,21.6744317457404,3.0761333052867346,0.9595959595959593,0.26530612244897955,-39.56769558435036,6.54588160660256e-18
10.612244897959183,24.0762738816144,3.1812268693316703,0.9696969696969694,0.26530612244897955,-39.56748586099297,6.547254574836919e-18
10.612244897959183,26.744275043632,3.2863204333766105,0.97979797979798,0.26530612244897955,-39.56726313212364,6.548712999856203e-18
10.612244897959183,29.707929521255,3.3914139974215445,0.98989898989899,0.26530612244897955,-39.56702754664761,6.550255963268431e-18
10.612244897959183,33.0,3.4965075614664802,1.0,0.26530612244897955,-39.56677924106878,6.551882630313762e-18
11.428571428571429,0.001,-6.907755278982137,0.0,0.2857142857142857,-38.89338843962621,1.2847422843059153e-17
11.428571428571429,0.001110814537795,-6.802661714937222,0.010101010101008117,0.2857142857142857,-38.94898089106498,1.2152692896831153e-17
11.428571428571429,0.0012339089373767,-6.697568150892323,0.020202020202014698,0.2857142857142857,-39.00033382695023,1.1544369707957463e-17
11.428571428571429,0.0013706439859533,-6.592474586847349,0.030303030303028534,0.2857142857142857,-39.0476887776679,1.1010428798198391e-17
11.428571428571429,0.0015225312657382,-6.487381022802441,0.04040404040403597,0.2857142857142857,-39.09129093698382,1.0540666083653566e-17
11.428571428571429,0.0016912498642295,-6.382287458757476,0.05050505050504887,0.2857142857142857,-39.131384772767184,1.0126410390570037e-17
11.428571428571429,0.00187866493623,-6.277193894712534,0.06060606060605963,0.2857142857142857,-39.16821053767851,9.760280465333338e-18
11.428571428571429,0.00208684832281,-6.172100330667619,0.07070707070706775,0.2857142857142857,-39.20200157876513,9.43598050130241e-18
11.428571428571429,0.0023181014551505,-6.067006766622687,0.08080808080807748,0.2857142857142857,-39.2329823383748,9.14812861590639e-18
11.428571428571429,0.002574980796465,-5.961913202577741,0.0909090909090886,0.2857142857142857,-39.26136694021684,8.892113263229656e-18
11.428571428571429,0.0028603261032564,-5.856819638532781,0.10101010101010106,0.2857142857142857,-39.28735826090725,8.66397317011912e-18
11.428571428571429,0.0031772918183317,-5.751726074487876,0.11111111111110823,0.2857142857142857,-39.311147396740814,8.460296981109103e-18
11.428571428571429,0.0035293819426201,-5.646632510442922,0.1212121212121201,0.2857142857142857,-39.33291344615582,8.27813935642278e-18
11.428571428571429,0.0039204887712936,-5.541538946397998,0.13131313131312908,0.2857142857142857,-39.35282353931939,8.114950771369149e-18
11.428571428571429,0.0043549359224151,-5.436445382353058,0.14141414141413966,0.2857142857142857,-39.3710330567785,7.968518708440526e-18
11.428571428571429,0.0048375261337845,-5.331351818308116,0.15151515151515035,0.2857142857142857,-39.38768598879327,7.836918315600578e-18
11.428571428571429,0.0053735943563712,-5.2262582542631755,0.16161616161616094,0.2857142857142857,-39.40291539560204,7.718470929490195e-18
11.428571428571429,0.0059690667312704,-5.121164690218244,0.17171717171717069,0.2857142857142857,-39.416843936399566,7.611709136265067e-18
11.428571428571429,0.0066305261021638,-5.016071126173304,0.18181818181818118,0.2857142857142857,-39.429584441264076,7.515347271843475e-18
11.428571428571429,0.0073652847875129,-4.910977562128371,0.19191919191919102,0.2857142857142857,-39.441240505720906,7.428256453760831e-18
11.428571428571429,0.0081814654169699,-4.80588399808343,0.20202020202020168,0.2857142857142857,-39.451907092176704,7.349443394488147e-18
11.428571428571429,0.0090880907256374,-4.700790434038493,0.21212121212121193,0.2857142857142857,-39.46167112620979,7.278032376204559e-18
11.428571428571429,0.0100951832988382,-4.595696869993551,0.22222222222222263,0.2857142857142857,-39.47061207876383,7.213249874242595e-18
11.428571428571429,0.0112138763700549,-4.490603305948624,0.23232323232323193,0.2857142857142857,-39.47880252776937,7.154411404649399e-18
11.428571428571429,0.0124565368968931,-4.385509741903686,0.24242424242424226,0.2857142857142857,-39.48630869469928,7.100910243881697e-18
11.428571428571429,0.013836902275649,-4.280416177858747,0.2525252525252527,0.2857142857142857,-39.49319095313546,7.052207728335127e-18
11.428571428571429,0.0153702322058399,-4.175322613813814,0.26262626262626254,0.2857142857142857,-39.49950430765421,7.007824890520242e-18
11.428571428571429,0.0170734773835322,-4.07022904976888,0.2727272727272725,0.2857142857142857,-39.50529884228917,6.96733522914115e-18
11.428571428571429,0.0189654668883421,-3.9651354857239447,0.2828282828282826,0.2857142857142857,-39.51062013855473,6.930358443674094e-18
11.428571428571429,0.0210671163356406,-3.8600419216790063,0.292929292929293,0.2857142857142857,-39.515509663553345,6.896554991572597e-18
11.428571428571429,0.0234016590950486,-3.7549483576340705,0.3030303030303031,0.2857142857142857,-39.520005129084204,6.8656213489836686e-18
11.428571428571429,0.0259949031313031,-3.649854793589135,0.3131313131313132,0.2857142857142857,-39.5241408229465,6.837285874720729e-18
11.428571428571429,0.0288755163068248,-3.5447612295442013,0.32323232323232315,0.2857142857142857,-39.52794791381545,6.8113051928871425e-18
11.428571428571429,0.0320753432999582,-3.4396676654992664,0.33333333333333315,0.2857142857142857,-39.531454731180936,6.787461022566226e-18
11.428571428571429,0.0356297576423598,-3.3345741014543298,0.34343434343434337,0.2857142857142857,-39.534687021895415,6.7655573938461746e-18
11.428571428571429,0.0395780527672466,-3.229480537409394,0.3535353535353535,0.2857142857142857,-39.537668184891956,6.74541819851992e-18
11.428571428571429,0.0439638763914761,-3.1243869733644574,0.3636363636363637,0.2857142857142857,-39.54041948561585,6.726885031396234e-18
11.428571428571429,0.048835713033475,-3.019293409319523,0.3737373737373737,0.2857142857142857,-39.542960251672426,6.7098152845414736e-18
11.428571428571429,0.0542474200011699,-2.914199845274587,0.3838383838383838,0.2857142857142857,-39.545308051137084,6.694080462140017e-18
11.428571428571429,0.060258822775172,-2.8091062812296523,0.3939393939393938,0.2857142857142857,-39.5474788549049,6.679564688199438e-18
11.428571428571429,0.0669363763690749,-2.7040127171847166,0.404040404040404,0.2857142857142857,-39.54948718438243,6.666163383161445e-18
11.428571428571429,0.0743538999780876,-2.5989191531397813,0.4141414141414141,0.2857142857142857,-39.55134624574517,6.653782088737039e-18
11.428571428571429,0.0825933930374168,-2.493825589094845,0.42424242424242425,0.2857142857142857,-39.553068051903836,6.6423354230558956e-18
11.428571428571429,0.0917459417117808,-2.38873202504991,0.4343434343434343,0.2857142857142857,-39.55466353324278,6.631746150581009e-18
11.428571428571429,0.101912725837141,-2.283638461004973,0.44444444444444453,0.2857142857142857,-39.556142638115666,6.621944353264025e-18
11.428571428571429,0.113206137446215,-2.1785448969600347,0.4545454545454549,0.2857142857142857,-39.55751442400835,6.612866691146003e-18
11.428571428571429,0.125751023242877,-2.0734513329151003,0.46464646464646486,0.2857142857142857,-39.558787140206526,6.6044557421027106e-18
11.428571428571429,0.139686064760787,-1.9683577688701692,0.47474747474747453,0.2857142857142857,-39.559968302738106,6.596659411711748e-18
11.428571428571429,0.155165311463659,-1.8632642048252352,0.48484848484848453,0.2857142857142857,-39.56106476229543,6.589430405334171e-18
11.428571428571429,0.172359883735326,-1.7581706407802946,0.49494949494949514,0.2857142857142857,-39.562082765783124,6.582725755457124e-18
11.428571428571429,0.19145986458586,-1.6530770767353593,0.5050505050505052,0.2857142857142857,-39.56302801208103,6.576506398181967e-18
11.428571428571429,0.212676400986239,-1.5479835126904273,0.5151515151515149,0.2857142857142857,-39.56390570256015,6.5707367934643425e-18
11.428571428571429,0.236244038061438,-1.442889948645492,0.5252525252525251,0.2857142857142857,-39.56472058684161,6.565384584345447e-18
11.428571428571429,0.262423311946047,-1.3377963846005527,0.5353535353535355,0.2857142857142857,-39.565477004244585,6.560420290964276e-18
11.428571428571429,0.291503629965987,-1.2327028205556183,0.5454545454545455,0.2857142857142857,-39.566178921328635,6.555817035624275e-18
11.428571428571429,0.323806469986239,-1.1276092565106834,0.5555555555555556,0.2857142857142857,-39.56682996589875,6.551550295610248e-18
11.428571428571429,0.359688934292802,-1.0225156924657481,0.5656565656565656,0.2857142857142857,-39.567433457807546,6.5475976808222485e-18
11.428571428571429,0.399547697296443,-0.9174221284208132,0.5757575757575757,0.2857142857142857,-39.5679924368578,6.543938733621864e-18
11.428571428571429,0.443823390699414,-0.8123285643758777,0.5858585858585857,0.2857142857142857,-39.568509688080525,6.540554748571114e-18
11.428571428571429,0.49300547460239,-0.707235000330941,0.5959595959595959,0.2857142857142857,-39.56898776463765,6.537428610001569e-18
11.428571428571429,0.547637648400869,-0.6021414362860068,0.606060606060606,0.2857142857142857,-39.56942900857512,6.534544645573443e-18
11.428571428571429,0.608323861287565,-0.49704787224107067,0.6161616161616161,0.2857142857142857,-39.569835569630975,6.5318884941832564e-18
11.428571428571429,0.67573498880583,-0.39195430819613525,0.6262626262626262,0.2857142857142857,-39.570209422283234,6.5294469867558916e-18
11.428571428571429,0.750616249262273,-0.2868607441511999,0.6363636363636362,0.2857142857142857,-39.57055238120539,6.527208038610619e-18
11.428571428571429,0.833795441985706,-0.18176718010626372,0.6464646464646464,0.2857142857142857,-39.57086611528068,6.5251605522323084e-18
11.428571428571429,0.926192098504948,-0.07667361606132911,0.6565656565656565,0.2857142857142857,-39.57115216031257,6.523294329398654e-18
11.428571428571429,1.02882764781018,0.028419947983610284,0.666666666666667,0.2857142857142857,-39.57141193055521,6.521599991726704e-18
11.428571428571429,1.142836708073,0.1335135120285407,0.6767676767676766,0.2857142857142857,-39.571646729176,6.5200689087983835e-18
11.428571428571429,1.2694796296533,0.23860707607348014,0.686868686868687,0.2857142857142857,-39.57185775775195,6.5186931331105805e-18
11.428571428571429,1.41015642805352,0.3437006401184105,0.6969696969696967,0.2857142857142857,-39.572046124890996,6.517465341176236e-18
11.428571428571429,1.56642226084696,0.44879420416335164,0.7070707070707073,0.2857142857142857,-39.57221285406172,6.516378780167916e-18
11.428571428571429,1.74000461967455,0.5538877682082868,0.7171717171717173,0.2857142857142857,-39.57235889070605,6.51542721956072e-18
11.428571428571429,1.93282242736499,0.6589813322532224,0.7272727272727274,0.2857142857142857,-39.572485108702885,6.514604907284929e-18
11.428571428571429,2.14700725129329,0.7640748962981553,0.7373737373737373,0.2857142857142857,-39.572592316243785,6.5139065299492125e-18
11.428571428571429,2.38492686748792,0.8691684603430914,0.7474747474747475,0.2857142857142857,-39.57268126117636,6.513327176737733e-18
11.428571428571429,2.64921143598352,0.9742620243880249,0.7575757575757573,0.2857142857142857,-39.57275263586515,6.5128623066277035e-18
11.428571428571429,2.94278257678333,1.0793555884329629,0.7676767676767676,0.2857142857142857,-39.57280708161543,6.512507718605943e-18
11.428571428571429,3.26888566786082,1.184449152477898,0.7777777777777777,0.2857142857142857,-39.57284519270107,6.5122595245960715e-18
11.428571428571429,3.63112572224959,1.289542716522833,0.7878787878787878,0.2857142857142857,-39.57286752003311,6.512114124838535e-18
11.428571428571429,4.0335072408363,1.3946362805677694,0.797979797979798,0.2857142857142857,-39.572874574502976,6.5120681854876985e-18
11.428571428571429,4.48047848142245,1.4997298446127043,0.808080808080808,0.2857142857142857,-39.572866830030314,6.512118618217018e-18
11.428571428571429,4.97698063344183,1.6048234086576407,0.8181818181818182,0.2857142857142857,-39.57284472634307,6.51226256164108e-18
11.428571428571429,5.52850244195146,1.7099169727025751,0.8282828282828283,0.2857142857142857,-39.57280867151451,6.512497364384156e-18
11.428571428571429,6.14114088475497,1.8150105367475111,0.8383838383838383,0.2857142857142857,-39.57275904427973,6.51282056963969e-18
11.428571428571429,6.8216685734332,1.9201041007924453,0.8484848484848483,0.2857142857142857,-39.5726961961519,6.513229901082077e-18
11.428571428571429,7.57760862338904,2.0251976648373815,0.8585858585858586,0.2857142857142857,-39.5726204533566,6.5137232500048164e-18
11.428571428571429,8.41731782058148,2.1302912288823177,0.8686868686868686,0.2857142857142857,-39.57253211860107,6.5142986635698396e-18
11.428571428571429,9.35007900434302,2.2353847929272526,0.8787878787878787,0.2857142857142857,-39.57243147269323,6.514954334067469e-18
11.428571428571429,10.3862036875563,2.3404783569721936,0.8888888888888893,0.2857142857142857,-39.57231877602437,6.515688589091993e-18
11.428571428571429,11.5371460486378,2.445571921017128,0.8989898989898993,0.2857142857142857,-39.572194269927586,6.5164998825505096e-18
11.428571428571429,12.8156295554912,2.550665485062058,0.909090909090909,0.2857142857142857,-39.57205817792354,6.5173867864278005e-18
11.428571428571429,14.2357876212352,2.6557590491069942,0.919191919191919,0.2857142857142857,-39.571910706863314,6.5183479832396985e-18
11.428571428571429,15.8133198466305,2.7608526131519304,0.9292929292929293,0.2857142857142857,-39.571752047977895,6.519382259111846e-18
11.428571428571429,17.5656655764397,2.865946177196865,0.9393939393939392,0.2857142857142857,-39.571582377842425,6.52048849742808e-18
11.428571428571429,19.5121966883548,2.9710397412417997,0.9494949494949493,0.2857142857142857,-39.57140185926293,6.521665672997102e-18
11.428571428571429,21.6744317457404,3.0761333052867346,0.9595959595959593,0.2857142857142857,-39.57121064209223,6.522912846692023e-18
11.428571428571429,24.0762738816144,3.1812268693316703,0.9696969696969694,0.2857142857142857,-39.57100886398157,6.52422916051945e-18
11.428571428571429,26.744275043632,3.2863204333766105,0.97979797979798,0.2857142857142857,-39.57079665107313,6.525613833082412e-18
11.428571428571429,29.707929521255,3.3914139974215445,0.98989898989899,0.2857142857142857,-39.570574118639165,6.527066155400228e-18
11.428571428571429,33.0,3.4965075614664802,1.0,0.2857142857142857,-39.57034137167195,6.528585487055761e-18
12.244897959183675,0.001,-6.907755278982137,0.0,0.30612244897959184,-39.02140727236772,1.1303635521315227e-17
12.244897959183675,0.001110814537795,-6.802661714937222,0.010101010101008117,0.30612244897959184,-39.06582915389261,1.0812496191213388e-17
12.244897959183675,0.0012339089373767,-6.697568150892323,0.020202020202014698,0.30612244897959184,-39.10688033892799,1.0377617619456733e-17
12.244897959183675,0.0013706439859533,-6.592474586847349,0.030303030303028534,0.30612244897959184,-39.14476869169756,9.991782270417152e-18
12.244897959183675,0.0015225312657382,-6.487381022802441,0.04040404040403597,0.30612244897959184,-39.17969911515889,9.648790384464556e-18
12.244897959183675,0.0016912498642295,-6.382287458757476,0.05050505050504887,0.30612244897959184,-39.21187136545441,9.343307470366826e-18
12.244897959183675,0.00187866493623,-6.277193894712534,0.06060606060605963,0.30612244897959184,-39.24147839057185,9.070734873857966e-18
12.244897959183675,0.00208684832281,-6.172100330667619,0.07070707070706775,0.30612244897959184,-39.26870511825858,8.8271001834537e-18
12.244897959183675,0.0023181014551505,-6.067006766622687,0.08080808080807748,0.30612244897959184,-39.29372762195825,8.608964567656559e-18
12.244897959183675,0.002574980796465,-5.961913202577741,0.0909090909090886,0.30612244897959184,-39.316712599399025,8.41334448512062e-18
12.244897959183675,0.0028603261032564,-5.856819638532781,0.10101010101010106,0.30612244897959184,-39.337817105413784,8.23764554679358e-18
12.244897959183675,0.0031772918183317,-5.751726074487876,0.11111111111110823,0.30612244897959184,-39.35718848787802,8.079606622509102e-18
12.244897959183675,0.0035293819426201,-5.646632510442922,0.1212121212121201,0.30612244897959184,-39.37496448282146,7.937252566998776e-18
12.244897959183675,0.0039204887712936,-5.541538946397998,0.13131313131312908,0.30612244897959184,-39.39127343149722,7.808854189488262e-18
12.244897959183675,0.0043549359224151,-5.436445382353058,0.14141414141413966,0.30612244897959184,-39.40623458831307,7.69289430739109e-18
12.244897959183675,0.0048375261337845,-5.331351818308116,0.15151515151515035,0.30612244897959184,-39.419958493964764,7.588038910265711e-18
12.244897959183675,0.0053735943563712,-5.2262582542631755,0.16161616161616094,0.30612244897959184,-39.432547392852996,7.493112618071095e-18
12.244897959183675,0.0059690667312704,-5.121164690218244,0.17171717171717069,0.30612244897959184,-39.444095677938904,7.407077751115002e-18
12.244897959183675,0.0066305261021638,-5.016071126173304,0.18181818181818118,0.30612244897959184,-39.45469034965019,7.329016441156202e-18
12.244897959183675,0.0073652847875129,-4.910977562128371,0.19191919191919102,0.30612244897959184,-39.464411478351415,7.258115306951257e-18
12.244897959183675,0.0081814654169699,-4.80588399808343,0.20202020202020168,0.30612244897959184,-39.473332662303925,7.193652295876437e-18
12.244897959183675,0.0090880907256374,-4.700790434038493,0.21212121212121193,0.30612244897959184,-39.481521475027776,7.134985358540142e-18
12.244897959183675,0.0100951832988382,-4.595696869993551,0.22222222222222263,0.30612244897959184,-39.48903989759931,7.0815426776466e-18
12.244897959183675,0.0112138763700549,-4.490603305948624,0.23232323232323193,0.30612244897959184,-39.495944732730884,7.032814217572832e-18
12.244897959183675,0.0124565368968931,-4.385509741903686,0.24242424242424226,0.30612244897959184,-39.502287998530285,6.988344398724448e-18
12.244897959183675,0.013836902275649,-4.280416177858747,0.2525252525252527,0.30612244897959184,-39.50811730067213,6.947725732014463e-18
12.244897959183675,0.0153702322058399,-4.175322613813814,0.26262626262626254,0.30612244897959184,-39.513476182367455,6.910593274850469e-18
12.244897959183675,0.0170734773835322,-4.07022904976888,0.2727272727272725,0.30612244897959184,-39.51840445202354,6.876619791713369e-18
12.244897959183675,0.0189654668883421,-3.9651354857239447,0.2828282828282826,0.30612244897959184,-39.52293848887111,6.8455115205072574e-18
12.244897959183675,0.0210671163356406,-3.8600419216790063,0.292929292929293,0.30612244897959184,-39.527111527121924,6.817004460979791e-18
12.244897959183675,0.0234016590950486,-3.7549483576340705,0.3030303030303031,0.30612244897959184,-39.530953919427205,6.790861114156172e-18
12.244897959183675,0.0259949031313031,-3.649854793589135,0.3131313131313132,0.30612244897959184,-39.5344933805511,6.766867612327116e-18
12.244897959183675,0.0288755163068248,-3.5447612295442013,0.32323232323232315,0.30612244897959184,-39.53775521226623,6.744831188029107e-18
12.244897959183675,0.0320753432999582,-3.4396676654992664,0.33333333333333315,0.30612244897959184,-39.54076251053298,6.7245779379336985e-18
12.244897959183675,0.0356297576423598,-3.3345741014543298,0.34343434343434337,0.30612244897959184,-39.54353635604652,6.705950843874132e-18
12.244897959183675,0.0395780527672466,-3.229480537409394,0.3535353535353535,0.30612244897959184,-39.54609598923621,6.6888080185576725e-18
12.244897959183675,0.0439638763914761,-3.1243869733644574,0.3636363636363637,0.30612244897959184,-39.548458970782924,6.673021148027894e-18
12.244897959183675,0.048835713033475,-3.019293409319523,0.3737373737373737,0.30612244897959184,-39.550641328690205,6.6584741067589e-18
12.244897959183675,0.0542474200011699,-2.914199845274587,0.3838383838383838,0.30612244897959184,-39.55265769290359,6.645061724522331e-18
12.244897959183675,0.060258822775172,-2.8091062812296523,0.3939393939393938,0.30612244897959184,-39.554521418427136,6.632688686935209e-18
12.244897959183675,0.0669363763690749,-2.7040127171847166,0.404040404040404,0.30612244897959184,-39.556244697835005,6.621268553968383e-18
12.244897959183675,0.0743538999780876,-2.5989191531397813,0.4141414141414141,0.30612244897959184,-39.55783866402377,6.6107228827211394e-18
12.244897959183675,0.0825933930374168,-2.493825589094845,0.42424242424242425,0.30612244897959184,-39.55931348399782,6.6009804425094e-18
12.244897959183675,0.0917459417117808,-2.38873202504991,0.4343434343434343,0.30612244897959184,-39.56067844442729,6.591976511812173e-18
12.244897959183675,0.101912725837141,-2.283638461004973,0.44444444444444453,0.30612244897959184,-39.56194202966613,6.583652247913147e-18
12.244897959183675,0.113206137446215,-2.1785448969600347,0.4545454545454549,0.30612244897959184,-39.563111992868095,6.575954121189145e-18
12.244897959183675,0.125751023242877,-2.0734513329151003,0.46464646464646486,0.30612244897959184,-39.56419542079022,6.5688334069664725e-18
12.244897959183675,0.139686064760787,-1.9683577688701692,0.47474747474747453,0.30612244897959184,-39.56519879282785,6.5622457287048355e-18
12.244897959183675,0.155165311463659,-1.8632642048252352,0.48484848484848453,0.30612244897959184,-39.56612803478255,6.556150646998073e-18
12.244897959183675,0.172359883735326,-1.7581706407802946,0.49494949494949514,0.30612244897959184,-39.56698856782321,6.55051128952152e-18
12.244897959183675,0.19145986458586,-1.6530770767353593,0.5050505050505052,0.30612244897959184,-39.567785353063506,6.5452940176082806e-18
12.244897959183675,0.212676400986239,-1.5479835126904273,0.5151515151515149,0.30612244897959184,-39.56852293214309,6.540468125628436e-18
12.244897959183675,0.236244038061438,-1.442889948645492,0.5252525252525251,0.30612244897959184,-39.5692054641676,6.536005569769272e-18
12.244897959183675,0.262423311946047,-1.3377963846005527,0.5353535353535355,0.30612244897959184,-39.56983675933202,6.53188072319331e-18
12.244897959183675,0.291503629965987,-1.2327028205556183,0.5454545454545455,0.30612244897959184,-39.570420309524124,6.52807015487956e-18
12.244897959183675,0.323806469986239,-1.1276092565106834,0.5555555555555556,0.30612244897959184,-39.57095931617887,6.524552429747214e-18
12.244897959183675,0.359688934292802,-1.0225156924657481,0.5656565656565656,0.30612244897959184,-39.57145671563092,6.521307927917387e-18
12.244897959183675,0.399547697296443,-0.9174221284208132,0.5757575757575757,0.30612244897959184,-39.571915202190745,6.518318681197065e-18
12.244897959183675,0.443823390699414,-0.8123285643758777,0.5858585858585857,0.30612244897959184,-39.57233724914968,6.515568225071922e-18
12.244897959183675,0.49300547460239,-0.707235000330941,0.5959595959595959,0.30612244897959184,-39.572725127901165,6.513041464673598e-18
12.244897959183675,0.547637648400869,-0.6021414362860068,0.606060606060606,0.30612244897959184,-39.57308092534845,6.510724553346421e-18
12.244897959183675,0.608323861287565,-0.49704787224107067,0.6161616161616161,0.30612244897959184,-39.573406559754126,6.5086047825798465e-18
12.244897959183675,0.67573498880583,-0.39195430819613525,0.6262626262626262,0.30612244897959184,-39.5737037951723,6.506670482201102e-18
12.244897959183675,0.750616249262273,-0.2868607441511999,0.6363636363636362,0.30612244897959184,-39.57397425459221,6.50491092983143e-18
12.244897959183675,0.833795441985706,-0.18176718010626372,0.6464646464646464,0.30612244897959184,-39.574219431909675,6.503316268714648e-18
12.244897959183675,0.926192098504948,-0.07667361606132911,0.6565656565656565,0.30612244897959184,-39.574440702833,6.501877433111299e-18
12.244897959183675,1.02882764781018,0.028419947983610284,0.666666666666667,0.30612244897959184,-39.57463933481949,6.5005860805370845e-18
12.244897959183675,1.142836708073,0.1335135120285407,0.6767676767676766,0.30612244897959184,-39.574816496130595,6.4994345301921855e-18
12.244897959183675,1.2694796296533,0.23860707607348014,0.686868686868687,0.30612244897959184,-39.57497326408545,6.49841570699467e-18
12.244897959183675,1.41015642805352,0.3437006401184105,0.6969696969696967,0.30612244897959184,-39.57511063258529,6.497523090687731e-18
12.244897959183675,1.56642226084696,0.44879420416335164,0.7070707070707073,0.30612244897959184,-39.57522951897448,6.496750669544901e-18
12.244897959183675,1.74000461967455,0.5538877682082868,0.7171717171717173,0.30612244897959184,-39.575330770298415,6.496092898239016e-18
12.244897959183675,1.93282242736499,0.6589813322532224,0.7272727272727274,0.30612244897959184,-39.57541516901228,6.495544659488895e-18
12.244897959183675,2.14700725129329,0.7640748962981553,0.7373737373737373,0.30612244897959184,-39.57548343819058,6.4951012291288674e-18
12.244897959183675,2.38492686748792,0.8691684603430914,0.7474747474747475,0.30612244897959184,-39.57553624628193,6.49475824428612e-18
12.244897959183675,2.64921143598352,0.9742620243880249,0.7575757575757573,0.30612244897959184,-39.575574211450295,6.494511674376434e-18
12.244897959183675,2.94278257678333,1.0793555884329629,0.7676767676767676,0.30612244897959184,-39.5755979055397,6.494357794659194e-18
12.244897959183675,3.26888566786082,1.184449152477898,0.7777777777777777,0.30612244897959184,-39.575607857695985,6.49429316211708e-18
12.244897959183675,3.63112572224959,1.289542716522833,0.7878787878787878,0.30612244897959184,-39.57560455767656,6.494314593446011e-18
12.244897959183675,4.0335072408363,1.3946362805677694,0.797979797979798,0.30612244897959184,-39.575588458875814,6.494419144964229e-18
12.244897959183675,4.48047848142245,1.4997298446127043,0.808080808080808,0.30612244897959184,-39.57555998109154,6.494604094265101e-18
12.244897959183675,4.97698063344183,1.6048234086576407,0.8181818181818182,0.30612244897959184,-39.575519513055504,6.4948669234556646e-18
12.244897959183675,5.52850244195146,1.7099169727025751,0.8282828282828283,0.30612244897959184,-39.57546741474905,6.495205303837471e-18
12.244897959183675,6.14114088475497,1.8150105367475111,0.8383838383838383,0.30612244897959184,-39.57540401952277,6.49561708189967e-18
12.244897959183675,6.8216685734332,1.9201041007924453,0.8484848484848483,0.30612244897959184,-39.575329636037566,6.49610026650704e-18
12.244897959183675,7.57760862338904,2.0251976648373815,0.8585858585858586,0.30612244897959184,-39.575244550042804,6.496653017175625e-18
12.244897959183675,8.41731782058148,2.1302912288823177,0.8686868686868686,0.30612244897959184,-39.575149026006095,6.497273633338332e-18
12.244897959183675,9.35007900434302,2.2353847929272526,0.8787878787878787,0.30612244897959184,-39.5750433086075,6.497960544513414e-18
12.244897959183675,10.3862036875563,2.3404783569721936,0.8888888888888893,0.30612244897959184,-39.57492762411005,6.498712301295884e-18
12.244897959183675,11.5371460486378,2.445571921017128,0.8989898989898993,0.30612244897959184,-39.5748021816176,6.4995275670981185e-18
12.244897959183675,12.8156295554912,2.550665485062058,0.909090909090909,0.30612244897959184,-39.57466717422953,6.500405110574717e-18
12.244897959183675,14.2357876212352,2.6557590491069942,0.919191919191919,0.30612244897959184,-39.574522780101546,6.501343798671107e-18
12.244897959183675,15.8133198466305,2.7608526131519304,0.9292929292929293,0.30612244897959184,-39.57436916342041,6.5023425902419625e-18
12.244897959183675,17.5656655764397,2.865946177196865,0.9393939393939392,0.30612244897959184,-39.57420647530034,6.5034005301887756e-18
12.244897959183675,19.5121966883548,2.9710397412417997,0.9494949494949493,0.30612244897959184,-39.574034854607575,6.5045167440730764e-18
12.244897959183675,21.6744317457404,3.0761333052867346,0.9595959595959593,0.30612244897959184,-39.57385442871943,6.505690433162352e-18
12.244897959183675,24.0762738816144,3.1812268693316703,0.9696969696969694,0.30612244897959184,-39.573665314223334,6.5069208698734126e-18
12.244897959183675,26.744275043632,3.2863204333766105,0.97979797979798,0.30612244897959184,-39.573467617561086,6.5082073935774284e-18
12.244897959183675,29.707929521255,3.3914139974215445,0.98989898989899,0.30612244897959184,-39.57326143562289,6.5095494067367034e-18
12.244897959183675,33.0,3.4965075614664802,1.0,0.30612244897959184,-39.573046856295434,6.510946371344939e-18
13.061224489795919,0.001,-6.907755278982137,0.0,0.326530612244898,-39.12078143502224,1.0234355417514483e-17
13.061224489795919,0.001110814537795,-6.802661714937222,0.010101010101008117,0.326530612244898,-39.15637649439523,9.876470187945022e-18
13.061224489795919,0.0012339089373767,-6.697568150892323,0.020202020202014698,0.326530612244898,-39.18931620165212,9.55644190619576e-18
13.061224489795919,0.0013706439859533,-6.592474586847349,0.030303030303028534,0.326530612244898,-39.21977073149435,9.269792009681335e-18
13.061224489795919,0.0015225312657382,-6.487381022802441,0.04040404040403597,0.326530612244898,-39.2479049177616,9.012628460765884e-18
13.061224489795919,0.0016912498642295,-6.382287458757476,0.05050505050504887,0.326530612244898,-39.27387727276554,8.78156292184749e-18
13.061224489795919,0.00187866493623,-6.277193894712534,0.06060606060605963,0.326530612244898,-39.29783929181058,8.573640018791096e-18
13.061224489795919,0.00208684832281,-6.172100330667619,0.07070707070706775,0.326530612244898,-39.31993499650448,8.386276982747289e-18
13.061224489795919,0.0023181014551505,-6.067006766622687,0.08080808080807748,0.326530612244898,-39.34030067498088,8.21721216537411e-18
13.061224489795919,0.002574980796465,-5.961913202577741,0.0909090909090886,0.326530612244898,-39.35906478198388,8.064461117379888e-18
13.061224489795919,0.0028603261032564,-5.856819638532781,0.10101010101010106,0.326530612244898,-39.37634796657296,7.926279099598027e-18
13.061224489795919,0.0031772918183317,-5.751726074487876,0.11111111111110823,0.326530612244898,-39.39226319978705,7.801129056907855e-18
13.061224489795919,0.0035293819426201,-5.646632510442922,0.1212121212121201,0.326530612244898,-39.40691597883252,7.687654227615962e-18
13.061224489795919,0.0039204887712936,-5.541538946397998,0.13131313131312908,0.326530612244898,-39.42040458816856,7.584654684987432e-18
13.061224489795919,0.0043549359224151,-5.436445382353058,0.14141414141413966,0.326530612244898,-39.43282040123393,7.491067214745887e-18
13.061224489795919,0.0048375261337845,-5.331351818308116,0.15151515151515035,0.326530612244898,-39.444248209496784,7.40594802416798e-18
13.061224489795919,0.0053735943563712,-5.2262582542631755,0.16161616161616094,0.326530612244898,-39.45476656803897,7.328457856619211e-18
13.061224489795919,0.0059690667312704,-5.121164690218244,0.17171717171717069,0.326530612244898,-39.46444814904256,7.25784915172662e-18
13.061224489795919,0.0066305261021638,-5.016071126173304,0.18181818181818118,0.326530612244898,-39.47336009636488,7.193454947487919e-18
13.061224489795919,0.0073652847875129,-4.910977562128371,0.19191919191919102,0.326530612244898,-39.48156437591103,7.134679267932102e-18
13.061224489795919,0.0081814654169699,-4.80588399808343,0.20202020202020168,0.326530612244898,-39.48911811777669,7.080988779785516e-18
13.061224489795919,0.0090880907256374,-4.700790434038493,0.21212121212121193,0.326530612244898,-39.49607394717397,7.031905535109102e-18
13.061224489795919,0.0100951832988382,-4.595696869993551,0.22222222222222263,0.326530612244898,-39.50248030200277,6.98700064503802e-18
13.061224489795919,0.0112138763700549,-4.490603305948624,0.23232323232323193,0.326530612244898,-39.50838173561811,6.945888753427234e-18
13.061224489795919,0.0124565368968931,-4.385509741903686,0.24242424242424226,0.326530612244898,-39.51381920389565,6.908223199101336e-18
13.061224489795919,0.013836902275649,-4.280416177858747,0.2525252525252527,0.326530612244898,-39.518830336135416,6.873691772143423e-18
13.061224489795919,0.0153702322058399,-4.175322613813814,0.26262626262626254,0.326530612244898,-39.5234496896875,6.8420129837329795e-18
13.061224489795919,0.0170734773835322,-4.07022904976888,0.2727272727272725,0.326530612244898,-39.52770898844832,6.8129327809093136e-18
13.061224489795919,0.0189654668883421,-3.9651354857239447,0.2828282828282826,0.326530612244898,-39.531637345577536,6.7862216476344414e-18
13.061224489795919,0.0210671163356406,-3.8600419216790063,0.292929292929293,0.326530612244898,-39.53526147093436,6.7616720419785326e-18
13.061224489795919,0.0234016590950486,-3.7549483576340705,0.3030303030303031,0.326530612244898,-39.53860586383842,6.739096126390259e-18
13.061224489795919,0.0259949031313031,-3.649854793589135,0.3131313131313132,0.326530612244898,-39.54169299183274,6.718323754065468e-18
13.061224489795919,0.0288755163068248,-3.5447612295442013,0.32323232323232315,0.326530612244898,-39.54454345617175,6.6992006795556854e-18
13.061224489795919,0.0320753432999582,-3.4396676654992664,0.33333333333333315,0.326530612244898,-39.54717614478046,6.681586966123995e-18
13.061224489795919,0.0356297576423598,-3.3345741014543298,0.34343434343434337,0.326530612244898,-39.549608373438616,6.665355566062931e-18
13.061224489795919,0.0395780527672466,-3.229480537409394,0.3535353535353535,0.326530612244898,-39.5518560159372,6.6503910533617836e-18
13.061224489795919,0.0439638763914761,-3.1243869733644574,0.3636363636363637,0.326530612244898,-39.553933623939145,6.636588490815282e-18
13.061224489795919,0.048835713033475,-3.019293409319523,0.3737373737373737,0.326530612244898,-39.555854537253495,6.623852415985511e-18
13.061224489795919,0.0542474200011699,-2.914199845274587,0.3838383838383838,0.326530612244898,-39.55763098520401,6.6120959324189365e-18
13.061224489795919,0.060258822775172,-2.8091062812296523,0.3939393939393938,0.326530612244898,-39.55927417974188,6.601239894232927e-18
13.061224489795919,0.0669363763690749,-2.7040127171847166,0.404040404040404,0.326530612244898,-39.56079440091875,6.5912121736598986e-18
13.061224489795919,0.0743538999780876,-2.5989191531397813,0.4141414141414141,0.326530612244898,-39.562201075301196,6.581947002413252e-18
13.061224489795919,0.0825933930374168,-2.493825589094845,0.42424242424242425,0.326530612244898,-39.56350284787298,6.5733843788400105e-18
13.061224489795919,0.0917459417117808,-2.38873202504991,0.4343434343434343,0.326530612244898,-39.56470764793637,6.565469533783997e-18
13.061224489795919,0.101912725837141,-2.283638461004973,0.44444444444444453,0.326530612244898,-39.56582274948987,6.5581524489120084e-18
13.061224489795919,0.113206137446215,-2.1785448969600347,0.4545454545454549,0.326530612244898,-39.56685482652656,6.551387421981346e-18
13.061224489795919,0.125751023242877,-2.0734513329151003,0.46464646464646486,0.326530612244898,-39.56781000366544,6.545132674159509e-18
13.061224489795919,0.139686064760787,-1.9683577688701692,0.47474747474747453,0.326530612244898,-39.56869390249834,6.539349995055815e-18
13.061224489795919,0.155165311463659,-1.8632642048252352,0.48484848484848453,0.326530612244898,-39.56951168400562,6.534004421613693e-18
13.061224489795919,0.172359883735326,-1.7581706407802946,0.49494949494949514,0.326530612244898,-39.57026808736741,6.5290639474344216e-18
13.061224489795919,0.19145986458586,-1.6530770767353593,0.5050505050505052,0.326530612244898,-39.57096746547155,6.524499259476539e-18
13.061224489795919,0.212676400986239,-1.5479835126904273,0.5151515151515149,0.326530612244898,-39.57161381739552,6.5202834994062815e-18
13.061224489795919,0.236244038061438,-1.442889948645492,0.5252525252525251,0.326530612244898,-39.572210818117576,6.516392047164627e-18
13.061224489795919,0.262423311946047,-1.3377963846005527,0.5353535353535355,0.326530612244898,-39.57276184569167,6.5128023245719055e-18
13.061224489795919,0.291503629965987,-1.2327028205556183,0.5454545454545455,0.326530612244898,-39.573270006101644,6.50949361702088e-18
13.061224489795919,0.323806469986239,-1.1276092565106834,0.5555555555555556,0.326530612244898,-39.57373815599224,6.5064469115093204e-18
13.061224489795919,0.359688934292802,-1.0225156924657481,0.5656565656565656,0.326530612244898,-39.57416892345835,6.503644749443305e-18
13.061224489795919,0.399547697296443,-0.9174221284208132,0.5757575757575757,0.326530612244898,-39.57456472705855,6.5010710928019416e-18
13.061224489795919,0.443823390699414,-0.8123285643758777,0.5858585858585857,0.326530612244898,-39.57492779320521,6.498711202395187e-18
13.061224489795919,0.49300547460239,-0.707235000330941,0.5959595959595959,0.326530612244898,-39.57526017207038,6.496551527075784e-18
13.061224489795919,0.547637648400869,-0.6021414362860068,0.606060606060606,0.326530612244898,-39.57556375213518,6.4945796028757875e-18
13.061224489795919,0.608323861287565,-0.49704787224107067,0.6161616161616161,0.326530612244898,-39.57584027349918,6.4927839611434836e-18
13.061224489795919,0.67573498880583,-0.39195430819613525,0.6262626262626262,0.326530612244898,-39.57609134005662,6.491154044843462e-18
13.061224489795919,0.750616249262273,-0.2868607441511999,0.6363636363636362,0.326530612244898,-39.57631843063688,6.4896801322670245e-18
13.061224489795919,0.833795441985706,-0.18176718010626372,0.6464646464646464,0.326530612244898,-39.576522909198665,6.488353267469466e-18
13.061224489795919,0.926192098504948,-0.07667361606132911,0.6565656565656565,0.326530612244898,-39.57670603415904,6.487165196820493e-18
13.061224489795919,1.02882764781018,0.028419947983610284,0.666666666666667,0.326530612244898,-39.57686896693219,6.486108311108086e-18
13.061224489795919,1.142836708073,0.1335135120285407,0.6767676767676766,0.326530612244898,-39.57701277974568,6.485175592693297e-18
13.061224489795919,1.2694796296533,0.23860707607348014,0.686868686868687,0.326530612244898,-39.57713846279653,6.4843605672579996e-18
13.061224489795919,1.41015642805352,0.3437006401184105,0.6969696969696967,0.326530612244898,-39.577246930803874,6.483657259732264e-18
13.061224489795919,1.56642226084696,0.44879420416335164,0.7070707070707073,0.326530612244898,-39.57733902900997,6.483060154026305e-18
13.061224489795919,1.74000461967455,0.5538877682082868,0.7171717171717173,0.326530612244898,-39.577415538677236,6.4825641562256065e-18
13.061224489795919,1.93282242736499,0.6589813322532224,0.7272727272727274,0.326530612244898,-39.577477182124156,6.482164560942483e-18
13.061224489795919,2.14700725129329,0.7640748962981553,0.7373737373737373,0.326530612244898,-39.57752462733996,6.481857020541717e-18
13.061224489795919,2.38492686748792,0.8691684603430914,0.7474747474747475,0.326530612244898,-39.577558492213974,6.4816375169871e-18
13.061224489795919,2.64921143598352,0.9742620243880249,0.7575757575757573,0.326530612244898,-39.577579348412605,6.4815023360772755e-18
13.061224489795919,2.94278257678333,1.0793555884329629,0.7676767676767676,0.326530612244898,-39.57758772493423,6.481448043860169e-18
13.061224489795919,3.26888566786082,1.184449152477898,0.7777777777777777,0.326530612244898,-39.57758411136919,6.481471465036558e-18
13.061224489795919,3.63112572224959,1.289542716522833,0.7878787878787878,0.326530612244898,-39.57756896089041,6.48156966317633e-18
13.061224489795919,4.0335072408363,1.3946362805677694,0.797979797979798,0.326530612244898,-39.57754269299713,6.481739922592716e-18
13.061224489795919,4.48047848142245,1.4997298446127043,0.808080808080808,0.326530612244898,-39.577505696033164,6.4819797317271304e-18
13.061224489795919,4.97698063344183,1.6048234086576407,0.8181818181818182,0.326530612244898,-39.577458329498434,6.482286767916776e-18
13.061224489795919,5.52850244195146,1.7099169727025751,0.8282828282828283,0.326530612244898,-39.57740092617158,6.4826588834231224e-18
13.061224489795919,6.14114088475497,1.8150105367475111,0.8383838383838383,0.326530612244898,-39.57733379405934,6.483094092614961e-18
13.061224489795919,6.8216685734332,1.9201041007924453,0.8484848484848483,0.326530612244898,-39.57725721818769,6.4835905602045854e-18
13.061224489795919,7.57760862338904,2.0251976648373815,0.8585858585858586,0.326530612244898,-39.57717146224767,6.484146590448889e-18
13.061224489795919,8.41731782058148,2.1302912288823177,0.8686868686868686,0.326530612244898,-39.57707677010839,6.484760617232228e-18
13.061224489795919,9.35007900434302,2.2353847929272526,0.8787878787878787,0.326530612244898,-39.576973367208275,6.485431194955852e-18
13.061224489795919,10.3862036875563,2.3404783569721936,0.8888888888888893,0.326530612244898,-39.5768614618347,6.486156990165934e-18
13.061224489795919,11.5371460486378,2.445571921017128,0.8989898989898993,0.326530612244898,-39.576741246301474,6.486936773857234e-18
13.061224489795919,12.8156295554912,2.550665485062058,0.909090909090909,0.326530612244898,-39.5766128980325,6.4877694143959374e-18
13.061224489795919,14.2357876212352,2.6557590491069942,0.919191919191919,0.326530612244898,-39.57647658055959,6.488653871009392e-18
13.061224489795919,15.8133198466305,2.7608526131519304,0.9292929292929293,0.326530612244898,-39.57633244444154,6.489589187794592e-18
13.061224489795919,17.5656655764397,2.865946177196865,0.9393939393939392,0.326530612244898,-39.576180628110805,6.490574488203517e-18
13.061224489795919,19.5121966883548,2.9710397412417997,0.9494949494949493,0.326530612244898,-39.57602125865404,6.491608969964018e-18
13.061224489795919,21.6744317457404,3.0761333052867346,0.9595959595959593,0.326530612244898,-39.57585445253176,6.49269190040086e-18
13.061224489795919,24.0762738816144,3.1812268693316703,0.9696969696969694,0.326530612244898,-39.57568031624218,6.4938226121238965e-18
13.061224489795919,26.744275043632,3.2863204333766105,0.97979797979798,0.326530612244898,-39.57549894693381,6.49500049905274e-18
13.061224489795919,29.707929521255,3.3914139974215445,0.98989898989899,0.326530612244898,-39.57531043297109,6.496225012750064e-18
13.061224489795919,33.0,3.4965075614664802,1.0,0.326530612244898,-39.57511485445662,6.497495659039191e-18
13.877551020408163,0.001,-6.907755278982137,0.0,0.3469387755102041,-39.19876372913375,9.466582302570768e-18
13.877551020408163,0.001110814537795,-6.802661714937222,0.010101010101008117,0.3469387755102041,-39.227379356991385,9.199529274230226e-18
13.877551020408163,0.0012339089373767,-6.697568150892323,0.020202020202014698,0.3469387755102041,-39.25391612395709,8.958614200800512e-18
13.877551020408163,0.0013706439859533,-6.592474586847349,0.030303030303028534,0.3469387755102041,-39.27850891659272,8.74098389648584e-18
13.877551020408163,0.0015225312657382,-6.487381022802441,0.04040404040403597,0.3469387755102041,-39.301287002976586,8.544131482050769e-18
13.877551020408163,0.0016912498642295,-6.382287458757476,0.05050505050504887,0.3469387755102041,-39.32237366534623,8.365850547150395e-18
13.877551020408163,0.00187866493623,-6.277193894712534,0.06060606060605963,0.3469387755102041,-39.341885979832625,8.204195699319998e-18
13.877551020408163,0.00208684832281,-6.172100330667619,0.07070707070706775,0.3469387755102041,-39.359934717105645,8.057448610071235e-18
13.877551020408163,0.0023181014551505,-6.067006766622687,0.08080808080807748,0.3469387755102041,-39.37662434094107,7.924088781908165e-18
13.877551020408163,0.002574980796465,-5.961913202577741,0.0909090909090886,0.3469387755102041,-39.392053084784806,7.802768363372584e-18
13.877551020408163,0.0028603261032564,-5.856819638532781,0.10101010101010106,0.3469387755102041,-39.406313089245295,7.692290431719158e-18
13.877551020408163,0.0031772918183317,-5.751726074487876,0.11111111111110823,0.3469387755102041,-39.41949058604627,7.591590244541563e-18
13.877551020408163,0.0035293819426201,-5.646632510442922,0.1212121212121201,0.3469387755102041,-39.431666116299034,7.49971903314938e-18
13.877551020408163,0.0039204887712936,-5.541538946397998,0.13131313131312908,0.3469387755102041,-39.44291477300629,7.415829972521182e-18
13.877551020408163,0.0043549359224151,-5.436445382353058,0.14141414141413966,0.3469387755102041,-39.453306459498485,7.339166016159433e-18
13.877551020408163,0.0048375261337845,-5.331351818308116,0.15151515151515035,0.3469387755102041,-39.46290615704741,7.269049330094052e-18
13.877551020408163,0.0053735943563712,-5.2262582542631755,0.16161616161616094,0.3469387755102041,-39.47177419622107,7.20487209956226e-18
13.877551020408163,0.0059690667312704,-5.121164690218244,0.17171717171717069,0.3469387755102041,-39.47996652766382,7.146088515390352e-18
13.877551020408163,0.0066305261021638,-5.016071126173304,0.18181818181818118,0.3469387755102041,-39.48753498892696,7.092207775622226e-18
13.877551020408163,0.0073652847875129,-4.910977562128371,0.19191919191919102,0.3469387755102041,-39.494527564763054,7.042787962172114e-18
13.877551020408163,0.0081814654169699,-4.80588399808343,0.20202020202020168,0.3469387755102041,-39.50098863894957,6.997430672862541e-18
13.877551020408163,0.0090880907256374,-4.700790434038493,0.21212121212121193,0.3469387755102041,-39.50695923624532,6.955776306674283e-18
13.877551020408163,0.0100951832988382,-4.595696869993551,0.22222222222222263,0.3469387755102041,-39.5124772535227,6.91749991485375e-18
13.877551020408163,0.0112138763700549,-4.490603305948624,0.23232323232323193,0.3469387755102041,-39.51757767947403,6.882307543104936e-18
13.877551020408163,0.0124565368968931,-4.385509741903686,0.24242424242424226,0.3469387755102041,-39.52229280257627,6.849933000768246e-18
13.877551020408163,0.013836902275649,-4.280416177858747,0.2525252525252527,0.3469387755102041,-39.52665240722432,6.820135001961732e-18
13.877551020408163,0.0153702322058399,-4.175322613813814,0.26262626262626254,0.3469387755102041,-39.530683958120804,6.7926946313723535e-18
13.877551020408163,0.0170734773835322,-4.07022904976888,0.2727272727272725,0.3469387755102041,-39.534412773146634,6.767413093946326e-18
13.877551020408163,0.0189654668883421,-3.9651354857239447,0.2828282828282826,0.3469387755102041,-39.53786218503916,6.744109713323721e-18
13.877551020408163,0.0210671163356406,-3.8600419216790063,0.292929292929293,0.3469387755102041,-39.54105369228072,6.7226201486269984e-18
13.877551020408163,0.0234016590950486,-3.7549483576340705,0.3030303030303031,0.3469387755102041,-39.5440070996527,6.70279480329227e-18
13.877551020408163,0.0259949031313031,-3.649854793589135,0.3131313131313132,0.3469387755102041,-39.54674064894531,6.684497403115519e-18
13.877551020408163,0.0288755163068248,-3.5447612295442013,0.32323232323232315,0.3469387755102041,-39.54927114033362,6.667603723671637e-18
13.877551020408163,0.0320753432999582,-3.4396676654992664,0.33333333333333315,0.3469387755102041,-39.551614044938894,6.6520004498298534e-18
13.877551020408163,0.0356297576423598,-3.3345741014543298,0.34343434343434337,0.3469387755102041,-39.55378360909437,6.637584152287717e-18
13.877551020408163,0.0395780527672466,-3.229480537409394,0.3535353535353535,0.3469387755102041,-39.555792950827026,6.624260367947291e-18
13.877551020408163,0.0439638763914761,-3.1243869733644574,0.3636363636363637,0.3469387755102041,-39.55765414905474,6.611942772589609e-18
13.877551020408163,0.048835713033475,-3.019293409319523,0.3737373737373737,0.3469387755102041,-39.559378325981385,6.600552435720584e-18
13.877551020408163,0.0542474200011699,-2.914199845274587,0.3838383838383838,0.3469387755102041,-39.56097572315362,6.590017148683669e-18
13.877551020408163,0.060258822775172,-2.8091062812296523,0.3939393939393938,0.3469387755102041,-39.562455771621664,6.580270818198259e-18
13.877551020408163,0.0669363763690749,-2.7040127171847166,0.404040404040404,0.3469387755102041,-39.563827156624335,6.571252918404267e-18
13.877551020408163,0.0743538999780876,-2.5989191531397813,0.4141414141414141,0.3469387755102041,-39.56509787719546,6.5629079952983935e-18
13.877551020408163,0.0825933930374168,-2.493825589094845,0.42424242424242425,0.3469387755102041,-39.56627530106618,6.555185218146699e-18
13.877551020408163,0.0917459417117808,-2.38873202504991,0.4343434343434343,0.3469387755102041,-39.56736621521424,6.548037973073244e-18
13.877551020408163,0.101912725837141,-2.283638461004973,0.44444444444444453,0.3469387755102041,-39.56837687238991,6.541423494557307e-18
13.877551020408163,0.113206137446215,-2.1785448969600347,0.4545454545454549,0.3469387755102041,-39.56931303392539,6.5353025310467654e-18
13.877551020408163,0.125751023242877,-2.0734513329151003,0.46464646464646486,0.3469387755102041,-39.5701800091148,6.529639041304348e-18
13.877551020408163,0.139686064760787,-1.9683577688701692,0.47474747474747453,0.3469387755102041,-39.570982691431176,6.524399918470497e-18
13.877551020408163,0.155165311463659,-1.8632642048252352,0.48484848484848453,0.3469387755102041,-39.57172559182824,6.5195547391461195e-18
13.877551020408163,0.172359883735326,-1.7581706407802946,0.49494949494949514,0.3469387755102041,-39.57241286935669,6.515075535082871e-18
13.877551020408163,0.19145986458586,-1.6530770767353593,0.5050505050505052,0.3469387755102041,-39.57304835930788,6.510936585318845e-18
13.877551020408163,0.212676400986239,-1.5479835126904273,0.5151515151515149,0.3469387755102041,-39.573635599081776,6.507114226820968e-18
13.877551020408163,0.236244038061438,-1.442889948645492,0.5252525252525251,0.3469387755102041,-39.57417785196117,6.503586681892079e-18
13.877551020408163,0.262423311946047,-1.3377963846005527,0.5353535353535355,0.3469387755102041,-39.574678128960336,6.500333900776655e-18
13.877551020408163,0.291503629965987,-1.2327028205556183,0.5454545454545455,0.3469387755102041,-39.57513920890318,6.49733741805534e-18
13.877551020408163,0.323806469986239,-1.1276092565106834,0.5555555555555556,0.3469387755102041,-39.575563656873825,6.494580221558277e-18
13.877551020408163,0.359688934292802,-1.0225156924657481,0.5656565656565656,0.3469387755102041,-39.57595384117146,6.492046632651534e-18
13.877551020408163,0.399547697296443,-0.9174221284208132,0.5757575757575757,0.3469387755102041,-39.57631194889097,6.4897221968610265e-18
13.877551020408163,0.443823390699414,-0.8123285643758777,0.5858585858585857,0.3469387755102041,-39.57664000024061,6.48759358390182e-18
13.877551020408163,0.49300547460239,-0.707235000330941,0.5959595959595959,0.3469387755102041,-39.57693986170009,6.485648496264212e-18
13.877551020408163,0.547637648400869,-0.6021414362860068,0.606060606060606,0.3469387755102041,-39.57721325811307,6.4838755855942434e-18
13.877551020408163,0.608323861287565,-0.49704787224107067,0.6161616161616161,0.3469387755102041,-39.57746178380126,6.482264376173937e-18
13.877551020408163,0.67573498880583,-0.39195430819613525,0.6262626262626262,0.3469387755102041,-39.57768691277993,6.4808051948736214e-18
13.877551020408163,0.750616249262273,-0.2868607441511999,0.6363636363636362,0.3469387755102041,-39.57789000814814,6.479489107006492e-18
13.877551020408163,0.833795441985706,-0.18176718010626372,0.6464646464646464,0.3469387755102041,-39.57807233072119,6.478307857567922e-18
13.877551020408163,0.926192098504948,-0.07667361606132911,0.6565656565656565,0.3469387755102041,-39.578235046967286,6.477253817389348e-18
13.877551020408163,1.02882764781018,0.028419947983610284,0.666666666666667,0.3469387755102041,-39.57837923630491,6.476319933781435e-18
13.877551020408163,1.142836708073,0.1335135120285407,0.6767676767676766,0.3469387755102041,-39.57850589781369,6.475499685275334e-18
13.877551020408163,1.2694796296533,0.23860707607348014,0.686868686868687,0.3469387755102041,-39.57861595640609,6.474787040111981e-18
13.877551020408163,1.41015642805352,0.3437006401184105,0.6969696969696967,0.3469387755102041,-39.578710268504345,6.474176418155441e-18
13.877551020408163,1.56642226084696,0.44879420416335164,0.7070707070707073,0.3469387755102041,-39.57878962726283,6.4736626559387276e-18
13.877551020408163,1.74000461967455,0.5538877682082868,0.7171717171717173,0.3469387755102041,-39.578854767372896,6.473240974575118e-18
13.877551020408163,1.93282242736499,0.6589813322532224,0.7272727272727274,0.3469387755102041,-39.57890636948435,6.4729069502911265e-18
13.877551020408163,2.14700725129329,0.7640748962981553,0.7373737373737373,0.3469387755102041,-39.57894506427463,6.47265648736004e-18
13.877551020408163,2.38492686748792,0.8691684603430914,0.7474747474747475,0.3469387755102041,-39.57897143619436,6.472485793233487e-18
13.877551020408163,2.64921143598352,0.9742620243880249,0.7575757575757573,0.3469387755102041,-39.578986026915715,6.472391355685752e-18
13.877551020408163,2.94278257678333,1.0793555884329629,0.7676767676767676,0.3469387755102041,-39.57898933850746,6.472369921803442e-18
13.877551020408163,3.26888566786082,1.184449152477898,0.7777777777777777,0.3469387755102041,-39.57898183635914,6.472418478664726e-18
13.877551020408163,3.63112572224959,1.289542716522833,0.7878787878787878,0.3469387755102041,-39.57896395187441,6.4725342355693234e-18
13.877551020408163,4.0335072408363,1.3946362805677694,0.797979797979798,0.3469387755102041,-39.578936084952396,6.472714607689274e-18
13.877551020408163,4.48047848142245,1.4997298446127043,0.808080808080808,0.3469387755102041,-39.57889860627416,6.472957201023389e-18
13.877551020408163,4.97698063344183,1.6048234086576407,0.8181818181818182,0.3469387755102041,-39.57885185940992,6.473259798547555e-18
13.877551020408163,5.52850244195146,1.7099169727025751,0.8282828282828283,0.3469387755102041,-39.57879616276147,6.473620347463486e-18
13.877551020408163,6.14114088475497,1.8150105367475111,0.8383838383838383,0.3469387755102041,-39.578731811353144,6.47403694745407e-18
13.877551020408163,6.8216685734332,1.9201041007924453,0.8484848484848483,0.3469387755102041,-39.57865907848341,6.474507839864482e-18
13.877551020408163,7.57760862338904,2.0251976648373815,0.8585858585858586,0.3469387755102041,-39.578578217248165,6.475031397733514e-18
13.877551020408163,8.41731782058148,2.1302912288823177,0.8686868686868686,0.3469387755102041,-39.578489461946276,6.4756061166042535e-18
13.877551020408163,9.35007900434302,2.2353847929272526,0.8787878787878787,0.3469387755102041,-39.57839302937645,6.476230606053338e-18
13.877551020408163,10.3862036875563,2.3404783569721936,0.8888888888888893,0.3469387755102041,-39.578289120034306,6.476903581878817e-18
13.877551020408163,11.5371460486378,2.445571921017128,0.8989898989898993,0.3469387755102041,-39.578177919217545,6.477623858894158e-18
13.877551020408163,12.8156295554912,2.550665485062058,0.909090909090909,0.3469387755102041,-39.57805959804645,6.4783903442798774e-18
13.877551020408163,14.2357876212352,2.6557590491069942,0.919191919191919,0.3469387755102041,-39.57793431440658,6.479202031447193e-18
13.877551020408163,15.8133198466305,2.7608526131519304,0.9292929292929293,0.3469387755102041,-39.577802213819645,6.480057994373798e-18
13.877551020408163,17.5656655764397,2.865946177196865,0.9393939393939392,0.3469387755102041,-39.5776634302483,6.480957382373472e-18
13.877551020408163,19.5121966883548,2.9710397412417997,0.9494949494949493,0.3469387755102041,-39.57751808684024,6.481899415264378e-18
13.877551020408163,21.6744317457404,3.0761333052867346,0.9595959595959593,0.3469387755102041,-39.57736629661597,6.4828833789064745e-18
13.877551020408163,24.0762738816144,3.1812268693316703,0.9696969696969694,0.3469387755102041,-39.57720816310516,6.483908621075779e-18
13.877551020408163,26.744275043632,3.2863204333766105,0.97979797979798,0.3469387755102041,-39.57704378093519,6.484974547652061e-18
13.877551020408163,29.707929521255,3.3914139974215445,0.98989898989899,0.3469387755102041,-39.57687323637598,6.4860806190923356e-18
13.877551020408163,33.0,3.4965075614664802,1.0,0.3469387755102041,-39.57669660784417,6.487226347170451e-18
14.693877551020408,0.001,-6.907755278982137,0.0,0.3673469387755102,-39.26053539051835,8.899510572521528e-18
14.693877551020408,0.001110814537795,-6.802661714937222,0.010101010101008117,0.3673469387755102,-39.2836264767494,8.696365651221272e-18
14.693877551020408,0.0012339089373767,-6.697568150892323,0.020202020202014698,0.3673469387755102,-39.30509632556613,8.511646042031228e-18
14.693877551020408,0.0013706439859533,-6.592474586847349,0.030303030303028534,0.3673469387755102,-39.325049548417745,8.343494433804846e-18
14.693877551020408,0.0015225312657382,-6.487381022802441,0.04040404040403597,0.3673469387755102,-39.34358576333583,8.19026218814424e-18
14.693877551020408,0.0016912498642295,-6.382287458757476,0.05050505050504887,0.3673469387755102,-39.36079951534205,8.050483554841131e-18
14.693877551020408,0.00187866493623,-6.277193894712534,0.06060606060605963,0.3673469387755102,-39.37678026901404,7.922853290340764e-18
14.693877551020408,0.00208684832281,-6.172100330667619,0.07070707070706775,0.3673469387755102,-39.391612459263825,7.806207219816101e-18
14.693877551020408,0.0023181014551505,-6.067006766622687,0.08080808080807748,0.3673469387755102,-39.40537558827833,7.69950534290172e-18
14.693877551020408,0.002574980796465,-5.961913202577741,0.0909090909090886,0.3673469387755102,-39.418144358309156,7.601817136215662e-18
14.693877551020408,0.0028603261032564,-5.856819638532781,0.10101010101010106,0.3673469387755102,-39.42998883156623,7.512308752704686e-18
14.693877551020408,0.0031772918183317,-5.751726074487876,0.11111111111110823,0.3673469387755102,-39.44097460986456,7.430231858986143e-18
14.693877551020408,0.0035293819426201,-5.646632510442922,0.1212121212121201,0.3673469387755102,-39.45116302790049,7.354913887714932e-18
14.693877551020408,0.0039204887712936,-5.541538946397998,0.13131313131312908,0.3673469387755102,-39.46061135510333,7.285749513105791e-18
14.693877551020408,0.0043549359224151,-5.436445382353058,0.14141414141413966,0.3673469387755102,-39.46937300193284,7.222193184618029e-18
14.693877551020408,0.0048375261337845,-5.331351818308116,0.15151515151515035,0.3673469387755102,-39.47749772728545,7.163752576970112e-18
14.693877551020408,0.0053735943563712,-5.2262582542631755,0.16161616161616094,0.3673469387755102,-39.485031844347866,7.109982834559651e-18
14.693877551020408,0.0059690667312704,-5.121164690218244,0.17171717171717069,0.3673469387755102,-39.49201842280719,7.060481505457236e-18
14.693877551020408,0.0066305261021638,-5.016071126173304,0.18181818181818118,0.3673469387755102,-39.498497485807654,7.014884074791032e-18
14.693877551020408,0.0073652847875129,-4.910977562128371,0.19191919191919102,0.3673469387755102,-39.50450620044431,6.972860019891843e-18
14.693877551020408,0.0081814654169699,-4.80588399808343,0.20202020202020168,0.3673469387755102,-39.51007906091685,6.9341093203166626e-18
14.693877551020408,0.0090880907256374,-4.700790434038493,0.21212121212121193,0.3673469387755102,-39.51524806374049,6.8983593650693095e-18
14.693877551020408,0.0100951832988382,-4.595696869993551,0.22222222222222263,0.3673469387755102,-39.520042874634306,6.865362207219811e-18
14.693877551020408,0.0112138763700549,-4.490603305948624,0.23232323232323193,0.3673469387755102,-39.524490986888566,6.834892122873054e-18
14.693877551020408,0.0124565368968931,-4.385509741903686,0.24242424242424226,0.3673469387755102,-39.52861787115796,6.806743437222571e-18
14.693877551020408,0.013836902275649,-4.280416177858747,0.2525252525252527,0.3673469387755102,-39.53244711674191,6.780728585390983e-18
14.693877551020408,0.0153702322058399,-4.175322613813814,0.26262626262626254,0.3673469387755102,-39.536000564503276,6.756676380015404e-18
14.693877551020408,0.0170734773835322,-4.07022904976888,0.2727272727272725,0.3673469387755102,-39.53929843164492,6.734430461199436e-18
14.693877551020408,0.0189654668883421,-3.9651354857239447,0.2828282828282826,0.3673469387755102,-39.542359428615036,6.7138479076003995e-18
14.693877551020408,0.0210671163356406,-3.8600419216790063,0.292929292929293,0.3673469387755102,-39.54520086844831,6.694797990135411e-18
14.693877551020408,0.0234016590950486,-3.7549483576340705,0.3030303030303031,0.3673469387755102,-39.54783876887574,6.677161052126075e-18
14.693877551020408,0.0259949031313031,-3.649854793589135,0.3131313131313132,0.3673469387755102,-39.55028794755103,6.660827501722137e-18
14.693877551020408,0.0288755163068248,-3.5447612295442013,0.32323232323232315,0.3673469387755102,-39.552562110749264,6.645696904193007e-18
14.693877551020408,0.0320753432999582,-3.4396676654992664,0.33333333333333315,0.3673469387755102,-39.55467393589587,6.6316771631852556e-18
14.693877551020408,0.0356297576423598,-3.3345741014543298,0.34343434343434337,0.3673469387755102,-39.55663514828026,6.618683781358998e-18
14.693877551020408,0.0395780527672466,-3.229480537409394,0.3535353535353535,0.3673469387755102,-39.55845659230233,6.606639191954139e-18
14.693877551020408,0.0439638763914761,-3.1243869733644574,0.3636363636363637,0.3673469387755102,-39.560148297590146,6.595472153830338e-18
14.693877551020408,0.048835713033475,-3.019293409319523,0.3737373737373737,0.3673469387755102,-39.56171954031567,6.585117203387867e-18
14.693877551020408,0.0542474200011699,-2.914199845274587,0.3838383838383838,0.3673469387755102,-39.563178900022315,6.5755141575311335e-18
14.693877551020408,0.060258822775172,-2.8091062812296523,0.3939393939393938,0.3673469387755102,-39.564534312263824,6.566607662497543e-18
14.693877551020408,0.0669363763690749,-2.7040127171847166,0.404040404040404,0.3673469387755102,-39.56579311733956,6.55834678395039e-18
14.693877551020408,0.0743538999780876,-2.5989191531397813,0.4141414141414141,0.3673469387755102,-39.56696210539601,6.550684634243197e-18
14.693877551020408,0.0825933930374168,-2.493825589094845,0.42424242424242425,0.3673469387755102,-39.56804755814952,6.543578033207139e-18
14.693877551020408,0.0917459417117808,-2.38873202504991,0.4343434343434343,0.3673469387755102,-39.569055287470356,6.536987199206015e-18
14.693877551020408,0.101912725837141,-2.283638461004973,0.44444444444444453,0.3673469387755102,-39.569990671053404,6.5308754675496274e-18
14.693877551020408,0.113206137446215,-2.1785448969600347,0.4545454545454549,0.3673469387755102,-39.57085868538723,6.5252090336600654e-18
14.693877551020408,0.125751023242877,-2.0734513329151003,0.46464646464646486,0.3673469387755102,-39.57166393621888,6.5199567186583204e-18
14.693877551020408,0.139686064760787,-1.9683577688701692,0.47474747474747453,0.3673469387755102,-39.57241068669955,6.515089755274533e-18
14.693877551020408,0.155165311463659,-1.8632642048252352,0.48484848484848453,0.3673469387755102,-39.57310288338291,6.5105815922019035e-18
14.693877551020408,0.172359883735326,-1.7581706407802946,0.49494949494949514,0.3673469387755102,-39.57374418023701,6.5064077151986146e-18
14.693877551020408,0.19145986458586,-1.6530770767353593,0.5050505050505052,0.3673469387755102,-39.57433796081857,6.502545483414209e-18
14.693877551020408,0.212676400986239,-1.5479835126904273,0.5151515151515149,0.3673469387755102,-39.57488735874861,6.4989739795638505e-18
14.693877551020408,0.236244038061438,-1.442889948645492,0.5252525252525251,0.3673469387755102,-39.57539527661802,6.495673872709393e-18
14.693877551020408,0.262423311946047,-1.3377963846005527,0.5353535353535355,0.3673469387755102,-39.575864403442544,6.492627292524446e-18
14.693877551020408,0.291503629965987,-1.2327028205556183,0.5454545454545455,0.3673469387755102,-39.576297230777875,6.489817714029175e-18
14.693877551020408,0.323806469986239,-1.1276092565106834,0.5555555555555556,0.3673469387755102,-39.576696067597254,6.4872298518754226e-18
14.693877551020408,0.359688934292802,-1.0225156924657481,0.5656565656565656,0.3673469387755102,-39.57706305402671,6.484849563348537e-18
14.693877551020408,0.399547697296443,-0.9174221284208132,0.5757575757575757,0.3673469387755102,-39.57740017402546,6.482663759331646e-18
14.693877551020408,0.443823390699414,-0.8123285643758777,0.5858585858585857,0.3673469387755102,-39.57770926709291,6.480660322545232e-18
14.693877551020408,0.49300547460239,-0.707235000330941,0.5959595959595959,0.3673469387755102,-39.57799203907711,6.478828032439243e-18
14.693877551020408,0.547637648400869,-0.6021414362860068,0.606060606060606,0.3673469387755102,-39.57825007215418,6.477156496171343e-18
14.693877551020408,0.608323861287565,-0.49704787224107067,0.6161616161616161,0.3673469387755102,-39.578484834042676,6.475636085154458e-18
14.693877551020408,0.67573498880583,-0.39195430819613525,0.6262626262626262,0.3673469387755102,-39.578697686511966,6.474257876706253e-18
14.693877551020408,0.750616249262273,-0.2868607441511999,0.6363636363636362,0.3673469387755102,-39.578889893239385,6.473013600370274e-18
14.693877551020408,0.833795441985706,-0.18176718010626372,0.6464646464646464,0.3673469387755102,-39.57906262706651,6.471895588520043e-18
14.693877551020408,0.926192098504948,-0.07667361606132911,0.6565656565656565,0.3673469387755102,-39.57921697670096,6.470896730890397e-18
14.693877551020408,1.02882764781018,0.028419947983610284,0.666666666666667,0.3673469387755102,-39.57935395290678,6.4700104327102385e-18
14.693877551020408,1.142836708073,0.1335135120285407,0.6767676767676766,0.3673469387755102,-39.57947449422287,6.469230576140956e-18
14.693877551020408,1.2694796296533,0.23860707607348014,0.686868686868687,0.3673469387755102,-39.57957947224616,6.468551484748341e-18
14.693877551020408,1.41015642805352,0.3437006401184105,0.6969696969696967,0.3673469387755102,-39.579669696512816,6.467967890761862e-18
14.693877551020408,1.56642226084696,0.44879420416335164,0.7070707070707073,0.3673469387755102,-39.57974591900906,6.467474904892128e-18
14.693877551020408,1.74000461967455,0.5538877682082868,0.7171717171717173,0.3673469387755102,-39.57980883833977,6.467067988501321e-18
14.693877551020408,1.93282242736499,0.6589813322532224,0.7272727272727274,0.3673469387755102,-39.57985910358158,6.466742927934766e-18
14.693877551020408,2.14700725129329,0.7640748962981553,0.7373737373737373,0.3673469387755102,-39.57989731784461,6.466495810841308e-18
14.693877551020408,2.38492686748792,0.8691684603430914,0.7474747474747475,0.3673469387755102,-39.57992404156548,6.466323004321313e-18
14.693877551020408,2.64921143598352,0.9742620243880249,0.7575757575757573,0.3673469387755102,-39.57993979555208,6.466221134757765e-18
14.693877551020408,2.94278257678333,1.0793555884329629,0.7676767676767676,0.3673469387755102,-39.57994506379948,6.466187069194822e-18
14.693877551020408,3.26888566786082,1.184449152477898,0.7777777777777777,0.3673469387755102,-39.579940296094186,6.466217898142622e-18
14.693877551020408,3.63112572224959,1.289542716522833,0.7878787878787878,0.3673469387755102,-39.57992591042342,6.466310919693497e-18
14.693877551020408,4.0335072408363,1.3946362805677694,0.797979797979798,0.3673469387755102,-39.579902295204,6.4664636248477734e-18
14.693877551020408,4.48047848142245,1.4997298446127043,0.808080808080808,0.3673469387755102,-39.5798698113448,6.466673683953436e-18
14.693877551020408,4.97698063344183,1.6048234086576407,0.8181818181818182,0.3673469387755102,-39.57982879415561,6.466938934171233e-18
14.693877551020408,5.52850244195146,1.7099169727025751,0.8282828282828283,0.3673469387755102,-39.57977955511388,6.4672573678868944e-18
14.693877551020408,6.14114088475497,1.8150105367475111,0.8383838383838383,0.3673469387755102,-39.57972238350043,6.467627121994824e-18
14.693877551020408,6.8216685734332,1.9201041007924453,0.8484848484848483,0.3673469387755102,-39.57965754791388,6.4680464679869854e-18
14.693877551020408,7.57760862338904,2.0251976648373815,0.8585858585858586,0.3673469387755102,-39.57958529767327,6.468513802782919e-18
14.693877551020408,8.41731782058148,2.1302912288823177,0.8686868686868686,0.3673469387755102,-39.579505864117095,6.46902764024513e-18
14.693877551020408,9.35007900434302,2.2353847929272526,0.8787878787878787,0.3673469387755102,-39.57941946180684,6.469586603325836e-18
14.693877551020408,10.3862036875563,2.3404783569721936,0.8888888888888893,0.3673469387755102,-39.57932628964202,6.470189416797468e-18
14.693877551020408,11.5371460486378,2.445571921017128,0.8989898989898993,0.3673469387755102,-39.57922653189363,6.470834900520793e-18
14.693877551020408,12.8156295554912,2.550665485062058,0.909090909090909,0.3673469387755102,-39.57912035916206,6.471521963210736e-18
14.693877551020408,14.2357876212352,2.6557590491069942,0.919191919191919,0.3673469387755102,-39.579007929265025,6.472249596661841e-18
14.693877551020408,15.8133198466305,2.7608526131519304,0.9292929292929293,0.3673469387755102,-39.57888938806102,6.473016870397515e-18
14.693877551020408,17.5656655764397,2.865946177196865,0.9393939393939392,0.3673469387755102,-39.578764870213064,6.473822926711169e-18
14.693877551020408,19.5121966883548,2.9710397412417997,0.9494949494949493,0.3673469387755102,-39.578634499896964,6.4746669760707956e-18
14.693877551020408,21.6744317457404,3.0761333052867346,0.9595959595959593,0.3673469387755102,-39.57849839145867,6.475548292857326e-18
14.693877551020408,24.0762738816144,3.1812268693316703,0.9696969696969694,0.3673469387755102,-39.57835665002421,6.47646621141329e-18
14.693877551020408,26.744275043632,3.2863204333766105,0.97979797979798,0.3673469387755102,-39.578209372065736,6.4774201223783505e-18
14.693877551020408,29.707929521255,3.3914139974215445,0.98989898989899,0.3673469387755102,-39.57805664592723,6.478409469288787e-18
14.693877551020408,33.0,3.4965075614664802,1.0,0.3673469387755102,-39.57789855231245,6.47943374542343e-18
15.510204081632654,0.001,-6.907755278982137,0.0,0.38775510204081637,-39.30987433475794,8.471074322215618e-18
15.510204081632654,0.001110814537795,-6.802661714937222,0.010101010101008117,0.38775510204081637,-39.32858518734344,8.31404693863972e-18
15.510204081632654,0.0012339089373767,-6.697568150892323,0.020202020202014698,0.38775510204081637,-39.34603425848335,8.170232901731468e-18
15.510204081632654,0.0013706439859533,-6.592474586847349,0.030303030303028534,0.38775510204081637,-39.36230147882569,8.038401098491621e-18
15.510204081632654,0.0015225312657382,-6.487381022802441,0.04040404040403597,0.38775510204081637,-39.377462693059265,7.917448389175675e-18
15.510204081632654,0.0016912498642295,-6.382287458757476,0.05050505050504887,0.38775510204081637,-39.39158969982535,7.806384886730815e-18
15.510204081632654,0.00187866493623,-6.277193894712534,0.06060606060605963,0.38775510204081637,-39.404750325048504,7.704321065870858e-18
15.510204081632654,0.00208684832281,-6.172100330667619,0.07070707070706775,0.38775510204081637,-39.41700852155838,7.610456464996408e-18
15.510204081632654,0.0023181014551505,-6.067006766622687,0.08080808080807748,0.38775510204081637,-39.42842448890691,7.524069774492101e-18
15.510204081632654,0.002574980796465,-5.961913202577741,0.0909090909090886,0.38775510204081637,-39.43905480821022,7.444510131741593e-18
15.510204081632654,0.0028603261032564,-5.856819638532781,0.10101010101010106,0.38775510204081637,-39.44895258766385,7.371189466779882e-18
15.510204081632654,0.0031772918183317,-5.751726074487876,0.11111111111110823,0.38775510204081637,-39.45816761509982,7.303575763135376e-18
15.510204081632654,0.0035293819426201,-5.646632510442922,0.1212121212121201,0.38775510204081637,-39.46674651458192,7.241187116405059e-18
15.510204081632654,0.0039204887712936,-5.541538946397998,0.13131313131312908,0.38775510204081637,-39.47473290457808,7.183586488755132e-18
15.510204081632654,0.0043549359224151,-5.436445382353058,0.14141414141413966,0.38775510204081637,-39.482167555716615,7.130377071107903e-18
15.510204081632654,0.0048375261337845,-5.331351818308116,0.15151515151515035,0.38775510204081637,-39.48908854653208,7.081198176532853e-18
15.510204081632654,0.0053735943563712,-5.2262582542631755,0.16161616161616094,0.38775510204081637,-39.4955314159458,7.035721598528627e-18
15.510204081632654,0.0059690667312704,-5.121164690218244,0.17171717171717069,0.38775510204081637,-39.50152931151302,6.99364837666714e-18
15.510204081632654,0.0066305261021638,-5.016071126173304,0.18181818181818118,0.38775510204081637,-39.5071131327092,6.954705919663659e-18
15.510204081632654,0.0073652847875129,-4.910977562128371,0.19191919191919102,0.38775510204081637,-39.51231166872902,6.918645442488276e-18
15.510204081632654,0.0081814654169699,-4.80588399808343,0.20202020202020168,0.38775510204081637,-39.51715173043792,6.8852396797952255e-18
15.510204081632654,0.0090880907256374,-4.700790434038493,0.21212121212121193,0.38775510204081637,-39.52165827625351,6.854280842830586e-18
15.510204081632654,0.0100951832988382,-4.595696869993551,0.22222222222222263,0.38775510204081637,-39.52585453184524,6.8255787912056934e-18
15.510204081632654,0.0112138763700549,-4.490603305948624,0.23232323232323193,0.38775510204081637,-39.52976210363176,6.798959394567361e-18
15.510204081632654,0.0124565368968931,-4.385509741903686,0.24242424242424226,0.38775510204081637,-39.53340108612719,6.774263062356486e-18
15.510204081632654,0.013836902275649,-4.280416177858747,0.2525252525252527,0.38775510204081637,-39.5367901632442,6.751343422578236e-18
15.510204081632654,0.0153702322058399,-4.175322613813814,0.26262626262626254,0.38775510204081637,-39.53994670370633,6.730066132870875e-18
15.510204081632654,0.0170734773835322,-4.07022904976888,0.2727272727272725,0.38775510204081637,-39.54288685075461,6.710307809217376e-18
15.510204081632654,0.0189654668883421,-3.9651354857239447,0.2828282828282826,0.38775510204081637,-39.54562560635828,6.691955059422396e-18
15.510204081632654,0.0210671163356406,-3.8600419216790063,0.292929292929293,0.38775510204081637,-39.548176910156144,6.674903610027151e-18
15.510204081632654,0.0234016590950486,-3.7549483576340705,0.3030303030303031,0.38775510204081637,-39.550553713366206,6.659057516682552e-18
15.510204081632654,0.0259949031313031,-3.649854793589135,0.3131313131313132,0.38775510204081637,-39.55276804790703,6.644328449173889e-18
15.510204081632654,0.0288755163068248,-3.5447612295442013,0.32323232323232315,0.38775510204081637,-39.554831090976556,6.630635043314954e-18
15.510204081632654,0.0320753432999582,-3.4396676654992664,0.33333333333333315,0.38775510204081637,-39.556753225332635,6.617902312825135e-18
15.510204081632654,0.0356297576423598,-3.3345741014543298,0.34343434343434337,0.38775510204081637,-39.55854409551637,6.606061115083001e-18
15.510204081632654,0.0395780527672466,-3.229480537409394,0.3535353535353535,0.38775510204081637,-39.56021266025345,6.5950476653375334e-18
15.510204081632654,0.0439638763914761,-3.1243869733644574,0.3636363636363637,0.38775510204081637,-39.561767241261656,6.584803094559552e-18
15.510204081632654,0.048835713033475,-3.019293409319523,0.3737373737373737,0.38775510204081637,-39.56321556868486,6.575273046642062e-18
15.510204081632654,0.0542474200011699,-2.914199845274587,0.3838383838383838,0.38775510204081637,-39.5645648233647,6.566407311125236e-18
15.510204081632654,0.060258822775172,-2.8091062812296523,0.3939393939393938,0.38775510204081637,-39.56582167615188,6.55815948802996e-18
15.510204081632654,0.0669363763690749,-2.7040127171847166,0.404040404040404,0.38775510204081637,-39.566992324449345,6.550486681745831e-18
15.510204081632654,0.0743538999780876,-2.5989191531397813,0.4141414141414141,0.38775510204081637,-39.56808252616982,6.543349221238249e-18
15.510204081632654,0.0825933930374168,-2.493825589094845,0.42424242424242425,0.38775510204081637,-39.56909763128031,6.536710404122716e-18
15.510204081632654,0.0917459417117808,-2.38873202504991,0.4343434343434343,0.38775510204081637,-39.57004261109672,6.5305362624042096e-18
15.510204081632654,0.101912725837141,-2.283638461004973,0.44444444444444453,0.38775510204081637,-39.57092208548215,6.524795347901934e-18
15.510204081632654,0.113206137446215,-2.1785448969600347,0.4545454545454549,0.38775510204081637,-39.571740348093314,6.51945853557803e-18
15.510204081632654,0.125751023242877,-2.0734513329151003,0.46464646464646486,0.38775510204081637,-39.57250138981056,6.514498843164389e-18
15.510204081632654,0.139686064760787,-1.9683577688701692,0.47474747474747453,0.38775510204081637,-39.57320892047879,6.509891265638119e-18
15.510204081632654,0.155165311463659,-1.8632642048252352,0.48484848484848453,0.38775510204081637,-39.573866389077985,6.5056126232374356e-18
15.510204081632654,0.172359883735326,-1.7581706407802946,0.49494949494949514,0.38775510204081637,-39.57447700243466,6.501641421834015e-18
15.510204081632654,0.19145986458586,-1.6530770767353593,0.5050505050505052,0.38775510204081637,-39.57504374257811,6.497957724590109e-18
15.510204081632654,0.212676400986239,-1.5479835126904273,0.5151515151515149,0.38775510204081637,-39.575569382838275,6.494543033929284e-18
15.510204081632654,0.236244038061438,-1.442889948645492,0.5252525252525251,0.38775510204081637,-39.57605650277556,6.491380182940344e-18
15.510204081632654,0.262423311946047,-1.3377963846005527,0.5353535353535355,0.38775510204081637,-39.576507502026736,6.4884532354139055e-18
15.510204081632654,0.291503629965987,-1.2327028205556183,0.5454545454545455,0.38775510204081637,-39.576924613145295,6.485747393784713e-18
15.510204081632654,0.323806469986239,-1.1276092565106834,0.5555555555555556,0.38775510204081637,-39.5773099135089,6.483248914319078e-18
15.510204081632654,0.359688934292802,-1.0225156924657481,0.5656565656565656,0.38775510204081637,-39.57766533636185,6.480945028944587e-18
15.510204081632654,0.399547697296443,-0.9174221284208132,0.5757575757575757,0.38775510204081637,-39.57799268105547,6.478823873173182e-18
15.510204081632654,0.443823390699414,-0.8123285643758777,0.5858585858585857,0.38775510204081637,-39.57829362254464,6.476874419619146e-18
15.510204081632654,0.49300547460239,-0.707235000330941,0.5959595959595959,0.38775510204081637,-39.5785697201951,6.475086416652657e-18
15.510204081632654,0.547637648400869,-0.6021414362860068,0.606060606060606,0.38775510204081637,-39.578822425951486,6.473450331774798e-18
15.510204081632654,0.608323861287565,-0.49704787224107067,0.6161616161616161,0.38775510204081637,-39.579053091913146,6.471957299331268e-18
15.510204081632654,0.67573498880583,-0.39195430819613525,0.6262626262626262,0.38775510204081637,-39.57926297736092,6.470599072216564e-18
15.510204081632654,0.750616249262273,-0.2868607441511999,0.6363636363636362,0.38775510204081637,-39.57945325527506,6.469367977250652e-18
15.510204081632654,0.833795441985706,-0.18176718010626372,0.6464646464646464,0.38775510204081637,-39.57962501838167,6.4682568739351046e-18
15.510204081632654,0.926192098504948,-0.07667361606132911,0.6565656565656565,0.38775510204081637,-39.57977928476203,6.467259116322109e-18
15.510204081632654,1.02882764781018,0.028419947983610284,0.666666666666667,0.38775510204081637,-39.57991700305697,6.46636851775096e-18
15.510204081632654,1.142836708073,0.1335135120285407,0.6767676767676766,0.38775510204081637,-39.58003905729591,6.465579318226352e-18
15.510204081632654,1.2694796296533,0.23860707607348014,0.686868686868687,0.38775510204081637,-39.58014627137795,6.464886154234055e-18
15.510204081632654,1.41015642805352,0.3437006401184105,0.6969696969696967,0.38775510204081637,-39.58023941323059,6.464284030802393e-18
15.510204081632654,1.56642226084696,0.44879420416335164,0.7070707070707073,0.38775510204081637,-39.58031919866972,6.463768295636709e-18
15.510204081632654,1.74000461967455,0.5538877682082868,0.7171717171717173,0.38775510204081637,-39.58038629498245,6.463334615167052e-18
15.510204081632654,1.93282242736499,0.6589813322532224,0.7272727272727274,0.38775510204081637,-39.58044132425339,6.462978952361365e-18
15.510204081632654,2.14700725129329,0.7640748962981553,0.7373737373737373,0.38775510204081637,-39.580484866452785,6.462697546169717e-18
15.510204081632654,2.38492686748792,0.8691684603430914,0.7474747474747475,0.38775510204081637,-39.5805174623041,6.46248689247464e-18
15.510204081632654,2.64921143598352,0.9742620243880249,0.7575757575757573,0.38775510204081637,-39.58053961594706,6.4623437264332254e-18
15.510204081632654,2.94278257678333,1.0793555884329629,0.7676767676767676,0.38775510204081637,-39.58055179741101,6.462265006105547e-18
15.510204081632654,3.26888566786082,1.184449152477898,0.7777777777777777,0.38775510204081637,-39.58055444491235,6.462247897272932e-18
15.510204081632654,3.63112572224959,1.289542716522833,0.7878787878787878,0.38775510204081637,-39.580547966989016,6.462289759354975e-18
15.510204081632654,4.0335072408363,1.3946362805677694,0.797979797979798,0.38775510204081637,-39.58053274448358,6.462388132344727e-18
15.510204081632654,4.48047848142245,1.4997298446127043,0.808080808080808,0.38775510204081637,-39.5805091323861,6.462540724684761e-18
15.510204081632654,4.97698063344183,1.6048234086576407,0.8181818181818182,0.38775510204081637,-39.58047746154687,6.462745402014188e-18
15.510204081632654,5.52850244195146,1.7099169727025751,0.8282828282828283,0.38775510204081637,-39.5804380402684,6.4630001767221186e-18
15.510204081632654,6.14114088475497,1.8150105367475111,0.8383838383838383,0.38775510204081637,-39.58039115578539,6.463303198247515e-18
15.510204081632654,6.8216685734332,1.9201041007924453,0.8484848484848483,0.38775510204081637,-39.580337075640756,6.463652744070964e-18
15.510204081632654,7.57760862338904,2.0251976648373815,0.8585858585858586,0.38775510204081637,-39.580276048965196,6.4640472113462995e-18
15.510204081632654,8.41731782058148,2.1302912288823177,0.8686868686868686,0.38775510204081637,-39.580208307667256,6.464485109126056e-18
15.510204081632654,9.35007900434302,2.2353847929272526,0.8787878787878787,0.38775510204081637,-39.58013406754028,6.4649650511366594e-18
15.510204081632654,10.3862036875563,2.3404783569721936,0.8888888888888893,0.38775510204081637,-39.580053529292194,6.4654857490635755e-18
15.510204081632654,11.5371460486378,2.445571921017128,0.8989898989898993,0.38775510204081637,-39.57996687950368,6.4660460063091084e-18
15.510204081632654,12.8156295554912,2.550665485062058,0.909090909090909,0.38775510204081637,-39.57987429151983,6.4666447121883746e-18
15.510204081632654,14.2357876212352,2.6557590491069942,0.919191919191919,0.38775510204081637,-39.579775926280085,6.4672808365315756e-18
15.510204081632654,15.8133198466305,2.7608526131519304,0.9292929292929293,0.38775510204081637,-39.57967193309069,6.467953424664188e-18
15.510204081632654,17.5656655764397,2.865946177196865,0.9393939393939392,0.38775510204081637,-39.579562450343964,6.4686615927361804e-18
15.510204081632654,19.5121966883548,2.9710397412417997,0.9494949494949493,0.38775510204081637,-39.579447606188,6.469404523376836e-18
15.510204081632654,21.6744317457404,3.0761333052867346,0.9595959595959593,0.38775510204081637,-39.5793275191504,6.4701814616502646e-18
15.510204081632654,24.0762738816144,3.1812268693316703,0.9696969696969694,0.38775510204081637,-39.57920229871923,6.470991711291457e-18
15.510204081632654,26.744275043632,3.2863204333766105,0.97979797979798,0.38775510204081637,-39.57907204588424,6.471834631202228e-18
15.510204081632654,29.707929521255,3.3914139974215445,0.98989898989899,0.38775510204081637,-39.578936853641174,6.472709632188102e-18
15.510204081632654,33.0,3.4965075614664802,1.0,0.38775510204081637,-39.578796807461764,6.473616173919895e-18
16.3265306122449,0.001,-6.907755278982137,0.0,0.40816326530612246,-39.34958117903156,8.141305067461111e-18
16.3265306122449,0.001110814537795,-6.802661714937222,0.010101010101008117,0.40816326530612246,-39.36481096965283,8.018254094603886e-18
16.3265306122449,0.0012339089373767,-6.697568150892323,0.020202020202014698,0.40816326530612246,-39.37905932093103,7.904817256696653e-18
16.3265306122449,0.0013706439859533,-6.592474586847349,0.030303030303028534,0.40816326530612246,-39.392386688342704,7.800165766227079e-18
16.3265306122449,0.0015225312657382,-6.487381022802441,0.04040404040403597,0.40816326530612246,-39.40485034042805,7.703550553807493e-18
16.3265306122449,0.0016912498642295,-6.382287458757476,0.05050505050504887,0.40816326530612246,-39.416504436862944,7.614293746701929e-18
16.3265306122449,0.00187866493623,-6.277193894712534,0.06060606060605963,0.40816326530612246,-39.4274001207911,7.531781140634742e-18
16.3265306122449,0.00208684832281,-6.172100330667619,0.07070707070706775,0.40816326530612246,-39.43758562189537,7.45545554260302e-18
16.3265306122449,0.0023181014551505,-6.067006766622687,0.08080808080807748,0.40816326530612246,-39.44710636722049,7.384810877659827e-18
16.3265306122449,0.002574980796465,-5.961913202577741,0.0909090909090886,0.40816326530612246,-39.456005097232385,7.319386966061987e-18
16.3265306122449,0.0028603261032564,-5.856819638532781,0.10101010101010106,0.40816326530612246,-39.464321985013264,7.258764888984966e-18
16.3265306122449,0.0031772918183317,-5.751726074487876,0.11111111111110823,0.40816326530612246,-39.47209475685335,7.202562871350114e-18
16.3265306122449,0.0035293819426201,-5.646632510442922,0.1212121212121201,0.40816326530612246,-39.47935881281288,7.150432619361814e-18
16.3265306122449,0.0039204887712936,-5.541538946397998,0.13131313131312908,0.40816326530612246,-39.4861473460984,7.102056058249833e-18
16.3265306122449,0.0043549359224151,-5.436445382353058,0.14141414141413966,0.40816326530612246,-39.49249146032885,7.057142422602184e-18
16.3265306122449,0.0048375261337845,-5.331351818308116,0.15151515151515035,0.40816326530612246,-39.49842028396439,7.015425657677198e-18
16.3265306122449,0.0053735943563712,-5.2262582542631755,0.16161616161616094,0.40816326530612246,-39.50396108133844,6.976662095309086e-18
16.3265306122449,0.0059690667312704,-5.121164690218244,0.17171717171717069,0.40816326530612246,-39.50913935987494,6.940628372570051e-18
16.3265306122449,0.0066305261021638,-5.016071126173304,0.18181818181818118,0.40816326530612246,-39.51397897319141,6.907119565311586e-18
16.3265306122449,0.0073652847875129,-4.910977562128371,0.19191919191919102,0.40816326530612246,-39.518502219886976,6.875947512152868e-18
16.3265306122449,0.0081814654169699,-4.80588399808343,0.20202020202020168,0.40816326530612246,-39.52272993789668,6.846939307483371e-18
16.3265306122449,0.0090880907256374,-4.700790434038493,0.21212121212121193,0.40816326530612246,-39.526681594360376,6.8199359446584704e-18
16.3265306122449,0.0100951832988382,-4.595696869993551,0.22222222222222263,0.40816326530612246,-39.53037537100901,6.79479109284382e-18
16.3265306122449,0.0112138763700549,-4.490603305948624,0.23232323232323193,0.40816326530612246,-39.53382824511519,6.771369992946641e-18
16.3265306122449,0.0124565368968931,-4.385509741903686,0.24242424242424226,0.40816326530612246,-39.53705606608978,6.74954845980409e-18
16.3265306122449,0.013836902275649,-4.280416177858747,0.2525252525252527,0.40816326530612246,-39.540073627833515,6.7292119793085435e-18
16.3265306122449,0.0153702322058399,-4.175322613813814,0.26262626262626254,0.40816326530612246,-39.54289473697297,6.710254890473424e-18
16.3265306122449,0.0170734773835322,-4.07022904976888,0.2727272727272725,0.40816326530612246,-39.545532277126334,6.692579643593826e-18
16.3265306122449,0.0189654668883421,-3.9651354857239447,0.2828282828282826,0.40816326530612246,-39.54799826935445,6.67609612667216e-18
16.3265306122449,0.0210671163356406,-3.8600419216790063,0.292929292929293,0.40816326530612246,-39.55030392896027,6.6607210531625475e-18
16.3265306122449,0.0234016590950486,-3.7549483576340705,0.3030303030303031,0.40816326530612246,-39.55245971880373,6.6463774048667434e-18
16.3265306122449,0.0259949031313031,-3.649854793589135,0.3131313131313132,0.40816326530612246,-39.55447539930069,6.632993924497884e-18
16.3265306122449,0.0288755163068248,-3.5447612295442013,0.32323232323232315,0.40816326530612246,-39.556360075273815,6.620504653030267e-18
16.3265306122449,0.0320753432999582,-3.4396676654992664,0.33333333333333315,0.40816326530612246,-39.5581222398218,6.608848507480409e-18
16.3265306122449,0.0356297576423598,-3.3345741014543298,0.34343434343434337,0.40816326530612246,-39.55976981536945,6.5979688952339735e-18
16.3265306122449,0.0395780527672466,-3.229480537409394,0.3535353535353535,0.40816326530612246,-39.56131019205706,6.5878133614439984e-18
16.3265306122449,0.0439638763914761,-3.1243869733644574,0.3636363636363637,0.40816326530612246,-39.56275026362236,6.578333266390629e-18
16.3265306122449,0.048835713033475,-3.019293409319523,0.3737373737373737,0.40816326530612246,-39.56409646092291,6.569483490014334e-18
16.3265306122449,0.0542474200011699,-2.914199845274587,0.3838383838383838,0.40816326530612246,-39.56535478324052,6.561222161120998e-18
16.3265306122449,0.060258822775172,-2.8091062812296523,0.3939393939393938,0.40816326530612246,-39.5665308275033,6.5535104090113465e-18
16.3265306122449,0.0669363763690749,-2.7040127171847166,0.404040404040404,0.40816326530612246,-39.567629815554504,6.546312135511175e-18
16.3265306122449,0.0743538999780876,-2.5989191531397813,0.4141414141414141,0.40816326530612246,-39.56865661959098,6.5395938055808096e-18
16.3265306122449,0.0825933930374168,-2.493825589094845,0.42424242424242425,0.40816326530612246,-39.5696157858876,6.533324254860468e-18
16.3265306122449,0.0917459417117808,-2.38873202504991,0.4343434343434343,0.40816326530612246,-39.57051155691798,6.527474512666843e-18
16.3265306122449,0.101912725837141,-2.283638461004973,0.44444444444444453,0.40816326530612246,-39.57134789197542,6.52201763910074e-18
16.3265306122449,0.113206137446215,-2.1785448969600347,0.4545454545454549,0.40816326530612246,-39.57212848639245,6.5169285750497886e-18
16.3265306122449,0.125751023242877,-2.0734513329151003,0.46464646464646486,0.40816326530612246,-39.57285678945105,6.512184003988424e-18
16.3265306122449,0.139686064760787,-1.9683577688701692,0.47474747474747453,0.40816326530612246,-39.57353602107083,6.507762224575303e-18
16.3265306122449,0.155165311463659,-1.8632642048252352,0.48484848484848453,0.40816326530612246,-39.57416918735651,6.503643033143659e-18
16.3265306122449,0.172359883735326,-1.7581706407802946,0.49494949494949514,0.40816326530612246,-39.5747590950813,6.4998076152616895e-18
16.3265306122449,0.19145986458586,-1.6530770767353593,0.5050505050505052,0.40816326530612246,-39.57530836517812,6.496238445612364e-18
16.3265306122449,0.212676400986239,-1.5479835126904273,0.5151515151515149,0.40816326530612246,-39.57581944530556,6.4929191955132954e-18
16.3265306122449,0.236244038061438,-1.442889948645492,0.5252525252525251,0.40816326530612246,-39.576294621551845,6.4898346474525754e-18
16.3265306122449,0.262423311946047,-1.3377963846005527,0.5353535353535355,0.40816326530612246,-39.576736029335144,6.486970616076239e-18
16.3265306122449,0.291503629965987,-1.2327028205556183,0.5454545454545455,0.40816326530612246,-39.57714566355566,6.484313875107562e-18
16.3265306122449,0.323806469986239,-1.1276092565106834,0.5555555555555556,0.40816326530612246,-39.577525388050375,6.4818520897274565e-18
16.3265306122449,0.359688934292802,-1.0225156924657481,0.5656565656565656,0.40816326530612246,-39.57787694439863,6.479573753982016e-18
16.3265306122449,0.399547697296443,-0.9174221284208132,0.5757575757575757,0.40816326530612246,-39.57820196012316,6.4774681328222646e-18
16.3265306122449,0.443823390699414,-0.8123285643758777,0.5858585858585857,0.40816326530612246,-39.578501956328154,6.4755252084139936e-18
16.3265306122449,0.49300547460239,-0.707235000330941,0.5959595959595959,0.40816326530612246,-39.57877835481343,6.473735630384741e-18
16.3265306122449,0.547637648400869,-0.6021414362860068,0.606060606060606,0.40816326530612246,-39.57903248470061,6.472090669705035e-18
16.3265306122449,0.608323861287565,-0.49704787224107067,0.6161616161616161,0.40816326530612246,-39.5792655886054,6.4705821759224965e-18
16.3265306122449,0.67573498880583,-0.39195430819613525,0.6262626262626262,0.40816326530612246,-39.5794788283871,6.469202537493952e-18
16.3265306122449,0.750616249262273,-0.2868607441511999,0.6363636363636362,0.40816326530612246,-39.57967329050475,6.4679446449792044e-18
16.3265306122449,0.833795441985706,-0.18176718010626372,0.6464646464646464,0.40816326530612246,-39.57984999100723,6.4668018568790205e-18
16.3265306122449,0.926192098504948,-0.07667361606132911,0.6565656565656565,0.40816326530612246,-39.58000988018241,6.4657679679201024e-18
16.3265306122449,1.02882764781018,0.028419947983610284,0.666666666666667,0.40816326530612246,-39.58015384688935,6.464837179600773e-18
16.3265306122449,1.142836708073,0.1335135120285407,0.6767676767676766,0.40816326530612246,-39.58028272259512,6.464004072831333e-18
16.3265306122449,1.2694796296533,0.23860707607348014,0.686868686868687,0.40816326530612246,-39.580397285136925,6.463263582511558e-18
16.3265306122449,1.41015642805352,0.3437006401184105,0.6969696969696967,0.40816326530612246,-39.58049826222855,6.4626109739023926e-18
16.3265306122449,1.56642226084696,0.44879420416335164,0.7070707070707073,0.40816326530612246,-39.58058633472867,6.462041820660363e-18
16.3265306122449,1.74000461967455,0.5538877682082868,0.7171717171717173,0.40816326530612246,-39.580662139687604,6.4615519844117725e-18
16.3265306122449,1.93282242736499,0.6589813322532224,0.7272727272727274,0.40816326530612246,-39.580726273187814,6.461137595754462e-18
16.3265306122449,2.14700725129329,0.7640748962981553,0.7373737373737373,0.40816326530612246,-39.58077929299238,6.460795036583138e-18
16.3265306122449,2.38492686748792,0.8691684603430914,0.7474747474747475,0.40816326530612246,-39.5808217210146,6.46052092364285e-18
16.3265306122449,2.64921143598352,0.9742620243880249,0.7575757575757573,0.40816326530612246,-39.58085404562123,6.460312093220575e-18
16.3265306122449,2.94278257678333,1.0793555884329629,0.7676767676767676,0.40816326530612246,-39.5808767237807,6.4601655868939674e-18
16.3265306122449,3.26888566786082,1.184449152477898,0.7777777777777777,0.40816326530612246,-39.58089018306689,6.460078638261607e-18
16.3265306122449,3.63112572224959,1.289542716522833,0.7878787878787878,0.40816326530612246,-39.58089482352867,6.460048660583133e-18
16.3265306122449,4.0335072408363,1.3946362805677694,0.797979797979798,0.40816326530612246,-39.58089101943399,6.46007323526663e-18
16.3265306122449,4.48047848142245,1.4997298446127043,0.808080808080808,0.40816326530612246,-39.580879120897585,6.4601501011405056e-18
16.3265306122449,4.97698063344183,1.6048234086576407,0.8181818181818182,0.40816326530612246,-39.580859455399874,6.460277144456708e-18
16.3265306122449,5.52850244195146,1.7099169727025751,0.8282828282828283,0.40816326530612246,-39.58083232920476,6.460452389571876e-18
16.3265306122449,6.14114088475497,1.8150105367475111,0.8383838383838383,0.40816326530612246,-39.58079802868299,6.460673990260188e-18
16.3265306122449,6.8216685734332,1.9201041007924453,0.8484848484848483,0.40816326530612246,-39.580756821547816,6.460940221611911e-18
16.3265306122449,7.57760862338904,2.0251976648373815,0.8585858585858586,0.40816326530612246,-39.58070895800857,6.4612494724786225e-18
16.3265306122449,8.41731782058148,2.1302912288823177,0.8686868686868686,0.40816326530612246,-39.58065467184807,6.461600238425288e-18
16.3265306122449,9.35007900434302,2.2353847929272526,0.8787878787878787,0.40816326530612246,-39.58059418142877,6.461991115155096e-18
16.3265306122449,10.3862036875563,2.3404783569721936,0.8888888888888893,0.40816326530612246,-39.58052769063263,6.462420792373648e-18
16.3265306122449,11.5371460486378,2.445571921017128,0.8989898989898993,0.40816326530612246,-39.580455389739114,6.462888048062498e-18
16.3265306122449,12.8156295554912,2.550665485062058,0.909090909090909,0.40816326530612246,-39.580377456245536,6.4633917431337936e-18
16.3265306122449,14.2357876212352,2.6557590491069942,0.919191919191919,0.40816326530612246,-39.580294055633686,6.463930816439003e-18
16.3265306122449,15.8133198466305,2.7608526131519304,0.9292929292929293,0.40816326530612246,-39.58020534208614,6.464504280109457e-18
16.3265306122449,17.5656655764397,2.865946177196865,0.9393939393939392,0.40816326530612246,-39.580111459155965,6.465111215203367e-18
16.3265306122449,19.5121966883548,2.9710397412417997,0.9494949494949493,0.40816326530612246,-39.580012540392694,6.465750767640532e-18
16.3265306122449,21.6744317457404,3.0761333052867346,0.9595959595959593,0.40816326530612246,-39.5799087099275,6.466422144404635e-18
16.3265306122449,24.0762738816144,3.1812268693316703,0.9696969696969694,0.40816326530612246,-39.57980008302058,6.467124609993674e-18
16.3265306122449,26.744275043632,3.2863204333766105,0.97979797979798,0.40816326530612246,-39.579686766572834,6.4678574831041086e-18
16.3265306122449,29.707929521255,3.3914139974215445,0.98989898989899,0.40816326530612246,-39.57956885960463,6.46862013353075e-18
16.3265306122449,33.0,3.4965075614664802,1.0,0.40816326530612246,-39.57944645370353,6.469411979269344e-18
17.142857142857142,0.001,-6.907755278982137,0.0,0.42857142857142855,-39.381759840723184,7.883498939466233e-18
17.142857142857142,0.001110814537795,-6.802661714937222,0.010101010101008117,0.42857142857142855,-39.39421495588576,7.785918004654934e-18
17.142857142857142,0.0012339089373767,-6.697568150892323,0.020202020202014698,0.42857142857142855,-39.40590628454746,7.695420328188998e-18
17.142857142857142,0.0013706439859533,-6.592474586847349,0.030303030303028534,0.42857142857142855,-39.416879245237084,7.611440380408698e-18
17.142857142857142,0.0015225312657382,-6.487381022802441,0.04040404040403597,0.42857142857142855,-39.427176844637664,7.53346299550839e-18
17.142857142857142,0.0016912498642295,-6.382287458757476,0.05050505050504887,0.42857142857142855,-39.436839757893786,7.461018372807188e-18
17.142857142857142,0.00187866493623,-6.277193894712534,0.06060606060605963,0.42857142857142855,-39.44590641415649,7.393677622874673e-18
17.142857142857142,0.00208684832281,-6.172100330667619,0.07070707070706775,0.42857142857142855,-39.45441308568231,7.331048795071577e-18
17.142857142857142,0.0023181014551505,-6.067006766622687,0.08080808080807748,0.42857142857142855,-39.462393979069574,7.272773330674837e-18
17.142857142857142,0.002574980796465,-5.961913202577741,0.0909090909090886,0.42857142857142855,-39.46988132744931,7.218522892468016e-18
17.142857142857142,0.0028603261032564,-5.856819638532781,0.10101010101010106,0.42857142857142855,-39.47690548265219,7.16799652759227e-18
17.142857142857142,0.0031772918183317,-5.751726074487876,0.11111111111110823,0.42857142857142855,-39.48349500655044,7.120918125650864e-18
17.142857142857142,0.0035293819426201,-5.646632510442922,0.1212121212121201,0.42857142857142855,-39.4896767609264,7.077034138629963e-18
17.142857142857142,0.0039204887712936,-5.541538946397998,0.13131313131312908,0.42857142857142855,-39.495475995351335,7.036111533207205e-18
17.142857142857142,0.0043549359224151,-5.436445382353058,0.14141414141413966,0.42857142857142855,-39.500916432670586,6.997935949535748e-18
17.142857142857142,0.0048375261337845,-5.331351818308116,0.15151515151515035,0.42857142857142855,-39.506020351787,6.962310043676282e-18
17.142857142857142,0.0053735943563712,-5.2262582542631755,0.16161616161616094,0.42857142857142855,-39.51080866751591,6.929051993551801e-18
17.142857142857142,0.0059690667312704,-5.121164690218244,0.17171717171717069,0.42857142857142855,-39.51530100735297,6.897994150672351e-18
17.142857142857142,0.0066305261021638,-5.016071126173304,0.18181818181818118,0.42857142857142855,-39.51951578505395,6.868981821951432e-18
17.142857142857142,0.0073652847875129,-4.910977562128371,0.19191919191919102,0.42857142857142855,-39.52347027097242,6.841872167763464e-18
17.142857142857142,0.0081814654169699,-4.80588399808343,0.20202020202020168,0.42857142857142855,-39.527180659141194,6.816533203985693e-18
17.142857142857142,0.0090880907256374,-4.700790434038493,0.21212121212121193,0.42857142857142855,-39.53066213111494,6.7928428971760166e-18
17.142857142857142,0.0100951832988382,-4.595696869993551,0.22222222222222263,0.42857142857142855,-39.533928916617384,6.770688343269451e-18
17.142857142857142,0.0112138763700549,-4.490603305948624,0.23232323232323193,0.42857142857142855,-39.53699435105743,6.749965021259568e-18
17.142857142857142,0.0124565368968931,-4.385509741903686,0.24242424242424226,0.42857142857142855,-39.53987092999421,6.730576114285918e-18
17.142857142857142,0.013836902275649,-4.280416177858747,0.2525252525252527,0.42857142857142855,-39.542570360644,6.712431891385935e-18
17.142857142857142,0.0153702322058399,-4.175322613813814,0.26262626262626254,0.42857142857142855,-39.545103610530724,6.69544914391102e-18
17.142857142857142,0.0170734773835322,-4.07022904976888,0.2727272727272725,0.42857142857142855,-39.547480953388465,6.67955067125744e-18
17.142857142857142,0.0189654668883421,-3.9651354857239447,0.2828282828282826,0.42857142857142855,-39.54971201242877,6.664664811138234e-18
17.142857142857142,0.0210671163356406,-3.8600419216790063,0.292929292929293,0.42857142857142855,-39.55180580108779,6.650725010131765e-18
17.142857142857142,0.0234016590950486,-3.7549483576340705,0.3030303030303031,0.42857142857142855,-39.55377076136933,6.637669430691641e-18
17.142857142857142,0.0259949031313031,-3.649854793589135,0.3131313131313132,0.42857142857142855,-39.55561479989969,6.625440591200547e-18
17.142857142857142,0.0288755163068248,-3.5447612295442013,0.32323232323232315,0.42857142857142855,-39.557345321808434,6.613985036005872e-18
17.142857142857142,0.0320753432999582,-3.4396676654992664,0.33333333333333315,0.42857142857142855,-39.55896926254755,6.603253032685226e-18
17.142857142857142,0.0356297576423598,-3.3345741014543298,0.34343434343434337,0.42857142857142855,-39.56049311775865,6.593198294069798e-18
17.142857142857142,0.0395780527672466,-3.229480537409394,0.3535353535353535,0.42857142857142855,-39.561922971294166,6.583777722802222e-18
17.142857142857142,0.0439638763914761,-3.1243869733644574,0.3636363636363637,0.42857142857142855,-39.56326452149553,6.5749511764237796e-18
17.142857142857142,0.048835713033475,-3.019293409319523,0.3737373737373737,0.42857142857142855,-39.564523105827,6.566681251183792e-18
17.142857142857142,0.0542474200011699,-2.914199845274587,0.3838383838383838,0.42857142857142855,-39.565703723960205,6.5589330829376215e-18
17.142857142857142,0.060258822775172,-2.8091062812296523,0.3939393939393938,0.42857142857142855,-39.56681105939972,6.551674163660505e-18
17.142857142857142,0.0669363763690749,-2.7040127171847166,0.404040404040404,0.42857142857142855,-39.56784949973652,6.5448741722391544e-18
17.142857142857142,0.0743538999780876,-2.5989191531397813,0.4141414141414141,0.42857142857142855,-39.56882315561166,6.538504818331892e-18
17.142857142857142,0.0825933930374168,-2.493825589094845,0.42424242424242425,0.42857142857142855,-39.569735878468144,6.5325396982018244e-18
17.142857142857142,0.0917459417117808,-2.38873202504991,0.4343434343434343,0.42857142857142855,-39.57059127716555,6.526954161524226e-18
17.142857142857142,0.101912725837141,-2.283638461004973,0.44444444444444453,0.42857142857142855,-39.57139273352736,6.521725188265046e-18
17.142857142857142,0.113206137446215,-2.1785448969600347,0.4545454545454549,0.42857142857142855,-39.5721434168876,6.516831274805692e-18
17.142857142857142,0.125751023242877,-2.0734513329151003,0.46464646464646486,0.42857142857142855,-39.57284629769928,6.5122523285649165e-18
17.142857142857142,0.139686064760787,-1.9683577688701692,0.47474747474747453,0.42857142857142855,-39.57350416026403,6.507969570433326e-18
17.142857142857142,0.155165311463659,-1.8632642048252352,0.48484848484848453,0.42857142857142855,-39.57411961463833,6.5039654443982385e-18
17.142857142857142,0.172359883735326,-1.7581706407802946,0.49494949494949514,0.42857142857142855,-39.574695107768974,6.500223533788222e-18
17.142857142857142,0.19145986458586,-1.6530770767353593,0.5050505050505052,0.42857142857142855,-39.57523293390698,6.496728483617775e-18
17.142857142857142,0.212676400986239,-1.5479835126904273,0.5151515151515149,0.42857142857142855,-39.57573524434627,6.493465928555569e-18
17.142857142857142,0.236244038061438,-1.442889948645492,0.5252525252525251,0.42857142857142855,-39.5762040565305,6.4904224260816404e-18
17.142857142857142,0.262423311946047,-1.3377963846005527,0.5353535353535355,0.42857142857142855,-39.576641262569204,6.4875853944320924e-18
17.142857142857142,0.291503629965987,-1.2327028205556183,0.5454545454545455,0.42857142857142855,-39.57704863720098,6.484943054968488e-18
17.142857142857142,0.323806469986239,-1.1276092565106834,0.5555555555555556,0.42857142857142855,-39.577427845240145,6.482484378632906e-18
17.142857142857142,0.359688934292802,-1.0225156924657481,0.5656565656565656,0.42857142857142855,-39.57778044854004,6.480199036182806e-18
17.142857142857142,0.399547697296443,-0.9174221284208132,0.5757575757575757,0.42857142857142855,-39.57810791250483,6.478077351920338e-18
17.142857142857142,0.443823390699414,-0.8123285643758777,0.5858585858585857,0.42857142857142855,-39.57841161217885,6.4761102606578865e-18
17.142857142857142,0.49300547460239,-0.707235000330941,0.5959595959595959,0.42857142857142855,-39.57869283794159,6.474289267677309e-18
17.142857142857142,0.547637648400869,-0.6021414362860068,0.606060606060606,0.42857142857142855,-39.57895280083362,6.472606411465001e-18
17.142857142857142,0.608323861287565,-0.49704787224107067,0.6161616161616161,0.42857142857142855,-39.579192637537965,6.471054229017351e-18
17.142857142857142,0.67573498880583,-0.39195430819613525,0.6262626262626262,0.42857142857142855,-39.57941341503924,6.469625723530784e-18
17.142857142857142,0.750616249262273,-0.2868607441511999,0.6363636363636362,0.42857142857142855,-39.5796161349819,6.4683143343019666e-18
17.142857142857142,0.833795441985706,-0.18176718010626372,0.6464646464646464,0.42857142857142855,-39.579801737747026,6.4671139086804025e-18
17.142857142857142,0.926192098504948,-0.07667361606132911,0.6565656565656565,0.42857142857142855,-39.579971106266356,6.466018675924942e-18
17.142857142857142,1.02882764781018,0.028419947983610284,0.666666666666667,0.42857142857142855,-39.580125069590615,6.465023222828479e-18
17.142857142857142,1.142836708073,0.1335135120285407,0.6767676767676766,0.42857142857142855,-39.58026440622831,6.464122470985317e-18
17.142857142857142,1.2694796296533,0.23860707607348014,0.686868686868687,0.42857142857142855,-39.580389847269906,6.463311655585375e-18
17.142857142857142,1.41015642805352,0.3437006401184105,0.6969696969696967,0.42857142857142855,-39.580502079311685,6.4625863056261284e-18
17.142857142857142,1.56642226084696,0.44879420416335164,0.7070707070707073,0.42857142857142855,-39.580601747192084,6.46194222544474e-18
17.142857142857142,1.74000461967455,0.5538877682082868,0.7171717171717173,0.42857142857142855,-39.580689456552946,6.461375477477132e-18
17.142857142857142,1.93282242736499,0.6589813322532224,0.7272727272727274,0.42857142857142855,-39.58076577623718,6.4608823661582705e-18
17.142857142857142,2.14700725129329,0.7640748962981553,0.7373737373737373,0.42857142857142855,-39.58083124053331,6.460459422885797e-18
17.142857142857142,2.38492686748792,0.8691684603430914,0.7474747474747475,0.42857142857142855,-39.58088635127702,6.460103391972908e-18
17.142857142857142,2.64921143598352,0.9742620243880249,0.7575757575757573,0.42857142857142855,-39.58093157981913,6.459811217521996e-18
17.142857142857142,2.94278257678333,1.0793555884329629,0.7676767676767676,0.42857142857142855,-39.58096736886841,6.459580031157001e-18
17.142857142857142,3.26888566786082,1.184449152477898,0.7777777777777777,0.42857142857142855,-39.58099413421758,6.459407140555685e-18
17.142857142857142,3.63112572224959,1.289542716522833,0.7878787878787878,0.42857142857142855,-39.581012266360155,6.459290018726324e-18
17.142857142857142,4.0335072408363,1.3946362805677694,0.797979797979798,0.42857142857142855,-39.58102213200484,6.459226293980424e-18
17.142857142857142,4.48047848142245,1.4997298446127043,0.808080808080808,0.42857142857142855,-39.581024075494625,6.459213740552301e-18
17.142857142857142,4.97698063344183,1.6048234086576407,0.8181818181818182,0.42857142857142855,-39.58101842013632,6.459250269823683e-18
17.142857142857142,5.52850244195146,1.7099169727025751,0.8282828282828283,0.42857142857142855,-39.58100546944652,6.459333922111948e-18
17.142857142857142,6.14114088475497,1.8150105367475111,0.8383838383838383,0.42857142857142855,-39.58098550831938,6.459462858984446e-18
17.142857142857142,6.8216685734332,1.9201041007924453,0.8484848484848483,0.42857142857142855,-39.58095880412118,6.459635356064076e-18
17.142857142857142,7.57760862338904,2.0251976648373815,0.8585858585858586,0.42857142857142855,-39.580925607716416,6.459849796293291e-18
17.142857142857142,8.41731782058148,2.1302912288823177,0.8686868686868686,0.42857142857142855,-39.58088615442983,6.460104663626274e-18
17.142857142857142,9.35007900434302,2.2353847929272526,0.8787878787878787,0.42857142857142855,-39.58084066494845,6.4603985371211086e-18
17.142857142857142,10.3862036875563,2.3404783569721936,0.8888888888888893,0.42857142857142855,-39.580789346167556,6.460730085405355e-18
17.142857142857142,11.5371460486378,2.445571921017128,0.8989898989898993,0.42857142857142855,-39.580732391984036,6.461098061491105e-18
17.142857142857142,12.8156295554912,2.550665485062058,0.909090909090909,0.42857142857142855,-39.5806699840406,6.4615012979159264e-18
17.142857142857142,14.2357876212352,2.6557590491069942,0.919191919191919,0.42857142857142855,-39.58060229242393,6.461938702188993e-18
17.142857142857142,15.8133198466305,2.7608526131519304,0.9292929292929293,0.42857142857142855,-39.58052947631972,6.462409252522573e-18
17.142857142857142,17.5656655764397,2.865946177196865,0.9393939393939392,0.42857142857142855,-39.580451684627285,6.4629119938298204e-18
17.142857142857142,19.5121966883548,2.9710397412417997,0.9494949494949493,0.42857142857142855,-39.58036905653639,6.46344603397254e-18
17.142857142857142,21.6744317457404,3.0761333052867346,0.9595959595959593,0.42857142857142855,-39.580281722068655,6.464010540241725e-18
17.142857142857142,24.0762738816144,3.1812268693316703,0.9696969696969694,0.42857142857142855,-39.58018980258573,6.464604736056884e-18
17.142857142857142,26.744275043632,3.2863204333766105,0.97979797979798,0.42857142857142855,-39.580093411266354,6.465227897869838e-18
17.142857142857142,29.707929521255,3.3914139974215445,0.98989898989899,0.42857142857142855,-39.57999265355433,6.4658793522595316e-18
17.142857142857142,33.0,3.4965075614664802,1.0,0.42857142857142855,-39.57988762757916,6.4665584732058565e-18
17.95918367346939,0.001,-6.907755278982137,0.0,0.44897959183673475,-39.408008143102045,7.679262629687968e-18
17.95918367346939,0.001110814537795,-6.802661714937222,0.010101010101008117,0.44897959183673475,-39.41824386396369,7.601060750058863e-18
17.95918367346939,0.0012339089373767,-6.697568150892323,0.020202020202014698,0.44897959183673475,-39.42788435216193,7.528134898811779e-18
17.95918367346939,0.0013706439859533,-6.592474586847349,0.030303030303028534,0.44897959183673475,-39.436963586637674,7.460094541473574e-18
17.95918367346939,0.0015225312657382,-6.487381022802441,0.04040404040403597,0.44897959183673475,-39.44551375671704,7.396581375450895e-18
17.95918367346939,0.0016912498642295,-6.382287458757476,0.05050505050504887,0.44897959183673475,-39.45356533115554,7.337266359985624e-18
17.95918367346939,0.00187866493623,-6.277193894712534,0.06060606060605963,0.44897959183673475,-39.46114712844014,7.281847048289662e-18
17.95918367346939,0.00208684832281,-6.172100330667619,0.07070707070706775,0.44897959183673475,-39.46828638757403,7.230045188712101e-18
17.95918367346939,0.0023181014551505,-6.067006766622687,0.08080808080807748,0.44897959183673475,-39.47500883869825,7.181604565590394e-18
17.95918367346939,0.002574980796465,-5.961913202577741,0.0909090909090886,0.44897959183673475,-39.48133877301803,7.136289053794894e-18
17.95918367346939,0.0028603261032564,-5.856819638532781,0.10101010101010106,0.44897959183673475,-39.48729911159978,7.093880863950175e-18
17.95918367346939,0.0031772918183317,-5.751726074487876,0.11111111111110823,0.44897959183673475,-39.49291147268996,7.054178957940029e-18
17.95918367346939,0.0035293819426201,-5.646632510442922,0.1212121212121201,0.44897959183673475,-39.49819623728046,7.016997616621695e-18
17.95918367346939,0.0039204887712936,-5.541538946397998,0.13131313131312908,0.44897959183673475,-39.503172612707694,6.982165143723973e-18
17.95918367346939,0.0043549359224151,-5.436445382353058,0.14141414141413966,0.44897959183673475,-39.5078586941268,6.949522691706674e-18
17.95918367346939,0.0048375261337845,-5.331351818308116,0.15151515151515035,0.44897959183673475,-39.5122715237472,6.91892319695895e-18
17.95918367346939,0.0053735943563712,-5.2262582542631755,0.16161616161616094,0.44897959183673475,-39.516427147754904,6.890230413116716e-18
17.95918367346939,0.0059690667312704,-5.121164690218244,0.17171717171717069,0.44897959183673475,-39.52034067087881,6.863318032526229e-18
17.95918367346939,0.0066305261021638,-5.016071126173304,0.18181818181818118,0.44897959183673475,-39.52402630858527,6.838068886977432e-18
17.95918367346939,0.0073652847875129,-4.910977562128371,0.19191919191919102,0.44897959183673475,-39.52749743690745,6.8143742198008565e-18
17.95918367346939,0.0081814654169699,-4.80588399808343,0.20202020202020168,0.44897959183673475,-39.53076663993421,6.792133022280088e-18
17.95918367346939,0.0090880907256374,-4.700790434038493,0.21212121212121193,0.44897959183673475,-39.533845754997884,6.771251428090406e-18
17.95918367346939,0.0100951832988382,-4.595696869993551,0.22222222222222263,0.44897959183673475,-39.53674591561224,6.7516421601464134e-18
17.95918367346939,0.0112138763700549,-4.490603305948624,0.23232323232323193,0.44897959183673475,-39.53947759222101,6.7332240248345234e-18
17.95918367346939,0.0124565368968931,-4.385509741903686,0.24242424242424226,0.44897959183673475,-39.542050630824484,6.715921449136416e-18
17.95918367346939,0.013836902275649,-4.280416177858747,0.2525252525252527,0.44897959183673475,-39.5444742895566,6.699664056615863e-18
17.95918367346939,0.0153702322058399,-4.175322613813814,0.26262626262626254,0.44897959183673475,-39.54675727328941,6.684386278654251e-18
17.95918367346939,0.0170734773835322,-4.07022904976888,0.2727272727272725,0.44897959183673475,-39.54890776634291,6.670026997695931e-18
17.95918367346939,0.0189654668883421,-3.9651354857239447,0.2828282828282826,0.44897959183673475,-39.55093346338068,6.65652921958502e-18
17.95918367346939,0.0210671163356406,-3.8600419216790063,0.292929292929293,0.44897959183673475,-39.55284159857152,6.6438397723728436e-18
17.95918367346939,0.0234016590950486,-3.7549483576340705,0.3030303030303031,0.44897959183673475,-39.554638973096964,6.6319090292336455e-18
17.95918367346939,0.0259949031313031,-3.649854793589135,0.3131313131313132,0.44897959183673475,-39.556331981083666,6.620690653359626e-18
17.95918367346939,0.0288755163068248,-3.5447612295442013,0.32323232323232315,0.44897959183673475,-39.55792663403832,6.610141362911504e-18
17.95918367346939,0.0320753432999582,-3.4396676654992664,0.33333333333333315,0.44897959183673475,-39.55942858386059,6.600220714289479e-18
17.95918367346939,0.0356297576423598,-3.3345741014543298,0.34343434343434337,0.44897959183673475,-39.56084314450778,6.590890902152547e-18
17.95918367346939,0.0395780527672466,-3.229480537409394,0.3535353535353535,0.44897959183673475,-39.562175312382394,6.582116574763769e-18
17.95918367346939,0.0439638763914761,-3.1243869733644574,0.3636363636363637,0.44897959183673475,-39.5634297855111,6.573864663373454e-18
17.95918367346939,0.048835713033475,-3.019293409319523,0.3737373737373737,0.44897959183673475,-39.564610981581474,6.566104224468155e-18
17.95918367346939,0.0542474200011699,-2.914199845274587,0.3838383838383838,0.44897959183673475,-39.565723054899486,6.5588062938259254e-18
17.95918367346939,0.060258822775172,-2.8091062812296523,0.3939393939393938,0.44897959183673475,-39.5667699123285,6.551943751410232e-18
17.95918367346939,0.0669363763690749,-2.7040127171847166,0.404040404040404,0.44897959183673475,-39.567755228267806,6.545491196223324e-18
17.95918367346939,0.0743538999780876,-2.5989191531397813,0.4141414141414141,0.44897959183673475,-39.56868245872538,6.539424830320676e-18
17.95918367346939,0.0825933930374168,-2.493825589094845,0.42424242424242425,0.44897959183673475,-39.56955485453777,6.5337223512543375e-18
17.95918367346939,0.0917459417117808,-2.38873202504991,0.4343434343434343,0.44897959183673475,-39.57037547378673,6.528362852280298e-18
17.95918367346939,0.101912725837141,-2.283638461004973,0.44444444444444453,0.44897959183673475,-39.57114719345983,6.523326729721448e-18
17.95918367346939,0.113206137446215,-2.1785448969600347,0.4545454545454549,0.44897959183673475,-39.57187272039992,6.5185955969297276e-18
17.95918367346939,0.125751023242877,-2.0734513329151003,0.46464646464646486,0.44897959183673475,-39.57255460158579,6.514152204338916e-18
17.95918367346939,0.139686064760787,-1.9683577688701692,0.47474747474747453,0.44897959183673475,-39.5731952337841,6.509980365142095e-18
17.95918367346939,0.155165311463659,-1.8632642048252352,0.48484848484848453,0.44897959183673475,-39.573796872610465,6.506064886165731e-18
17.95918367346939,0.172359883735326,-1.7581706407802946,0.49494949494949514,0.44897959183673475,-39.574361641035374,6.5023915035505155e-18
17.95918367346939,0.19145986458586,-1.6530770767353593,0.5050505050505052,0.44897959183673475,-39.574891537368686,6.498946822877458e-18
17.95918367346939,0.212676400986239,-1.5479835126904273,0.5151515151515149,0.44897959183673475,-39.57538844275439,6.495718263410501e-18
17.95918367346939,0.236244038061438,-1.442889948645492,0.5252525252525251,0.44897959183673475,-39.57585412820568,6.492694006150518e-18
17.95918367346939,0.262423311946047,-1.3377963846005527,0.5353535353535355,0.44897959183673475,-39.57629026120835,6.489862945422565e-18
17.95918367346939,0.291503629965987,-1.2327028205556183,0.5454545454545455,0.44897959183673475,-39.57669841191915,6.487214643738242e-18
17.95918367346939,0.323806469986239,-1.1276092565106834,0.5555555555555556,0.44897959183673475,-39.57708005898387,6.484739289697138e-18
17.95918367346939,0.359688934292802,-1.0225156924657481,0.5656565656565656,0.44897959183673475,-39.57743659499875,6.482427658707566e-18
17.95918367346939,0.399547697296443,-0.9174221284208132,0.5757575757575757,0.44897959183673475,-39.57776933163712,6.480271076326813e-18
17.95918367346939,0.443823390699414,-0.8123285643758777,0.5858585858585857,0.44897959183673475,-39.578079504462046,6.47826138403287e-18
17.95918367346939,0.49300547460239,-0.707235000330941,0.5959595959595959,0.44897959183673475,-39.57836827744418,6.476390907258555e-18
17.95918367346939,0.547637648400869,-0.6021414362860068,0.606060606060606,0.44897959183673475,-39.578636747203525,6.474652425525568e-18
17.95918367346939,0.608323861287565,-0.49704787224107067,0.6161616161616161,0.44897959183673475,-39.578885946991626,6.4730391445360884e-18
17.95918367346939,0.67573498880583,-0.39195430819613525,0.6262626262626262,0.44897959183673475,-39.57911685043082,6.471544670081853e-18
17.95918367346939,0.750616249262273,-0.2868607441511999,0.6363636363636362,0.44897959183673475,-39.5793303750252,6.470162983648435e-18
17.95918367346939,0.833795441985706,-0.18176718010626372,0.6464646464646464,0.44897959183673475,-39.57952738545769,6.468888419596096e-18
17.95918367346939,0.926192098504948,-0.07667361606132911,0.6565656565656565,0.44897959183673475,-39.57970869668642,6.467715643810147e-18
17.95918367346939,1.02882764781018,0.028419947983610284,0.666666666666667,0.44897959183673475,-39.579875076852815,6.466639633720966e-18
17.95918367346939,1.142836708073,0.1335135120285407,0.6767676767676766,0.44897959183673475,-39.58002725001311,6.465655659600539e-18
17.95918367346939,1.2694796296533,0.23860707607348014,0.686868686868687,0.44897959183673475,-39.580165898704145,6.4647592670499165e-18
17.95918367346939,1.41015642805352,0.3437006401184105,0.6969696969696967,0.44897959183673475,-39.580291666353894,6.463946260596735e-18
17.95918367346939,1.56642226084696,0.44879420416335164,0.7070707070707073,0.44897959183673475,-39.580405159546046,6.4632126883302325e-18
17.95918367346939,1.74000461967455,0.5538877682082868,0.7171717171717173,0.44897959183673475,-39.58050695014803,6.4625548275025486e-18
17.95918367346939,1.93282242736499,0.6589813322532224,0.7272727272727274,0.44897959183673475,-39.5805975773105,6.4619691710348084e-18
17.95918367346939,2.14700725129329,0.7640748962981553,0.7373737373737373,0.44897959183673475,-39.580677549346596,6.4614524148663e-18
17.95918367346939,2.38492686748792,0.8691684603430914,0.7474747474747475,0.44897959183673475,-39.58074734549816,6.4610014460923524e-18
17.95918367346939,2.64921143598352,0.9742620243880249,0.7575757575757573,0.44897959183673475,-39.58080741759599,6.460613331838931e-18
17.95918367346939,2.94278257678333,1.0793555884329629,0.7676767676767676,0.44897959183673475,-39.580858191620585,6.4602853088263246e-18
17.95918367346939,3.26888566786082,1.184449152477898,0.7777777777777777,0.44897959183673475,-39.58090006916951,6.46001477357696e-18
17.95918367346939,3.63112572224959,1.289542716522833,0.7878787878787878,0.44897959183673475,-39.58093342883715,6.4597992732256945e-18
17.95918367346939,4.0335072408363,1.3946362805677694,0.797979797979798,0.44897959183673475,-39.58095862751228,6.4596364968932714e-18
17.95918367346939,4.48047848142245,1.4997298446127043,0.808080808080808,0.44897959183673475,-39.58097600159823,6.4595242675885154e-18
17.95918367346939,4.97698063344183,1.6048234086576407,0.8181818181818182,0.44897959183673475,-39.58098586816075,6.459460534602882e-18
17.95918367346939,5.52850244195146,1.7099169727025751,0.8282828282828283,0.44897959183673475,-39.5809885260077,6.459443366368225e-18
17.95918367346939,6.14114088475497,1.8150105367475111,0.8383838383838383,0.44897959183673475,-39.58098425670482,6.45947094374729e-18
17.95918367346939,6.8216685734332,1.9201041007924453,0.8484848484848483,0.44897959183673475,-39.580973325531495,6.459541553729664e-18
17.95918367346939,7.57760862338904,2.0251976648373815,0.8585858585858586,0.44897959183673475,-39.580955982380196,6.4596535835076244e-18
17.95918367346939,8.41731782058148,2.1302912288823177,0.8686868686868686,0.44897959183673475,-39.58093246260285,6.459805514908314e-18
17.95918367346939,9.35007900434302,2.2353847929272526,0.8787878787878787,0.44897959183673475,-39.58090298780757,6.459995919159487e-18
17.95918367346939,10.3862036875563,2.3404783569721936,0.8888888888888893,0.44897959183673475,-39.58086776660857,6.4602234519682545e-18
17.95918367346939,11.5371460486378,2.445571921017128,0.8989898989898993,0.44897959183673475,-39.58082699533225,6.460486848893167e-18
17.95918367346939,12.8156295554912,2.550665485062058,0.909090909090909,0.44897959183673475,-39.580780858681926,6.460784920991821e-18
17.95918367346939,14.2357876212352,2.6557590491069942,0.919191919191919,0.44897959183673475,-39.58072953036383,6.461116550726306e-18
17.95918367346939,15.8133198466305,2.7608526131519304,0.9292929292929293,0.44897959183673475,-39.58067317367668,6.461480688111109e-18
17.95918367346939,17.5656655764397,2.865946177196865,0.9393939393939392,0.44897959183673475,-39.58061194206696,6.461876347088114e-18
17.95918367346939,19.5121966883548,2.9710397412417997,0.9494949494949493,0.44897959183673475,-39.58054597965188,6.462302602116157e-18
17.95918367346939,21.6744317457404,3.0761333052867346,0.9595959595959593,0.44897959183673475,-39.58047542171233,6.462758584958936e-18
17.95918367346939,24.0762738816144,3.1812268693316703,0.9696969696969694,0.44897959183673475,-39.58040039515702,6.46324348166319e-18
17.95918367346939,26.744275043632,3.2863204333766105,0.97979797979798,0.44897959183673475,-39.58032101896006,6.463756529712407e-18
17.95918367346939,29.707929521255,3.3914139974215445,0.98989898989899,0.44897959183673475,-39.58023740457332,6.4642970153465866e-18
17.95918367346939,33.0,3.4965075614664802,1.0,0.44897959183673475,-39.580149656314916,6.46486427103896e-18
18.775510204081634,0.001,-6.907755278982137,0.0,0.46938775510204084,-39.429550768831525,7.515600336128201e-18
18.775510204081634,0.001110814537795,-6.802661714937222,0.010101010101008117,0.46938775510204084,-39.438004233918775,7.452335252414004e-18
18.775510204081634,0.0012339089373767,-6.697568150892323,0.020202020202014698,0.46938775510204084,-39.445992866019516,7.393038453298656e-18
18.775510204081634,0.0013706439859533,-6.592474586847349,0.030303030303028534,0.46938775510204084,-39.45354202847479,7.33743733995329e-18
18.775510204081634,0.0015225312657382,-6.487381022802441,0.04040404040403597,0.46938775510204084,-39.460675773848045,7.285280189384643e-18
18.775510204081634,0.0016912498642295,-6.382287458757476,0.05050505050504887,0.46938775510204084,-39.467416898521996,7.2363343676393e-18
18.775510204081634,0.00187866493623,-6.277193894712534,0.06060606060605963,0.46938775510204084,-39.47378699697878,7.190384712543974e-18
18.775510204081634,0.00208684832281,-6.172100330667619,0.07070707070706775,0.46938775510204084,-39.47980651542386,7.147232068509457e-18
18.775510204081634,0.0023181014551505,-6.067006766622687,0.08080808080807748,0.46938775510204084,-39.48549480447591,7.106691957827285e-18
18.775510204081634,0.002574980796465,-5.961913202577741,0.0909090909090886,0.46938775510204084,-39.49087017069838,7.068593374579242e-18
18.775510204081634,0.0028603261032564,-5.856819638532781,0.10101010101010106,0.46938775510204084,-39.49594992679498,7.032777688779888e-18
18.775510204081634,0.0031772918183317,-5.751726074487876,0.11111111111110823,0.46938775510204084,-39.50075044033121,6.99909764970881e-18
18.775510204081634,0.0035293819426201,-5.646632510442922,0.1212121212121201,0.46938775510204084,-39.50528718087854,6.967416478572006e-18
18.775510204081634,0.0039204887712936,-5.541538946397998,0.13131313131312908,0.46938775510204084,-39.50957476550692,6.937607041687157e-18
18.775510204081634,0.0043549359224151,-5.436445382353058,0.14141414141413966,0.46938775510204084,-39.51362700257664,6.909551096319927e-18
18.775510204081634,0.0048375261337845,-5.331351818308116,0.15151515151515035,0.46938775510204084,-39.51745693380136,6.883138602131114e-18
18.775510204081634,0.0053735943563712,-5.2262582542631755,0.16161616161616094,0.46938775510204084,-39.521076874571776,6.858267091933372e-18
18.775510204081634,0.0059690667312704,-5.121164690218244,0.17171717171717069,0.46938775510204084,-39.524498452544414,6.834841096111179e-18
18.775510204081634,0.0066305261021638,-5.016071126173304,0.18181818181818118,0.46938775510204084,-39.52773264451208,6.812771615643329e-18
18.775510204081634,0.0073652847875129,-4.910977562128371,0.19191919191919102,0.46938775510204084,-39.53078981158239,6.791975639186719e-18
18.775510204081634,0.0081814654169699,-4.80588399808343,0.20202020202020168,0.46938775510204084,-39.533679732699134,6.772375700142442e-18
18.775510204081634,0.0090880907256374,-4.700790434038493,0.21212121212121193,0.46938775510204084,-39.53641163654715,6.753899470040205e-18
18.775510204081634,0.0100951832988382,-4.595696869993551,0.22222222222222263,0.46938775510204084,-39.538994231887116,6.736479384939951e-18
18.775510204081634,0.0112138763700549,-4.490603305948624,0.23232323232323193,0.46938775510204084,-39.54143573636947,6.7200523018848554e-18
18.775510204081634,0.0124565368968931,-4.385509741903686,0.24242424242424226,0.46938775510204084,-39.543743903880475,6.7045591827250214e-18
18.775510204081634,0.013836902275649,-4.280416177858747,0.2525252525252527,0.46938775510204084,-39.54592605047421,6.689944802900724e-18
18.775510204081634,0.0153702322058399,-4.175322613813814,0.26262626262626254,0.46938775510204084,-39.54798907894649,6.6761574830010774e-18
18.775510204081634,0.0170734773835322,-4.07022904976888,0.2727272727272725,0.46938775510204084,-39.54993950210626,6.663148841130058e-18
18.775510204081634,0.0189654668883421,-3.9651354857239447,0.2828282828282826,0.46938775510204084,-39.55178346480057,6.650873564294856e-18
18.775510204081634,0.0210671163356406,-3.8600419216790063,0.292929292929293,0.46938775510204084,-39.55352676474873,6.6392891972021105e-18
18.775510204081634,0.0234016590950486,-3.7549483576340705,0.3030303030303031,0.46938775510204084,-39.55517487224028,6.628355946998229e-18
18.775510204081634,0.0259949031313031,-3.649854793589135,0.3131313131313132,0.46938775510204084,-39.5567329487505,6.618036502625388e-18
18.775510204081634,0.0288755163068248,-3.5447612295442013,0.32323232323232315,0.46938775510204084,-39.55820586452576,6.60829586758794e-18
18.775510204081634,0.0320753432999582,-3.4396676654992664,0.33333333333333315,0.46938775510204084,-39.55959821518983,6.5991012050310245e-18
18.775510204081634,0.0356297576423598,-3.3345741014543298,0.34343434343434337,0.46938775510204084,-39.5609143374203,6.5904216941354504e-18
18.775510204081634,0.0395780527672466,-3.229480537409394,0.3535353535353535,0.46938775510204084,-39.562158323742885,6.582228396919311e-18
18.775510204081634,0.0439638763914761,-3.1243869733644574,0.3636363636363637,0.46938775510204084,-39.56333403648943,6.574494134618695e-18
18.775510204081634,0.048835713033475,-3.019293409319523,0.3737373737373737,0.46938775510204084,-39.56444512096376,6.5671933728917114e-18
18.775510204081634,0.0542474200011699,-2.914199845274587,0.3838383838383838,0.46938775510204084,-39.565495017857685,6.560302115155767e-18
18.775510204081634,0.060258822775172,-2.8091062812296523,0.3939393939393938,0.46938775510204084,-39.56648697495758,6.5537978034276444e-18
18.775510204081634,0.0669363763690749,-2.7040127171847166,0.404040404040404,0.46938775510204084,-39.567424058180166,6.547659226089936e-18
18.775510204081634,0.0743538999780876,-2.5989191531397813,0.4141414141414141,0.46938775510204084,-39.56830916197447,6.541866432055286e-18
18.775510204081634,0.0825933930374168,-2.493825589094845,0.42424242424242425,0.46938775510204084,-39.569145019124996,6.536400650844641e-18
18.775510204081634,0.0917459417117808,-2.38873202504991,0.4343434343434343,0.46938775510204084,-39.56993420998956,6.5312442181362725e-18
18.775510204081634,0.101912725837141,-2.283638461004973,0.44444444444444453,0.46938775510204084,-39.57067917120362,6.526380506377446e-18
18.775510204081634,0.113206137446215,-2.1785448969600347,0.4545454545454549,0.46938775510204084,-39.571382203880994,6.5217938600865275e-18
18.775510204081634,0.125751023242877,-2.0734513329151003,0.46464646464646486,0.46938775510204084,-39.57204548133998,6.517469535499045e-18
18.775510204081634,0.139686064760787,-1.9683577688701692,0.47474747474747453,0.46938775510204084,-39.57267105638147,6.513393644244766e-18
18.775510204081634,0.155165311463659,-1.8632642048252352,0.48484848484848453,0.46938775510204084,-39.57326086814523,6.50955310076159e-18
18.775510204081634,0.172359883735326,-1.7581706407802946,0.49494949494949514,0.46938775510204084,-39.57381674856817,6.505935573180344e-18
18.775510204081634,0.19145986458586,-1.6530770767353593,0.5050505050505052,0.46938775510204084,-39.57434042846782,6.502529437432503e-18
18.775510204081634,0.212676400986239,-1.5479835126904273,0.5151515151515149,0.46938775510204084,-39.574833543272696,6.499323734352549e-18
18.775510204081634,0.236244038061438,-1.442889948645492,0.5252525252525251,0.46938775510204084,-39.57529763841996,6.496308129564831e-18
18.775510204081634,0.262423311946047,-1.3377963846005527,0.5353535353535355,0.46938775510204084,-39.5757341744397,6.493472875961125e-18
18.775510204081634,0.291503629965987,-1.2327028205556183,0.5454545454545455,0.46938775510204084,-39.57614453174429,6.490808778587622e-18
18.775510204081634,0.323806469986239,-1.1276092565106834,0.5555555555555556,0.46938775510204084,-39.576530015139795,6.4883071617769305e-18
18.775510204081634,0.359688934292802,-1.0225156924657481,0.5656565656565656,0.46938775510204084,-39.57689185807586,6.4859598383702255e-18
18.775510204081634,0.399547697296443,-0.9174221284208132,0.5757575757575757,0.46938775510204084,-39.57723122664931,6.483759080887513e-18
18.775510204081634,0.443823390699414,-0.8123285643758777,0.5858585858585857,0.46938775510204084,-39.577549223375875,6.4816975945142844e-18
18.775510204081634,0.49300547460239,-0.707235000330941,0.5959595959595959,0.46938775510204084,-39.57784689074375,6.479768491781678e-18
18.775510204081634,0.547637648400869,-0.6021414362860068,0.606060606060606,0.46938775510204084,-39.578125214561595,6.4779652688278805e-18
18.775510204081634,0.608323861287565,-0.49704787224107067,0.6161616161616161,0.46938775510204084,-39.57838512711334,6.476281783133735e-18
18.775510204081634,0.67573498880583,-0.39195430819613525,0.6262626262626262,0.46938775510204084,-39.578627510130794,6.474712232637155e-18
18.775510204081634,0.750616249262273,-0.2868607441511999,0.6363636363636362,0.46938775510204084,-39.57885319759499,6.4732511361337666e-18
18.775510204081634,0.833795441985706,-0.18176718010626372,0.6464646464646464,0.46938775510204084,-39.57906297837636,6.4718933148797704e-18
18.775510204081634,0.926192098504948,-0.07667361606132911,0.6565656565656565,0.46938775510204084,-39.57925759872301,6.470633875319621e-18
18.775510204081634,1.02882764781018,0.028419947983610284,0.666666666666667,0.46938775510204084,-39.57943776460612,6.46946819286446e-18
18.775510204081634,1.142836708073,0.1335135120285407,0.6767676767676766,0.46938775510204084,-39.579604143930936,6.4683918966538075e-18
18.775510204081634,1.2694796296533,0.23860707607348014,0.686868686868687,0.46938775510204084,-39.57975736862105,6.467400855237837e-18
18.775510204081634,1.41015642805352,0.3437006401184105,0.6969696969696967,0.46938775510204084,-39.57989803658363,6.466491163120137e-18
18.775510204081634,1.56642226084696,0.44879420416335164,0.7070707070707073,0.46938775510204084,-39.580026713562354,6.465659128107335e-18
18.775510204081634,1.74000461967455,0.5538877682082868,0.7171717171717173,0.46938775510204084,-39.580143934884724,6.464901259414399e-18
18.775510204081634,1.93282242736499,0.6589813322532224,0.7272727272727274,0.46938775510204084,-39.580250207110005,6.464214256476651e-18
18.775510204081634,2.14700725129329,0.7640748962981553,0.7373737373737373,0.46938775510204084,-39.580346009583444,6.463594998425743e-18
18.775510204081634,2.38492686748792,0.8691684603430914,0.7474747474747475,0.46938775510204084,-39.580431795902356,6.463040534186949e-18
18.775510204081634,2.64921143598352,0.9742620243880249,0.7575757575757573,0.46938775510204084,-39.58050799529922,6.4625480731591835e-18
18.775510204081634,2.94278257678333,1.0793555884329629,0.7676767676767676,0.46938775510204084,-39.58057501394648,6.462114976442423e-18
18.775510204081634,3.26888566786082,1.184449152477898,0.7777777777777777,0.46938775510204084,-39.58063323618782,6.4617387485772016e-18
18.775510204081634,3.63112572224959,1.289542716522833,0.7878787878787878,0.46938775510204084,-39.58068302569999,6.4614170297663284e-18
18.775510204081634,4.0335072408363,1.3946362805677694,0.797979797979798,0.46938775510204084,-39.580724726589345,6.461147588547702e-18
18.775510204081634,4.48047848142245,1.4997298446127043,0.808080808080808,0.46938775510204084,-39.580758664426796,6.460928314891957e-18
18.775510204081634,4.97698063344183,1.6048234086576407,0.8181818181818182,0.46938775510204084,-39.58078514722478,6.460757213698228e-18
18.775510204081634,5.52850244195146,1.7099169727025751,0.8282828282828283,0.46938775510204084,-39.58080446635961,6.4606323986641835e-18
18.775510204081634,6.14114088475497,1.8150105367475111,0.8383838383838383,0.46938775510204084,-39.5808168974423,6.460552086507806e-18
18.775510204081634,6.8216685734332,1.9201041007924453,0.8484848484848483,0.46938775510204084,-39.580822701140896,6.460514591519517e-18
18.775510204081634,7.57760862338904,2.0251976648373815,0.8585858585858586,0.46938775510204084,-39.58082212395707,6.460518320425124e-18
18.775510204081634,8.41731782058148,2.1302912288823177,0.8686868686868686,0.46938775510204084,-39.58081539895957,6.460561767540752e-18
18.775510204081634,9.35007900434302,2.2353847929272526,0.8787878787878787,0.46938775510204084,-39.580802746477104,6.460643510202372e-18
18.775510204081634,10.3862036875563,2.3404783569721936,0.8888888888888893,0.46938775510204084,-39.58078437475283,6.460762204453876e-18
18.775510204081634,11.5371460486378,2.445571921017128,0.8989898989898993,0.46938775510204084,-39.5807604805628,6.460916580978066e-18
18.775510204081634,12.8156295554912,2.550665485062058,0.909090909090909,0.46938775510204084,-39.58073124980024,6.461105441256844e-18
18.775510204081634,14.2357876212352,2.6557590491069942,0.919191919191919,0.46938775510204084,-39.58069685802784,6.4613276539457235e-18
18.775510204081634,15.8133198466305,2.7608526131519304,0.9292929292929293,0.46938775510204084,-39.58065747099965,6.461582151452126e-18
18.775510204081634,17.5656655764397,2.865946177196865,0.9393939393939392,0.46938775510204084,-39.58061324515433,6.461867926704125e-18
18.775510204081634,19.5121966883548,2.9710397412417997,0.9494949494949493,0.46938775510204084,-39.58056432808165,6.462184030098523e-18
18.775510204081634,21.6744317457404,3.0761333052867346,0.9595959595959593,0.46938775510204084,-39.580510858963315,6.462529566618813e-18
18.775510204081634,24.0762738816144,3.1812268693316703,0.9696969696969694,0.46938775510204084,-39.58045296898993,6.462903693112399e-18
18.775510204081634,26.744275043632,3.2863204333766105,0.97979797979798,0.46938775510204084,-39.58039078175523,6.4633056157183295e-18
18.775510204081634,29.707929521255,3.3914139974215445,0.98989898989899,0.46938775510204084,-39.580324413628986,6.463734587436234e-18
18.775510204081634,33.0,3.4965075614664802,1.0,0.46938775510204084,-39.580253974109674,6.464189905829553e-18
19.591836734693878,0.001,-6.907755278982137,0.0,0.4897959183673469,-39.44733400948525,7.383129973916431e-18
19.591836734693878,0.001110814537795,-6.802661714937222,0.010101010101008117,0.4897959183673469,-39.45435011499432,7.331510450793142e-18
19.591836734693878,0.0012339089373767,-6.697568150892323,0.020202020202014698,0.4897959183673469,-39.46100228722937,7.282901836219308e-18
19.591836734693878,0.0013706439859533,-6.592474586847349,0.030303030303028534,0.4897959183673469,-39.467309444231766,7.237111984591032e-18
19.591836734693878,0.0015225312657382,-6.487381022802441,0.04040404040403597,0.4897959183673469,-39.47328955196445,7.193962423353787e-18
19.591836734693878,0.0016912498642295,-6.382287458757476,0.05050505050504887,0.4897959183673469,-39.478959665517635,7.153287264875802e-18
19.591836734693878,0.00187866493623,-6.277193894712534,0.06060606060605963,0.4897959183673469,-39.48433596950952,7.114932214590058e-18
19.591836734693878,0.00208684832281,-6.172100330667619,0.07070707070706775,0.4897959183673469,-39.48943381754525,7.078753666097588e-18
19.591836734693878,0.0023181014551505,-6.067006766622687,0.08080808080807748,0.4897959183673469,-39.494267770625484,7.044617874886838e-18
19.591836734693878,0.002574980796465,-5.961913202577741,0.0909090909090886,0.4897959183673469,-39.49885163442131,7.012400203176814e-18
19.591836734693878,0.0028603261032564,-5.856819638532781,0.10101010101010106,0.4897959183673469,-39.503198495353,6.981984429158803e-18
19.591836734693878,0.0031772918183317,-5.751726074487876,0.11111111111110823,0.4897959183673469,-39.50732075542859,6.953262114596636e-18
19.591836734693878,0.0035293819426201,-5.646632510442922,0.1212121212121201,0.4897959183673469,-39.511230165814375,6.926132025350588e-18
19.591836734693878,0.0039204887712936,-5.541538946397998,0.13131313131312908,0.4897959183673469,-39.514937859121694,6.900499599944699e-18
19.591836734693878,0.0043549359224151,-5.436445382353058,0.14141414141413966,0.4897959183673469,-39.5184543804068,6.876276461775884e-18
19.591836734693878,0.0048375261337845,-5.331351818308116,0.15151515151515035,0.4897959183673469,-39.521789716888826,6.853379971008859e-18
19.591836734693878,0.0053735943563712,-5.2262582542631755,0.16161616161616094,0.4897959183673469,-39.52495332639976,6.831732812583159e-18
19.591836734693878,0.0059690667312704,-5.121164690218244,0.17171717171717069,0.4897959183673469,-39.527954164585886,6.8112626171150996e-18
19.591836734693878,0.0066305261021638,-5.016071126173304,0.18181818181818118,0.4897959183673469,-39.53080071088599,6.791901611785583e-18
19.591836734693878,0.0073652847875129,-4.910977562128371,0.19191919191919102,0.4897959183673469,-39.533500993315414,6.773586298588996e-18
19.591836734693878,0.0081814654169699,-4.80588399808343,0.20202020202020168,0.4897959183673469,-39.53606261208868,6.756257157566685e-18
19.591836734693878,0.0090880907256374,-4.700790434038493,0.21212121212121193,0.4897959183673469,-39.53849276211558,6.739858372877413e-18
19.591836734693878,0.0100951832988382,-4.595696869993551,0.22222222222222263,0.4897959183673469,-39.540798254407804,6.724337579757324e-18
19.591836734693878,0.0112138763700549,-4.490603305948624,0.23232323232323193,0.4897959183673469,-39.542985536434195,6.709645630605331e-18
19.591836734693878,0.0124565368968931,-4.385509741903686,0.24242424242424226,0.4897959183673469,-39.54506071146374,6.695736378593333e-18
19.591836734693878,0.013836902275649,-4.280416177858747,0.2525252525252527,0.4897959183673469,-39.547029556935655,6.6825664773476884e-18
19.591836734693878,0.0153702322058399,-4.175322613813814,0.26262626262626254,0.4897959183673469,-39.548897541896075,6.6700951953809804e-18
19.591836734693878,0.0170734773835322,-4.07022904976888,0.2727272727272725,0.4897959183673469,-39.55066984354054,6.658284244073251e-18
19.591836734693878,0.0189654668883421,-3.9651354857239447,0.2828282828282826,0.4897959183673469,-39.55235136290117,6.6470976181081865e-18
19.591836734693878,0.0210671163356406,-3.8600419216790063,0.292929292929293,0.4897959183673469,-39.55394673971662,6.636501447368249e-18
19.591836734693878,0.0234016590950486,-3.7549483576340705,0.3030303030303031,0.4897959183673469,-39.555460366522006,6.6264638593810624e-18
19.591836734693878,0.0259949031313031,-3.649854793589135,0.3131313131313132,0.4897959183673469,-39.55689640199542,6.616954851486165e-18
19.591836734693878,0.0288755163068248,-3.5447612295442013,0.32323232323232315,0.4897959183673469,-39.55825878359624,6.6079461719660575e-18
19.591836734693878,0.0320753432999582,-3.4396676654992664,0.33333333333333315,0.4897959183673469,-39.55955123952956,6.599411209448582e-18
19.591836734693878,0.0356297576423598,-3.3345741014543298,0.34343434343434337,0.4897959183673469,-39.5607773000697,6.591324889948104e-18
19.591836734693878,0.0395780527672466,-3.229480537409394,0.3535353535353535,0.4897959183673469,-39.561940308275,6.583663580963479e-18
19.591836734693878,0.0439638763914761,-3.1243869733644574,0.3636363636363637,0.4897959183673469,-39.5630434301242,6.576405002104037e-18
19.591836734693878,0.048835713033475,-3.019293409319523,0.3737373737373737,0.4897959183673469,-39.56408966410424,6.569528141754143e-18
19.591836734693878,0.0542474200011699,-2.914199845274587,0.3838383838383838,0.4897959183673469,-39.5650818502775,6.563013179329309e-18
19.591836734693878,0.060258822775172,-2.8091062812296523,0.3939393939393938,0.4897959183673469,-39.566022678855575,6.556841412714376e-18
19.591836734693878,0.0669363763690749,-2.7040127171847166,0.404040404040404,0.4897959183673469,-39.56691469830553,6.550995190503566e-18
19.591836734693878,0.0743538999780876,-2.5989191531397813,0.4141414141414141,0.4897959183673469,-39.56776032301316,6.5454578486974075e-18
19.591836734693878,0.0825933930374168,-2.493825589094845,0.42424242424242425,0.4897959183673469,-39.56856184052686,6.540213651535177e-18
19.591836734693878,0.0917459417117808,-2.38873202504991,0.4343434343434343,0.4897959183673469,-39.56932141840454,6.535247736168656e-18
19.591836734693878,0.101912725837141,-2.283638461004973,0.44444444444444453,0.4897959183673469,-39.57004111068485,6.530546060905682e-18
19.591836734693878,0.113206137446215,-2.1785448969600347,0.4545454545454549,0.4897959183673469,-39.570722864003066,6.526095356772421e-18
19.591836734693878,0.125751023242877,-2.0734513329151003,0.46464646464646486,0.4897959183673469,-39.57136852337083,6.521883082164022e-18
19.591836734693878,0.139686064760787,-1.9683577688701692,0.47474747474747453,0.4897959183673469,-39.57197983763816,6.517897380368338e-18
19.591836734693878,0.155165311463659,-1.8632642048252352,0.48484848484848453,0.4897959183673469,-39.57255846465491,6.514127039767312e-18
19.591836734693878,0.172359883735326,-1.7581706407802946,0.49494949494949514,0.4897959183673469,-39.57310597614845,6.510561456530655e-18
19.591836734693878,0.19145986458586,-1.6530770767353593,0.5050505050505052,0.4897959183673469,-39.57362386233275,6.507190599635698e-18
19.591836734693878,0.212676400986239,-1.5479835126904273,0.5151515151515149,0.4897959183673469,-39.57411353626409,6.504004978054366e-18
19.591836734693878,0.236244038061438,-1.442889948645492,0.5252525252525251,0.4897959183673469,-39.57457633795713,6.50099560996302e-18
19.591836734693878,0.262423311946047,-1.3377963846005527,0.5353535353535355,0.4897959183673469,-39.57501353827459,6.498153993841559e-18
19.591836734693878,0.291503629965987,-1.2327028205556183,0.5454545454545455,0.4897959183673469,-39.57542634260337,6.4954720813344394e-18
19.591836734693878,0.323806469986239,-1.1276092565106834,0.5555555555555556,0.4897959183673469,-39.57581589432851,6.492942251761318e-18
19.591836734693878,0.359688934292802,-1.0225156924657481,0.5656565656565656,0.4897959183673469,-39.57618327811661,6.4905572881662404e-18
19.591836734693878,0.399547697296443,-0.9174221284208132,0.5757575757575757,0.4897959183673469,-39.5765295230192,6.48831035480732e-18
19.591836734693878,0.443823390699414,-0.8123285643758777,0.5858585858585857,0.4897959183673469,-39.5768556054059,6.486194975993761e-18
19.591836734693878,0.49300547460239,-0.707235000330941,0.5959595959595959,0.4897959183673469,-39.5771624517372,6.484205016182838e-18
19.591836734693878,0.547637648400869,-0.6021414362860068,0.606060606060606,0.4897959183673469,-39.57745094118538,6.4823346612576296e-18
19.591836734693878,0.608323861287565,-0.49704787224107067,0.6161616161616161,0.4897959183673469,-39.57772190811237,6.4805784009097254e-18
19.591836734693878,0.67573498880583,-0.39195430819613525,0.6262626262626262,0.4897959183673469,-39.577976144412425,6.478931012056781e-18
19.591836734693878,0.750616249262273,-0.2868607441511999,0.6363636363636362,0.4897959183673469,-39.57821440172703,6.477387543230998e-18
19.591836734693878,0.833795441985706,-0.18176718010626372,0.6464646464646464,0.4897959183673469,-39.57843739353938,6.475943299876643e-18
19.591836734693878,0.926192098504948,-0.07667361606132911,0.6565656565656565,0.4897959183673469,-39.57864579715486,6.47459383050133e-18
19.591836734693878,1.02882764781018,0.028419947983610284,0.666666666666667,0.4897959183673469,-39.578840255574136,6.473334913627077e-18
19.591836734693878,1.142836708073,0.1335135120285407,0.6767676767676766,0.4897959183673469,-39.579021379264745,6.4721625454919975e-18
19.591836734693878,1.2694796296533,0.23860707607348014,0.686868686868687,0.4897959183673469,-39.57918974783672,6.4710729284578165e-18
19.591836734693878,1.41015642805352,0.3437006401184105,0.6969696969696967,0.4897959183673469,-39.579345911627776,6.470062460078461e-18
19.591836734693878,1.56642226084696,0.44879420416335164,0.7070707070707073,0.4897959183673469,-39.57949039320291,6.4691277227907965e-18
19.591836734693878,1.74000461967455,0.5538877682082868,0.7171717171717173,0.4897959183673469,-39.57962368877333,6.468265474189095e-18
19.591836734693878,1.93282242736499,0.6589813322532224,0.7272727272727274,0.4897959183673469,-39.57974626953895,6.4674726378492724e-18
19.591836734693878,2.14700725129329,0.7640748962981553,0.7373737373737373,0.4897959183673469,-39.579858582959005,6.466746294668016e-18
19.591836734693878,2.38492686748792,0.8691684603430914,0.7474747474747475,0.4897959183673469,-39.57996105395445,6.466083674688165e-18
19.591836734693878,2.64921143598352,0.9742620243880249,0.7575757575757573,0.4897959183673469,-39.580054086046104,6.4654821493801034e-18
19.591836734693878,2.94278257678333,1.0793555884329629,0.7676767676767676,0.4897959183673469,-39.58013806243208,6.4649392243523854e-18
19.591836734693878,3.26888566786082,1.184449152477898,0.7777777777777777,0.4897959183673469,-39.58021334700768,6.464452532467019e-18
19.591836734693878,3.63112572224959,1.289542716522833,0.7878787878787878,0.4897959183673469,-39.58028028533115,6.464019827334778e-18
19.591836734693878,4.0335072408363,1.3946362805677694,0.797979797979798,0.4897959183673469,-39.58033920553816,6.463638977168429e-18
19.591836734693878,4.48047848142245,1.4997298446127043,0.808080808080808,0.4897959183673469,-39.5803904192077,6.463307958974205e-18
19.591836734693878,4.97698063344183,1.6048234086576407,0.8181818181818182,0.4897959183673469,-39.58043422218238,6.4630248530598124e-18
19.591836734693878,5.52850244195146,1.7099169727025751,0.8282828282828283,0.4897959183673469,-39.580470895345265,6.462787837842744e-18
19.591836734693878,6.14114088475497,1.8150105367475111,0.8383838383838383,0.4897959183673469,-39.58050070535587,6.462595184940285e-18
19.591836734693878,6.8216685734332,1.9201041007924453,0.8484848484848483,0.4897959183673469,-39.5805239053474,6.4624452545259225e-18
19.591836734693878,7.57760862338904,2.0251976648373815,0.8585858585858586,0.4897959183673469,-39.5805407355875,6.462336490935921e-18
19.591836734693878,8.41731782058148,2.1302912288823177,0.8686868686868686,0.4897959183673469,-39.58055142410429,6.462267418512943e-18
19.591836734693878,9.35007900434302,2.2353847929272526,0.8787878787878787,0.4897959183673469,-39.58055618727977,6.462236637672567e-18
19.591836734693878,10.3862036875563,2.3404783569721936,0.8888888888888893,0.4897959183673469,-39.5805552304122,6.462242821180171e-18
19.591836734693878,11.5371460486378,2.445571921017128,0.8989898989898993,0.4897959183673469,-39.580548748249264,6.46228471062685e-18
19.591836734693878,12.8156295554912,2.550665485062058,0.909090909090909,0.4897959183673469,-39.580536925493526,6.462361113092136e-18
19.591836734693878,14.2357876212352,2.6557590491069942,0.919191919191919,0.4897959183673469,-39.58051993728164,6.462470897984508e-18
19.591836734693878,15.8133198466305,2.7608526131519304,0.9292929292929293,0.4897959183673469,-39.58049794963887,6.46261299404823e-18
19.591836734693878,17.5656655764397,2.865946177196865,0.9393939393939392,0.4897959183673469,-39.58047111990994,6.462786386529072e-18
19.591836734693878,19.5121966883548,2.9710397412417997,0.9494949494949493,0.4897959183673469,-39.58043959716796,6.462990114487806e-18
19.591836734693878,21.6744317457404,3.0761333052867346,0.9595959595959593,0.4897959183673469,-39.5804035226021,6.463223268255795e-18
19.591836734693878,24.0762738816144,3.1812268693316703,0.9696969696969694,0.4897959183673469,-39.58036302988543,6.46348498702315e-18
19.591836734693878,26.744275043632,3.2863204333766105,0.97979797979798,0.4897959183673469,-39.58031824552402,6.4637744565526085e-18
19.591836734693878,29.707929521255,3.3914139974215445,0.98989898989899,0.4897959183673469,-39.58026928918803,6.4640909070127164e-18
19.591836734693878,33.0,3.4965075614664802,1.0,0.4897959183673469,-39.58021627402609,6.46443361092311e-18
20.408163265306122,0.001,-6.907755278982137,0.0,0.5102040816326531,-39.46209443388471,7.274952181222466e-18
20.408163265306122,0.001110814537795,-6.802661714937222,0.010101010101008117,0.5102040816326531,-39.46794607683018,7.232506069476683e-18
20.408163265306122,0.0012339089373767,-6.697568150892323,0.020202020202014698,0.5102040816326531,-39.47351194427208,7.19236271933695e-18
20.408163265306122,0.0013706439859533,-6.592474586847349,0.030303030303028534,0.5102040816326531,-39.47880615301287,7.154385468212963e-18
20.408163265306122,0.0015225312657382,-6.487381022802441,0.04040404040403597,0.5102040816326531,-39.483842131758756,7.118446704434225e-18
20.408163265306122,0.0016912498642295,-6.382287458757476,0.05050505050504887,0.5102040816326531,-39.488632651356006,7.084427196613772e-18
20.408163265306122,0.00187866493623,-6.277193894712534,0.06060606060605963,0.5102040816326531,-39.493189854185765,7.052215478360922e-18
20.408163265306122,0.00208684832281,-6.172100330667619,0.07070707070706775,0.5102040816326531,-39.4975252826708,7.021707283328152e-18
20.408163265306122,0.0023181014551505,-6.067006766622687,0.08080808080807748,0.5102040816326531,-39.50164990686023,6.992805026065976e-18
20.408163265306122,0.002574980796465,-5.961913202577741,0.0909090909090886,0.5102040816326531,-39.5055741510694,6.965417324597842e-18
20.408163265306122,0.0028603261032564,-5.856819638532781,0.10101010101010106,0.5102040816326531,-39.50930791956166,6.93945856102028e-18
20.408163265306122,0.0031772918183317,-5.751726074487876,0.11111111111110823,0.5102040816326531,-39.51286062126672,6.914848476787514e-18
20.408163265306122,0.0035293819426201,-5.646632510442922,0.1212121212121201,0.5102040816326531,-39.51624119353745,6.89151179965721e-18
20.408163265306122,0.0039204887712936,-5.541538946397998,0.13131313131312908,0.5102040816326531,-39.519458124952095,6.869377899561735e-18
20.408163265306122,0.0043549359224151,-5.436445382353058,0.14141414141413966,0.5102040816326531,-39.52251947717459,6.8483804709229406e-18
20.408163265306122,0.0048375261337845,-5.331351818308116,0.15151515151515035,0.5102040816326531,-39.5254329058886,6.8284572391647066e-18
20.408163265306122,0.0053735943563712,-5.2262582542631755,0.16161616161616094,0.5102040816326531,-39.52820568082506,6.809549689381214e-18
20.408163265306122,0.0059690667312704,-5.121164690218244,0.17171717171717069,0.5102040816326531,-39.53084470490493,6.791602815310126e-18
20.408163265306122,0.0066305261021638,-5.016071126173304,0.18181818181818118,0.5102040816326531,-39.53335653252116,6.774564886927755e-18
20.408163265306122,0.0073652847875129,-4.910977562128371,0.19191919191919102,0.5102040816326531,-39.53574738698545,6.758387235135944e-18
20.408163265306122,0.0081814654169699,-4.80588399808343,0.20202020202020168,0.5102040816326531,-39.53802317716653,6.743024052147554e-18
20.408163265306122,0.0090880907256374,-4.700790434038493,0.21212121212121193,0.5102040816326531,-39.540189513347265,6.728432206304256e-18
20.408163265306122,0.0100951832988382,-4.595696869993551,0.22222222222222263,0.5102040816326531,-39.54225172232872,6.714571070169287e-18
20.408163265306122,0.0112138763700549,-4.490603305948624,0.23232323232323193,0.5102040816326531,-39.544214861809216,6.7014023608427014e-18
20.408163265306122,0.0124565368968931,-4.385509741903686,0.24242424242424226,0.5102040816326531,-39.54608373406667,6.688889991536235e-18
20.408163265306122,0.013836902275649,-4.280416177858747,0.2525252525252527,0.5102040816326531,-39.54786289897228,6.676999933529224e-18
20.408163265306122,0.0153702322058399,-4.175322613813814,0.26262626262626254,0.5102040816326531,-39.549556686363054,6.665700087703302e-18
20.408163265306122,0.0170734773835322,-4.07022904976888,0.2727272727272725,0.5102040816326531,-39.551169207800754,6.654960164919651e-18
20.408163265306122,0.0189654668883421,-3.9651354857239447,0.2828282828282826,0.5102040816326531,-39.55270436774371,6.644751574566902e-18
20.408163265306122,0.0210671163356406,-3.8600419216790063,0.292929292929293,0.5102040816326531,-39.55416587415763,6.6350473206637534e-18
20.408163265306122,0.0234016590950486,-3.7549483576340705,0.3030303030303031,0.5102040816326531,-39.55555724859101,6.625821904949638e-18
20.408163265306122,0.0259949031313031,-3.649854793589135,0.3131313131313132,0.5102040816326531,-39.55688183573938,6.6170512364466805e-18
20.408163265306122,0.0288755163068248,-3.5447612295442013,0.32323232323232315,0.5102040816326531,-39.558142812522696,6.60871254701533e-18
20.408163265306122,0.0320753432999582,-3.4396676654992664,0.33333333333333315,0.5102040816326531,-39.55934319669853,6.600784312466918e-18
20.408163265306122,0.0356297576423598,-3.3345741014543298,0.34343434343434337,0.5102040816326531,-39.56048585503358,6.593246178830181e-18
20.408163265306122,0.0395780527672466,-3.229480537409394,0.3535353535353535,0.5102040816326531,-39.56157351105468,6.586078893402337e-18
20.408163265306122,0.0439638763914761,-3.1243869733644574,0.3636363636363637,0.5102040816326531,-39.56260875240008,6.579264240241802e-18
20.408163265306122,0.048835713033475,-3.019293409319523,0.3737373737373737,0.5102040816326531,-39.56359403779043,6.572784979791138e-18
20.408163265306122,0.0542474200011699,-2.914199845274587,0.3838383838383838,0.5102040816326531,-39.56453170363877,6.5666247923371456e-18
20.408163265306122,0.060258822775172,-2.8091062812296523,0.3939393939393938,0.5102040816326531,-39.56542397031722,6.5607682250435466e-18
20.408163265306122,0.0669363763690749,-2.7040127171847166,0.404040404040404,0.5102040816326531,-39.56627294809798,6.555200642307179e-18
20.408163265306122,0.0743538999780876,-2.5989191531397813,0.4141414141414141,0.5102040816326531,-39.567080642785065,6.549908179210507e-18
20.408163265306122,0.0825933930374168,-2.493825589094845,0.42424242424242425,0.5102040816326531,-39.56784896105244,6.544877697859606e-18
20.408163265306122,0.0917459417117808,-2.38873202504991,0.4343434343434343,0.5102040816326531,-39.568579715503894,6.5400967464112075e-18
20.408163265306122,0.101912725837141,-2.283638461004973,0.44444444444444453,0.5102040816326531,-39.56927462946865,6.535553520609619e-18
20.408163265306122,0.113206137446215,-2.1785448969600347,0.4545454545454549,0.5102040816326531,-39.569935341546646,6.531236827664788e-18
20.408163265306122,0.125751023242877,-2.0734513329151003,0.46464646464646486,0.5102040816326531,-39.57056340991635,6.527136052316713e-18
20.408163265306122,0.139686064760787,-1.9683577688701692,0.47474747474747453,0.5102040816326531,-39.571160316417476,6.523241124942752e-18
20.408163265306122,0.155165311463659,-1.8632642048252352,0.48484848484848453,0.5102040816326531,-39.57172747042036,6.519542491573447e-18
20.408163265306122,0.172359883735326,-1.7581706407802946,0.49494949494949514,0.5102040816326531,-39.5722662124933,6.51603108569293e-18
20.408163265306122,0.19145986458586,-1.6530770767353593,0.5050505050505052,0.5102040816326531,-39.57277781787814,6.512698301709489e-18
20.408163265306122,0.212676400986239,-1.5479835126904273,0.5151515151515149,0.5102040816326531,-39.57326349978458,6.509535969988058e-18
20.408163265306122,0.236244038061438,-1.442889948645492,0.5252525252525251,0.5102040816326531,-39.573724412512455,6.506536333345394e-18
20.408163265306122,0.262423311946047,-1.3377963846005527,0.5353535353535355,0.5102040816326531,-39.574161654411135,6.5036920249158924e-18
20.408163265306122,0.291503629965987,-1.2327028205556183,0.5454545454545455,0.5102040816326531,-39.57457627068479,6.500996047300261e-18
20.408163265306122,0.323806469986239,-1.1276092565106834,0.5555555555555556,0.5102040816326531,-39.57496925605141,6.4984417529182246e-18
20.408163265306122,0.359688934292802,-1.0225156924657481,0.5656565656565656,0.5102040816326531,-39.57534155726358,6.4960228254891646e-18
20.408163265306122,0.399547697296443,-0.9174221284208132,0.5757575757575757,0.5102040816326531,-39.57569407549812,6.493733262571223e-18
20.408163265306122,0.443823390699414,-0.8123285643758777,0.5858585858585857,0.5102040816326531,-39.5760276686217,6.4915673590938175e-18
20.408163265306122,0.49300547460239,-0.707235000330941,0.5959595959595959,0.5102040816326531,-39.576343153338854,6.489519691822485e-18
20.408163265306122,0.547637648400869,-0.6021414362860068,0.606060606060606,0.5102040816326531,-39.57664130722874,6.487585104699542e-18
20.408163265306122,0.608323861287565,-0.49704787224107067,0.6161616161616161,0.5102040816326531,-39.5769228706765,6.485758695007017e-18
20.408163265306122,0.67573498880583,-0.39195430819613525,0.6262626262626262,0.5102040816326531,-39.57718854870479,6.484035800302718e-18
20.408163265306122,0.750616249262273,-0.2868607441511999,0.6363636363636362,0.5102040816326531,-39.57743901271082,6.482411986082932e-18
20.408163265306122,0.833795441985706,-0.18176718010626372,0.6464646464646464,0.5102040816326531,-39.577674902113806,6.480883034128492e-18
20.408163265306122,0.926192098504948,-0.07667361606132911,0.6565656565656565,0.5102040816326531,-39.57789682591777,6.4794449314930256e-18
20.408163265306122,1.02882764781018,0.028419947983610284,0.666666666666667,0.5102040816326531,-39.57810536419385,6.4780938600969776e-18
20.408163265306122,1.142836708073,0.1335135120285407,0.6767676767676766,0.5102040816326531,-39.57830106948682,6.476826186889444e-18
20.408163265306122,1.2694796296533,0.23860707607348014,0.686868686868687,0.5102040816326531,-39.578484468149334,6.475638454547022e-18
20.408163265306122,1.41015642805352,0.3437006401184105,0.6969696969696967,0.5102040816326531,-39.57865606160811,6.474527372676755e-18
20.408163265306122,1.56642226084696,0.44879420416335164,0.7070707070707073,0.5102040816326531,-39.578816327565455,6.473489809494247e-18
20.408163265306122,1.74000461967455,0.5538877682082868,0.7171717171717173,0.5102040816326531,-39.57896572113952,6.472522783950449e-18
20.408163265306122,1.93282242736499,0.6589813322532224,0.7272727272727274,0.5102040816326531,-39.57910467594659,6.471623458280005e-18
20.408163265306122,2.14700725129329,0.7640748962981553,0.7373737373737373,0.5102040816326531,-39.579233605128444,6.470789130947981e-18
20.408163265306122,2.38492686748792,0.8691684603430914,0.7474747474747475,0.5102040816326531,-39.579352902327635,6.470017229971829e-18
20.408163265306122,2.64921143598352,0.9742620243880249,0.7575757575757573,0.5102040816326531,-39.579462942613475,6.469305306597299e-18
20.408163265306122,2.94278257678333,1.0793555884329629,0.7676767676767676,0.5102040816326531,-39.57956408336117,6.4686510293091256e-18
20.408163265306122,3.26888566786082,1.184449152477898,0.7777777777777777,0.5102040816326531,-39.57965666508681,6.4680521781560416e-18
20.408163265306122,3.63112572224959,1.289542716522833,0.7878787878787878,0.5102040816326531,-39.57974101224023,6.467506639374299e-18
20.408163265306122,4.0335072408363,1.3946362805677694,0.797979797979798,0.5102040816326531,-39.57981743395819,6.467012400291517e-18
20.408163265306122,4.48047848142245,1.4997298446127043,0.808080808080808,0.5102040816326531,-39.57988622477973,6.466567544496785e-18
20.408163265306122,4.97698063344183,1.6048234086576407,0.8181818181818182,0.5102040816326531,-39.579947665325825,6.4661702472606765e-18
20.408163265306122,5.52850244195146,1.7099169727025751,0.8282828282828283,0.5102040816326531,-39.580002022945166,6.4658187711925714e-18
20.408163265306122,6.14114088475497,1.8150105367475111,0.8383838383838383,0.5102040816326531,-39.58004955232768,6.465511462122096e-18
20.408163265306122,6.8216685734332,1.9201041007924453,0.8484848484848483,0.5102040816326531,-39.58009049608768,6.465246745191814e-18
20.408163265306122,7.57760862338904,2.0251976648373815,0.8585858585858586,0.5102040816326531,-39.58012508531805,6.4650231211502336e-18
20.408163265306122,8.41731782058148,2.1302912288823177,0.8686868686868686,0.5102040816326531,-39.58015354011701,6.464839162834324e-18
20.408163265306122,9.35007900434302,2.2353847929272526,0.8787878787878787,0.5102040816326531,-39.5801760700889,6.4646935118304515e-18
20.408163265306122,10.3862036875563,2.3404783569721936,0.8888888888888893,0.5102040816326531,-39.580192874820256,6.464584875305517e-18
20.408163265306122,11.5371460486378,2.445571921017128,0.8989898989898993,0.5102040816326531,-39.58020414433251,6.4645120229975365e-18
20.408163265306122,12.8156295554912,2.550665485062058,0.909090909090909,0.5102040816326531,-39.58021005951249,6.464473784358557e-18
20.408163265306122,14.2357876212352,2.6557590491069942,0.919191919191919,0.5102040816326531,-39.58021079252176,6.464469045841066e-18
20.408163265306122,15.8133198466305,2.7608526131519304,0.9292929292929293,0.5102040816326531,-39.58020650718608,6.4644967483203066e-18
20.408163265306122,17.5656655764397,2.865946177196865,0.9393939393939392,0.5102040816326531,-39.58019735936582,6.464555884645101e-18
20.408163265306122,19.5121966883548,2.9710397412417997,0.9494949494949493,0.5102040816326531,-39.580183497308354,6.464645497311363e-18
20.408163265306122,21.6744317457404,3.0761333052867346,0.9595959595959593,0.5102040816326531,-39.58016506198334,6.464764676250778e-18
20.408163265306122,24.0762738816144,3.1812268693316703,0.9696969696969694,0.5102040816326531,-39.58014218740178,6.464912556728934e-18
20.408163265306122,26.744275043632,3.2863204333766105,0.97979797979798,0.5102040816326531,-39.58011500091971,6.4650883173473985e-18
20.408163265306122,29.707929521255,3.3914139974215445,0.98989898989899,0.5102040816326531,-39.580083623527095,6.465291178144438e-18
20.408163265306122,33.0,3.4965075614664802,1.0,0.5102040816326531,-39.58004817012297,6.465520398788655e-18
21.224489795918366,0.001,-6.907755278982137,0.0,0.5306122448979591,-39.474409311429866,7.185911424268829e-18
21.224489795918366,0.001110814537795,-6.802661714937222,0.010101010101008117,0.5306122448979591,-39.47931315060932,7.150759131326202e-18
21.224489795918366,0.0012339089373767,-6.697568150892323,0.020202020202014698,0.5306122448979591,-39.48399186334556,7.1173809279058e-18
21.224489795918366,0.0013706439859533,-6.592474586847349,0.030303030303028534,0.5306122448979591,-39.48845599846292,7.085678791719624e-18
21.224489795918366,0.0015225312657382,-6.487381022802441,0.04040404040403597,0.5306122448979591,-39.49271560870058,7.05556075289007e-18
21.224489795918366,0.0016912498642295,-6.382287458757476,0.05050505050504887,0.5306122448979591,-39.496780272516126,7.026940475706056e-18
21.224489795918366,0.00187866493623,-6.277193894712534,0.06060606060605963,0.5306122448979591,-39.50065911517108,6.999736872610541e-18
21.224489795918366,0.00208684832281,-6.172100330667619,0.07070707070706775,0.5306122448979591,-39.50436082908913,6.973873747684129e-18
21.224489795918366,0.0023181014551505,-6.067006766622687,0.08080808080807748,0.5306122448979591,-39.50789369348347,6.949279467139716e-18
21.224489795918366,0.002574980796465,-5.961913202577741,0.0909090909090886,0.5306122448979591,-39.51126559325448,6.9258866545695675e-18
21.224489795918366,0.0028603261032564,-5.856819638532781,0.10101010101010106,0.5306122448979591,-39.51448403716289,6.903631908891425e-18
21.224489795918366,0.0031772918183317,-5.751726074487876,0.11111111111110823,0.5306122448979591,-39.517556175287034,6.882455543124615e-18
21.224489795918366,0.0035293819426201,-5.646632510442922,0.1212121212121201,0.5306122448979591,-39.5204888157756,6.862301342295252e-18
21.224489795918366,0.0039204887712936,-5.541538946397998,0.13131313131312908,0.5306122448979591,-39.523288440909425,6.843116338921144e-18
21.224489795918366,0.0043549359224151,-5.436445382353058,0.14141414141413966,0.5306122448979591,-39.525961222488185,6.824850604662028e-18
21.224489795918366,0.0048375261337845,-5.331351818308116,0.15151515151515035,0.5306122448979591,-39.52851303655872,6.807457056848313e-18
21.224489795918366,0.0053735943563712,-5.2262582542631755,0.16161616161616094,0.5306122448979591,-39.53094947750359,6.790891278709513e-18
21.224489795918366,0.0059690667312704,-5.121164690218244,0.17171717171717069,0.5306122448979591,-39.53327587150859,6.775111352230167e-18
21.224489795918366,0.0066305261021638,-5.016071126173304,0.18181818181818118,0.5306122448979591,-39.5354972894294,6.760077702648362e-18
21.224489795918366,0.0073652847875129,-4.910977562128371,0.19191919191919102,0.5306122448979591,-39.53761855907713,6.7457529537005345e-18
21.224489795918366,0.0081814654169699,-4.80588399808343,0.20202020202020168,0.5306122448979591,-39.539644276943505,6.732101792788521e-18
21.224489795918366,0.0090880907256374,-4.700790434038493,0.21212121212121193,0.5306122448979591,-39.5415788193859,6.71909084531666e-18
21.224489795918366,0.0100951832988382,-4.595696869993551,0.22222222222222263,0.5306122448979591,-39.54342635329285,6.70668855750747e-18
21.224489795918366,0.0112138763700549,-4.490603305948624,0.23232323232323193,0.5306122448979591,-39.545190846250186,6.694865087063508e-18
21.224489795918366,0.0124565368968931,-4.385509741903686,0.24242424242424226,0.5306122448979591,-39.546876076227825,6.683592201093143e-18
21.224489795918366,0.013836902275649,-4.280416177858747,0.2525252525252527,0.5306122448979591,-39.54848564080685,6.6728431807674104e-18
21.224489795918366,0.0153702322058399,-4.175322613813814,0.26262626262626254,0.5306122448979591,-39.550022965966214,6.6625927322161674e-18
21.224489795918366,0.0170734773835322,-4.07022904976888,0.2727272727272725,0.5306122448979591,-39.55149131444776,6.6528169032129306e-18
21.224489795918366,0.0189654668883421,-3.9651354857239447,0.2828282828282826,0.5306122448979591,-39.55289379371796,6.643493005232828e-18
21.224489795918366,0.0210671163356406,-3.8600419216790063,0.292929292929293,0.5306122448979591,-39.5542333635442,6.634599540500617e-18
21.224489795918366,0.0234016590950486,-3.7549483576340705,0.3030303030303031,0.5306122448979591,-39.55551284320267,6.626116133677001e-18
21.224489795918366,0.0259949031313031,-3.649854793589135,0.3131313131313132,0.5306122448979591,-39.556734918334804,6.6180234678574085e-18
21.224489795918366,0.0288755163068248,-3.5447612295442013,0.32323232323232315,0.5306122448979591,-39.55790214746815,6.610303224583524e-18
21.224489795918366,0.0320753432999582,-3.4396676654992664,0.33333333333333315,0.5306122448979591,-39.559016968217314,6.6029380275905e-18
21.224489795918366,0.0356297576423598,-3.3345741014543298,0.34343434343434337,0.5306122448979591,-39.560081703179954,6.595911390033539e-18
21.224489795918366,0.0395780527672466,-3.229480537409394,0.3535353535353535,0.5306122448979591,-39.5610985655421,6.58920766495744e-18
21.224489795918366,0.0439638763914761,-3.1243869733644574,0.3636363636363637,0.5306122448979591,-39.5620696644067,6.582811998790098e-18
21.224489795918366,0.048835713033475,-3.019293409319523,0.3737373737373737,0.5306122448979591,-39.56299700985853,6.5767102876570894e-18
21.224489795918366,0.0542474200011699,-2.914199845274587,0.3838383838383838,0.5306122448979591,-39.56388251777831,6.570889136329428e-18
21.224489795918366,0.060258822775172,-2.8091062812296523,0.3939393939393938,0.5306122448979591,-39.56472801441803,6.5653358196308176e-18
21.224489795918366,0.0669363763690749,-2.7040127171847166,0.404040404040404,0.5306122448979591,-39.56553524074909,6.560038246143015e-18
21.224489795918366,0.0743538999780876,-2.5989191531397813,0.4141414141414141,0.5306122448979591,-39.56630585659462,6.554984924058399e-18
21.224489795918366,0.0825933930374168,-2.493825589094845,0.42424242424242425,0.5306122448979591,-39.56704144455612,6.5501649290429355e-18
21.224489795918366,0.0917459417117808,-2.38873202504991,0.4343434343434343,0.5306122448979591,-39.56774351374515,6.545567873977363e-18
21.224489795918366,0.101912725837141,-2.283638461004973,0.44444444444444453,0.5306122448979591,-39.56841350332916,6.5411838804593476e-18
21.224489795918366,0.113206137446215,-2.1785448969600347,0.4545454545454549,0.5306122448979591,-39.56905278590099,6.537003551953368e-18
21.224489795918366,0.125751023242877,-2.0734513329151003,0.46464646464646486,0.5306122448979591,-39.56966267068086,6.533017948484065e-18
21.224489795918366,0.139686064760787,-1.9683577688701692,0.47474747474747453,0.5306122448979591,-39.57024440655895,6.529218562777891e-18
21.224489795918366,0.155165311463659,-1.8632642048252352,0.48484848484848453,0.5306122448979591,-39.570799184986775,6.525597297761433e-18
21.224489795918366,0.172359883735326,-1.7581706407802946,0.49494949494949514,0.5306122448979591,-39.57132814272492,6.5221464453327564e-18
21.224489795918366,0.19145986458586,-1.6530770767353593,0.5050505050505052,0.5306122448979591,-39.571832364454146,6.518858666328311e-18
21.224489795918366,0.212676400986239,-1.5479835126904273,0.5151515151515149,0.5306122448979591,-39.57231288525694,6.5157269716111415e-18
21.224489795918366,0.236244038061438,-1.442889948645492,0.5252525252525251,0.5306122448979591,-39.57277069297599,6.512744704212911e-18
21.224489795918366,0.262423311946047,-1.3377963846005527,0.5353535353535355,0.5306122448979591,-39.57320673045569,6.509905522466002e-18
21.224489795918366,0.291503629965987,-1.2327028205556183,0.5454545454545455,0.5306122448979591,-39.57362189767267,6.5072033840658546e-18
21.224489795918366,0.323806469986239,-1.1276092565106834,0.5555555555555556,0.5306122448979591,-39.57401705376095,6.504632531008575e-18
21.224489795918366,0.359688934292802,-1.0225156924657481,0.5656565656565656,0.5306122448979591,-39.574393018936966,6.502187475350806e-18
21.224489795918366,0.399547697296443,-0.9174221284208132,0.5757575757575757,0.5306122448979591,-39.574750576329556,6.4998629857449745e-18
21.224489795918366,0.443823390699414,-0.8123285643758777,0.5858585858585857,0.5306122448979591,-39.57509047371982,6.497654074701875e-18
21.224489795918366,0.49300547460239,-0.707235000330941,0.5959595959595959,0.5306122448979591,-39.57541342519513,6.495555986540955e-18
21.224489795918366,0.547637648400869,-0.6021414362860068,0.606060606060606,0.5306122448979591,-39.57572011272203,6.493564185985398e-18
21.224489795918366,0.608323861287565,-0.49704787224107067,0.6161616161616161,0.5306122448979591,-39.57601118764169,6.491674347367319e-18
21.224489795918366,0.67573498880583,-0.39195430819613525,0.6262626262626262,0.5306122448979591,-39.576287272092145,6.4898823444060516e-18
21.224489795918366,0.750616249262273,-0.2868607441511999,0.6363636363636362,0.5306122448979591,-39.57654896036089,6.488184240527619e-18
21.224489795918366,0.833795441985706,-0.18176718010626372,0.6464646464646464,0.5306122448979591,-39.57679682017131,6.486576279694445e-18
21.224489795918366,0.926192098504948,-0.07667361606132911,0.6565656565656565,0.5306122448979591,-39.57703139390638,6.485054877716143e-18
21.224489795918366,1.02882764781018,0.028419947983610284,0.666666666666667,0.5306122448979591,-39.577253199772734,6.483616614014205e-18
21.224489795918366,1.142836708073,0.1335135120285407,0.6767676767676766,0.5306122448979591,-39.577462732908025,6.4822582238158975e-18
21.224489795918366,1.2694796296533,0.23860707607348014,0.686868686868687,0.5306122448979591,-39.577660466434686,6.48097659075166e-18
21.224489795918366,1.41015642805352,0.3437006401184105,0.6969696969696967,0.5306122448979591,-39.57784685246242,6.479768739835827e-18
21.224489795918366,1.56642226084696,0.44879420416335164,0.7070707070707073,0.5306122448979591,-39.57802232304234,6.47863183080727e-18
21.224489795918366,1.74000461967455,0.5538877682082868,0.7171717171717173,0.5306122448979591,-39.57818729107495,6.477563151811518e-18
21.224489795918366,1.93282242736499,0.6589813322532224,0.7272727272727274,0.5306122448979591,-39.578342151174375,6.476560113405093e-18
21.224489795918366,2.14700725129329,0.7640748962981553,0.7373737373737373,0.5306122448979591,-39.578487280491025,6.4756202428646285e-18
21.224489795918366,2.38492686748792,0.8691684603430914,0.7474747474747475,0.5306122448979591,-39.57862303949475,6.4747411787837315e-18
21.224489795918366,2.64921143598352,0.9742620243880249,0.7575757575757573,0.5306122448979591,-39.57874977272045,6.4739206659427985e-18
21.224489795918366,2.94278257678333,1.0793555884329629,0.7676767676767676,0.5306122448979591,-39.57886780947804,6.473156550436233e-18
21.224489795918366,3.26888566786082,1.184449152477898,0.7777777777777777,0.5306122448979591,-39.57897746452853,6.472446775043825e-18
21.224489795918366,3.63112572224959,1.289542716522833,0.7878787878787878,0.5306122448979591,-39.57907903872784,6.47178937483307e-18
21.224489795918366,4.0335072408363,1.3946362805677694,0.797979797979798,0.5306122448979591,-39.57917281964014,6.4711824729796235e-18
21.224489795918366,4.48047848142245,1.4997298446127043,0.808080808080808,0.5306122448979591,-39.57925908212195,6.47062427679531e-18
21.224489795918366,4.97698063344183,1.6048234086576407,0.8181818181818182,0.5306122448979591,-39.57933808887867,6.470113073951746e-18
21.224489795918366,5.52850244195146,1.7099169727025751,0.8282828282828283,0.5306122448979591,-39.57941009099479,6.469647228890002e-18
21.224489795918366,6.14114088475497,1.8150105367475111,0.8383838383838383,0.5306122448979591,-39.579475328439116,6.469225179405971e-18
21.224489795918366,6.8216685734332,1.9201041007924453,0.8484848484848483,0.5306122448979591,-39.57953403054625,6.468845433402479e-18
21.224489795918366,7.57760862338904,2.0251976648373815,0.8585858585858586,0.5306122448979591,-39.5795864164754,6.468506565799935e-18
21.224489795918366,8.41731782058148,2.1302912288823177,0.8686868686868686,0.5306122448979591,-39.57963269564779,6.468207215596378e-18
21.224489795918366,9.35007900434302,2.2353847929272526,0.8787878787878787,0.5306122448979591,-39.57967306816354,6.467946083070028e-18
21.224489795918366,10.3862036875563,2.3404783569721936,0.8888888888888893,0.5306122448979591,-39.579707725199206,6.4677219271162295e-18
21.224489795918366,11.5371460486378,2.445571921017128,0.8989898989898993,0.5306122448979591,-39.57973684938668,6.4675335627133106e-18
21.224489795918366,12.8156295554912,2.550665485062058,0.909090909090909,0.5306122448979591,-39.579760615174656,6.467379858508368e-18
21.224489795918366,14.2357876212352,2.6557590491069942,0.919191919191919,0.5306122448979591,-39.57977918917321,6.4672597345198314e-18
21.224489795918366,15.8133198466305,2.7608526131519304,0.9292929292929293,0.5306122448979591,-39.57979273048253,6.46717215994824e-18
21.224489795918366,17.5656655764397,2.865946177196865,0.9393939393939392,0.5306122448979591,-39.57980139100649,6.467116151091328e-18
21.224489795918366,19.5121966883548,2.9710397412417997,0.9494949494949493,0.5306122448979591,-39.579805315751706,6.467090769357967e-18
21.224489795918366,21.6744317457404,3.0761333052867346,0.9595959595959593,0.5306122448979591,-39.57980464311298,6.4670951193751324e-18
21.224489795918366,24.0762738816144,3.1812268693316703,0.9696969696969694,0.5306122448979591,-39.579799505145516,6.4671283471847975e-18
21.224489795918366,26.744275043632,3.2863204333766105,0.97979797979798,0.5306122448979591,-39.57979002782488,6.4671896385241925e-18
21.224489795918366,29.707929521255,3.3914139974215445,0.98989898989899,0.5306122448979591,-39.5797763312949,6.467278217187545e-18
21.224489795918366,33.0,3.4965075614664802,1.0,0.5306122448979591,-39.57975853010442,6.467393343463671e-18
22.04081632653061,0.001,-6.907755278982137,0.0,0.5510204081632653,-39.48473402520657,7.112100638887741e-18
22.04081632653061,0.001110814537795,-6.802661714937222,0.010101010101008117,0.5510204081632653,-39.48886272325861,7.082797456455666e-18
22.04081632653061,0.0012339089373767,-6.697568150892323,0.020202020202014698,0.5510204081632653,-39.49281346577883,7.054870350110312e-18
22.04081632653061,0.0013706439859533,-6.592474586847349,0.030303030303028534,0.5510204081632653,-39.496594152663675,7.028248450546842e-18
22.04081632653061,0.0015225312657382,-6.487381022802441,0.04040404040403597,0.5510204081632653,-39.50021232633373,7.002864975658346e-18
22.04081632653061,0.0016912498642295,-6.382287458757476,0.05050505050504887,0.5510204081632653,-39.503675187290646,6.978656966622921e-18
22.04081632653061,0.00187866493623,-6.277193894712534,0.06060606060605963,0.5510204081632653,-39.50698960911295,6.955565043009634e-18
22.04081632653061,0.00208684832281,-6.172100330667619,0.07070707070706775,0.5510204081632653,-39.510162152895774,6.933533175388016e-18
22.04081632653061,0.0023181014551505,-6.067006766622687,0.08080808080807748,0.5510204081632653,-39.513199081141394,6.912508474059508e-18
22.04081632653061,0.002574980796465,-5.961913202577741,0.0909090909090886,0.5510204081632653,-39.51610637110944,6.8924409926473145e-18
22.04081632653061,0.0028603261032564,-5.856819638532781,0.10101010101010106,0.5510204081632653,-39.51888972763732,6.873283545388152e-18
22.04081632653061,0.0031772918183317,-5.751726074487876,0.11111111111110823,0.5510204081632653,-39.52155459544261,6.854991537068562e-18
22.04081632653061,0.0035293819426201,-5.646632510442922,0.1212121212121201,0.5510204081632653,-39.52410617092002,6.837522804636927e-18
22.04081632653061,0.0039204887712936,-5.541538946397998,0.13131313131312908,0.5510204081632653,-39.526549413446695,6.820837469603765e-18
22.04081632653061,0.0043549359224151,-5.436445382353058,0.14141414141413966,0.5510204081632653,-39.52888905620994,6.8048978004156096e-18
22.04081632653061,0.0048375261337845,-5.331351818308116,0.15151515151515035,0.5510204081632653,-39.531129616571874,6.789668084057627e-18
22.04081632653061,0.0053735943563712,-5.2262582542631755,0.16161616161616094,0.5510204081632653,-39.53327540598608,6.775114506197752e-18
22.04081632653061,0.0059690667312704,-5.121164690218244,0.17171717171717069,0.5510204081632653,-39.53533053948128,6.7612050392436235e-18
22.04081632653061,0.0066305261021638,-5.016071126173304,0.18181818181818118,0.5510204081632653,-39.53729894472698,6.747909337734415e-18
22.04081632653061,0.0073652847875129,-4.910977562128371,0.19191919191919102,0.5510204081632653,-39.53918437069652,6.735198640533609e-18
22.04081632653061,0.0081814654169699,-4.80588399808343,0.20202020202020168,0.5510204081632653,-39.54099039594228,6.723045679334249e-18
22.04081632653061,0.0090880907256374,-4.700790434038493,0.21212121212121193,0.5510204081632653,-39.542720436497895,6.7114245930255925e-18
22.04081632653061,0.0100951832988382,-4.595696869993551,0.22222222222222263,0.5510204081632653,-39.5443777534221,6.700310847505178e-18
22.04081632653061,0.0112138763700549,-4.490603305948624,0.23232323232323193,0.5510204081632653,-39.54596545999859,6.6896811605529334e-18
22.04081632653061,0.0124565368968931,-4.385509741903686,0.24242424242424226,0.5510204081632653,-39.54748652860582,6.679513431414404e-18
22.04081632653061,0.013836902275649,-4.280416177858747,0.2525252525252527,0.5510204081632653,-39.54894379727036,6.6697866747666156e-18
22.04081632653061,0.0153702322058399,-4.175322613813814,0.26262626262626254,0.5510204081632653,-39.550339975917275,6.660480958764472e-18
22.04081632653061,0.0170734773835322,-4.07022904976888,0.2727272727272725,0.5510204081632653,-39.55167765233033,6.651577346889766e-18
22.04081632653061,0.0189654668883421,-3.9651354857239447,0.2828282828282826,0.5510204081632653,-39.55295929783451,6.643057843345325e-18
22.04081632653061,0.0210671163356406,-3.8600419216790063,0.292929292929293,0.5510204081632653,-39.55418727271316,6.6349053417543295e-18
22.04081632653061,0.0234016590950486,-3.7549483576340705,0.3030303030303031,0.5510204081632653,-39.55536383137121,6.6271035769460895e-18
22.04081632653061,0.0259949031313031,-3.649854793589135,0.3131313131313132,0.5510204081632653,-39.55649112725609,6.619637079621693e-18
22.04081632653061,0.0288755163068248,-3.5447612295442013,0.32323232323232315,0.5510204081632653,-39.55757121754689,6.612491133711482e-18
22.04081632653061,0.0320753432999582,-3.4396676654992664,0.33333333333333315,0.5510204081632653,-39.558606067622534,6.605651736247399e-18
22.04081632653061,0.0356297576423598,-3.3345741014543298,0.34343434343434337,0.5510204081632653,-39.55959755531894,6.5991055595872604e-18
22.04081632653061,0.0395780527672466,-3.229480537409394,0.3535353535353535,0.5510204081632653,-39.56054747498478,6.592839915839495e-18
22.04081632653061,0.0439638763914761,-3.1243869733644574,0.3636363636363637,0.5510204081632653,-39.56145754134534,6.586842723347016e-18
22.04081632653061,0.048835713033475,-3.019293409319523,0.3737373737373737,0.5510204081632653,-39.562329393183084,6.581102475100339e-18
22.04081632653061,0.0542474200011699,-2.914199845274587,0.3838383838383838,0.5510204081632653,-39.563164596843905,6.575608208955885e-18
22.04081632653061,0.060258822775172,-2.8091062812296523,0.3939393939393938,0.5510204081632653,-39.563964649576654,6.570349479549738e-18
22.04081632653061,0.0669363763690749,-2.7040127171847166,0.404040404040404,0.5510204081632653,-39.56473098271442,6.565316331797111e-18
22.04081632653061,0.0743538999780876,-2.5989191531397813,0.4141414141414141,0.5510204081632653,-39.56546496470458,6.560499275882277e-18
22.04081632653061,0.0825933930374168,-2.493825589094845,0.42424242424242425,0.5510204081632653,-39.5661679039949,6.555889263646331e-18
22.04081632653061,0.0917459417117808,-2.38873202504991,0.4343434343434343,0.5510204081632653,-39.56684105178266,6.551477666286807e-18
22.04081632653061,0.101912725837141,-2.283638461004973,0.44444444444444453,0.5510204081632653,-39.56748560463314,6.547256253290176e-18
22.04081632653061,0.113206137446215,-2.1785448969600347,0.4545454545454549,0.5510204081632653,-39.56810270697384,6.5432171725223995e-18
22.04081632653061,0.125751023242877,-2.0734513329151003,0.46464646464646486,0.5510204081632653,-39.56869345347032,6.539352931407867e-18
22.04081632653061,0.139686064760787,-1.9683577688701692,0.47474747474747453,0.5510204081632653,-39.56925889128932,6.5356563791323386e-18
22.04081632653061,0.155165311463659,-1.8632642048252352,0.48484848484848453,0.5510204081632653,-39.56980002225462,6.532120689808824e-18
22.04081632653061,0.172359883735326,-1.7581706407802946,0.49494949494949514,0.5510204081632653,-39.570317804900775,6.5287393465490185e-18
22.04081632653061,0.19145986458586,-1.6530770767353593,0.5050505050505052,0.5510204081632653,-39.57081315642962,6.525506126388644e-18
22.04081632653061,0.212676400986239,-1.5479835126904273,0.5151515151515149,0.5510204081632653,-39.57128695457424,6.5224150860156864e-18
22.04081632653061,0.236244038061438,-1.442889948645492,0.5252525252525251,0.5510204081632653,-39.571740039374895,6.519460548255277e-18
22.04081632653061,0.262423311946047,-1.3377963846005527,0.5353535353535355,0.5510204081632653,-39.57217321487115,6.516637089267745e-18
22.04081632653061,0.291503629965987,-1.2327028205556183,0.5454545454545455,0.5510204081632653,-39.57258725071416,6.513939526419304e-18
22.04081632653061,0.323806469986239,-1.1276092565106834,0.5555555555555556,0.5510204081632653,-39.572982883703055,6.511362906786439e-18
22.04081632653061,0.359688934292802,-1.0225156924657481,0.5656565656565656,0.5510204081632653,-39.573360819249146,6.5089024962580526e-18
22.04081632653061,0.399547697296443,-0.9174221284208132,0.5757575757575757,0.5510204081632653,-39.57372173277128,6.506553769202056e-18
22.04081632653061,0.443823390699414,-0.8123285643758777,0.5858585858585857,0.5510204081632653,-39.57406627102574,6.5043123986649844e-18
22.04081632653061,0.49300547460239,-0.707235000330941,0.5959595959595959,0.5510204081632653,-39.57439505337394,6.502174247073647e-18
22.04081632653061,0.547637648400869,-0.6021414362860068,0.606060606060606,0.5510204081632653,-39.57470867299077,6.500135357412309e-18
22.04081632653061,0.608323861287565,-0.49704787224107067,0.6161616161616161,0.5510204081632653,-39.57500769801653,6.498191944848632e-18
22.04081632653061,0.67573498880583,-0.39195430819613525,0.6262626262626262,0.5510204081632653,-39.5752926726552,6.496340388782902e-18
22.04081632653061,0.750616249262273,-0.2868607441511999,0.6363636363636362,0.5510204081632653,-39.57556411822155,6.494577225299162e-18
22.04081632653061,0.833795441985706,-0.18176718010626372,0.6464646464646464,0.5510204081632653,-39.57582253413964,6.492899139994197e-18
22.04081632653061,0.926192098504948,-0.07667361606132911,0.6565656565656565,0.5510204081632653,-39.57606839889495,6.491302961166008e-18
22.04081632653061,1.02882764781018,0.028419947983610284,0.666666666666667,0.5510204081632653,-39.576302170942476,6.48978565334063e-18
22.04081632653061,1.142836708073,0.1335135120285407,0.6767676767676766,0.5510204081632653,-39.57652428957284,6.488344311120376e-18
22.04081632653061,1.2694796296533,0.23860707607348014,0.686868686868687,0.5510204081632653,-39.57673517573847,6.4869761533351454e-18
22.04081632653061,1.41015642805352,0.3437006401184105,0.6969696969696967,0.5510204081632653,-39.57693523284163,6.485678517482622e-18
22.04081632653061,1.56642226084696,0.44879420416335164,0.7070707070707073,0.5510204081632653,-39.57712484748638,6.4844488544392886e-18
22.04081632653061,1.74000461967455,0.5538877682082868,0.7171717171717173,0.5510204081632653,-39.577304390195984,6.483284723430427e-18
22.04081632653061,1.93282242736499,0.6589813322532224,0.7272727272727274,0.5510204081632653,-39.57747421609739,6.4821837872445646e-18
22.04081632653061,2.14700725129329,0.7640748962981553,0.7373737373737373,0.5510204081632653,-39.57763466557455,6.4811438076793854e-18
22.04081632653061,2.38492686748792,0.8691684603430914,0.7474747474747475,0.5510204081632653,-39.57778606489193,6.480162641206892e-18
22.04081632653061,2.64921143598352,0.9742620243880249,0.7575757575757573,0.5510204081632653,-39.57792872678959,6.4792382348477334e-18
22.04081632653061,2.94278257678333,1.0793555884329629,0.7676767676767676,0.5510204081632653,-39.578062951051244,6.47836862224242e-18
22.04081632653061,3.26888566786082,1.184449152477898,0.7777777777777777,0.5510204081632653,-39.57818902504669,6.477551919909786e-18
22.04081632653061,3.63112572224959,1.289542716522833,0.7878787878787878,0.5510204081632653,-39.57830722424953,6.476786323683835e-18
22.04081632653061,4.0335072408363,1.3946362805677694,0.797979797979798,0.5510204081632653,-39.578417812731665,6.476070105318654e-18
22.04081632653061,4.48047848142245,1.4997298446127043,0.808080808080808,0.5510204081632653,-39.57852104363542,6.475401609254227e-18
22.04081632653061,4.97698063344183,1.6048234086576407,0.8181818181818182,0.5510204081632653,-39.5786171596246,6.4747792495330546e-18
22.04081632653061,5.52850244195146,1.7099169727025751,0.8282828282828283,0.5510204081632653,-39.57870639331507,6.474201506863052e-18
22.04081632653061,6.14114088475497,1.8150105367475111,0.8383838383838383,0.5510204081632653,-39.57878896768641,6.473666925815387e-18
22.04081632653061,6.8216685734332,1.9201041007924453,0.8484848484848483,0.5510204081632653,-39.578865096474765,6.473174112154985e-18
22.04081632653061,7.57760862338904,2.0251976648373815,0.8585858585858586,0.5510204081632653,-39.57893498454866,6.4727217302925305e-18
22.04081632653061,8.41731782058148,2.1302912288823177,0.8686868686868686,0.5510204081632653,-39.57899882826773,6.472308500855964e-18
22.04081632653061,9.35007900434302,2.2353847929272526,0.8787878787878787,0.5510204081632653,-39.57905681582568,6.4719331983732305e-18
22.04081632653061,10.3862036875563,2.3404783569721936,0.8888888888888893,0.5510204081632653,-39.57910912757816,6.471594649060845e-18
22.04081632653061,11.5371460486378,2.445571921017128,0.8989898989898993,0.5510204081632653,-39.579155936355974,6.471291728714514e-18
22.04081632653061,12.8156295554912,2.550665485062058,0.909090909090909,0.5510204081632653,-39.579197407764646,6.471023360695437e-18
22.04081632653061,14.2357876212352,2.6557590491069942,0.919191919191919,0.5510204081632653,-39.579233700470716,6.470788514008268e-18
22.04081632653061,15.8133198466305,2.7608526131519304,0.9292929292929293,0.5510204081632653,-39.579264966475485,6.470586201466503e-18
22.04081632653061,17.5656655764397,2.865946177196865,0.9393939393939392,0.5510204081632653,-39.57929135137689,6.4704154779398276e-18
22.04081632653061,19.5121966883548,2.9710397412417997,0.9494949494949493,0.5510204081632653,-39.57931299461976,6.4702754386815974e-18
22.04081632653061,21.6744317457404,3.0761333052867346,0.9595959595959593,0.5510204081632653,-39.579330029735324,6.470165217730599e-18
22.04081632653061,24.0762738816144,3.1812268693316703,0.9696969696969694,0.5510204081632653,-39.579342584570234,6.4700839863843725e-18
22.04081632653061,26.744275043632,3.2863204333766105,0.97979797979798,0.5510204081632653,-39.57935078150563,6.470030951741283e-18
22.04081632653061,29.707929521255,3.3914139974215445,0.98989898989899,0.5510204081632653,-39.5793547376668,6.470005355306722e-18
22.04081632653061,33.0,3.4965075614664802,1.0,0.5510204081632653,-39.57935456512368,6.470006471661714e-18
22.857142857142858,0.001,-6.907755278982137,0.0,0.5714285714285714,-39.493430069560155,7.050521631231715e-18
22.857142857142858,0.001110814537795,-6.802661714937222,0.010101010101008117,0.5714285714285714,-39.49692179169067,7.025946099253714e-18
22.857142857142858,0.0012339089373767,-6.697568150892323,0.020202020202014698,0.5714285714285714,-39.50027234531011,7.002444683483677e-18
22.857142857142858,0.0013706439859533,-6.592474586847349,0.030303030303028534,0.5714285714285714,-39.50348766340711,6.979965754189821e-18
22.857142857142858,0.0015225312657382,-6.487381022802441,0.04040404040403597,0.5714285714285714,-39.50657342110126,6.95846046827392e-18
22.857142857142858,0.0016912498642295,-6.382287458757476,0.05050505050504887,0.5714285714285714,-39.50953504667681,6.937882600795017e-18
22.857142857142858,0.00187866493623,-6.277193894712534,0.06060606060605963,0.5714285714285714,-39.51237773219848,6.918188387863847e-18
22.857142857142858,0.00208684832281,-6.172100330667619,0.07070707070706775,0.5714285714285714,-39.515106443717634,6.89933638006109e-18
22.857142857142858,0.0023181014551505,-6.067006766622687,0.08080808080807748,0.5714285714285714,-39.51772593107859,6.8812873055964085e-18
22.857142857142858,0.002574980796465,-5.961913202577741,0.0909090909090886,0.5714285714285714,-39.520240737334525,6.864003942494905e-18
22.857142857142858,0.0028603261032564,-5.856819638532781,0.10101010101010106,0.5714285714285714,-39.52265520778386,6.847450999149402e-18
22.857142857142858,0.0031772918183317,-5.751726074487876,0.11111111111110823,0.5714285714285714,-39.524973498637785,6.83159500263272e-18
22.857142857142858,0.0035293819426201,-5.646632510442922,0.1212121212121201,0.5714285714285714,-39.527199585329946,6.8164041942124794e-18
22.857142857142858,0.0039204887712936,-5.541538946397998,0.13131313131312908,0.5714285714285714,-39.529337270479864,6.801848431552465e-18
22.857142857142858,0.0043549359224151,-5.436445382353058,0.14141414141413966,0.5714285714285714,-39.53139019152122,6.78789909712741e-18
22.857142857142858,0.0048375261337845,-5.331351818308116,0.15151515151515035,0.5714285714285714,-39.533361828006456,6.7745290124140045e-18
22.857142857142858,0.0053735943563712,-5.2262582542631755,0.16161616161616094,0.5714285714285714,-39.535255508599185,6.761712357453764e-18
22.857142857142858,0.0059690667312704,-5.121164690218244,0.17171717171717069,0.5714285714285714,-39.537074417765474,6.749424595416251e-18
22.857142857142858,0.0066305261021638,-5.016071126173304,0.18181818181818118,0.5714285714285714,-39.538821602175304,6.73764240181755e-18
22.857142857142858,0.0073652847875129,-4.910977562128371,0.19191919191919102,0.5714285714285714,-39.540499976825,6.726343598076869e-18
22.857142857142858,0.0081814654169699,-4.80588399808343,0.20202020202020168,0.5714285714285714,-39.54211233089156,6.715507089115661e-18
22.857142857142858,0.0090880907256374,-4.700790434038493,0.21212121212121193,0.5714285714285714,-39.543661333329275,6.705112804728414e-18
22.857142857142858,0.0100951832988382,-4.595696869993551,0.22222222222222263,0.5714285714285714,-39.54514953821893,6.695141644471767e-18
22.857142857142858,0.0112138763700549,-4.490603305948624,0.23232323232323193,0.5714285714285714,-39.54657938987968,6.6855754258390705e-18
22.857142857142858,0.0124565368968931,-4.385509741903686,0.24242424242424226,0.5714285714285714,-39.54795322775319,6.676396835504032e-18
22.857142857142858,0.013836902275649,-4.280416177858747,0.2525252525252527,0.5714285714285714,-39.549273291069674,6.6675893834313525e-18
22.857142857142858,0.0153702322058399,-4.175322613813814,0.26262626262626254,0.5714285714285714,-39.550541723304775,6.6591373596699084e-18
22.857142857142858,0.0170734773835322,-4.07022904976888,0.2727272727272725,0.5714285714285714,-39.551760576436344,6.651025793653563e-18
22.857142857142858,0.0189654668883421,-3.9651354857239447,0.2828282828282826,0.5714285714285714,-39.55293181500955,6.643240415850036e-18
22.857142857142858,0.0210671163356406,-3.8600419216790063,0.292929292929293,0.5714285714285714,-39.554057320018565,6.63576762160844e-18
22.857142857142858,0.0234016590950486,-3.7549483576340705,0.3030303030303031,0.5714285714285714,-39.55513889261296,6.628594437065314e-18
22.857142857142858,0.0259949031313031,-3.649854793589135,0.3131313131313132,0.5714285714285714,-39.55617825763629,6.621708486981312e-18
22.857142857142858,0.0288755163068248,-3.5447612295442013,0.32323232323232315,0.5714285714285714,-39.55717706700435,6.6150979643874435e-18
22.857142857142858,0.0320753432999582,-3.4396676654992664,0.33333333333333315,0.5714285714285714,-39.558136902930244,6.6087516019285184e-18
22.857142857142858,0.0356297576423598,-3.3345741014543298,0.34343434343434337,0.5714285714285714,-39.55905928100288,6.602658644800401e-18
22.857142857142858,0.0395780527672466,-3.229480537409394,0.3535353535353535,0.5714285714285714,-39.559945653125816,6.596808825181909e-18
22.857142857142858,0.0439638763914761,-3.1243869733644574,0.3636363636363637,0.5714285714285714,-39.56079741032233,6.5911923380722475e-18
22.857142857142858,0.048835713033475,-3.019293409319523,0.3737373737373737,0.5714285714285714,-39.561615885413026,6.5857998184480785e-18
22.857142857142858,0.0542474200011699,-2.914199845274587,0.3838383838383838,0.5714285714285714,-39.56240235557154,6.580622319661925e-18
22.857142857142858,0.060258822775172,-2.8091062812296523,0.3939393939393938,0.5714285714285714,-39.563158044764194,6.575651293006163e-18
22.857142857142858,0.0669363763690749,-2.7040127171847166,0.404040404040404,0.5714285714285714,-39.56388412607843,6.570878568376159e-18
22.857142857142858,0.0743538999780876,-2.5989191531397813,0.4141414141414141,0.5714285714285714,-39.564581723945516,6.566296335965569e-18
22.857142857142858,0.0825933930374168,-2.493825589094845,0.42424242424242425,0.5714285714285714,-39.56525191626219,6.5618971289342255e-18
22.857142857142858,0.0917459417117808,-2.38873202504991,0.4343434343434343,0.5714285714285714,-39.56589573641575,6.5576738069928295e-18
22.857142857142858,0.101912725837141,-2.283638461004973,0.44444444444444453,0.5714285714285714,-39.56651417521734,6.553619540849346e-18
22.857142857142858,0.113206137446215,-2.1785448969600347,0.4545454545454549,0.5714285714285714,-39.56710818274735,6.549727797470164e-18
22.857142857142858,0.125751023242877,-2.0734513329151003,0.46464646464646486,0.5714285714285714,-39.56767867011713,6.545992326107104e-18
22.857142857142858,0.139686064760787,-1.9683577688701692,0.47474747474747453,0.5714285714285714,-39.56822651115092,6.542407145048333e-18
22.857142857142858,0.155165311463659,-1.8632642048252352,0.48484848484848453,0.5714285714285714,-39.56875254399151,6.53896652905137e-18
22.857142857142858,0.172359883735326,-1.7581706407802946,0.49494949494949514,0.5714285714285714,-39.56925757263333,6.5356649974204525e-18
22.857142857142858,0.19145986458586,-1.6530770767353593,0.5050505050505052,0.5714285714285714,-39.56974236838629,6.5324973026914926e-18
22.857142857142858,0.212676400986239,-1.5479835126904273,0.5151515151515149,0.5714285714285714,-39.57020767127339,6.529458419891873e-18
22.857142857142858,0.236244038061438,-1.442889948645492,0.5252525252525251,0.5714285714285714,-39.57065419136549,6.526543536342296e-18
22.857142857142858,0.262423311946047,-1.3377963846005527,0.5353535353535355,0.5714285714285714,-39.57108261005592,6.523748041971226e-18
22.857142857142858,0.291503629965987,-1.2327028205556183,0.5454545454545455,0.5714285714285714,-39.57149358127762,6.521067520114724e-18
22.857142857142858,0.323806469986239,-1.1276092565106834,0.5555555555555556,0.5714285714285714,-39.57188773266591,6.518497738773281e-18
22.857142857142858,0.359688934292802,-1.0225156924657481,0.5656565656565656,0.5714285714285714,-39.57226566666882,6.516034642303162e-18
22.857142857142858,0.399547697296443,-0.9174221284208132,0.5757575757575757,0.5714285714285714,-39.57262796160793,6.513674343517168e-18
22.857142857142858,0.443823390699414,-0.8123285643758777,0.5858585858585857,0.5714285714285714,-39.57297517269159,6.511413116174036e-18
22.857142857142858,0.49300547460239,-0.707235000330941,0.5959595959595959,0.5714285714285714,-39.573307832983126,6.509247387834396e-18
22.857142857142858,0.547637648400869,-0.6021414362860068,0.606060606060606,0.5714285714285714,-39.573626454325634,6.507173733065843e-18
22.857142857142858,0.608323861287565,-0.49704787224107067,0.6161616161616161,0.5714285714285714,-39.57393152822593,6.505188866976026e-18
22.857142857142858,0.67573498880583,-0.39195430819613525,0.6262626262626262,0.5714285714285714,-39.574223526698944,6.5032896390595025e-18
22.857142857142858,0.750616249262273,-0.2868607441511999,0.6363636363636362,0.5714285714285714,-39.57450290307492,6.50147302733922e-18
22.857142857142858,0.833795441985706,-0.18176718010626372,0.6464646464646464,0.5714285714285714,-39.57477009277074,6.499736132789166e-18
22.857142857142858,0.926192098504948,-0.07667361606132911,0.6565656565656565,0.5714285714285714,-39.57502551402723,6.498076174022675e-18
22.857142857142858,1.02882764781018,0.028419947983610284,0.666666666666667,0.5714285714285714,-39.57526956861394,6.49649048223317e-18
22.857142857142858,1.142836708073,0.1335135120285407,0.6767676767676766,0.5714285714285714,-39.57550264250294,6.494976496373767e-18
22.857142857142858,1.2694796296533,0.23860707607348014,0.686868686868687,0.5714285714285714,-39.575725106512955,6.493531758564471e-18
22.857142857142858,1.41015642805352,0.3437006401184105,0.6969696969696967,0.5714285714285714,-39.57593731692534,6.492153909714254e-18
22.857142857142858,1.56642226084696,0.44879420416335164,0.7070707070707073,0.5714285714285714,-39.57613961607302,6.4908406853482704e-18
22.857142857142858,1.74000461967455,0.5538877682082868,0.7171717171717173,0.5714285714285714,-39.57633233290377,6.489589911628957e-18
22.857142857142858,1.93282242736499,0.6589813322532224,0.7272727272727274,0.5714285714285714,-39.57651578351891,6.488399501561732e-18
22.857142857142858,2.14700725129329,0.7640748962981553,0.7373737373737373,0.5714285714285714,-39.576690271688605,6.487267451375991e-18
22.857142857142858,2.38492686748792,0.8691684603430914,0.7474747474747475,0.5714285714285714,-39.57685608934479,6.486191837072565e-18
22.857142857142858,2.64921143598352,0.9742620243880249,0.7575757575757573,0.5714285714285714,-39.577013517052684,6.485170811129668e-18
22.857142857142858,2.94278257678333,1.0793555884329629,0.7676767676767676,0.5714285714285714,-39.57716282446206,6.4842025993589116e-18
22.857142857142858,3.26888566786082,1.184449152477898,0.7777777777777777,0.5714285714285714,-39.57730427073887,6.483285497904947e-18
22.857142857142858,3.63112572224959,1.289542716522833,0.7878787878787878,0.5714285714285714,-39.57743810497845,6.482417870380805e-18
22.857142857142858,4.0335072408363,1.3946362805677694,0.797979797979798,0.5714285714285714,-39.57756456660089,6.481598145132547e-18
22.857142857142858,4.48047848142245,1.4997298446127043,0.808080808080808,0.5714285714285714,-39.57768388572949,6.480824812627527e-18
22.857142857142858,4.97698063344183,1.6048234086576407,0.8181818181818182,0.5714285714285714,-39.577796283553035,6.4800964229593e-18
22.857142857142858,5.52850244195146,1.7099169727025751,0.8282828282828283,0.5714285714285714,-39.57790197267254,6.479411583464712e-18
22.857142857142858,6.14114088475497,1.8150105367475111,0.8383838383838383,0.5714285714285714,-39.57800115743336,6.478768956446479e-18
22.857142857142858,6.8216685734332,1.9201041007924453,0.8484848484848483,0.5714285714285714,-39.57809403424307,6.478167256997353e-18
22.857142857142858,7.57760862338904,2.0251976648373815,0.8585858585858586,0.5714285714285714,-39.5781807918759,6.477605250920577e-18
22.857142857142858,8.41731782058148,2.1302912288823177,0.8686868686868686,0.5714285714285714,-39.57826161176434,6.477081752741665e-18
22.857142857142858,9.35007900434302,2.2353847929272526,0.8787878787878787,0.5714285714285714,-39.57833666827839,6.4765956238078924e-18
22.857142857142858,10.3862036875563,2.3404783569721936,0.8888888888888893,0.5714285714285714,-39.578406128992995,6.4761457704713975e-18
22.857142857142858,11.5371460486378,2.445571921017128,0.8989898989898993,0.5714285714285714,-39.57847015494439,6.4757311423506865e-18
22.857142857142858,12.8156295554912,2.550665485062058,0.909090909090909,0.5714285714285714,-39.57852890087552,6.475350730668926e-18
22.857142857142858,14.2357876212352,2.6557590491069942,0.919191919191919,0.5714285714285714,-39.578582515471304,6.4750035666635456e-18
22.857142857142858,15.8133198466305,2.7608526131519304,0.9292929292929293,0.5714285714285714,-39.57863114158405,6.474688720065043e-18
22.857142857142858,17.5656655764397,2.865946177196865,0.9393939393939392,0.5714285714285714,-39.57867491644947,6.474405297641089e-18
22.857142857142858,19.5121966883548,2.9710397412417997,0.9494949494949493,0.5714285714285714,-39.5787139718937,6.4741524418038196e-18
22.857142857142858,21.6744317457404,3.0761333052867346,0.9595959595959593,0.5714285714285714,-39.57874843453174,6.47392932927614e-18
22.857142857142858,24.0762738816144,3.1812268693316703,0.9696969696969694,0.5714285714285714,-39.57877842595773,6.473735169815372e-18
22.857142857142858,26.744275043632,3.2863204333766105,0.97979797979798,0.5714285714285714,-39.578804062927276,6.4735692049913985e-18
22.857142857142858,29.707929521255,3.3914139974215445,0.98989898989899,0.5714285714285714,-39.57882545753235,6.473430707016374e-18
22.857142857142858,33.0,3.4965075614664802,1.0,0.5714285714285714,-39.57884271736892,6.473318977624555e-18
23.6734693877551,0.001,-6.907755278982137,0.0,0.5918367346938775,-39.50078615517318,6.998847682506108e-18
23.6734693877551,0.001110814537795,-6.802661714937222,0.010101010101008117,0.5918367346938775,-39.5037519398099,6.978121357674642e-18
23.6734693877551,0.0012339089373767,-6.697568150892323,0.020202020202014698,0.5918367346938775,-39.50660533073932,6.95823842986152e-18
23.6734693877551,0.0013706439859533,-6.592474586847349,0.030303030303028534,0.5918367346938775,-39.50935079893258,6.939161007782128e-18
23.6734693877551,0.0015225312657382,-6.487381022802441,0.04040404040403597,0.5918367346938775,-39.51199262890999,6.920853118027675e-18
23.6734693877551,0.0016912498642295,-6.382287458757476,0.05050505050504887,0.5918367346938775,-39.514534926545814,6.903280596262748e-18
23.6734693877551,0.00187866493623,-6.277193894712534,0.06060606060605963,0.5918367346938775,-39.516981626570264,6.886410985313451e-18
23.6734693877551,0.00208684832281,-6.172100330667619,0.07070707070706775,0.5918367346938775,-39.519336499776536,6.8702134396650786e-18
23.6734693877551,0.0023181014551505,-6.067006766622687,0.08080808080807748,0.5918367346938775,-39.52160315994178,6.854658635921375e-18
23.6734693877551,0.002574980796465,-5.961913202577741,0.0909090909090886,0.5918367346938775,-39.523785070470524,6.8397186888137746e-18
23.6734693877551,0.0028603261032564,-5.856819638532781,0.10101010101010106,0.5918367346938775,-39.52588555076918,6.825367072379975e-18
23.6734693877551,0.0031772918183317,-5.751726074487876,0.11111111111110823,0.5918367346938775,-39.52790778236069,6.8115785459583404e-18
23.6734693877551,0.0035293819426201,-5.646632510442922,0.1212121212121201,0.5918367346938775,-39.52985481474773,6.7983290846732866e-18
23.6734693877551,0.0039204887712936,-5.541538946397998,0.13131313131312908,0.5918367346938775,-39.53172957103343,6.785595814108522e-18
23.6734693877551,0.0043549359224151,-5.436445382353058,0.14141414141413966,0.5918367346938775,-39.533534853308005,6.773356948890022e-18
23.6734693877551,0.0048375261337845,-5.331351818308116,0.15151515151515035,0.5918367346938775,-39.53527334780981,6.761591734918724e-18
23.6734693877551,0.0053735943563712,-5.2262582542631755,0.16161616161616094,0.5918367346938775,-39.53694762986935,6.7502803950121034e-18
23.6734693877551,0.0059690667312704,-5.121164690218244,0.17171717171717069,0.5918367346938775,-39.53856016864399,6.739404077733932e-18
23.6734693877551,0.0066305261021638,-5.016071126173304,0.18181818181818118,0.5918367346938775,-39.540113331651774,6.728944809202957e-18
23.6734693877551,0.0073652847875129,-4.910977562128371,0.19191919191919102,0.5918367346938775,-39.54160938911193,6.718885447689799e-18
23.6734693877551,0.0081814654169699,-4.80588399808343,0.20202020202020168,0.5918367346938775,-39.543050518099626,6.709209640823622e-18
23.6734693877551,0.0090880907256374,-4.700790434038493,0.21212121212121193,0.5918367346938775,-39.54443880652252,6.699901785241519e-18
23.6734693877551,0.0100951832988382,-4.595696869993551,0.22222222222222263,0.5918367346938775,-39.5457762569261,6.690946988527967e-18
23.6734693877551,0.0112138763700549,-4.490603305948624,0.23232323232323193,0.5918367346938775,-39.54706479013486,6.682331033299531e-18
23.6734693877551,0.0124565368968931,-4.385509741903686,0.24242424242424226,0.5918367346938775,-39.54830624873603,6.674040343301384e-18
23.6734693877551,0.013836902275649,-4.280416177858747,0.2525252525252527,0.5918367346938775,-39.549502400412415,6.6660619513912095e-18
23.6734693877551,0.0153702322058399,-4.175322613813814,0.26262626262626254,0.5918367346938775,-39.55065494113041,6.658383469295157e-18
23.6734693877551,0.0170734773835322,-4.07022904976888,0.2727272727272725,0.5918367346938775,-39.55176549818965,6.6509930590259116e-18
23.6734693877551,0.0189654668883421,-3.9651354857239447,0.2828282828282826,0.5918367346938775,-39.552835633139715,6.6438794058641355e-18
23.6734693877551,0.0210671163356406,-3.8600419216790063,0.292929292929293,0.5918367346938775,-39.55386684456988,6.637031692806965e-18
23.6734693877551,0.0234016590950486,-3.7549483576340705,0.3030303030303031,0.5918367346938775,-39.554860570777144,6.630439576397281e-18
23.6734693877551,0.0259949031313031,-3.649854793589135,0.3131313131313132,0.5918367346938775,-39.555818192317794,6.624093163850619e-18
23.6734693877551,0.0288755163068248,-3.5447612295442013,0.32323232323232315,0.5918367346938775,-39.556741034447505,6.617982991403802e-18
23.6734693877551,0.0320753432999582,-3.4396676654992664,0.33333333333333315,0.5918367346938775,-39.557630369454955,6.6121000038119905e-18
23.6734693877551,0.0356297576423598,-3.3345741014543298,0.34343434343434337,0.5918367346938775,-39.55848741889335,6.6064355349287804e-18
23.6734693877551,0.0395780527672466,-3.229480537409394,0.3535353535353535,0.5918367346938775,-39.55931335571447,6.600981289305316e-18
23.6734693877551,0.0439638763914761,-3.1243869733644574,0.3636363636363637,0.5918367346938775,-39.560109306309414,6.595729324750328e-18
23.6734693877551,0.048835713033475,-3.019293409319523,0.3737373737373737,0.5918367346938775,-39.56087635246022,6.590672035794995e-18
23.6734693877551,0.0542474200011699,-2.914199845274587,0.3838383838383838,0.5918367346938775,-39.56161553320617,6.5858021380123215e-18
23.6734693877551,0.060258822775172,-2.8091062812296523,0.3939393939393938,0.5918367346938775,-39.5623278466287,6.581112653141113e-18
23.6734693877551,0.0669363763690749,-2.7040127171847166,0.404040404040404,0.5918367346938775,-39.563014251558165,6.576596894971249e-18
23.6734693877551,0.0743538999780876,-2.5989191531397813,0.4141414141414141,0.5918367346938775,-39.56367566920654,6.57224845594436e-18
23.6734693877551,0.0825933930374168,-2.493825589094845,0.42424242424242425,0.5918367346938775,-39.56431298472851,6.5680611944342454e-18
23.6734693877551,0.0917459417117808,-2.38873202504991,0.4343434343434343,0.5918367346938775,-39.56492704871491,6.5640292226653155e-18
23.6734693877551,0.101912725837141,-2.283638461004973,0.44444444444444453,0.5918367346938775,-39.56551867862095,6.560146895236814e-18
23.6734693877551,0.113206137446215,-2.1785448969600347,0.4545454545454549,0.5918367346938775,-39.56608866013249,6.556408798217798e-18
23.6734693877551,0.125751023242877,-2.0734513329151003,0.46464646464646486,0.5918367346938775,-39.566637748472864,6.552809738783203e-18
23.6734693877551,0.139686064760787,-1.9683577688701692,0.47474747474747453,0.5918367346938775,-39.567166669653005,6.5493447353605554e-18
23.6734693877551,0.155165311463659,-1.8632642048252352,0.48484848484848453,0.5918367346938775,-39.56767612166751,6.54600900826003e-18
23.6734693877551,0.172359883735326,-1.7581706407802946,0.49494949494949514,0.5918367346938775,-39.56816677563879,6.542797970762685e-18
23.6734693877551,0.19145986458586,-1.6530770767353593,0.5050505050505052,0.5918367346938775,-39.56863927691182,6.539707220641505e-18
23.6734693877551,0.212676400986239,-1.5479835126904273,0.5151515151515149,0.5918367346938775,-39.56909424610169,6.536732532092446e-18
23.6734693877551,0.236244038061438,-1.442889948645492,0.5252525252525251,0.5918367346938775,-39.56953228009585,6.5338698480549076e-18
23.6734693877551,0.262423311946047,-1.3377963846005527,0.5353535353535355,0.5918367346938775,-39.56995395301339,6.53111527289894e-18
23.6734693877551,0.291503629965987,-1.2327028205556183,0.5454545454545455,0.5918367346938775,-39.57035981712289,6.528465065463065e-18
23.6734693877551,0.323806469986239,-1.1276092565106834,0.5555555555555556,0.5918367346938775,-39.570750403721114,6.525915632421136e-18
23.6734693877551,0.359688934292802,-1.0225156924657481,0.5656565656565656,0.5918367346938775,-39.571126223973785,6.523463521964496e-18
23.6734693877551,0.399547697296443,-0.9174221284208132,0.5757575757575757,0.5918367346938775,-39.571487769720655,6.521105417780226e-18
23.6734693877551,0.443823390699414,-0.8123285643758777,0.5858585858585857,0.5918367346938775,-39.571835514246025,6.518838133312556e-18
23.6734693877551,0.49300547460239,-0.707235000330941,0.5959595959595959,0.5918367346938775,-39.57216991301647,6.516658606291959e-18
23.6734693877551,0.547637648400869,-0.6021414362860068,0.606060606060606,0.5918367346938775,-39.5724914043872,6.5145638935181e-18
23.6734693877551,0.608323861287565,-0.49704787224107067,0.6161616161616161,0.5918367346938775,-39.57280041027835,6.5125511658851135e-18
23.6734693877551,0.67573498880583,-0.39195430819613525,0.6262626262626262,0.5918367346938775,-39.57309733682267,6.51061770363504e-18
23.6734693877551,0.750616249262273,-0.2868607441511999,0.6363636363636362,0.5918367346938775,-39.573382574985736,6.508760891830214e-18
23.6734693877551,0.833795441985706,-0.18176718010626372,0.6464646464646464,0.5918367346938775,-39.573656501159974,6.506978216032014e-18
23.6734693877551,0.926192098504948,-0.07667361606132911,0.6565656565656565,0.5918367346938775,-39.573919477733746,6.505267258175929e-18
23.6734693877551,1.02882764781018,0.028419947983610284,0.666666666666667,0.5918367346938775,-39.57417185363624,6.5036256926352074e-18
23.6734693877551,1.142836708073,0.1335135120285407,0.6767676767676766,0.5918367346938775,-39.574413964859815,6.5020512824599474e-18
23.6734693877551,1.2694796296533,0.23860707607348014,0.686868686868687,0.5918367346938775,-39.57464613496012,6.500541875787846e-18
23.6734693877551,1.41015642805352,0.3437006401184105,0.6969696969696967,0.5918367346938775,-39.57486867553549,6.499095402414057e-18
23.6734693877551,1.56642226084696,0.44879420416335164,0.7070707070707073,0.5918367346938775,-39.575081886686355,6.497709870514405e-18
23.6734693877551,1.74000461967455,0.5538877682082868,0.7171717171717173,0.5918367346938775,-39.57528605745527,6.4963833635155255e-18
23.6734693877551,1.93282242736499,0.6589813322532224,0.7272727272727274,0.5918367346938775,-39.575481466248995,6.495114037101715e-18
23.6734693877551,2.14700725129329,0.7640748962981553,0.7373737373737373,0.5918367346938775,-39.57566838124273,6.493900116355701e-18
23.6734693877551,2.38492686748792,0.8691684603430914,0.7474747474747475,0.5918367346938775,-39.57584706076785,6.492739893023893e-18
23.6734693877551,2.64921143598352,0.9742620243880249,0.7575757575757573,0.5918367346938775,-39.57601775368348,6.491631722902202e-18
23.6734693877551,2.94278257678333,1.0793555884329629,0.7676767676767676,0.5918367346938775,-39.576180699732824,6.4905740233354866e-18
23.6734693877551,3.26888566786082,1.184449152477898,0.7777777777777777,0.5918367346938775,-39.57633612988483,6.489565270825743e-18
23.6734693877551,3.63112572224959,1.289542716522833,0.7878787878787878,0.5918367346938775,-39.57648426666173,6.48860399874467e-18
23.6734693877551,4.0335072408363,1.3946362805677694,0.797979797979798,0.5918367346938775,-39.57662532445329,6.487688795144122e-18
23.6734693877551,4.48047848142245,1.4997298446127043,0.808080808080808,0.5918367346938775,-39.576759509818125,6.486818300661322e-18
23.6734693877551,4.97698063344183,1.6048234086576407,0.8181818181818182,0.5918367346938775,-39.57688702177278,6.485991206513649e-18
23.6734693877551,5.52850244195146,1.7099169727025751,0.8282828282828283,0.5918367346938775,-39.57700805206895,6.485206252579524e-18
23.6734693877551,6.14114088475497,1.8150105367475111,0.8383838383838383,0.5918367346938775,-39.57712278545954,6.484462225560683e-18
23.6734693877551,6.8216685734332,1.9201041007924453,0.8484848484848483,0.5918367346938775,-39.577231399953895,6.483757957222434e-18
23.6734693877551,7.57760862338904,2.0251976648373815,0.8585858585858586,0.5918367346938775,-39.57733406706265,6.483092322709064e-18
23.6734693877551,8.41731782058148,2.1302912288823177,0.8686868686868686,0.5918367346938775,-39.57743095203285,6.48246423892902e-18
23.6734693877551,9.35007900434302,2.2353847929272526,0.8787878787878787,0.5918367346938775,-39.57752221407335,6.481872663009737e-18
23.6734693877551,10.3862036875563,2.3404783569721936,0.8888888888888893,0.5918367346938775,-39.57760800657145,6.481316590815333e-18
23.6734693877551,11.5371460486378,2.445571921017128,0.8989898989898993,0.5918367346938775,-39.577688477300605,6.480795055527848e-18
23.6734693877551,12.8156295554912,2.550665485062058,0.909090909090909,0.5918367346938775,-39.57776376861988,6.4803071262868015e-18
23.6734693877551,14.2357876212352,2.6557590491069942,0.919191919191919,0.5918367346938775,-39.57783401766554,6.479851906885173e-18
23.6734693877551,15.8133198466305,2.7608526131519304,0.9292929292929293,0.5918367346938775,-39.57789935653488,6.479428534519568e-18
23.6734693877551,17.5656655764397,2.865946177196865,0.9393939393939392,0.5918367346938775,-39.57795991246278,6.479036178592242e-18
23.6734693877551,19.5121966883548,2.9710397412417997,0.9494949494949493,0.5918367346938775,-39.578015807991285,6.478674039561911e-18
23.6734693877551,21.6744317457404,3.0761333052867346,0.9595959595959593,0.5918367346938775,-39.5780671611324,6.47834134784216e-18
23.6734693877551,24.0762738816144,3.1812268693316703,0.9696969696969694,0.5918367346938775,-39.578114085524554,6.478037362744476e-18
23.6734693877551,26.744275043632,3.2863204333766105,0.97979797979798,0.5918367346938775,-39.57815669058274,6.477761371465075e-18
23.6734693877551,29.707929521255,3.3914139974215445,0.98989898989899,0.5918367346938775,-39.57819508164285,6.477512688112487e-18
23.6734693877551,33.0,3.4965075614664802,1.0,0.5918367346938775,-39.57822936010043,6.477290652774143e-18
24.489795918367346,0.001,-6.907755278982137,0.0,0.6122448979591837,-39.50703422261027,6.955254737849157e-18
24.489795918367346,0.001110814537795,-6.802661714937222,0.010101010101008117,0.6122448979591837,-39.50956370652238,6.937683765000419e-18
24.489795918367346,0.0012339089373767,-6.697568150892323,0.020202020202014698,0.6122448979591837,-39.5120033764991,6.9207787359417485e-18
24.489795918367346,0.0013706439859533,-6.592474586847349,0.030303030303028534,0.6122448979591837,-39.514356614853234,6.9045116416618505e-18
24.489795918367346,0.0015225312657382,-6.487381022802441,0.04040404040403597,0.6122448979591837,-39.51662666862954,6.8888558054542554e-18
24.489795918367346,0.0016912498642295,-6.382287458757476,0.05050505050504887,0.6122448979591837,-39.5188166551246,6.8737858118381616e-18
24.489795918367346,0.00187866493623,-6.277193894712534,0.06060606060605963,0.6122448979591837,-39.520929567190386,6.859277439713572e-18
24.489795918367346,0.00208684832281,-6.172100330667619,0.07070707070706775,0.6122448979591837,-39.52296827832842,6.845307599471429e-18
24.489795918367346,0.0023181014551505,-6.067006766622687,0.08080808080807748,0.6122448979591837,-39.524935547581514,6.831854273798861e-18
24.489795918367346,0.002574980796465,-5.961913202577741,0.0909090909090886,0.6122448979591837,-39.5268340242297,6.818896461939748e-18
24.489795918367346,0.0028603261032564,-5.856819638532781,0.10101010101010106,0.6122448979591837,-39.52866625229718,6.806414127186991e-18
24.489795918367346,0.0031772918183317,-5.751726074487876,0.11111111111110823,0.6122448979591837,-39.53043467487697,6.7943881473982375e-18
24.489795918367346,0.0035293819426201,-5.646632510442922,0.1212121212121201,0.6122448979591837,-39.53214163827973,6.782800268342866e-18
24.489795918367346,0.0039204887712936,-5.541538946397998,0.13131313131312908,0.6122448979591837,-39.5337893960131,6.771633059700706e-18
24.489795918367346,0.0043549359224151,-5.436445382353058,0.14141414141413966,0.6122448979591837,-39.53538011259785,6.7608698735457325e-18
24.489795918367346,0.0048375261337845,-5.331351818308116,0.15151515151515035,0.6122448979591837,-39.536915867227144,6.750494805158198e-18
24.489795918367346,0.0053735943563712,-5.2262582542631755,0.16161616161616094,0.6122448979591837,-39.538398657274534,6.74049265602236e-18
24.489795918367346,0.0059690667312704,-5.121164690218244,0.17171717171717069,0.6122448979591837,-39.53983040165677,6.7308488988735336e-18
24.489795918367346,0.0066305261021638,-5.016071126173304,0.18181818181818118,0.6122448979591837,-39.54121294405695,6.721549644669488e-18
24.489795918367346,0.0073652847875129,-4.910977562128371,0.19191919191919102,0.6122448979591837,-39.54254805601356,6.7125816113683525e-18
24.489795918367346,0.0081814654169699,-4.80588399808343,0.20202020202020168,0.6122448979591837,-39.543837439880555,6.7039320944048966e-18
24.489795918367346,0.0090880907256374,-4.700790434038493,0.21212121212121193,0.6122448979591837,-39.54508273166387,6.69558893876161e-18
24.489795918367346,0.0100951832988382,-4.595696869993551,0.22222222222222263,0.6122448979591837,-39.54628550373906,6.6875405125405576e-18
24.489795918367346,0.0112138763700549,-4.490603305948624,0.23232323232323193,0.6122448979591837,-39.547447267455155,6.679775681945721e-18
24.489795918367346,0.0124565368968931,-4.385509741903686,0.24242424242424226,0.6122448979591837,-39.54856947562914,6.6722837875938615e-18
24.489795918367346,0.013836902275649,-4.280416177858747,0.2525252525252527,0.6122448979591837,-39.549653524935614,6.665054622075186e-18
24.489795918367346,0.0153702322058399,-4.175322613813814,0.26262626262626254,0.6122448979591837,-39.55070075819605,6.658078408691232e-18
24.489795918367346,0.0170734773835322,-4.07022904976888,0.2727272727272725,0.6122448979591837,-39.55171246657168,6.651345781301595e-18
24.489795918367346,0.0189654668883421,-3.9651354857239447,0.2828282828282826,0.6122448979591837,-39.55268989166401,6.6448477652165025e-18
24.489795918367346,0.0210671163356406,-3.8600419216790063,0.292929292929293,0.6122448979591837,-39.553634227527006,6.638575759073921e-18
24.489795918367346,0.0234016590950486,-3.7549483576340705,0.3030303030303031,0.6122448979591837,-39.55454662259434,6.632521517647239e-18
24.489795918367346,0.0259949031313031,-3.649854793589135,0.3131313131313132,0.6122448979591837,-39.55542818152562,6.626677135528552e-18
24.489795918367346,0.0288755163068248,-3.5447612295442013,0.32323232323232315,0.6122448979591837,-39.556279966974735,6.621035031640656e-18
24.489795918367346,0.0320753432999582,-3.4396676654992664,0.33333333333333315,0.6122448979591837,-39.55710300128377,6.615587934529671e-18
24.489795918367346,0.0356297576423598,-3.3345741014543298,0.34343434343434337,0.6122448979591837,-39.55789826810557,6.61032886839624e-18
24.489795918367346,0.0395780527672466,-3.229480537409394,0.3535353535353535,0.6122448979591837,-39.55866671395804,6.605251139823445e-18
24.489795918367346,0.0439638763914761,-3.1243869733644574,0.3636363636363637,0.6122448979591837,-39.55940924971305,6.6003483251641725e-18
24.489795918367346,0.048835713033475,-3.019293409319523,0.3737373737373737,0.6122448979591837,-39.560126752022725,6.595614258551158e-18
24.489795918367346,0.0542474200011699,-2.914199845274587,0.3838383838383838,0.6122448979591837,-39.56082006468585,6.5910430204963485e-18
24.489795918367346,0.060258822775172,-2.8091062812296523,0.3939393939393938,0.6122448979591837,-39.56148999995688,6.5866289270475515e-18
24.489795918367346,0.0669363763690749,-2.7040127171847166,0.404040404040404,0.6122448979591837,-39.56213733980008,6.582366519472686e-18
24.489795918367346,0.0743538999780876,-2.5989191531397813,0.4141414141414141,0.6122448979591837,-39.56276283709105,6.578250554443277e-18
24.489795918367346,0.0825933930374168,-2.493825589094845,0.42424242424242425,0.6122448979591837,-39.56336721676804,6.574275994690557e-18
24.489795918367346,0.0917459417117808,-2.38873202504991,0.4343434343434343,0.6122448979591837,-39.563951176935085,6.570438000109564e-18
24.489795918367346,0.101912725837141,-2.283638461004973,0.44444444444444453,0.6122448979591837,-39.564515389919016,6.566731919287559e-18
24.489795918367346,0.113206137446215,-2.1785448969600347,0.4545454545454549,0.6122448979591837,-39.565060503282474,6.563153281434384e-18
24.489795918367346,0.125751023242877,-2.0734513329151003,0.46464646464646486,0.6122448979591837,-39.56558714079466,6.559697788694056e-18
24.489795918367346,0.139686064760787,-1.9683577688701692,0.47474747474747453,0.6122448979591837,-39.56609590336169,6.556361308818141e-18
24.489795918367346,0.155165311463659,-1.8632642048252352,0.48484848484848453,0.6122448979591837,-39.56658736991837,6.5531398681813465e-18
24.489795918367346,0.172359883735326,-1.7581706407802946,0.49494949494949514,0.6122448979591837,-39.5670620982829,6.5500296451231524e-18
24.489795918367346,0.19145986458586,-1.6530770767353593,0.5050505050505052,0.6122448979591837,-39.567520625976194,6.5470269635979186e-18
24.489795918367346,0.212676400986239,-1.5479835126904273,0.5151515151515149,0.6122448979591837,-39.567963471007346,6.5441282871178795e-18
24.489795918367346,0.236244038061438,-1.442889948645492,0.5252525252525251,0.6122448979591837,-39.568391132626644,6.541330212974821e-18
24.489795918367346,0.262423311946047,-1.3377963846005527,0.5353535353535355,0.6122448979591837,-39.568804092047536,6.538629466725893e-18
24.489795918367346,0.291503629965987,-1.2327028205556183,0.5454545454545455,0.6122448979591837,-39.56920281313887,6.536022896930784e-18
24.489795918367346,0.323806469986239,-1.1276092565106834,0.5555555555555556,0.6122448979591837,-39.56958774308877,6.5335074701271704e-18
24.489795918367346,0.359688934292802,-1.0225156924657481,0.5656565656565656,0.6122448979591837,-39.56995931304116,6.531080266033521e-18
24.489795918367346,0.399547697296443,-0.9174221284208132,0.5757575757575757,0.6122448979591837,-39.570317938706374,6.5287384729671946e-18
24.489795918367346,0.443823390699414,-0.8123285643758777,0.5858585858585857,0.6122448979591837,-39.57066402094671,6.526479383467841e-18
24.489795918367346,0.49300547460239,-0.707235000330941,0.5959595959595959,0.6122448979591837,-39.570997946338075,6.524300390116322e-18
24.489795918367346,0.547637648400869,-0.6021414362860068,0.606060606060606,0.6122448979591837,-39.57132008770897,6.522198981538017e-18
24.489795918367346,0.608323861287565,-0.49704787224107067,0.6161616161616161,0.6122448979591837,-39.571630804657296,6.520172738584406e-18
24.489795918367346,0.67573498880583,-0.39195430819613525,0.6262626262626262,0.6122448979591837,-39.571930444046394,6.518219330681793e-18
24.489795918367346,0.750616249262273,-0.2868607441511999,0.6363636363636362,0.6122448979591837,-39.57221934048092,6.516336512340548e-18
24.489795918367346,0.833795441985706,-0.18176718010626372,0.6464646464646464,0.6122448979591837,-39.57249781676358,6.514522119816402e-18
24.489795918367346,0.926192098504948,-0.07667361606132911,0.6565656565656565,0.6122448979591837,-39.57276618433332,6.512774067917812e-18
24.489795918367346,1.02882764781018,0.028419947983610284,0.666666666666667,0.6122448979591837,-39.57302474368602,6.511090346950801e-18
24.489795918367346,1.142836708073,0.1335135120285407,0.6767676767676766,0.6122448979591837,-39.5732737847782,6.509469019796422e-18
24.489795918367346,1.2694796296533,0.23860707607348014,0.686868686868687,0.6122448979591837,-39.57351358741462,6.507908219113353e-18
24.489795918367346,1.41015642805352,0.3437006401184105,0.6969696969696967,0.6122448979591837,-39.57374442162029,6.5064061446607486e-18
24.489795918367346,1.56642226084696,0.44879420416335164,0.7070707070707073,0.6122448979591837,-39.57396654799776,6.5049610607350384e-18
24.489795918367346,1.74000461967455,0.5538877682082868,0.7171717171717173,0.6122448979591837,-39.574180218070076,6.503571293715897e-18
24.489795918367346,1.93282242736499,0.6589813322532224,0.7272727272727274,0.6122448979591837,-39.57438567461007,6.502235229716526e-18
24.489795918367346,2.14700725129329,0.7640748962981553,0.7373737373737373,0.6122448979591837,-39.574583151956794,6.500951312332058e-18
24.489795918367346,2.38492686748792,0.8691684603430914,0.7474747474747475,0.6122448979591837,-39.57477287631917,6.499718040484027e-18
24.489795918367346,2.64921143598352,0.9742620243880249,0.7575757575757573,0.6122448979591837,-39.57495506606786,6.498533966354068e-18
24.489795918367346,2.94278257678333,1.0793555884329629,0.7676767676767676,0.6122448979591837,-39.575129932015464,6.497397693404608e-18
24.489795918367346,3.26888566786082,1.184449152477898,0.7777777777777777,0.6122448979591837,-39.575297677685846,6.496307874481549e-18
24.489795918367346,3.63112572224959,1.289542716522833,0.7878787878787878,0.6122448979591837,-39.57545849957276,6.495263209995902e-18
24.489795918367346,4.0335072408363,1.3946362805677694,0.797979797979798,0.6122448979591837,-39.57561258738846,6.494262446180202e-18
24.489795918367346,4.48047848142245,1.4997298446127043,0.808080808080808,0.6122448979591837,-39.57576012430249,6.493304373417292e-18
24.489795918367346,4.97698063344183,1.6048234086576407,0.8181818181818182,0.6122448979591837,-39.57590128717121,6.492387824637304e-18
24.489795918367346,5.52850244195146,1.7099169727025751,0.8282828282828283,0.6122448979591837,-39.57603624675843,6.4915116737802645e-18
24.489795918367346,6.14114088475497,1.8150105367475111,0.8383838383838383,0.6122448979591837,-39.57616516794735,6.490674834321693e-18
24.489795918367346,6.8216685734332,1.9201041007924453,0.8484848484848483,0.6122448979591837,-39.57628820994443,6.489876257857921e-18
24.489795918367346,7.57760862338904,2.0251976648373815,0.8585858585858586,0.6122448979591837,-39.57640552647529,6.489114932748513e-18
24.489795918367346,8.41731782058148,2.1302912288823177,0.8686868686868686,0.6122448979591837,-39.57651726597299,6.48838988281454e-18
24.489795918367346,9.35007900434302,2.2353847929272526,0.8787878787878787,0.6122448979591837,-39.57662357175925,6.487700166087569e-18
24.489795918367346,10.3862036875563,2.3404783569721936,0.8888888888888893,0.6122448979591837,-39.576724582218446,6.487044873610914e-18
24.489795918367346,11.5371460486378,2.445571921017128,0.8989898989898993,0.6122448979591837,-39.57682043096515,6.4864231282872035e-18
24.489795918367346,12.8156295554912,2.550665485062058,0.909090909090909,0.6122448979591837,-39.576911247005114,6.485834083772907e-18
24.489795918367346,14.2357876212352,2.6557590491069942,0.919191919191919,0.6122448979591837,-39.57699715489016,6.485276923416601e-18
24.489795918367346,15.8133198466305,2.7608526131519304,0.9292929292929293,0.6122448979591837,-39.57707827486717,6.484750859239108e-18
24.489795918367346,17.5656655764397,2.865946177196865,0.9393939393939392,0.6122448979591837,-39.5771547230213,6.4842551309549076e-18
24.489795918367346,19.5121966883548,2.9710397412417997,0.9494949494949493,0.6122448979591837,-39.577226611413955,6.4837890050307086e-18
24.489795918367346,21.6744317457404,3.0761333052867346,0.9595959595959593,0.6122448979591837,-39.5772940482153,6.483351773782518e-18
24.489795918367346,24.0762738816144,3.1812268693316703,0.9696969696969694,0.6122448979591837,-39.57735713783189,6.48294275450747e-18
24.489795918367346,26.744275043632,3.2863204333766105,0.97979797979798,0.6122448979591837,-39.57741598102945,6.482561288649614e-18
24.489795918367346,29.707929521255,3.3914139974215445,0.98989898989899,0.6122448979591837,-39.577470675051025,6.482206740998562e-18
24.489795918367346,33.0,3.4965075614664802,1.0,0.6122448979591837,-39.57752131373065,6.481878498919087e-18
25.306122448979593,0.001,-6.907755278982137,0.0,0.6326530612244898,-39.5123616665289,6.918299534085374e-18
25.306122448979593,0.001110814537795,-6.802661714937222,0.010101010101008117,0.6326530612244898,-39.5145275396847,6.903331590026085e-18
25.306122448979593,0.0012339089373767,-6.697568150892323,0.020202020202014698,0.6326530612244898,-39.51662137680059,6.888892260197284e-18
25.306122448979593,0.0013706439859533,-6.592474586847349,0.030303030303028534,0.6326530612244898,-39.51864574761702,6.8749606938341246e-18
25.306122448979593,0.0015225312657382,-6.487381022802441,0.04040404040403597,0.6326530612244898,-39.52060312332235,6.861516974294183e-18
25.306122448979593,0.0016912498642295,-6.382287458757476,0.05050505050504887,0.6326530612244898,-39.52249588046306,6.848542072087973e-18
25.306122448979593,0.00187866493623,-6.277193894712534,0.06060606060605963,0.6326530612244898,-39.524326304700956,6.836017800546909e-18
25.306122448979593,0.00208684832281,-6.172100330667619,0.07070707070706775,0.6326530612244898,-39.52609659442275,6.823926773964367e-18
25.306122448979593,0.0023181014551505,-6.067006766622687,0.08080808080807748,0.6326530612244898,-39.52780886420711,6.812252368057161e-18
25.306122448979593,0.002574980796465,-5.961913202577741,0.0909090909090886,0.6326530612244898,-39.52946514815448,6.8009786826038776e-18
25.306122448979593,0.0028603261032564,-5.856819638532781,0.10101010101010106,0.6326530612244898,-39.531067403084144,6.790090506129707e-18
25.306122448979593,0.0031772918183317,-5.751726074487876,0.11111111111110823,0.6326530612244898,-39.53261751160395,6.779573282510785e-18
25.306122448979593,0.0035293819426201,-5.646632510442922,0.1212121212121201,0.6326530612244898,-39.53411728505707,6.7694130793841254e-18
25.306122448979593,0.0039204887712936,-5.541538946397998,0.13131313131312908,0.6326530612244898,-39.535568466350455,6.759596558254793e-18
25.306122448979593,0.0043549359224151,-5.436445382353058,0.14141414141413966,0.6326530612244898,-39.53697273266951,6.750110946199162e-18
25.306122448979593,0.0048375261337845,-5.331351818308116,0.15151515151515035,0.6326530612244898,-39.53833169808335,6.74094400906976e-18
25.306122448979593,0.0053735943563712,-5.2262582542631755,0.16161616161616094,0.6326530612244898,-39.539646916044724,6.732084026113921e-18
25.306122448979593,0.0059690667312704,-5.121164690218244,0.17171717171717069,0.6326530612244898,-39.540919881788845,6.723519765923545e-18
25.306122448979593,0.0066305261021638,-5.016071126173304,0.18181818181818118,0.6326530612244898,-39.542152034634995,6.715240463638225e-18
25.306122448979593,0.0073652847875129,-4.910977562128371,0.19191919191919102,0.6326530612244898,-39.543344760194714,6.707235799330395e-18
25.306122448979593,0.0081814654169699,-4.80588399808343,0.20202020202020168,0.6326530612244898,-39.5444993924903,6.699495877504107e-18
25.306122448979593,0.0090880907256374,-4.700790434038493,0.21212121212121193,0.6326530612244898,-39.545617215987214,6.692011207644044e-18
25.306122448979593,0.0100951832988382,-4.595696869993551,0.22222222222222263,0.6326530612244898,-39.546699467543725,6.684772685755693e-18
25.306122448979593,0.0112138763700549,-4.490603305948624,0.23232323232323193,0.6326530612244898,-39.54774733828132,6.677771576840026e-18
25.306122448979593,0.0124565368968931,-4.385509741903686,0.24242424242424226,0.6326530612244898,-39.54876197537877,6.670999498251942e-18
25.306122448979593,0.013836902275649,-4.280416177858747,0.2525252525252527,0.6326530612244898,-39.549744483793276,6.6644484038913826e-18
25.306122448979593,0.0153702322058399,-4.175322613813814,0.26262626262626254,0.6326530612244898,-39.55069592791142,6.6581105691827134e-18
25.306122448979593,0.0170734773835322,-4.07022904976888,0.2727272727272725,0.6326530612244898,-39.55161733313289,6.651978576797885e-18
25.306122448979593,0.0189654668883421,-3.9651354857239447,0.2828282828282826,0.6326530612244898,-39.55250968738965,6.646045303083731e-18
25.306122448979593,0.0210671163356406,-3.8600419216790063,0.292929292929293,0.6326530612244898,-39.553373942603336,6.640303905154075e-18
25.306122448979593,0.0234016590950486,-3.7549483576340705,0.3030303030303031,0.6326530612244898,-39.55421101608324,6.6347478086115525e-18
25.306122448979593,0.0259949031313031,-3.649854793589135,0.3131313131313132,0.6326530612244898,-39.55502179186748,6.629370695864715e-18
25.306122448979593,0.0288755163068248,-3.5447612295442013,0.32323232323232315,0.6326530612244898,-39.5558071220096,6.6241664950093685e-18
25.306122448979593,0.0320753432999582,-3.4396676654992664,0.33333333333333315,0.6326530612244898,-39.556567827812835,6.619129369243307e-18
25.306122448979593,0.0356297576423598,-3.3345741014543298,0.34343434343434337,0.6326530612244898,-39.55730470101446,6.614253706786144e-18
25.306122448979593,0.0395780527672466,-3.229480537409394,0.3535353535353535,0.6326530612244898,-39.55801850492177,6.609534111279552e-18
25.306122448979593,0.0439638763914761,-3.1243869733644574,0.3636363636363637,0.6326530612244898,-39.55870997550232,6.604965392639772e-18
25.306122448979593,0.048835713033475,-3.019293409319523,0.3737373737373737,0.6326530612244898,-39.559379822429854,6.600542558341387e-18
25.306122448979593,0.0542474200011699,-2.914199845274587,0.3838383838383838,0.6326530612244898,-39.56002873008792,6.596260805109355e-18
25.306122448979593,0.060258822775172,-2.8091062812296523,0.3939393939393938,0.6326530612244898,-39.56065735853304,6.592115510997233e-18
25.306122448979593,0.0669363763690749,-2.7040127171847166,0.404040404040404,0.6326530612244898,-39.561266344418925,6.5881022278333595e-18
25.306122448979593,0.0743538999780876,-2.5989191531397813,0.4141414141414141,0.6326530612244898,-39.56185630188343,6.58421667401556e-18
25.306122448979593,0.0825933930374168,-2.493825589094845,0.42424242424242425,0.6326530612244898,-39.56242782339991,6.5804547276362624e-18
25.306122448979593,0.0917459417117808,-2.38873202504991,0.4343434343434343,0.6326530612244898,-39.56298148059424,6.576812419922314e-18
25.306122448979593,0.101912725837141,-2.283638461004973,0.44444444444444453,0.6326530612244898,-39.56351782502914,6.573285928972951e-18
25.306122448979593,0.113206137446215,-2.1785448969600347,0.4545454545454549,0.6326530612244898,-39.56403738895697,6.5698715737816405e-18
25.306122448979593,0.125751023242877,-2.0734513329151003,0.46464646464646486,0.6326530612244898,-39.564540686042506,6.566565808526996e-18
25.306122448979593,0.139686064760787,-1.9683577688701692,0.47474747474747453,0.6326530612244898,-39.56502821205679,6.563365217120021e-18
25.306122448979593,0.155165311463659,-1.8632642048252352,0.48484848484848453,0.6326530612244898,-39.565500445543286,6.5602665079950735e-18
25.306122448979593,0.172359883735326,-1.7581706407802946,0.49494949494949514,0.6326530612244898,-39.56595784845755,6.55726650913238e-18
25.306122448979593,0.19145986458586,-1.6530770767353593,0.5050505050505052,0.6326530612244898,-39.56640086678146,6.554362163300808e-18
25.306122448979593,0.212676400986239,-1.5479835126904273,0.5151515151515149,0.6326530612244898,-39.566829931113055,6.5515505235104664e-18
25.306122448979593,0.236244038061438,-1.442889948645492,0.5252525252525251,0.6326530612244898,-39.56724545723307,6.54882874866478e-18
25.306122448979593,0.262423311946047,-1.3377963846005527,0.5353535353535355,0.6326530612244898,-39.567647846648974,6.546194099402792e-18
25.306122448979593,0.291503629965987,-1.2327028205556183,0.5454545454545455,0.6326530612244898,-39.568037487117664,6.543643934121828e-18
25.306122448979593,0.323806469986239,-1.1276092565106834,0.5555555555555556,0.6326530612244898,-39.56841475314741,6.5411757051734846e-18
25.306122448979593,0.359688934292802,-1.0225156924657481,0.5656565656565656,0.6326530612244898,-39.56878000648027,6.538786955222351e-18
25.306122448979593,0.399547697296443,-0.9174221284208132,0.5757575757575757,0.6326530612244898,-39.56913359655536,6.536475313762658e-18
25.306122448979593,0.443823390699414,-0.8123285643758777,0.5858585858585857,0.6326530612244898,-39.56947586095416,6.534238493782907e-18
25.306122448979593,0.49300547460239,-0.707235000330941,0.5959595959595959,0.6326530612244898,-39.56980712582829,6.532074288573075e-18
25.306122448979593,0.547637648400869,-0.6021414362860068,0.606060606060606,0.6326530612244898,-39.5701277063107,6.529980568667311e-18
25.306122448979593,0.608323861287565,-0.49704787224107067,0.6161616161616161,0.6326530612244898,-39.57043790691073,6.527955278915994e-18
25.306122448979593,0.67573498880583,-0.39195430819613525,0.6262626262626262,0.6326530612244898,-39.57073802189401,6.525996435680443e-18
25.306122448979593,0.750616249262273,-0.2868607441511999,0.6363636363636362,0.6326530612244898,-39.57102833564738,6.524102124146386e-18
25.306122448979593,0.833795441985706,-0.18176718010626372,0.6464646464646464,0.6326530612244898,-39.57130912302991,6.5222704957486546e-18
25.306122448979593,0.926192098504948,-0.07667361606132911,0.6565656565656565,0.6326530612244898,-39.571580649710306,6.5204997657034225e-18
25.306122448979593,1.02882764781018,0.028419947983610284,0.666666666666667,0.6326530612244898,-39.57184317249121,6.518788210642995e-18
25.306122448979593,1.142836708073,0.1335135120285407,0.6767676767676766,0.6326530612244898,-39.5720969396212,6.517134166347678e-18
25.306122448979593,1.2694796296533,0.23860707607348014,0.686868686868687,0.6326530612244898,-39.572342191094656,6.5155360255718544e-18
25.306122448979593,1.41015642805352,0.3437006401184105,0.6969696969696967,0.6326530612244898,-39.57257915894029,6.513992235958175e-18
25.306122448979593,1.56642226084696,0.44879420416335164,0.7070707070707073,0.6326530612244898,-39.572808067498556,6.512501298037639e-18
25.306122448979593,1.74000461967455,0.5538877682082868,0.7171717171717173,0.6326530612244898,-39.57302913368846,6.511061763311045e-18
25.306122448979593,1.93282242736499,0.6589813322532224,0.7272727272727274,0.6326530612244898,-39.573242567264344,6.509672232407632e-18
25.306122448979593,2.14700725129329,0.7640748962981553,0.7373737373737373,0.6326530612244898,-39.573448571062805,6.508331353318857e-18
25.306122448979593,2.38492686748792,0.8691684603430914,0.7474747474747475,0.6326530612244898,-39.57364734124028,6.5070378197028935e-18
25.306122448979593,2.64921143598352,0.9742620243880249,0.7575757575757573,0.6326530612244898,-39.57383906750169,6.505790369257222e-18
25.306122448979593,2.94278257678333,1.0793555884329629,0.7676767676767676,0.6326530612244898,-39.574023933320426,6.5045877821561185e-18
25.306122448979593,3.26888566786082,1.184449152477898,0.7777777777777777,0.6326530612244898,-39.57420211615001,6.503428879551141e-18
25.306122448979593,3.63112572224959,1.289542716522833,0.7878787878787878,0.6326530612244898,-39.57437378762793,6.5023125221299794e-18
25.306122448979593,4.0335072408363,1.3946362805677694,0.797979797979798,0.6326530612244898,-39.57453911377166,6.501237608733462e-18
25.306122448979593,4.48047848142245,1.4997298446127043,0.808080808080808,0.6326530612244898,-39.57469825516747,6.500203075026652e-18
25.306122448979593,4.97698063344183,1.6048234086576407,0.8181818181818182,0.6326530612244898,-39.57485136715218,6.499207892221977e-18
25.306122448979593,5.52850244195146,1.7099169727025751,0.8282828282828283,0.6326530612244898,-39.574998599988014,6.498251065853175e-18
25.306122448979593,6.14114088475497,1.8150105367475111,0.8383838383838383,0.6326530612244898,-39.575140099031124,6.497331634596323e-18
25.306122448979593,6.8216685734332,1.9201041007924453,0.8484848484848483,0.6326530612244898,-39.57527600489374,6.496448669137287e-18
25.306122448979593,7.57760862338904,2.0251976648373815,0.8585858585858586,0.6326530612244898,-39.575406453600344,6.495601271083054e-18
25.306122448979593,8.41731782058148,2.1302912288823177,0.8686868686868686,0.6326530612244898,-39.57553157673805,6.494788571915519e-18
25.306122448979593,9.35007900434302,2.2353847929272526,0.8787878787878787,0.6326530612244898,-39.57565150160149,6.494009731985025e-18
25.306122448979593,10.3862036875563,2.3404783569721936,0.8888888888888893,0.6326530612244898,-39.575766351332305,6.493263939543256e-18
25.306122448979593,11.5371460486378,2.445571921017128,0.8989898989898993,0.6326530612244898,-39.57587624505351,6.4925504098131295e-18
25.306122448979593,12.8156295554912,2.550665485062058,0.909090909090909,0.6326530612244898,-39.57598129799893,6.491868384094311e-18
25.306122448979593,14.2357876212352,2.6557590491069942,0.919191919191919,0.6326530612244898,-39.576081621637975,6.491217128902503e-18
25.306122448979593,15.8133198466305,2.7608526131519304,0.9292929292929293,0.6326530612244898,-39.576177323795676,6.4905959351424275e-18
25.306122448979593,17.5656655764397,2.865946177196865,0.9393939393939392,0.6326530612244898,-39.57626850876853,6.490004117311142e-18
25.306122448979593,19.5121966883548,2.9710397412417997,0.9494949494949493,0.6326530612244898,-39.576355277435965,6.489441012732494e-18
25.306122448979593,21.6744317457404,3.0761333052867346,0.9595959595959593,0.6326530612244898,-39.57643772736788,6.4889059808197935e-18
25.306122448979593,24.0762738816144,3.1812268693316703,0.9696969696969694,0.6326530612244898,-39.576515952928155,6.488398402366948e-18
25.306122448979593,26.744275043632,3.2863204333766105,0.97979797979798,0.6326530612244898,-39.576590045374466,6.4879176788658824e-18
25.306122448979593,29.707929521255,3.3914139974215445,0.98989898989899,0.6326530612244898,-39.57666009295455,6.4874632318493546e-18
25.306122448979593,33.0,3.4965075614664802,1.0,0.6326530612244898,-39.57672618099883,6.487034502259096e-18
26.122448979591837,0.001,-6.907755278982137,0.0,0.653061224489796,-39.516920721532735,6.8868304152055184e-18
26.122448979591837,0.001110814537795,-6.802661714937222,0.010101010101008117,0.653061224489796,-39.51878220183392,6.874022640458554e-18
26.122448979591837,0.0012339089373767,-6.697568150892323,0.020202020202014698,0.653061224489796,-39.52058569158671,6.861636583486681e-18
26.122448979591837,0.0013706439859533,-6.592474586847349,0.030303030303028534,0.653061224489796,-39.5223331522806,6.8496566135730575e-18
26.122448979591837,0.0015225312657382,-6.487381022802441,0.04040404040403597,0.653061224489796,-39.52402647324676,6.838067761010939e-18
26.122448979591837,0.0016912498642295,-6.382287458757476,0.05050505050504887,0.653061224489796,-39.52566747443642,6.826855685710659e-18
26.122448979591837,0.00187866493623,-6.277193894712534,0.06060606060605963,0.653061224489796,-39.52725790909157,6.816006647472466e-18
26.122448979591837,0.00208684832281,-6.172100330667619,0.07070707070706775,0.653061224489796,-39.528799466311874,6.805507477825968e-18
26.122448979591837,0.0023181014551505,-6.067006766622687,0.08080808080807748,0.653061224489796,-39.53029377352156,6.795345553345737e-18
26.122448979591837,0.002574980796465,-5.961913202577741,0.0909090909090886,0.653061224489796,-39.53174239883993,6.7855087703567195e-18
26.122448979591837,0.0028603261032564,-5.856819638532781,0.10101010101010106,0.653061224489796,-39.53314685335919,6.7759855209494225e-18
26.122448979591837,0.0031772918183317,-5.751726074487876,0.11111111111110823,0.653061224489796,-39.53450859333288,6.7667646702297974e-18
26.122448979591837,0.0035293819426201,-5.646632510442922,0.1212121212121201,0.653061224489796,-39.535829022278385,6.757835534733645e-18
26.122448979591837,0.0039204887712936,-5.541538946397998,0.13131313131312908,0.653061224489796,-39.53710949299681,6.749187861938933e-18
26.122448979591837,0.0043549359224151,-5.436445382353058,0.14141414141413966,0.653061224489796,-39.53835130951332,6.740811810814699e-18
26.122448979591837,0.0048375261337845,-5.331351818308116,0.15151515151515035,0.653061224489796,-39.53955572894086,6.732697933349007e-18
26.122448979591837,0.0053735943563712,-5.2262582542631755,0.16161616161616094,0.653061224489796,-39.54072396327064,6.7248371569996246e-18
26.122448979591837,0.0059690667312704,-5.121164690218244,0.17171717171717069,0.653061224489796,-39.54185718109168,6.717220768018685e-18
26.122448979591837,0.0066305261021638,-5.016071126173304,0.18181818181818118,0.653061224489796,-39.54295650924254,6.7098403956016885e-18
26.122448979591837,0.0073652847875129,-4.910977562128371,0.19191919191919102,0.653061224489796,-39.54402303439789,6.7026879968160174e-18
26.122448979591837,0.0081814654169699,-4.80588399808343,0.20202020202020168,0.653061224489796,-39.5450578045922,6.695755842267164e-18
26.122448979591837,0.0090880907256374,-4.700790434038493,0.21212121212121193,0.653061224489796,-39.54606183068338,6.6890365024620544e-18
26.122448979591837,0.0100951832988382,-4.595696869993551,0.22222222222222263,0.653061224489796,-39.54703608775847,6.682522834832581e-18
26.122448979591837,0.0112138763700549,-4.490603305948624,0.23232323232323193,0.653061224489796,-39.547981516483866,6.6762079713834466e-18
26.122448979591837,0.0124565368968931,-4.385509741903686,0.24242424242424226,0.653061224489796,-39.548899024402125,6.670085306931827e-18
26.122448979591837,0.013836902275649,-4.280416177858747,0.2525252525252527,0.653061224489796,-39.54978948717768,6.664148487906713e-18
26.122448979591837,0.0153702322058399,-4.175322613813814,0.26262626262626254,0.653061224489796,-39.550653749793234,6.658391401679645e-18
26.122448979591837,0.0170734773835322,-4.07022904976888,0.2727272727272725,0.653061224489796,-39.55149262769917,6.65280816639749e-18
26.122448979591837,0.0189654668883421,-3.9651354857239447,0.2828282828282826,0.653061224489796,-39.55230690791743,6.6473931212929426e-18
26.122448979591837,0.0210671163356406,-3.8600419216790063,0.292929292929293,0.653061224489796,-39.5530973501021,6.642140817446547e-18
26.122448979591837,0.0234016590950486,-3.7549483576340705,0.3030303030303031,0.653061224489796,-39.553864687558104,6.637046008977938e-18
26.122448979591837,0.0259949031313031,-3.649854793589135,0.3131313131313132,0.653061224489796,-39.55460962822003,6.632103644643425e-18
26.122448979591837,0.0288755163068248,-3.5447612295442013,0.32323232323232315,0.653061224489796,-39.55533285559232,6.62730885982056e-18
26.122448979591837,0.0320753432999582,-3.4396676654992664,0.33333333333333315,0.653061224489796,-39.55603502965267,6.622656968858979e-18
26.122448979591837,0.0356297576423598,-3.3345741014543298,0.34343434343434337,0.653061224489796,-39.556716787720084,6.618143457778853e-18
26.122448979591837,0.0395780527672466,-3.229480537409394,0.3535353535353535,0.653061224489796,-39.55737874528878,6.613763977301308e-18
26.122448979591837,0.0439638763914761,-3.1243869733644574,0.3636363636363637,0.653061224489796,-39.55802149682968,6.609514336191728e-18
26.122448979591837,0.048835713033475,-3.019293409319523,0.3737373737373737,0.653061224489796,-39.558645616560526,6.6053904949024335e-18
26.122448979591837,0.0542474200011699,-2.914199845274587,0.3838383838383838,0.653061224489796,-39.55925165918594,6.601388559499228e-18
26.122448979591837,0.060258822775172,-2.8091062812296523,0.3939393939393938,0.653061224489796,-39.559840160608736,6.597504775857716e-18
26.122448979591837,0.0669363763690749,-2.7040127171847166,0.404040404040404,0.653061224489796,-39.560411638613594,6.593735524116184e-18
26.122448979591837,0.0743538999780876,-2.5989191531397813,0.4141414141414141,0.653061224489796,-39.56096659352418,6.59007731337288e-18
26.122448979591837,0.0825933930374168,-2.493825589094845,0.42424242424242425,0.653061224489796,-39.56150550883474,6.5865267766161446e-18
26.122448979591837,0.0917459417117808,-2.38873202504991,0.4343434343434343,0.653061224489796,-39.562028851817395,6.583080665875136e-18
26.122448979591837,0.101912725837141,-2.283638461004973,0.44444444444444453,0.653061224489796,-39.56253707410588,6.579735847581422e-18
26.122448979591837,0.113206137446215,-2.1785448969600347,0.4545454545454549,0.653061224489796,-39.563030612256874,6.576489298131104e-18
26.122448979591837,0.125751023242877,-2.0734513329151003,0.46464646464646486,0.653061224489796,-39.563509888289566,6.57333809963853e-18
26.122448979591837,0.139686064760787,-1.9683577688701692,0.47474747474747453,0.653061224489796,-39.56397531020473,6.570279435870949e-18
26.122448979591837,0.155165311463659,-1.8632642048252352,0.48484848484848453,0.653061224489796,-39.5644272724837,6.5673105883577516e-18
26.122448979591837,0.172359883735326,-1.7581706407802946,0.49494949494949514,0.653061224489796,-39.564866156568364,6.56442893266413e-18
26.122448979591837,0.19145986458586,-1.6530770767353593,0.5050505050505052,0.653061224489796,-39.56529233132274,6.561631934823416e-18
26.122448979591837,0.212676400986239,-1.5479835126904273,0.5151515151515149,0.653061224489796,-39.56570615347707,6.558917147918414e-18
26.122448979591837,0.236244038061438,-1.442889948645492,0.5252525252525251,0.653061224489796,-39.566107968054936,6.55628220880731e-18
26.122448979591837,0.262423311946047,-1.3377963846005527,0.5353535353535355,0.653061224489796,-39.566498108784124,6.553724834985887e-18
26.122448979591837,0.291503629965987,-1.2327028205556183,0.5454545454545455,0.653061224489796,-39.56687689849203,6.551242821580168e-18
26.122448979591837,0.323806469986239,-1.1276092565106834,0.5555555555555556,0.653061224489796,-39.56724464948604,6.5488340384638776e-18
26.122448979591837,0.359688934292802,-1.0225156924657481,0.5656565656565656,0.653061224489796,-39.567601663919575,6.546496427494593e-18
26.122448979591837,0.399547697296443,-0.9174221284208132,0.5757575757575757,0.653061224489796,-39.56794823414434,6.5442279998637424e-18
26.122448979591837,0.443823390699414,-0.8123285643758777,0.5858585858585857,0.653061224489796,-39.56828464304932,6.542026833555114e-18
26.122448979591837,0.49300547460239,-0.707235000330941,0.5959595959595959,0.653061224489796,-39.56861116438713,6.539891070906437e-18
26.122448979591837,0.547637648400869,-0.6021414362860068,0.606060606060606,0.653061224489796,-39.568928063088094,6.537818916270506e-18
26.122448979591837,0.608323861287565,-0.49704787224107067,0.6161616161616161,0.653061224489796,-39.56923559556257,6.53580863377095e-18
26.122448979591837,0.67573498880583,-0.39195430819613525,0.6262626262626262,0.653061224489796,-39.569534009992104,6.533858545147705e-18
26.122448979591837,0.750616249262273,-0.2868607441511999,0.6363636363636362,0.653061224489796,-39.56982354660966,6.531967027689939e-18
26.122448979591837,0.833795441985706,-0.18176718010626372,0.6464646464646464,0.653061224489796,-39.5701044379695,6.530132512250958e-18
26.122448979591837,0.926192098504948,-0.07667361606132911,0.6565656565656565,0.653061224489796,-39.57037690920709,6.528353481342078e-18
26.122448979591837,1.02882764781018,0.028419947983610284,0.666666666666667,0.653061224489796,-39.57064117828937,6.526628467302744e-18
26.122448979591837,1.142836708073,0.1335135120285407,0.6767676767676766,0.653061224489796,-39.57089745625577,6.52495605054263e-18
26.122448979591837,1.2694796296533,0.23860707607348014,0.686868686868687,0.653061224489796,-39.571145947450475,6.523334857852638e-18
26.122448979591837,1.41015642805352,0.3437006401184105,0.6969696969696967,0.653061224489796,-39.571386849746,6.521763560783048e-18
26.122448979591837,1.56642226084696,0.44879420416335164,0.7070707070707073,0.653061224489796,-39.571620354758714,6.520240874084265e-18
26.122448979591837,1.74000461967455,0.5538877682082868,0.7171717171717173,0.653061224489796,-39.57184664805647,6.5187655542084925e-18
26.122448979591837,1.93282242736499,0.6589813322532224,0.7272727272727274,0.653061224489796,-39.572065909358564,6.517336397870107e-18
26.122448979591837,2.14700725129329,0.7640748962981553,0.7373737373737373,0.653061224489796,-39.57227831272849,6.515952240661272e-18
26.122448979591837,2.38492686748792,0.8691684603430914,0.7474747474747475,0.653061224489796,-39.57248402675976,6.5146119557207354e-18
26.122448979591837,2.64921143598352,0.9742620243880249,0.7575757575757573,0.653061224489796,-39.57268321475484,6.513314452454383e-18
26.122448979591837,2.94278257678333,1.0793555884329629,0.7676767676767676,0.653061224489796,-39.57287603489774,6.512058675304366e-18
26.122448979591837,3.26888566786082,1.184449152477898,0.7777777777777777,0.653061224489796,-39.5730626404203,6.510843602565503e-18
26.122448979591837,3.63112572224959,1.289542716522833,0.7878787878787878,0.653061224489796,-39.573243179762564,6.509668245246202e-18
26.122448979591837,4.0335072408363,1.3946362805677694,0.797979797979798,0.653061224489796,-39.57341779672729,6.5085316459734794e-18
26.122448979591837,4.48047848142245,1.4997298446127043,0.808080808080808,0.653061224489796,-39.573586630629016,6.5074328779384465e-18
26.122448979591837,4.97698063344183,1.6048234086576407,0.8181818181818182,0.653061224489796,-39.57374981643775,6.50637104388198e-18
26.122448979591837,5.52850244195146,1.7099169727025751,0.8282828282828283,0.653061224489796,-39.57390748491745,6.505345275118942e-18
26.122448979591837,6.14114088475497,1.8150105367475111,0.8383838383838383,0.653061224489796,-39.57405976275975,6.504354730597911e-18
26.122448979591837,6.8216685734332,1.9201041007924453,0.8484848484848483,0.653061224489796,-39.57420677271276,6.503398595996973e-18
26.122448979591837,7.57760862338904,2.0251976648373815,0.8585858585858586,0.653061224489796,-39.57434863370535,6.5024760828528314e-18
26.122448979591837,8.41731782058148,2.1302912288823177,0.8686868686868686,0.653061224489796,-39.57448546096702,6.501586427722265e-18
26.122448979591837,9.35007900434302,2.2353847929272526,0.8787878787878787,0.653061224489796,-39.57461736614357,6.500728891374632e-18
26.122448979591837,10.3862036875563,2.3404783569721936,0.8888888888888893,0.653061224489796,-39.57474445740862,6.499902758014362e-18
26.122448979591837,11.5371460486378,2.445571921017128,0.8989898989898993,0.653061224489796,-39.574866839571236,6.499107334531861e-18
26.122448979591837,12.8156295554912,2.550665485062058,0.909090909090909,0.653061224489796,-39.57498461417975,6.4983419497821885e-18
26.122448979591837,14.2357876212352,2.6557590491069942,0.919191919191919,0.653061224489796,-39.57509787962194,6.4976059538899486e-18
26.122448979591837,15.8133198466305,2.7608526131519304,0.9292929292929293,0.653061224489796,-39.57520673122171,6.4968987175797966e-18
26.122448979591837,17.5656655764397,2.865946177196865,0.9393939393939392,0.653061224489796,-39.57531126133234,6.4962196315312105e-18
26.122448979591837,19.5121966883548,2.9710397412417997,0.9494949494949493,0.653061224489796,-39.57541155942649,6.495568105756908e-18
26.122448979591837,21.6744317457404,3.0761333052867346,0.9595959595959593,0.653061224489796,-39.57550771218313,6.494943569003541e-18
26.122448979591837,24.0762738816144,3.1812268693316703,0.9696969696969694,0.653061224489796,-39.575599803571286,6.4943454681746774e-18
26.122448979591837,26.744275043632,3.2863204333766105,0.97979797979798,0.653061224489796,-39.575687914931045,6.493773267773782e-18
26.122448979591837,29.707929521255,3.3914139974215445,0.98989898989899,0.653061224489796,-39.57577212505158,6.4932264493683306e-18
26.122448979591837,33.0,3.4965075614664802,1.0,0.653061224489796,-39.5758525102466,6.492704511072229e-18
26.93877551020408,0.001,-6.907755278982137,0.0,0.673469387755102,-39.52083570966035,6.859921264765313e-18
26.93877551020408,0.001110814537795,-6.802661714937222,0.010101010101008117,0.673469387755102,-39.52244126100976,6.848916145927624e-18
26.93877551020408,0.0012339089373767,-6.697568150892323,0.020202020202014698,0.673469387755102,-39.523999957423435,6.838249080411459e-18
26.93877551020408,0.0013706439859533,-6.592474586847349,0.030303030303028534,0.673469387755102,-39.52551330357557,6.8279082690653505e-18
26.93877551020408,0.0015225312657382,-6.487381022802441,0.04040404040403597,0.673469387755102,-39.5269827510138,6.8178823848099565e-18
26.93877551020408,0.0016912498642295,-6.382287458757476,0.05050505050504887,0.673469387755102,-39.528409700141545,6.8081605514183264e-18
26.93877551020408,0.00187866493623,-6.277193894712534,0.06060606060605963,0.673469387755102,-39.52979550212468,6.798732323362118e-18
26.93877551020408,0.00208684832281,-6.172100330667619,0.07070707070706775,0.673469387755102,-39.53114146072523,6.7895876666638425e-18
26.93877551020408,0.0023181014551505,-6.067006766622687,0.08080808080807748,0.673469387755102,-39.53244883406494,6.780716940699667e-18
26.93877551020408,0.002574980796465,-5.961913202577741,0.0909090909090886,0.673469387755102,-39.53371883632104,6.772110880901371e-18
26.93877551020408,0.0028603261032564,-5.856819638532781,0.10101010101010106,0.673469387755102,-39.534952639357186,6.7637605823065785e-18
26.93877551020408,0.0031772918183317,-5.751726074487876,0.11111111111110823,0.673469387755102,-39.53615137429157,6.755657483912641e-18
26.93877551020408,0.0035293819426201,-5.646632510442922,0.1212121212121201,0.673469387755102,-39.5373161330049,6.747793353790106e-18
26.93877551020408,0.0039204887712936,-5.541538946397998,0.13131313131312908,0.673469387755102,-39.53844796959032,6.7401602749152475e-18
26.93877551020408,0.0043549359224151,-5.436445382353058,0.14141414141413966,0.673469387755102,-39.5395479017477,6.732750631682449e-18
26.93877551020408,0.0048375261337845,-5.331351818308116,0.15151515151515035,0.673469387755102,-39.54061691212419,6.725557097061491e-18
26.93877551020408,0.0053735943563712,-5.2262582542631755,0.16161616161616094,0.673469387755102,-39.541655949603296,6.718572620364697e-18
26.93877551020408,0.0059690667312704,-5.121164690218244,0.17171717171717069,0.673469387755102,-39.54266593054434,6.711790415592423e-18
26.93877551020408,0.0066305261021638,-5.016071126173304,0.18181818181818118,0.673469387755102,-39.543647739974325,6.705203950326235e-18
26.93877551020408,0.0073652847875129,-4.910977562128371,0.19191919191919102,0.673469387755102,-39.54460223273395,6.698806935141847e-18
26.93877551020408,0.0081814654169699,-4.80588399808343,0.20202020202020168,0.673469387755102,-39.54553023457962,6.6925933135143276e-18
26.93877551020408,0.0090880907256374,-4.700790434038493,0.21212121212121193,0.673469387755102,-39.54643254324317,6.6865572521906806e-18
26.93877551020408,0.0100951832988382,-4.595696869993551,0.22222222222222263,0.673469387755102,-39.54730992945084,6.680693132006088e-18
26.93877551020408,0.0112138763700549,-4.490603305948624,0.23232323232323193,0.673469387755102,-39.54816313790333,6.6749955391202095e-18
26.93877551020408,0.0124565368968931,-4.385509741903686,0.24242424242424226,0.673469387755102,-39.54899288821815,6.66945925665389e-18
26.93877551020408,0.013836902275649,-4.280416177858747,0.2525252525252527,0.673469387755102,-39.54979987583606,6.664079256704279e-18
26.93877551020408,0.0153702322058399,-4.175322613813814,0.26262626262626254,0.673469387755102,-39.55058477289264,6.658850692721522e-18
26.93877551020408,0.0170734773835322,-4.07022904976888,0.2727272727272725,0.673469387755102,-39.55134822905686,6.6537688922263205e-18
26.93877551020408,0.0189654668883421,-3.9651354857239447,0.2828282828282826,0.673469387755102,-39.55209087233737,6.648829349854483e-18
26.93877551020408,0.0210671163356406,-3.8600419216790063,0.292929292929293,0.673469387755102,-39.55281330985819,6.644027720709977e-18
26.93877551020408,0.0234016590950486,-3.7549483576340705,0.3030303030303031,0.673469387755102,-39.55351612860493,6.639359814012277e-18
26.93877551020408,0.0259949031313031,-3.649854793589135,0.3131313131313132,0.673469387755102,-39.55419989614255,6.6348215870238654e-18
26.93877551020408,0.0288755163068248,-3.5447612295442013,0.32323232323232315,0.673469387755102,-39.554865161305905,6.630409139243571e-18
26.93877551020408,0.0320753432999582,-3.4396676654992664,0.33333333333333315,0.673469387755102,-39.555512454864136,6.626118706853731e-18
26.93877551020408,0.0356297576423598,-3.3345741014543298,0.34343434343434337,0.673469387755102,-39.556142290159876,6.621946657408307e-18
26.93877551020408,0.0395780527672466,-3.229480537409394,0.3535353535353535,0.673469387755102,-39.556755163724354,6.617889484750527e-18
26.93877551020408,0.0439638763914761,-3.1243869733644574,0.3636363636363637,0.673469387755102,-39.55735155586928,6.61394380414923e-18
26.93877551020408,0.048835713033475,-3.019293409319523,0.3737373737373737,0.673469387755102,-39.55793193125637,6.6101063476440885e-18
26.93877551020408,0.0542474200011699,-2.914199845274587,0.3838383838383838,0.673469387755102,-39.55849673944554,6.60637395958856e-18
26.93877551020408,0.060258822775172,-2.8091062812296523,0.3939393939393938,0.673469387755102,-39.55904641542249,6.6027435923824166e-18
26.93877551020408,0.0669363763690749,-2.7040127171847166,0.404040404040404,0.673469387755102,-39.55958138010653,6.599212302384685e-18
26.93877551020408,0.0743538999780876,-2.5989191531397813,0.4141414141414141,0.673469387755102,-39.56010204083936,6.5957772459983e-18
26.93877551020408,0.0825933930374168,-2.493825589094845,0.42424242424242425,0.673469387755102,-39.56060879185569,6.59243567591892e-18
26.93877551020408,0.0917459417117808,-2.38873202504991,0.4343434343434343,0.673469387755102,-39.56110201473627,6.589184937539989e-18
26.93877551020408,0.101912725837141,-2.283638461004973,0.44444444444444453,0.673469387755102,-39.56158207884403,6.5860224655074614e-18
26.93877551020408,0.113206137446215,-2.1785448969600347,0.4545454545454549,0.673469387755102,-39.56204934174419,6.582945780416095e-18
26.93877551020408,0.125751023242877,-2.0734513329151003,0.46464646464646486,0.673469387755102,-39.56250414960858,6.57995248564293e-18
26.93877551020408,0.139686064760787,-1.9683577688701692,0.47474747474747453,0.673469387755102,-39.56294683760522,6.577040264309356e-18
26.93877551020408,0.155165311463659,-1.8632642048252352,0.48484848484848453,0.673469387755102,-39.563377730273366,6.574206876368229e-18
26.93877551020408,0.172359883735326,-1.7581706407802946,0.49494949494949514,0.673469387755102,-39.56379714188492,6.571450155808247e-18
26.93877551020408,0.19145986458586,-1.6530770767353593,0.5050505050505052,0.673469387755102,-39.564205376792366,6.568768007972537e-18
26.93877551020408,0.212676400986239,-1.5479835126904273,0.5151515151515149,0.673469387755102,-39.56460272976411,6.566158406984551e-18
26.93877551020408,0.236244038061438,-1.442889948645492,0.5252525252525251,0.673469387755102,-39.564989486307454,6.563619393277758e-18
26.93877551020408,0.262423311946047,-1.3377963846005527,0.5353535353535355,0.673469387755102,-39.56536592297986,6.561149071223504e-18
26.93877551020408,0.291503629965987,-1.2327028205556183,0.5454545454545455,0.673469387755102,-39.56573230768878,6.558745606854008e-18
26.93877551020408,0.323806469986239,-1.1276092565106834,0.5555555555555556,0.673469387755102,-39.566088899980706,6.5564072256750564e-18
26.93877551020408,0.359688934292802,-1.0225156924657481,0.5656565656565656,0.673469387755102,-39.56643595131958,6.5541322105655125e-18
26.93877551020408,0.399547697296443,-0.9174221284208132,0.5757575757575757,0.673469387755102,-39.56677370535534,6.551918899758894e-18
26.93877551020408,0.443823390699414,-0.8123285643758777,0.5858585858585857,0.673469387755102,-39.567102398182556,6.549765684904557e-18
26.93877551020408,0.49300547460239,-0.707235000330941,0.5959595959595959,0.673469387755102,-39.56742225858989,6.547671009204388e-18
26.93877551020408,0.547637648400869,-0.6021414362860068,0.606060606060606,0.673469387755102,-39.56773350830057,6.545633365621603e-18
26.93877551020408,0.608323861287565,-0.49704787224107067,0.6161616161616161,0.673469387755102,-39.56803636220417,6.543651295159341e-18
26.93877551020408,0.67573498880583,-0.39195430819613525,0.6262626262626262,0.673469387755102,-39.56833102858017,6.5417233852054585e-18
26.93877551020408,0.750616249262273,-0.2868607441511999,0.6363636363636362,0.673469387755102,-39.5686177093135,6.5398482679409715e-18
26.93877551020408,0.833795441985706,-0.18176718010626372,0.6464646464646464,0.673469387755102,-39.568896600102455,6.5380246188091705e-18
26.93877551020408,0.926192098504948,-0.07667361606132911,0.6565656565656565,0.673469387755102,-39.56916789065915,6.536251155043501e-18
26.93877551020408,1.02882764781018,0.028419947983610284,0.666666666666667,0.673469387755102,-39.569431764902895,6.534526634251368e-18
26.93877551020408,1.142836708073,0.1335135120285407,0.6767676767676766,0.673469387755102,-39.569688401146756,6.532849853051159e-18
26.93877551020408,1.2694796296533,0.23860707607348014,0.686868686868687,0.673469387755102,-39.56993797227753,6.531219645760963e-18
26.93877551020408,1.41015642805352,0.3437006401184105,0.6969696969696967,0.673469387755102,-39.57018064592932,6.529634883136724e-18
26.93877551020408,1.56642226084696,0.44879420416335164,0.7070707070707073,0.673469387755102,-39.57041658465111,6.52809447115718e-18
26.93877551020408,1.74000461967455,0.5538877682082868,0.7171717171717173,0.673469387755102,-39.57064594606837,6.5265973498548005e-18
26.93877551020408,1.93282242736499,0.6589813322532224,0.7272727272727274,0.673469387755102,-39.57086888303905,6.525142492189584e-18
26.93877551020408,2.14700725129329,0.7640748962981553,0.7373737373737373,0.673469387755102,-39.571085543804166,6.523728902964906e-18
26.93877551020408,2.38492686748792,0.8691684603430914,0.7474747474747475,0.673469387755102,-39.57129607213309,6.522355617783421e-18
26.93877551020408,2.64921143598352,0.9742620243880249,0.7575757575757573,0.673469387755102,-39.57150060746378,6.521021702041323e-18
26.93877551020408,2.94278257678333,1.0793555884329629,0.7676767676767676,0.673469387755102,-39.57169928503823,6.519726249959555e-18
26.93877551020408,3.26888566786082,1.184449152477898,0.7777777777777777,0.673469387755102,-39.5718922360331,6.5184683836505095e-18
26.93877551020408,3.63112572224959,1.289542716522833,0.7878787878787878,0.673469387755102,-39.572079587686,6.517247252218541e-18
26.93877551020408,4.0335072408363,1.3946362805677694,0.797979797979798,0.673469387755102,-39.5722614634173,6.516062030893243e-18
26.93877551020408,4.48047848142245,1.4997298446127043,0.808080808080808,0.673469387755102,-39.572437982947754,6.514911920194616e-18
26.93877551020408,4.97698063344183,1.6048234086576407,0.8181818181818182,0.673469387755102,-39.57260926241223,6.5137961451272326e-18
26.93877551020408,5.52850244195146,1.7099169727025751,0.8282828282828283,0.673469387755102,-39.57277541446929,6.512713954405033e-18
26.93877551020408,6.14114088475497,1.8150105367475111,0.8383838383838383,0.673469387755102,-39.57293654840729,6.511664619702475e-18
26.93877551020408,6.8216685734332,1.9201041007924453,0.8484848484848483,0.673469387755102,-39.57309277024672,6.51064743493317e-18
26.93877551020408,7.57760862338904,2.0251976648373815,0.8585858585858586,0.673469387755102,-39.57324418283903,6.50966171555448e-18
26.93877551020408,8.41731782058148,2.1302912288823177,0.8686868686868686,0.673469387755102,-39.573390885962226,6.508706797896249e-18
26.93877551020408,9.35007900434302,2.2353847929272526,0.8787878787878787,0.673469387755102,-39.57353297641313,6.507782038513852e-18
26.93877551020408,10.3862036875563,2.3404783569721936,0.8888888888888893,0.673469387755102,-39.57367054809649,6.5068868135640825e-18
26.93877551020408,11.5371460486378,2.445571921017128,0.8989898989898993,0.673469387755102,-39.573803692111156,6.5060205182030315e-18
26.93877551020408,12.8156295554912,2.550665485062058,0.909090909090909,0.673469387755102,-39.57393249683332,6.505182566005034e-18
26.93877551020408,14.2357876212352,2.6557590491069942,0.919191919191919,0.673469387755102,-39.57405704799694,6.504372388402235e-18
26.93877551020408,15.8133198466305,2.7608526131519304,0.9292929292929293,0.673469387755102,-39.57417742877144,6.503589434143721e-18
26.93877551020408,17.5656655764397,2.865946177196865,0.9393939393939392,0.673469387755102,-39.57429371983686,6.502833168773692e-18
26.93877551020408,19.5121966883548,2.9710397412417997,0.9494949494949493,0.673469387755102,-39.574405999456395,6.502103074127737e-18
26.93877551020408,21.6744317457404,3.0761333052867346,0.9595959595959593,0.673469387755102,-39.57451434354659,6.501398647846727e-18
26.93877551020408,24.0762738816144,3.1812268693316703,0.9696969696969694,0.673469387755102,-39.57461882574517,6.500719402907275e-18
26.93877551020408,26.744275043632,3.2863204333766105,0.97979797979798,0.673469387755102,-39.574719517476524,6.5000648671692665e-18
26.93877551020408,29.707929521255,3.3914139974215445,0.98989898989899,0.673469387755102,-39.574816488015095,6.499434582938343e-18
26.93877551020408,33.0,3.4965075614664802,1.0,0.673469387755102,-39.57490980454665,6.498828106543575e-18
27.755102040816325,0.001,-6.907755278982137,0.0,0.6938775510204082,-39.52420866813299,6.836822013521006e-18
27.755102040816325,0.001110814537795,-6.802661714937222,0.010101010101008117,0.6938775510204082,-39.52559813355892,6.827329082287115e-18
27.755102040816325,0.0012339089373767,-6.697568150892323,0.020202020202014698,0.6938775510204082,-39.52694960382926,6.818108382161095e-18
27.755102040816325,0.0013706439859533,-6.592474586847349,0.030303030303028534,0.6938775510204082,-39.52826423927067,6.809150944411163e-18
27.755102040816325,0.0015225312657382,-6.487381022802441,0.04040404040403597,0.6938775510204082,-39.52954316085947,6.800448140555052e-18
27.755102040816325,0.0016912498642295,-6.382287458757476,0.05050505050504887,0.6938775510204082,-39.5307874516432,6.791991667855108e-18
27.755102040816325,0.00187866493623,-6.277193894712534,0.06060606060605963,0.6938775510204082,-39.5319981581087,6.7837735355060515e-18
27.755102040816325,0.00208684832281,-6.172100330667619,0.07070707070706775,0.6938775510204082,-39.53317629149904,6.775786051476071e-18
27.755102040816325,0.0023181014551505,-6.067006766622687,0.08080808080807748,0.6938775510204082,-39.53432282908093,6.768021809969098e-18
27.755102040816325,0.002574980796465,-5.961913202577741,0.0909090909090886,0.6938775510204082,-39.535438715364585,6.760473679474753e-18
27.755102040816325,0.0028603261032564,-5.856819638532781,0.10101010101010106,0.6938775510204082,-39.53652486327784,6.753134791375652e-18
27.755102040816325,0.0031772918183317,-5.751726074487876,0.11111111111110823,0.6938775510204082,-39.5375821552962,6.745998529083191e-18
27.755102040816325,0.0035293819426201,-5.646632510442922,0.1212121212121201,0.6938775510204082,-39.53861144453045,6.739058517675139e-18
27.755102040816325,0.0039204887712936,-5.541538946397998,0.13131313131312908,0.6938775510204082,-39.539613555773485,6.73230861400917e-18
27.755102040816325,0.0043549359224151,-5.436445382353058,0.14141414141413966,0.6938775510204082,-39.54058928650799,6.725742897287032e-18
27.755102040816325,0.0048375261337845,-5.331351818308116,0.15151515151515035,0.6938775510204082,-39.541539407876165,6.719355660049241e-18
27.755102040816325,0.0053735943563712,-5.2262582542631755,0.16161616161616094,0.6938775510204082,-39.54246466561336,6.713141399575452e-18
27.755102040816325,0.0059690667312704,-5.121164690218244,0.17171717171717069,0.6938775510204082,-39.543365780946615,6.70709480967257e-18
27.755102040816325,0.0066305261021638,-5.016071126173304,0.18181818181818118,0.6938775510204082,-39.54424345145963,6.701210772830662e-18
27.755102040816325,0.0073652847875129,-4.910977562128371,0.19191919191919102,0.6938775510204082,-39.545098351925496,6.695484352727465e-18
27.755102040816325,0.0081814654169699,-4.80588399808343,0.20202020202020168,0.6938775510204082,-39.54593113510828,6.6899107870658945e-18
27.755102040816325,0.0090880907256374,-4.700790434038493,0.21212121212121193,0.6938775510204082,-39.54674243253471,6.684485480727459e-18
27.755102040816325,0.0100951832988382,-4.595696869993551,0.22222222222222263,0.6938775510204082,-39.5475328552372,6.679203999225418e-18
27.755102040816325,0.0112138763700549,-4.490603305948624,0.23232323232323193,0.6938775510204082,-39.548302994469125,6.674062062445353e-18
27.755102040816325,0.0124565368968931,-4.385509741903686,0.24242424242424226,0.6938775510204082,-39.54905342239369,6.6690555386559905e-18
27.755102040816325,0.013836902275649,-4.280416177858747,0.2525252525252527,0.6938775510204082,-39.54978469274703,6.664180438781036e-18
27.755102040816325,0.0153702322058399,-4.175322613813814,0.26262626262626254,0.6938775510204082,-39.55049734147689,6.6594329109165644e-18
27.755102040816325,0.0170734773835322,-4.07022904976888,0.2727272727272725,0.6938775510204082,-39.55119188735766,6.654809235083399e-18
27.755102040816325,0.0189654668883421,-3.9651354857239447,0.2828282828282826,0.6938775510204082,-39.551868832582606,6.650305818204037e-18
27.755102040816325,0.0210671163356406,-3.8600419216790063,0.292929292929293,0.6938775510204082,-39.55252866333438,6.645919189291977e-18
27.755102040816325,0.0234016590950486,-3.7549483576340705,0.3030303030303031,0.6938775510204082,-39.55317185033439,6.64164599484519e-18
27.755102040816325,0.0259949031313031,-3.649854793589135,0.3131313131313132,0.6938775510204082,-39.553798849372065,6.637482994432833e-18
27.755102040816325,0.0288755163068248,-3.5447612295442013,0.32323232323232315,0.6938775510204082,-39.55441010181469,6.633427056466888e-18
27.755102040816325,0.0320753432999582,-3.4396676654992664,0.33333333333333315,0.6938775510204082,-39.555006035098465,6.6294751541504566e-18
27.755102040816325,0.0356297576423598,-3.3345741014543298,0.34343434343434337,0.6938775510204082,-39.55558706320175,6.625624361593555e-18
27.755102040816325,0.0395780527672466,-3.229480537409394,0.3535353535353535,0.6938775510204082,-39.556153587100916,6.6218718500898995e-18
27.755102040816325,0.0439638763914761,-3.1243869733644574,0.3636363636363637,0.6938775510204082,-39.556705995209605,6.618214884546915e-18
27.755102040816325,0.048835713033475,-3.019293409319523,0.3737373737373737,0.6938775510204082,-39.55724466380208,6.614650820061331e-18
27.755102040816325,0.0542474200011699,-2.914199845274587,0.3838383838383838,0.6938775510204082,-39.557769957421165,6.611177098634809e-18
27.755102040816325,0.060258822775172,-2.8091062812296523,0.3939393939393938,0.6938775510204082,-39.55828222927134,6.60779124602318e-18
27.755102040816325,0.0669363763690749,-2.7040127171847166,0.404040404040404,0.6938775510204082,-39.558781821597776,6.60449086871222e-18
27.755102040816325,0.0743538999780876,-2.5989191531397813,0.4141414141414141,0.6938775510204082,-39.559269066051534,6.601273651015932e-18
27.755102040816325,0.0825933930374168,-2.493825589094845,0.42424242424242425,0.6938775510204082,-39.559744284041734,6.5981373522905485e-18
27.755102040816325,0.0917459417117808,-2.38873202504991,0.4343434343434343,0.6938775510204082,-39.560207787074994,6.595079804260032e-18
27.755102040816325,0.101912725837141,-2.283638461004973,0.44444444444444453,0.6938775510204082,-39.56065987708276,6.592098908447461e-18
27.755102040816325,0.113206137446215,-2.1785448969600347,0.4545454545454549,0.6938775510204082,-39.5611008467369,6.589192633708351e-18
27.755102040816325,0.125751023242877,-2.0734513329151003,0.46464646464646486,0.6938775510204082,-39.56153097975393,6.5863590138614146e-18
27.755102040816325,0.139686064760787,-1.9683577688701692,0.47474747474747453,0.6938775510204082,-39.56195055118869,6.583596145411032e-18
27.755102040816325,0.155165311463659,-1.8632642048252352,0.48484848484848453,0.6938775510204082,-39.562359827717195,6.5809021853604526e-18
27.755102040816325,0.172359883735326,-1.7581706407802946,0.49494949494949514,0.6938775510204082,-39.562759067909816,6.578275349108545e-18
27.755102040816325,0.19145986458586,-1.6530770767353593,0.5050505050505052,0.6938775510204082,-39.56314852249453,6.575713908429113e-18
27.755102040816325,0.212676400986239,-1.5479835126904273,0.5151515151515149,0.6938775510204082,-39.56352843461105,6.5732161895274005e-18
27.755102040816325,0.236244038061438,-1.442889948645492,0.5252525252525251,0.6938775510204082,-39.563899040055944,6.570780571171695e-18
27.755102040816325,0.262423311946047,-1.3377963846005527,0.5353535353535355,0.6938775510204082,-39.564260567519064,6.5684054828967684e-18
27.755102040816325,0.291503629965987,-1.2327028205556183,0.5454545454545455,0.6938775510204082,-39.56461323881188,6.566089403274777e-18
27.755102040816325,0.323806469986239,-1.1276092565106834,0.5555555555555556,0.6938775510204082,-39.564957269087635,6.563830858252943e-18
27.755102040816325,0.359688934292802,-1.0225156924657481,0.5656565656565656,0.6938775510204082,-39.56529286705392,6.561628419553525e-18
27.755102040816325,0.399547697296443,-0.9174221284208132,0.5757575757575757,0.6938775510204082,-39.565620235177846,6.559480703134042e-18
27.755102040816325,0.443823390699414,-0.8123285643758777,0.5858585858585857,0.6938775510204082,-39.565939569884094,6.55738636770536e-18
27.755102040816325,0.49300547460239,-0.707235000330941,0.5959595959595959,0.6938775510204082,-39.566251061746016,6.555344113305668e-18
27.755102040816325,0.547637648400869,-0.6021414362860068,0.606060606060606,0.6938775510204082,-39.566554895670315,6.553352679926421e-18
27.755102040816325,0.608323861287565,-0.49704787224107067,0.6161616161616161,0.6938775510204082,-39.56685125107517,6.551410846190469e-18
27.755102040816325,0.67573498880583,-0.39195430819613525,0.6262626262626262,0.6938775510204082,-39.56714030206238,6.549517428078156e-18
27.755102040816325,0.750616249262273,-0.2868607441511999,0.6363636363636362,0.6938775510204082,-39.56742221758345,6.547671277701101e-18
27.755102040816325,0.833795441985706,-0.18176718010626372,0.6464646464646464,0.6938775510204082,-39.56769716160023,6.5458712821198e-18
27.755102040816325,0.926192098504948,-0.07667361606132911,0.6565656565656565,0.6938775510204082,-39.56796529323982,6.544116362205647e-18
27.755102040816325,1.02882764781018,0.028419947983610284,0.666666666666667,0.6938775510204082,-39.56822676694433,6.542405471543916e-18
27.755102040816325,1.142836708073,0.1335135120285407,0.6767676767676766,0.6938775510204082,-39.56848173261553,6.540737595376198e-18
27.755102040816325,1.2694796296533,0.23860707607348014,0.686868686868687,0.6938775510204082,-39.568730335754644,6.539111749581432e-18
27.755102040816325,1.41015642805352,0.3437006401184105,0.6969696969696967,0.6938775510204082,-39.568972717597326,6.5375269796935455e-18
27.755102040816325,1.56642226084696,0.44879420416335164,0.7070707070707073,0.6938775510204082,-39.56920901524411,6.5359823599546334e-18
27.755102040816325,1.74000461967455,0.5538877682082868,0.7171717171717173,0.6938775510204082,-39.569439361786586,6.534476992401114e-18
27.755102040816325,1.93282242736499,0.6589813322532224,0.7272727272727274,0.6938775510204082,-39.56966388642915,6.533010005983531e-18
27.755102040816325,2.14700725129329,0.7640748962981553,0.7373737373737373,0.6938775510204082,-39.56988271460682,6.5315805557169086e-18
27.755102040816325,2.38492686748792,0.8691684603430914,0.7474747474747475,0.6938775510204082,-39.570095968099075,6.530187821861413e-18
27.755102040816325,2.64921143598352,0.9742620243880249,0.7575757575757573,0.6938775510204082,-39.5703037651399,6.5288310091317334e-18
27.755102040816325,2.94278257678333,1.0793555884329629,0.7676767676767676,0.6938775510204082,-39.5705062205241,6.527509345934801e-18
27.755102040816325,3.26888566786082,1.184449152477898,0.7777777777777777,0.6938775510204082,-39.57070344571025,6.526222083633407e-18
27.755102040816325,3.63112572224959,1.289542716522833,0.7878787878787878,0.6938775510204082,-39.5708955489201,6.524968495835935e-18
27.755102040816325,4.0335072408363,1.3946362805677694,0.797979797979798,0.6938775510204082,-39.571082635234696,6.523747877711223e-18
27.755102040816325,4.48047848142245,1.4997298446127043,0.808080808080808,0.6938775510204082,-39.57126480668746,6.522559545326281e-18
27.755102040816325,4.97698063344183,1.6048234086576407,0.8181818181818182,0.6938775510204082,-39.571442162354025,6.5214028350080044e-18
27.755102040816325,5.52850244195146,1.7099169727025751,0.8282828282828283,0.6938775510204082,-39.57161479843932,6.5202771027257355e-18
27.755102040816325,6.14114088475497,1.8150105367475111,0.8383838383838383,0.6938775510204082,-39.571782808361625,6.519181723496165e-18
27.755102040816325,6.8216685734332,1.9201041007924453,0.8484848484848483,0.6938775510204082,-39.571946282834,6.5181160908078564e-18
27.755102040816325,7.57760862338904,2.0251976648373815,0.8585858585858586,0.6938775510204082,-39.57210530994299,6.5170796160658335e-18
27.755102040816325,8.41731782058148,2.1302912288823177,0.8686868686868686,0.6938775510204082,-39.5722599752248,6.5160717280550735e-18
27.755102040816325,9.35007900434302,2.2353847929272526,0.8787878787878787,0.6938775510204082,-39.572410361738996,6.515091872422045e-18
27.755102040816325,10.3862036875563,2.3404783569721936,0.8888888888888893,0.6938775510204082,-39.572556550139815,6.514139511173804e-18
27.755102040816325,11.5371460486378,2.445571921017128,0.8989898989898993,0.6938775510204082,-39.572698618745115,6.513214122194642e-18
27.755102040816325,12.8156295554912,2.550665485062058,0.909090909090909,0.6938775510204082,-39.57283664360319,6.512315198778133e-18
27.755102040816325,14.2357876212352,2.6557590491069942,0.919191919191919,0.6938775510204082,-39.57297069855736,6.511442249175513e-18
27.755102040816325,15.8133198466305,2.7608526131519304,0.9292929292929293,0.6938775510204082,-39.573100855308475,6.510594796159369e-18
27.755102040816325,17.5656655764397,2.865946177196865,0.9393939393939392,0.6938775510204082,-39.57322718347547,6.509772376601213e-18
27.755102040816325,19.5121966883548,2.9710397412417997,0.9494949494949493,0.6938775510204082,-39.57334975065389,6.5089745410640634e-18
27.755102040816325,21.6744317457404,3.0761333052867346,0.9595959595959593,0.6938775510204082,-39.57346862247265,6.508200853407822e-18
27.755102040816325,24.0762738816144,3.1812268693316703,0.9696969696969694,0.6938775510204082,-39.57358386264886,6.50745089040845e-18
27.755102040816325,26.744275043632,3.2863204333766105,0.97979797979798,0.6938775510204082,-39.573695533040926,6.506724241389514e-18
27.755102040816325,29.707929521255,3.3914139974215445,0.98989898989899,0.6938775510204082,-39.57380369370005,6.506020507865653e-18
27.755102040816325,33.0,3.4965075614664802,1.0,0.6938775510204082,-39.573908402919926,6.505339303198603e-18
28.57142857142857,0.001,-6.907755278982137,0.0,0.7142857142857142,-39.52712374378293,6.816921180455925e-18
28.57142857142857,0.001110814537795,-6.802661714937222,0.010101010101008117,0.7142857142857142,-39.528330025469565,6.808703010986905e-18
28.57142857142857,0.0012339089373767,-6.697568150892323,0.020202020202014698,0.7142857142857142,-39.52950538597959,6.800705031518663e-18
28.57142857142857,0.0013706439859533,-6.592474586847349,0.030303030303028534,0.7142857142857142,-39.53065072502826,6.792920377372763e-18
28.57142857142857,0.0015225312657382,-6.487381022802441,0.04040404040403597,0.7142857142857142,-39.531766912997746,6.7853424313627076e-18
28.57142857142857,0.0016912498642295,-6.382287458757476,0.05050505050504887,0.7142857142857142,-39.532854791962215,6.777964813770007e-18
28.57142857142857,0.00187866493623,-6.277193894712534,0.06060606060605963,0.7142857142857142,-39.5339151766752,6.770781372774936e-18
28.57142857142857,0.00208684832281,-6.172100330667619,0.07070707070706775,0.7142857142857142,-39.534948855520824,6.7637861753182365e-18
28.57142857142857,0.0023181014551505,-6.067006766622687,0.08080808080807748,0.7142857142857142,-39.535956591430036,6.7569734983732735e-18
28.57142857142857,0.002574980796465,-5.961913202577741,0.0909090909090886,0.7142857142857142,-39.536939122763336,6.75033782060733e-18
28.57142857142857,0.0028603261032564,-5.856819638532781,0.10101010101010106,0.7142857142857142,-39.537897164161095,6.743873814413508e-18
28.57142857142857,0.0031772918183317,-5.751726074487876,0.11111111111110823,0.7142857142857142,-39.538831407362814,6.737576338294308e-18
28.57142857142857,0.0035293819426201,-5.646632510442922,0.1212121212121201,0.7142857142857142,-39.53974252199635,6.731440429580482e-18
28.57142857142857,0.0039204887712936,-5.541538946397998,0.13131313131312908,0.7142857142857142,-39.54063115633833,6.725461297468318e-18
28.57142857142857,0.0043549359224151,-5.436445382353058,0.14141414141413966,0.7142857142857142,-39.54149793804677,6.719634316360003e-18
28.57142857142857,0.0048375261337845,-5.331351818308116,0.15151515151515035,0.7142857142857142,-39.54234347486702,6.713955019492568e-18
28.57142857142857,0.0053735943563712,-5.2262582542631755,0.16161616161616094,0.7142857142857142,-39.54316835531193,6.708419092841706e-18
28.57142857142857,0.0059690667312704,-5.121164690218244,0.17171717171717069,0.7142857142857142,-39.54397314931729,6.7030223692870024e-18
28.57142857142857,0.0066305261021638,-5.016071126173304,0.18181818181818118,0.7142857142857142,-39.54475840887347,6.6977608230263325e-18
28.57142857142857,0.0073652847875129,-4.910977562128371,0.19191919191919102,0.7142857142857142,-39.545524668634094,6.692630564227823e-18
28.57142857142857,0.0081814654169699,-4.80588399808343,0.20202020202020168,0.7142857142857142,-39.54627244650268,6.687627833907918e-18
28.57142857142857,0.0090880907256374,-4.700790434038493,0.21212121212121193,0.7142857142857142,-39.547002244197984,6.6827489990254284e-18
28.57142857142857,0.0100951832988382,-4.595696869993551,0.22222222222222263,0.7142857142857142,-39.54771454779903,6.677990547780693e-18
28.57142857142857,0.0112138763700549,-4.490603305948624,0.23232323232323193,0.7142857142857142,-39.548409828270344,6.673349085111368e-18
28.57142857142857,0.0124565368968931,-4.385509741903686,0.24242424242424226,0.7142857142857142,-39.54908854196835,6.668821328374784e-18
28.57142857142857,0.013836902275649,-4.280416177858747,0.2525252525252527,0.7142857142857142,-39.54975113112949,6.6644041032094025e-18
28.57142857142857,0.0153702322058399,-4.175322613813814,0.26262626262626254,0.7142857142857142,-39.55039802434088,6.660094339565797e-18
28.57142857142857,0.0170734773835322,-4.07022904976888,0.2727272727272725,0.7142857142857142,-39.55102963699405,6.655889067900802e-18
28.57142857142857,0.0189654668883421,-3.9651354857239447,0.2828282828282826,0.7142857142857142,-39.55164637172246,6.6517854155267186e-18
28.57142857142857,0.0210671163356406,-3.8600419216790063,0.292929292929293,0.7142857142857142,-39.55224861882339,6.647780603108597e-18
28.57142857142857,0.0234016590950486,-3.7549483576340705,0.3030303030303031,0.7142857142857142,-39.552836756664796,6.6438719413031815e-18
28.57142857142857,0.0259949031313031,-3.649854793589135,0.3131313131313132,0.7142857142857142,-39.55341115207765,6.64005682753332e-18
28.57142857142857,0.0288755163068248,-3.5447612295442013,0.32323232323232315,0.7142857142857142,-39.55397216073448,6.636332742890759e-18
28.57142857142857,0.0320753432999582,-3.4396676654992664,0.33333333333333315,0.7142857142857142,-39.55452012751429,6.632697249163782e-18
28.57142857142857,0.0356297576423598,-3.3345741014543298,0.34343434343434337,0.7142857142857142,-39.55505538685469,6.629147985981979e-18
28.57142857142857,0.0395780527672466,-3.229480537409394,0.3535353535353535,0.7142857142857142,-39.55557826309166,6.625682668073889e-18
28.57142857142857,0.0439638763914761,-3.1243869733644574,0.3636363636363637,0.7142857142857142,-39.55608907078725,6.622299082632808e-18
28.57142857142857,0.048835713033475,-3.019293409319523,0.3737373737373737,0.7142857142857142,-39.55658811504573,6.618995086786361e-18
28.57142857142857,0.0542474200011699,-2.914199845274587,0.3838383838383838,0.7142857142857142,-39.557075691818774,6.615768605163801e-18
28.57142857142857,0.060258822775172,-2.8091062812296523,0.3939393939393938,0.7142857142857142,-39.55755208819988,6.612617627558844e-18
28.57142857142857,0.0669363763690749,-2.7040127171847166,0.404040404040404,0.7142857142857142,-39.55801758270852,6.6095402066822704e-18
28.57142857142857,0.0743538999780876,-2.5989191531397813,0.4141414141414141,0.7142857142857142,-39.558472445564426,6.606534456001643e-18
28.57142857142857,0.0825933930374168,-2.493825589094845,0.42424242424242425,0.7142857142857142,-39.558916938952315,6.603598547663352e-18
28.57142857142857,0.0917459417117808,-2.38873202504991,0.4343434343434343,0.7142857142857142,-39.55935131727742,6.600730710494811e-18
28.57142857142857,0.101912725837141,-2.283638461004973,0.44444444444444453,0.7142857142857142,-39.5597758274122,6.59792922808213e-18
28.57142857142857,0.113206137446215,-2.1785448969600347,0.4545454545454549,0.7142857142857142,-39.56019070893458,6.595192436920763e-18
28.57142857142857,0.125751023242877,-2.0734513329151003,0.46464646464646486,0.7142857142857142,-39.560596194357856,6.5925187246361835e-18
28.57142857142857,0.139686064760787,-1.9683577688701692,0.47474747474747453,0.7142857142857142,-39.56099250935288,6.58990652827113e-18
28.57142857142857,0.155165311463659,-1.8632642048252352,0.48484848484848453,0.7142857142857142,-39.561379872962476,6.5873543326371986e-18
28.57142857142857,0.172359883735326,-1.7581706407802946,0.49494949494949514,0.7142857142857142,-39.56175849780862,6.584860668727866e-18
28.57142857142857,0.19145986458586,-1.6530770767353593,0.5050505050505052,0.7142857142857142,-39.56212859029248,6.582424112190529e-18
28.57142857142857,0.212676400986239,-1.5479835126904273,0.5151515151515149,0.7142857142857142,-39.56249035078779,6.5800432818545135e-18
28.57142857142857,0.236244038061438,-1.442889948645492,0.5252525252525251,0.7142857142857142,-39.562843973827455,6.5777168383143195e-18
28.57142857142857,0.262423311946047,-1.3377963846005527,0.5353535353535355,0.7142857142857142,-39.56318964828404,6.575443482563827e-18
28.57142857142857,0.291503629965987,-1.2327028205556183,0.5454545454545455,0.7142857142857142,-39.56352755754401,6.57322195468118e-18
28.57142857142857,0.323806469986239,-1.1276092565106834,0.5555555555555556,0.7142857142857142,-39.56385787967626,6.571051032560911e-18
28.57142857142857,0.359688934292802,-1.0225156924657481,0.5656565656565656,0.7142857142857142,-39.564180787594786,6.5689295306927875e-18
28.57142857142857,0.399547697296443,-0.9174221284208132,0.5757575757575757,0.7142857142857142,-39.56449644921612,6.5668562989837435e-18
28.57142857142857,0.443823390699414,-0.8123285643758777,0.5858585858585857,0.7142857142857142,-39.56480502761132,6.5648302216234285e-18
28.57142857142857,0.49300547460239,-0.707235000330941,0.5959595959595959,0.7142857142857142,-39.565106681153026,6.5628502159892566e-18
28.57142857142857,0.547637648400869,-0.6021414362860068,0.606060606060606,0.7142857142857142,-39.56540156365751,6.560915231591557e-18
28.57142857142857,0.608323861287565,-0.49704787224107067,0.6161616161616161,0.7142857142857142,-39.56568982452219,6.55902424905504e-18
28.57142857142857,0.67573498880583,-0.39195430819613525,0.6262626262626262,0.7142857142857142,-39.56597160885836,6.557176279137787e-18
28.57142857142857,0.750616249262273,-0.2868607441511999,0.6363636363636362,0.7142857142857142,-39.56624705761976,6.555370361783686e-18
28.57142857142857,0.833795441985706,-0.18176718010626372,0.6464646464646464,0.7142857142857142,-39.56651630772678,6.553605565208733e-18
28.57142857142857,0.926192098504948,-0.07667361606132911,0.6565656565656565,0.7142857142857142,-39.56677949218663,6.5518809850192654e-18
28.57142857142857,1.02882764781018,0.028419947983610284,0.666666666666667,0.7142857142857142,-39.5670367402096,6.550195743360978e-18
28.57142857142857,1.142836708073,0.1335135120285407,0.6767676767676766,0.7142857142857142,-39.5672881773215,6.548548988097263e-18
28.57142857142857,1.2694796296533,0.23860707607348014,0.686868686868687,0.7142857142857142,-39.56753392547241,6.546939892016588e-18
28.57142857142857,1.41015642805352,0.3437006401184105,0.6969696969696967,0.7142857142857142,-39.56777410314198,6.5453676520665446e-18
28.57142857142857,1.56642226084696,0.44879420416335164,0.7070707070707073,0.7142857142857142,-39.56800882544122,6.5438314886148434e-18
28.57142857142857,1.74000461967455,0.5538877682082868,0.7171717171717173,0.7142857142857142,-39.56823820421111,6.542330644735029e-18
28.57142857142857,1.93282242736499,0.6589813322532224,0.7272727272727274,0.7142857142857142,-39.568462348117905,6.5408643855174694e-18
28.57142857142857,2.14700725129329,0.7640748962981553,0.7373737373737373,0.7142857142857142,-39.56868136274547,6.5394319974028024e-18
28.57142857142857,2.38492686748792,0.8691684603430914,0.7474747474747475,0.7142857142857142,-39.568895350684684,6.53803278753842e-18
28.57142857142857,2.64921143598352,0.9742620243880249,0.7575757575757573,0.7142857142857142,-39.56910441161985,6.536666083156959e-18
28.57142857142857,2.94278257678333,1.0793555884329629,0.7676767676767676,0.7142857142857142,-39.56930864241246,6.5353312309753566e-18
28.57142857142857,3.26888566786082,1.184449152477898,0.7777777777777777,0.7142857142857142,-39.56950813718227,6.534027596614247e-18
28.57142857142857,3.63112572224959,1.289542716522833,0.7878787878787878,0.7142857142857142,-39.56970298738582,6.532754564036409e-18
28.57142857142857,4.0335072408363,1.3946362805677694,0.797979797979798,0.7142857142857142,-39.56989328189237,6.531511535004767e-18
28.57142857142857,4.48047848142245,1.4997298446127043,0.808080808080808,0.7142857142857142,-39.57007910705757,6.5302979285575456e-18
28.57142857142857,4.97698063344183,1.6048234086576407,0.8181818181818182,0.7142857142857142,-39.57026054679477,6.5291131805010055e-18
28.57142857142857,5.52850244195146,1.7099169727025751,0.8282828282828283,0.7142857142857142,-39.57043768264397,6.52795674291956e-18
28.57142857142857,6.14114088475497,1.8150105367475111,0.8383838383838383,0.7142857142857142,-39.5706105938388,6.526828083701057e-18
28.57142857142857,6.8216685734332,1.9201041007924453,0.8484848484848483,0.7142857142857142,-39.570779357371265,6.5257266860783554e-18
28.57142857142857,7.57760862338904,2.0251976648373815,0.8585858585858586,0.7142857142857142,-39.5709440480545,6.524652048185674e-18
28.57142857142857,8.41731782058148,2.1302912288823177,0.8686868686868686,0.7142857142857142,-39.571104738583635,6.523603682629091e-18
28.57142857142857,9.35007900434302,2.2353847929272526,0.8787878787878787,0.7142857142857142,-39.57126149959463,6.5225811160718714e-18
28.57142857142857,10.3862036875563,2.3404783569721936,0.8888888888888893,0.7142857142857142,-39.57141439972144,6.521583888832098e-18
28.57142857142857,11.5371460486378,2.445571921017128,0.8989898989898993,0.7142857142857142,-39.5715635056513,6.520611554494421e-18
28.57142857142857,12.8156295554912,2.550665485062058,0.909090909090909,0.7142857142857142,-39.57170888217835,6.519663679533433e-18
28.57142857142857,14.2357876212352,2.6557590491069942,0.919191919191919,0.7142857142857142,-39.571850592255615,6.518739842949684e-18
28.57142857142857,15.8133198466305,2.7608526131519304,0.9292929292929293,0.7142857142857142,-39.57198869704528,6.517839635917688e-18
28.57142857142857,17.5656655764397,2.865946177196865,0.9393939393939392,0.7142857142857142,-39.57212325596763,6.516962661443892e-18
28.57142857142857,19.5121966883548,2.9710397412417997,0.9494949494949493,0.7142857142857142,-39.57225432674826,6.516108534037345e-18
28.57142857142857,21.6744317457404,3.0761333052867346,0.9595959595959593,0.7142857142857142,-39.57238196546396,6.515276879389471e-18
28.57142857142857,24.0762738816144,3.1812268693316703,0.9696969696969694,0.7142857142857142,-39.57250622658723,6.514467334064581e-18
28.57142857142857,26.744275043632,3.2863204333766105,0.97979797979798,0.7142857142857142,-39.57262716302932,6.5136795452002564e-18
28.57142857142857,29.707929521255,3.3914139974215445,0.98989898989899,0.7142857142857142,-39.57274482618202,6.5129131702172214e-18
28.57142857142857,33.0,3.4965075614664802,1.0,0.7142857142857142,-39.57285926595819,6.5121678765382e-18
29.387755102040817,0.001,-6.907755278982137,0.0,0.7346938775510204,-39.52965064355339,6.799717249348822e-18
29.387755102040817,0.001110814537795,-6.802661714937222,0.010101010101008117,0.7346938775510204,-39.53070103102876,6.792578661312097e-18
29.387755102040817,0.0012339089373767,-6.697568150892323,0.020202020202014698,0.7346938775510204,-39.53172616531088,6.785618924004568e-18
29.387755102040817,0.0013706439859533,-6.592474586847349,0.030303030303028534,0.7346938775510204,-39.5327267480284,6.778832746613591e-18
29.387755102040817,0.0015225312657382,-6.487381022802441,0.04040404040403597,0.7346938775510204,-39.53370345879794,6.772215019993614e-18
29.387755102040817,0.0016912498642295,-6.382287458757476,0.05050505050504887,0.7346938775510204,-39.5346569559677,6.765760809663673e-18
29.387755102040817,0.00187866493623,-6.277193894712534,0.06060606060605963,0.7346938775510204,-39.535587877334514,6.7594653491072076e-18
29.387755102040817,0.00208684832281,-6.172100330667619,0.07070707070706775,0.7346938775510204,-39.53649684083528,6.753324033358968e-18
29.387755102040817,0.0023181014551505,-6.067006766622687,0.08080808080807748,0.7346938775510204,-39.53738444521333,6.747332412868226e-18
29.387755102040817,0.002574980796465,-5.961913202577741,0.0909090909090886,0.7346938775510204,-39.538251270661384,6.741486187620727e-18
29.387755102040817,0.0028603261032564,-5.856819638532781,0.10101010101010106,0.7346938775510204,-39.53909787944121,6.735781201511642e-18
29.387755102040817,0.0031772918183317,-5.751726074487876,0.11111111111110823,0.7346938775510204,-39.539924816481296,6.7302134369548344e-18
29.387755102040817,0.0035293819426201,-5.646632510442922,0.1212121212121201,0.7346938775510204,-39.54073260995327,6.724779009718426e-18
29.387755102040817,0.0039204887712936,-5.541538946397998,0.13131313131312908,0.7346938775510204,-39.541521771827696,6.719474163976308e-18
29.387755102040817,0.0043549359224151,-5.436445382353058,0.14141414141413966,0.7346938775510204,-39.54229279841024,6.714295267565149e-18
29.387755102040817,0.0048375261337845,-5.331351818308116,0.15151515151515035,0.7346938775510204,-39.543046170858716,6.7092388074376455e-18
29.387755102040817,0.0053735943563712,-5.2262582542631755,0.16161616161616094,0.7346938775510204,-39.54378235568184,6.704301385303499e-18
29.387755102040817,0.0059690667312704,-5.121164690218244,0.17171717171717069,0.7346938775510204,-39.54450180522037,6.699479713448456e-18
29.387755102040817,0.0066305261021638,-5.016071126173304,0.18181818181818118,0.7346938775510204,-39.545204958111185,6.6947706107246135e-18
29.387755102040817,0.0073652847875129,-4.910977562128371,0.19191919191919102,0.7346938775510204,-39.5458922397351,6.69017099870298e-18
29.387755102040817,0.0081814654169699,-4.80588399808343,0.20202020202020168,0.7346938775510204,-39.54656406264882,6.685677897982374e-18
29.387755102040817,0.0090880907256374,-4.700790434038493,0.21212121212121193,0.7346938775510204,-39.54722082700173,6.681288424646522e-18
29.387755102040817,0.0100951832988382,-4.595696869993551,0.22222222222222263,0.7346938775510204,-39.54786292093813,6.676999786863226e-18
29.387755102040817,0.0112138763700549,-4.490603305948624,0.23232323232323193,0.7346938775510204,-39.54849072098533,6.6728092816192216e-18
29.387755102040817,0.0124565368968931,-4.385509741903686,0.24242424242424226,0.7346938775510204,-39.549104592428165,6.668714291585051e-18
29.387755102040817,0.013836902275649,-4.280416177858747,0.2525252525252527,0.7346938775510204,-39.549704889670544,6.664712282103409e-18
29.387755102040817,0.0153702322058399,-4.175322613813814,0.26262626262626254,0.7346938775510204,-39.55029195658426,6.660800798296848e-18
29.387755102040817,0.0170734773835322,-4.07022904976888,0.2727272727272725,0.7346938775510204,-39.55086612684584,6.656977462288117e-18
29.387755102040817,0.0189654668883421,-3.9651354857239447,0.2828282828282826,0.7346938775510204,-39.55142772426158,6.653239970529749e-18
29.387755102040817,0.0210671163356406,-3.8600419216790063,0.292929292929293,0.7346938775510204,-39.551977063081445,6.64958609123681e-18
29.387755102040817,0.0234016590950486,-3.7549483576340705,0.3030303030303031,0.7346938775510204,-39.552514448302055,6.646013661919531e-18
29.387755102040817,0.0259949031313031,-3.649854793589135,0.3131313131313132,0.7346938775510204,-39.553040175959275,6.642520587010701e-18
29.387755102040817,0.0288755163068248,-3.5447612295442013,0.32323232323232315,0.7346938775510204,-39.553554533410704,6.6391048355844055e-18
29.387755102040817,0.0320753432999582,-3.4396676654992664,0.33333333333333315,0.7346938775510204,-39.5540577996085,6.635764439161836e-18
29.387755102040817,0.0356297576423598,-3.3345741014543298,0.34343434343434337,0.7346938775510204,-39.5545502453629,6.632497489600337e-18
29.387755102040817,0.0395780527672466,-3.229480537409394,0.3535353535353535,0.7346938775510204,-39.55503213359666,6.6293021370628555e-18
29.387755102040817,0.0439638763914761,-3.1243869733644574,0.3636363636363637,0.7346938775510204,-39.55550371959091,6.62617658806387e-18
29.387755102040817,0.048835713033475,-3.019293409319523,0.3737373737373737,0.7346938775510204,-39.55596525122258,6.623119103588609e-18
29.387755102040817,0.0542474200011699,-2.914199845274587,0.3838383838383838,0.7346938775510204,-39.55641696919382,6.620127997282966e-18
29.387755102040817,0.060258822775172,-2.8091062812296523,0.3939393939393938,0.7346938775510204,-39.556859107253665,6.617201633710345e-18
29.387755102040817,0.0669363763690749,-2.7040127171847166,0.404040404040404,0.7346938775510204,-39.55729189241217,6.6143384266739075e-18
29.387755102040817,0.0743538999780876,-2.5989191531397813,0.4141414141414141,0.7346938775510204,-39.55771554514737,6.611536837600244e-18
29.387755102040817,0.0825933930374168,-2.493825589094845,0.42424242424242425,0.7346938775510204,-39.55813027960528,6.608795373982943e-18
29.387755102040817,0.0917459417117808,-2.38873202504991,0.4343434343434343,0.7346938775510204,-39.55853630379323,6.606112587882755e-18
29.387755102040817,0.101912725837141,-2.283638461004973,0.44444444444444453,0.7346938775510204,-39.55893381976666,6.603487074483156e-18
29.387755102040817,0.113206137446215,-2.1785448969600347,0.4545454545454549,0.7346938775510204,-39.55932302380973,6.600917470697907e-18
29.387755102040817,0.125751023242877,-2.0734513329151003,0.46464646464646486,0.7346938775510204,-39.55970410661,6.598402453829114e-18
29.387755102040817,0.139686064760787,-1.9683577688701692,0.47474747474747453,0.7346938775510204,-39.56007725342713,6.595940740274162e-18
29.387755102040817,0.155165311463659,-1.8632642048252352,0.48484848484848453,0.7346938775510204,-39.56044264425623,6.5935310842783175e-18
29.387755102040817,0.172359883735326,-1.7581706407802946,0.49494949494949514,0.7346938775510204,-39.5608004539856,6.591172276732753e-18
29.387755102040817,0.19145986458586,-1.6530770767353593,0.5050505050505052,0.7346938775510204,-39.56115085254945,6.5888631440148975e-18
29.387755102040817,0.212676400986239,-1.5479835126904273,0.5151515151515149,0.7346938775510204,-39.561494005075524,6.586602546870087e-18
29.387755102040817,0.236244038061438,-1.442889948645492,0.5252525252525251,0.7346938775510204,-39.56183007202789,6.584389379332789e-18
29.387755102040817,0.262423311946047,-1.3377963846005527,0.5353535353535355,0.7346938775510204,-39.562159209345076,6.582222567686004e-18
29.387755102040817,0.291503629965987,-1.2327028205556183,0.5454545454545455,0.7346938775510204,-39.56248156857376,6.5801010694567025e-18
29.387755102040817,0.323806469986239,-1.1276092565106834,0.5555555555555556,0.7346938775510204,-39.562797296998035,6.5780238724467905e-18
29.387755102040817,0.359688934292802,-1.0225156924657481,0.5656565656565656,0.7346938775510204,-39.56310653776456,6.575989993797551e-18
29.387755102040817,0.399547697296443,-0.9174221284208132,0.5757575757575757,0.7346938775510204,-39.56340943000361,6.57399847908677e-18
29.387755102040817,0.443823390699414,-0.8123285643758777,0.5858585858585857,0.7346938775510204,-39.56370610894626,6.572048401456776e-18
29.387755102040817,0.49300547460239,-0.707235000330941,0.5959595959595959,0.7346938775510204,-39.56399670603783,6.57013886077262e-18
29.387755102040817,0.547637648400869,-0.6021414362860068,0.606060606060606,0.7346938775510204,-39.56428134904761,6.568268982809057e-18
29.387755102040817,0.608323861287565,-0.49704787224107067,0.6161616161616161,0.7346938775510204,-39.5645601621752,6.566437918465382e-18
29.387755102040817,0.67573498880583,-0.39195430819613525,0.6262626262626262,0.7346938775510204,-39.564833266153364,6.564644843006631e-18
29.387755102040817,0.750616249262273,-0.2868607441511999,0.6363636363636362,0.7346938775510204,-39.565100778347656,6.5628889553310886e-18
29.387755102040817,0.833795441985706,-0.18176718010626372,0.6464646464646464,0.7346938775510204,-39.565362812852904,6.561169477261814e-18
29.387755102040817,0.926192098504948,-0.07667361606132911,0.6565656565656565,0.7346938775510204,-39.56561948058661,6.559485652862547e-18
29.387755102040817,1.02882764781018,0.028419947983610284,0.666666666666667,0.7346938775510204,-39.56587088937945,6.557836747776248e-18
29.387755102040817,1.142836708073,0.1335135120285407,0.6767676767676766,0.7346938775510204,-39.566117144062865,6.556222048585795e-18
29.387755102040817,1.2694796296533,0.23860707607348014,0.686868686868687,0.7346938775510204,-39.56635834655406,6.554640862195555e-18
29.387755102040817,1.41015642805352,0.3437006401184105,0.6969696969696967,0.7346938775510204,-39.56659459593813,6.553092515234295e-18
29.387755102040817,1.56642226084696,0.44879420416335164,0.7070707070707073,0.7346938775510204,-39.56682598854777,6.551576353477047e-18
29.387755102040817,1.74000461967455,0.5538877682082868,0.7171717171717173,0.7346938775510204,-39.56705261804054,6.550091741286008e-18
29.387755102040817,1.93282242736499,0.6589813322532224,0.7272727272727274,0.7346938775510204,-39.567274575473625,6.548638061070182e-18
29.387755102040817,2.14700725129329,0.7640748962981553,0.7373737373737373,0.7346938775510204,-39.56749194937635,6.5472147127623304e-18
29.387755102040817,2.38492686748792,0.8691684603430914,0.7474747474747475,0.7346938775510204,-39.567704825820464,6.5458211133129195e-18
29.387755102040817,2.64921143598352,0.9742620243880249,0.7575757575757573,0.7346938775510204,-39.56791328848826,6.544456696200655e-18
29.387755102040817,2.94278257678333,1.0793555884329629,0.7676767676767676,0.7346938775510204,-39.56811741873859,6.543120910958748e-18
29.387755102040817,3.26888566786082,1.184449152477898,0.7777777777777777,0.7346938775510204,-39.56831729567089,6.541813222716112e-18
29.387755102040817,3.63112572224959,1.289542716522833,0.7878787878787878,0.7346938775510204,-39.56851299618723,6.5405331117538785e-18
29.387755102040817,4.0335072408363,1.3946362805677694,0.797979797979798,0.7346938775510204,-39.56870459505253,6.539280073075439e-18
29.387755102040817,4.48047848142245,1.4997298446127043,0.808080808080808,0.7346938775510204,-39.568892164952885,6.5380536159905525e-18
29.387755102040817,4.97698063344183,1.6048234086576407,0.8181818181818182,0.7346938775510204,-39.56907577655217,6.536853263712595e-18
29.387755102040817,5.52850244195146,1.7099169727025751,0.8282828282828283,0.7346938775510204,-39.56925549854693,6.535678552968416e-18
29.387755102040817,6.14114088475497,1.8150105367475111,0.8383838383838383,0.7346938775510204,-39.56943139771963,6.5345290336206115e-18
29.387755102040817,6.8216685734332,1.9201041007924453,0.8484848484848483,0.7346938775510204,-39.569603538990314,6.533404268301502e-18
29.387755102040817,7.57760862338904,2.0251976648373815,0.8585858585858586,0.7346938775510204,-39.56977198546666,6.5323038320588794e-18
29.387755102040817,8.41731782058148,2.1302912288823177,0.8686868686868686,0.7346938775510204,-39.56993679849264,6.531227312012382e-18
29.387755102040817,9.35007900434302,2.2353847929272526,0.8787878787878787,0.7346938775510204,-39.57009803769568,6.530174307020856e-18
29.387755102040817,10.3862036875563,2.3404783569721936,0.8888888888888893,0.7346938775510204,-39.570255761032406,6.529144427359907e-18
29.387755102040817,11.5371460486378,2.445571921017128,0.8989898989898993,0.7346938775510204,-39.57041002483306,6.528137294409608e-18
29.387755102040817,12.8156295554912,2.550665485062058,0.909090909090909,0.7346938775510204,-39.5705608838446,6.527152540351551e-18
29.387755102040817,14.2357876212352,2.6557590491069942,0.919191919191919,0.7346938775510204,-39.570708391272554,6.526189807875301e-18
29.387755102040817,15.8133198466305,2.7608526131519304,0.9292929292929293,0.7346938775510204,-39.57085259882162,6.5252487498938514e-18
29.387755102040817,17.5656655764397,2.865946177196865,0.9393939393939392,0.7346938775510204,-39.57099355673501,6.524329029268157e-18
29.387755102040817,19.5121966883548,2.9710397412417997,0.9494949494949493,0.7346938775510204,-39.57113131383284,6.5234303185390956e-18
29.387755102040817,21.6744317457404,3.0761333052867346,0.9595959595959593,0.7346938775510204,-39.571265917549134,6.522552299668886e-18
29.387755102040817,24.0762738816144,3.1812268693316703,0.9696969696969694,0.7346938775510204,-39.571397413967965,6.521694663789101e-18
29.387755102040817,26.744275043632,3.2863204333766105,0.97979797979798,0.7346938775510204,-39.571525847858446,6.5208571109571365e-18
29.387755102040817,29.707929521255,3.3914139974215445,0.98989898989899,0.7346938775510204,-39.571651262708734,6.520039349919577e-18
29.387755102040817,33.0,3.4965075614664802,1.0,0.7346938775510204,-39.57177370075899,6.519241097883196e-18
30.20408163265306,0.001,-6.907755278982137,0.0,0.7551020408163265,-39.531847358835876,6.7847966007590145e-18
30.20408163265306,0.001110814537795,-6.802661714937222,0.010101010101008117,0.7551020408163265,-39.53276458314803,6.7785762735175636e-18
30.20408163265306,0.0012339089373767,-6.697568150892323,0.020202020202014698,0.7551020408163265,-39.53366111151805,6.772501810950887e-18
30.20408163265306,0.0013706439859533,-6.592474586847349,0.030303030303028534,0.7551020408163265,-39.534537494325285,6.766569106841461e-18
30.20408163265306,0.0015225312657382,-6.487381022802441,0.04040404040403597,0.7551020408163265,-39.5353942653172,6.760774189528932e-18
30.20408163265306,0.0016912498642295,-6.382287458757476,0.05050505050504887,0.7551020408163265,-39.53623194215238,6.755113216966331e-18
30.20408163265306,0.00187866493623,-6.277193894712534,0.06060606060605963,0.7551020408163265,-39.537051026924686,6.749582471978798e-18
30.20408163265306,0.00208684832281,-6.172100330667619,0.07070707070706775,0.7551020408163265,-39.53785200666895,6.744178357718468e-18
30.20408163265306,0.0023181014551505,-6.067006766622687,0.08080808080807748,0.7551020408163265,-39.538635353849116,6.7388973933037415e-18
30.20408163265306,0.002574980796465,-5.961913202577741,0.0909090909090886,0.7551020408163265,-39.539401526829344,6.733736209636676e-18
30.20408163265306,0.0028603261032564,-5.856819638532781,0.10101010101010106,0.7551020408163265,-39.54015097032865,6.728691545389881e-18
30.20408163265306,0.0031772918183317,-5.751726074487876,0.11111111111110823,0.7551020408163265,-39.54088411585991,6.7237602431541065e-18
30.20408163265306,0.0035293819426201,-5.646632510442922,0.1212121212121201,0.7551020408163265,-39.54160138215344,6.718939245742093e-18
30.20408163265306,0.0039204887712936,-5.541538946397998,0.13131313131312908,0.7551020408163265,-39.542303175566076,6.714225592638326e-18
30.20408163265306,0.0043549359224151,-5.436445382353058,0.14141414141413966,0.7551020408163265,-39.542989890476015,6.709616416591254e-18
30.20408163265306,0.0048375261337845,-5.331351818308116,0.15151515151515035,0.7551020408163265,-39.54366190966403,6.705108940339976e-18
30.20408163265306,0.0053735943563712,-5.2262582542631755,0.16161616161616094,0.7551020408163265,-39.544319604681625,6.700700473469749e-18
30.20408163265306,0.0059690667312704,-5.121164690218244,0.17171717171717069,0.7551020408163265,-39.544963336206465,6.69638840939117e-18
30.20408163265306,0.0066305261021638,-5.016071126173304,0.18181818181818118,0.7551020408163265,-39.54559345438558,6.692170222437693e-18
30.20408163265306,0.0073652847875129,-4.910977562128371,0.19191919191919102,0.7551020408163265,-39.54621029916695,6.688043465075171e-18
30.20408163265306,0.0081814654169699,-4.80588399808343,0.20202020202020168,0.7551020408163265,-39.54681420061958,6.684005765220488e-18
30.20408163265306,0.0090880907256374,-4.700790434038493,0.21212121212121193,0.7551020408163265,-39.547405479242755,6.680054823663077e-18
30.20408163265306,0.0100951832988382,-4.595696869993551,0.22222222222222263,0.7551020408163265,-39.547984446264756,6.676188411585562e-18
30.20408163265306,0.0112138763700549,-4.490603305948624,0.23232323232323193,0.7551020408163265,-39.548551403931405,6.672404368179192e-18
30.20408163265306,0.0124565368968931,-4.385509741903686,0.24242424242424226,0.7551020408163265,-39.549106645784846,6.668700598350064e-18
30.20408163265306,0.013836902275649,-4.280416177858747,0.2525252525252527,0.7551020408163265,-39.54965045693283,6.6650750705126856e-18
30.20408163265306,0.0153702322058399,-4.175322613813814,0.26262626262626254,0.7551020408163265,-39.550183114309014,6.661525814466184e-18
30.20408163265306,0.0170734773835322,-4.07022904976888,0.2727272727272725,0.7551020408163265,-39.550704886924414,6.658050919350807e-18
30.20408163265306,0.0189654668883421,-3.9651354857239447,0.2828282828282826,0.7551020408163265,-39.55121603611037,6.654648531681265e-18
30.20408163265306,0.0210671163356406,-3.8600419216790063,0.292929292929293,0.7551020408163265,-39.5517168157535,6.651316853452339e-18
30.20408163265306,0.0234016590950486,-3.7549483576340705,0.3030303030303031,0.7551020408163265,-39.55220747252263,6.648054140316159e-18
30.20408163265306,0.0259949031313031,-3.649854793589135,0.3131313131313132,0.7551020408163265,-39.55268824608827,6.644858699825752e-18
30.20408163265306,0.0288755163068248,-3.5447612295442013,0.32323232323232315,0.7551020408163265,-39.553159369334686,6.6417288897441665e-18
30.20408163265306,0.0320753432999582,-3.4396676654992664,0.33333333333333315,0.7551020408163265,-39.55362106856499,6.6386631164149166e-18
30.20408163265306,0.0356297576423598,-3.3345741014543298,0.34343434343434337,0.7551020408163265,-39.554073563699454,6.6356598331921826e-18
30.20408163265306,0.0395780527672466,-3.229480537409394,0.3535353535353535,0.7551020408163265,-39.5545170684671,6.632717538928685e-18
30.20408163265306,0.0439638763914761,-3.1243869733644574,0.3636363636363637,0.7551020408163265,-39.55495179059122,6.62983477651718e-18
30.20408163265306,0.048835713033475,-3.019293409319523,0.3737373737373737,0.7551020408163265,-39.55537793196857,6.627010131485696e-18
30.20408163265306,0.0542474200011699,-2.914199845274587,0.3838383838383838,0.7551020408163265,-39.55579568884283,6.624242230642559e-18
30.20408163265306,0.060258822775172,-2.8091062812296523,0.3939393939393938,0.7551020408163265,-39.55620525197225,6.6215297407703554e-18
30.20408163265306,0.0669363763690749,-2.7040127171847166,0.404040404040404,0.7551020408163265,-39.55660680679197,6.6188713673660946e-18
30.20408163265306,0.0743538999780876,-2.5989191531397813,0.4141414141414141,0.7551020408163265,-39.55700053357092,6.6162658534262854e-18
30.20408163265306,0.0825933930374168,-2.493825589094845,0.42424242424242425,0.7551020408163265,-39.55738660756372,6.613711978274937e-18
30.20408163265306,0.0917459417117808,-2.38873202504991,0.4343434343434343,0.7551020408163265,-39.557765199157565,6.6112085564329926e-18
30.20408163265306,0.101912725837141,-2.283638461004973,0.44444444444444453,0.7551020408163265,-39.558136474014454,6.608754436527041e-18
30.20408163265306,0.113206137446215,-2.1785448969600347,0.4545454545454549,0.7551020408163265,-39.55850059320873,6.606348500236836e-18
30.20408163265306,0.125751023242877,-2.0734513329151003,0.46464646464646486,0.7551020408163265,-39.55885771336034,6.60398966127836e-18
30.20408163265306,0.139686064760787,-1.9683577688701692,0.47474747474747453,0.7551020408163265,-39.55920798676366,6.60167686442347e-18
30.20408163265306,0.155165311463659,-1.8632642048252352,0.48484848484848453,0.7551020408163265,-39.55955156151232,6.599409084552286e-18
30.20408163265306,0.172359883735326,-1.7581706407802946,0.49494949494949514,0.7551020408163265,-39.55988858162,6.597185325738757e-18
30.20408163265306,0.19145986458586,-1.6530770767353593,0.5050505050505052,0.7551020408163265,-39.560219187137356,6.5950046203675286e-18
30.20408163265306,0.212676400986239,-1.5479835126904273,0.5151515151515149,0.7551020408163265,-39.56054351426531,6.5928660282806105e-18
30.20408163265306,0.236244038061438,-1.442889948645492,0.5252525252525251,0.7551020408163265,-39.56086169546473,6.590768635953227e-18
30.20408163265306,0.262423311946047,-1.3377963846005527,0.5353535353535355,0.7551020408163265,-39.56117385956257,6.588711555697905e-18
30.20408163265306,0.291503629965987,-1.2327028205556183,0.5454545454545455,0.7551020408163265,-39.56148013185483,6.5866939248947014e-18
30.20408163265306,0.323806469986239,-1.1276092565106834,0.5555555555555556,0.7551020408163265,-39.56178063420611,6.5847149052480305e-18
30.20408163265306,0.359688934292802,-1.0225156924657481,0.5656565656565656,0.7551020408163265,-39.56207548514619,6.582773682067866e-18
30.20408163265306,0.399547697296443,-0.9174221284208132,0.5757575757575757,0.7551020408163265,-39.56236479996354,6.580869463574969e-18
30.20408163265306,0.443823390699414,-0.8123285643758777,0.5858585858585857,0.7551020408163265,-39.562648690795925,6.5790014802293556e-18
30.20408163265306,0.49300547460239,-0.707235000330941,0.5959595959595959,0.7551020408163265,-39.56292726671821,6.5771689840807735e-18
30.20408163265306,0.547637648400869,-0.6021414362860068,0.606060606060606,0.7551020408163265,-39.56320063382742,6.575371248140952e-18
30.20408163265306,0.608323861287565,-0.49704787224107067,0.6161616161616161,0.7551020408163265,-39.563468895325265,6.573607565775658e-18
30.20408163265306,0.67573498880583,-0.39195430819613525,0.6262626262626262,0.7551020408163265,-39.56373215159801,6.5718772501176185e-18
30.20408163265306,0.750616249262273,-0.2868607441511999,0.6363636363636362,0.7551020408163265,-39.56399050029399,6.570179633497877e-18
30.20408163265306,0.833795441985706,-0.18176718010626372,0.6464646464646464,0.7551020408163265,-39.56424403639871,6.56851406689583e-18
30.20408163265306,0.926192098504948,-0.07667361606132911,0.6565656565656565,0.7551020408163265,-39.56449285230774,6.566879919406711e-18
30.20408163265306,1.02882764781018,0.028419947983610284,0.666666666666667,0.7551020408163265,-39.5647370378972,6.565276577727072e-18
30.20408163265306,1.142836708073,0.1335135120285407,0.6767676767676766,0.7551020408163265,-39.564976680592395,6.5637034456556386e-18
30.20408163265306,1.2694796296533,0.23860707607348014,0.686868686868687,0.7551020408163265,-39.56521186543413,6.562159943610835e-18
30.20408163265306,1.41015642805352,0.3437006401184105,0.6969696969696967,0.7551020408163265,-39.56544267514317,6.560645508163516e-18
30.20408163265306,1.56642226084696,0.44879420416335164,0.7070707070707073,0.7551020408163265,-39.5656691901827,6.559159591584433e-18
30.20408163265306,1.74000461967455,0.5538877682082868,0.7171717171717173,0.7551020408163265,-39.565891488819005,6.557701661405883e-18
30.20408163265306,1.93282242736499,0.6589813322532224,0.7272727272727274,0.7551020408163265,-39.566109647180205,6.5562711999974245e-18
30.20408163265306,2.14700725129329,0.7640748962981553,0.7373737373737373,0.7551020408163265,-39.56632373931339,6.554867704154552e-18
30.20408163265306,2.38492686748792,0.8691684603430914,0.7474747474747475,0.7551020408163265,-39.56653383723994,6.553490684700646e-18
30.20408163265306,2.64921143598352,0.9742620243880249,0.7575757575757573,0.7551020408163265,-39.56674001100932,6.5521396661006355e-18
30.20408163265306,2.94278257678333,1.0793555884329629,0.7676767676767676,0.7551020408163265,-39.56694232875122,6.550814186087393e-18
30.20408163265306,3.26888566786082,1.184449152477898,0.7777777777777777,0.7551020408163265,-39.56714085672615,6.549513795299129e-18
30.20408163265306,3.63112572224959,1.289542716522833,0.7878787878787878,0.7551020408163265,-39.56733565937467,6.548238056927912e-18
30.20408163265306,4.0335072408363,1.3946362805677694,0.797979797979798,0.7551020408163265,-39.56752679936503,6.546986546379528e-18
30.20408163265306,4.48047848142245,1.4997298446127043,0.808080808080808,0.7551020408163265,-39.56771433763956,6.545758850942782e-18
30.20408163265306,4.97698063344183,1.6048234086576407,0.8181818181818182,0.7551020408163265,-39.56789833345962,6.544554569469869e-18
30.20408163265306,5.52850244195146,1.7099169727025751,0.8282828282828283,0.7551020408163265,-39.568078844449296,6.543373312065703e-18
30.20408163265306,6.14114088475497,1.8150105367475111,0.8383838383838383,0.7551020408163265,-39.56825592663787,6.54221469978679e-18
30.20408163265306,6.8216685734332,1.9201041007924453,0.8484848484848483,0.7551020408163265,-39.568429634500994,6.5410783643492324e-18
30.20408163265306,7.57760862338904,2.0251976648373815,0.8585858585858586,0.7551020408163265,-39.56860002100073,6.539963947845715e-18
30.20408163265306,8.41731782058148,2.1302912288823177,0.8686868686868686,0.7551020408163265,-39.568767137624455,6.5388711024703016e-18
30.20408163265306,9.35007900434302,2.2353847929272526,0.8787878787878787,0.7551020408163265,-39.56893103442264,6.5377994902521685e-18
30.20408163265306,10.3862036875563,2.3404783569721936,0.8888888888888893,0.7551020408163265,-39.56909176004561,6.536748782796319e-18
30.20408163265306,11.5371460486378,2.445571921017128,0.8989898989898993,0.7551020408163265,-39.56924936177913,6.535718661033187e-18
30.20408163265306,12.8156295554912,2.550665485062058,0.909090909090909,0.7551020408163265,-39.56940388557917,6.5347088149743154e-18
30.20408163265306,14.2357876212352,2.6557590491069942,0.919191919191919,0.7551020408163265,-39.56955537610555,6.533718943476181e-18
30.20408163265306,15.8133198466305,2.7608526131519304,0.9292929292929293,0.7551020408163265,-39.56970387675472,6.532748754010215e-18
30.20408163265306,17.5656655764397,2.865946177196865,0.9393939393939392,0.7551020408163265,-39.56984942969158,6.531797962440251e-18
30.20408163265306,19.5121966883548,2.9710397412417997,0.9494949494949493,0.7551020408163265,-39.56999207588045,6.530866292805582e-18
30.20408163265306,21.6744317457404,3.0761333052867346,0.9595959595959593,0.7551020408163265,-39.57013185511513,6.5299534771112065e-18
30.20408163265306,24.0762738816144,3.1812268693316703,0.9696969696969694,0.7551020408163265,-39.5702688060482,6.529059255123287e-18
30.20408163265306,26.744275043632,3.2863204333766105,0.97979797979798,0.7551020408163265,-39.57040296621944,6.5281833741710496e-18
30.20408163265306,29.707929521255,3.3914139974215445,0.98989898989899,0.7551020408163265,-39.570534372083486,6.527325588954354e-18
30.20408163265306,33.0,3.4965075614664802,1.0,0.7551020408163265,-39.57066305903677,6.526485661356253e-18
31.020408163265305,0.001,-6.907755278982137,0.0,0.7755102040816326,-39.53376232827533,6.771816354969313e-18
31.020408163265305,0.001110814537795,-6.802661714937222,0.010101010101008117,0.7755102040816326,-39.53456540208335,6.7663802697029055e-18
31.020408163265305,0.0012339089373767,-6.697568150892323,0.020202020202014698,0.7755102040816326,-39.53535145673034,6.761063614912981e-18
31.020408163265305,0.0013706439859533,-6.592474586847349,0.030303030303028534,0.7755102040816326,-39.536120926555704,6.755863181518815e-18
31.020408163265305,0.0015225312657382,-6.487381022802441,0.04040404040403597,0.7755102040816326,-39.53687423324417,6.750775860994679e-18
31.020408163265305,0.0016912498642295,-6.382287458757476,0.05050505050504887,0.7755102040816326,-39.53761178622505,6.74579864184219e-18
31.020408163265305,0.00187866493623,-6.277193894712534,0.06060606060605963,0.7755102040816326,-39.53833398305788,6.7409286062019556e-18
31.020408163265305,0.00208684832281,-6.172100330667619,0.07070707070706775,0.7755102040816326,-39.539041209804985,6.7361629265980165e-18
31.020408163265305,0.0023181014551505,-6.067006766622687,0.08080808080807748,0.7755102040816326,-39.53973384139123,6.7314988628103575e-18
31.020408163265305,0.002574980796465,-5.961913202577741,0.0909090909090886,0.7755102040816326,-39.54041224195172,6.726933758868518e-18
31.020408163265305,0.0028603261032564,-5.856819638532781,0.10101010101010106,0.7755102040816326,-39.541076765167624,6.722465040162016e-18
31.020408163265305,0.0031772918183317,-5.751726074487876,0.11111111111110823,0.7755102040816326,-39.54172775459065,6.718090210662554e-18
31.020408163265305,0.0035293819426201,-5.646632510442922,0.1212121212121201,0.7755102040816326,-39.54236554395665,6.713806850252449e-18
31.020408163265305,0.0039204887712936,-5.541538946397998,0.13131313131312908,0.7755102040816326,-39.54299045748849,6.709612612156103e-18
31.020408163265305,0.0043549359224151,-5.436445382353058,0.14141414141413966,0.7755102040816326,-39.54360281018896,6.705505220468521e-18
31.020408163265305,0.0048375261337845,-5.331351818308116,0.15151515151515035,0.7755102040816326,-39.544202908123594,6.701482467778534e-18
31.020408163265305,0.0053735943563712,-5.2262582542631755,0.16161616161616094,0.7755102040816326,-39.54479104869431,6.6975422128807754e-18
31.020408163265305,0.0059690667312704,-5.121164690218244,0.17171717171717069,0.7755102040816326,-39.5453675209036,6.693682378574958e-18
31.020408163265305,0.0066305261021638,-5.016071126173304,0.18181818181818118,0.7755102040816326,-39.5459326056102,6.68990094954651e-18
31.020408163265305,0.0073652847875129,-4.910977562128371,0.19191919191919102,0.7755102040816326,-39.54648657577598,6.6861959703271476e-18
31.020408163265305,0.0081814654169699,-4.80588399808343,0.20202020202020168,0.7755102040816326,-39.54702969670484,6.6825655433308854e-18
31.020408163265305,0.0090880907256374,-4.700790434038493,0.21212121212121193,0.7755102040816326,-39.54756222627358,6.6790078269626975e-18
31.020408163265305,0.0100951832988382,-4.595696869993551,0.22222222222222263,0.7755102040816326,-39.54808441515518,6.675521033796856e-18
31.020408163265305,0.0112138763700549,-4.490603305948624,0.23232323232323193,0.7755102040816326,-39.54859650703465,6.672103428822769e-18
31.020408163265305,0.0124565368968931,-4.385509741903686,0.24242424242424226,0.7755102040816326,-39.549098738817904,6.6687533277537096e-18
31.020408163265305,0.013836902275649,-4.280416177858747,0.2525252525252527,0.7755102040816326,-39.549591340833594,6.6654690953984694e-18
31.020408163265305,0.0153702322058399,-4.175322613813814,0.26262626262626254,0.7755102040816326,-39.55007453702849,6.662249144091112e-18
31.020408163265305,0.0170734773835322,-4.07022904976888,0.2727272727272725,0.7755102040816326,-39.55054854515638,6.6590919321779644e-18
31.020408163265305,0.0189654668883421,-3.9651354857239447,0.2828282828282826,0.7755102040816326,-39.551013576960806,6.65599596255888e-18
31.020408163265305,0.0210671163356406,-3.8600419216790063,0.292929292929293,0.7755102040816326,-39.55146983835194,6.652959781280425e-18
31.020408163265305,0.0234016590950486,-3.7549483576340705,0.3030303030303031,0.7755102040816326,-39.551917529577615,6.649981976179931e-18
31.020408163265305,0.0259949031313031,-3.649854793589135,0.3131313131313132,0.7755102040816326,-39.55235684538885,6.647061175577286e-18
31.020408163265305,0.0288755163068248,-3.5447612295442013,0.32323232323232315,0.7755102040816326,-39.55278797520008,6.644196047012955e-18
31.020408163265305,0.0320753432999582,-3.4396676654992664,0.33333333333333315,0.7755102040816326,-39.55321110324414,6.641385296030983e-18
31.020408163265305,0.0356297576423598,-3.3345741014543298,0.34343434343434337,0.7755102040816326,-39.5536264087223,6.638627665004216e-18
31.020408163265305,0.0395780527672466,-3.229480537409394,0.3535353535353535,0.7755102040816326,-39.55403406594954,6.6359219320009306e-18
31.020408163265305,0.0439638763914761,-3.1243869733644574,0.3636363636363637,0.7755102040816326,-39.55443424449508,6.63326690969078e-18
31.020408163265305,0.048835713033475,-3.019293409319523,0.3737373737373737,0.7755102040816326,-39.55482710931849,6.630661444289031e-18
31.020408163265305,0.0542474200011699,-2.914199845274587,0.3838383838383838,0.7755102040816326,-39.555212820901524,6.628104414536479e-18
31.020408163265305,0.060258822775172,-2.8091062812296523,0.3939393939393938,0.7755102040816326,-39.55559153537556,6.625594730716045e-18
31.020408163265305,0.0669363763690749,-2.7040127171847166,0.404040404040404,0.7755102040816326,-39.55596340464532,6.623131333701046e-18
31.020408163265305,0.0743538999780876,-2.5989191531397813,0.4141414141414141,0.7755102040816326,-39.55632857650835,6.620713194037975e-18
31.020408163265305,0.0825933930374168,-2.493825589094845,0.42424242424242425,0.7755102040816326,-39.55668719477105,6.618339311058819e-18
31.020408163265305,0.0917459417117808,-2.38873202504991,0.4343434343434343,0.7755102040816326,-39.55703939936078,6.616008712024996e-18
31.020408163265305,0.101912725837141,-2.283638461004973,0.44444444444444453,0.7755102040816326,-39.55738532643469,6.613720451298778e-18
31.020408163265305,0.113206137446215,-2.1785448969600347,0.4545454545454549,0.7755102040816326,-39.55772510848498,6.611473609543659e-18
31.020408163265305,0.125751023242877,-2.0734513329151003,0.46464646464646486,0.7755102040816326,-39.55805887444096,6.609267292951105e-18
31.020408163265305,0.139686064760787,-1.9683577688701692,0.47474747474747453,0.7755102040816326,-39.55838674976796,6.607100632492846e-18
31.020408163265305,0.155165311463659,-1.8632642048252352,0.48484848484848453,0.7755102040816326,-39.55870885656313,6.604972783198523e-18
31.020408163265305,0.172359883735326,-1.7581706407802946,0.49494949494949514,0.7755102040816326,-39.559025313648284,6.602882923456924e-18
31.020408163265305,0.19145986458586,-1.6530770767353593,0.5050505050505052,0.7755102040816326,-39.5593362366599,6.600830254340569e-18
31.020408163265305,0.212676400986239,-1.5479835126904273,0.5151515151515149,0.7755102040816326,-39.55964173813641,6.59881399895185e-18
31.020408163265305,0.236244038061438,-1.442889948645492,0.5252525252525251,0.7755102040816326,-39.559941927602644,6.596833401791827e-18
31.020408163265305,0.262423311946047,-1.3377963846005527,0.5353535353535355,0.7755102040816326,-39.560236911651934,6.594887728147926e-18
31.020408163265305,0.291503629965987,-1.2327028205556183,0.5454545454545455,0.7755102040816326,-39.56052679402555,6.592976263502909e-18
31.020408163265305,0.323806469986239,-1.1276092565106834,0.5555555555555556,0.7755102040816326,-39.560811675689756,6.5910983129624224e-18
31.020408163265305,0.359688934292802,-1.0225156924657481,0.5656565656565656,0.7755102040816326,-39.56109165491059,6.589253200700911e-18
31.020408163265305,0.399547697296443,-0.9174221284208132,0.5757575757575757,0.7755102040816326,-39.56136682732633,6.587440269425527e-18
31.020408163265305,0.443823390699414,-0.8123285643758777,0.5858585858585857,0.7755102040816326,-39.56163728601779,6.585658879857189e-18
31.020408163265305,0.49300547460239,-0.707235000330941,0.5959595959595959,0.7755102040816326,-39.561903121576584,6.5839084102276904e-18
31.020408163265305,0.547637648400869,-0.6021414362860068,0.606060606060606,0.7755102040816326,-39.562164422171186,6.58218825579377e-18
31.020408163265305,0.608323861287565,-0.49704787224107067,0.6161616161616161,0.7755102040816326,-39.5624212736112,6.5804978283654806e-18
31.020408163265305,0.67573498880583,-0.39195430819613525,0.6262626262626262,0.7755102040816326,-39.562673759409634,6.578836555849876e-18
31.020408163265305,0.750616249262273,-0.2868607441511999,0.6363636363636362,0.7755102040816326,-39.56292196084332,6.5772038818091355e-18
31.020408163265305,0.833795441985706,-0.18176718010626372,0.6464646464646464,0.7755102040816326,-39.56316595701155,6.575599265032441e-18
31.020408163265305,0.926192098504948,-0.07667361606132911,0.6565656565656565,0.7755102040816326,-39.563405824893074,6.5740221791206675e-18
31.020408163265305,1.02882764781018,0.028419947983610284,0.666666666666667,0.7755102040816326,-39.563641639401304,6.572472112084738e-18
31.020408163265305,1.142836708073,0.1335135120285407,0.6767676767676766,0.7755102040816326,-39.563873473437965,6.570948565955897e-18
31.020408163265305,1.2694796296533,0.23860707607348014,0.686868686868687,0.7755102040816326,-39.56410139794523,6.569451056407788e-18
31.020408163265305,1.41015642805352,0.3437006401184105,0.6969696969696967,0.7755102040816326,-39.564325481956224,6.567979112390754e-18
31.020408163265305,1.56642226084696,0.44879420416335164,0.7070707070707073,0.7755102040816326,-39.56454579264416,6.566532275776788e-18
31.020408163265305,1.74000461967455,0.5538877682082868,0.7171717171717173,0.7755102040816326,-39.56476239537007,6.565110101015127e-18
31.020408163265305,1.93282242736499,0.6589813322532224,0.7272727272727274,0.7755102040816326,-39.56497535372905,6.563712154798947e-18
31.020408163265305,2.14700725129329,0.7640748962981553,0.7373737373737373,0.7755102040816326,-39.56518472959532,6.562338015741343e-18
31.020408163265305,2.38492686748792,0.8691684603430914,0.7474747474747475,0.7755102040816326,-39.56539058316594,6.5609872740614575e-18
31.020408163265305,2.64921143598352,0.9742620243880249,0.7575757575757573,0.7755102040816326,-39.5655929730032,6.559659531280179e-18
31.020408163265305,2.94278257678333,1.0793555884329629,0.7676767676767676,0.7755102040816326,-39.56579195607596,6.558354399924191e-18
31.020408163265305,3.26888566786082,1.184449152477898,0.7777777777777777,0.7755102040816326,-39.56598758779971,6.557071503239716e-18
31.020408163265305,3.63112572224959,1.289542716522833,0.7878787878787878,0.7755102040816326,-39.56617992207558,6.555810474913711e-18
31.020408163265305,4.0335072408363,1.3946362805677694,0.797979797979798,0.7755102040816326,-39.566369011328156,6.554570958804239e-18
31.020408163265305,4.48047848142245,1.4997298446127043,0.808080808080808,0.7755102040816326,-39.56655490654234,6.553352608678183e-18
31.020408163265305,4.97698063344183,1.6048234086576407,0.8181818181818182,0.7755102040816326,-39.56673765729918,6.5521550879563825e-18
31.020408163265305,5.52850244195146,1.7099169727025751,0.8282828282828283,0.7755102040816326,-39.56691731181056,6.550978069467045e-18
31.020408163265305,6.14114088475497,1.8150105367475111,0.8383838383838383,0.7755102040816326,-39.567093916953134,6.5498212352055574e-18
31.020408163265305,6.8216685734332,1.9201041007924453,0.8484848484848483,0.7755102040816326,-39.567267518301215,6.548684276101109e-18
31.020408163265305,7.57760862338904,2.0251976648373815,0.8585858585858586,0.7755102040816326,-39.56743816015874,6.5475668917908854e-18
31.020408163265305,8.41731782058148,2.1302912288823177,0.8686868686868686,0.7755102040816326,-39.56760588559043,6.54646879039975e-18
31.020408163265305,9.35007900434302,2.2353847929272526,0.8787878787878787,0.7755102040816326,-39.56777073645208,6.545389688326777e-18
31.020408163265305,10.3862036875563,2.3404783569721936,0.8888888888888893,0.7755102040816326,-39.56793275341998,6.544329310037717e-18
31.020408163265305,11.5371460486378,2.445571921017128,0.8989898989898993,0.7755102040816326,-39.5680919760196,6.543287387863179e-18
31.020408163265305,12.8156295554912,2.550665485062058,0.909090909090909,0.7755102040816326,-39.56824844265347,6.542263661802744e-18
31.020408163265305,14.2357876212352,2.6557590491069942,0.919191919191919,0.7755102040816326,-39.568402190628326,6.541257879334255e-18
31.020408163265305,15.8133198466305,2.7608526131519304,0.9292929292929293,0.7755102040816326,-39.568553256181524,6.5402697952287225e-18
31.020408163265305,17.5656655764397,2.865946177196865,0.9393939393939392,0.7755102040816326,-39.56870167450676,6.539299171370071e-18
31.020408163265305,19.5121966883548,2.9710397412417997,0.9494949494949493,0.7755102040816326,-39.56884747977906,6.538345776580442e-18
31.020408163265305,21.6744317457404,3.0761333052867346,0.9595959595959593,0.7755102040816326,-39.56899070517917,6.5374093864495674e-18
31.020408163265305,24.0762738816144,3.1812268693316703,0.9696969696969694,0.7755102040816326,-39.569131382917284,6.536489783169313e-18
31.020408163265305,26.744275043632,3.2863204333766105,0.97979797979798,0.7755102040816326,-39.56926954425615,6.535586755372579e-18
31.020408163265305,29.707929521255,3.3914139974215445,0.98989898989899,0.7755102040816326,-39.5694052195335,6.534700097977009e-18
31.020408163265305,33.0,3.4965075614664802,1.0,0.7755102040816326,-39.56953843818405,6.533829612032e-18
31.836734693877553,0.001,-6.907755278982137,0.0,0.7959183673469388,-39.535436164078014,6.760490927402463e-18
31.836734693877553,0.001110814537795,-6.802661714937222,0.010101010101008117,0.7959183673469388,-39.536141053898724,6.755727205311584e-18
31.836734693877553,0.0012339089373767,-6.697568150892323,0.020202020202014698,0.7959183673469388,-39.53683190102093,6.7510616423942935e-18
31.836734693877553,0.0013706439859533,-6.592474586847349,0.030303030303028534,0.7959183673469388,-39.53750905031228,6.7464917132240666e-18
31.836734693877553,0.0015225312657382,-6.487381022802441,0.04040404040403597,0.7959183673469388,-39.538172836944106,6.742014968179238e-18
31.836734693877553,0.0016912498642295,-6.382287458757476,0.05050505050504887,0.7959183673469388,-39.53882358668712,6.7376290308998396e-18
31.836734693877553,0.00187866493623,-6.277193894712534,0.06060606060605963,0.7959183673469388,-39.53946161619708,6.733331595841955e-18
31.836734693877553,0.00208684832281,-6.172100330667619,0.07070707070706775,0.7959183673469388,-39.54008723329108,6.729120425923309e-18
31.836734693877553,0.0023181014551505,-6.067006766622687,0.08080808080807748,0.7959183673469388,-39.54070073721467,6.72499335025771e-18
31.836734693877553,0.002574980796465,-5.961913202577741,0.0909090909090886,0.7959183673469388,-39.54130241890015,6.720948261973681e-18
31.836734693877553,0.0028603261032564,-5.856819638532781,0.10101010101010106,0.7959183673469388,-39.541892561216365,6.716983116114471e-18
31.836734693877553,0.0031772918183317,-5.751726074487876,0.11111111111110823,0.7959183673469388,-39.54247143921018,6.7130959276162e-18
31.836734693877553,0.0035293819426201,-5.646632510442922,0.1212121212121201,0.7959183673469388,-39.543039320340206,6.709284769359714e-18
31.836734693877553,0.0039204887712936,-5.541538946397998,0.13131313131312908,0.7959183673469388,-39.543596464702674,6.705547770294924e-18
31.836734693877553,0.0043549359224151,-5.436445382353058,0.14141414141413966,0.7959183673469388,-39.54414312525006,6.701883113633164e-18
31.836734693877553,0.0048375261337845,-5.331351818308116,0.15151515151515035,0.7959183673469388,-39.54467954800247,6.698289035105942e-18
31.836734693877553,0.0053735943563712,-5.2262582542631755,0.16161616161616094,0.7959183673469388,-39.54520597225223,6.69476382128637e-18
31.836734693877553,0.0059690667312704,-5.121164690218244,0.17171717171717069,0.7959183673469388,-39.54572263076178,6.691305807971622e-18
31.836734693877553,0.0066305261021638,-5.016071126173304,0.18181818181818118,0.7959183673469388,-39.546229749955124,6.6879133786235855e-18
31.836734693877553,0.0073652847875129,-4.910977562128371,0.19191919191919102,0.7959183673469388,-39.546727550103135,6.684584962865483e-18
31.836734693877553,0.0081814654169699,-4.80588399808343,0.20202020202020168,0.7959183673469388,-39.547216245502874,6.6813190350319215e-18
31.836734693877553,0.0090880907256374,-4.700790434038493,0.21212121212121193,0.7959183673469388,-39.54769604465112,6.67811411277073e-18
31.836734693877553,0.0100951832988382,-4.595696869993551,0.22222222222222263,0.7959183673469388,-39.548167150412276,6.674968755694631e-18
31.836734693877553,0.0112138763700549,-4.490603305948624,0.23232323232323193,0.7959183673469388,-39.548629760180994,6.671881564079917e-18
31.836734693877553,0.0124565368968931,-4.385509741903686,0.24242424242424226,0.7959183673469388,-39.54908406603952,6.66885117761125e-18
31.836734693877553,0.013836902275649,-4.280416177858747,0.2525252525252527,0.7959183673469388,-39.54953025491,6.665876274170645e-18
31.836734693877553,0.0153702322058399,-4.175322613813814,0.26262626262626254,0.7959183673469388,-39.54996850870208,6.6629555686678574e-18
31.836734693877553,0.0170734773835322,-4.07022904976888,0.2727272727272725,0.7959183673469388,-39.55039900445558,6.6600878119126395e-18
31.836734693877553,0.0189654668883421,-3.9651354857239447,0.2828282828282826,0.7959183673469388,-39.550821914478895,6.6572717895248244e-18
31.836734693877553,0.0210671163356406,-3.8600419216790063,0.292929292929293,0.7959183673469388,-39.55123740648285,6.6545063208829764e-18
31.836734693877553,0.0234016590950486,-3.7549483576340705,0.3030303030303031,0.7959183673469388,-39.55164564371037,6.651790258108682e-18
31.836734693877553,0.0259949031313031,-3.649854793589135,0.3131313131313132,0.7959183673469388,-39.55204678506219,6.649122485085361e-18
31.836734693877553,0.0288755163068248,-3.5447612295442013,0.32323232323232315,0.7959183673469388,-39.55244098521845,6.646501916510922e-18
31.836734693877553,0.0320753432999582,-3.4396676654992664,0.33333333333333315,0.7959183673469388,-39.55282839475655,6.643927496983009e-18
31.836734693877553,0.0356297576423598,-3.3345741014543298,0.34343434343434337,0.7959183673469388,-39.55320916026542,6.641398200113822e-18
31.836734693877553,0.0395780527672466,-3.229480537409394,0.3535353535353535,0.7959183673469388,-39.55358342445604,6.6389130276763675e-18
31.836734693877553,0.0439638763914761,-3.1243869733644574,0.3636363636363637,0.7959183673469388,-39.55395132626874,6.636471008778298e-18
31.836734693877553,0.048835713033475,-3.019293409319523,0.3737373737373737,0.7959183673469388,-39.554313000977025,6.63407119906354e-18
31.836734693877553,0.0542474200011699,-2.914199845274587,0.3838383838383838,0.7959183673469388,-39.55466858028822,6.631712679941297e-18
31.836734693877553,0.060258822775172,-2.8091062812296523,0.3939393939393938,0.7959183673469388,-39.55501819244112,6.62939455783932e-18
31.836734693877553,0.0669363763690749,-2.7040127171847166,0.404040404040404,0.7959183673469388,-39.55536196230047,6.627115963483028e-18
31.836734693877553,0.0743538999780876,-2.5989191531397813,0.4141414141414141,0.7959183673469388,-39.555700011448685,6.624876051198022e-18
31.836734693877553,0.0825933930374168,-2.493825589094845,0.42424242424242425,0.7959183673469388,-39.55603245827468,6.6226739982352425e-18
31.836734693877553,0.0917459417117808,-2.38873202504991,0.4343434343434343,0.7959183673469388,-39.55635941806006,6.620509004118411e-18
31.836734693877553,0.101912725837141,-2.283638461004973,0.44444444444444453,0.7959183673469388,-39.556681003062714,6.618380290012374e-18
31.836734693877553,0.113206137446215,-2.1785448969600347,0.4545454545454549,0.7959183673469388,-39.55699732259769,6.616287098112952e-18
31.836734693877553,0.125751023242877,-2.0734513329151003,0.46464646464646486,0.7959183673469388,-39.55730848311588,6.614228691055093e-18
31.836734693877553,0.139686064760787,-1.9683577688701692,0.47474747474747453,0.7959183673469388,-39.55761458828014,6.612204351341417e-18
31.836734693877553,0.155165311463659,-1.8632642048252352,0.48484848484848453,0.7959183673469388,-39.55791573903923,6.6102133807879286e-18
31.836734693877553,0.172359883735326,-1.7581706407802946,0.49494949494949514,0.7959183673469388,-39.5582120336995,6.608255099988378e-18
31.836734693877553,0.19145986458586,-1.6530770767353593,0.5050505050505052,0.7959183673469388,-39.558503567994414,6.6063288477951044e-18
31.836734693877553,0.212676400986239,-1.5479835126904273,0.5151515151515149,0.7959183673469388,-39.55879043515204,6.6044339808167375e-18
31.836734693877553,0.236244038061438,-1.442889948645492,0.5252525252525251,0.7959183673469388,-39.559072725960526,6.602569872931345e-18
31.836734693877553,0.262423311946047,-1.3377963846005527,0.5353535353535355,0.7959183673469388,-39.55935052883162,6.60073591481524e-18
31.836734693877553,0.291503629965987,-1.2327028205556183,0.5454545454545455,0.7959183673469388,-39.55962392986232,6.598931513486605e-18
31.836734693877553,0.323806469986239,-1.1276092565106834,0.5555555555555556,0.7959183673469388,-39.55989301289473,6.597156091862892e-18
31.836734693877553,0.359688934292802,-1.0225156924657481,0.5656565656565656,0.7959183673469388,-39.560157859574126,6.59540908833278e-18
31.836734693877553,0.399547697296443,-0.9174221284208132,0.5757575757575757,0.7959183673469388,-39.56041854940536,6.593689956340457e-18
31.836734693877553,0.443823390699414,-0.8123285643758777,0.5858585858585857,0.7959183673469388,-39.56067515980757,6.591998163983749e-18
31.836734693877553,0.49300547460239,-0.707235000330941,0.5959595959595959,0.7959183673469388,-39.560927766167374,6.590333193623634e-18
31.836734693877553,0.547637648400869,-0.6021414362860068,0.606060606060606,0.7959183673469388,-39.56117644189041,6.5886945415066074e-18
31.836734693877553,0.608323861287565,-0.49704787224107067,0.6161616161616161,0.7959183673469388,-39.561421258451524,6.587081717397805e-18
31.836734693877553,0.67573498880583,-0.39195430819613525,0.6262626262626262,0.7959183673469388,-39.56166228544341,6.585494244225775e-18
31.836734693877553,0.750616249262273,-0.2868607441511999,0.6363636363636362,0.7959183673469388,-39.56189959062386,6.5839316577380745e-18
31.836734693877553,0.833795441985706,-0.18176718010626372,0.6464646464646464,0.7959183673469388,-39.56213323996174,6.582393506166648e-18
31.836734693877553,0.926192098504948,-0.07667361606132911,0.6565656565656565,0.7959183673469388,-39.56236329768158,6.580879349903878e-18
31.836734693877553,1.02882764781018,0.028419947983610284,0.666666666666667,0.7959183673469388,-39.5625898263069,6.579388761188234e-18
31.836734693877553,1.142836708073,0.1335135120285407,0.6767676767676766,0.7959183673469388,-39.56281288670237,6.5779213237988786e-18
31.836734693877553,1.2694796296533,0.23860707607348014,0.686868686868687,0.7959183673469388,-39.56303253811473,6.5764766327597e-18
31.836734693877553,1.41015642805352,0.3437006401184105,0.6969696969696967,0.7959183673469388,-39.56324883821253,6.575054294052419e-18
31.836734693877553,1.56642226084696,0.44879420416335164,0.7070707070707073,0.7959183673469388,-39.56346184312486,6.573653924337043e-18
31.836734693877553,1.74000461967455,0.5538877682082868,0.7171717171717173,0.7959183673469388,-39.563671607478874,6.57227515068195e-18
31.836734693877553,1.93282242736499,0.6589813322532224,0.7272727272727274,0.7959183673469388,-39.56387818443639,6.570917610300467e-18
31.836734693877553,2.14700725129329,0.7640748962981553,0.7373737373737373,0.7959183673469388,-39.56408162572937,6.569580950296282e-18
31.836734693877553,2.38492686748792,0.8691684603430914,0.7474747474747475,0.7959183673469388,-39.56428198169449,6.568264827415489e-18
31.836734693877553,2.64921143598352,0.9742620243880249,0.7575757575757573,0.7959183673469388,-39.56447930130674,6.566968907805984e-18
31.836734693877553,2.94278257678333,1.0793555884329629,0.7676767676767676,0.7959183673469388,-39.56467363221207,6.565692866783974e-18
31.836734693877553,3.26888566786082,1.184449152477898,0.7777777777777777,0.7959183673469388,-39.56486502075922,6.564436388606763e-18
31.836734693877553,3.63112572224959,1.289542716522833,0.7878787878787878,0.7959183673469388,-39.56505351203061,6.5631991662524015e-18
31.836734693877553,4.0335072408363,1.3946362805677694,0.797979797979798,0.7959183673469388,-39.56523914987241,6.561980901205403e-18
31.836734693877553,4.48047848142245,1.4997298446127043,0.808080808080808,0.7959183673469388,-39.565421976923865,6.560781303248361e-18
31.836734693877553,4.97698063344183,1.6048234086576407,0.8181818181818182,0.7959183673469388,-39.5656020346457,6.559600090259893e-18
31.836734693877553,5.52850244195146,1.7099169727025751,0.8282828282828283,0.7959183673469388,-39.56577936334792,6.558436988017547e-18
31.836734693877553,6.14114088475497,1.8150105367475111,0.8383838383838383,0.7959183673469388,-39.56595400221676,6.557291730006783e-18
31.836734693877553,6.8216685734332,1.9201041007924453,0.8484848484848483,0.7959183673469388,-39.56612598934094,6.556164057235133e-18
31.836734693877553,7.57760862338904,2.0251976648373815,0.8585858585858586,0.7959183673469388,-39.56629536173723,6.555053718051328e-18
31.836734693877553,8.41731782058148,2.1302912288823177,0.8686868686868686,0.7959183673469388,-39.56646215537542,6.5539604679693005e-18
31.836734693877553,9.35007900434302,2.2353847929272526,0.8787878787878787,0.7959183673469388,-39.56662640520248,6.55288406949744e-18
31.836734693877553,10.3862036875563,2.3404783569721936,0.8888888888888893,0.7959183673469388,-39.56678814516622,6.551824291972121e-18
31.836734693877553,11.5371460486378,2.445571921017128,0.8989898989898993,0.7959183673469388,-39.56694740823832,6.550780911395731e-18
31.836734693877553,12.8156295554912,2.550665485062058,0.909090909090909,0.7959183673469388,-39.56710422643665,6.549753710279588e-18
31.836734693877553,14.2357876212352,2.6557590491069942,0.919191919191919,0.7959183673469388,-39.567258630847206,6.548742477490059e-18
31.836734693877553,15.8133198466305,2.7608526131519304,0.9292929292929293,0.7959183673469388,-39.5674106516453,6.547747008100085e-18
31.836734693877553,17.5656655764397,2.865946177196865,0.9393939393939392,0.7959183673469388,-39.5675603181163,6.546767103243641e-18
31.836734693877553,19.5121966883548,2.9710397412417997,0.9494949494949493,0.7959183673469388,-39.567707658675914,6.5458025699741646e-18
31.836734693877553,21.6744317457404,3.0761333052867346,0.9595959595959593,0.7959183673469388,-39.56785270088975,6.544853221127565e-18
31.836734693877553,24.0762738816144,3.1812268693316703,0.9696969696969694,0.7959183673469388,-39.567995471492615,6.543918875187685e-18
31.836734693877553,26.744275043632,3.2863204333766105,0.97979797979798,0.7959183673469388,-39.56813599640718,6.542999356156019e-18
31.836734693877553,29.707929521255,3.3914139974215445,0.98989898989899,0.7959183673469388,-39.56827430076223,6.542094493424614e-18
31.836734693877553,33.0,3.4965075614664802,1.0,0.7959183673469388,-39.5684104089105,6.541204121652117e-18
32.6530612244898,0.001,-6.907755278982137,0.0,0.8163265306122449,-39.53690303722471,6.75058141457857e-18
32.6530612244898,0.001110814537795,-6.802661714937222,0.010101010101008117,0.8163265306122449,-39.53752320360869,6.746396228802818e-18
32.6530612244898,0.0012339089373767,-6.697568150892323,0.020202020202014698,0.8163265306122449,-39.53813174484687,6.742292017406093e-18
32.6530612244898,0.0013706439859533,-6.592474586847349,0.030303030303028534,0.8163265306122449,-39.53872893646328,6.738266779176821e-18
32.6530612244898,0.0015225312657382,-6.487381022802441,0.04040404040403597,0.8163265306122449,-39.53931504650044,6.734318570539853e-18
32.6530612244898,0.0016912498642295,-6.382287458757476,0.05050505050504887,0.8163265306122449,-39.53989033573969,6.730445503706189e-18
32.6530612244898,0.00187866493623,-6.277193894712534,0.06060606060605963,0.8163265306122449,-39.540455057914436,6.726645744889355e-18
32.6530612244898,0.00208684832281,-6.172100330667619,0.07070707070706775,0.8163265306122449,-39.54100945991646,6.722917512586702e-18
32.6530612244898,0.0023181014551505,-6.067006766622687,0.08080808080807748,0.8163265306122449,-39.541553781995624,6.719259075922453e-18
32.6530612244898,0.002574980796465,-5.961913202577741,0.0909090909090886,0.8163265306122449,-39.542088257953125,6.7156687530502484e-18
32.6530612244898,0.0028603261032564,-5.856819638532781,0.10101010101010106,0.8163265306122449,-39.5426131153285,6.71214490961314e-18
32.6530612244898,0.0031772918183317,-5.751726074487876,0.11111111111110823,0.8163265306122449,-39.54312857558076,6.708685957257642e-18
32.6530612244898,0.0035293819426201,-5.646632510442922,0.1212121212121201,0.8163265306122449,-39.543634854263566,6.705290352201598e-18
32.6530612244898,0.0039204887712936,-5.541538946397998,0.13131313131312908,0.8163265306122449,-39.54413216119503,6.701956593851241e-18
32.6530612244898,0.0043549359224151,-5.436445382353058,0.14141414141413966,0.8163265306122449,-39.54462070062186,6.698683223468573e-18
32.6530612244898,0.0048375261337845,-5.331351818308116,0.15151515151515035,0.8163265306122449,-39.545100671378556,6.695468822883806e-18
32.6530612244898,0.0053735943563712,-5.2262582542631755,0.16161616161616094,0.8163265306122449,-39.5455722670413,6.692312013254261e-18
32.6530612244898,0.0059690667312704,-5.121164690218244,0.17171717171717069,0.8163265306122449,-39.54603567607719,6.689211453865445e-18
32.6530612244898,0.0066305261021638,-5.016071126173304,0.18181818181818118,0.8163265306122449,-39.546491081988684,6.686165840973808e-18
32.6530612244898,0.0073652847875129,-4.910977562128371,0.19191919191919102,0.8163265306122449,-39.546938663453474,6.683173906689985e-18
32.6530612244898,0.0081814654169699,-4.80588399808343,0.20202020202020168,0.8163265306122449,-39.54737859445998,6.680234417900114e-18
32.6530612244898,0.0090880907256374,-4.700790434038493,0.21212121212121193,0.8163265306122449,-39.54781104443868,6.6773461752236145e-18
32.6530612244898,0.0100951832988382,-4.595696869993551,0.22222222222222263,0.8163265306122449,-39.54823617838918,6.6745080120078005e-18
32.6530612244898,0.0112138763700549,-4.490603305948624,0.23232323232323193,0.8163265306122449,-39.548654157003504,6.671718793355138e-18
32.6530612244898,0.0124565368968931,-4.385509741903686,0.24242424242424226,0.8163265306122449,-39.54906513678535,6.668977415184986e-18
32.6530612244898,0.013836902275649,-4.280416177858747,0.2525252525252527,0.8163265306122449,-39.54946927016588,6.6662828033255e-18
32.6530612244898,0.0153702322058399,-4.175322613813814,0.26262626262626254,0.8163265306122449,-39.54986670561568,6.663633912637474e-18
32.6530612244898,0.0170734773835322,-4.07022904976888,0.2727272727272725,0.8163265306122449,-39.55025758775344,6.6610297261665645e-18
32.6530612244898,0.0189654668883421,-3.9651354857239447,0.2828282828282826,0.8163265306122449,-39.55064205745122,6.658469254324313e-18
32.6530612244898,0.0210671163356406,-3.8600419216790063,0.292929292929293,0.8163265306122449,-39.55102025193647,6.6559515340960795e-18
32.6530612244898,0.0234016590950486,-3.7549483576340705,0.3030303030303031,0.8163265306122449,-39.55139230489094,6.6534756282756215e-18
32.6530612244898,0.0259949031313031,-3.649854793589135,0.3131313131313132,0.8163265306122449,-39.551758346546585,6.651040624724403e-18
32.6530612244898,0.0288755163068248,-3.5447612295442013,0.32323232323232315,0.8163265306122449,-39.5521185037785,6.64864563565584e-18
32.6530612244898,0.0320753432999582,-3.4396676654992664,0.33333333333333315,0.8163265306122449,-39.55247290019508,6.6462897969425385e-18
32.6530612244898,0.0356297576423598,-3.3345741014543298,0.34343434343434337,0.8163265306122449,-39.55282165622538,6.643972267446379e-18
32.6530612244898,0.0395780527672466,-3.229480537409394,0.3535353535353535,0.8163265306122449,-39.55316488920388,6.641692228370676e-18
32.6530612244898,0.0439638763914761,-3.1243869733644574,0.3636363636363637,0.8163265306122449,-39.553502713452666,6.639448882632572e-18
32.6530612244898,0.048835713033475,-3.019293409319523,0.3737373737373737,0.8163265306122449,-39.55383524036119,6.637241454256345e-18
32.6530612244898,0.0542474200011699,-2.914199845274587,0.3838383838383838,0.8163265306122449,-39.554162578463526,6.635069187786141e-18
32.6530612244898,0.060258822775172,-2.8091062812296523,0.3939393939393938,0.8163265306122449,-39.554484833513406,6.632931347717451e-18
32.6530612244898,0.0669363763690749,-2.7040127171847166,0.404040404040404,0.8163265306122449,-39.554802108557006,6.630827217946495e-18
32.6530612244898,0.0743538999780876,-2.5989191531397813,0.4141414141414141,0.8163265306122449,-39.55511450400349,6.628756101237735e-18
32.6530612244898,0.0825933930374168,-2.493825589094845,0.42424242424242425,0.8163265306122449,-39.55542211769353,6.626717318707841e-18
32.6530612244898,0.0917459417117808,-2.38873202504991,0.4343434343434343,0.8163265306122449,-39.55572504496579,6.62471020932589e-18
32.6530612244898,0.101912725837141,-2.283638461004973,0.44444444444444453,0.8163265306122449,-39.55602337872141,6.6227341294295525e-18
32.6530612244898,0.113206137446215,-2.1785448969600347,0.4545454545454549,0.8163265306122449,-39.556317209486586,6.620788452256668e-18
32.6530612244898,0.125751023242877,-2.0734513329151003,0.46464646464646486,0.8163265306122449,-39.55660662547338,6.6188725674906294e-18
32.6530612244898,0.139686064760787,-1.9683577688701692,0.47474747474747453,0.8163265306122449,-39.55689171263864,6.616985880821004e-18
32.6530612244898,0.155165311463659,-1.8632642048252352,0.48484848484848453,0.8163265306122449,-39.55717255474128,6.6151278135170705e-18
32.6530612244898,0.172359883735326,-1.7581706407802946,0.49494949494949514,0.8163265306122449,-39.55744923339789,6.613297802014551e-18
32.6530612244898,0.19145986458586,-1.6530770767353593,0.5050505050505052,0.8163265306122449,-39.55772182813665,6.61149529751565e-18
32.6530612244898,0.212676400986239,-1.5479835126904273,0.5151515151515149,0.8163265306122449,-39.557990416449776,6.609719765600682e-18
32.6530612244898,0.236244038061438,-1.442889948645492,0.5252525252525251,0.8163265306122449,-39.5582550738444,6.6079706858519796e-18
32.6530612244898,0.262423311946047,-1.3377963846005527,0.5353535353535355,0.8163265306122449,-39.558515873891984,6.606247551489201e-18
32.6530612244898,0.291503629965987,-1.2327028205556183,0.5454545454545455,0.8163265306122449,-39.55877288827633,6.6045498690156726e-18
32.6530612244898,0.323806469986239,-1.1276092565106834,0.5555555555555556,0.8163265306122449,-39.55902618684021,6.602877157875408e-18
32.6530612244898,0.359688934292802,-1.0225156924657481,0.5656565656565656,0.8163265306122449,-39.55927583763064,6.601228950120533e-18
32.6530612244898,0.399547697296443,-0.9174221284208132,0.5757575757575757,0.8163265306122449,-39.559521906942926,6.599604790088721e-18
32.6530612244898,0.443823390699414,-0.8123285643758777,0.5858585858585857,0.8163265306122449,-39.55976445936341,6.59800423408988e-18
32.6530612244898,0.49300547460239,-0.707235000330941,0.5959595959595959,0.8163265306122449,-39.56000355781099,6.596426850102932e-18
32.6530612244898,0.547637648400869,-0.6021414362860068,0.606060606060606,0.8163265306122449,-39.56023926357751,6.5948722174810645e-18
32.6530612244898,0.608323861287565,-0.49704787224107067,0.6161616161616161,0.8163265306122449,-39.560471636367026,6.593339926665609e-18
32.6530612244898,0.67573498880583,-0.39195430819613525,0.6262626262626262,0.8163265306122449,-39.56070073433393,6.591829578908727e-18
32.6530612244898,0.750616249262273,-0.2868607441511999,0.6363636363636362,0.8163265306122449,-39.56092661412001,6.5903407860040154e-18
32.6530612244898,0.833795441985706,-0.18176718010626372,0.6464646464646464,0.8163265306122449,-39.56114933089051,6.588873170025064e-18
32.6530612244898,0.926192098504948,-0.07667361606132911,0.6565656565656565,0.8163265306122449,-39.56136893836919,6.587426363071456e-18
32.6530612244898,1.02882764781018,0.028419947983610284,0.666666666666667,0.8163265306122449,-39.561585488872375,6.5860000070224886e-18
32.6530612244898,1.142836708073,0.1335135120285407,0.6767676767676766,0.8163265306122449,-39.561799033342105,6.5845937532975426e-18
32.6530612244898,1.2694796296533,0.23860707607348014,0.686868686868687,0.8163265306122449,-39.562009621378344,6.5832072626239004e-18
32.6530612244898,1.41015642805352,0.3437006401184105,0.6969696969696967,0.8163265306122449,-39.56221730127037,6.58184020481052e-18
32.6530612244898,1.56642226084696,0.44879420416335164,0.7070707070707073,0.8163265306122449,-39.56242212002723,6.580492258528998e-18
32.6530612244898,1.74000461967455,0.5538877682082868,0.7171717171717173,0.8163265306122449,-39.56262412340738,6.579163111100362e-18
32.6530612244898,1.93282242736499,0.6589813322532224,0.7272727272727274,0.8163265306122449,-39.56282335594762,6.577852458287765e-18
32.6530612244898,2.14700725129329,0.7640748962981553,0.7373737373737373,0.8163265306122449,-39.56301986099113,6.576560004095278e-18
32.6530612244898,2.38492686748792,0.8691684603430914,0.7474747474747475,0.8163265306122449,-39.563213680714775,6.5752854605726e-18
32.6530612244898,2.64921143598352,0.9742620243880249,0.7575757575757573,0.8163265306122449,-39.56340485615576,6.574028547624319e-18
32.6530612244898,2.94278257678333,1.0793555884329629,0.7676767676767676,0.8163265306122449,-39.563593427237485,6.57278899282559e-18
32.6530612244898,3.26888566786082,1.184449152477898,0.7777777777777777,0.8163265306122449,-39.56377943279478,6.571566531241838e-18
32.6530612244898,3.63112572224959,1.289542716522833,0.7878787878787878,0.8163265306122449,-39.56396291059839,6.570360905254596e-18
32.6530612244898,4.0335072408363,1.3946362805677694,0.797979797979798,0.8163265306122449,-39.56414389737893,6.5691718643909395e-18
32.6530612244898,4.48047848142245,1.4997298446127043,0.808080808080808,0.8163265306122449,-39.56432242885011,6.567999165158542e-18
32.6530612244898,4.97698063344183,1.6048234086576407,0.8181818181818182,0.8163265306122449,-39.564498539731424,6.566842570884512e-18
32.6530612244898,5.52850244195146,1.7099169727025751,0.8282828282828283,0.8163265306122449,-39.564672263770206,6.5657018515591115e-18
32.6530612244898,6.14114088475497,1.8150105367475111,0.8383838383838383,0.8163265306122449,-39.564843633763125,6.564576783683487e-18
32.6530612244898,6.8216685734332,1.9201041007924453,0.8484848484848483,0.8163265306122449,-39.56501268157715,6.563467150121405e-18
32.6530612244898,7.57760862338904,2.0251976648373815,0.8585858585858586,0.8163265306122449,-39.56517943817,6.5623727399547774e-18
32.6530612244898,8.41731782058148,2.1302912288823177,0.8686868686868686,0.8163265306122449,-39.56534393360992,6.561293348343944e-18
32.6530612244898,9.35007900434302,2.2353847929272526,0.8787878787878787,0.8163265306122449,-39.565506197095246,6.560228776389889e-18
32.6530612244898,10.3862036875563,2.3404783569721936,0.8888888888888893,0.8163265306122449,-39.56566625697314,6.559178831002302e-18
32.6530612244898,11.5371460486378,2.445571921017128,0.8989898989898993,0.8163265306122449,-39.56582414075811,6.558143324769128e-18
32.6530612244898,12.8156295554912,2.550665485062058,0.909090909090909,0.8163265306122449,-39.56597987514994,6.557122075830752e-18
32.6530612244898,14.2357876212352,2.6557590491069942,0.919191919191919,0.8163265306122449,-39.566133486051264,6.556114907756586e-18
32.6530612244898,15.8133198466305,2.7608526131519304,0.9292929292929293,0.8163265306122449,-39.566284998584536,6.555121649425935e-18
32.6530612244898,17.5656655764397,2.865946177196865,0.9393939393939392,0.8163265306122449,-39.566434437108846,6.5541421349103934e-18
32.6530612244898,19.5121966883548,2.9710397412417997,0.9494949494949493,0.8163265306122449,-39.56658182523608,6.553176203360687e-18
32.6530612244898,21.6744317457404,3.0761333052867346,0.9595959595959593,0.8163265306122449,-39.56672718584677,6.552223698895768e-18
32.6530612244898,24.0762738816144,3.1812268693316703,0.9696969696969694,0.8163265306122449,-39.56687054110569,6.5512844704941815e-18
32.6530612244898,26.744275043632,3.2863204333766105,0.97979797979798,0.8163265306122449,-39.56701191247684,6.550358371889251e-18
32.6530612244898,29.707929521255,3.3914139974215445,0.98989898989899,0.8163265306122449,-39.56715132073827,6.54944526146596e-18
32.6530612244898,33.0,3.4965075614664802,1.0,0.8163265306122449,-39.567288785996425,6.5485450021609194e-18
33.46938775510204,0.001,-6.907755278982137,0.0,0.8367346938775511,-39.53819179472611,6.741887155740729e-18
33.46938775510204,0.001110814537795,-6.802661714937222,0.010101010101008117,0.8367346938775511,-39.53873862811843,6.738201474535335e-18
33.46938775510204,0.0012339089373767,-6.697568150892323,0.020202020202014698,0.8367346938775511,-39.53927580637309,6.734582831242955e-18
33.46938775510204,0.0013706439859533,-6.592474586847349,0.030303030303028534,0.8367346938775511,-39.53980355098407,6.731029629120691e-18
33.46938775510204,0.0015225312657382,-6.487381022802441,0.04040404040403597,0.8367346938775511,-39.54032207763272,6.727540315614306e-18
33.46938775510204,0.0016912498642295,-6.382287458757476,0.05050505050504887,0.8367346938775511,-39.54083159635324,6.724113380998257e-18
33.46938775510204,0.00187866493623,-6.277193894712534,0.06060606060605963,0.8367346938775511,-39.54133231169287,6.720747357063239e-18
33.46938775510204,0.00208684832281,-6.172100330667619,0.07070707070706775,0.8367346938775511,-39.54182442286708,6.717440815849451e-18
33.46938775510204,0.0023181014551505,-6.067006766622687,0.08080808080807748,0.8367346938775511,-39.54230812390993,6.71419236842356e-18
33.46938775510204,0.002574980796465,-5.961913202577741,0.0909090909090886,0.8367346938775511,-39.5427836038197,6.7110006636979344e-18
33.46938775510204,0.0028603261032564,-5.856819638532781,0.10101010101010106,0.8367346938775511,-39.543251046699844,6.7078643872911946e-18
33.46938775510204,0.0031772918183317,-5.751726074487876,0.11111111111110823,0.8367346938775511,-39.54371063189577,6.704782260426702e-18
33.46938775510204,0.0035293819426201,-5.646632510442922,0.1212121212121201,0.8367346938775511,-39.54416253412718,6.7017530388696295e-18
33.46938775510204,0.0039204887712936,-5.541538946397998,0.13131313131312908,0.8367346938775511,-39.54460692361639,6.698775511899716e-18
33.46938775510204,0.0043549359224151,-5.436445382353058,0.14141414141413966,0.8367346938775511,-39.54504396621264,6.695848501319066e-18
33.46938775510204,0.0048375261337845,-5.331351818308116,0.15151515151515035,0.8367346938775511,-39.54547382351254,6.6929708604935235e-18
33.46938775510204,0.0053735943563712,-5.2262582542631755,0.16161616161616094,0.8367346938775511,-39.54589665297691,6.690141473425804e-18
33.46938775510204,0.0059690667312704,-5.121164690218244,0.17171717171717069,0.8367346938775511,-39.54631260804387,6.6873592538605125e-18
33.46938775510204,0.0066305261021638,-5.016071126173304,0.18181818181818118,0.8367346938775511,-39.546721838238554,6.6846231444186165e-18
33.46938775510204,0.0073652847875129,-4.910977562128371,0.19191919191919102,0.8367346938775511,-39.54712448927947,6.6819321157604965e-18
33.46938775510204,0.0081814654169699,-4.80588399808343,0.20202020202020168,0.8367346938775511,-39.54752070318154,6.679285165777353e-18
33.46938775510204,0.0090880907256374,-4.700790434038493,0.21212121212121193,0.8367346938775511,-39.54791061835608,6.676681318808867e-18
33.46938775510204,0.0100951832988382,-4.595696869993551,0.22222222222222263,0.8367346938775511,-39.54829436970764,6.674119624887005e-18
33.46938775510204,0.0112138763700549,-4.490603305948624,0.23232323232323193,0.8367346938775511,-39.54867208872805,6.671599159004138e-18
33.46938775510204,0.0124565368968931,-4.385509741903686,0.24242424242424226,0.8367346938775511,-39.54904390358744,6.6691190204056786e-18
33.46938775510204,0.013836902275649,-4.280416177858747,0.2525252525252527,0.8367346938775511,-39.54940993922266,6.666678331905393e-18
33.46938775510204,0.0153702322058399,-4.175322613813814,0.26262626262626254,0.8367346938775511,-39.54977031742295,6.664276239223183e-18
33.46938775510204,0.0170734773835322,-4.07022904976888,0.2727272727272725,0.8367346938775511,-39.55012515691308,6.661911910343768e-18
33.46938775510204,0.0189654668883421,-3.9651354857239447,0.2828282828282826,0.8367346938775511,-39.550474573433966,6.659584534897019e-18
33.46938775510204,0.0210671163356406,-3.8600419216790063,0.292929292929293,0.8367346938775511,-39.550818679820864,6.657293323557312e-18
33.46938775510204,0.0234016590950486,-3.7549483576340705,0.3030303030303031,0.8367346938775511,-39.55115758607932,6.655037507462269e-18
33.46938775510204,0.0259949031313031,-3.649854793589135,0.3131313131313132,0.8367346938775511,-39.55149139945871,6.65281633765065e-18
33.46938775510204,0.0288755163068248,-3.5447612295442013,0.32323232323232315,0.8367346938775511,-39.551820224523716,6.650629084517495e-18
33.46938775510204,0.0320753432999582,-3.4396676654992664,0.33333333333333315,0.8367346938775511,-39.55214416322365,6.6484750372865695e-18
33.46938775510204,0.0356297576423598,-3.3345741014543298,0.34343434343434337,0.8367346938775511,-39.5524633149597,6.646353503499935e-18
33.46938775510204,0.0395780527672466,-3.229480537409394,0.3535353535353535,0.8367346938775511,-39.55277777665023,6.644263808523099e-18
33.46938775510204,0.0439638763914761,-3.1243869733644574,0.3636363636363637,0.8367346938775511,-39.55308764279415,6.64220529506588e-18
33.46938775510204,0.048835713033475,-3.019293409319523,0.3737373737373737,0.8367346938775511,-39.55339300553237,6.6401773227184835e-18
33.46938775510204,0.0542474200011699,-2.914199845274587,0.3838383838383838,0.8367346938775511,-39.55369395470762,6.638179267501327e-18
33.46938775510204,0.060258822775172,-2.8091062812296523,0.3939393939393938,0.8367346938775511,-39.553990577922285,6.6362105214298e-18
33.46938775510204,0.0669363763690749,-2.7040127171847166,0.404040404040404,0.8367346938775511,-39.55428296059477,6.63427049209168e-18
33.46938775510204,0.0743538999780876,-2.5989191531397813,0.4141414141414141,0.8367346938775511,-39.554571186014066,6.632358602238231e-18
33.46938775510204,0.0825933930374168,-2.493825589094845,0.42424242424242425,0.8367346938775511,-39.55485533539291,6.630474289386987e-18
33.46938775510204,0.0917459417117808,-2.38873202504991,0.4343434343434343,0.8367346938775511,-39.555135487919195,6.628617005437878e-18
33.46938775510204,0.101912725837141,-2.283638461004973,0.44444444444444453,0.8367346938775511,-39.55541172080607,6.6267862163002005e-18
33.46938775510204,0.113206137446215,-2.1785448969600347,0.4545454545454549,0.8367346938775511,-39.55568410934057,6.624981401530897e-18
33.46938775510204,0.125751023242877,-2.0734513329151003,0.46464646464646486,0.8367346938775511,-39.555952726930755,6.623202053984507e-18
33.46938775510204,0.139686064760787,-1.9683577688701692,0.47474747474747453,0.8367346938775511,-39.5562176451516,6.621447679473229e-18
33.46938775510204,0.155165311463659,-1.8632642048252352,0.48484848484848453,0.8367346938775511,-39.55647893378955,6.6197177964370295e-18
33.46938775510204,0.172359883735326,-1.7581706407802946,0.49494949494949514,0.8367346938775511,-39.5567366608858,6.6180119356240945e-18
33.46938775510204,0.19145986458586,-1.6530770767353593,0.5050505050505052,0.8367346938775511,-39.55699089277832,6.616329639780627e-18
33.46938775510204,0.212676400986239,-1.5479835126904273,0.5151515151515149,0.8367346938775511,-39.55724169414281,6.614670463349627e-18
33.46938775510204,0.236244038061438,-1.442889948645492,0.5252525252525251,0.8367346938775511,-39.557489128032294,6.6130339721792615e-18
33.46938775510204,0.262423311946047,-1.3377963846005527,0.5353535353535355,0.8367346938775511,-39.557733255915785,6.611419743239344e-18
33.46938775510204,0.291503629965987,-1.2327028205556183,0.5454545454545455,0.8367346938775511,-39.557974137715796,6.609827364346214e-18
33.46938775510204,0.323806469986239,-1.1276092565106834,0.5555555555555556,0.8367346938775511,-39.55821183184478,6.608256433895981e-18
33.46938775510204,0.359688934292802,-1.0225156924657481,0.5656565656565656,0.8367346938775511,-39.558446395240615,6.606706560605171e-18
33.46938775510204,0.399547697296443,-0.9174221284208132,0.5757575757575757,0.8367346938775511,-39.558677883401,6.605177363259602e-18
33.46938775510204,0.443823390699414,-0.8123285643758777,0.5858585858585857,0.8367346938775511,-39.55890635041704,6.6036684704697074e-18
33.46938775510204,0.49300547460239,-0.707235000330941,0.5959595959595959,0.8367346938775511,-39.55913184900576,6.602179520433622e-18
33.46938775510204,0.547637648400869,-0.6021414362860068,0.606060606060606,0.8367346938775511,-39.559354430541845,6.6007101607066885e-18
33.46938775510204,0.608323861287565,-0.49704787224107067,0.6161616161616161,0.8367346938775511,-39.55957414508838,6.5992600479781585e-18
33.46938775510204,0.67573498880583,-0.39195430819613525,0.6262626262626262,0.8367346938775511,-39.55979104142689,6.597828847853538e-18
33.46938775510204,0.750616249262273,-0.2868607441511999,0.6363636363636362,0.8367346938775511,-39.560005167086466,6.596416234643494e-18
33.46938775510204,0.833795441985706,-0.18176718010626372,0.6464646464646464,0.8367346938775511,-39.56021656837208,6.595021891159259e-18
33.46938775510204,0.926192098504948,-0.07667361606132911,0.6565656565656565,0.8367346938775511,-39.56042529039224,6.593645508512806e-18
33.46938775510204,1.02882764781018,0.028419947983610284,0.666666666666667,0.8367346938775511,-39.56063137708578,6.592286785923727e-18
33.46938775510204,1.142836708073,0.1335135120285407,0.6767676767676766,0.8367346938775511,-39.56083487124801,6.590945430530634e-18
33.46938775510204,1.2694796296533,0.23860707607348014,0.686868686868687,0.8367346938775511,-39.56103581455613,6.5896211572086005e-18
33.46938775510204,1.41015642805352,0.3437006401184105,0.6969696969696967,0.8367346938775511,-39.56123424759391,6.588313688391346e-18
33.46938775510204,1.56642226084696,0.44879420416335164,0.7070707070707073,0.8367346938775511,-39.5614302098759,6.587022753897852e-18
33.46938775510204,1.74000461967455,0.5538877682082868,0.7171717171717173,0.8367346938775511,-39.56162373987073,6.5857480907650885e-18
33.46938775510204,1.93282242736499,0.6589813322532224,0.7272727272727274,0.8367346938775511,-39.561814875024005,6.584489443084086e-18
33.46938775510204,2.14700725129329,0.7640748962981553,0.7373737373737373,0.8367346938775511,-39.56200365178052,6.583246561840939e-18
33.46938775510204,2.38492686748792,0.8691684603430914,0.7474747474747475,0.8367346938775511,-39.56219010560582,6.582019204762856e-18
33.46938775510204,2.64921143598352,0.9742620243880249,0.7575757575757573,0.8367346938775511,-39.562374271007414,6.580807136166701e-18
33.46938775510204,2.94278257678333,1.0793555884329629,0.7676767676767676,0.8367346938775511,-39.562556181555145,6.579610126813663e-18
33.46938775510204,3.26888566786082,1.184449152477898,0.7777777777777777,0.8367346938775511,-39.56273586990127,6.578427953766386e-18
33.46938775510204,3.63112572224959,1.289542716522833,0.7878787878787878,0.8367346938775511,-39.56291336779989,6.577260400250588e-18
33.46938775510204,4.0335072408363,1.3946362805677694,0.797979797979798,0.8367346938775511,-39.563088706125946,6.5761072555201404e-18
33.46938775510204,4.48047848142245,1.4997298446127043,0.808080808080808,0.8367346938775511,-39.56326191489368,6.5749683147260386e-18
33.46938775510204,4.97698063344183,1.6048234086576407,0.8181818181818182,0.8367346938775511,-39.563433023274676,6.57384337878833e-18
33.46938775510204,5.52850244195146,1.7099169727025751,0.8282828282828283,0.8367346938775511,-39.56360205961541,6.572732254271863e-18
33.46938775510204,6.14114088475497,1.8150105367475111,0.8383838383838383,0.8367346938775511,-39.56376905145432,6.571634753265467e-18
33.46938775510204,6.8216685734332,1.9201041007924453,0.8484848484848483,0.8367346938775511,-39.56393402553859,6.570550693263246e-18
33.46938775510204,7.57760862338904,2.0251976648373815,0.8585858585858586,0.8367346938775511,-39.5640970078403,6.5694798970505435e-18
33.46938775510204,8.41731782058148,2.1302912288823177,0.8686868686868686,0.8367346938775511,-39.56425802357238,6.568422192591379e-18
33.46938775510204,9.35007900434302,2.2353847929272526,0.8787878787878787,0.8367346938775511,-39.56441709720402,6.5673774129196904e-18
33.46938775510204,10.3862036875563,2.3404783569721936,0.8888888888888893,0.8367346938775511,-39.56457425247582,6.566345396032918e-18
33.46938775510204,11.5371460486378,2.445571921017128,0.8989898989898993,0.8367346938775511,-39.56472951241445,6.5653259847886175e-18
33.46938775510204,12.8156295554912,2.550665485062058,0.909090909090909,0.8367346938775511,-39.56488289934704,6.564319026803441e-18
33.46938775510204,14.2357876212352,2.6557590491069942,0.919191919191919,0.8367346938775511,-39.56503443491523,6.563324374354429e-18
33.46938775510204,15.8133198466305,2.7608526131519304,0.9292929292929293,0.8367346938775511,-39.56518414008878,6.56234188428367e-18
33.46938775510204,17.5656655764397,2.865946177196865,0.9393939393939392,0.8367346938775511,-39.565332035178976,6.561371417904184e-18
33.46938775510204,19.5121966883548,2.9710397412417997,0.9494949494949493,0.8367346938775511,-39.56547813985163,6.560412840909018e-18
33.46938775510204,21.6744317457404,3.0761333052867346,0.9595959595959593,0.8367346938775511,-39.56562247313983,6.559466023282004e-18
33.46938775510204,24.0762738816144,3.1812268693316703,0.9696969696969694,0.8367346938775511,-39.56576505345637,6.5585308392111105e-18
33.46938775510204,26.744275043632,3.2863204333766105,0.97979797979798,0.8367346938775511,-39.56590589860588,6.5576071670034014e-18
33.46938775510204,29.707929521255,3.3914139974215445,0.98989898989899,0.8367346938775511,-39.56604502579667,6.556694889002748e-18
33.46938775510204,33.0,3.4965075614664802,1.0,0.8367346938775511,-39.56618245165235,6.555793891508763e-18
34.285714285714285,0.001,-6.907755278982137,0.0,0.8571428571428571,-39.53932686525669,6.734238979740496e-18
34.285714285714285,0.001110814537795,-6.802661714937222,0.010101010101008117,0.8571428571428571,-39.5398100391457,6.730985957254189e-18
34.285714285714285,0.0012339089373767,-6.697568150892323,0.020202020202014698,0.8571428571428571,-39.54028516835589,6.727788628844747e-18
34.285714285714285,0.0013706439859533,-6.592474586847349,0.030303030303028534,0.8571428571428571,-39.5407524320531,6.724645711798687e-18
34.285714285714285,0.0015225312657382,-6.487381022802441,0.04040404040403597,0.8571428571428571,-39.54121200485649,6.7215559575549804e-18
34.285714285714285,0.0016912498642295,-6.382287458757476,0.05050505050504887,0.8571428571428571,-39.54166405696367,6.7185181506960785e-18
34.285714285714285,0.00187866493623,-6.277193894712534,0.06060606060605963,0.8571428571428571,-39.54210875427195,6.715531107972974e-18
34.285714285714285,0.00208684832281,-6.172100330667619,0.07070707070706775,0.8571428571428571,-39.54254625849594,6.712593677362913e-18
34.285714285714285,0.0023181014551505,-6.067006766622687,0.08080808080807748,0.8571428571428571,-39.5429767272815,6.7097047371585665e-18
34.285714285714285,0.002574980796465,-5.961913202577741,0.0909090909090886,0.8571428571428571,-39.543400314316166,6.706863195088136e-18
34.285714285714285,0.0028603261032564,-5.856819638532781,0.10101010101010106,0.8571428571428571,-39.5438171694364,6.704067987463326e-18
34.285714285714285,0.0031772918183317,-5.751726074487876,0.11111111111110823,0.8571428571428571,-39.54422743873133,6.701318078357143e-18
34.285714285714285,0.0035293819426201,-5.646632510442922,0.1212121212121201,0.8571428571428571,-39.54463126464354,6.698612458807562e-18
34.285714285714285,0.0039204887712936,-5.541538946397998,0.13131313131312908,0.8571428571428571,-39.54502878606672,6.695950146047832e-18
34.285714285714285,0.0043549359224151,-5.436445382353058,0.14141414141413966,0.8571428571428571,-39.54542013844041,6.693330182761932e-18
34.285714285714285,0.0048375261337845,-5.331351818308116,0.15151515151515035,0.8571428571428571,-39.54580545384184,6.6907516363644224e-18
34.285714285714285,0.0053735943563712,-5.2262582542631755,0.16161616161616094,0.8571428571428571,-39.54618486107504,6.688213598303458e-18
34.285714285714285,0.0059690667312704,-5.121164690218244,0.17171717171717069,0.8571428571428571,-39.54655848575735,6.685715183386368e-18
34.285714285714285,0.0066305261021638,-5.016071126173304,0.18181818181818118,0.8571428571428571,-39.546926450403184,6.683255529127435e-18
34.285714285714285,0.0073652847875129,-4.910977562128371,0.19191919191919102,0.8571428571428571,-39.54728887450543,6.680833795116083e-18
34.285714285714285,0.0081814654169699,-4.80588399808343,0.20202020202020168,0.8571428571428571,-39.54764587461439,6.678449162405707e-18
34.285714285714285,0.0090880907256374,-4.700790434038493,0.21212121212121193,0.8571428571428571,-39.54799756441431,6.6761008329219694e-18
34.285714285714285,0.0100951832988382,-4.595696869993551,0.22222222222222263,0.8571428571428571,-39.54834405479776,6.6737880288897376e-18
34.285714285714285,0.0112138763700549,-4.490603305948624,0.23232323232323193,0.8571428571428571,-39.54868545393771,6.671509992278473e-18
34.285714285714285,0.0124565368968931,-4.385509741903686,0.24242424242424226,0.8571428571428571,-39.54902186735753,6.669265984264951e-18
34.285714285714285,0.013836902275649,-4.280416177858747,0.2525252525252527,0.8571428571428571,-39.54935339799894,6.667055284713017e-18
34.285714285714285,0.0153702322058399,-4.175322613813814,0.26262626262626254,0.8571428571428571,-39.54968014628788,6.6648771916699266e-18
34.285714285714285,0.0170734773835322,-4.07022904976888,0.2727272727272725,0.8571428571428571,-39.550002210198585,6.662731020877863e-18
34.285714285714285,0.0189654668883421,-3.9651354857239447,0.2828282828282826,0.8571428571428571,-39.55031968531568,6.6606161053011485e-18
34.285714285714285,0.0210671163356406,-3.8600419216790063,0.292929292929293,0.8571428571428571,-39.55063266489447,6.658531794668348e-18
34.285714285714285,0.0234016590950486,-3.7549483576340705,0.3030303030303031,0.8571428571428571,-39.550941239919595,6.6564774550277795e-18
34.285714285714285,0.0259949031313031,-3.649854793589135,0.3131313131313132,0.8571428571428571,-39.55124549916173,6.654452468318105e-18
34.285714285714285,0.0288755163068248,-3.5447612295442013,0.32323232323232315,0.8571428571428571,-39.55154552923298,6.652456231950342e-18
34.285714285714285,0.0320753432999582,-3.4396676654992664,0.33333333333333315,0.8571428571428571,-39.55184141464036,6.650488158404584e-18
34.285714285714285,0.0356297576423598,-3.3345741014543298,0.34343434343434337,0.8571428571428571,-39.55213323783793,6.6485476748376194e-18
34.285714285714285,0.0395780527672466,-3.229480537409394,0.3535353535353535,0.8571428571428571,-39.55242107927736,6.646634222703392e-18
34.285714285714285,0.0439638763914761,-3.1243869733644574,0.3636363636363637,0.8571428571428571,-39.55270501745704,6.644747257384595e-18
34.285714285714285,0.048835713033475,-3.019293409319523,0.3737373737373737,0.8571428571428571,-39.5529851289698,6.642886247835701e-18
34.285714285714285,0.0542474200011699,-2.914199845274587,0.3838383838383838,0.8571428571428571,-39.553261488549246,6.64105067623653e-18
34.285714285714285,0.060258822775172,-2.8091062812296523,0.3939393939393938,0.8571428571428571,-39.55353416911482,6.639240037656332e-18
34.285714285714285,0.0669363763690749,-2.7040127171847166,0.404040404040404,0.8571428571428571,-39.55380324181552,6.637453839728108e-18
34.285714285714285,0.0743538999780876,-2.5989191531397813,0.4141414141414141,0.8571428571428571,-39.55406877607243,6.635691602332593e-18
34.285714285714285,0.0825933930374168,-2.493825589094845,0.42424242424242425,0.8571428571428571,-39.55433083961999,6.633952857291526e-18
34.285714285714285,0.0917459417117808,-2.38873202504991,0.4343434343434343,0.8571428571428571,-39.55458949854617,6.6322371480704604e-18
34.285714285714285,0.101912725837141,-2.283638461004973,0.44444444444444453,0.8571428571428571,-39.554844817331464,6.630544029489731e-18
34.285714285714285,0.113206137446215,-2.1785448969600347,0.4545454545454549,0.8571428571428571,-39.55509685888679,6.628873067444651e-18
34.285714285714285,0.125751023242877,-2.0734513329151003,0.46464646464646486,0.8571428571428571,-39.55534568459036,6.6272238386335694e-18
34.285714285714285,0.139686064760787,-1.9683577688701692,0.47474747474747453,0.8571428571428571,-39.55559135432347,6.625595930293955e-18
34.285714285714285,0.155165311463659,-1.8632642048252352,0.48484848484848453,0.8571428571428571,-39.555833926505336,6.623988939946424e-18
34.285714285714285,0.172359883735326,-1.7581706407802946,0.49494949494949514,0.8571428571428571,-39.556073458126946,6.622402475145943e-18
34.285714285714285,0.19145986458586,-1.6530770767353593,0.5050505050505052,0.8571428571428571,-39.55631000478394,6.620836153240596e-18
34.285714285714285,0.212676400986239,-1.5479835126904273,0.5151515151515149,0.8571428571428571,-39.55654362070866,6.6192896011368665e-18
34.285714285714285,0.236244038061438,-1.442889948645492,0.5252525252525251,0.8571428571428571,-39.55677435880119,6.6177624550725366e-18
34.285714285714285,0.262423311946047,-1.3377963846005527,0.5353535353535355,0.8571428571428571,-39.5570022706597,6.616254360395086e-18
34.285714285714285,0.291503629965987,-1.2327028205556183,0.5454545454545455,0.8571428571428571,-39.55722740660979,6.6147649713474285e-18
34.285714285714285,0.323806469986239,-1.1276092565106834,0.5555555555555556,0.8571428571428571,-39.55744981573316,6.613293950859124e-18
34.285714285714285,0.359688934292802,-1.0225156924657481,0.5656565656565656,0.8571428571428571,-39.55766954589542,6.611840970343868e-18
34.285714285714285,0.399547697296443,-0.9174221284208132,0.5757575757575757,0.8571428571428571,-39.55788664377317,6.610405709502855e-18
34.285714285714285,0.443823390699414,-0.8123285643758777,0.5858585858585857,0.8571428571428571,-39.55810115488037,6.608987856133184e-18
34.285714285714285,0.49300547460239,-0.707235000330941,0.5959595959595959,0.8571428571428571,-39.558313123593905,6.607587105942395e-18
34.285714285714285,0.547637648400869,-0.6021414362860068,0.606060606060606,0.8571428571428571,-39.558522593178566,6.606203162367807e-18
34.285714285714285,0.608323861287565,-0.49704787224107067,0.6161616161616161,0.8571428571428571,-39.5587296058113,6.604835736400888e-18
34.285714285714285,0.67573498880583,-0.39195430819613525,0.6262626262626262,0.8571428571428571,-39.55893420260484,6.603484546416662e-18
34.285714285714285,0.750616249262273,-0.2868607441511999,0.6363636363636362,0.8571428571428571,-39.55913642363059,6.6021493180083264e-18
34.285714285714285,0.833795441985706,-0.18176718010626372,0.6464646464646464,0.8571428571428571,-39.559336307941116,6.6008297838253935e-18
34.285714285714285,0.926192098504948,-0.07667361606132911,0.6565656565656565,0.8571428571428571,-39.5595338935918,6.599525683417524e-18
34.285714285714285,1.02882764781018,0.028419947983610284,0.666666666666667,0.8571428571428571,-39.55972921766209,6.598236763081734e-18
34.285714285714285,1.142836708073,0.1335135120285407,0.6767676767676766,0.8571428571428571,-39.5599223162761,6.596962775714413e-18
34.285714285714285,1.2694796296533,0.23860707607348014,0.686868686868687,0.8571428571428571,-39.5601132246227,6.595703480667138e-18
34.285714285714285,1.41015642805352,0.3437006401184105,0.6969696969696967,0.8571428571428571,-39.56030197697503,6.594458643606506e-18
34.285714285714285,1.56642226084696,0.44879420416335164,0.7070707070707073,0.8571428571428571,-39.560488606709626,6.593228036377589e-18
34.285714285714285,1.74000461967455,0.5538877682082868,0.7171717171717173,0.8571428571428571,-39.56067314632485,6.5920114368715114e-18
34.285714285714285,1.93282242736499,0.6589813322532224,0.7272727272727274,0.8571428571428571,-39.56085562745904,6.5908086288961434e-18
34.285714285714285,2.14700725129329,0.7640748962981553,0.7373737373737373,0.8571428571428571,-39.561036080908046,6.5896194020505985e-18
34.285714285714285,2.38492686748792,0.8691684603430914,0.7474747474747475,0.8571428571428571,-39.561214536642375,6.5884435516030086e-18
34.285714285714285,2.64921143598352,0.9742620243880249,0.7575757575757573,0.8571428571428571,-39.56139102382389,6.587280878371509e-18
34.285714285714285,2.94278257678333,1.0793555884329629,0.7676767676767676,0.8571428571428571,-39.56156557082208,6.5861311886082864e-18
34.285714285714285,3.26888566786082,1.184449152477898,0.7777777777777777,0.8571428571428571,-39.561738205229894,6.5849942938871734e-18
34.285714285714285,3.63112572224959,1.289542716522833,0.7878787878787878,0.8571428571428571,-39.561908953879204,6.583870010993401e-18
34.285714285714285,4.0335072408363,1.3946362805677694,0.797979797979798,0.8571428571428571,-39.56207784285582,6.582758161817241e-18
34.285714285714285,4.48047848142245,1.4997298446127043,0.808080808080808,0.8571428571428571,-39.56224489751421,6.581658573249502e-18
34.285714285714285,4.97698063344183,1.6048234086576407,0.8181818181818182,0.8571428571428571,-39.562410142491785,6.580571077080285e-18
34.285714285714285,5.52850244195146,1.7099169727025751,0.8282828282828283,0.8571428571428571,-39.56257360172282,6.579495509900358e-18
34.285714285714285,6.14114088475497,1.8150105367475111,0.8383838383838383,0.8571428571428571,-39.56273529845209,6.5784317130047045e-18
34.285714285714285,6.8216685734332,1.9201041007924453,0.8484848484848483,0.8571428571428571,-39.56289525524814,6.577379532298851e-18
34.285714285714285,7.57760862338904,2.0251976648373815,0.8585858585858586,0.8571428571428571,-39.563053494016145,6.576338818207762e-18
34.285714285714285,8.41731782058148,2.1302912288823177,0.8686868686868686,0.8571428571428571,-39.56321003601065,6.575309425586298e-18
34.285714285714285,9.35007900434302,2.2353847929272526,0.8787878787878787,0.8571428571428571,-39.56336490184776,6.574291213633001e-18
34.285714285714285,10.3862036875563,2.3404783569721936,0.8888888888888893,0.8571428571428571,-39.56351811151721,6.573284045805194e-18
34.285714285714285,11.5371460486378,2.445571921017128,0.8989898989898993,0.8571428571428571,-39.56366968439411,6.57228778973633e-18
34.285714285714285,12.8156295554912,2.550665485062058,0.909090909090909,0.8571428571428571,-39.56381963925032,6.5713023171558805e-18
34.285714285714285,14.2357876212352,2.6557590491069942,0.919191919191919,0.8571428571428571,-39.56396799426566,6.570327503810821e-18
34.285714285714285,15.8133198466305,2.7608526131519304,0.9292929292929293,0.8571428571428571,-39.564114767038824,6.56936322938884e-18
34.285714285714285,17.5656655764397,2.865946177196865,0.9393939393939392,0.8571428571428571,-39.56425997459801,6.568409377443828e-18
34.285714285714285,19.5121966883548,2.9710397412417997,0.9494949494949493,0.8571428571428571,-39.56440363341128,6.567465835323274e-18
34.285714285714285,21.6744317457404,3.0761333052867346,0.9595959595959593,0.8571428571428571,-39.56454575939679,6.5665324940967035e-18
34.285714285714285,24.0762738816144,3.1812268693316703,0.9696969696969694,0.8571428571428571,-39.56468636793266,6.565609248486625e-18
34.285714285714285,26.744275043632,3.2863204333766105,0.97979797979798,0.8571428571428571,-39.56482547386671,6.5646959968003215e-18
34.285714285714285,29.707929521255,3.3914139974215445,0.98989898989899,0.8571428571428571,-39.56496309152585,6.563792640864599e-18
34.285714285714285,33.0,3.4965075614664802,1.0,0.8571428571428571,-39.56509923472547,6.562899085959883e-18
35.10204081632653,0.001,-6.907755278982137,0.0,0.8775510204081632,-39.540328996776154,6.727493766958965e-18
35.10204081632653,0.001110814537795,-6.802661714937222,0.010101010101008117,0.8775510204081632,-39.54075675500117,6.724616641567305e-18
35.10204081632653,0.0012339089373767,-6.697568150892323,0.020202020202014698,0.8775510204081632,-39.541177789215745,6.721785943833417e-18
35.10204081632653,0.0013706439859533,-6.592474586847349,0.030303030303028534,0.8775510204081632,-39.54159224524054,6.7190006363852274e-18
35.10204081632653,0.0015225312657382,-6.487381022802441,0.04040404040403597,0.8775510204081632,-39.54200026531622,6.716259708451901e-18
35.10204081632653,0.0016912498642295,-6.382287458757476,0.05050505050504887,0.8775510204081632,-39.54240198819881,6.713562175108292e-18
35.10204081632653,0.00187866493623,-6.277193894712534,0.06060606060605963,0.8775510204081632,-39.54279754925214,6.710907076544115e-18
35.10204081632653,0.00208684832281,-6.172100330667619,0.07070707070706775,0.8775510204081632,-39.54318708053746,6.708293477357335e-18
35.10204081632653,0.0023181014551505,-6.067006766622687,0.08080808080807748,0.8775510204081632,-39.54357071090055,6.705720465869082e-18
35.10204081632653,0.002574980796465,-5.961913202577741,0.0909090909090886,0.8775510204081632,-39.54394856605606,6.7031871534623906e-18
35.10204081632653,0.0028603261032564,-5.856819638532781,0.10101010101010106,0.8775510204081632,-39.54432076866945,6.700692673940516e-18
35.10204081632653,0.0031772918183317,-5.751726074487876,0.11111111111110823,0.8775510204081632,-39.54468743843653,6.698236182906492e-18
35.10204081632653,0.0035293819426201,-5.646632510442922,0.1212121212121201,0.8775510204081632,-39.545048692160556,6.69581685716256e-18
35.10204081632653,0.0039204887712936,-5.541538946397998,0.13131313131312908,0.8775510204081632,-39.5454046438271,6.693433894128386e-18
35.10204081632653,0.0043549359224151,-5.436445382353058,0.14141414141413966,0.8775510204081632,-39.545755404676726,6.691086511277822e-18
35.10204081632653,0.0048375261337845,-5.331351818308116,0.15151515151515035,0.8775510204081632,-39.54610108327556,6.6887739455931914e-18
35.10204081632653,0.0053735943563712,-5.2262582542631755,0.16161616161616094,0.8775510204081632,-39.54644178558369,6.686495453037249e-18
35.10204081632653,0.0059690667312704,-5.121164690218244,0.17171717171717069,0.8775510204081632,-39.54677761502169,6.684250308041053e-18
35.10204081632653,0.0066305261021638,-5.016071126173304,0.18181818181818118,0.8775510204081632,-39.547108672535124,6.6820378030083105e-18
35.10204081632653,0.0073652847875129,-4.910977562128371,0.19191919191919102,0.8775510204081632,-39.547435056657214,6.679857247834854e-18
35.10204081632653,0.0081814654169699,-4.80588399808343,0.20202020202020168,0.8775510204081632,-39.547756863569624,6.677707969443457e-18
35.10204081632653,0.0090880907256374,-4.700790434038493,0.21212121212121193,0.8775510204081632,-39.54807418716162,6.675589311332192e-18
35.10204081632653,0.0100951832988382,-4.595696869993551,0.22222222222222263,0.8775510204081632,-39.548387119087316,6.6735006331379136e-18
35.10204081632653,0.0112138763700549,-4.490603305948624,0.23232323232323193,0.8775510204081632,-39.5486957488215,6.671441310211913e-18
35.10204081632653,0.0124565368968931,-4.385509741903686,0.24242424242424226,0.8775510204081632,-39.54900016371362,6.6694107332097965e-18
35.10204081632653,0.013836902275649,-4.280416177858747,0.2525252525252527,0.8775510204081632,-39.54930044904042,6.667408307692749e-18
35.10204081632653,0.0153702322058399,-4.175322613813814,0.26262626262626254,0.8775510204081632,-39.549596688056965,6.6654334537416316e-18
35.10204081632653,0.0170734773835322,-4.07022904976888,0.2727272727272725,0.8775510204081632,-39.549888962046175,6.663485605582835e-18
35.10204081632653,0.0189654668883421,-3.9651354857239447,0.2828282828282826,0.8775510204081632,-39.55017735036703,6.661564211225169e-18
35.10204081632653,0.0210671163356406,-3.8600419216790063,0.292929292929293,0.8775510204081632,-39.55046193050137,6.659668732107659e-18
35.10204081632653,0.0234016590950486,-3.7549483576340705,0.3030303030303031,0.8775510204081632,-39.55074277809934,6.65779864275831e-18
35.10204081632653,0.0259949031313031,-3.649854793589135,0.3131313131313132,0.8775510204081632,-39.551019967023564,6.6559534304628536e-18
35.10204081632653,0.0288755163068248,-3.5447612295442013,0.32323232323232315,0.8775510204081632,-39.55129356939209,6.654132594943314e-18
35.10204081632653,0.0320753432999582,-3.4396676654992664,0.33333333333333315,0.8775510204081632,-39.551563655620065,6.6523356480465076e-18
35.10204081632653,0.0356297576423598,-3.3345741014543298,0.34343434343434337,0.8775510204081632,-39.55183029446031,6.650562113441508e-18
35.10204081632653,0.0395780527672466,-3.229480537409394,0.3535353535353535,0.8775510204081632,-39.55209355304268,6.648811526326198e-18
35.10204081632653,0.0439638763914761,-3.1243869733644574,0.3636363636363637,0.8775510204081632,-39.55235349691237,6.647083433142576e-18
35.10204081632653,0.048835713033475,-3.019293409319523,0.3737373737373737,0.8775510204081632,-39.552610190067135,6.645377391300119e-18
35.10204081632653,0.0542474200011699,-2.914199845274587,0.3838383838383838,0.8775510204081632,-39.552863694993455,6.6436929689078755e-18
35.10204081632653,0.060258822775172,-2.8091062812296523,0.3939393939393938,0.8775510204081632,-39.55311407270171,6.642029744513814e-18
35.10204081632653,0.0669363763690749,-2.7040127171847166,0.404040404040404,0.8775510204081632,-39.55336138276036,6.640387306852211e-18
35.10204081632653,0.0743538999780876,-2.5989191531397813,0.4141414141414141,0.8775510204081632,-39.55360568332919,6.638765254598103e-18
35.10204081632653,0.0825933930374168,-2.493825589094845,0.42424242424242425,0.8775510204081632,-39.553847031191616,6.637163196129217e-18
35.10204081632653,0.0917459417117808,-2.38873202504991,0.4343434343434343,0.8775510204081632,-39.55408548178611,6.635580749294534e-18
35.10204081632653,0.101912725837141,-2.283638461004973,0.44444444444444453,0.8775510204081632,-39.55432108923677,6.6340175411894996e-18
35.10204081632653,0.113206137446215,-2.1785448969600347,0.4545454545454549,0.8775510204081632,-39.55455390638301,6.632473207938054e-18
35.10204081632653,0.125751023242877,-2.0734513329151003,0.46464646464646486,0.8775510204081632,-39.55478398480846,6.630947394480669e-18
35.10204081632653,0.139686064760787,-1.9683577688701692,0.47474747474747453,0.8775510204081632,-39.55501137486909,6.62943975436829e-18
35.10204081632653,0.155165311463659,-1.8632642048252352,0.48484848484848453,0.8775510204081632,-39.5552361257205,6.6279499495628524e-18
35.10204081632653,0.172359883735326,-1.7581706407802946,0.49494949494949514,0.8775510204081632,-39.55545828534454,6.626477650242658e-18
35.10204081632653,0.19145986458586,-1.6530770767353593,0.5050505050505052,0.8775510204081632,-39.55567790057518,6.625022534613788e-18
35.10204081632653,0.212676400986239,-1.5479835126904273,0.5151515151515149,0.8775510204081632,-39.55589501712365,6.62358428872668e-18
35.10204081632653,0.236244038061438,-1.442889948645492,0.5252525252525251,0.8775510204081632,-39.55610967960288,6.622162606298268e-18
35.10204081632653,0.262423311946047,-1.3377963846005527,0.5353535353535355,0.8775510204081632,-39.55632193155137,6.620757188538469e-18
35.10204081632653,0.291503629965987,-1.2327028205556183,0.5454545454545455,0.8775510204081632,-39.55653181545633,6.619367743982085e-18
35.10204081632653,0.323806469986239,-1.1276092565106834,0.5555555555555556,0.8775510204081632,-39.556739372776214,6.617993988325281e-18
35.10204081632653,0.359688934292802,-1.0225156924657481,0.5656565656565656,0.8775510204081632,-39.55694464396269,6.616635644266441e-18
35.10204081632653,0.399547697296443,-0.9174221284208132,0.5757575757575757,0.8775510204081632,-39.55714766848194,6.615292441351879e-18
35.10204081632653,0.443823390699414,-0.8123285643758777,0.5858585858585857,0.8775510204081632,-39.55734848483546,6.61396411582555e-18
35.10204081632653,0.49300547460239,-0.707235000330941,0.5959595959595959,0.8775510204081632,-39.55754713058028,6.612650410482831e-18
35.10204081632653,0.547637648400869,-0.6021414362860068,0.606060606060606,0.8775510204081632,-39.55774364234864,6.6113510745287166e-18
35.10204081632653,0.608323861287565,-0.49704787224107067,0.6161616161616161,0.8775510204081632,-39.55793805586713,6.610065863439579e-18
35.10204081632653,0.67573498880583,-0.39195430819613525,0.6262626262626262,0.8775510204081632,-39.5581304059754,6.6087945388287455e-18
35.10204081632653,0.750616249262273,-0.2868607441511999,0.6363636363636362,0.8775510204081632,-39.55832072664419,6.6075368683163444e-18
35.10204081632653,0.833795441985706,-0.18176718010626372,0.6464646464646464,0.8775510204081632,-39.558509050993145,6.606292625401722e-18
35.10204081632653,0.926192098504948,-0.07667361606132911,0.6565656565656565,0.8775510204081632,-39.558695411307916,6.6050615893402785e-18
35.10204081632653,1.02882764781018,0.028419947983610284,0.666666666666667,0.8775510204081632,-39.558879839056964,6.6038435450230735e-18
35.10204081632653,1.142836708073,0.1335135120285407,0.6767676767676766,0.8775510204081632,-39.55906236490789,6.6026382828597445e-18
35.10204081632653,1.2694796296533,0.23860707607348014,0.686868686868687,0.8775510204081632,-39.55924301874327,6.601445598665056e-18
35.10204081632653,1.41015642805352,0.3437006401184105,0.6969696969696967,0.8775510204081632,-39.559421829676204,6.600265293547702e-18
35.10204081632653,1.56642226084696,0.44879420416335164,0.7070707070707073,0.8775510204081632,-39.559598826065304,6.599097173803175e-18
35.10204081632653,1.74000461967455,0.5538877682082868,0.7171717171717173,0.8775510204081632,-39.559774035529436,6.597941050808402e-18
35.10204081632653,1.93282242736499,0.6589813322532224,0.7272727272727274,0.8775510204081632,-39.55994748496203,6.596796740919666e-18
35.10204081632653,2.14700725129329,0.7640748962981553,0.7373737373737373,0.8775510204081632,-39.56011920054496,6.5956640653736344e-18
35.10204081632653,2.38492686748792,0.8691684603430914,0.7474747474747475,0.8775510204081632,-39.560289207762146,6.594542850190426e-18
35.10204081632653,2.64921143598352,0.9742620243880249,0.7575757575757573,0.8775510204081632,-39.56045753141282,6.593432926079199e-18
35.10204081632653,2.94278257678333,1.0793555884329629,0.7676767676767676,0.8775510204081632,-39.56062419562436,6.592334128346945e-18
35.10204081632653,3.26888566786082,1.184449152477898,0.7777777777777777,0.8775510204081632,-39.560789223864866,6.5912462968088246e-18
35.10204081632653,3.63112572224959,1.289542716522833,0.7878787878787878,0.8775510204081632,-39.560952638955435,6.5901692757014186e-18
35.10204081632653,4.0335072408363,1.3946362805677694,0.797979797979798,0.8775510204081632,-39.561114463082056,6.5891029135979755e-18
35.10204081632653,4.48047848142245,1.4997298446127043,0.808080808080808,0.8775510204081632,-39.56127471780729,6.588047063325799e-18
35.10204081632653,4.97698063344183,1.6048234086576407,0.8181818181818182,0.8775510204081632,-39.561433424081564,6.587001581886043e-18
35.10204081632653,5.52850244195146,1.7099169727025751,0.8282828282828283,0.8775510204081632,-39.561590602254256,6.585966330375482e-18
35.10204081632653,6.14114088475497,1.8150105367475111,0.8383838383838383,0.8775510204081632,-39.5617462720845,6.584941173909887e-18
35.10204081632653,6.8216685734332,1.9201041007924453,0.8484848484848483,0.8775510204081632,-39.56190045275166,6.583925981550016e-18
35.10204081632653,7.57760862338904,2.0251976648373815,0.8585858585858586,0.8775510204081632,-39.56205316286562,6.5829206262289944e-18
35.10204081632653,8.41731782058148,2.1302912288823177,0.8686868686868686,0.8775510204081632,-39.562204420476796,6.5819249846815674e-18
35.10204081632653,9.35007900434302,2.2353847929272526,0.8787878787878787,0.8775510204081632,-39.56235424308591,6.580938937375283e-18
35.10204081632653,10.3862036875563,2.3404783569721936,0.8888888888888893,0.8775510204081632,-39.56250264765345,6.579962368443714e-18
35.10204081632653,11.5371460486378,2.445571921017128,0.8989898989898993,0.8775510204081632,-39.562649650609075,6.578995165620252e-18
35.10204081632653,12.8156295554912,2.550665485062058,0.909090909090909,0.8775510204081632,-39.56279526786057,6.578037220175002e-18
35.10204081632653,14.2357876212352,2.6557590491069942,0.919191919191919,0.8775510204081632,-39.562939514802835,6.577088426851814e-18
35.10204081632653,15.8133198466305,2.7608526131519304,0.9292929292929293,0.8775510204081632,-39.56308240632641,6.57614868380808e-18
35.10204081632653,17.5656655764397,2.865946177196865,0.9393939393939392,0.8775510204081632,-39.563223956826015,6.575217892554941e-18
35.10204081632653,19.5121966883548,2.9710397412417997,0.9494949494949493,0.8775510204081632,-39.56336418020874,6.57429595789982e-18
35.10204081632653,21.6744317457404,3.0761333052867346,0.9595959595959593,0.8775510204081632,-39.563503089902106,6.573382787889741e-18
35.10204081632653,24.0762738816144,3.1812268693316703,0.9696969696969694,0.8775510204081632,-39.563640698861995,6.572478293756021e-18
35.10204081632653,26.744275043632,3.2863204333766105,0.97979797979798,0.8775510204081632,-39.56377701958025,6.5715823898608195e-18
35.10204081632653,29.707929521255,3.3914139974215445,0.98989898989899,0.8775510204081632,-39.56391206409224,6.570694993644306e-18
35.10204081632653,33.0,3.4965075614664802,1.0,0.8775510204081632,-39.56404584398424,6.5698160255731536e-18
35.91836734693877,0.001,-6.907755278982137,0.0,0.8979591836734693,-39.54121586006327,6.721530044616845e-18
35.91836734693877,0.001110814537795,-6.802661714937222,0.010101010101008117,0.8979591836734693,-39.5415952515031,6.718980437335537e-18
35.91836734693877,0.0012339089373767,-6.697568150892323,0.020202020202014698,0.8979591836734693,-39.54196900529295,6.716469662168239e-18
35.91836734693877,0.0013706439859533,-6.592474586847349,0.030303030303028534,0.8979591836734693,-39.542337240836666,6.713996874622402e-18
35.91836734693877,0.0015225312657382,-6.487381022802441,0.04040404040403597,0.8979591836734693,-39.54270007470122,6.711561251079831e-18
35.91836734693877,0.0016912498642295,-6.382287458757476,0.05050505050504887,0.8979591836734693,-39.54305762068987,6.7091619882258995e-18
35.91836734693877,0.00187866493623,-6.277193894712534,0.06060606060605963,0.8979591836734693,-39.54340998991311,6.70679830249705e-18
35.91836734693877,0.00208684832281,-6.172100330667619,0.07070707070706775,0.8979591836734693,-39.543757290857556,6.7044694295456696e-18
35.91836734693877,0.0023181014551505,-6.067006766622687,0.08080808080807748,0.8979591836734693,-39.54409962945288,6.702174623721479e-18
35.91836734693877,0.002574980796465,-5.961913202577741,0.0909090909090886,0.8979591836734693,-39.544437109136744,6.699913157569167e-18
35.91836734693877,0.0028603261032564,-5.856819638532781,0.10101010101010106,0.8979591836734693,-39.5447698309179,6.697684321341532e-18
35.91836734693877,0.0031772918183317,-5.751726074487876,0.11111111111110823,0.8979591836734693,-39.54509789343742,6.695487422527895e-18
35.91836734693877,0.0035293819426201,-5.646632510442922,0.1212121212121201,0.8979591836734693,-39.5454213930282,6.693321785396901e-18
35.91836734693877,0.0039204887712936,-5.541538946397998,0.13131313131312908,0.8979591836734693,-39.545740423772784,6.691186750552947e-18
35.91836734693877,0.0043549359224151,-5.436445382353058,0.14141414141413966,0.8979591836734693,-39.54605507755942,6.6890816745072225e-18
35.91836734693877,0.0048375261337845,-5.331351818308116,0.15151515151515035,0.8979591836734693,-39.54636544413664,6.687005929260815e-18
35.91836734693877,0.0053735943563712,-5.2262582542631755,0.16161616161616094,0.8979591836734693,-39.54667161116618,6.6849589019010545e-18
35.91836734693877,0.0059690667312704,-5.121164690218244,0.17171717171717069,0.8979591836734693,-39.546973664274454,6.682939994210092e-18
35.91836734693877,0.0066305261021638,-5.016071126173304,0.18181818181818118,0.8979591836734693,-39.5472716871025,6.680948622285229e-18
35.91836734693877,0.0073652847875129,-4.910977562128371,0.19191919191919102,0.8979591836734693,-39.54756576135462,6.678984216170481e-18
35.91836734693877,0.0081814654169699,-4.80588399808343,0.20202020202020168,0.8979591836734693,-39.54785596684549,6.677046219499752e-18
35.91836734693877,0.0090880907256374,-4.700790434038493,0.21212121212121193,0.8979591836734693,-39.54814238154605,6.675134089150354e-18
35.91836734693877,0.0100951832988382,-4.595696869993551,0.22222222222222263,0.8979591836734693,-39.548425081628075,6.673247294906835e-18
35.91836734693877,0.0112138763700549,-4.490603305948624,0.23232323232323193,0.8979591836734693,-39.54870414150745,6.6713853191351285e-18
35.91836734693877,0.0124565368968931,-4.385509741903686,0.24242424242424226,0.8979591836734693,-39.54897963388628,6.669547656466101e-18
35.91836734693877,0.013836902275649,-4.280416177858747,0.2525252525252527,0.8979591836734693,-39.54925162979378,6.667733813488804e-18
35.91836734693877,0.0153702322058399,-4.175322613813814,0.26262626262626254,0.8979591836734693,-39.549520198626034,6.6659433084524185e-18
35.91836734693877,0.0170734773835322,-4.07022904976888,0.2727272727272725,0.8979591836734693,-39.54978540818464,6.6641756709774306e-18
35.91836734693877,0.0189654668883421,-3.9651354857239447,0.2828282828282826,0.8979591836734693,-39.5500473247143,6.662430441774813e-18
35.91836734693877,0.0210671163356406,-3.8600419216790063,0.292929292929293,0.8979591836734693,-39.550306012939295,6.660707172374033e-18
35.91836734693877,0.0234016590950486,-3.7549483576340705,0.3030303030303031,0.8979591836734693,-39.55056153609904,6.659005424858429e-18
35.91836734693877,0.0259949031313031,-3.649854793589135,0.3131313131313132,0.8979591836734693,-39.55081395598257,6.657324771608731e-18
35.91836734693877,0.0288755163068248,-3.5447612295442013,0.32323232323232315,0.8979591836734693,-39.55106333296213,6.655664795053805e-18
35.91836734693877,0.0320753432999582,-3.4396676654992664,0.33333333333333315,0.8979591836734693,-39.55130972602577,6.654025087428973e-18
35.91836734693877,0.0356297576423598,-3.3345741014543298,0.34343434343434337,0.8979591836734693,-39.55155319280916,6.652405250540593e-18
35.91836734693877,0.0395780527672466,-3.229480537409394,0.3535353535353535,0.8979591836734693,-39.551793789626316,6.650804895538752e-18
35.91836734693877,0.0439638763914761,-3.1243869733644574,0.3636363636363637,0.8979591836734693,-39.55203157149976,6.649223642694859e-18
35.91836734693877,0.048835713033475,-3.019293409319523,0.3737373737373737,0.8979591836734693,-39.55226659218962,6.6476611211869734e-18
35.91836734693877,0.0542474200011699,-2.914199845274587,0.3838383838383838,0.8979591836734693,-39.552498904222,6.6461169688908556e-18
35.91836734693877,0.060258822775172,-2.8091062812296523,0.3939393939393938,0.8979591836734693,-39.552728558916684,6.644590832176461e-18
35.91836734693877,0.0669363763690749,-2.7040127171847166,0.404040404040404,0.8979591836734693,-39.552955606413896,6.643082365711265e-18
35.91836734693877,0.0743538999780876,-2.5989191531397813,0.4141414141414141,0.8979591836734693,-39.553180095700455,6.641591232268437e-18
35.91836734693877,0.0825933930374168,-2.493825589094845,0.42424242424242425,0.8979591836734693,-39.55340207463523,6.6401171025404145e-18
35.91836734693877,0.0917459417117808,-2.38873202504991,0.4343434343434343,0.8979591836734693,-39.55362158997379,6.6386596549584934e-18
35.91836734693877,0.101912725837141,-2.283638461004973,0.44444444444444453,0.8979591836734693,-39.55383868739249,6.637218575516713e-18
35.91836734693877,0.113206137446215,-2.1785448969600347,0.4545454545454549,0.8979591836734693,-39.55405341151191,6.635793557601043e-18
35.91836734693877,0.125751023242877,-2.0734513329151003,0.46464646464646486,0.8979591836734693,-39.55426580591954,6.634384301823522e-18
35.91836734693877,0.139686064760787,-1.9683577688701692,0.47474747474747453,0.8979591836734693,-39.554475913192,6.632990515860835e-18
35.91836734693877,0.155165311463659,-1.8632642048252352,0.48484848484848453,0.8979591836734693,-39.55468377491654,6.6316119142975624e-18
35.91836734693877,0.172359883735326,-1.7581706407802946,0.49494949494949514,0.8979591836734693,-39.55488943171208,6.630248218473489e-18
35.91836734693877,0.19145986458586,-1.6530770767353593,0.5050505050505052,0.8979591836734693,-39.555092923249525,6.62889915633587e-18
35.91836734693877,0.212676400986239,-1.5479835126904273,0.5151515151515149,0.8979591836734693,-39.55529428827176,6.627564462294717e-18
35.91836734693877,0.236244038061438,-1.442889948645492,0.5252525252525251,0.8979591836734693,-39.555493564612874,6.626243877083239e-18
35.91836734693877,0.262423311946047,-1.3377963846005527,0.5353535353535355,0.8979591836734693,-39.555690789216975,6.6249371476217434e-18
35.91836734693877,0.291503629965987,-1.2327028205556183,0.5454545454545455,0.8979591836734693,-39.55588599815659,6.623644026884607e-18
35.91836734693877,0.323806469986239,-1.1276092565106834,0.5555555555555556,0.8979591836734693,-39.556079226650404,6.6223642737720996e-18
35.91836734693877,0.359688934292802,-1.0225156924657481,0.5656565656565656,0.8979591836734693,-39.55627050908064,6.621097652984914e-18
35.91836734693877,0.399547697296443,-0.9174221284208132,0.5757575757575757,0.8979591836734693,-39.55645987900995,6.619843934902418e-18
35.91836734693877,0.443823390699414,-0.8123285643758777,0.5858585858585857,0.8979591836734693,-39.556647369197854,6.618602895464156e-18
35.91836734693877,0.49300547460239,-0.707235000330941,0.5959595959595959,0.8979591836734693,-39.55683301161674,6.617374316054762e-18
35.91836734693877,0.547637648400869,-0.6021414362860068,0.606060606060606,0.8979591836734693,-39.557016837467444,6.6161579833917986e-18
35.91836734693877,0.608323861287565,-0.49704787224107067,0.6161616161616161,0.8979591836734693,-39.55719887719445,6.6149536894166585e-18
35.91836734693877,0.67573498880583,-0.39195430819613525,0.6262626262626262,0.8979591836734693,-39.5573791605006,6.613761231188885e-18
35.91836734693877,0.750616249262273,-0.2868607441511999,0.6363636363636362,0.8979591836734693,-39.557557716361536,6.6125804107825765e-18
35.91836734693877,0.833795441985706,-0.18176718010626372,0.6464646464646464,0.8979591836734693,-39.55773457303968,6.611411035186148e-18
35.91836734693877,0.926192098504948,-0.07667361606132911,0.6565656565656565,0.8979591836734693,-39.557909758097864,6.610252916204812e-18
35.91836734693877,1.02882764781018,0.028419947983610284,0.666666666666667,0.8979591836734693,-39.558083298412626,6.609105870365304e-18
35.91836734693877,1.142836708073,0.1335135120285407,0.6767676767676766,0.8979591836734693,-39.55825522018713,6.6079697188235926e-18
35.91836734693877,1.2694796296533,0.23860707607348014,0.686868686868687,0.8979591836734693,-39.55842554896378,6.606844287274625e-18
35.91836734693877,1.41015642805352,0.3437006401184105,0.6969696969696967,0.8979591836734693,-39.55859430963648,6.605729405864993e-18
35.91836734693877,1.56642226084696,0.44879420416335164,0.7070707070707073,0.8979591836734693,-39.558761526462554,6.604624909107654e-18
35.91836734693877,1.74000461967455,0.5538877682082868,0.7171717171717173,0.8979591836734693,-39.55892722307447,6.6035306357984344e-18
35.91836734693877,1.93282242736499,0.6589813322532224,0.7272727272727274,0.8979591836734693,-39.559091422491086,6.6024464289359315e-18
35.91836734693877,2.14700725129329,0.7640748962981553,0.7373737373737373,0.8979591836734693,-39.55925414712875,6.601372135642468e-18
35.91836734693877,2.38492686748792,0.8691684603430914,0.7474747474747475,0.8979591836734693,-39.55941541881203,6.6003076070876426e-18
35.91836734693877,2.64921143598352,0.9742620243880249,0.7575757575757573,0.8979591836734693,-39.559575258784285,6.599252698413381e-18
35.91836734693877,2.94278257678333,1.0793555884329629,0.7676767676767676,0.8979591836734693,-39.55973368771773,6.598207268662178e-18
35.91836734693877,3.26888566786082,1.184449152477898,0.7777777777777777,0.8979591836734693,-39.559890725723555,6.597171180705416e-18
35.91836734693877,3.63112572224959,1.289542716522833,0.7878787878787878,0.8979591836734693,-39.56004639236153,6.596144301175101e-18
35.91836734693877,4.0335072408363,1.3946362805677694,0.797979797979798,0.8979591836734693,-39.56020070664948,6.5951265003966436e-18
35.91836734693877,4.48047848142245,1.4997298446127043,0.808080808080808,0.8979591836734693,-39.56035368707252,6.59411765232359e-18
35.91836734693877,4.97698063344183,1.6048234086576407,0.8181818181818182,0.8979591836734693,-39.560505351592035,6.593117634473762e-18
35.91836734693877,5.52850244195146,1.7099169727025751,0.8282828282828283,0.8979591836734693,-39.56065571765443,6.592126327867479e-18
35.91836734693877,6.14114088475497,1.8150105367475111,0.8383838383838383,0.8979591836734693,-39.56080480219964,6.5911436169672205e-18
35.91836734693877,6.8216685734332,1.9201041007924453,0.8484848484848483,0.8979591836734693,-39.56095262166955,6.590169389618326e-18
35.91836734693877,7.57760862338904,2.0251976648373815,0.8585858585858586,0.8979591836734693,-39.561099192015995,6.589203536992166e-18
35.91836734693877,8.41731782058148,2.1302912288823177,0.8686868686868686,0.8979591836734693,-39.56124452870876,6.588245953529819e-18
35.91836734693877,9.35007900434302,2.2353847929272526,0.8787878787878787,0.8979591836734693,-39.56138864674327,6.587296536887831e-18
35.91836734693877,10.3862036875563,2.3404783569721936,0.8888888888888893,0.8979591836734693,-39.561531560648085,6.58635518788509e-18
35.91836734693877,11.5371460486378,2.445571921017128,0.8989898989898993,0.8979591836734693,-39.56167328449235,6.5854218104506456e-18
35.91836734693877,12.8156295554912,2.550665485062058,0.909090909090909,0.8979591836734693,-39.561813831892835,6.58449631157385e-18
35.91836734693877,14.2357876212352,2.6557590491069942,0.919191919191919,0.8979591836734693,-39.56195321602102,6.5835786012545526e-18
35.91836734693877,15.8133198466305,2.7608526131519304,0.9292929292929293,0.8979591836734693,-39.56209144960988,6.582668592455276e-18
35.91836734693877,17.5656655764397,2.865946177196865,0.9393939393939392,0.8979591836734693,-39.562228544960554,6.581766201054471e-18
35.91836734693877,19.5121966883548,2.9710397412417997,0.9494949494949493,0.8979591836734693,-39.56236451394886,6.580871345800526e-18
35.91836734693877,21.6744317457404,3.0761333052867346,0.9595959595959593,0.8979591836734693,-39.562499368031595,6.579983948267507e-18
35.91836734693877,24.0762738816144,3.1812268693316703,0.9696969696969694,0.8979591836734693,-39.56263311825282,6.57910393281122e-18
35.91836734693877,26.744275043632,3.2863204333766105,0.97979797979798,0.8979591836734693,-39.56276577524981,6.578231226527192e-18
35.91836734693877,29.707929521255,3.3914139974215445,0.98989898989899,0.8979591836734693,-39.56289734925905,6.577365759208727e-18
35.91836734693877,33.0,3.4965075614664802,1.0,0.8979591836734693,-39.56302785012198,6.576507463306739e-18
36.734693877551024,0.001,-6.907755278982137,0.0,0.9183673469387756,-39.54200254468849,6.716244399613178e-18
36.734693877551024,0.001110814537795,-6.802661714937222,0.010101010101008117,0.9183673469387756,-39.5423396157301,6.713980929614243e-18
36.734693877551024,0.0012339089373767,-6.697568150892323,0.020202020202014698,0.9183673469387756,-39.54267194544479,6.711750044962647e-18
36.734693877551024,0.0013706439859533,-6.592474586847349,0.030303030303028534,0.9183673469387756,-39.54299963218923,6.709551053750722e-18
36.734693877551024,0.0015225312657382,-6.487381022802441,0.04040404040403597,0.9183673469387756,-39.54332277205831,6.707383280567452e-18
36.734693877551024,0.0016912498642295,-6.382287458757476,0.05050505050504887,0.9183673469387756,-39.5436414589415,6.705246066064607e-18
36.734693877551024,0.00187866493623,-6.277193894712534,0.06060606060605963,0.9183673469387756,-39.54395578457782,6.7031387665347096e-18
36.734693877551024,0.00208684832281,-6.172100330667619,0.07070707070706775,0.9183673469387756,-39.54426583860907,6.701060753502903e-18
36.734693877551024,0.0023181014551505,-6.067006766622687,0.08080808080807748,0.9183673469387756,-39.54457170863168,6.6990114133305734e-18
36.734693877551024,0.002574980796465,-5.961913202577741,0.0909090909090886,0.9183673469387756,-39.54487348024701,6.696990146831001e-18
36.734693877551024,0.0028603261032564,-5.856819638532781,0.10101010101010106,0.9183673469387756,-39.54517123711026,6.694996368896944e-18
36.734693877551024,0.0031772918183317,-5.751726074487876,0.11111111111110823,0.9183673469387756,-39.545465060978024,6.693029508138635e-18
36.734693877551024,0.0035293819426201,-5.646632510442922,0.1212121212121201,0.9183673469387756,-39.545755031754446,6.691089006533523e-18
36.734693877551024,0.0039204887712936,-5.541538946397998,0.13131313131312908,0.9183673469387756,-39.54604122753617,6.689174319085505e-18
36.734693877551024,0.0043549359224151,-5.436445382353058,0.14141414141413966,0.9183673469387756,-39.54632372465594,6.6872849134951096e-18
36.734693877551024,0.0048375261337845,-5.331351818308116,0.15151515151515035,0.9183673469387756,-39.54660259772505,6.6854202698388276e-18
36.734693877551024,0.0053735943563712,-5.2262582542631755,0.16161616161616094,0.9183673469387756,-39.546877919674536,6.68357988025844e-18
36.734693877551024,0.0059690667312704,-5.121164690218244,0.17171717171717069,0.9183673469387756,-39.54714976179531,6.681763248659104e-18
36.734693877551024,0.0066305261021638,-5.016071126173304,0.18181818181818118,0.9183673469387756,-39.54741819377714,6.67996989041627e-18
36.734693877551024,0.0073652847875129,-4.910977562128371,0.19191919191919102,0.9183673469387756,-39.54768328374648,6.678199332091827e-18
36.734693877551024,0.0081814654169699,-4.80588399808343,0.20202020202020168,0.9183673469387756,-39.5479450983034,6.676451111157492e-18
36.734693877551024,0.0090880907256374,-4.700790434038493,0.21212121212121193,0.9183673469387756,-39.54820370255733,6.674724775727461e-18
36.734693877551024,0.0100951832988382,-4.595696869993551,0.22222222222222263,0.9183673469387756,-39.54845916016195,6.6730198842977904e-18
36.734693877551024,0.0112138763700549,-4.490603305948624,0.23232323232323193,0.9183673469387756,-39.54871153334901,6.671336005494145e-18
36.734693877551024,0.0124565368968931,-4.385509741903686,0.24242424242424226,0.9183673469387756,-39.54896088296135,6.669672717826029e-18
36.734693877551024,0.013836902275649,-4.280416177858747,0.2525252525252527,0.9183673469387756,-39.5492072684849,6.668029609448937e-18
36.734693877551024,0.0153702322058399,-4.175322613813814,0.26262626262626254,0.9183673469387756,-39.549450748079785,6.666406277933011e-18
36.734693877551024,0.0170734773835322,-4.07022904976888,0.2727272727272725,0.9183673469387756,-39.549691378610746,6.664802330037909e-18
36.734693877551024,0.0189654668883421,-3.9651354857239447,0.2828282828282826,0.9183673469387756,-39.54992921567652,6.663217381494988e-18
36.734693877551024,0.0210671163356406,-3.8600419216790063,0.292929292929293,0.9183673469387756,-39.55016431363857,6.6616510567950075e-18
36.734693877551024,0.0234016590950486,-3.7549483576340705,0.3030303030303031,0.9183673469387756,-39.550396725648945,6.660102988982215e-18
36.734693877551024,0.0259949031313031,-3.649854793589135,0.3131313131313132,0.9183673469387756,-39.55062650367747,6.658572819454027e-18
36.734693877551024,0.0288755163068248,-3.5447612295442013,0.32323232323232315,0.9183673469387756,-39.550853698538056,6.6570601977670585e-18
36.734693877551024,0.0320753432999582,-3.4396676654992664,0.33333333333333315,0.9183673469387756,-39.5510783599145,6.6555647814474e-18
36.734693877551024,0.0356297576423598,-3.3345741014543298,0.34343434343434337,0.9183673469387756,-39.55130053638532,6.654086235808046e-18
36.734693877551024,0.0395780527672466,-3.229480537409394,0.3535353535353535,0.9183673469387756,-39.55152027544822,6.6526242337695e-18
36.734693877551024,0.0439638763914761,-3.1243869733644574,0.3636363636363637,0.9183673469387756,-39.551737623543666,6.651178455686814e-18
36.734693877551024,0.048835713033475,-3.019293409319523,0.3737373737373737,0.9183673469387756,-39.55195262607787,6.6497485891813635e-18
36.734693877551024,0.0542474200011699,-2.914199845274587,0.3838383838383838,0.9183673469387756,-39.55216532744529,6.6483343289763374e-18
36.734693877551024,0.060258822775172,-2.8091062812296523,0.3939393939393938,0.9183673469387756,-39.55237577105031,6.6469353767382064e-18
36.734693877551024,0.0669363763690749,-2.7040127171847166,0.404040404040404,0.9183673469387756,-39.55258399932854,6.645551440921472e-18
36.734693877551024,0.0743538999780876,-2.5989191531397813,0.4141414141414141,0.9183673469387756,-39.55279005376741,6.6441822366184895e-18
36.734693877551024,0.0825933930374168,-2.493825589094845,0.42424242424242425,0.9183673469387756,-39.55299397492627,6.6428274854130554e-18
36.734693877551024,0.0917459417117808,-2.38873202504991,0.4343434343434343,0.9183673469387756,-39.55319580245591,6.64148691523836e-18
36.734693877551024,0.101912725837141,-2.283638461004973,0.44444444444444453,0.9183673469387756,-39.55339557511764,6.640160260238567e-18
36.734693877551024,0.113206137446215,-2.1785448969600347,0.4545454545454549,0.9183673469387756,-39.55359333080178,6.638847260634344e-18
36.734693877551024,0.125751023242877,-2.0734513329151003,0.46464646464646486,0.9183673469387756,-39.55378910654567,6.637547662592358e-18
36.734693877551024,0.139686064760787,-1.9683577688701692,0.47474747474747453,0.9183673469387756,-39.55398293855125,6.63626121809788e-18
36.734693877551024,0.155165311463659,-1.8632642048252352,0.48484848484848453,0.9183673469387756,-39.554174862202096,6.634987684831424e-18
36.734693877551024,0.172359883735326,-1.7581706407802946,0.49494949494949514,0.9183673469387756,-39.554364912080096,6.633726826048212e-18
36.734693877551024,0.19145986458586,-1.6530770767353593,0.5050505050505052,0.9183673469387756,-39.55455312198155,6.6324784104617925e-18
36.734693877551024,0.212676400986239,-1.5479835126904273,0.5151515151515149,0.9183673469387756,-39.55473952493303,6.6312422121295586e-18
36.734693877551024,0.236244038061438,-1.442889948645492,0.5252525252525251,0.9183673469387756,-39.55492415320662,6.630018010342758e-18
36.734693877551024,0.262423311946047,-1.3377963846005527,0.5353535353535355,0.9183673469387756,-39.5551070383349,6.628805589518671e-18
36.734693877551024,0.291503629965987,-1.2327028205556183,0.5454545454545455,0.9183673469387756,-39.55528821112545,6.627604739096015e-18
36.734693877551024,0.323806469986239,-1.1276092565106834,0.5555555555555556,0.9183673469387756,-39.55546770167502,6.6264152534329735e-18
36.734693877551024,0.359688934292802,-1.0225156924657481,0.5656565656565656,0.9183673469387756,-39.55564553938328,6.6252369317084644e-18
36.734693877551024,0.399547697296443,-0.9174221284208132,0.5757575757575757,0.9183673469387756,-39.55582175296629,6.62406957782526e-18
36.734693877551024,0.443823390699414,-0.8123285643758777,0.5858585858585857,0.9183673469387756,-39.55599637046945,6.6229130003170815e-18
36.734693877551024,0.49300547460239,-0.707235000330941,0.5959595959595959,0.9183673469387756,-39.556169419280344,6.621767012256522e-18
36.734693877551024,0.547637648400869,-0.6021414362860068,0.606060606060606,0.9183673469387756,-39.55634092614101,6.620631431166938e-18
36.734693877551024,0.608323861287565,-0.49704787224107067,0.6161616161616161,0.9183673469387756,-39.55651091716007,6.619506078935751e-18
36.734693877551024,0.67573498880583,-0.39195430819613525,0.6262626262626262,0.9183673469387756,-39.556679417824405,6.618390781730667e-18
36.734693877551024,0.750616249262273,-0.2868607441511999,0.6363636363636362,0.9183673469387756,-39.55684645301064,6.617285369917753e-18
36.734693877551024,0.833795441985706,-0.18176718010626372,0.6464646464646464,0.9183673469387756,-39.55701204699624,6.616189677982002e-18
36.734693877551024,0.926192098504948,-0.07667361606132911,0.6565656565656565,0.9183673469387756,-39.55717622347033,6.615103544450008e-18
36.734693877551024,1.02882764781018,0.028419947983610284,0.666666666666667,0.9183673469387756,-39.557339005544314,6.614026811814176e-18
36.734693877551024,1.142836708073,0.1335135120285407,0.6767676767676766,0.9183673469387756,-39.55750041576207,6.61295932646007e-18
36.734693877551024,1.2694796296533,0.23860707607348014,0.686868686868687,0.9183673469387756,-39.55766047611002,6.6119009385945114e-18
36.734693877551024,1.41015642805352,0.3437006401184105,0.6969696969696967,0.9183673469387756,-39.55781920802682,6.6108515021765795e-18
36.734693877551024,1.56642226084696,0.44879420416335164,0.7070707070707073,0.9183673469387756,-39.55797663241293,6.609810874849393e-18
36.734693877551024,1.74000461967455,0.5538877682082868,0.7171717171717173,0.9183673469387756,-39.558132769639776,6.608778917874968e-18
36.734693877551024,1.93282242736499,0.6589813322532224,0.7272727272727274,0.9183673469387756,-39.558287639558806,6.6077554960697445e-18
36.734693877551024,2.14700725129329,0.7640748962981553,0.7373737373737373,0.9183673469387756,-39.558441261510254,6.6067404777422926e-18
36.734693877551024,2.38492686748792,0.8691684603430914,0.7474747474747475,0.9183673469387756,-39.55859365433164,6.605733734632896e-18
36.734693877551024,2.64921143598352,0.9742620243880249,0.7575757575757573,0.9183673469387756,-39.558744836366124,6.604735141854167e-18
36.734693877551024,2.94278257678333,1.0793555884329629,0.7676767676767676,0.9183673469387756,-39.55889482547064,6.603744577833449e-18
36.734693877551024,3.26888566786082,1.184449152477898,0.7777777777777777,0.9183673469387756,-39.559043639023706,6.602761924257168e-18
36.734693877551024,3.63112572224959,1.289542716522833,0.7878787878787878,0.9183673469387756,-39.55919129393319,6.6017870660159766e-18
36.734693877551024,4.0335072408363,1.3946362805677694,0.797979797979798,0.9183673469387756,-39.55933780664377,6.600819891151706e-18
36.734693877551024,4.48047848142245,1.4997298446127043,0.808080808080808,0.9183673469387756,-39.55948319314422,6.5998602908057936e-18
36.734693877551024,4.97698063344183,1.6048234086576407,0.8181818181818182,0.9183673469387756,-39.559627468974526,6.59890815916886e-18
36.734693877551024,5.52850244195146,1.7099169727025751,0.8282828282828283,0.9183673469387756,-39.55977064923285,6.59796339343147e-18
36.734693877551024,6.14114088475497,1.8150105367475111,0.8383838383838383,0.9183673469387756,-39.559912748582214,6.597025893736781e-18
36.734693877551024,6.8216685734332,1.9201041007924453,0.8484848484848483,0.9183673469387756,-39.560053781257125,6.5960955631335796e-18
36.734693877551024,7.57760862338904,2.0251976648373815,0.8585858585858586,0.9183673469387756,-39.560193761069975,6.59517230753119e-18
36.734693877551024,8.41731782058148,2.1302912288823177,0.8686868686868686,0.9183673469387756,-39.560332701417245,6.594256035655516e-18
36.734693877551024,9.35007900434302,2.2353847929272526,0.8787878787878787,0.9183673469387756,-39.56047061528566,6.593346659005592e-18
36.734693877551024,10.3862036875563,2.3404783569721936,0.8888888888888893,0.9183673469387756,-39.56060751525808,6.5924440918119545e-18
36.734693877551024,11.5371460486378,2.445571921017128,0.8989898989898993,0.9183673469387756,-39.560743413519255,6.591548250995949e-18
36.734693877551024,12.8156295554912,2.550665485062058,0.909090909090909,0.9183673469387756,-39.560878321861516,6.590659056129725e-18
36.734693877551024,14.2357876212352,2.6557590491069942,0.919191919191919,0.9183673469387756,-39.56101225169025,6.5897764293974306e-18
36.734693877551024,15.8133198466305,2.7608526131519304,0.9292929292929293,0.9183673469387756,-39.56114521402924,6.588900295557664e-18
36.734693877551024,17.5656655764397,2.865946177196865,0.9393939393939392,0.9183673469387756,-39.5612772195259,6.5880305819064614e-18
36.734693877551024,19.5121966883548,2.9710397412417997,0.9494949494949493,0.9183673469387756,-39.56140827845637,6.587167218241482e-18
36.734693877551024,21.6744317457404,3.0761333052867346,0.9595959595959593,0.9183673469387756,-39.56153840073048,6.586310136827018e-18
36.734693877551024,24.0762738816144,3.1812268693316703,0.9696969696969694,0.9183673469387756,-39.561667595896594,6.585459272359762e-18
36.734693877551024,26.744275043632,3.2863204333766105,0.97979797979798,0.9183673469387756,-39.56179587314636,6.58461456193559e-18
36.734693877551024,29.707929521255,3.3914139974215445,0.98989898989899,0.9183673469387756,-39.56192324131927,6.583775945017195e-18
36.734693877551024,33.0,3.4965075614664802,1.0,0.9183673469387756,-39.56204970890722,6.58294336340225e-18
37.55102040816327,0.001,-6.907755278982137,0.0,0.9387755102040817,-39.5427019682725,6.711548542272233e-18
37.55102040816327,0.001110814537795,-6.802661714937222,0.010101010101008117,0.9387755102040817,-39.54300192126984,6.709535695065067e-18
37.55102040816327,0.0012339089373767,-6.697568150892323,0.020202020202014698,0.9387755102040817,-39.54329787466239,6.707550279023463e-18
37.55102040816327,0.0013706439859533,-6.592474586847349,0.030303030303028534,0.9387755102040817,-39.54358990994213,6.7055917236989396e-18
37.55102040816327,0.0015225312657382,-6.487381022802441,0.04040404040403597,0.9387755102040817,-39.54387810678694,6.70365947176939e-18
37.55102040816327,0.0016912498642295,-6.382287458757476,0.05050505050504887,0.9387755102040817,-39.54416254310463,6.701752978704966e-18
37.55102040816327,0.00187866493623,-6.277193894712534,0.06060606060605963,0.9387755102040817,-39.544443295075595,6.699871712444256e-18
37.55102040816327,0.00208684832281,-6.172100330667619,0.07070707070706775,0.9387755102040817,-39.544720437194314,6.6980151530800045e-18
37.55102040816327,0.0023181014551505,-6.067006766622687,0.08080808080807748,0.9387755102040817,-39.54499404230982,6.6961827925534454e-18
37.55102040816327,0.002574980796465,-5.961913202577741,0.0909090909090886,0.9387755102040817,-39.54526418166485,6.694374134358574e-18
37.55102040816327,0.0028603261032564,-5.856819638532781,0.10101010101010106,0.9387755102040817,-39.54553092493415,6.692588693253841e-18
37.55102040816327,0.0031772918183317,-5.751726074487876,0.11111111111110823,0.9387755102040817,-39.5457943402615,6.69082599498343e-18
37.55102040816327,0.0035293819426201,-5.646632510442922,0.1212121212121201,0.9387755102040817,-39.54605449429587,6.68908557600588e-18
37.55102040816327,0.0039204887712936,-5.541538946397998,0.13131313131312908,0.9387755102040817,-39.54631145222657,6.687366983230505e-18
37.55102040816327,0.0043549359224151,-5.436445382353058,0.14141414141413966,0.9387755102040817,-39.54656527781734,6.6856697737619676e-18
37.55102040816327,0.0048375261337845,-5.331351818308116,0.15151515151515035,0.9387755102040817,-39.54681603343965,6.683993514651812e-18
37.55102040816327,0.0053735943563712,-5.2262582542631755,0.16161616161616094,0.9387755102040817,-39.547063780104956,6.682337782657119e-18
37.55102040816327,0.0059690667312704,-5.121164690218244,0.17171717171717069,0.9387755102040817,-39.547308577496196,6.6807021640063e-18
37.55102040816327,0.0066305261021638,-5.016071126173304,0.18181818181818118,0.9387755102040817,-39.54755048399836,6.679086254171252e-18
37.55102040816327,0.0073652847875129,-4.910977562128371,0.19191919191919102,0.9387755102040817,-39.54778955672822,6.6774896576464346e-18
37.55102040816327,0.0081814654169699,-4.80588399808343,0.20202020202020168,0.9387755102040817,-39.5480258515633,6.675911987733975e-18
37.55102040816327,0.0090880907256374,-4.700790434038493,0.21212121212121193,0.9387755102040817,-39.54825942317008,6.674352866334627e-18
37.55102040816327,0.0100951832988382,-4.595696869993551,0.22222222222222263,0.9387755102040817,-39.54849032503132,6.672811923745344e-18
37.55102040816327,0.0112138763700549,-4.490603305948624,0.23232323232323193,0.9387755102040817,-39.5487186094728,6.6712887984617236e-18
37.55102040816327,0.0124565368968931,-4.385509741903686,0.24242424242424226,0.9387755102040817,-39.54894432768924,6.6697831369867735e-18
37.55102040816327,0.013836902275649,-4.280416177858747,0.2525252525252527,0.9387755102040817,-39.54916752976954,6.6682945936446186e-18
37.55102040816327,0.0153702322058399,-4.175322613813814,0.26262626262626254,0.9387755102040817,-39.54938826472138,6.666822830399415e-18
37.55102040816327,0.0170734773835322,-4.07022904976888,0.2727272727272725,0.9387755102040817,-39.549606580495116,6.665367516679584e-18
37.55102040816327,0.0189654668883421,-3.9651354857239447,0.2828282828282826,0.9387755102040817,-39.54982252400706,6.663928329206808e-18
37.55102040816327,0.0210671163356406,-3.8600419216790063,0.292929292929293,0.9387755102040817,-39.55003614116211,6.662504951830008e-18
37.55102040816327,0.0234016590950486,-3.7549483576340705,0.3030303030303031,0.9387755102040817,-39.55024747687582,6.661097075363461e-18
37.55102040816327,0.0259949031313031,-3.649854793589135,0.3131313131313132,0.9387755102040817,-39.55045657509586,6.6597043974298016e-18
37.55102040816327,0.0288755163068248,-3.5447612295442013,0.32323232323232315,0.9387755102040817,-39.55066347882287,6.658326622307496e-18
37.55102040816327,0.0320753432999582,-3.4396676654992664,0.33333333333333315,0.9387755102040817,-39.55086823013081,6.6569634607821986e-18
37.55102040816327,0.0356297576423598,-3.3345741014543298,0.34343434343434337,0.9387755102040817,-39.55107087018676,6.6556146300022165e-18
37.55102040816327,0.0395780527672466,-3.229480537409394,0.3535353535353535,0.9387755102040817,-39.551271439270145,6.65427985333847e-18
37.55102040816327,0.0439638763914761,-3.1243869733644574,0.3636363636363637,0.9387755102040817,-39.5514699767915,6.652958860247662e-18
37.55102040816327,0.048835713033475,-3.019293409319523,0.3737373737373737,0.9387755102040817,-39.55166652131076,6.6516513861394935e-18
37.55102040816327,0.0542474200011699,-2.914199845274587,0.3838383838383838,0.9387755102040817,-39.551861110554945,6.650357172247797e-18
37.55102040816327,0.060258822775172,-2.8091062812296523,0.3939393939393938,0.9387755102040817,-39.552053781435575,6.649075965504498e-18
37.55102040816327,0.0669363763690749,-2.7040127171847166,0.404040404040404,0.9387755102040817,-39.55224457006537,6.64780751841813e-18
37.55102040816327,0.0743538999780876,-2.5989191531397813,0.4141414141414141,0.9387755102040817,-39.55243351177477,6.646551588954282e-18
37.55102040816327,0.0825933930374168,-2.493825589094845,0.42424242424242425,0.9387755102040817,-39.55262064112784,6.6453079404205255e-18
37.55102040816327,0.0917459417117808,-2.38873202504991,0.4343434343434343,0.9387755102040817,-39.55280599193778,6.6440763413539166e-18
37.55102040816327,0.101912725837141,-2.283638461004973,0.44444444444444453,0.9387755102040817,-39.552989597282135,6.642856565411466e-18
37.55102040816327,0.113206137446215,-2.1785448969600347,0.4545454545454549,0.9387755102040817,-39.55317148951744,6.641648391264059e-18
37.55102040816327,0.125751023242877,-2.0734513329151003,0.46464646464646486,0.9387755102040817,-39.55335170029363,6.640451602492622e-18
37.55102040816327,0.139686064760787,-1.9683577688701692,0.47474747474747453,0.9387755102040817,-39.553530260567975,6.639265987487744e-18
37.55102040816327,0.155165311463659,-1.8632642048252352,0.48484848484848453,0.9387755102040817,-39.55370720061864,6.638091339351757e-18
37.55102040816327,0.172359883735326,-1.7581706407802946,0.49494949494949514,0.9387755102040817,-39.55388255005802,6.636927455802988e-18
37.55102040816327,0.19145986458586,-1.6530770767353593,0.5050505050505052,0.9387755102040817,-39.554056337845516,6.635774139083756e-18
37.55102040816327,0.212676400986239,-1.5479835126904273,0.5151515151515149,0.9387755102040817,-39.55422859230016,6.634631195869626e-18
37.55102040816327,0.236244038061438,-1.442889948645492,0.5252525252525251,0.9387755102040817,-39.55439934111282,6.633498437181866e-18
37.55102040816327,0.262423311946047,-1.3377963846005527,0.5353535353535355,0.9387755102040817,-39.55456861135807,6.632375678302045e-18
37.55102040816327,0.291503629965987,-1.2327028205556183,0.5454545454545455,0.9387755102040817,-39.554736429505795,6.631262738689052e-18
37.55102040816327,0.323806469986239,-1.1276092565106834,0.5555555555555556,0.9387755102040817,-39.554902821432506,6.630159441897815e-18
37.55102040816327,0.359688934292802,-1.0225156924657481,0.5656565656565656,0.9387755102040817,-39.555067812432235,6.6290656155013756e-18
37.55102040816327,0.399547697296443,-0.9174221284208132,0.5757575757575757,0.9387755102040817,-39.55523142722732,6.627981091013637e-18
37.55102040816327,0.443823390699414,-0.8123285643758777,0.5858585858585857,0.9387755102040817,-39.555393689978764,6.626905703815286e-18
37.55102040816327,0.49300547460239,-0.707235000330941,0.5959595959595959,0.9387755102040817,-39.5555546242964,6.62583929308116e-18
37.55102040816327,0.547637648400869,-0.6021414362860068,0.606060606060606,0.9387755102040817,-39.555714253248716,6.624781701709926e-18
37.55102040816327,0.608323861287565,-0.49704787224107067,0.6161616161616161,0.9387755102040817,-39.55587259937254,6.623732776255102e-18
37.55102040816327,0.67573498880583,-0.39195430819613525,0.6262626262626262,0.9387755102040817,-39.55602968468236,6.622692366858463e-18
37.55102040816327,0.750616249262273,-0.2868607441511999,0.6363636363636362,0.9387755102040817,-39.55618553067939,6.621660327185205e-18
37.55102040816327,0.833795441985706,-0.18176718010626372,0.6464646464646464,0.9387755102040817,-39.556340158360534,6.620636514360451e-18
37.55102040816327,0.926192098504948,-0.07667361606132911,0.6565656565656565,0.9387755102040817,-39.55649358822695,6.61962078890777e-18
37.55102040816327,1.02882764781018,0.028419947983610284,0.666666666666667,0.9387755102040817,-39.556645840292504,6.6186130146892735e-18
37.55102040816327,1.142836708073,0.1335135120285407,0.6767676767676766,0.9387755102040817,-39.556796934091906,6.6176130588475744e-18
37.55102040816327,1.2694796296533,0.23860707607348014,0.686868686868687,0.9387755102040817,-39.55694688868874,6.6166207917486856e-18
37.55102040816327,1.41015642805352,0.3437006401184105,0.6969696969696967,0.9387755102040817,-39.557095722683194,6.615636086927072e-18
37.55102040816327,1.56642226084696,0.44879420416335164,0.7070707070707073,0.9387755102040817,-39.55724345421964,6.6146588210316695e-18
37.55102040816327,1.74000461967455,0.5538877682082868,0.7171717171717173,0.9387755102040817,-39.55739010099392,6.613688873774139e-18
37.55102040816327,1.93282242736499,0.6589813322532224,0.7272727272727274,0.9387755102040817,-39.55753568026061,6.6127261278774264e-18
37.55102040816327,2.14700725129329,0.7640748962981553,0.7373737373737373,0.9387755102040817,-39.55768020883991,6.611770469026501e-18
37.55102040816327,2.38492686748792,0.8691684603430914,0.7474747474747475,0.9387755102040817,-39.55782370312448,6.610821785820278e-18
37.55102040816327,2.64921143598352,0.9742620243880249,0.7575757575757573,0.9387755102040817,-39.55796617908602,6.609879969724404e-18
37.55102040816327,2.94278257678333,1.0793555884329629,0.7676767676767676,0.9387755102040817,-39.55810765228171,6.608944915026107e-18
37.55102040816327,3.26888566786082,1.184449152477898,0.7777777777777777,0.9387755102040817,-39.5582481378605,6.6080165187891994e-18
37.55102040816327,3.63112572224959,1.289542716522833,0.7878787878787878,0.9387755102040817,-39.55838765056914,6.6070946808115075e-18
37.55102040816327,4.0335072408363,1.3946362805677694,0.797979797979798,0.9387755102040817,-39.55852620475816,6.606179303582358e-18
37.55102040816327,4.48047848142245,1.4997298446127043,0.808080808080808,0.9387755102040817,-39.55866381438768,6.605270292241648e-18
37.55102040816327,4.97698063344183,1.6048234086576407,0.8181818181818182,0.9387755102040817,-39.55880049303294,6.604367554540403e-18
37.55102040816327,5.52850244195146,1.7099169727025751,0.8282828282828283,0.9387755102040817,-39.558936253889875,6.603471000801513e-18
37.55102040816327,6.14114088475497,1.8150105367475111,0.8383838383838383,0.9387755102040817,-39.559071109780355,6.602580543882475e-18
37.55102040816327,6.8216685734332,1.9201041007924453,0.8484848484848483,0.9387755102040817,-39.55920507315745,6.601696099138197e-18
37.55102040816327,7.57760862338904,2.0251976648373815,0.8585858585858586,0.9387755102040817,-39.55933815611041,6.600817584385769e-18
37.55102040816327,8.41731782058148,2.1302912288823177,0.8686868686868686,0.9387755102040817,-39.55947037036964,6.599944919869144e-18
37.55102040816327,9.35007900434302,2.2353847929272526,0.8787878787878787,0.9387755102040817,-39.559601727311424,6.599078028225878e-18
37.55102040816327,10.3862036875563,2.3404783569721936,0.8888888888888893,0.9387755102040817,-39.559732237962656,6.5982168344535865e-18
37.55102040816327,11.5371460486378,2.445571921017128,0.8989898989898993,0.9387755102040817,-39.5598619130053,6.5973612658783534e-18
37.55102040816327,12.8156295554912,2.550665485062058,0.909090909090909,0.9387755102040817,-39.55999076278085,6.596511252123242e-18
37.55102040816327,14.2357876212352,2.6557590491069942,0.919191919191919,0.9387755102040817,-39.56011879729463,6.5956667250778995e-18
37.55102040816327,15.8133198466305,2.7608526131519304,0.9292929292929293,0.9387755102040817,-39.56024602621992,6.594827618869294e-18
37.55102040816327,17.5656655764397,2.865946177196865,0.9393939393939392,0.9387755102040817,-39.560372458902116,6.5939938698325075e-18
37.55102040816327,19.5121966883548,2.9710397412417997,0.9494949494949493,0.9387755102040817,-39.56049810436263,6.593165416482897e-18
37.55102040816327,21.6744317457404,3.0761333052867346,0.9595959595959593,0.9387755102040817,-39.56062297130277,6.592342199488863e-18
37.55102040816327,24.0762738816144,3.1812268693316703,0.9696969696969694,0.9387755102040817,-39.560747068107496,6.59152416164524e-18
37.55102040816327,26.744275043632,3.2863204333766105,0.97979797979798,0.9387755102040817,-39.56087040284911,6.590711247847195e-18
37.55102040816327,29.707929521255,3.3914139974215445,0.98989898989899,0.9387755102040817,-39.56099298329078,6.589903405065394e-18
37.55102040816327,33.0,3.4965075614664802,1.0,0.9387755102040817,-39.56111481689002,6.589100582321311e-18
38.36734693877551,0.001,-6.907755278982137,0.0,0.9591836734693878,-39.54332521549908,6.707366891493703e-18
38.36734693877551,0.001110814537795,-6.802661714937222,0.010101010101008117,0.9591836734693878,-39.54359253972781,6.705574089453013e-18
38.36734693877551,0.0012339089373767,-6.697568150892323,0.020202020202014698,0.9591836734693878,-39.54385647992698,6.703804452441748e-18
38.36734693877551,0.0013706439859533,-6.592474586847349,0.030303030303028534,0.9591836734693878,-39.54411710399797,6.702057507292102e-18
38.36734693877551,0.0015225312657382,-6.487381022802441,0.04040404040403597,0.9591836734693878,-39.54437447837903,6.700332791347723e-18
38.36734693877551,0.0016912498642295,-6.382287458757476,0.05050505050504887,0.9591836734693878,-39.54462866807968,6.698629852205165e-18
38.36734693877551,0.00187866493623,-6.277193894712534,0.06060606060605963,0.9591836734693878,-39.544879736714186,6.696948247463056e-18
38.36734693877551,0.00208684832281,-6.172100330667619,0.07070707070706775,0.9591836734693878,-39.54512774653414,6.6952875444777875e-18
38.36734693877551,0.0023181014551505,-6.067006766622687,0.08080808080807748,0.9591836734693878,-39.54537275846014,6.6936473201268764e-18
38.36734693877551,0.002574980796465,-5.961913202577741,0.0909090909090886,0.9591836734693878,-39.545614832112626,6.692027160578516e-18
38.36734693877551,0.0028603261032564,-5.856819638532781,0.10101010101010106,0.9591836734693878,-39.54585402584192,6.6904266610678035e-18
38.36734693877551,0.0031772918183317,-5.751726074487876,0.11111111111110823,0.9591836734693878,-39.5460903967574,6.688845425679361e-18
38.36734693877551,0.0035293819426201,-5.646632510442922,0.1212121212121201,0.9591836734693878,-39.54632400075589,6.687283067136358e-18
38.36734693877551,0.0039204887712936,-5.541538946397998,0.13131313131312908,0.9591836734693878,-39.54655489254939,6.685739206594571e-18
38.36734693877551,0.0043549359224151,-5.436445382353058,0.14141414141413966,0.9591836734693878,-39.54678312569192,6.684213473443378e-18
38.36734693877551,0.0048375261337845,-5.331351818308116,0.15151515151515035,0.9591836734693878,-39.547008752605755,6.6827055051114445e-18
38.36734693877551,0.0053735943563712,-5.2262582542631755,0.16161616161616094,0.9591836734693878,-39.54723182460692,6.6812149468783246e-18
38.36734693877551,0.0059690667312704,-5.121164690218244,0.17171717171717069,0.9591836734693878,-39.54745239192999,6.6797414516910616e-18
38.36734693877551,0.0066305261021638,-5.016071126173304,0.18181818181818118,0.9591836734693878,-39.54767050375228,6.678284679985933e-18
38.36734693877551,0.0073652847875129,-4.910977562128371,0.19191919191919102,0.9591836734693878,-39.54788620821734,6.676844299515332e-18
38.36734693877551,0.0081814654169699,-4.80588399808343,0.20202020202020168,0.9591836734693878,-39.548099552457856,6.675419985179256e-18
38.36734693877551,0.0090880907256374,-4.700790434038493,0.21212121212121193,0.9591836734693878,-39.548310582617916,6.6740114188615335e-18
38.36734693877551,0.0100951832988382,-4.595696869993551,0.22222222222222263,0.9591836734693878,-39.548519343874766,6.672618289270301e-18
38.36734693877551,0.0112138763700549,-4.490603305948624,0.23232323232323193,0.9591836734693878,-39.54872588045986,6.671240291783527e-18
38.36734693877551,0.0124565368968931,-4.385509741903686,0.24242424242424226,0.9591836734693878,-39.54893023567949,6.669877128298028e-18
38.36734693877551,0.013836902275649,-4.280416177858747,0.2525252525252527,0.9591836734693878,-39.549132451934774,6.668528507083114e-18
38.36734693877551,0.0153702322058399,-4.175322613813814,0.26262626262626254,0.9591836734693878,-39.549332570741136,6.667194142638251e-18
38.36734693877551,0.0170734773835322,-4.07022904976888,0.2727272727272725,0.9591836734693878,-39.549530632747356,6.665873755554077e-18
38.36734693877551,0.0189654668883421,-3.9651354857239447,0.2828282828282826,0.9591836734693878,-39.54972667775399,6.664567072378002e-18
38.36734693877551,0.0210671163356406,-3.8600419216790063,0.292929292929293,0.9591836734693878,-39.54992074473139,6.663273825482902e-18
38.36734693877551,0.0234016590950486,-3.7549483576340705,0.3030303030303031,0.9591836734693878,-39.550112871837264,6.661993752939405e-18
38.36734693877551,0.0259949031313031,-3.649854793589135,0.3131313131313132,0.9591836734693878,-39.55030309643366,6.66072659839237e-18
38.36734693877551,0.0288755163068248,-3.5447612295442013,0.32323232323232315,0.9591836734693878,-39.55049145510369,6.6594721109393654e-18
38.36734693877551,0.0320753432999582,-3.4396676654992664,0.33333333333333315,0.9591836734693878,-39.55067798366763,6.658230045013875e-18
38.36734693877551,0.0356297576423598,-3.3345741014543298,0.34343434343434337,0.9591836734693878,-39.550862717198726,6.6570001602708056e-18
38.36734693877551,0.0395780527672466,-3.229480537409394,0.3535353535353535,0.9591836734693878,-39.55104569003853,6.655782221475175e-18
38.36734693877551,0.0439638763914761,-3.1243869733644574,0.3636363636363637,0.9591836734693878,-39.55122693581182,6.654575998394307e-18
38.36734693877551,0.048835713033475,-3.019293409319523,0.3737373737373737,0.9591836734693878,-39.551406487441206,6.653381265692228e-18
38.36734693877551,0.0542474200011699,-2.914199845274587,0.3838383838383838,0.9591836734693878,-39.5515843771613,6.6521978028272676e-18
38.36734693877551,0.060258822775172,-2.8091062812296523,0.3939393939393938,0.9591836734693878,-39.55176063653247,6.651025393952683e-18
38.36734693877551,0.0669363763690749,-2.7040127171847166,0.404040404040404,0.9591836734693878,-39.55193529645432,6.6498638278196545e-18
38.36734693877551,0.0743538999780876,-2.5989191531397813,0.4141414141414141,0.9591836734693878,-39.55210838717881,6.6487128976824446e-18
38.36734693877551,0.0825933930374168,-2.493825589094845,0.42424242424242425,0.9591836734693878,-39.55227993832295,6.647572401207359e-18
38.36734693877551,0.0917459417117808,-2.38873202504991,0.4343434343434343,0.9591836734693878,-39.55244997888127,6.646442140382575e-18
38.36734693877551,0.101912725837141,-2.283638461004973,0.44444444444444453,0.9591836734693878,-39.552618537237876,6.645321921431902e-18
38.36734693877551,0.113206137446215,-2.1785448969600347,0.4545454545454549,0.9591836734693878,-39.552785641178254,6.644211554729664e-18
38.36734693877551,0.125751023242877,-2.0734513329151003,0.46464646464646486,0.9591836734693878,-39.55295131790074,6.6431108547184574e-18
38.36734693877551,0.139686064760787,-1.9683577688701692,0.47474747474747453,0.9591836734693878,-39.55311559402768,6.642019639829156e-18
38.36734693877551,0.155165311463659,-1.8632642048252352,0.48484848484848453,0.9591836734693878,-39.553278495616304,6.640937732402769e-18
38.36734693877551,0.172359883735326,-1.7581706407802946,0.49494949494949514,0.9591836734693878,-39.55344004816933,6.639864958614631e-18
38.36734693877551,0.19145986458586,-1.6530770767353593,0.5050505050505052,0.9591836734693878,-39.5536002766453,6.638801148400287e-18
38.36734693877551,0.212676400986239,-1.5479835126904273,0.5151515151515149,0.9591836734693878,-39.55375920546857,6.637746135384024e-18
38.36734693877551,0.236244038061438,-1.442889948645492,0.5252525252525251,0.9591836734693878,-39.55391685853919,6.6366997568083765e-18
38.36734693877551,0.262423311946047,-1.3377963846005527,0.5353535353535355,0.9591836734693878,-39.554073259242315,6.6356618534664954e-18
38.36734693877551,0.291503629965987,-1.2327028205556183,0.5454545454545455,0.9591836734693878,-39.55422843045756,6.634632269635673e-18
38.36734693877551,0.323806469986239,-1.1276092565106834,0.5555555555555556,0.9591836734693878,-39.55438239456803,6.6336108530127716e-18
38.36734693877551,0.359688934292802,-1.0225156924657481,0.5656565656565656,0.9591836734693878,-39.554535173469084,6.6325974546515444e-18
38.36734693877551,0.399547697296443,-0.9174221284208132,0.5757575757575757,0.9591836734693878,-39.55468678857692,6.631591928901578e-18
38.36734693877551,0.443823390699414,-0.8123285643758777,0.5858585858585857,0.9591836734693878,-39.5548372608369,6.630594133348964e-18
38.36734693877551,0.49300547460239,-0.707235000330941,0.5959595959595959,0.9591836734693878,-39.55498661073167,6.629603928758205e-18
38.36734693877551,0.547637648400869,-0.6021414362860068,0.606060606060606,0.9591836734693878,-39.5551348582891,6.6286211790159395e-18
38.36734693877551,0.608323861287565,-0.49704787224107067,0.6161616161616161,0.9591836734693878,-39.55528202308992,6.627645751076495e-18
38.36734693877551,0.67573498880583,-0.39195430819613525,0.6262626262626262,0.9591836734693878,-39.555428124275274,6.626677514908126e-18
38.36734693877551,0.750616249262273,-0.2868607441511999,0.6363636363636362,0.9591836734693878,-39.55557318055393,6.625716343441634e-18
38.36734693877551,0.833795441985706,-0.18176718010626372,0.6464646464646464,0.9591836734693878,-39.555717210209465,6.624762112519425e-18
38.36734693877551,0.926192098504948,-0.07667361606132911,0.6565656565656565,0.9591836734693878,-39.555860231107125,6.6238147008467575e-18
38.36734693877551,1.02882764781018,0.028419947983610284,0.666666666666667,0.9591836734693878,-39.55600226070057,6.622873989943696e-18
38.36734693877551,1.142836708073,0.1335135120285407,0.6767676767676766,0.9591836734693878,-39.556143316038394,6.6219398640989674e-18
38.36734693877551,1.2694796296533,0.23860707607348014,0.686868686868687,0.9591836734693878,-39.55628341377051,6.621012210324424e-18
38.36734693877551,1.41015642805352,0.3437006401184105,0.6969696969696967,0.9591836734693878,-39.55642257015436,6.620090918311112e-18
38.36734693877551,1.56642226084696,0.44879420416335164,0.7070707070707073,0.9591836734693878,-39.55656080106095,6.61917588038651e-18
38.36734693877551,1.74000461967455,0.5538877682082868,0.7171717171717173,0.9591836734693878,-39.556698121980645,6.618266991473129e-18
38.36734693877551,1.93282242736499,0.6589813322532224,0.7272727272727274,0.9591836734693878,-39.556834548029016,6.617364149047429e-18
38.36734693877551,2.14700725129329,0.7640748962981553,0.7373737373737373,0.9591836734693878,-39.556970093952266,6.6164672531010334e-18
38.36734693877551,2.38492686748792,0.8691684603430914,0.7474747474747475,0.9591836734693878,-39.557104774132725,6.615576206101919e-18
38.36734693877551,2.64921143598352,0.9742620243880249,0.7575757575757573,0.9591836734693878,-39.55723860259405,6.614690912957525e-18
38.36734693877551,2.94278257678333,1.0793555884329629,0.7676767676767676,0.9591836734693878,-39.55737159300636,6.613811280978306e-18
38.36734693877551,3.26888566786082,1.184449152477898,0.7777777777777777,0.9591836734693878,-39.55750375869123,6.612937219842442e-18
38.36734693877551,3.63112572224959,1.289542716522833,0.7878787878787878,0.9591836734693878,-39.557635112626514,6.612068641561688e-18
38.36734693877551,4.0335072408363,1.3946362805677694,0.797979797979798,0.9591836734693878,-39.55776566745103,6.611205460447959e-18
38.36734693877551,4.48047848142245,1.4997298446127043,0.808080808080808,0.9591836734693878,-39.55789543546915,6.6103475930810525e-18
38.36734693877551,4.97698063344183,1.6048234086576407,0.8181818181818182,0.9591836734693878,-39.5580244286553,6.609494958276671e-18
38.36734693877551,5.52850244195146,1.7099169727025751,0.8282828282828283,0.9591836734693878,-39.558152658658194,6.6086474770564686e-18
38.36734693877551,6.14114088475497,1.8150105367475111,0.8383838383838383,0.9591836734693878,-39.5582801368051,6.607805072617745e-18
38.36734693877551,6.8216685734332,1.9201041007924453,0.8484848484848483,0.9591836734693878,-39.55840687410592,6.606967670304688e-18
38.36734693877551,7.57760862338904,2.0251976648373815,0.8585858585858586,0.9591836734693878,-39.55853288125716,6.6061351975800934e-18
38.36734693877551,8.41731782058148,2.1302912288823177,0.8686868686868686,0.9591836734693878,-39.558658168645785,6.605307583998125e-18
38.36734693877551,9.35007900434302,2.2353847929272526,0.8787878787878787,0.9591836734693878,-39.55878274635299,6.604484761177685e-18
38.36734693877551,10.3862036875563,2.3404783569721936,0.8888888888888893,0.9591836734693878,-39.55890662415782,6.603666662776589e-18
38.36734693877551,11.5371460486378,2.445571921017128,0.8989898989898993,0.9591836734693878,-39.559029811540775,6.6028532244661986e-18
38.36734693877551,12.8156295554912,2.550665485062058,0.909090909090909,0.9591836734693878,-39.55915231768718,6.602044383907379e-18
38.36734693877551,14.2357876212352,2.6557590491069942,0.919191919191919,0.9591836734693878,-39.55927415149058,6.601240080726538e-18
38.36734693877551,15.8133198466305,2.7608526131519304,0.9292929292929293,0.9591836734693878,-39.55939532155599,6.600440256492509e-18
38.36734693877551,17.5656655764397,2.865946177196865,0.9393939393939392,0.9591836734693878,-39.55951583620303,6.599644854694409e-18
38.36734693877551,19.5121966883548,2.9710397412417997,0.9494949494949493,0.9591836734693878,-39.559635703469034,6.598853820719587e-18
38.36734693877551,21.6744317457404,3.0761333052867346,0.9595959595959593,0.9591836734693878,-39.55975493111199,6.598067101832589e-18
38.36734693877551,24.0762738816144,3.1812268693316703,0.9696969696969694,0.9591836734693878,-39.559873526613465,6.5972846471545934e-18
38.36734693877551,26.744275043632,3.2863204333766105,0.97979797979798,0.9591836734693878,-39.5599914971814,6.596506407643522e-18
38.36734693877551,29.707929521255,3.3914139974215445,0.98989898989899,0.9591836734693878,-39.560108849752844,6.595732336074574e-18
38.36734693877551,33.0,3.4965075614664802,1.0,0.9591836734693878,-39.560225590996644,6.594962387021164e-18
39.183673469387756,0.001,-6.907755278982137,0.0,0.9795918367346939,-39.54388181995898,6.703634579974675e-18
39.183673469387756,0.001110814537795,-6.802661714937222,0.010101010101008117,0.9795918367346939,-39.544120400242114,6.702035415710693e-18
39.183673469387756,0.0012339089373767,-6.697568150892323,0.020202020202014698,0.9795918367346939,-39.54435610884121,6.700455874494825e-18
39.183673469387756,0.0013706439859533,-6.592474586847349,0.030303030303028534,0.9795918367346939,-39.54458900264347,6.69889556154998e-18
39.183673469387756,0.0015225312657382,-6.487381022802441,0.04040404040403597,0.9795918367346939,-39.54481913734963,6.697354090568131e-18
39.183673469387756,0.0016912498642295,-6.382287458757476,0.05050505050504887,0.9795918367346939,-39.54504656750108,6.695831083508396e-18
39.183673469387756,0.00187866493623,-6.277193894712534,0.06060606060605963,0.9795918367346939,-39.54527134650631,6.6943261704010325e-18
39.183673469387756,0.00208684832281,-6.172100330667619,0.07070707070706775,0.9795918367346939,-39.545493526666576,6.6928389891568316e-18
39.183673469387756,0.0023181014551505,-6.067006766622687,0.08080808080807748,0.9795918367346939,-39.54571315920101,6.691369185381374e-18
39.183673469387756,0.002574980796465,-5.961913202577741,0.0909090909090886,0.9795918367346939,-39.545930294270974,6.689916412194844e-18
39.183673469387756,0.0028603261032564,-5.856819638532781,0.10101010101010106,0.9795918367346939,-39.54614498100377,6.688480330057034e-18
39.183673469387756,0.0031772918183317,-5.751726074487876,0.11111111111110823,0.9795918367346939,-39.54635726751581,6.687060606596331e-18
39.183673469387756,0.0035293819426201,-5.646632510442922,0.1212121212121201,0.9795918367346939,-39.54656720093508,6.68565691644421e-18
39.183673469387756,0.0039204887712936,-5.541538946397998,0.13131313131312908,0.9795918367346939,-39.5467748274231,6.684268941073753e-18
39.183673469387756,0.0043549359224151,-5.436445382353058,0.14141414141413966,0.9795918367346939,-39.54698019219622,6.682896368643013e-18
39.183673469387756,0.0048375261337845,-5.331351818308116,0.15151515151515035,0.9795918367346939,-39.547183339546486,6.681538893842016e-18
39.183673469387756,0.0053735943563712,-5.2262582542631755,0.16161616161616094,0.9795918367346939,-39.54738431286177,6.680196217744851e-18
39.183673469387756,0.0059690667312704,-5.121164690218244,0.17171717171717069,0.9795918367346939,-39.547583154645615,6.678868047664731e-18
39.183673469387756,0.0066305261021638,-5.016071126173304,0.18181818181818118,0.9795918367346939,-39.54777990653635,6.67755409701377e-18
39.183673469387756,0.0073652847875129,-4.910977562128371,0.19191919191919102,0.9795918367346939,-39.54797460932584,6.676254085166165e-18
39.183673469387756,0.0081814654169699,-4.80588399808343,0.20202020202020168,0.9795918367346939,-39.54816730297767,6.6749677373254884e-18
39.183673469387756,0.0090880907256374,-4.700790434038493,0.21212121212121193,0.9795918367346939,-39.548358026644934,6.6736947843947245e-18
39.183673469387756,0.0100951832988382,-4.595696869993551,0.22222222222222263,0.9795918367346939,-39.54854681868749,6.6724349628508566e-18
39.183673469387756,0.0112138763700549,-4.490603305948624,0.23232323232323193,0.9795918367346939,-39.548733716688794,6.6711880146221725e-18
39.183673469387756,0.0124565368968931,-4.385509741903686,0.24242424242424226,0.9795918367346939,-39.54891875747233,6.669953686968838e-18
39.183673469387756,0.013836902275649,-4.280416177858747,0.2525252525252527,0.9795918367346939,-39.54910197711754,6.668731732367217e-18
39.183673469387756,0.0153702322058399,-4.175322613813814,0.26262626262626254,0.9795918367346939,-39.54928341097547,6.6675219083963325e-18
39.183673469387756,0.0170734773835322,-4.07022904976888,0.2727272727272725,0.9795918367346939,-39.54946309368382,6.666323977628797e-18
39.183673469387756,0.0189654668883421,-3.9651354857239447,0.2828282828282826,0.9795918367346939,-39.5496410591818,6.66513770752311e-18
39.183673469387756,0.0210671163356406,-3.8600419216790063,0.292929292929293,0.9795918367346939,-39.54981734072453,6.66396287031963e-18
39.183673469387756,0.0234016590950486,-3.7549483576340705,0.3030303030303031,0.9795918367346939,-39.54999197089696,6.6627992429396946e-18
39.183673469387756,0.0259949031313031,-3.649854793589135,0.3131313131313132,0.9795918367346939,-39.55016498162762,6.661646606886539e-18
39.183673469387756,0.0288755163068248,-3.5447612295442013,0.32323232323232315,0.9795918367346939,-39.55033640420188,6.6605047481493436e-18
39.183673469387756,0.0320753432999582,-3.4396676654992664,0.33333333333333315,0.9795918367346939,-39.55050626927494,6.659373457109809e-18
39.183673469387756,0.0356297576423598,-3.3345741014543298,0.34343434343434337,0.9795918367346939,-39.55067460688441,6.658252528451369e-18
39.183673469387756,0.0395780527672466,-3.229480537409394,0.3535353535353535,0.9795918367346939,-39.55084144646266,6.657141761070158e-18
39.183673469387756,0.0439638763914761,-3.1243869733644574,0.3636363636363637,0.9795918367346939,-39.55100681684878,6.6560409579892925e-18
39.183673469387756,0.048835713033475,-3.019293409319523,0.3737373737373737,0.9795918367346939,-39.551170746300265,6.654949926274568e-18
39.183673469387756,0.0542474200011699,-2.914199845274587,0.3838383838383838,0.9795918367346939,-39.551333262504365,6.653868476952978e-18
39.183673469387756,0.060258822775172,-2.8091062812296523,0.3939393939393938,0.9795918367346939,-39.551494392589206,6.6527964249330015e-18
39.183673469387756,0.0669363763690749,-2.7040127171847166,0.404040404040404,0.9795918367346939,-39.55165416313455,6.6517335889273265e-18
39.183673469387756,0.0743538999780876,-2.5989191531397813,0.4141414141414141,0.9795918367346939,-39.55181260018231,6.65067979137751e-18
39.183673469387756,0.0825933930374168,-2.493825589094845,0.42424242424242425,0.9795918367346939,-39.55196972924684,6.649634858380205e-18
39.183673469387756,0.0917459417117808,-2.38873202504991,0.4343434343434343,0.9795918367346939,-39.55212557532486,6.648598619616258e-18
39.183673469387756,0.101912725837141,-2.283638461004973,0.44444444444444453,0.9795918367346939,-39.552280162905184,6.6475709082808446e-18
39.183673469387756,0.113206137446215,-2.1785448969600347,0.4545454545454549,0.9795918367346939,-39.55243351597823,6.646551561015787e-18
39.183673469387756,0.125751023242877,-2.0734513329151003,0.46464646464646486,0.9795918367346939,-39.552585658045224,6.645540417843565e-18
39.183673469387756,0.139686064760787,-1.9683577688701692,0.47474747474747453,0.9795918367346939,-39.55273661212714,6.644537322103549e-18
39.183673469387756,0.155165311463659,-1.8632642048252352,0.48484848484848453,0.9795918367346939,-39.552886400773524,6.643542120389054e-18
39.183673469387756,0.172359883735326,-1.7581706407802946,0.49494949494949514,0.9795918367346939,-39.553035046070974,6.642554662486749e-18
39.183673469387756,0.19145986458586,-1.6530770767353593,0.5050505050505052,0.9795918367346939,-39.55318256965143,6.641574801317635e-18
39.183673469387756,0.212676400986239,-1.5479835126904273,0.5151515151515149,0.9795918367346939,-39.55332899270032,6.640602392879042e-18
39.183673469387756,0.236244038061438,-1.442889948645492,0.5252525252525251,0.9795918367346939,-39.553474335964346,6.6396372961890305e-18
39.183673469387756,0.262423311946047,-1.3377963846005527,0.5353535353535355,0.9795918367346939,-39.553618619759206,6.638679373231482e-18
39.183673469387756,0.291503629965987,-1.2327028205556183,0.5454545454545455,0.9795918367346939,-39.553761863977094,6.637728488902821e-18
39.183673469387756,0.323806469986239,-1.1276092565106834,0.5555555555555556,0.9795918367346939,-39.55390408809389,6.636784510960781e-18
39.183673469387756,0.359688934292802,-1.0225156924657481,0.5656565656565656,0.9795918367346939,-39.554045311176274,6.635847309973765e-18
39.183673469387756,0.399547697296443,-0.9174221284208132,0.5757575757575757,0.9795918367346939,-39.554185551888615,6.6349167592721015e-18
39.183673469387756,0.443823390699414,-0.8123285643758777,0.5858585858585857,0.9795918367346939,-39.55432482849974,6.633992734899777e-18
39.183673469387756,0.49300547460239,-0.707235000330941,0.5959595959595959,0.9795918367346939,-39.554463158889334,6.633075115568962e-18
39.183673469387756,0.547637648400869,-0.6021414362860068,0.606060606060606,0.9795918367346939,-39.55460056055443,6.632163782614164e-18
39.183673469387756,0.608323861287565,-0.49704787224107067,0.6161616161616161,0.9795918367346939,-39.554737050615515,6.631258619948588e-18
39.183673469387756,0.67573498880583,-0.39195430819613525,0.6262626262626262,0.9795918367346939,-39.554872645822584,6.630359514021488e-18
39.183673469387756,0.750616249262273,-0.2868607441511999,0.6363636363636362,0.9795918367346939,-39.55500736256101,6.629466353776359e-18
39.183673469387756,0.833795441985706,-0.18176718010626372,0.6464646464646464,0.9795918367346939,-39.555141216857216,6.628579030610668e-18
39.183673469387756,0.926192098504948,-0.07667361606132911,0.6565656565656565,0.9795918367346939,-39.55527422438426,6.627697438336473e-18
39.183673469387756,1.02882764781018,0.028419947983610284,0.666666666666667,0.9795918367346939,-39.555406400467206,6.626821473142243e-18
39.183673469387756,1.142836708073,0.1335135120285407,0.6767676767676766,0.9795918367346939,-39.555537760088384,6.625951033555471e-18
39.183673469387756,1.2694796296533,0.23860707607348014,0.686868686868687,0.9795918367346939,-39.55566831789252,6.6250860204065684e-18
39.183673469387756,1.41015642805352,0.3437006401184105,0.6969696969696967,0.9795918367346939,-39.55579808819166,6.624226336793782e-18
39.183673469387756,1.56642226084696,0.44879420416335164,0.7070707070707073,0.9795918367346939,-39.55592708497007,6.623371888048599e-18
39.183673469387756,1.74000461967455,0.5538877682082868,0.7171717171717173,0.9795918367346939,-39.556055321888856,6.622522581703097e-18
39.183673469387756,1.93282242736499,0.6589813322532224,0.7272727272727274,0.9795918367346939,-39.556182812290594,6.621678327456938e-18
39.183673469387756,2.14700725129329,0.7640748962981553,0.7373737373737373,0.9795918367346939,-39.55630956920377,6.620839037146156e-18
39.183673469387756,2.38492686748792,0.8691684603430914,0.7474747474747475,0.9795918367346939,-39.556435605347026,6.620004624712955e-18
39.183673469387756,2.64921143598352,0.9742620243880249,0.7575757575757573,0.9795918367346939,-39.55656093313346,6.619175006175364e-18
39.183673469387756,2.94278257678333,1.0793555884329629,0.7676767676767676,0.9795918367346939,-39.556685564674616,6.618350099598927e-18
39.183673469387756,3.26888566786082,1.184449152477898,0.7777777777777777,0.9795918367346939,-39.556809511784515,6.617529825068165e-18
39.183673469387756,3.63112572224959,1.289542716522833,0.7878787878787878,0.9795918367346939,-39.55693278598343,6.616714104659871e-18
39.183673469387756,4.0335072408363,1.3946362805677694,0.797979797979798,0.9795918367346939,-39.5570553985017,6.615902862416034e-18
39.183673469387756,4.48047848142245,1.4997298446127043,0.808080808080808,0.9795918367346939,-39.55717736028331,6.615096024318687e-18
39.183673469387756,4.97698063344183,1.6048234086576407,0.8181818181818182,0.9795918367346939,-39.557298681989444,6.614293518264476e-18
39.183673469387756,5.52850244195146,1.7099169727025751,0.8282828282828283,0.9795918367346939,-39.55741937400189,6.613495274040678e-18
39.183673469387756,6.14114088475497,1.8150105367475111,0.8383838383838383,0.9795918367346939,-39.55753944642634,6.612701223301779e-18
39.183673469387756,6.8216685734332,1.9201041007924453,0.8484848484848483,0.9795918367346939,-39.5576589090957,6.611911299546101e-18
39.183673469387756,7.57760862338904,2.0251976648373815,0.8585858585858586,0.9795918367346939,-39.55777777157312,6.61112543809419e-18
39.183673469387756,8.41731782058148,2.1302912288823177,0.8686868686868686,0.9795918367346939,-39.557896043155075,6.610343576067072e-18
39.183673469387756,9.35007900434302,2.2353847929272526,0.8787878787878787,0.9795918367346939,-39.558013732874336,6.609565652365096e-18
39.183673469387756,10.3862036875563,2.3404783569721936,0.8888888888888893,0.9795918367346939,-39.55813084950273,6.608791607648372e-18
39.183673469387756,11.5371460486378,2.445571921017128,0.8989898989898993,0.9795918367346939,-39.558247401554056,6.608021384316155e-18
39.183673469387756,12.8156295554912,2.550665485062058,0.909090909090909,0.9795918367346939,-39.55836339728662,6.607254926488661e-18
39.183673469387756,14.2357876212352,2.6557590491069942,0.919191919191919,0.9795918367346939,-39.558478844705924,6.606492179988116e-18
39.183673469387756,15.8133198466305,2.7608526131519304,0.9292929292929293,0.9795918367346939,-39.55859375156715,6.605733092321013e-18
39.183673469387756,17.5656655764397,2.865946177196865,0.9393939393939392,0.9795918367346939,-39.55870812537765,6.604977612660485e-18
39.183673469387756,19.5121966883548,2.9710397412417997,0.9494949494949493,0.9795918367346939,-39.558821973399226,6.604225691829883e-18
39.183673469387756,21.6744317457404,3.0761333052867346,0.9595959595959593,0.9795918367346939,-39.558935302650504,6.603477282286107e-18
39.183673469387756,24.0762738816144,3.1812268693316703,0.9696969696969694,0.9795918367346939,-39.5590481199091,6.602732338103986e-18
39.183673469387756,26.744275043632,3.2863204333766105,0.97979797979798,0.9795918367346939,-39.55916043171377,6.601990814961017e-18
39.183673469387756,29.707929521255,3.3914139974215445,0.98989898989899,0.9795918367346939,-39.55927224436652,6.601252670122318e-18
39.183673469387756,33.0,3.4965075614664802,1.0,0.9795918367346939,-39.55938356393457,6.600517862426495e-18
40.0,0.001,-6.907755278982137,0.0,1.0,-39.54437999926059,6.700295799706048e-18
40.0,0.001110814537795,-6.802661714937222,0.010101010101008117,1.0,-39.54459320639689,6.698867401104042e-18
40.0,0.0012339089373767,-6.697568150892323,0.020202020202014698,1.0,-39.54480396947824,6.697455675944039e-18
40.0,0.0013706439859533,-6.592474586847349,0.030303030303028534,1.0,-39.5450123364155,6.696060292998257e-18
40.0,0.0015225312657382,-6.487381022802441,0.04040404040403597,1.0,-39.54521835415253,6.694680927901406e-18
40.0,0.0016912498642295,-6.382287458757476,0.05050505050504887,1.0,-39.54542206868766,6.693317262992264e-18
40.0,0.00187866493623,-6.277193894712534,0.06060606060605963,1.0,-39.54562352509469,6.691968987159288e-18
40.0,0.00208684832281,-6.172100330667619,0.07070707070706775,1.0,-39.54582276754334,6.690635795690562e-18
40.0,0.0023181014551505,-6.067006766622687,0.08080808080807748,1.0,-39.54601983931919,6.689317390127262e-18
40.0,0.002574980796465,-5.961913202577741,0.0909090909090886,1.0,-39.546214782843045,6.6880134781218e-18
40.0,0.0028603261032564,-5.856819638532781,0.10101010101010106,1.0,-39.54640763968984,6.68672377329929e-18
40.0,0.0031772918183317,-5.751726074487876,0.11111111111110823,1.0,-39.546598450607114,6.6854479951226174e-18
40.0,0.0035293819426201,-5.646632510442922,0.1212121212121201,1.0,-39.546787255532884,6.684185868761745e-18
40.0,0.0039204887712936,-5.541538946397998,0.13131313131312908,1.0,-39.54697409361318,6.682937124965762e-18
40.0,0.0043549359224151,-5.436445382353058,0.14141414141413966,1.0,-39.54715900321904,6.681701499938964e-18
40.0,0.0048375261337845,-5.331351818308116,0.15151515151515035,1.0,-39.54734202196319,6.680478735219534e-18
40.0,0.0053735943563712,-5.2262582542631755,0.16161616161616094,1.0,-39.547523186716106,6.679268577562369e-18
40.0,0.0059690667312704,-5.121164690218244,0.17171717171717069,1.0,-39.54770253362188,6.678070778824106e-18
40.0,0.0066305261021638,-5.016071126173304,0.18181818181818118,1.0,-39.547880098113545,6.676885095851675e-18
40.0,0.0073652847875129,-4.910977562128371,0.19191919191919102,1.0,-39.54805591492801,6.6757112903739875e-18
40.0,0.0081814654169699,-4.80588399808343,0.20202020202020168,1.0,-39.54823001812071,6.674549128895702e-18
40.0,0.0090880907256374,-4.700790434038493,0.21212121212121193,1.0,-39.548402441079794,6.6733983825947515e-18
40.0,0.0100951832988382,-4.595696869993551,0.22222222222222263,1.0,-39.548573216539985,6.672258827221742e-18
40.0,0.0112138763700549,-4.490603305948624,0.23232323232323193,1.0,-39.54874237659606,6.671130243002761e-18
40.0,0.0124565368968931,-4.385509741903686,0.24242424242424226,1.0,-39.54890995271608,6.670012414543781e-18
40.0,0.013836902275649,-4.280416177858747,0.2525252525252527,1.0,-39.54907597575411,6.668905130738897e-18
40.0,0.0153702322058399,-4.175322613813814,0.26262626262626254,1.0,-39.54924047596281,6.6678081846794616e-18
40.0,0.0170734773835322,-4.07022904976888,0.2727272727272725,1.0,-39.5494034830056,6.666721373566749e-18
40.0,0.0189654668883421,-3.9651354857239447,0.2828282828282826,1.0,-39.549565025968484,6.665644498626456e-18
40.0,0.0210671163356406,-3.8600419216790063,0.292929292929293,1.0,-39.54972513337167,6.66457736502547e-18
40.0,0.0234016590950486,-3.7549483576340705,0.3030303030303031,1.0,-39.54988383318087,6.663519781790604e-18
40.0,0.0259949031313031,-3.649854793589135,0.3131313131313132,1.0,-39.55004115281822,6.662471561730048e-18
40.0,0.0288755163068248,-3.5447612295442013,0.32323232323232315,1.0,-39.55019711917301,6.6614325213564054e-18
40.0,0.0320753432999582,-3.4396676654992664,0.33333333333333315,1.0,-39.550351758612216,6.6604024808115185e-18
40.0,0.0356297576423598,-3.3345741014543298,0.34343434343434337,1.0,-39.550505096990555,6.659381263793903e-18
40.0,0.0395780527672466,-3.229480537409394,0.3535353535353535,1.0,-39.55065715966046,6.658368697487736e-18
40.0,0.0439638763914761,-3.1243869733644574,0.3636363636363637,1.0,-39.550807971481746,6.657364612493525e-18
40.0,0.048835713033475,-3.019293409319523,0.3737373737373737,1.0,-39.550957556831015,6.656368842760886e-18
40.0,0.0542474200011699,-2.914199845274587,0.3838383838383838,1.0,-39.551105939610835,6.655381225523e-18
40.0,0.060258822775172,-2.8091062812296523,0.3939393939393938,1.0,-39.5512531432587,6.654401601232587e-18
40.0,0.0669363763690749,-2.7040127171847166,0.404040404040404,1.0,-39.551399190755724,6.6534298134998324e-18
40.0,0.0743538999780876,-2.5989191531397813,0.4141414141414141,1.0,-39.55154410463515,6.652465709031827e-18
40.0,0.0825933930374168,-2.493825589094845,0.42424242424242425,1.0,-39.551687906990615,6.651509137573468e-18
40.0,0.0917459417117808,-2.38873202504991,0.4343434343434343,1.0,-39.55183061948425,6.6505599518499566e-18
40.0,0.101912725837141,-2.283638461004973,0.44444444444444453,1.0,-39.55197226335446,6.649618007511222e-18
40.0,0.113206137446215,-2.1785448969600347,0.4545454545454549,1.0,-39.552112859423666,6.648683163076896e-18
40.0,0.125751023242877,-2.0734513329151003,0.46464646464646486,1.0,-39.552252428105724,6.647755279883623e-18
40.0,0.139686064760787,-1.9683577688701692,0.47474747474747453,1.0,-39.55239098941315,6.646834222033575e-18
40.0,0.155165311463659,-1.8632642048252352,0.48484848484848453,1.0,-39.5525285629643,6.645919856343453e-18
40.0,0.172359883735326,-1.7581706407802946,0.49494949494949514,1.0,-39.552665167990156,6.645012052296335e-18
40.0,0.19145986458586,-1.6530770767353593,0.5050505050505052,1.0,-39.55280082334112,6.644110681993438e-18
40.0,0.212676400986239,-1.5479835126904273,0.5151515151515149,1.0,-39.5529355474935,6.643215620108104e-18
40.0,0.236244038061438,-1.442889948645492,0.5252525252525251,1.0,-39.55306935855593,6.64232674384007e-18
40.0,0.262423311946047,-1.3377963846005527,0.5353535353535355,1.0,-39.55320227427555,6.641443932872001e-18
40.0,0.291503629965987,-1.2327028205556183,0.5454545454545455,1.0,-39.553334312044,6.640567069326631e-18
40.0,0.323806469986239,-1.1276092565106834,0.5555555555555556,1.0,-39.55346548890342,6.6396960377245586e-18
40.0,0.359688934292802,-1.0225156924657481,0.5656565656565656,1.0,-39.553595821552044,6.638830724944383e-18
40.0,0.399547697296443,-0.9174221284208132,0.5757575757575757,1.0,-39.55372532634987,6.637971020182696e-18
40.0,0.443823390699414,-0.8123285643758777,0.5858585858585857,1.0,-39.55385401932402,6.637116814916066e-18
40.0,0.49300547460239,-0.707235000330941,0.5959595959595959,1.0,-39.553981916174095,6.6362680028632154e-18
40.0,0.547637648400869,-0.6021414362860068,0.606060606060606,1.0,-39.55410903227723,6.6354244799491285e-18
40.0,0.608323861287565,-0.49704787224107067,0.6161616161616161,1.0,-39.55423538269317,6.634586144269297e-18
40.0,0.67573498880583,-0.39195430819613525,0.6262626262626262,1.0,-39.55436098216909,6.633752896055529e-18
40.0,0.750616249262273,-0.2868607441511999,0.6363636363636362,1.0,-39.55448584514435,6.632924637642253e-18
40.0,0.833795441985706,-0.18176718010626372,0.6464646464646464,1.0,-39.55460998575508,6.6321012734343374e-18
40.0,0.926192098504948,-0.07667361606132911,0.6565656565656565,1.0,-39.55473341783869,6.631282709874974e-18
40.0,1.02882764781018,0.028419947983610284,0.666666666666667,1.0,-39.55485615493823,6.630468855415037e-18
40.0,1.142836708073,0.1335135120285407,0.6767676767676766,1.0,-39.55497821030654,6.629659620483571e-18
40.0,1.2694796296533,0.23860707607348014,0.686868686868687,1.0,-39.5550995969105,6.6288549174578695e-18
40.0,1.41015642805352,0.3437006401184105,0.6969696969696967,1.0,-39.55522032743493,6.628054660636004e-18
40.0,1.56642226084696,0.44879420416335164,0.7070707070707073,1.0,-39.555340414286505,6.627258766208934e-18
40.0,1.74000461967455,0.5538877682082868,0.7171717171717173,1.0,-39.55545986959756,6.626467152233743e-18
40.0,1.93282242736499,0.6589813322532224,0.7272727272727274,1.0,-39.55557870522974,6.6256797386079175e-18
40.0,2.14700725129329,0.7640748962981553,0.7373737373737373,1.0,-39.55569693277756,6.624896447044042e-18
40.0,2.38492686748792,0.8691684603430914,0.7474747474747475,1.0,-39.555814563571865,6.6241172010453365e-18
40.0,2.64921143598352,0.9742620243880249,0.7575757575757573,1.0,-39.5559316086832,6.623341925881992e-18
40.0,2.94278257678333,1.0793555884329629,0.7676767676767676,1.0,-39.55604807892512,6.622570548567687e-18
40.0,3.26888566786082,1.184449152477898,0.7777777777777777,1.0,-39.55616398485725,6.6218029978378815e-18
40.0,3.63112572224959,1.289542716522833,0.7878787878787878,1.0,-39.55627933678844,6.62103920412749e-18
40.0,4.0335072408363,1.3946362805677694,0.797979797979798,1.0,-39.55639414477972,6.620279099550146e-18
40.0,4.48047848142245,1.4997298446127043,0.808080808080808,1.0,-39.55650841864722,6.619522617877406e-18
40.0,4.97698063344183,1.6048234086576407,0.8181818181818182,1.0,-39.55662216796487,6.618769694519533e-18
40.0,5.52850244195146,1.7099169727025751,0.8282828282828283,1.0,-39.556735402067254,6.618020266505479e-18
40.0,6.14114088475497,1.8150105367475111,0.8383838383838383,1.0,-39.556848130052146,6.617274272464856e-18
40.0,6.8216685734332,1.9201041007924453,0.8484848484848483,1.0,-39.55696036078309,6.6165316526095804e-18
40.0,7.57760862338904,2.0251976648373815,0.8585858585858586,1.0,-39.55707210289184,6.615792348716564e-18
40.0,8.41731782058148,2.1302912288823177,0.8686868686868686,1.0,-39.55718336478079,6.615056304110537e-18
40.0,9.35007900434302,2.2353847929272526,0.8787878787878787,1.0,-39.55729415462526,6.614323463647834e-18
40.0,10.3862036875563,2.3404783569721936,0.8888888888888893,1.0,-39.55740448037573,6.613593773700394e-18
40.0,11.5371460486378,2.445571921017128,0.8989898989898993,1.0,-39.55751434975999,6.6128671821405416e-18
40.0,12.8156295554912,2.550665485062058,0.909090909090909,1.0,-39.55762377028527,6.612143638325879e-18
40.0,14.2357876212352,2.6557590491069942,0.919191919191919,1.0,-39.557732749240195,6.611423093085195e-18
40.0,15.8133198466305,2.7608526131519304,0.9292929292929293,1.0,-39.5578412936968,6.610705498704343e-18
40.0,17.5656655764397,2.865946177196865,0.9393939393939392,1.0,-39.55794941051236,6.609990808912902e-18
40.0,19.5121966883548,2.9710397412417997,0.9494949494949493,1.0,-39.558057106331226,6.609278978871267e-18
40.0,21.6744317457404,3.0761333052867346,0.9595959595959593,1.0,-39.55816438758657,6.608569965158102e-18
40.0,24.0762738816144,3.1812268693316703,0.9696969696969694,1.0,-39.558271260502096,6.607863725758088e-18
40.0,26.744275043632,3.2863204333766105,0.97979797979798,1.0,-39.55837773109362,6.607160220050486e-18
40.0,29.707929521255,3.3914139974215445,0.98989898989899,1.0,-39.558483805170674,6.6064594087978155e-18
40.0,33.0,3.4965075614664802,1.0,1.0,-39.558589488337994,6.605761254134973e-18
