t,w,x,x_scaled,t_scaled,log_N,N
0.0,0.001,-6.907755278982137,0.0,0.0,14.400877492340685,1795649.7503922044
0.0,0.001110814537795,-6.802661714937222,0.010101010101008117,0.0,14.38752204678004,1771827.4805121329
0.0,0.0012339089373767,-6.697568150892323,0.020202020202014698,0.0,14.3741367313998,1748269.0312623272
0.0,0.0013706439859533,-6.592474586847349,0.030303030303028534,0.0,14.36072275726939,1724974.3819078214
0.0,0.0015225312657382,-6.487381022802441,0.04040404040403597,0.0,14.34728134707088,1701943.4246824463
0.0,0.0016912498642295,-6.382287458757476,0.05050505050504887,0.0,14.33381373459321,1679175.9659581273
0.0,0.00187866493623,-6.277193894712534,0.06060606060605963,0.0,14.320321164215315,1656671.7274773126
0.0,0.00208684832281,-6.172100330667619,0.07070707070706775,0.0,14.306804890378425,1634430.3476458606
0.0,0.0023181014551505,-6.067006766622687,0.08080808080807748,0.0,14.293266177048215,1612451.3828842142
0.0,0.002574980796465,-5.961913202577741,0.0909090909090886,0.0,14.279706297167248,1590734.3090342549
0.0,0.0028603261032564,-5.856819638532781,0.10101010101010106,0.0,14.266126532098273,1569278.5228193111
0.0,0.0031772918183317,-5.751726074487876,0.11111111111110823,0.0,14.252528171058971,1548083.3433547432
0.0,0.0035293819426201,-5.646632510442922,0.1212121212121201,0.0,14.238912510548674,1527148.013706349
0.0,0.0039204887712936,-5.541538946397998,0.13131313131312908,0.0,14.225280853767753,1506471.7024940574
0.0,0.0043549359224151,-5.436445382353058,0.14141414141413966,0.0,14.211634510030176,1486053.505537966
0.0,0.0048375261337845,-5.331351818308116,0.15151515151515035,0.0,14.19797479416996,1465892.4475441007
0.0,0.0053735943563712,-5.2262582542631755,0.16161616161616094,0.0,14.184303025942093,1445987.48382701
0.0,0.0059690667312704,-5.121164690218244,0.17171717171717069,0.0,14.170620529418612,1426337.5020664108
0.0,0.0066305261021638,-5.016071126173304,0.18181818181818118,0.0,14.156928632380485,1406941.3240950396
0.0,0.0073652847875129,-4.910977562128371,0.19191919191919102,0.0,14.143228665705962,1387797.707714868
0.0,0.0081814654169699,-4.80588399808343,0.20202020202020168,0.0,14.129521962756085,1368905.3485388588
0.0,0.0090880907256374,-4.700790434038493,0.21212121212121193,0.0,14.115809858758018,1350262.8818554126
0.0,0.0100951832988382,-4.595696869993551,0.22222222222222263,0.0,14.102093690186903,1331868.8845127064
0.0,0.0112138763700549,-4.490603305948624,0.23232323232323193,0.0,14.088374794146905,1313721.8768200937
0.0,0.0124565368968931,-4.385509741903686,0.24242424242424226,0.0,14.07465450775216,1295820.3244638392
0.0,0.013836902275649,-4.280416177858747,0.2525252525252527,0.0,14.06093416750829,1278162.6404343932
0.0,0.0153702322058399,-4.175322613813814,0.26262626262626254,0.0,14.047215108695191,1260747.186962542
0.0,0.0170734773835322,-4.07022904976888,0.2727272727272725,0.0,14.033498664751756,1243572.277461733
0.0,0.0189654668883421,-3.9651354857239447,0.2828282828282826,0.0,14.019786166663215,1226636.1784739757
0.0,0.0210671163356406,-3.8600419216790063,0.292929292929293,0.0,14.006078942351785,1209937.1116167544
0.0,0.0234016590950486,-3.7549483576340705,0.3030303030303031,0.0,13.992378316071251,1193473.2555284144
0.0,0.0259949031313031,-3.649854793589135,0.3131313131313132,0.0,13.978685607806169,1177242.7478095954
0.0,0.0288755163068248,-3.5447612295442013,0.32323232323232315,0.0,13.965002132676311,1161243.6869583237
0.0,0.0320753432999582,-3.4396676654992664,0.33333333333333315,0.0,13.95132920034699,1145474.134296409
0.0,0.0356297576423598,-3.3345741014543298,0.34343434343434337,0.0,13.937668114445893,1129932.1158849597
0.0,0.0395780527672466,-3.229480537409394,0.3535353535353535,0.0,13.924020171986998,1114615.624426771
0.0,0.0439638763914761,-3.1243869733644574,0.3636363636363637,0.0,13.910386662802194,1099522.621153554
0.0,0.048835713033475,-3.019293409319523,0.3737373737373737,0.0,13.896768868981162,1084651.0376959487
0.0,0.0542474200011699,-2.914199845274587,0.3838383838383838,0.0,13.883168064320053,1069998.7779343992
0.0,0.060258822775172,-2.8091062812296523,0.3939393939393938,0.0,13.86958551377954,1055563.7198290636
0.0,0.0669363763690749,-2.7040127171847166,0.404040404040404,0.0,13.856022472952722,1041343.7172269603
0.0,0.0743538999780876,-2.5989191531397813,0.4141414141414141,0.0,13.842480187543384,1027336.6016447081
0.0,0.0825933930374168,-2.493825589094845,0.42424242424242425,0.0,13.828959892855107,1013540.1840252596
0.0,0.0917459417117808,-2.38873202504991,0.4343434343434343,0.0,13.815462813291644,999952.2564671285
0.0,0.101912725837141,-2.283638461004973,0.44444444444444453,0.0,13.801990161869043,986570.5939247379
0.0,0.113206137446215,-2.1785448969600347,0.4545454545454549,0.0,13.788543139739854,973392.9558785186
0.0,0.125751023242877,-2.0734513329151003,0.46464646464646486,0.0,13.775122935729888,960417.0879736044
0.0,0.139686064760787,-1.9683577688701692,0.47474747474747453,0.0,13.7617307258878,947640.723625925
0.0,0.155165311463659,-1.8632642048252352,0.48484848484848453,0.0,13.748367673047905,935061.5855947095
0.0,0.172359883735326,-1.7581706407802946,0.49494949494949514,0.0,13.735034926406493,922677.3875204112
0.0,0.19145986458586,-1.6530770767353593,0.5050505050505052,0.0,13.721733621111937,910485.835427206
0.0,0.212676400986239,-1.5479835126904273,0.5151515151515149,0.0,13.708464877868876,898484.6291892948
0.0,0.236244038061438,-1.442889948645492,0.5252525252525251,0.0,13.695229802556666,886671.4639602903
0.0,0.262423311946047,-1.3377963846005527,0.5353535353535355,0.0,13.682029485862369,875044.0315651267
0.0,0.291503629965987,-1.2327028205556183,0.5454545454545455,0.0,13.668865002928413,863600.0218539372
0.0,0.323806469986239,-1.1276092565106834,0.5555555555555556,0.0,13.655737413015103,852337.1240174583
0.0,0.359688934292802,-1.0225156924657481,0.5656565656565656,0.0,13.64264775917813,841253.0278636221
0.0,0.399547697296443,-0.9174221284208132,0.5757575757575757,0.0,13.629597067961187,830345.4250550366
0.0,0.443823390699414,-0.8123285643758777,0.5858585858585857,0.0,13.616586349103768,819612.0103071418
0.0,0.49300547460239,-0.707235000330941,0.5959595959595959,0.0,13.60361659526422,809050.4825469054
0.0,0.547637648400869,-0.6021414362860068,0.606060606060606,0.0,13.590688781758113,798658.5460320024
0.0,0.608323861287565,-0.49704787224107067,0.6161616161616161,0.0,13.577803866311896,788433.9114304563
0.0,0.67573498880583,-0.39195430819613525,0.6262626262626262,0.0,13.564962788831913,778374.2968608345
0.0,0.750616249262273,-0.2868607441511999,0.6363636363636362,0.0,13.552166471188666,768477.428893092
0.0,0.833795441985706,-0.18176718010626372,0.6464646464646464,0.0,13.539415817016357,758741.0435102761
0.0,0.926192098504948,-0.07667361606132911,0.6565656565656565,0.0,13.52671171152759,749162.8870313179
0.0,1.02882764781018,0.028419947983610284,0.666666666666667,0.0,13.514055021343188,739740.7169952171
0.0,1.142836708073,0.1335135120285407,0.6767676767676766,0.0,13.501446594336986,730472.3030069522
0.0,1.2694796296533,0.23860707607348014,0.686868686868687,0.0,13.488887259495504,721355.4275455247
0.0,1.41015642805352,0.3437006401184105,0.6969696969696967,0.0,13.47637782679235,712387.8867345734
0.0,1.56642226084696,0.44879420416335164,0.7070707070707073,0.0,13.463919087077183,703567.4910760237
0.0,1.74000461967455,0.5538877682082868,0.7171717171717173,0.0,13.451511811979106,694892.0661473218
0.0,1.93282242736499,0.6589813322532224,0.7272727272727274,0.0,13.439156753824241,686359.4532627836
0.0,2.14700725129329,0.7640748962981553,0.7373737373737373,0.0,13.426854645567337,677967.5100996636
0.0,2.38492686748792,0.8691684603430914,0.7474747474747475,0.0,13.414606200737168,669714.111289564
0.0,2.64921143598352,0.9742620243880249,0.7575757575757573,0.0,13.402412113395497,661597.1489758291
0.0,2.94278257678333,1.0793555884329629,0.7676767676767676,0.0,13.390273058109372,653614.5333376084
0.0,3.26888566786082,1.184449152477898,0.7777777777777777,0.0,13.378189689936494,645764.1930812808
0.0,3.63112572224959,1.289542716522833,0.7878787878787878,0.0,13.366162644423397,638044.0758999584
0.0,4.0335072408363,1.3946362805677694,0.797979797979798,0.0,13.354192537616186,630452.1489018262
0.0,4.48047848142245,1.4997298446127043,0.808080808080808,0.0,13.342279966083506,622986.3990080365
0.0,4.97698063344183,1.6048234086576407,0.8181818181818182,0.0,13.330425506951523,615644.8333209655
0.0,5.52850244195146,1.7099169727025751,0.8282828282828283,0.0,13.318629717950556,608425.4794635861
0.0,6.14114088475497,1.8150105367475111,0.8383838383838383,0.0,13.306893137473086,601326.3858907426
0.0,6.8216685734332,1.9201041007924453,0.8484848484848483,0.0,13.295216284642851,594345.6221731491
0.0,7.57760862338904,2.0251976648373815,0.8585858585858586,0.0,13.283599659394676,587481.2792548828
0.0,8.41731782058148,2.1302912288823177,0.8686868686868686,0.0,13.272043742564746,580731.4696851962
0.0,9.35007900434302,2.2353847929272526,0.8787878787878787,0.0,13.260548995990995,574094.3278254475
0.0,10.3862036875563,2.3404783569721936,0.8888888888888893,0.0,13.249115862623288,567568.0100319596
0.0,11.5371460486378,2.445571921017128,0.8989898989898993,0.0,13.23774476664306,561150.6948156068
0.0,12.8156295554912,2.550665485062058,0.909090909090909,0.0,13.226436113592092,554840.5829789422
0.0,14.2357876212352,2.6557590491069942,0.919191919191919,0.0,13.215190290510092,548635.8977316503
0.0,15.8133198466305,2.7608526131519304,0.9292929292929293,0.0,13.204007666080749,542534.8847851316
0.0,17.5656655764397,2.865946177196865,0.9393939393939392,0.0,13.192888590785925,536535.8124269948
0.0,19.5121966883548,2.9710397412417997,0.9494949494949493,0.0,13.181833397067667,530636.971576239
0.0,21.6744317457404,3.0761333052867346,0.9595959595959593,0.0,13.170842399497689,524836.675819892
0.0,24.0762738816144,3.1812268693316703,0.9696969696969694,0.0,13.159915894954013,519133.2614318661
0.0,26.744275043632,3.2863204333766105,0.97979797979798,0.0,13.149054162804436,513525.0873747779
0.0,29.707929521255,3.3914139974215445,0.98989898989899,0.0,13.138257465096496,508010.5352854683
0.0,33.0,3.4965075614664802,1.0,0.0,13.127526046753605,502588.0094449411
0.8163265306122449,0.001,-6.907755278982137,0.0,0.020408163265306124,14.401300023514555,1796408.6287026778
0.8163265306122449,0.001110814537795,-6.802661714937222,0.010101010101008117,0.020408163265306124,14.387945624903365,1772578.1468428778
0.8163265306122449,0.0012339089373767,-6.697568150892323,0.020202020202014698,0.020408163265306124,14.374561343767152,1749011.5255394306
0.8163265306122449,0.0013706439859533,-6.592474586847349,0.030303030303028534,0.020408163265306124,14.361148391865589,1725708.746956818
0.8163265306122449,0.0015225312657382,-6.487381022802441,0.04040404040403597,0.020408163265306124,14.34770799251445,1702669.7060110965
0.8163265306122449,0.0016912498642295,-6.382287458757476,0.05050505050504887,0.020408163265306124,14.334241380078527,1679894.2115453172
0.8163265306122449,0.00187866493623,-6.277193894712534,0.06060606060605963,0.020408163265306124,14.320749799453594,1657381.9875683472
0.8163265306122449,0.00208684832281,-6.172100330667619,0.07070707070706775,0.020408163265306124,14.307234505537723,1635132.6745543673
0.8163265306122449,0.0023181014551505,-6.067006766622687,0.08080808080807748,0.020408163265306124,14.29369676269256,1613145.830800811
0.8163265306122449,0.002574980796465,-5.961913202577741,0.0909090909090886,0.020408163265306124,14.280137844195085,1591420.9338421887
0.8163265306122449,0.0028603261032564,-5.856819638532781,0.10101010101010106,0.020408163265306124,14.266559031680373,1569957.3819171854
0.8163265306122449,0.0031772918183317,-5.751726074487876,0.11111111111110823,0.020408163265306124,14.252961614575968,1548754.4954864532
0.8163265306122449,0.0035293819426201,-5.646632510442922,0.1212121212121201,0.020408163265306124,14.239346889528365,1527811.5187982789
0.8163265306122449,0.0039204887712936,-5.541538946397998,0.13131313131312908,0.020408163265306124,14.225716159822376,1507127.6214996707
0.8163265306122449,0.0043549359224151,-5.436445382353058,0.14141414141413966,0.020408163265306124,14.212070734793762,1486701.9002897372
0.8163265306122449,0.0048375261337845,-5.331351818308116,0.15151515151515035,0.020408163265306124,14.198411929235968,1466533.3806128718
0.8163265306122449,0.0053735943563712,-5.2262582542631755,0.16161616161616094,0.020408163265306124,14.184741062801463,1446621.0183887284
0.8163265306122449,0.0059690667312704,-5.121164690218244,0.17171717171717069,0.020408163265306124,14.171059459398403,1426963.7017762286
0.8163265306122449,0.0066305261021638,-5.016071126173304,0.18181818181818118,0.020408163265306124,14.157368446583243,1407560.2529687025
0.8163265306122449,0.0073652847875129,-4.910977562128371,0.19191919191919102,0.020408163265306124,14.143669354949992,1388409.430017367
0.8163265306122449,0.0081814654169699,-4.80588399808343,0.20202020202020168,0.020408163265306124,14.129963517516746,1369509.928680197
0.8163265306122449,0.0090880907256374,-4.700790434038493,0.21212121212121193,0.020408163265306124,14.116252269110221,1350860.384293428
0.8163265306122449,0.0100951832988382,-4.595696869993551,0.22222222222222263,0.020408163265306124,14.102536945748929,1332459.3736627873
0.8163265306122449,0.0112138763700549,-4.490603305948624,0.23232323232323193,0.020408163265306124,14.088818884025693,1314305.4169716802
0.8163265306122449,0.0124565368968931,-4.385509741903686,0.24242424242424226,0.020408163265306124,14.0750994204902,1296396.9797035246
0.8163265306122449,0.013836902275649,-4.280416177858747,0.2525252525252527,0.020408163265306124,14.061379891032251,1278732.4745754905
0.8163265306122449,0.0153702322058399,-4.175322613813814,0.26262626262626254,0.020408163265306124,14.047661630266393,1261310.2634809036
0.8163265306122449,0.0170734773835322,-4.07022904976888,0.2727272727272725,0.020408163265306124,14.033945970918621,1244128.6594376522
0.8163265306122449,0.0189654668883421,-3.9651354857239447,0.2828282828282826,0.020408163265306124,14.020234243215807,1227185.9285399707
0.8163265306122449,0.0210671163356406,-3.8600419216790063,0.292929292929293,0.020408163265306124,14.00652777427853,1210480.291911012
0.8163265306122449,0.0234016590950486,-3.7549483576340705,0.3030303030303031,0.020408163265306124,13.992827887517954,1194009.9276536964
0.8163265306122449,0.0259949031313031,-3.649854793589135,0.3131313131313132,0.020408163265306124,13.979135902037402,1177772.9727973635
0.8163265306122449,0.0288755163068248,-3.5447612295442013,0.32323232323232315,0.020408163265306124,13.965453132039277,1161767.5252378767
0.8163265306122449,0.0320753432999582,-3.4396676654992664,0.33333333333333315,0.020408163265306124,13.95178088623792,1145991.6456687897
0.8163265306122449,0.0356297576423598,-3.3345741014543298,0.34343434343434337,0.020408163265306124,13.938120467279047,1130443.3595013833
0.8163265306122449,0.0395780527672466,-3.229480537409394,0.3535353535353535,0.020408163265306124,13.924473171166364,1115120.6587713803
0.8163265306122449,0.0439638763914761,-3.1243869733644574,0.3636363636363637,0.020408163265306124,13.91084028669589,1100021.5040302104
0.8163265306122449,0.048835713033475,-3.019293409319523,0.3737373737373737,0.020408163265306124,13.89722309489862,1085143.8262188553
0.8163265306122449,0.0542474200011699,-2.914199845274587,0.3838383838383838,0.020408163265306124,13.883622868492028,1070485.5285223206
0.8163265306122449,0.060258822775172,-2.8091062812296523,0.3939393939393938,0.020408163265306124,13.870040871340938,1056044.4882028748
0.8163265306122449,0.0669363763690749,-2.7040127171847166,0.404040404040404,0.020408163265306124,13.856478357928316,1041818.5584103299
0.8163265306122449,0.0743538999780876,-2.5989191531397813,0.4141414141414141,0.020408163265306124,13.842936572836395,1027805.5699676538
0.8163265306122449,0.0825933930374168,-2.493825589094845,0.42424242424242425,0.020408163265306124,13.829416750238682,1014003.3331303705
0.8163265306122449,0.0917459417117808,-2.38873202504991,0.4343434343434343,0.020408163265306124,13.815920113403218,1000409.639318223
0.8163265306122449,0.101912725837141,-2.283638461004973,0.44444444444444453,0.020408163265306124,13.80244787420757,987022.2628177322
0.8163265306122449,0.113206137446215,-2.1785448969600347,0.4545454545454549,0.020408163265306124,13.789001232665912,973838.9624543104
0.8163265306122449,0.125751023242877,-2.0734513329151003,0.46464646464646486,0.020408163265306124,13.775581376468613,960857.4832327506
0.8163265306122449,0.139686064760787,-1.9683577688701692,0.47474747474747453,0.020408163265306124,13.762189480534634,948075.5579449236
0.8163265306122449,0.155165311463659,-1.8632642048252352,0.48484848484848453,0.020408163265306124,13.748826706577102,935490.9087436827
0.8163265306122449,0.172359883735326,-1.7581706407802946,0.49494949494949514,0.020408163265306124,13.735494202682357,923101.2486820124
0.8163265306122449,0.19145986458586,-1.6530770767353593,0.5050505050505052,0.020408163265306124,13.722193102902743,910904.2832165791
0.8163265306122449,0.212676400986239,-1.5479835126904273,0.5151515151515149,0.020408163265306124,13.708924526863385,898897.7116748851
0.8163265306122449,0.236244038061438,-1.442889948645492,0.5252525252525251,0.020408163265306124,13.695689579383211,887079.2286853808
0.8163265306122449,0.262423311946047,-1.3377963846005527,0.5353535353535355,0.020408163265306124,13.68248935011042,875446.5255699216
0.8163265306122449,0.291503629965987,-1.2327028205556183,0.5454545454545455,0.020408163265306124,13.669324913172542,863997.2916980502
0.8163265306122449,0.323806469986239,-1.1276092565106834,0.5555555555555556,0.020408163265306124,13.656197326841298,852729.215802678
0.8163265306122449,0.359688934292802,-1.0225156924657481,0.5656565656565656,0.020408163265306124,13.643107633212336,841639.9872568029
0.8163265306122449,0.399547697296443,-0.9174221284208132,0.5757575757575757,0.020408163265306124,13.630056857900021,830727.2973110166
0.8163265306122449,0.443823390699414,-0.8123285643758777,0.5858585858585857,0.020408163265306124,13.617046009747279,819988.8402915504
0.8163265306122449,0.49300547460239,-0.707235000330941,0.5959595959595959,0.020408163265306124,13.604076080550637,809422.3147587772
0.8163265306122449,0.547637648400869,-0.6021414362860068,0.606060606060606,0.020408163265306124,13.591148044800445,799025.4246260787
0.8163265306122449,0.608323861287565,-0.49704787224107067,0.6161616161616161,0.020408163265306124,13.578262859436316,788795.880239105
0.8163265306122449,0.67573498880583,-0.39195430819613525,0.6262626262626262,0.020408163265306124,13.565421463617787,778731.3994154847
0.8163265306122449,0.750616249262273,-0.2868607441511999,0.6363636363636362,0.020408163265306124,13.55262477851014,768829.7084451233
0.8163265306122449,0.833795441985706,-0.18176718010626372,0.6464646464646464,0.020408163265306124,13.539873707085391,759088.5430512911
0.8163265306122449,0.926192098504948,-0.07667361606132911,0.6565656565656565,0.020408163265306124,13.527169133938326,749505.6493127362
0.8163265306122449,1.02882764781018,0.028419947983610284,0.666666666666667,0.020408163265306124,13.514511925117533,740078.7845471385
0.8163265306122449,1.142836708073,0.1335135120285407,0.6767676767676766,0.020408163265306124,13.501902927971313,730805.7181562461
0.8163265306122449,1.2694796296533,0.23860707607348014,0.686868686868687,0.020408163265306124,13.489342971008334,721684.2324330953
0.8163265306122449,1.41015642805352,0.3437006401184105,0.6969696969696967,0.020408163265306124,13.476832863772923,712712.1233317768
0.8163265306122449,1.56642226084696,0.44879420416335164,0.7070707070707073,0.020408163265306124,13.464373396734809,703887.2012002103
0.8163265306122449,1.74000461967455,0.5538877682082868,0.7171717171717173,0.020408163265306124,13.451965341193143,695207.2914764665
0.8163265306122449,1.93282242736499,0.6589813322532224,0.7272727272727274,0.020408163265306124,13.439609449194641,686670.2353492046
0.8163265306122449,2.14700725129329,0.7640748962981553,0.7373737373737373,0.020408163265306124,13.427306453465613,678273.8903828054
0.8163265306122449,2.38492686748792,0.8691684603430914,0.7474747474747475,0.020408163265306124,13.415057067357683,670016.1311078434
0.8163265306122449,2.64921143598352,0.9742620243880249,0.7575757575757573,0.020408163265306124,13.402861984806966,661894.8495775368
0.8163265306122449,2.94278257678333,1.0793555884329629,0.7676767676767676,0.020408163265306124,13.390721880306476,653907.9558908718
0.8163265306122449,3.26888566786082,1.184449152477898,0.7777777777777777,0.020408163265306124,13.378637408891493,646053.3786830894
0.8163265306122449,3.63112572224959,1.289542716522833,0.7878787878787878,0.020408163265306124,13.366609206137648,638329.0655842646
0.8163265306122449,4.0335072408363,1.3946362805677694,0.797979797979798,0.020408163265306124,13.354637888171453,630732.9836467224
0.8163265306122449,4.48047848142245,1.4997298446127043,0.808080808080808,0.020408163265306124,13.342724051692997,623263.1197420447
0.8163265306122449,4.97698063344183,1.6048234086576407,0.8181818181818182,0.020408163265306124,13.33086827401051,615917.4809284318
0.8163265306122449,5.52850244195146,1.7099169727025751,0.8282828282828283,0.020408163265306124,13.319071113086538,608694.0947892173
0.8163265306122449,6.14114088475497,1.8150105367475111,0.8383838383838383,0.020408163265306124,13.30733310759538,601591.0097433071
0.8163265306122449,6.8216685734332,1.9201041007924453,0.8484848484848483,0.020408163265306124,13.295654776991517,594606.2953283503
0.8163265306122449,7.57760862338904,2.0251976648373815,0.8585858585858586,0.020408163265306124,13.284036621588735,587738.042457455
0.8163265306122449,8.41731782058148,2.1302912288823177,0.8686868686868686,0.020408163265306124,13.272479122649575,580984.3636502337
0.8163265306122449,9.35007900434302,2.2353847929272526,0.8787878787878787,0.020408163265306124,13.260982742484838,574343.3932389974
0.8163265306122449,10.3862036875563,2.3404783569721936,0.8888888888888893,0.020408163265306124,13.249547924562822,567813.2875509163
0.8163265306122449,11.5371460486378,2.445571921017128,0.8989898989898993,0.020408163265306124,13.238175093627943,561392.2250669372
0.8163265306122449,12.8156295554912,2.550665485062058,0.909090909090909,0.020408163265306124,13.226864655828422,555078.4065582632
0.8163265306122449,14.2357876212352,2.6557590491069942,0.919191919191919,0.020408163265306124,13.21561699885274,548870.0552012083
0.8163265306122449,15.8133198466305,2.7608526131519304,0.9292929292929293,0.020408163265306124,13.204432492074488,542765.4166712005
0.8163265306122449,17.5656655764397,2.865946177196865,0.9393939393939392,0.020408163265306124,13.19331148670533,536762.7592167382
0.8163265306122449,19.5121966883548,2.9710397412417997,0.9494949494949493,0.020408163265306124,13.18225431595571,530860.3737140608
0.8163265306122449,21.6744317457404,3.0761333052867346,0.9595959595959593,0.020408163265306124,13.17126129520301,525056.573703312
0.8163265306122449,24.0762738816144,3.1812268693316703,0.9696969696969694,0.020408163265306124,13.160332722166824,519349.6954069581
0.8163265306122449,26.744275043632,3.2863204333766105,0.97979797979798,0.020408163265306124,13.149468877091008,513738.0977311915
0.8163265306122449,29.707929521255,3.3914139974215445,0.98989898989899,0.020408163265306124,13.13867002293222,508220.1622510815
0.8163265306122449,33.0,3.4965075614664802,1.0,0.020408163265306124,13.127936405554589,502794.2931801643
1.6326530612244898,0.001,-6.907755278982137,0.0,0.04081632653061225,14.401657051604195,1797050.1115504804
1.6326530612244898,0.001110814537795,-6.802661714937222,0.010101010101008117,0.04081632653061225,14.38830529786488,1773215.8099426837
1.6326530612244898,0.0012339089373767,-6.697568150892323,0.020202020202014698,0.04081632653061225,14.374923657491218,1749645.3312300004
1.6326530612244898,0.0013706439859533,-6.592474586847349,0.030303030303028534,0.04081632653061225,14.361513342516117,1726338.6604233156
1.6326530612244898,0.0015225312657382,-6.487381022802441,0.04040404040403597,0.04081632653061225,14.348075576468357,1703295.6951185556
1.6326530612244898,0.0016912498642295,-6.382287458757476,0.05050505050504887,0.04081632653061225,14.334611593864475,1680516.2466772504
1.6326530612244898,0.00187866493623,-6.277193894712534,0.06060606060605963,0.04081632653061225,14.321122639689865,1658000.0414707044
1.6326530612244898,0.00208684832281,-6.172100330667619,0.07070707070706775,0.04081632653061225,14.307609968869372,1635746.722185014
1.6326530612244898,0.0023181014551505,-6.067006766622687,0.08080808080807748,0.04081632653061225,14.294074845728018,1613755.8491846898
1.6326530612244898,0.002574980796465,-5.961913202577741,0.0909090909090886,0.04081632653061225,14.280518543442358,1592026.9019322763
1.6326530612244898,0.0028603261032564,-5.856819638532781,0.10101010101010106,0.04081632653061225,14.26694234348301,1570559.2804613486
1.6326530612244898,0.0031772918183317,-5.751726074487876,0.11111111111110823,0.04081632653061225,14.253347535048942,1549352.306900284
1.6326530612244898,0.0035293819426201,-5.646632510442922,0.1212121212121201,0.04081632653061225,14.23973541449406,1528405.227043978
1.6326530612244898,0.0039204887712936,-5.541538946397998,0.13131313131312908,0.04081632653061225,14.226107284746801,1507717.2119709768
1.6326530612244898,0.0043549359224151,-5.436445382353058,0.14141414141413966,0.04081632653061225,14.212464454723193,1487287.35970296
1.6326530612244898,0.0048375261337845,-5.331351818308116,0.15151515151515035,0.04081632653061225,14.19880823873415,1467114.6969039852
1.6326530612244898,0.0053735943563712,-5.2262582542631755,0.16161616161616094,0.04081632653061225,14.185139955887552,1447198.180616513
1.6326530612244898,0.0059690667312704,-5.121164690218244,0.17171717171717069,0.04081632653061225,14.171460929485782,1427536.7000314007
1.6326530612244898,0.0066305261021638,-5.016071126173304,0.18181818181818118,0.04081632653061225,14.157772486419391,1408129.0782889868
1.6326530612244898,0.0073652847875129,-4.910977562128371,0.19191919191919102,0.04081632653061225,14.144075956557534,1388974.0743083982
1.6326530612244898,0.0081814654169699,-4.80588399808343,0.20202020202020168,0.04081632653061225,14.13037267213585,1370070.38464218
1.6326530612244898,0.0090880907256374,-4.700790434038493,0.21212121212121193,0.04081632653061225,14.116663967142479,1351416.645353431
1.6326530612244898,0.0100951832988382,-4.595696869993551,0.22222222222222263,0.04081632653061225,14.10295117670285,1333011.4339125298
1.6326530612244898,0.0112138763700549,-4.490603305948624,0.23232323232323193,0.04081632653061225,14.089235636463979,1314853.2711106995
1.6326530612244898,0.0124565368968931,-4.385509741903686,0.24242424242424226,0.04081632653061225,14.075518681978878,1296940.6229875342
1.6326530612244898,0.013836902275649,-4.280416177858747,0.2525252525252527,0.04081632653061225,14.061801648091839,1279271.9027697952
1.6326530612244898,0.0153702322058399,-4.175322613813814,0.26262626262626254,0.04081632653061225,14.048085868325193,1261845.4728186852
1.6326530612244898,0.0170734773835322,-4.07022904976888,0.2727272727272725,0.04081632653061225,14.034372674268251,1244659.6465829452
1.6326530612244898,0.0189654668883421,-3.9651354857239447,0.2828282828282826,0.04081632653061225,14.020663394969088,1227712.6905551415
1.6326530612244898,0.0210671163356406,-3.8600419216790063,0.292929292929293,0.04081632653061225,14.006959356329807,1211002.826228531
1.6326530612244898,0.0234016590950486,-3.7549483576340705,0.3030303030303031,0.04081632653061225,13.993261880505974,1194528.2320520263
1.6326530612244898,0.0259949031313031,-3.649854793589135,0.3131313131313132,0.04081632653061225,13.979572285310812,1178287.045380747
1.6326530612244898,0.0288755163068248,-3.5447612295442013,0.32323232323232315,0.04081632653061225,13.965891883624813,1162277.3644197949
1.6326530612244898,0.0320753432999582,-3.4396676654992664,0.33333333333333315,0.04081632653061225,13.952221982811382,1146497.2501589172
1.6326530612244898,0.0356297576423598,-3.3345741014543298,0.34343434343434337,0.04081632653061225,13.938563884139109,1130944.7282958045
1.6326530612244898,0.0395780527672466,-3.229480537409394,0.3535353535353535,0.04081632653061225,13.924918882211252,1115617.7911458423
1.6326530612244898,0.0439638763914761,-3.1243869733644574,0.3636363636363637,0.04081632653061225,13.911288264403018,1100514.3995362327
1.6326530612244898,0.048835713033475,-3.019293409319523,0.3737373737373737,0.04081632653061225,13.897673310307187,1085632.4846824605
1.6326530612244898,0.0542474200011699,-2.914199845274587,0.3838383838383838,0.04081632653061225,13.884075291188614,1070969.9500451742
1.6326530612244898,0.060258822775172,-2.8091062812296523,0.3939393939393938,0.04081632653061225,13.870495469448139,1056524.6731656496
1.6326530612244898,0.0669363763690749,-2.7040127171847166,0.404040404040404,0.04081632653061225,13.856935098096395,1042294.507478061
1.6326530612244898,0.0743538999780876,-2.5989191531397813,0.4141414141414141,0.04081632653061225,13.843395420238004,1028277.2840969173
1.6326530612244898,0.0825933930374168,-2.493825589094845,0.42424242424242425,0.04081632653061225,13.8298776685666,1014470.8135780563
1.6326530612244898,0.0917459417117808,-2.38873202504991,0.4343434343434343,0.04081632653061225,13.81638306487114,1000872.8876517429
1.6326530612244898,0.101912725837141,-2.283638461004973,0.44444444444444453,0.04081632653061225,13.802912819553903,987481.2809264548
1.6326530612244898,0.113206137446215,-2.1785448969600347,0.4545454545454549,0.04081632653061225,13.78946813116057,974293.7525620658
1.6326530612244898,0.125751023242877,-2.0734513329151003,0.46464646464646486,0.04081632653061225,13.776050185922752,961308.0479112086
1.6326530612244898,0.139686064760787,-1.9683577688701692,0.47474747474747453,0.04081632653061225,13.762660157313324,948521.9001277022
1.6326530612244898,0.155165311463659,-1.8632642048252352,0.48484848484848453,0.04081632653061225,13.74929920561486,935933.0317410162
1.6326530612244898,0.172359883735326,-1.7581706407802946,0.49494949494949514,0.04081632653061225,13.735968477501508,923539.1561958343
1.6326530612244898,0.19145986458586,-1.6530770767353593,0.5050505050505052,0.04081632653061225,13.722669105634527,911337.9793558683
1.6326530612244898,0.212676400986239,-1.5479835126904273,0.5151515151515149,0.04081632653061225,13.70940220827177,899327.200971152
1.6326530612244898,0.236244038061438,-1.442889948645492,0.5252525252525251,0.04081632653061225,13.69616888889133,887504.5161081553
1.6326530612244898,0.262423311946047,-1.3377963846005527,0.5353535353535355,0.04081632653061225,13.682970235829542,875867.6165421263
1.6326530612244898,0.291503629965987,-1.2327028205556183,0.5454545454545455,0.04081632653061225,13.669807321933517,864414.192111145
1.6326530612244898,0.323806469986239,-1.1276092565106834,0.5555555555555556,0.04081632653061225,13.656681204228368,853141.9320314719
1.6326530612244898,0.359688934292802,-1.0225156924657481,0.5656565656565656,0.04081632653061225,13.643592923599252,842048.5261738491
1.6326530612244898,0.399547697296443,-0.9174221284208132,0.5757575757575757,0.04081632653061225,13.630543504488317,831131.6663004716
1.6326530612244898,0.443823390699414,-0.8123285643758777,0.5858585858585857,0.04081632653061225,13.617533954606666,820389.0472624518
1.6326530612244898,0.49300547460239,-0.707235000330941,0.5959595959595959,0.04081632653061225,13.604565264661368,809818.3681576444
1.6326530612244898,0.547637648400869,-0.6021414362860068,0.606060606060606,0.04081632653061225,13.591638408097564,799417.3334487788
1.6326530612244898,0.608323861287565,-0.49704787224107067,0.6161616161616161,0.04081632653061225,13.57875434085568,789183.6540419166
1.6326530612244898,0.67573498880583,-0.39195430819613525,0.6262626262626262,0.04081632653061225,13.565914001143735,779115.0483253179
1.6326530612244898,0.750616249262273,-0.2868607441511999,0.6363636363636362,0.04081632653061225,13.553118309224738,769209.2431688545
1.6326530612244898,0.833795441985706,-0.18176718010626372,0.6464646464646464,0.04081632653061225,13.540368167219079,759463.9748841568
1.6326530612244898,0.926192098504948,-0.07667361606132911,0.6565656565656565,0.04081632653061225,13.527664458921894,749876.9901457699
1.6326530612244898,1.02882764781018,0.028419947983610284,0.666666666666667,0.04081632653061225,13.515008049635298,740446.0468736192
1.6326530612244898,1.142836708073,0.1335135120285407,0.6767676767676766,0.04081632653061225,13.502399786015367,731168.9150771365
1.6326530612244898,1.2694796296533,0.23860707607348014,0.686868686868687,0.04081632653061225,13.48984049593376,722043.3776614616
1.6326530612244898,1.41015642805352,0.3437006401184105,0.6969696969696967,0.04081632653061225,13.477330988353863,713067.2311961775
1.6326530612244898,1.56642226084696,0.44879420416335164,0.7070707070707073,0.04081632653061225,13.464872053221233,704238.2866470427
1.6326530612244898,1.74000461967455,0.5538877682082868,0.7171717171717173,0.04081632653061225,13.45246446136826,695554.3700712903
1.6326530612244898,1.93282242736499,0.6589813322532224,0.7272727272727274,0.04081632653061225,13.440108964432778,687013.3232770263
1.6326530612244898,2.14700725129329,0.7640748962981553,0.7373737373737373,0.04081632653061225,13.42780629479048,678613.0044473484
1.6326530612244898,2.38492686748792,0.8691684603430914,0.7474747474747475,0.04081632653061225,13.41555716550091,670351.2887298098
1.6326530612244898,2.64921143598352,0.9742620243880249,0.7575757575757573,0.04081632653061225,13.403362270266785,662226.0687918792
1.6326530612244898,2.94278257678333,1.0793555884329629,0.7676767676767676,0.04081632653061225,13.391222283406446,654235.2553430952
1.6326530612244898,3.26888566786082,1.184449152477898,0.7777777777777777,0.04081632653061225,13.379137859839165,646376.7776246022
1.6326530612244898,3.63112572224959,1.289542716522833,0.7878787878787878,0.04081632653061225,13.367109635083064,638648.5838668143
1.6326530612244898,4.0335072408363,1.3946362805677694,0.797979797979798,0.04081632653061225,13.355138225265373,631048.6417159348
1.6326530612244898,4.48047848142245,1.4997298446127043,0.808080808080808,0.04081632653061225,13.343224227144745,623574.9386300953
1.6326530612244898,4.97698063344183,1.6048234086576407,0.8181818181818182,0.04081632653061225,13.331368218145375,616225.4822458931
1.6326530612244898,5.52850244195146,1.7099169727025751,0.8282828282828283,0.04081632653061225,13.319570756402598,608998.3007161042
1.6326530612244898,6.14114088475497,1.8150105367475111,0.8383838383838383,0.04081632653061225,13.307832380819683,601891.4430193579
1.6326530612244898,6.8216685734332,1.9201041007924453,0.8484848484848483,0.04081632653061225,13.296153611135537,594902.9792425904
1.6326530612244898,7.57760862338904,2.0251976648373815,0.8585858585858586,0.04081632653061225,13.28453494800299,588031.0008370616
1.6326530612244898,8.41731782058148,2.1302912288823177,0.8686868686868686,0.04081632653061225,13.272976873077369,581273.6208487572
1.6326530612244898,9.35007900434302,2.2353847929272526,0.8787878787878787,0.04081632653061225,13.261479849115016,574628.9741239701
1.6326530612244898,10.3862036875563,2.3404783569721936,0.8888888888888893,0.04081632653061225,13.250044320081493,568095.2174908883
1.6326530612244898,11.5371460486378,2.445571921017128,0.8989898989898993,0.04081632653061225,13.238670711269076,561670.5299179758
1.6326530612244898,12.8156295554912,2.550665485062058,0.909090909090909,0.04081632653061225,13.227359429423293,555353.1126499678
1.6326530612244898,14.2357876212352,2.6557590491069942,0.919191919191919,0.04081632653061225,13.216110862878118,549141.1893222628
1.6326530612244898,15.8133198466305,2.7608526131519304,0.9292929292929293,0.04081632653061225,13.204925381699553,543033.0060545198
1.6326530612244898,17.5656655764397,2.865946177196865,0.9393939393939392,0.04081632653061225,13.193803337837233,537026.8315242303
1.6326530612244898,19.5121966883548,2.9710397412417997,0.9494949494949493,0.04081632653061225,13.182745065283754,531120.9570210578
1.6326530612244898,21.6744317457404,3.0761333052867346,0.9595959595959593,0.04081632653061225,13.171750880241401,525313.696482703
1.6326530612244898,24.0762738816144,3.1812268693316703,0.9696969696969694,0.04081632653061225,13.160821081295932,519603.38651305117
1.6326530612244898,26.744275043632,3.2863204333766105,0.97979797979798,0.04081632653061225,13.149955949597146,513988.38638336415
1.6326530612244898,29.707929521255,3.3914139974215445,0.98989898989899,0.04081632653061225,13.139155749045857,508467.0780172264
1.6326530612244898,33.0,3.4965075614664802,1.0,0.04081632653061225,13.128420726487008,503037.8659599888
2.4489795918367347,0.001,-6.907755278982137,0.0,0.061224489795918366,14.40194942897535,1797575.6051554047
2.4489795918367347,0.001110814537795,-6.802661714937222,0.010101010101008117,0.061224489795918366,14.388601921771535,1773741.8661601392
2.4489795918367347,0.0012339089373767,-6.697568150892323,0.020202020202014698,0.061224489795918366,14.375224532036624,1750171.8341753513
2.4489795918367347,0.0013706439859533,-6.592474586847349,0.030303030303028534,0.061224489795918366,14.361818471655445,1726865.4970254707
2.4489795918367347,0.0015225312657382,-6.487381022802441,0.04040404040403597,0.061224489795918366,14.348384963945293,1703822.7550048034
2.4489795918367347,0.0016912498642295,-6.382287458757476,0.05050505050504887,0.061224489795918366,14.334925243147065,1681043.4220621714
2.4489795918367347,0.00187866493623,-6.277193894712534,0.06060606060605963,0.061224489795918366,14.321440553905799,1658527.2270493617
2.4489795918367347,0.00208684832281,-6.172100330667619,0.07070707070706775,0.061224489795918366,14.307932150740823,1636273.8150305091
2.4489795918367347,0.0023181014551505,-6.067006766622687,0.08080808080807748,0.061224489795918366,14.294401297506225,1614282.7486502025
2.4489795918367347,0.002574980796465,-5.961913202577741,0.0909090909090886,0.061224489795918366,14.28084926684211,1592553.5095577103
2.4489795918367347,0.0028603261032564,-5.856819638532781,0.10101010101010106,0.061224489795918366,14.267277339617182,1571085.4998846077
2.4489795918367347,0.0031772918183317,-5.751726074487876,0.11111111111110823,0.061224489795918366,14.25368680436327,1549878.0437732493
2.4489795918367347,0.0035293819426201,-5.646632510442922,0.1212121212121201,0.061224489795918366,14.240078956702284,1528930.3889532138
2.4489795918367347,0.0039204887712936,-5.541538946397998,0.13131313131312908,0.061224489795918366,14.22645509876637,1508241.7083631584
2.4489795918367347,0.0043549359224151,-5.436445382353058,0.14141414141413966,0.061224489795918366,14.212816538611676,1487811.1018150253
2.4489795918367347,0.0048375261337845,-5.331351818308116,0.15151515151515035,0.061224489795918366,14.199164589626516,1467637.5976979788
2.4489795918367347,0.0053735943563712,-5.2262582542631755,0.16161616161616094,0.061224489795918366,14.185500569934478,1447720.1547190691
2.4489795918367347,0.0059690667312704,-5.121164690218244,0.17171717171717069,0.061224489795918366,14.171825801793142,1428057.6636778063
2.4489795918367347,0.0066305261021638,-5.016071126173304,0.18181818181818118,0.061224489795918366,14.158141610989084,1408648.9492717553
2.4489795918367347,0.0073652847875129,-4.910977562128371,0.19191919191919102,0.061224489795918366,14.144449326229791,1389492.7719302508
2.4489795918367347,0.0081814654169699,-4.80588399808343,0.20202020202020168,0.061224489795918366,14.13075027853317,1370587.8296733287
2.4489795918367347,0.0090880907256374,-4.700790434038493,0.21212121212121193,0.061224489795918366,14.117045800615335,1351932.7599930537
2.4489795918367347,0.0100951832988382,-4.595696869993551,0.22222222222222263,0.061224489795918366,14.103337226277297,1333526.1417543034
2.4489795918367347,0.0112138763700549,-4.490603305948624,0.23232323232323193,0.061224489795918366,14.08962588979129,1315366.4971122395
2.4489795918367347,0.0124565368968931,-4.385509741903686,0.24242424242424226,0.061224489795918366,14.075913125287352,1297452.2934436197
2.4489795918367347,0.013836902275649,-4.280416177858747,0.2525252525252527,0.061224489795918366,14.06220026614088,1279781.9452891946
2.4489795918367347,0.0153702322058399,-4.175322613813814,0.26262626262626254,0.061224489795918366,14.048488644361782,1262353.81630443
2.4489795918367347,0.0170734773835322,-4.07022904976888,0.2727272727272725,0.061224489795918366,14.03477958998591,1245166.221215875
2.4489795918367347,0.0189654668883421,-3.9651354857239447,0.2828282828282826,0.061224489795918366,14.02107443046944,1228217.4277805458
2.4489795918367347,0.0210671163356406,-3.8600419216790063,0.292929292929293,0.061224489795918366,14.007374490086846,1211505.6587457235
2.4489795918367347,0.0234016590950486,-3.7549483576340705,0.3030303030303031,0.061224489795918366,13.993681089333084,1195029.0938066333
2.4489795918367347,0.0259949031313031,-3.649854793589135,0.3131313131313132,0.061224489795918366,13.979995544330643,1178785.8715595473
2.4489795918367347,0.0288755163068248,-3.5447612295442013,0.32323232323232315,0.061224489795918366,13.966319166242094,1162774.0914479257
2.4489795918367347,0.0320753432999582,-3.4396676654992664,0.33333333333333315,0.061224489795918366,13.952653260688706,1146991.8156992455
2.4489795918367347,0.0356297576423598,-3.3345741014543298,0.34343434343434337,0.061224489795918366,13.938999127175753,1131437.071250274
2.4489795918367347,0.0395780527672466,-3.229480537409394,0.3535353535353535,0.061224489795918366,13.925358058525095,1116107.8516586241
2.4489795918367347,0.0439638763914761,-3.1243869733644574,0.3636363636363637,0.061224489795918366,13.911731340315567,1101002.1189984751
2.4489795918367347,0.048835713033475,-3.019293409319523,0.3737373737373737,0.061224489795918366,13.898120250331768,1086117.805738474
2.4489795918367347,0.0542474200011699,-2.914199845274587,0.3838383838383838,0.061224489795918366,13.884526058021724,1071452.8165998494
2.4489795918367347,0.060258822775172,-2.8091062812296523,0.3939393939393938,0.061224489795918366,13.870950023963994,1057005.0303929518
2.4489795918367347,0.0669363763690749,-2.7040127171847166,0.404040404040404,0.061224489795918366,13.857393399344677,1042772.3018304262
2.4489795918367347,0.0743538999780876,-2.5989191531397813,0.4141414141414141,0.061224489795918366,13.843857425444774,1028752.4633153585
2.4489795918367347,0.0825933930374168,-2.493825589094845,0.42424242424242425,0.061224489795918366,13.830343333138421,1014943.3267028594
2.4489795918367347,0.0917459417117808,-2.38873202504991,0.4343434343434343,0.061224489795918366,13.81685234240234,1001342.6850335618
2.4489795918367347,0.101912725837141,-2.283638461004973,0.44444444444444453,0.061224489795918366,13.80338566183698,987948.3142376711
2.4489795918367347,0.113206137446215,-2.1785448969600347,0.4545454545454549,0.061224489795918366,13.789944488199701,974757.9748082698
2.4489795918367347,0.125751023242877,-2.0734513329151003,0.46464646464646486,0.061224489795918366,13.776530005950358,961769.413442654
2.4489795918367347,0.139686064760787,-1.9683577688701692,0.47474747474747453,0.061224489795918366,13.763143386809654,948980.3646506281
2.4489795918367347,0.155165311463659,-1.8632642048252352,0.48484848484848453,0.061224489795918366,13.749785789330534,936388.5523286848
2.4489795918367347,0.172359883735326,-1.7581706407802946,0.49494949494949514,0.061224489795918366,13.73645835848295,923991.6912991923
2.4489795918367347,0.19145986458586,-1.6530770767353593,0.5050505050505052,0.061224489795918366,13.723162225252238,911787.4888137117
2.4489795918367347,0.212676400986239,-1.5479835126904273,0.5151515151515149,0.061224489795918366,13.709898506251355,899773.6460197031
2.4489795918367347,0.236244038061438,-1.442889948645492,0.5252525252525251,0.061224489795918366,13.696668303347193,887947.8593899505
2.4489795918367347,0.262423311946047,-1.3377963846005527,0.5353535353535355,0.061224489795918366,13.683472703301197,876307.8221141435
2.4489795918367347,0.291503629965987,-1.2327028205556183,0.5454545454545455,0.061224489795918366,13.670312777424382,864851.2254520755
2.4489795918367347,0.323806469986239,-1.1276092565106834,0.5555555555555556,0.061224489795918366,13.657189581246984,853575.7600480872
2.4489795918367347,0.359688934292802,-1.0225156924657481,0.5656565656565656,0.061224489795918366,13.644104154202799,842479.117206379
2.4489795918367347,0.399547697296443,-0.9174221284208132,0.5757575757575757,0.061224489795918366,13.631057519328362,831558.9901269667
2.4489795918367347,0.443823390699414,-0.8123285643758777,0.5858585858585857,0.061224489795918366,13.61805068297699,820813.0751020487
2.4489795918367347,0.49300547460239,-0.707235000330941,0.5959595959595959,0.061224489795918366,13.60508463454781,810239.0726727244
2.4489795918367347,0.547637648400869,-0.6021414362860068,0.606060606060606,0.061224489795918366,13.592160346229724,799834.6887459626
2.4489795918367347,0.608323861287565,-0.49704787224107067,0.6161616161616161,0.061224489795918366,13.579278772760413,789597.6356718891
2.4489795918367347,0.67573498880583,-0.39195430819613525,0.6262626262626262,0.061224489795918366,13.566440851200285,779525.6332814437
2.4489795918367347,0.750616249262273,-0.2868607441511999,0.6363636363636362,0.061224489795918366,13.5536475007214,769616.4098845733
2.4489795918367347,0.833795441985706,-0.18176718010626372,0.6464646464646464,0.061224489795918366,13.54089962241128,759867.7032291585
2.4489795918367347,0.926192098504948,-0.07667361606132911,0.6565656565656565,0.061224489795918366,13.528198099091567,750277.2614209417
2.4489795918367347,1.02882764781018,0.028419947983610284,0.666666666666667,0.061224489795918366,13.515543795151414,740842.8438047548
2.4489795918367347,1.142836708073,0.1335135120285407,0.6767676767676766,0.061224489795918366,13.50293755639553,731562.221807437
2.4489795918367347,1.2694796296533,0.23860707607348014,0.686868686868687,0.061224489795918366,13.490380209906718,722433.1797428194
2.4489795918367347,1.41015642805352,0.3437006401184105,0.6969696969696967,0.061224489795918366,13.477872563922814,713453.5155792634
2.4489795918367347,1.56642226084696,0.44879420416335164,0.7070707070707073,0.061224489795918366,13.46541540772783,704621.041670227
2.4489795918367347,1.74000461967455,0.5538877682082868,0.7171717171717173,0.061224489795918366,13.453009511557159,695933.5854484056
2.4489795918367347,1.93282242736499,0.6589813322532224,0.7272727272727274,0.061224489795918366,13.440655626516637,687388.9900840127
2.4489795918367347,2.14700725129329,0.7640748962981553,0.7373737373737373,0.061224489795918366,13.42835448451528,678985.1151078035
2.4489795918367347,2.38492686748792,0.8691684603430914,0.7474747474747475,0.061224489795918366,13.416106798211475,670719.8369994789
2.4489795918367347,2.64921143598352,0.9742620243880249,0.7575757575757573,0.061224489795918366,13.403913260972402,662591.0497421231
2.4489795918367347,2.94278257678333,1.0793555884329629,0.7676767676767676,0.061224489795918366,13.391774546846463,654596.6653433709
2.4489795918367347,3.26888566786082,1.184449152477898,0.7777777777777777,0.061224489795918366,13.379691310548452,646734.6143239987
2.4489795918367347,3.63112572224959,1.289542716522833,0.7878787878787878,0.061224489795918366,13.367664187457246,639002.8461746883
2.4489795918367347,4.0335072408363,1.3946362805677694,0.797979797979798,0.061224489795918366,13.355693793625711,631399.3297816836
2.4489795918367347,4.48047848142245,1.4997298446127043,0.808080808080808,0.061224489795918366,13.34378072580259,623922.05382212
2.4489795918367347,4.97698063344183,1.6048234086576407,0.8181818181818182,0.061224489795918366,13.331925561466058,616569.0271297876
2.4489795918367347,5.52850244195146,1.7099169727025751,0.8282828282828283,0.061224489795918366,13.320128858868696,609338.2790321268
2.4489795918367347,6.14114088475497,1.8150105367475111,0.8383838383838383,0.061224489795918366,13.30839115709356,602227.8596592316
2.4489795918367347,6.8216685734332,1.9201041007924453,0.8484848484848483,0.061224489795918366,13.296712976121064,595235.8402256749
2.4489795918367347,7.57760862338904,2.0251976648373815,0.8585858585858586,0.061224489795918366,13.285094816906362,588360.3132859464
2.4489795918367347,8.41731782058148,2.1302912288823177,0.8686868686868686,0.061224489795918366,13.273537161466939,581599.3929643269
2.4489795918367347,9.35007900434302,2.2353847929272526,0.8787878787878787,0.061224489795918366,13.262040472980084,574951.2151599912
2.4489795918367347,10.3862036875563,2.3404783569721936,0.8888888888888893,0.061224489795918366,13.25060519588995,568413.9377281591
2.4489795918367347,11.5371460486378,2.445571921017128,0.8989898989898993,0.061224489795918366,13.239231756023859,561985.7406380944
2.4489795918367347,12.8156295554912,2.550665485062058,0.909090909090909,0.061224489795918366,13.227920560717566,555664.8261087566
2.4489795918367347,14.2357876212352,2.6557590491069942,0.919191919191919,0.061224489795918366,13.21667199894914,549449.4187229052
2.4489795918367347,15.8133198466305,2.7608526131519304,0.9292929292929293,0.061224489795918366,13.205486441481149,543337.7655204412
2.4489795918367347,17.5656655764397,2.865946177196865,0.9393939393939392,0.061224489795918366,13.194364241010849,537328.1360717881
2.4489795918367347,19.5121966883548,2.9710397412417997,0.9494949494949493,0.061224489795918366,13.183305732328009,531418.8225320575
2.4489795918367347,21.6744317457404,3.0761333052867346,0.9595959595959593,0.061224489795918366,13.172311232480125,525608.1396768063
2.4489795918367347,24.0762738816144,3.1812268693316703,0.9696969696969694,0.061224489795918366,13.161381040944637,519894.4249201061
2.4489795918367347,26.744275043632,3.2863204333766105,0.97979797979798,0.061224489795918366,13.150515439807872,514276.03831568913
2.4489795918367347,29.707929521255,3.3914139974215445,0.98989898989899,0.061224489795918366,13.13971469395041,508751.36254190886
2.4489795918367347,33.0,3.4965075614664802,1.0,0.061224489795918366,13.1289790512385,503318.80287121015
3.2653061224489797,0.001,-6.907755278982137,0.0,0.0816326530612245,14.402178048681108,1797986.6133418293
3.2653061224489797,0.001110814537795,-6.802661714937222,0.010101010101008117,0.0816326530612245,14.388836392246235,1774157.805018278
3.2653061224489797,0.0012339089373767,-6.697568150892323,0.020202020202014698,0.0816326530612245,14.375464865205162,1750592.5090667843
3.2653061224489797,0.0013706439859533,-6.592474586847349,0.030303030303028534,0.0816326530612245,14.362064678869512,1727290.716112417
3.2653061224489797,0.0015225312657382,-6.487381022802441,0.04040404040403597,0.0816326530612245,14.348637055917306,1704252.3291869008
3.2653061224489797,0.0016912498642295,-6.382287458757476,0.05050505050504887,0.0816326530612245,14.335183229883652,1681477.1649162364
3.2653061224489797,0.00187866493623,-6.277193894712534,0.06060606060605963,0.0816326530612245,14.321704444640986,1658964.954772241
3.2653061224489797,0.00208684832281,-6.172100330667619,0.07070707070706775,0.0816326530612245,14.308201953869096,1636715.346385107
3.2653061224489797,0.0023181014551505,-6.067006766622687,0.08080808080807748,0.0816326530612245,14.294677020515614,1614727.9049147584
3.2653061224489797,0.002574980796465,-5.961913202577741,0.0909090909090886,0.0816326530612245,14.281130916247474,1593002.1144783772
3.2653061224489797,0.0028603261032564,-5.856819638532781,0.10101010101010106,0.0816326530612245,14.267564920893848,1571537.3796313792
3.2653061224489797,0.0031772918183317,-5.751726074487876,0.11111111111110823,0.0816326530612245,14.25398032188119,1550333.0268992304
3.2653061224489797,0.0035293819426201,-5.646632510442922,0.1212121212121201,0.0816326530612245,14.240378413660874,1529388.3063572403
3.2653061224489797,0.0039204887712936,-5.541538946397998,0.13131313131312908,0.0816326530612245,14.226760497130194,1508702.3932557674
3.2653061224489797,0.0043549359224151,-5.436445382353058,0.14141414141413966,0.0816326530612245,14.213127879047134,1488274.3896877249
3.2653061224489797,0.0048375261337845,-5.331351818308116,0.15151515151515035,0.0816326530612245,14.199481871439692,1468103.326295762
3.2653061224489797,0.0053735943563712,-5.2262582542631755,0.16161616161616094,0.0816326530612245,14.185823791010309,1448188.1640161397
3.2653061224489797,0.0059690667312704,-5.121164690218244,0.17171717171717069,0.0816326530612245,14.172154958536053,1428527.795856415
3.2653061224489797,0.0066305261021638,-5.016071126173304,0.18181818181818118,0.0816326530612245,14.158476698265234,1409121.048704058
3.2653061224489797,0.0073652847875129,-4.910977562128371,0.19191919191919102,0.0816326530612245,14.144790337311102,1389966.6851631196
3.2653061224489797,0.0081814654169699,-4.80588399808343,0.20202020202020168,0.0816326530612245,14.13109720504324,1371063.4054159666
3.2653061224489797,0.0090880907256374,-4.700790434038493,0.21212121212121193,0.0816326530612245,14.117398632477398,1352409.8491073172
3.2653061224489797,0.0100951832988382,-4.595696869993551,0.22222222222222263,0.0816326530612245,14.103695951664363,1334004.5972476024
3.2653061224489797,0.0112138763700549,-4.490603305948624,0.23232323232323193,0.0816326530612245,14.089990495078572,1315846.1741328763
3.2653061224489797,0.0124565368968931,-4.385509741903686,0.24242424242424226,0.0816326530612245,14.076283595007107,1297933.0492784083
3.2653061224489797,0.013836902275649,-4.280416177858747,0.2525252525252527,0.0816326530612245,14.062576582939787,1280263.6393632456
3.2653061224489797,0.0153702322058399,-4.175322613813814,0.26262626262626254,0.0816326530612245,14.048870788960947,1262836.3101829088
3.2653061224489797,0.0170734773835322,-4.07022904976888,0.2727272727272725,0.0816326530612245,14.035167541143615,1245649.378607606
3.2653061224489797,0.0189654668883421,-3.9651354857239447,0.2828282828282826,0.0816326530612245,14.021468164946718,1228701.1145432855
3.2653061224489797,0.0210671163356406,-3.8600419216790063,0.292929292929293,0.0816326530612245,14.007773982615966,1211989.7428929405
3.2653061224489797,0.0234016590950486,-3.7549483576340705,0.3030303030303031,0.0816326530612245,13.994086312589026,1195513.445515632
3.2653061224489797,0.0259949031313031,-3.649854793589135,0.3131313131313132,0.0816326530612245,13.980406468905649,1179270.3631807794
3.2653061224489797,0.0288755163068248,-3.5447612295442013,0.32323232323232315,0.0816326530612245,13.966735760623324,1163258.597515308
3.2653061224489797,0.0320753432999582,-3.4396676654992664,0.33333333333333315,0.0816326530612245,13.953075491239085,1147476.2129413292
3.2653061224489797,0.0356297576423598,-3.3345741014543298,0.34343434343434337,0.0816326530612245,13.93942695811804,1131921.2386021062
3.2653061224489797,0.0395780527672466,-3.229480537409394,0.3535353535353535,0.0816326530612245,13.925791451929207,1116591.6702741361
3.2653061224489797,0.0439638763914761,-3.1243869733644574,0.3636363636363637,0.0816326530612245,13.91217025608921,1101485.472263244
3.2653061224489797,0.048835713033475,-3.019293409319523,0.3737373737373737,0.0816326530612245,13.898564646214364,1086600.5792827008
3.2653061224489797,0.0542474200011699,-2.914199845274587,0.3838383838383838,0.0816326530612245,13.88497588958168,1071934.8983114155
3.2653061224489797,0.060258822775172,-2.8091062812296523,0.3939393939393938,0.0816326530612245,13.871405244599298,1057486.3104303982
3.2653061224489797,0.0669363763690749,-2.7040127171847166,0.404040404040404,0.0816326530612245,13.85785396028681,1043252.6726357127
3.2653061224489797,0.0743538999780876,-2.5989191531397813,0.4141414141414141,0.0816326530612245,13.844323275765968,1029231.8196262988
3.2653061224489797,0.0825933930374168,-2.493825589094845,0.42424242424242425,0.0816326530612245,13.830814419762186,1015421.5655650699
3.2653061224489797,0.0917459417117808,-2.38873202504991,0.4343434343434343,0.0816326530612245,13.817328610117283,1001819.7058118184
3.2653061224489797,0.101912725837141,-2.283638461004973,0.44444444444444453,0.0816326530612245,13.803867053313857,988424.0186265722
3.2653061224489797,0.113206137446215,-2.1785448969600347,0.4545454545454549,0.0816326530612245,13.790430944011657,975232.2668420706
3.2653061224489797,0.125751023242877,-2.0734513329151003,0.46464646464646486,0.0816326530612245,13.777021464596334,962242.1995042089
3.2653061224489797,0.139686064760787,-1.9683577688701692,0.47474747474747453,0.0816326530612245,13.763639784740866,949451.5534793055
3.2653061224489797,0.155165311463659,-1.8632642048252352,0.48484848484848453,0.0816326530612245,13.750287060979995,936858.0550272111
3.2653061224489797,0.172359883735326,-1.7581706407802946,0.49494949494949514,0.0816326530612245,13.736964436297944,924459.4213393125
3.2653061224489797,0.19145986458586,-1.6530770767353593,0.5050505050505052,0.0816326530612245,13.72367303972969,912253.3620406209
3.2653061224489797,0.212676400986239,-1.5479835126904273,0.5151515151515149,0.0816326530612245,13.710413985975997,900237.5806551698
3.2653061224489797,0.236244038061438,-1.442889948645492,0.5252525252525251,0.0816326530612245,13.697188375032466,888409.7760340902
3.2653061224489797,0.262423311946047,-1.3377963846005527,0.5353535353535355,0.0816326530612245,13.683997291832753,876767.64374577
3.2653061224489797,0.291503629965987,-1.2327028205556183,0.5454545454545455,0.0816326530612245,13.67084180590615,865308.8774276231
3.2653061224489797,0.323806469986239,-1.1276092565106834,0.5555555555555556,0.0816326530612245,13.657722971049647,854031.1700990393
3.2653061224489797,0.359688934292802,-1.0225156924657481,0.5656565656565656,0.0816326530612245,13.644641825014608,842932.2154351904
3.2653061224489797,0.399547697296443,-0.9174221284208132,0.5757575757575757,0.0816326530612245,13.631599389208162,832009.7090014564
3.2653061224489797,0.443823390699414,-0.8123285643758777,0.5858585858585857,0.0816326530612245,13.618596668409362,821261.3494482496
3.2653061224489797,0.49300547460239,-0.707235000330941,0.5959595959595959,0.0816326530612245,13.605634650500194,810684.8396661809
3.2653061224489797,0.547637648400869,-0.6021414362860068,0.606060606060606,0.0816326530612245,13.592714306211434,800277.8879014757
3.2653061224489797,0.608323861287565,-0.49704787224107067,0.6161616161616161,0.0816326530612245,13.579836588883385,790038.2088317097
3.2653061224489797,0.67573498880583,-0.39195430819613525,0.6262626262626262,0.0816326530612245,13.567002434241477,779963.5246019302
3.2653061224489797,0.750616249262273,-0.2868607441511999,0.6363636363636362,0.0816326530612245,13.554212760186694,770051.5658213253
3.2653061224489797,0.833795441985706,-0.18176718010626372,0.6464646464646464,0.0816326530612245,13.541468466600767,760300.0725206403
3.2653061224489797,0.926192098504948,-0.07667361606132911,0.6565656565656565,0.0816326530612245,13.528770435166106,750706.7950706355
3.2653061224489797,1.02882764781018,0.028419947983610284,0.666666666666667,0.0816326530612245,13.516119529200306,741269.4950618541
3.2653061224489797,1.142836708073,0.1335135120285407,0.6767676767676766,0.0816326530612245,13.503516593505212,731985.9461461245
3.2653061224489797,1.2694796296533,0.23860707607348014,0.686868686868687,0.0816326530612245,13.490962454230342,722853.9348401693
3.2653061224489797,1.41015642805352,0.3437006401184105,0.6969696969696967,0.0816326530612245,13.478457918750571,713871.2612917951
3.2653061224489797,1.56642226084696,0.44879420416335164,0.7070707070707073,0.0816326530612245,13.466003775557919,705035.740009167
3.2653061224489797,1.74000461967455,0.5538877682082868,0.7171717171717173,0.0816326530612245,13.453600794167256,696345.2005536985
3.2653061224489797,1.93282242736499,0.6589813322532224,0.7272727272727274,0.0816326530612245,13.441249725035751,687797.488197124
3.2653061224489797,2.14700725129329,0.7640748962981553,0.7373737373737373,0.0816326530612245,13.428951299495878,679390.4645433791
3.2653061224489797,2.38492686748792,0.8691684603430914,0.7474747474747475,0.0816326530612245,13.416706229701747,671122.0081159001
3.2653061224489797,2.64921143598352,0.9742620243880249,0.7575757575757573,0.0816326530612245,13.404515208588563,662990.0149110246
3.2653061224489797,2.94278257678333,1.0793555884329629,0.7676767676767676,0.0816326530612245,13.392378909844961,654992.3989181642
3.2653061224489797,3.26888566786082,1.184449152477898,0.7777777777777777,0.0816326530612245,13.380297987897988,647127.0926074743
3.2653061224489797,3.63112572224959,1.289542716522833,0.7878787878787878,0.0816326530612245,13.36827307791048,639392.04738574
3.2653061224489797,4.0335072408363,1.3946362805677694,0.797979797979798,0.0816326530612245,13.35630479579056,631785.2340212216
3.2653061224489797,4.48047848142245,1.4997298446127043,0.808080808080808,0.0816326530612245,13.344393738213002,624304.6430382304
3.2653061224489797,4.97698063344183,1.6048234086576407,0.8181818181818182,0.0816326530612245,13.332540482652185,616948.2850822037
3.2653061224489797,5.52850244195146,1.7099169727025751,0.8282828282828283,0.0816326530612245,13.320745587426341,609714.1912560592
3.2653061224489797,6.14114088475497,1.8150105367475111,0.8383838383838383,0.0816326530612245,13.309009591752826,602600.4134286284
3.2653061224489797,6.8216685734332,1.9201041007924453,0.8484848484848483,0.0816326530612245,13.297333015814104,595605.0245159639
3.2653061224489797,7.57760862338904,2.0251976648373815,0.8585858585858586,0.0816326530612245,13.285716360834147,588726.118736321
3.2653061224489797,8.41731782058148,2.1302912288823177,0.8686868686868686,0.0816326530612245,13.274160109164972,581961.8118396337
3.2653061224489797,9.35007900434302,2.2353847929272526,0.8787878787878787,0.0816326530612245,13.262664724382972,575310.2413122775
3.2653061224489797,10.3862036875563,2.3404783569721936,0.8888888888888893,0.0816326530612245,13.25123065139475,568769.5665579273
3.2653061224489797,11.5371460486378,2.445571921017128,0.8989898989898993,0.0816326530612245,13.239858316552155,562337.969055332
3.2653061224489797,12.8156295554912,2.550665485062058,0.909090909090909,0.0816326530612245,13.228548127776193,556013.6524937861
3.2653061224489797,14.2357876212352,2.6557590491069942,0.919191919191919,0.0816326530612245,13.217300474689491,549794.8428871065
3.2653061224489797,15.8133198466305,2.7608526131519304,0.9292929292929293,0.0816326530612245,13.206115728757018,543679.7886669025
3.2653061224489797,17.5656655764397,2.865946177196865,0.9393939393939392,0.0816326530612245,13.194994243434746,537666.7607559271
3.2653061224489797,19.5121966883548,2.9710397412417997,0.9494949494949493,0.0816326530612245,13.183936354325915,531754.0526222729
3.2653061224489797,21.6744317457404,3.0761333052867346,0.9595959595959593,0.0816326530612245,13.172942379344613,525939.9803151867
3.2653061224489797,24.0762738816144,3.1812268693316703,0.9696969696969694,0.0816326530612245,13.162012618886346,520222.8824832607
3.2653061224489797,26.744275043632,3.2863204333766105,0.97979797979798,0.0816326530612245,13.15114735600528,514601.1203757316
3.2653061224489797,29.707929521255,3.3914139974215445,0.98989898989899,0.0816326530612245,13.140346856597874,509073.0778276342
3.2653061224489797,33.0,3.4965075614664802,1.0,0.0816326530612245,13.129611369592553,503637.1612295143
4.081632653061225,0.001,-6.907755278982137,0.0,0.10204081632653061,14.402343842084724,1798284.7323745124
4.081632653061225,0.001110814537795,-6.802661714937222,0.010101010101008117,0.10204081632653061,14.38900964203025,1774465.204102448
4.081632653061225,0.0012339089373767,-6.697568150892323,0.020202020202014698,0.10204081632653061,14.375645590719751,1750908.9143892175
4.081632653061225,0.0013706439859533,-6.592474586847349,0.030303030303028534,0.10204081632653061,14.362252898463229,1727615.8566671866
4.081632653061225,0.0015225312657382,-6.487381022802441,0.04040404040403597,0.10204081632653061,14.348832786868858,1704585.9367645755
4.081632653061225,0.0016912498642295,-6.382287458757476,0.05050505050504887,0.10204081632653061,14.33538648833353,1681818.9740949068
4.081632653061225,0.00187866493623,-6.277193894712534,0.06060606060605963,0.10204081632653061,14.321915245523085,1659314.7029103918
4.081632653061225,0.00208684832281,-6.172100330667619,0.07070707070706775,0.10204081632653061,14.308420310842505,1637072.77361642
4.081632653061225,0.0023181014551505,-6.067006766622687,0.08080808080807748,0.10204081632653061,14.29490294589673,1615092.7541448737
4.081632653061225,0.002574980796465,-5.961913202577741,0.0909090909090886,0.10204081632653061,14.281364420942598,1593374.1313836076
4.081632653061225,0.0028603261032564,-5.856819638532781,0.10101010101010106,0.10204081632653061,14.267806014332434,1571916.3126593982
4.081632653061225,0.0031772918183317,-5.751726074487876,0.11111111111110823,0.10204081632653061,14.254229011949903,1550718.6272717214
4.081632653061225,0.0035293819426201,-5.646632510442922,0.1212121212121201,0.10204081632653061,14.240634706638629,1529780.32807448
4.081632653061225,0.0039204887712936,-5.541538946397998,0.13131313131312908,0.10204081632653061,14.227024397624323,1509100.5931030991
4.081632653061225,0.0043549359224151,-5.436445382353058,0.14141414141413966,0.10204081632653061,14.213399389930837,1488678.5272438512
4.081632653061225,0.0048375261337845,-5.331351818308116,0.15151515151515035,0.10204081632653061,14.199760993790951,1468513.1639428516
4.081632653061225,0.0053735943563712,-5.2262582542631755,0.16161616161616094,0.10204081632653061,14.186110524052376,1448603.4669515854
4.081632653061225,0.0059690667312704,-5.121164690218244,0.17171717171717069,0.10204081632653061,14.17244929957971,1428948.3321062445
4.081632653061225,0.0066305261021638,-5.016071126173304,0.18181818181818118,0.10204081632653061,14.158778642652932,1409546.58913784
4.081632653061225,0.0073652847875129,-4.910977562128371,0.19191919191919102,0.10204081632653061,14.145099878363126,1390397.0035102847
4.081632653061225,0.0081814654169699,-4.80588399808343,0.20202020202020168,0.10204081632653061,14.13141433400606,1371498.2782834326
4.081632653061225,0.0090880907256374,-4.700790434038493,0.21212121212121193,0.10204081632653061,14.117723338474306,1352849.0559982965
4.081632653061225,0.0100951832988382,-4.595696869993551,0.22222222222222263,0.10204081632653061,14.104028221648543,1334447.9205814647
4.081632653061225,0.0112138763700549,-4.490603305948624,0.23232323232323193,0.10204081632653061,14.090330313788703,1316293.3992659315
4.081632653061225,0.0124565368968931,-4.385509741903686,0.24242424242424226,0.10204081632653061,14.076630944925645,1298383.9645254968
4.081632653061225,0.013836902275649,-4.280416177858747,0.2525252525252527,0.10204081632653061,14.062931444253985,1280718.0360199593
4.081632653061225,0.0153702322058399,-4.175322613813814,0.26262626262626254,0.10204081632653061,14.049233139526766,1263293.982548353
4.081632653061225,0.0170734773835322,-4.07022904976888,0.2727272727272725,0.10204081632653061,14.03553735645257,1246110.1240075063
4.081632653061225,0.0189654668883421,-3.9651354857239447,0.2828282828282826,0.10204081632653061,14.021845418095783,1229164.7333533356
4.081632653061225,0.0210671163356406,-3.8600419216790063,0.292929292929293,0.10204081632653061,14.00815864428059,1212456.0385622333
4.081632653061225,0.0234016590950486,-3.7549483576340705,0.3030303030303031,0.10204081632653061,13.994478350999351,1195982.224590032
4.081632653061225,0.0259949031313031,-3.649854793589135,0.3131313131313132,0.10204081632653061,13.980805849825972,1179741.4353260878
4.081632653061225,0.0288755163068248,-3.5447612295442013,0.32323232323232315,0.10204081632653061,13.967142447334867,1163731.775540091
4.081632653061225,0.0320753432999582,-3.4396676654992664,0.33333333333333315,0.10204081632653061,13.95348944452613,1147951.312819277
4.081632653061225,0.0356297576423598,-3.3345741014543298,0.34343434343434337,0.10204081632653061,13.939848136257444,1132398.0794937643
4.081632653061225,0.0395780527672466,-3.229480537409394,0.3535353535353535,0.10204081632653061,13.92621981068335,1117070.0745479146
4.081632653061225,0.0439638763914761,-3.1243869733644574,0.3636363636363637,0.10204081632653061,13.912605748702378,1101965.2655155517
4.081632653061225,0.048835713033475,-3.019293409319523,0.3737373737373737,0.10204081632653061,13.899007223412589,1087081.5903570845
4.081632653061225,0.0542474200011699,-2.914199845274587,0.3838383838383838,0.10204081632653061,13.885425499576051,1072416.9593166139
4.081632653061225,0.060258822775172,-2.8091062812296523,0.3939393939393938,0.10204081632653061,13.871861833092717,1057969.2567571667
4.081632653061225,0.0669363763690749,-2.7040127171847166,0.404040404040404,0.10204081632653061,13.85831747048421,1043736.3429723502
4.081632653061225,0.0743538999780876,-2.5989191531397813,0.4141414141414141,0.10204081632653061,13.84479364838794,1029716.0559727458
4.081632653061225,0.0825933930374168,-2.493825589094845,0.42424242424242425,0.10204081632653061,13.831291593062026,1015906.2132455101
4.081632653061225,0.0917459417117808,-2.38873202504991,0.4343434343434343,0.10204081632653061,13.817812519901398,1002304.6134857018
4.081632653061225,0.101912725837141,-2.283638461004973,0.44444444444444453,0.10204081632653061,13.804357632965486,988909.0382979551
4.081632653061225,0.113206137446215,-2.1785448969600347,0.4545454545454549,0.10204081632653061,13.790928124517881,975717.2538672426
4.081632653061225,0.125751023242877,-2.0734513329151003,0.46464646464646486,0.10204081632653061,13.777525174578292,962727.0125975067
4.081632653061225,0.139686064760787,-1.9683577688701692,0.47474747474747453,0.10204081632653061,13.764149950487136,949936.0547170931
4.081632653061225,0.155165311463659,-1.8632642048252352,0.48484848484848453,0.10204081632653061,13.750803606483052,937342.1098499463
4.081632653061225,0.172359883735326,-1.7581706407802946,0.49494949494949514,0.10204081632653061,13.737487283293634,924942.8985516868
4.081632653061225,0.19145986458586,-1.6530770767353593,0.5050505050505052,0.10204081632653061,13.724202107739622,912736.1338097181
4.081632653061225,0.212676400986239,-1.5479835126904273,0.5151515151515149,0.10204081632653061,13.710949192352789,900719.5225066363
4.081632653061225,0.236244038061438,-1.442889948645492,0.5252525252525251,0.10204081632653061,13.697729635007727,888890.7668462829
4.081632653061225,0.262423311946047,-1.3377963846005527,0.5353535353535355,0.10204081632653061,13.684544518567717,877247.5657418764
4.081632653061225,0.291503629965987,-1.2327028205556183,0.5454545454545455,0.10204081632653061,13.671394910544866,865787.6161657536
4.081632653061225,0.323806469986239,-1.1276092565106834,0.5555555555555556,0.10204081632653061,13.658281862774594,854508.6144602771
4.081632653061225,0.359688934292802,-1.0225156924657481,0.5656565656565656,0.10204081632653061,13.64520641110466,843408.2576096314
4.081632653061225,0.399547697296443,-0.9174221284208132,0.5757575757575757,0.10204081632653061,13.632169575098752,832484.2444722212
4.081632653061225,0.443823390699414,-0.8123285643758777,0.5858585858585857,0.10204081632653061,13.619172357754763,821734.2769735244
4.081632653061225,0.49300547460239,-0.707235000330941,0.5959595959595959,0.10204081632653061,13.606215745237767,811156.0612592752
4.081632653061225,0.547637648400869,-0.6021414362860068,0.606060606060606,0.10204081632653061,13.593300706627739,800747.3088089569
4.081632653061225,0.608323861287565,-0.49704787224107067,0.6161616161616161,0.10204081632653061,13.580428193682028,790505.7375096346
4.081632653061225,0.67573498880583,-0.39195430819613525,0.6262626262626262,0.10204081632653061,13.567599140612561,780429.072690215
4.081632653061225,0.750616249262273,-0.2868607441511999,0.6363636363636362,0.10204081632653061,13.554814463877747,770515.0481163018
4.081632653061225,0.833795441985706,-0.18176718010626372,0.6464646464646464,0.10204081632653061,13.542075061989042,760761.4069458579
4.081632653061225,0.926192098504948,-0.07667361606132911,0.6565656565656565,0.10204081632653061,13.529381815332066,751165.9026459253
4.081632653061225,1.02882764781018,0.028419947983610284,0.666666666666667,0.10204081632653061,13.516735586002246,741726.299870765
4.081632653061225,1.142836708073,0.1335135120285407,0.6767676767676766,0.10204081632653061,13.504137217654815,732440.3753017406
4.081632653061225,1.2694796296533,0.23860707607348014,0.686868686868687,0.10204081632653061,13.491587535369074,723305.9184493942
4.081632653061225,1.41015642805352,0.3437006401184105,0.6969696969696967,0.10204081632653061,13.479087345526805,714320.7324181779
4.081632653061225,1.56642226084696,0.44879420416335164,0.7070707070707073,0.10204081632653061,13.466637435704603,705482.6346343026
4.081632653061225,1.74000461967455,0.5538877682082868,0.7171717171717173,0.10204081632653061,13.454238574580069,696789.45753731
4.081632653061225,1.93282242736499,0.6589813322532224,0.7272727272727274,0.10204081632653061,13.44189151185156,688239.0492358656
4.081632653061225,2.14700725129329,0.7640748962981553,0.7373737373737373,0.10204081632653061,13.429596978171421,679829.2741284529
4.081632653061225,2.38492686748792,0.8691684603430914,0.7474747474747475,0.10204081632653061,13.417355685092385,671558.0134895417
4.081632653061225,2.64921143598352,0.9742620243880249,0.7575757575757573,0.10204081632653061,13.405168325027006,663423.1660219446
4.081632653061225,2.94278257678333,1.0793555884329629,0.7676767676767676,0.10204081632653061,13.393035571219842,655422.6483760144
4.081632653061225,3.26888566786082,1.184449152477898,0.7777777777777777,0.10204081632653061,13.380958077732172,647554.3956364073
4.081632653061225,3.63112572224959,1.289542716522833,0.7878787878787878,0.10204081632653061,13.368936479438998,639816.3617771443
4.081632653061225,4.0335072408363,1.3946362805677694,0.797979797979798,0.10204081632653061,13.356971392038062,632206.5200857022
4.081632653061225,4.48047848142245,1.4997298446127043,0.808080808080808,0.10204081632653061,13.345063412070616,624722.8635569041
4.081632653061225,4.97698063344183,1.6048234086576407,0.8181818181818182,0.10204081632653061,13.333213116953699,617363.4052573936
4.081632653061225,5.52850244195146,1.7099169727025751,0.8282828282828283,0.10204081632653061,13.321421065023591,610126.1786614446
4.081632653061225,6.14114088475497,1.8150105367475111,0.8383838383838383,0.10204081632653061,13.309687795590202,603009.2379589324
4.081632653061225,6.8216685734332,1.9201041007924453,0.8484848484848483,0.10204081632653061,13.298013829002088,596010.658336243
4.081632653061225,7.57760862338904,2.0251976648373815,0.8585858585858586,0.10204081632653061,13.2863996667218,589128.5362309328
4.081632653061225,8.41731782058148,2.1302912288823177,0.8686868686868686,0.10204081632653061,13.274845791411273,582360.9895609359
4.081632653061225,9.35007900434302,2.2353847929272526,0.8787878787878787,0.10204081632653061,13.263352667026936,575706.157929133
4.081632653061225,10.3862036875563,2.3404783569721936,0.8888888888888893,0.10204081632653061,13.251920738924262,569162.2028040822
4.081632653061225,11.5371460486378,2.445571921017128,0.8989898989898993,0.10204081632653061,13.240550433971439,562727.3076777193
4.081632653061225,12.8156295554912,2.550665485062058,0.909090909090909,0.10204081632653061,13.229242160671834,556399.6782008169
4.081632653061225,14.2357876212352,2.6557590491069942,0.919191919191919,0.10204081632653061,13.217996309294989,550177.5422970166
4.081632653061225,15.8133198466305,2.7608526131519304,0.9292929292929293,0.10204081632653061,13.206813252015774,544059.150256198
4.081632653061225,17.5656655764397,2.865946177196865,0.9393939393939392,0.10204081632653061,13.195693343061443,538042.7748079863
4.081632653061225,19.5121966883548,2.9710397412417997,0.9494949494949493,0.10204081632653061,13.18463691886625,532126.7111761621
4.081632653061225,21.6744317457404,3.0761333052867346,0.9595959595959593,0.10204081632653061,13.173644298233326,526309.2771147359
4.081632653061225,24.0762738816144,3.1812268693316703,0.9696969696969694,0.10204081632653061,13.162715782503494,520588.81292644027
4.081632653061225,26.744275043632,3.2863204333766105,0.97979797979798,0.10204081632653061,13.151851655730747,514963.6814643876
4.081632653061225,29.707929521255,3.3914139974215445,0.98989898989899,0.10204081632653061,13.141052184864048,509432.268117615
4.081632653061225,33.0,3.4965075614664802,1.0,0.10204081632653061,13.130317619935164,503992.9807812348
4.8979591836734695,0.001,-6.907755278982137,0.0,0.12244897959183673,14.40244777642823,1798471.6456307948
4.8979591836734695,0.001110814537795,-6.802661714937222,0.010101010101008117,0.12244897959183673,14.38912263853346,1774665.7237943786
4.8979591836734695,0.0012339089373767,-6.697568150892323,0.020202020202014698,0.12244897959183673,14.375767675758311,1751122.6872205131
4.8979591836734695,0.0013706439859533,-6.592474586847349,0.030303030303028534,0.12244897959183673,14.362384096979966,1727842.5321744927
4.8979591836734695,0.0015225312657382,-6.487381022802441,0.04040404040403597,0.12244897959183673,14.34897312230392,1704825.1673594858
4.8979591836734695,0.0016912498642295,-6.382287458757476,0.05050505050504887,0.12244897959183673,14.335535982554664,1682070.4151065478
4.8979591836734695,0.00187866493623,-6.277193894712534,0.06060606060605963,0.12244897959183673,14.322073918756203,1659578.0126286126
4.8979591836734695,0.00208684832281,-6.172100330667619,0.07070707070706775,0.12244897959183673,14.30858818160271,1637347.6133355685
4.8979591836734695,0.0023181014551505,-6.067006766622687,0.08080808080807748,0.12244897959183673,14.295080030919962,1615378.7882081901
4.8979591836734695,0.002574980796465,-5.961913202577741,0.0909090909090886,0.12244897959183673,14.281550735118051,1593671.027228178
4.8979591836734695,0.0028603261032564,-5.856819638532781,0.10101010101010106,0.12244897959183673,14.26800157063593,1572223.7408616878
4.8979591836734695,0.0031772918183317,-5.751726074487876,0.11111111111110823,0.12244897959183673,14.254433821378349,1551036.2615935954
4.8979591836734695,0.0035293819426201,-5.646632510442922,0.1212121212121201,0.12244897959183673,14.240848778145747,1530107.8455096954
4.8979591836734695,0.0039204887712936,-5.541538946397998,0.13131313131312908,0.12244897959183673,14.227247738057782,1509437.6739241835
4.8979591836734695,0.0043549359224151,-5.436445382353058,0.14141414141413966,0.12244897959183673,14.213632003970977,1489024.8550493366
4.8979591836734695,0.0048375261337845,-5.331351818308116,0.15151515151515035,0.12244897959183673,14.200002883891207,1468868.425704724
4.8979591836734695,0.0053735943563712,-5.2262582542631755,0.16161616161616094,0.12244897959183673,14.186361690381588,1448967.35306292
4.8979591836734695,0.0059690667312704,-5.121164690218244,0.17171717171717069,0.12244897959183673,14.17270973996644,1429320.5364288886
4.8979591836734695,0.0066305261021638,-5.016071126173304,0.18181818181818118,0.12244897959183673,14.15904835253194,1409926.8090500815
4.8979591836734695,0.0073652847875129,-4.910977562128371,0.19191919191919102,0.12244897959183673,14.145378850724136,1390784.939954351
4.8979591836734695,0.0081814654169699,-4.80588399808343,0.20202020202020168,0.12244897959183673,14.131702559344948,1371893.6358127675
4.8979591836734695,0.0090880907256374,-4.700790434038493,0.21212121212121193,0.12244897959183673,14.11802080474683,1353251.5428244325
4.8979591836734695,0.0100951832988382,-4.595696869993551,0.22222222222222263,0.12244897959183673,14.104334914226744,1334857.2486204305
4.8979591836734695,0.0112138763700549,-4.490603305948624,0.23232323232323193,0.12244897959183673,14.090646215420083,1316709.2841840375
4.8979591836734695,0.0124565368968931,-4.385509741903686,0.24242424242424226,0.12244897959183673,14.076956035695227,1298806.1257843839
4.8979591836734695,0.013836902275649,-4.280416177858747,0.2525252525252527,0.12244897959183673,14.06326570154937,1281146.1969207944
4.8979591836734695,0.0153702322058399,-4.175322613813814,0.26262626262626254,0.12244897959183673,14.04957653800624,1263727.8702750183
4.8979591836734695,0.0170734773835322,-4.07022904976888,0.2727272727272725,0.12244897959183673,14.035889868016415,1246549.4696687066
4.8979591836734695,0.0189654668883421,-3.9651354857239447,0.2828282828282826,0.12244897959183673,14.022207011860797,1229609.2720234531
4.8979591836734695,0.0210671163356406,-3.8600419216790063,0.292929292929293,0.12244897959183673,14.008529286557927,1212905.5093208246
4.8979591836734695,0.0234016590950486,-3.7549483576340705,0.3030303030303031,0.12244897959183673,13.994858005275743,1196436.370559861
4.8979591836734695,0.0259949031313031,-3.649854793589135,0.3131313131313132,0.12244897959183673,13.981194476748371,1180200.003709564
4.8979591836734695,0.0288755163068248,-3.5447612295442013,0.32323232323232315,0.12244897959183673,13.967540004698568,1164194.5176540029
4.8979591836734695,0.0320753432999582,-3.4396676654992664,0.33333333333333315,0.12244897959183673,13.953895887266397,1148417.9841277092
4.8979591836734695,0.0356297576423598,-3.3345741014543298,0.34343434343434337,0.12244897959183673,13.940263416444692,1132868.4396391204
4.8979591836734695,0.0395780527672466,-3.229480537409394,0.3535353535353535,0.12244897959183673,13.926643877521876,1117543.8873798947
4.8979591836734695,0.0439638763914761,-3.1243869733644574,0.3636363636363637,0.12244897959183673,13.913038548532679,1102442.29911805
4.8979591836734695,0.048835713033475,-3.019293409319523,0.3737373737373737,0.12244897959183673,13.899448699717261,1087561.6170728868
4.8979591836734695,0.0542474200011699,-2.914199845274587,0.3838383838383838,0.12244897959183673,13.885875592989263,1072899.7557698202
4.8979591836734695,0.060258822775172,-2.8091062812296523,0.3939393939393938,0.12244897959183673,13.872320481413249,1058454.603873264
4.8979591836734695,0.0669363763690749,-2.7040127171847166,0.404040404040404,0.12244897959183673,13.858784608692048,1044224.0259958805
4.8979591836734695,0.0743538999780876,-2.5989191531397813,0.4141414141414141,0.12244897959183673,13.845269208664385,1030205.8644824885
4.8979591836734695,0.0825933930374168,-2.493825589094845,0.42424242424242425,0.12244897959183673,13.83177550481329,1016397.9411671457
4.8979591836734695,0.0917459417117808,-2.38873202504991,0.4343434343434343,0.12244897959183673,13.818304709785636,1002798.0591018931
4.8979591836734695,0.101912725837141,-2.283638461004973,0.44444444444444453,0.12244897959183673,13.804858024923238,989404.0042558322
4.8979591836734695,0.113206137446215,-2.1785448969600347,0.4545454545454549,0.12244897959183673,13.79143663980583,976213.5471832245
4.8979591836734695,0.125751023242877,-2.0734513329151003,0.46464646464646486,0.12244897959183673,13.77804173180631,963224.4446594745
4.8979591836734695,0.139686064760787,-1.9683577688701692,0.47474747474747453,0.12244897959183673,13.764674465658517,950434.4412838661
4.8979591836734695,0.155165311463659,-1.8632642048252352,0.48484848484848453,0.12244897959183673,13.751335993037888,937841.2710480773
4.8979591836734695,0.172359883735326,-1.7581706407802946,0.49494949494949514,0.12244897959183673,13.738027452155217,925442.6588695563
4.8979591836734695,0.19145986458586,-1.6530770767353593,0.5050505050505052,0.12244897959183673,13.724749967363813,913236.3220889433
4.8979591836734695,0.212676400986239,-1.5479835126904273,0.5151515151515149,0.12244897959183673,13.711504648780238,901219.9719307991
4.8979591836734695,0.236244038061438,-1.442889948645492,0.5252525252525251,0.12244897959183673,13.698292591918856,889391.3149269985
4.8979591836734695,0.262423311946047,-1.3377963846005527,0.5353535353535355,0.12244897959183673,13.68511487734037,877748.0543022378
4.8979591836734695,0.291503629965987,-1.2327028205556183,0.5454545454545455,0.12244897959183673,13.671972570314496,866287.8913211612
4.8979591836734695,0.323806469986239,-1.1276092565106834,0.5555555555555556,0.12244897959183673,13.658866720496905,855008.5265967122
4.8979591836734695,0.359688934292802,-1.0225156924657481,0.5656565656565656,0.12244897959183673,13.645798361620553,843907.6613594032
4.8979591836734695,0.399547697296443,-0.9174221284208132,0.5757575757575757,0.12244897959183673,13.632768511201492,832982.9986872415
4.8979591836734695,0.443823390699414,-0.8123285643758777,0.5858585858585857,0.12244897959183673,13.619778170259218,822232.244696161
4.8979591836734695,0.49300547460239,-0.707235000330941,0.5959595959595959,0.12244897959183673,13.60682832305161,811653.1096908447
4.8979591836734695,0.547637648400869,-0.6021414362860068,0.606060606060606,0.12244897959183673,13.593919936824483,801243.309275917
4.8979591836734695,0.608323861287565,-0.49704787224107067,0.6161616161616161,0.12244897959183673,13.581053961575757,791000.5654275409
4.8979591836734695,0.67573498880583,-0.39195430819613525,0.6262626262626262,0.12244897959183673,13.568231329834246,780922.6075255236
4.8979591836734695,0.750616249262273,-0.2868607441511999,0.6363636363636362,0.12244897959183673,13.555452956453001,771007.1733460792
4.8979591836734695,0.833795441985706,-0.18176718010626372,0.6464646464646464,0.12244897959183673,13.542719738417176,761252.0100154759
4.8979591836734695,0.926192098504948,-0.07667361606132911,0.6565656565656565,0.12244897959183673,13.530032554666345,751654.8749248391
4.8979591836734695,1.02882764781018,0.028419947983610284,0.666666666666667,0.12244897959183673,13.51739226593117,742213.5366064279
4.8979591836734695,1.142836708073,0.1335135120285407,0.6767676767676766,0.12244897959183673,13.504799714584328,732925.7755717698
4.8979591836734695,1.2694796296533,0.23860707607348014,0.686868686868687,0.12244897959183673,13.49225572450556,723789.3851120555
4.8979591836734695,1.41015642805352,0.3437006401184105,0.6969696969696967,0.12244897959183673,13.479761100960719,714802.1720612772
4.8979591836734695,1.56642226084696,0.44879420416335164,0.7070707070707073,0.12244897959183673,13.467316630494649,705961.9575225917
4.8979591836734695,1.74000461967455,0.5538877682082868,0.7171717171717173,0.12244897959183673,13.454923080837746,697266.5775584684
4.8979591836734695,1.93282242736499,0.6589813322532224,0.7272727272727274,0.12244897959183673,13.442581200826005,688713.8838451814
4.8979591836734695,2.14700725129329,0.7640748962981553,0.7373737373737373,0.12244897959183673,13.43029172033437,680301.7442922649
4.8979591836734695,2.38492686748792,0.8691684603430914,0.7474747474747475,0.12244897959183673,13.418055350223174,672028.0436275565
4.8979591836734695,2.64921143598352,0.9742620243880249,0.7575757575757573,0.12244897959183673,13.40587278229746,663890.6839485029
4.8979591836734695,2.94278257678333,1.0793555884329629,0.7676767676767676,0.12244897959183673,13.393744689278954,655887.5852404092
4.8979591836734695,3.26888566786082,1.184449152477898,0.7777777777777777,0.12244897959183673,13.381671724790454,648016.6858623405
4.8979591836734695,3.63112572224959,1.289542716522833,0.7878787878787878,0.12244897959183673,13.369654523352375,640275.9430014015
4.8979591836734695,4.0335072408363,1.3946362805677694,0.797979797979798,0.12244897959183673,13.357693700391227,632663.333096151
4.8979591836734695,4.48047848142245,1.4997298446127043,0.808080808080808,0.12244897959183673,13.345789852259728,625176.852229893
4.8979591836734695,4.97698063344183,1.6048234086576407,0.8181818181818182,0.12244897959183673,13.333943556268306,617814.5164946273
4.8979591836734695,5.52850244195146,1.7099169727025751,0.8282828282828283,0.12244897959183673,13.32215537072771,610574.3623264405
4.8979591836734695,6.14114088475497,1.8150105367475111,0.8383838383838383,0.12244897959183673,13.310425835002443,603454.446813123
4.8979591836734695,6.8216685734332,1.9201041007924453,0.8484848484848483,0.12244897959183673,13.298755469574727,596452.8479748112
4.8979591836734695,7.57760862338904,2.0251976648373815,0.8585858585858586,0.12244897959183673,13.287144776118735,589567.6650184572
4.8979591836734695,8.41731782058148,2.1302912288823177,0.8686868686868686,0.12244897959183673,13.275594237584741,582797.0185669159
4.8979591836734695,9.35007900434302,2.2353847929272526,0.8787878787878787,0.12244897959183673,13.264104318292965,576139.0508634808
4.8979591836734695,10.3862036875563,2.3404783569721936,0.8888888888888893,0.12244897959183673,13.252675464036733,569591.9259526352
4.8979591836734695,11.5371460486378,2.445571921017128,0.8989898989898993,0.12244897959183673,13.241308102194713,563153.8298378548
4.8979591836734695,12.8156295554912,2.550665485062058,0.909090909090909,0.12244897959183673,13.23000264185188,556822.9706172304
4.8979591836734695,14.2357876212352,2.6557590491069942,0.919191919191919,0.12244897959183673,13.218759473928928,550597.5785977239
4.8979591836734695,15.8133198466305,2.7608526131519304,0.9292929292929293,0.12244897959183673,13.207578971319805,544475.9063888289
4.8979591836734695,17.5656655764397,2.865946177196865,0.9393939393939392,0.12244897959183673,13.196461489037075,538456.228976421
4.8979591836734695,19.5121966883548,2.9710397412417997,0.9494949494949493,0.12244897959183673,13.185407364364814,532536.843777574
4.8979591836734695,21.6744317457404,3.0761333052867346,0.9595959595959593,0.12244897959183673,13.174416917018684,526716.0706770814
4.8979591836734695,24.0762738816144,3.1812268693316703,0.9696969696969694,0.12244897959183673,13.163490449312947,520992.2520464596
4.8979591836734695,26.744275043632,3.2863204333766105,0.97979797979798,0.12244897959183673,13.152628246334068,515363.7527461568
4.8979591836734695,29.707929521255,3.3914139974215445,0.98989898989899,0.12244897959183673,13.141830576120617,509828.96011169226
4.8979591836734695,33.0,3.4965075614664802,1.0,0.12244897959183673,13.131097689849184,504386.2839244501
5.714285714285714,0.001,-6.907755278982137,0.0,0.14285714285714285,14.402490852356433,1798549.118134864
5.714285714285714,0.001110814537795,-6.802661714937222,0.010101010101008117,0.14285714285714285,14.389176381342157,1774761.1018777946
5.714285714285714,0.0012339089373767,-6.697568150892323,0.020202020202014698,0.14285714285714285,14.375832118447322,1751235.5379114274
5.714285714285714,0.0013706439859533,-6.592474586847349,0.030303030303028534,0.14285714285714285,14.362459270682873,1727972.4253778916
5.714285714285714,0.0015225312657382,-6.487381022802441,0.04040404040403597,0.14285714285714285,14.349059056217056,1704971.6759522671
5.714285714285714,0.0016912498642295,-6.382287458757476,0.05050505050504887,0.14285714285714285,14.335632703866539,1682233.1150319118
5.714285714285714,0.00187866493623,-6.277193894712534,0.06060606060605963,0.14285714285714285,14.322181452577508,1659756.4829896926
5.714285714285714,0.00208684832281,-6.172100330667619,0.07070707070706775,0.14285714285714285,14.30870655089709,1637541.436488343
5.714285714285714,0.0023181014551505,-6.067006766622687,0.08080808080807748,0.14285714285714285,14.295209256435683,1615587.549853556
5.714285714285714,0.002574980796465,-5.961913202577741,0.0909090909090886,0.14285714285714285,14.281690835320749,1593894.3165031972
5.714285714285714,0.0028603261032564,-5.856819638532781,0.10101010101010106,0.14285714285714285,14.268152561642578,1572461.1504299014
5.714285714285714,0.0031772918183317,-5.751726074487876,0.11111111111110823,0.14285714285714285,14.254595716892618,1551287.3877343656
5.714285714285714,0.0035293819426201,-5.646632510442922,0.1212121212121201,0.14285714285714285,14.241021589394906,1530372.288206505
5.714285714285714,0.0039204887712936,-5.541538946397998,0.13131313131312908,0.14285714285714285,14.227431473731292,1509715.0369517836
5.714285714285714,0.0043549359224151,-5.436445382353058,0.14141414141413966,0.14285714285714285,14.21382667016092,1489314.746059673
5.714285714285714,0.0048375261337845,-5.331351818308116,0.15151515151515035,0.14285714285714285,14.200208484034725,1469170.4563115623
5.714285714285714,0.0053735943563712,-5.2262582542631755,0.16161616161616094,0.14285714285714285,14.186578225205437,1449281.138925036
5.714285714285714,0.0059690667312704,-5.121164690218244,0.17171717171717069,0.14285714285714285,14.172937207433833,1429645.697331765
5.714285714285714,0.0066305261021638,-5.016071126173304,0.18181818181818118,0.14285714285714285,14.159286747791782,1410262.968985959
5.714285714285714,0.0073652847875129,-4.910977562128371,0.19191919191919102,0.14285714285714285,14.145628166062812,1391131.7272005752
5.714285714285714,0.0081814654169699,-4.80588399808343,0.20202020202020168,0.14285714285714285,14.131962784140764,1372250.6830082808
5.714285714285714,0.0090880907256374,-4.700790434038493,0.21212121212121193,0.14285714285714285,14.118291925427238,1353618.4870443214
5.714285714285714,0.0100951832988382,-4.595696869993551,0.22222222222222263,0.14285714285714285,14.104616914228455,1335233.7314484094
5.714285714285714,0.0112138763700549,-4.490603305948624,0.23232323232323193,0.14285714285714285,14.090939075152187,1317094.951782761
5.714285714285714,0.0124565368968931,-4.385509741903686,0.24242424242424226,0.14285714285714285,14.077259732505404,1299200.6289634686
5.714285714285714,0.013836902275649,-4.280416177858747,0.2525252525252527,0.14285714285714285,14.063580209693288,1281549.1912024473
5.714285714285714,0.0153702322058399,-4.175322613813814,0.26262626262626254,0.14285714285714285,14.04990182862025,1264139.015957171
5.714285714285714,0.0170734773835322,-4.07022904976888,0.2727272727272725,0.14285714285714285,14.036225909093567,1246968.4318855312
5.714285714285714,0.0189654668883421,-3.9651354857239447,0.2828282828282826,0.14285714285714285,14.022553768230305,1230035.7208031756
5.714285714285714,0.0210671163356406,-3.8600419216790063,0.292929292929293,0.14285714285714285,14.008886719868112,1213339.1196407326
5.714285714285714,0.0234016590950486,-3.7549483576340705,0.3030303030303031,0.14285714285714285,13.995226073980515,1196876.8223984109
5.714285714285714,0.0259949031313031,-3.649854793589135,0.3131313131313132,0.14285714285714285,13.981573136097287,1180646.9820954911
5.714285714285714,0.0288755163068248,-3.5447612295442013,0.32323232323232315,0.14285714285714285,13.967929206730537,1164647.7127123782
5.714285714285714,0.0320753432999582,-3.4396676654992664,0.33333333333333315,0.14285714285714285,13.954295580807011,1148877.0911228291
5.714285714285714,0.0356297576423598,-3.3345741014543298,0.34343434343434337,0.14285714285714285,13.940673547107254,1133333.1590141838
5.714285714285714,0.0395780527672466,-3.229480537409394,0.3535353535353535,0.14285714285714285,13.927064387712106,1118013.9247934017
5.714285714285714,0.0439638763914761,-3.1243869733644574,0.3636363636363637,0.14285714285714285,13.913469377457108,1102917.3654768402
5.714285714285714,0.048835713033475,-3.019293409319523,0.3737373737373737,0.14285714285714285,13.899889783395327,1088041.4285617974
5.714285714285714,0.0542474200011699,-2.914199845274587,0.3838383838383838,0.14285714285714285,13.886326864269067,1073384.0338778903
5.714285714285714,0.060258822775172,-2.8091062812296523,0.3939393939393938,0.14285714285714285,13.872781869990993,1058943.0754164814
5.714285714285714,0.0669363763690749,-2.7040127171847166,0.404040404040404,0.14285714285714285,13.859256041135076,1044716.4231363983
5.714285714285714,0.0743538999780876,-2.5989191531397813,0.4141414141414141,0.14285714285714285,13.845750608437847,1030701.9247443376
5.714285714285714,0.0825933930374168,-2.493825589094845,0.42424242424242425,0.14285714285714285,13.832266792310335,1016897.407448387
5.714285714285714,0.0917459417117808,-2.38873202504991,0.4343434343434343,0.14285714285714285,13.818805802361128,1003300.6796832306
5.714285714285714,0.101912725837141,-2.283638461004973,0.44444444444444453,0.14285714285714285,13.805368836930898,989909.532805667
5.714285714285714,0.113206137446215,-2.1785448969600347,0.4545454545454549,0.14285714285714285,13.791957082638778,976721.7427591835
5.714285714285714,0.125751023242877,-2.0734513329151003,0.46464646464646486,0.14285714285714285,13.778571713940906,963735.0717064043
5.714285714285714,0.139686064760787,-1.9683577688701692,0.47474747474747453,0.14285714285714285,13.76521389270144,950947.2696283222
5.714285714285714,0.155165311463659,-1.8632642048252352,0.48484848484848453,0.14285714285714285,13.751884767776357,938356.0758893486
5.714285714285714,0.172359883735326,-1.7581706407802946,0.49494949494949514,0.14285714285714285,13.738585474610295,925959.2207672572
5.714285714285714,0.19145986458586,-1.6530770767353593,0.5050505050505052,0.14285714285714285,13.725317134846648,913754.4269472015
5.714285714285714,0.212676400986239,-1.5479835126904273,0.5151515151515149,0.14285714285714285,13.712080855951196,901739.4109791169
5.714285714285714,0.236244038061438,-1.442889948645492,0.5252525252525251,0.14285714285714285,13.698877730849405,889911.8846978216
5.714285714285714,0.262423311946047,-1.3377963846005527,0.5353535353535355,0.14285714285714285,13.685708837577621,878269.5566053026
5.714285714285714,0.291503629965987,-1.2327028205556183,0.5454545454545455,0.14285714285714285,13.672575238948282,866810.1332146858
5.714285714285714,0.323806469986239,-1.1276092565106834,0.5555555555555556,0.14285714285714285,13.659477982229285,855531.3203555113
5.714285714285714,0.359688934292802,-1.0225156924657481,0.5656565656565656,0.14285714285714285,13.646418098837627,844430.8244399925
5.714285714285714,0.399547697296443,-0.9174221284208132,0.5757575757575757,0.14285714285714285,13.633396604047386,833506.353690029
5.714285714285714,0.443823390699414,-0.8123285643758777,0.5858585858585857,0.14285714285714285,13.620414496712137,822755.6193248038
5.714285714285714,0.49300547460239,-0.707235000330941,0.5959595959595959,0.14285714285714285,13.607472759001798,812176.3367088531
5.714285714285714,0.547637648400869,-0.6021414362860068,0.606060606060606,0.14285714285714285,13.594572356154005,801766.2264606305
5.714285714285714,0.608323861287565,-0.49704787224107067,0.6161616161616161,0.14285714285714285,13.58171423623993,791523.0155215395
5.714285714285714,0.67573498880583,-0.39195430819613525,0.6262626262626262,0.14285714285714285,13.568899329944605,781444.4381855973
5.714285714285714,0.750616249262273,-0.2868607441511999,0.6363636363636362,0.14285714285714285,13.55612855036166,771528.2370898505
5.714285714285714,0.833795441985706,-0.18176718010626372,0.6464646464646464,0.14285714285714285,13.543402792802466,761772.1641657905
5.714285714285714,0.926192098504948,-0.07667361606132911,0.6565656565656565,0.14285714285714285,13.530722934619565,752173.9815520132
5.714285714285714,1.02882764781018,0.028419947983610284,0.666666666666667,0.14285714285714285,13.518089835044345,742731.462468485
5.714285714285714,1.142836708073,0.1335135120285407,0.6767676767676766,0.14285714285714285,13.50550433503882,733442.3920527574
5.714285714285714,1.2694796296533,0.23860707607348014,0.686868686868687,0.14285714285714285,13.492967257161409,724304.5681585647
5.714285714285714,1.41015642805352,0.3437006401184105,0.6969696969696967,0.14285714285714285,13.480479405446577,715315.8021172719
5.714285714285714,1.56642226084696,0.44879420416335164,0.7070707070707073,0.14285714285714285,13.468041565298183,706473.9194626642
5.714285714285714,1.74000461967455,0.5538877682082868,0.7171717171717173,0.14285714285714285,13.455654503396364,697776.7606196199
5.714285714285714,1.93282242736499,0.6589813322532224,0.7272727272727274,0.14285714285714285,13.443318967617799,689222.1815572602
5.714285714285714,2.14700725129329,0.7640748962981553,0.7373737373737373,0.14285714285714285,13.431035686969128,680808.0544071492
5.714285714285714,2.38492686748792,0.8691684603430914,0.7474747474747475,0.14285714285714285,13.418805371533356,672532.2680472103
5.714285714285714,2.64921143598352,0.9742620243880249,0.7575757575757573,0.14285714285714285,13.406628712429006,664392.7286520052
5.714285714285714,2.94278257678333,1.0793555884329629,0.7676767676767676,0.14285714285714285,13.39450638178181,656387.3602100636
5.714285714285714,3.26888566786082,1.184449152477898,0.7777777777777777,0.14285714285714285,13.382439032708692,648514.105008973
5.714285714285714,3.63112572224959,1.289542716522833,0.7878787878787878,0.14285714285714285,13.370427299313814,640770.9240889505
5.714285714285714,4.0335072408363,1.3946362805677694,0.797979797979798,0.14285714285714285,13.358471796696422,633155.7976656505
5.714285714285714,4.48047848142245,1.4997298446127043,0.808080808080808,0.14285714285714285,13.346573120970236,625666.7255229448
5.714285714285714,4.97698063344183,1.6048234086576407,0.8181818181818182,0.14285714285714285,13.334731849294121,618301.7273764679
5.714285714285714,5.52850244195146,1.7099169727025751,0.8282828282828283,0.14285714285714285,13.322948539913774,611058.8432086925
5.714285714285714,6.14114088475497,1.8150105367475111,0.8383838383838383,0.14285714285714285,13.311223732214124,603936.1335763194
5.714285714285714,6.8216685734332,1.9201041007924453,0.8484848484848483,0.14285714285714285,13.299557946782194,596931.6798907928
5.714285714285714,7.57760862338904,2.0251976648373815,0.8585858585858586,0.14285714285714285,13.287951685480115,590043.5846727168
5.714285714285714,8.41731782058148,2.1302912288823177,0.8686868686868686,0.14285714285714285,13.276405431528007,583269.971780987
5.714285714285714,9.35007900434302,2.2353847929272526,0.8787878787878787,0.14285714285714285,13.264919649596445,576608.9866174394
5.714285714285714,10.3862036875563,2.3404783569721936,0.8888888888888893,0.14285714285714285,13.253494785908181,570058.7963077982
5.714285714285714,11.5371460486378,2.445571921017128,0.8989898989898993,0.14285714285714285,13.242131268348873,563617.5898597523
5.714285714285714,12.8156295554912,2.550665485062058,0.909090909090909,0.14285714285714285,13.23082950658646,557283.5782989182
5.714285714285714,14.2357876212352,2.6557590491069942,0.919191919191919,0.14285714285714285,13.219589892198933,551054.9947835043
5.714285714285714,15.8133198466305,2.7608526131519304,0.9292929292929293,0.14285714285714285,13.208412798810173,544930.0946984527
5.714285714285714,17.5656655764397,2.865946177196865,0.9393939393939392,0.14285714285714285,13.197298582233556,538907.1557298272
5.714285714285714,19.5121966883548,2.9710397412417997,0.9494949494949493,0.14285714285714285,13.186247580623027,532984.4779202213
5.714285714285714,21.6744317457404,3.0761333052867346,0.9595959595959593,0.14285714285714285,13.175260114631335,527160.383705939
5.714285714285714,24.0762738816144,3.1812268693316703,0.9696969696969694,0.14285714285714285,13.164336487575138,521433.21793670073
5.714285714285714,26.744275043632,3.2863204333766105,0.97979797979798,0.14285714285714285,13.153476985606675,515801.3478786091
5.714285714285714,29.707929521255,3.3914139974215445,0.98989898989899,0.14285714285714285,13.142681877891691,510263.16320108727
5.714285714285714,33.0,3.4965075614664802,1.0,0.14285714285714285,13.131951416793354,504817.0759485201
6.530612244897959,0.001,-6.907755278982137,0.0,0.163265306122449,14.402474101406025,1798518.9909801094
6.530612244897959,0.001110814537795,-6.802661714937222,0.010101010101008117,0.163265306122449,14.389171899694185,1774753.148041125
6.530612244897959,0.0012339089373767,-6.697568150892323,0.020202020202014698,0.163265306122449,14.37583994532497,1751249.2446713548
6.530612244897959,0.0013706439859533,-6.592474586847349,0.030303030303028534,0.163265306122449,14.362479443007986,1728007.2829510216
6.530612244897959,0.0015225312657382,-6.487381022802441,0.04040404040403597,0.163265306122449,14.349091608538467,1705027.1776416088
6.530612244897959,0.0016912498642295,-6.382287458757476,0.05050505050504887,0.163265306122449,14.335677668289119,1682308.7573731684
6.530612244897959,0.00187866493623,-6.277193894712534,0.06060606060605963,0.163265306122449,14.322238858692106,1659851.7658954442
6.530612244897959,0.00208684832281,-6.172100330667619,0.07070707070706775,0.163265306122449,14.308776425711521,1637655.8633900727
6.530612244897959,0.0023181014551505,-6.067006766622687,0.08080808080807748,0.163265306122449,14.295291624306914,1615720.6278414251
6.530612244897959,0.002574980796465,-5.961913202577741,0.0909090909090886,0.163265306122449,14.281785717888447,1594045.5564634905
6.530612244897959,0.0028603261032564,-5.856819638532781,0.10101010101010106,0.163265306122449,14.268259977764165,1572630.0671800552
6.530612244897959,0.0031772918183317,-5.751726074487876,0.11111111111110823,0.163265306122449,14.254715682580004,1551473.500155497
6.530612244897959,0.0035293819426201,-5.646632510442922,0.1212121212121201,0.163265306122449,14.241154117753021,1530575.11937331
6.530612244897959,0.0039204887712936,-5.541538946397998,0.13131313131312908,0.163265306122449,14.2275765748986,1509934.1142597515
6.530612244897959,0.0043549359224151,-5.436445382353058,0.14141414141413966,0.163265306122449,14.21398435125204,1489549.601349487
6.530612244897959,0.0048375261337845,-5.331351818308116,0.15151515151515035,0.163265306122449,14.200378749085292,1469420.6259905698
6.530612244897959,0.0053735943563712,-5.2262582542631755,0.16161616161616094,0.163265306122449,14.186761075119367,1449546.1640857242
6.530612244897959,0.0059690667312704,-5.121164690218244,0.17171717171717069,0.163265306122449,14.173132639933103,1429925.1238670887
6.530612244897959,0.0066305261021638,-5.016071126173304,0.18181818181818118,0.163265306122449,14.159494757368861,1410556.3477014417
6.530612244897959,0.0073652847875129,-4.910977562128371,0.19191919191919102,0.163265306122449,14.145848743935868,1391438.6139230686
6.530612244897959,0.0081814654169699,-4.80588399808343,0.20202020202020168,0.163265306122449,14.132195918211755,1372570.6386912663
6.530612244897959,0.0090880907256374,-4.700790434038493,0.21212121212121193,0.163265306122449,14.118537600243014,1353951.0778696793
6.530612244897959,0.0100951832988382,-4.595696869993551,0.22222222222222263,0.163265306122449,14.104875110944958,1335578.5289245062
6.530612244897959,0.0112138763700549,-4.490603305948624,0.23232323232323193,0.163265306122449,14.091209771501866,1317451.5328388067
6.530612244897959,0.0124565368968931,-4.385509741903686,0.24242424242424226,0.163265306122449,14.077542902767913,1299568.5760400011
6.530612244897959,0.013836902275649,-4.280416177858747,0.2525252525252527,0.163265306122449,14.063875824669584,1281928.0923378915
6.530612244897959,0.0153702322058399,-4.175322613813814,0.26262626262626254,0.163265306122449,14.050209855610127,1264528.4648703518
6.530612244897959,0.0170734773835322,-4.07022904976888,0.2727272727272725,0.163265306122449,14.03654631187674,1247368.0280540816
6.530612244897959,0.0189654668883421,-3.9651354857239447,0.2828282828282826,0.163265306122449,14.02288650705107,1230445.069537745
6.530612244897959,0.0210671163356406,-3.8600419216790063,0.292929292929293,0.163265306122449,14.009231751423645,1213757.8321549322
6.530612244897959,0.0234016590950486,-3.7549483576340705,0.3030303030303031,0.163265306122449,13.995583351412872,1197304.5158744294
6.530612244897959,0.0259949031313031,-3.649854793589135,0.3131313131313132,0.163265306122449,13.981942608989126,1181083.2797453206
6.530612244897959,0.0288755163068248,-3.5447612295442013,0.32323232323232315,0.163265306122449,13.968310821104593,1165092.2438345994
6.530612244897959,0.0320753432999582,-3.4396676654992664,0.33333333333333315,0.163265306122449,13.95468927912935,1149329.4911549017
6.530612244897959,0.0356297576423598,-3.3345741014543298,0.34343434343434337,0.163265306122449,13.941079268294317,1133793.0695802183
6.530612244897959,0.0395780527672466,-3.229480537409394,0.3535353535353535,0.163265306122449,13.927482067141543,1118480.9937473696
6.530612244897959,0.0439638763914761,-3.1243869733644574,0.3636363636363637,0.163265306122449,13.913898946982417,1103391.246941214
6.530612244897959,0.048835713033475,-3.019293409319523,0.3737373737373737,0.163265306122449,13.90033117136425,1088521.7829615823
6.530612244897959,0.0542474200011699,-2.914199845274587,0.3838383838383838,0.163265306122449,13.886779995545773,1073870.5279700768
6.530612244897959,0.060258822775172,-2.8091062812296523,0.3939393939393938,0.163265306122449,13.873246665981966,1059435.3823148776
6.530612244897959,0.0669363763690749,-2.7040127171847166,0.404040404040404,0.163265306122449,13.859732419818723,1045214.2223318851
6.530612244897959,0.0743538999780876,-2.5989191531397813,0.4141414141414141,0.163265306122449,13.846238484397743,1031204.9021205476
6.530612244897959,0.0825933930374168,-2.493825589094845,0.42424242424242425,0.163265306122449,13.832766076772085,1017405.2552928384
6.530612244897959,0.0917459417117808,-2.38873202504991,0.4343434343434343,0.163265306122449,13.819316403232765,1003813.0966939443
6.530612244897959,0.101912725837141,-2.283638461004973,0.44444444444444453,0.163265306122449,13.805890658846778,990426.2240933181
6.530612244897959,0.113206137446215,-2.1785448969600347,0.4545454545454549,0.163265306122449,13.792490027006869,977242.4198448153
6.530612244897959,0.125751023242877,-2.0734513329151003,0.46464646464646486,0.163265306122449,13.779115678993419,964259.4525147803
6.530612244897959,0.139686064760787,-1.9683577688701692,0.47474747474747453,0.163265306122449,13.765768773548716,951475.0784769775
6.530612244897959,0.155165311463659,-1.8632642048252352,0.48484848484848453,0.163265306122449,13.752450456463908,938887.043473393
6.530612244897959,0.172359883735326,-1.7581706407802946,0.49494949494949514,0.163265306122449,13.739161860178903,926493.0841400194
6.530612244897959,0.19145986458586,-1.6530770767353593,0.5050505050505052,0.163265306122449,13.725904103395456,914290.9294968111
6.530612244897959,0.212676400986239,-1.5479835126904273,0.5151515151515149,0.163265306122449,13.712678290703627,902278.3024010749
6.530612244897959,0.236244038061438,-1.442889948645492,0.5252525252525251,0.163265306122449,13.699485512221855,890452.9209636899
6.530612244897959,0.262423311946047,-1.3377963846005527,0.5353535353535355,0.163265306122449,13.686326843250784,878812.4999275968
6.530612244897959,0.291503629965987,-1.2327028205556183,0.5454545454545455,0.163265306122449,13.67320334394099,867354.752008075
6.530612244897959,0.323806469986239,-1.1276092565106834,0.5555555555555556,0.163265306122449,13.660116058974753,856077.3891944356
6.530612244897959,0.359688934292802,-1.0225156924657481,0.5656565656565656,0.163265306122449,13.647066017261965,844978.1240128184
6.530612244897959,0.399547697296443,-0.9174221284208132,0.5757575757575757,0.163265306122449,13.63405423165027,834054.6707498503
6.530612244897959,0.443823390699414,-0.8123285643758777,0.5858585858585857,0.163265306122449,13.621081698649474,823304.7466370056
6.530612244897959,0.49300547460239,-0.707235000330941,0.5959595959595959,0.163265306122449,13.608149398170319,812726.0729955941
6.530612244897959,0.547637648400869,-0.6021414362860068,0.606060606060606,0.163265306122449,13.595258293277562,802316.3763423164
6.530612244897959,0.608323861287565,-0.49704787224107067,0.6161616161616161,0.163265306122449,13.582409329957446,792073.3894554699
6.530612244897959,0.67573498880583,-0.39195430819613525,0.6262626262626262,0.163265306122449,13.569603436899499,781994.8524018859
6.530612244897959,0.750616249262273,-0.2868607441511999,0.6363636363636362,0.163265306122449,13.55684152529261,772078.513524757
6.530612244897959,0.833795441985706,-0.18176718010626372,0.6464646464646464,0.163265306122449,13.544124488635386,762322.1303926003
6.530612244897959,0.926192098504948,-0.07667361606132911,0.6565656565656565,0.163265306122449,13.531453202560664,752723.4707096078
6.530612244897959,1.02882764781018,0.028419947983610284,0.666666666666667,0.163265306122449,13.518828524674111,743280.313187722
6.530612244897959,1.142836708073,0.1335135120285407,0.6767676767676766,0.163265306122449,13.50625129440681,733990.4483808047
6.530612244897959,1.2694796296533,0.23860707607348014,0.686868686868687,0.163265306122449,13.493722332881704,724851.6794813244
6.530612244897959,1.41015642805352,0.3437006401184105,0.6969696969696967,0.163265306122449,13.481242442793773,715861.8230800284
6.530612244897959,1.56642226084696,0.44879420416335164,0.7070707070707073,0.163265306122449,13.46881240830377,707018.7098890798
6.530612244897959,1.74000461967455,0.5538877682082868,0.7171717171717173,0.163265306122449,13.45643299494539,698320.1854292346
6.530612244897959,1.93282242736499,0.6589813322532224,0.7272727272727274,0.163265306122449,13.444104949545663,689764.1106815973
6.530612244897959,2.14700725129329,0.7640748962981553,0.7373737373737373,0.163265306122449,13.431829000158391,681348.3627045793
6.530612244897959,2.38492686748792,0.8691684603430914,0.7474747474747475,0.163265306122449,13.41960585601044,673070.8352166914
6.530612244897959,2.64921143598352,0.9742620243880249,0.7575757575757573,0.163265306122449,13.407436207460663,664929.4391458256
6.530612244897959,2.94278257678333,1.0793555884329629,0.7676767676767676,0.163265306122449,13.395320725971233,656922.1031457116
6.530612244897959,3.26888566786082,1.184449152477898,0.7777777777777777,0.163265306122449,13.383260064091168,649046.774080253
6.530612244897959,3.63112572224959,1.289542716522833,0.7878787878787878,0.163265306122449,13.37125485545179,641301.4174764706
6.530612244897959,4.0335072408363,1.3946362805677694,0.797979797979798,0.163265306122449,13.359305714773884,633684.0179467826
6.530612244897959,4.48047848142245,1.4997298446127043,0.808080808080808,0.163265306122449,13.34741323788629,626192.5795813849
6.530612244897959,4.97698063344183,1.6048234086576407,0.8181818181818182,0.163265306122449,13.335578001755682,618825.1263114952
6.530612244897959,5.52850244195146,1.7099169727025751,0.8282828282828283,0.163265306122449,13.323800564527247,611579.7022442357
6.530612244897959,6.14114088475497,1.8150105367475111,0.8383838383838383,0.163265306122449,13.312081465576004,604454.3719699396
6.530612244897959,6.8216685734332,1.9201041007924453,0.8484848484848483,0.163265306122449,13.30042122556847,597447.2208426653
6.530612244897959,7.57760862338904,2.0251976648373815,0.8585858585858586,0.163265306122449,13.288820346534411,590556.3552347244
6.530612244897959,8.41731782058148,2.1302912288823177,0.8686868686868686,0.163265306122449,13.277279311948366,583779.9027660101
6.530612244897959,9.35007900434302,2.2353847929272526,0.8787878787878787,0.163265306122449,13.265798586820669,577116.0125089232
6.530612244897959,10.3862036875563,2.3404783569721936,0.8888888888888893,0.163265306122449,13.25437861779768,570562.8551697003
6.530612244897959,11.5371460486378,2.445571921017128,0.8989898989898993,0.163265306122449,13.243019833270907,564118.6232469237
6.530612244897959,12.8156295554912,2.550665485062058,0.909090909090909,0.163265306122449,13.231722643494756,557781.531168026
6.530612244897959,14.2357876212352,2.6557590491069942,0.919191919191919,0.163265306122449,13.220487440712569,551549.8154045419
6.530612244897959,15.8133198466305,2.7608526131519304,0.9292929292929293,0.163265306122449,13.209314599290705,545421.7345669246
6.530612244897959,17.5656655764397,2.865946177196865,0.9393939393939392,0.163265306122449,13.198204475860313,539395.5694796676
6.530612244897959,19.5121966883548,2.9710397412417997,0.9494949494949493,0.163265306122449,13.18715740946652,533469.6232375024
6.530612244897959,21.6744317457404,3.0761333052867346,0.9595959595959593,0.163265306122449,13.176173721724755,527642.2212434438
6.530612244897959,24.0762738816144,3.1812268693316703,0.9696969696969694,0.163265306122449,13.165253716983882,521911.7112294014
6.530612244897959,26.744275043632,3.2863204333766105,0.97979797979798,0.163265306122449,13.154397682495851,516276.46326009854
6.530612244897959,29.707929521255,3.3914139974215445,0.98989898989899,0.163265306122449,13.14360588859161,510734.8697210335
6.530612244897959,33.0,3.4965075614664802,1.0,0.163265306122449,13.132878588862914,505285.3452911584
7.346938775510204,0.001,-6.907755278982137,0.0,0.1836734693877551,14.402398583469624,1798383.1756656445
7.346938775510204,0.001110814537795,-6.802661714937222,0.010101010101008117,0.1836734693877551,14.389110249931335,1774643.7383030073
7.346938775510204,0.0012339089373767,-6.697568150892323,0.020202020202014698,0.1836734693877551,14.375792208783812,1751165.6480850317
7.346938775510204,0.0013706439859533,-6.592474586847349,0.030303030303028534,0.1836734693877551,14.362445661999114,1727948.9101076175
7.346938775510204,0.0015225312657382,-6.487381022802441,0.04040404040403597,0.1836734693877551,14.349071822563046,1704993.4423495226
7.346938775510204,0.0016912498642295,-6.382287458757476,0.05050505050504887,0.1836734693877551,14.335671913968026,1682299.0768562541
7.346938775510204,0.00187866493623,-6.277193894712534,0.06060606060605963,0.1836734693877551,14.322247169696285,1659865.5609877312
7.346938775510204,0.00208684832281,-6.172100330667619,0.07070707070706775,0.1836734693877551,14.308798832693642,1637692.5587268374
7.346938775510204,0.0023181014551505,-6.067006766622687,0.08080808080807748,0.1836734693877551,14.295328154834547,1615779.6520465526
7.346938775510204,0.002574980796465,-5.961913202577741,0.0909090909090886,0.1836734693877551,14.281836396378875,1594126.3423330016
7.346938775510204,0.0028603261032564,-5.856819638532781,0.10101010101010106,0.1836734693877551,14.268324825420994,1572732.0518616678
7.346938775510204,0.0031772918183317,-5.751726074487876,0.11111111111110823,0.1836734693877551,14.2547947173317,1551596.125324106
7.346938775510204,0.0035293819426201,-5.646632510442922,0.1212121212121201,0.1836734693877551,14.24124735419356,1530717.8314022934
7.346938775510204,0.0039204887712936,-5.541538946397998,0.13131313131312908,0.1836734693877551,14.227684024230324,1510096.3643879534
7.346938775510204,0.0043549359224151,-5.436445382353058,0.14141414141413966,0.1836734693877551,14.214106021230899,1489730.8458437747
7.346938775510204,0.0048375261337845,-5.331351818308116,0.15151515151515035,0.1836734693877551,14.200514643968582,1469620.3263038602
7.346938775510204,0.0053735943563712,-5.2262582542631755,0.16161616161616094,0.1836734693877551,14.18691119561611,1449763.7870103505
7.346938775510204,0.0059690667312704,-5.121164690218244,0.17171717171717069,0.1836734693877551,14.173296983157181,1430160.1416833994
7.346938775510204,0.0066305261021638,-5.016071126173304,0.18181818181818118,0.1836734693877551,14.159673316795043,1410808.2383215376
7.346938775510204,0.0073652847875129,-4.910977562128371,0.19191919191919102,0.1836734693877551,14.14604150935882,1391706.8610295458
7.346938775510204,0.0081814654169699,-4.80588399808343,0.20202020202020168,0.1836734693877551,14.132402875708173,1372854.7318709
7.346938775510204,0.0090880907256374,-4.700790434038493,0.21212121212121193,0.1836734693877551,14.118758732136957,1354250.5127419143
7.346938775510204,0.0100951832988382,-4.595696869993551,0.22222222222222263,0.1836734693877551,14.105110395776498,1335892.8072647057
7.346938775510204,0.0112138763700549,-4.490603305948624,0.23232323232323193,0.1836734693877551,14.091459183999124,1317780.1626961213
7.346938775510204,0.0124565368968931,-4.385509741903686,0.24242424242424226,0.1836734693877551,14.077806413822595,1299911.0718498386
7.346938775510204,0.013836902275649,-4.280416177858747,0.2525252525252527,0.1836734693877551,14.064153401316053,1282283.9750288548
7.346938775510204,0.0153702322058399,-4.175322613813814,0.26262626262626254,0.1836734693877551,14.050501461008121,1264897.2619656234
7.346938775510204,0.0170734773835322,-4.07022904976888,0.2727272727272725,0.1836734693877551,14.036851905297759,1247749.2737671672
7.346938775510204,0.0189654668883421,-3.9651354857239447,0.2828282828282826,0.1836734693877551,14.023206043868514,1230838.304862542
7.346938775510204,0.0210671163356406,-3.8600419216790063,0.292929292929293,0.1836734693877551,14.00956518310674,1214162.6049500655
7.346938775510204,0.0234016590950486,-3.7549483576340705,0.3030303030303031,0.1836734693877551,13.995930625524403,1197720.3809418185
7.346938775510204,0.0259949031313031,-3.649854793589135,0.3131313131313132,0.1836734693877551,13.982303669187038,1181509.7989029684
7.346938775510204,0.0288755163068248,-3.5447612295442013,0.32323232323232315,0.1836734693877551,13.968685607147444,1165528.9859835415
7.346938775510204,0.0320753432999582,-3.4396676654992664,0.33333333333333315,0.1836734693877551,13.955077726885674,1149776.0323403634
7.346938775510204,0.0356297576423598,-3.3345741014543298,0.34343434343434337,0.1836734693877551,13.941481309755849,1134248.9930469147
7.346938775510204,0.0395780527672466,-3.229480537409394,0.3535353535353535,0.1836734693877551,13.927897630440347,1118945.889988998
7.346938775510204,0.0439638763914761,-3.1243869733644574,0.3636363636363637,0.1836734693877551,13.914327956411874,1103864.7137441316
7.346938775510204,0.048835713033475,-3.019293409319523,0.3737373737373737,0.1836734693877551,13.900773547403919,1089003.4254427135
7.346938775510204,0.0542474200011699,-2.914199845274587,0.3838383838383838,0.1836734693877551,13.887235654890047,1074359.9586090406
7.346938775510204,0.060258822775172,-2.8091062812296523,0.3939393939393938,0.1836734693877551,13.873715521572551,1059932.2209804307
7.346938775510204,0.0669363763690749,-2.7040127171847166,0.404040404040404,0.1836734693877551,13.86021438088084,1045718.0963026842
7.346938775510204,0.0743538999780876,-2.5989191531397813,0.4141414141414141,0.1836734693877551,13.846733456480044,1031715.4461003137
7.346938775510204,0.0825933930374168,-2.493825589094845,0.42424242424242425,0.1836734693877551,13.83327396179019,1017922.1114199754
7.346938775510204,0.0917459417117808,-2.38873202504991,0.4343434343434343,0.1836734693877551,13.819837099516397,1004335.9145456973
7.346938775510204,0.101912725837141,-2.283638461004973,0.44444444444444453,0.1836734693877551,13.806424061190375,990954.6606845388
7.346938775510204,0.113206137446215,-2.1785448969600347,0.4545454545454549,0.1836734693877551,13.793036026723652,977776.1396214431
7.346938775510204,0.125751023242877,-2.0734513329151003,0.46464646464646486,0.1836734693877551,13.779674163972778,964798.127342114
7.346938775510204,0.139686064760787,-1.9683577688701692,0.47474747474747453,0.1836734693877551,13.766339628316862,952018.387622852
7.346938775510204,0.155165311463659,-1.8632642048252352,0.48484848484848453,0.1836734693877551,13.753033562247674,939434.6735863719
7.346938775510204,0.172359883735326,-1.7581706407802946,0.49494949494949514,0.1836734693877551,13.739757094972619,927044.7292227225
7.346938775510204,0.19145986458586,-1.6530770767353593,0.5050505050505052,0.1836734693877551,13.726511342030745,914846.2908744739
7.346938775510204,0.212676400986239,-1.5479835126904273,0.5151515151515149,0.1836734693877551,13.713297404922079,902837.0886855102
7.346938775510204,0.236244038061438,-1.442889948645492,0.5252525252525251,0.1836734693877551,13.700116370750402,891014.8480127488
7.346938775510204,0.262423311946047,-1.3377963846005527,0.5353535353535355,0.1836734693877551,13.686969311879693,879377.290800275
7.346938775510204,0.291503629965987,-1.2327028205556183,0.5454545454545455,0.1836734693877551,13.673857285604344,867922.1369154159
7.346938775510204,0.323806469986239,-1.1276092565106834,0.5555555555555556,0.1836734693877551,13.66078133383329,856647.1054463658
7.346938775510204,0.359688934292802,-1.0225156924657481,0.5656565656565656,0.1836734693877551,13.647742482788157,845549.9159610656
7.346938775510204,0.399547697296443,-0.9174221284208132,0.5757575757575757,0.1836734693877551,13.6347417427155,834628.2897271005
7.346938775510204,0.443823390699414,-0.8123285643758777,0.5858585858585857,0.1836734693877551,13.621780107613196,823879.9508924544
7.346938775510204,0.49300547460239,-0.707235000330941,0.5959595959595959,0.1836734693877551,13.608858554971027,813302.627627028
7.346938775510204,0.547637648400869,-0.6021414362860068,0.606060606060606,0.1836734693877551,13.595978045525495,802894.0532249215
7.346938775510204,0.608323861287565,-0.49704787224107067,0.6161616161616161,0.1836734693877551,13.583139523028837,792651.9671674944
7.346938775510204,0.67573498880583,-0.39195430819613525,0.6262626262626262,0.1836734693877551,13.570343914032245,782574.1161473255
7.346938775510204,0.750616249262273,-0.2868607441511999,0.6363636363636362,0.1836734693877551,13.557592127683247,772658.2550532377
7.346938775510204,0.833795441985706,-0.18176718010626372,0.6464646464646464,0.1836734693877551,13.544885055537199,762902.1479166017
7.346938775510204,0.926192098504948,-0.07667361606132911,0.6565656565656565,0.1836734693877551,13.532223571382817,753303.5688192046
7.346938775510204,1.02882764781018,0.028419947983610284,0.666666666666667,0.1836734693877551,13.519608531081643,743860.3027629867
7.346938775510204,1.142836708073,0.1335135120285407,0.6767676767676766,0.1836734693877551,13.507040772421373,734570.1465020516
7.346938775510204,1.2694796296533,0.23860707607348014,0.686868686868687,0.1836734693877551,13.4945211149829,725430.9093373383
7.346938775510204,1.41015642805352,0.3437006401184105,0.6969696969696967,0.1836734693877551,13.482050360020954,716440.4138744394
7.346938775510204,1.56642226084696,0.44879420416335164,0.7070707070707073,0.1836734693877551,13.469629290358174,707596.4967450441
7.346938775510204,1.74000461967455,0.5538877682082868,0.7171717171717173,0.1836734693877551,13.457258670292479,698897.0092925698
7.346938775510204,1.93282242736499,0.6589813322532224,0.7272727272727274,0.1836734693877551,13.444939245517526,690339.8182225225
7.346938775510204,2.14700725129329,0.7640748962981553,0.7373737373737373,0.1836734693877551,13.432671743056103,681922.8062182135
7.346938775510204,2.38492686748792,0.8691684603430914,0.7474747474747475,0.1836734693877551,13.420456871206229,673643.8725224462
7.346938775510204,2.64921143598352,0.9742620243880249,0.7575757575757573,0.1836734693877551,13.40829531949979,665500.933485849
7.346938775510204,2.94278257678333,1.0793555884329629,0.7676767676767676,0.1836734693877551,13.396187758673438,657491.9230825033
7.346938775510204,3.26888566786082,1.184449152477898,0.7777777777777777,0.1836734693877551,13.384134840651596,649614.7933936082
7.346938775510204,3.63112572224959,1.289542716522833,0.7878787878787878,0.1836734693877551,13.372137198541251,641867.5150598612
7.346938775510204,4.0335072408363,1.3946362805677694,0.797979797979798,0.1836734693877551,13.360195446638363,634248.0777033203
7.346938775510204,4.48047848142245,1.4997298446127043,0.808080808080808,0.1836734693877551,13.348310180445601,626754.4903194925
7.346938775510204,4.97698063344183,1.6048234086576407,0.8181818181818182,0.1836734693877551,13.336481976701139,619384.7816403866
7.346938775510204,5.52850244195146,1.7099169727025751,0.8282828282828283,0.1836734693877551,13.324711393418282,612137.0004693443
7.346938775510204,6.14114088475497,1.8150105367475111,0.8383838383838383,0.1836734693877551,13.31299896993562,605009.2159883912
7.346938775510204,6.8216685734332,1.9201041007924453,0.8484848484848483,0.1836734693877551,13.301345226977444,597999.5180389102
7.346938775510204,7.57760862338904,2.0251976648373815,0.8585858585858586,0.1836734693877551,13.289750666724158,591106.0173764324
7.346938775510204,8.41731782058148,2.1302912288823177,0.8686868686868686,0.1836734693877551,13.27821577289238,584326.8459003227
7.346938775510204,9.35007900434302,2.2353847929272526,0.8787878787878787,0.1836734693877551,13.266741010824468,577660.1568591631
7.346938775510204,10.3862036875563,2.3404783569721936,0.8888888888888893,0.1836734693877551,13.25532682758716,571104.1250326223
7.346938775510204,11.5371460486378,2.445571921017128,0.8989898989898993,0.1836734693877551,13.243973652079067,564656.9468906054
7.346938775510204,12.8156295554912,2.550665485062058,0.909090909090909,0.1836734693877551,13.232681895146696,558316.840730464
7.346938775510204,14.2357876212352,2.6557590491069942,0.919191919191919,0.1836734693877551,13.221451949708717,552082.0467930442
7.346938775510204,15.8133198466305,2.7608526131519304,0.9292929292929293,0.1836734693877551,13.2102841908882,545950.8273583634
7.346938775510204,17.5656655764397,2.865946177196865,0.9393939393939392,0.1836734693877551,13.199178976152496,539921.4668216656
7.346938775510204,19.5121966883548,2.9710397412417997,0.9494949494949493,0.1836734693877551,13.188136645460492,533992.2717506213
7.346938775510204,21.6744317457404,3.0761333052867346,0.9595959595959593,0.1836734693877551,13.17715752141694,528161.5709244264
7.346938775510204,24.0762738816144,3.1812268693316703,0.9696969696969694,0.1836734693877551,13.166241909433545,522427.7153555288
7.346938775510204,26.744275043632,3.2863204333766105,0.97979797979798,0.1836734693877551,13.155390097896568,516789.07829472044
7.346938775510204,29.707929521255,3.3914139974215445,0.98989898989899,0.1836734693877551,13.144602358340606,511244.05522030813
7.346938775510204,33.0,3.4965075614664802,1.0,0.1836734693877551,13.133878945628288,505791.06381206337
8.16326530612245,0.001,-6.907755278982137,0.0,0.20408163265306123,14.402265384244544,1798143.6483730264
8.16326530612245,0.001110814537795,-6.802661714937222,0.010101010101008117,0.20408163265306123,14.388992512938838,1774434.809386079
8.16326530612245,0.0012339089373767,-6.697568150892323,0.020202020202014698,0.20408163265306123,14.375689984502912,1750986.6455852767
8.16326530612245,0.0013706439859533,-6.592474586847349,0.030303030303028534,0.20408163265306123,14.362358997734503,1727799.165174899
8.16326530612245,0.0015225312657382,-6.487381022802441,0.04040404040403597,0.20408163265306123,14.349000762373468,1704872.2894969035
8.16326530612245,0.0016912498642295,-6.382287458757476,0.05050505050504887,0.20408163265306123,14.335616498595975,1682205.8542100166
8.16326530612245,0.00187866493623,-6.277193894712534,0.06060606060605963,0.20408163265306123,14.322207436499188,1659799.6105324621
8.16326530612245,0.00208684832281,-6.172100330667619,0.07070707070706775,0.20408163265306123,14.308774815576665,1637653.2265454084
8.16326530612245,0.0023181014551505,-6.067006766622687,0.08080808080807748,0.20408163265306123,14.295319884185202,1615766.2885548957
8.16326530612245,0.002574980796465,-5.961913202577741,0.0909090909090886,0.20408163265306123,14.281843899003531,1594138.3025094697
8.16326530612245,0.0028603261032564,-5.856819638532781,0.10101010101010106,0.20408163265306123,14.26834812448347,1572768.6954708823
8.16326530612245,0.0031772918183317,-5.751726074487876,0.11111111111110823,0.20408163265306123,14.254833832294077,1551656.817135143
8.16326530612245,0.0035293819426201,-5.646632510442922,0.1212121212121201,0.20408163265306123,14.241302300759335,1530801.9414010572
8.16326530612245,0.0039204887712936,-5.541538946397998,0.13131313131312908,0.20408163265306123,14.227754814290066,1510203.2679836147
8.16326530612245,0.0043549359224151,-5.436445382353058,0.14141414141413966,0.20408163265306123,14.214192662810516,1489859.9240691534
8.16326530612245,0.0048375261337845,-5.331351818308116,0.15151515151515035,0.20408163265306123,14.200617141180349,1469770.9660096052
8.16326530612245,0.0053735943563712,-5.2262582542631755,0.16161616161616094,0.20408163265306123,14.187029548612557,1449935.3810528177
8.16326530612245,0.0059690667312704,-5.121164690218244,0.17171717171717069,0.20408163265306123,14.17343118808798,1430352.0891061022
8.16326530612245,0.0066305261021638,-5.016071126173304,0.18181818181818118,0.20408163265306123,14.159823365767,1411019.9445300782
8.16326530612245,0.0073652847875129,-4.910977562128371,0.19191919191919102,0.20408163265306123,14.146207390399077,1391937.737959909
8.16326530612245,0.0081814654169699,-4.80588399808343,0.20202020202020168,0.20408163265306123,14.132584572730726,1373104.1981510327
8.16326530612245,0.0090880907256374,-4.700790434038493,0.21212121212121193,0.20408163265306123,14.118956224912582,1354517.9938464905
8.16326530612245,0.0100951832988382,-4.595696869993551,0.22222222222222263,0.20408163265306123,14.105323659906162,1336177.7356629954
8.16326530612245,0.0112138763700549,-4.490603305948624,0.23232323232323193,0.20408163265306123,14.091688190890999,1318081.977992927
8.16326530612245,0.0124565368968931,-4.385509741903686,0.24242424242424226,0.20408163265306123,14.078051130672698,1300229.2209193872
8.16326530612245,0.013836902275649,-4.280416177858747,0.2525252525252527,0.20408163265306123,14.06441379109263,1282617.912141638
8.16326530612245,0.0153702322058399,-4.175322613813814,0.26262626262626254,0.20408163265306123,14.050777482439788,1265246.4489081053
8.16326530612245,0.0170734773835322,-4.07022904976888,0.2727272727272725,0.20408163265306123,14.037143512865493,1248113.1799543523
8.16326530612245,0.0189654668883421,-3.9651354857239447,0.2828282828282826,0.20408163265306123,14.023513187801507,1231216.4074433604
8.16326530612245,0.0210671163356406,-3.8600419216790063,0.292929292929293,0.20408163265306123,14.009887809382171,1214554.388905568
8.16326530612245,0.0234016590950486,-3.7549483576340705,0.3030303030303031,0.20408163265306123,13.996268675871145,1198125.3391761743
8.16326530612245,0.0259949031313031,-3.649854793589135,0.3131313131313132,0.20408163265306123,13.982657081093327,1181927.4323272633
8.16326530612245,0.0288755163068248,-3.5447612295442013,0.32323232323232315,0.20408163265306123,13.969054313872526,1165958.8035924037
8.16326530612245,0.0320753432999582,-3.4396676654992664,0.33333333333333315,0.20408163265306123,13.955461657475412,1150217.5512814166
8.16326530612245,0.0356297576423598,-3.3345741014543298,0.34343434343434337,0.20408163265306123,13.94188038906231,1134701.738683113
8.16326530612245,0.0395780527672466,-3.229480537409394,0.3535353535353535,0.20408163265306123,13.928311779145359,1119409.3959538878
8.16326530612245,0.0439638763914761,-3.1243869733644574,0.3636363636363637,0.20408163265306123,13.914757091054502,1104338.521990069
8.16326530612245,0.048835713033475,-3.019293409319523,0.3737373737373737,0.20408163265306123,13.901217580411858,1089487.086282111
8.16326530612245,0.0542474200011699,-2.914199845274587,0.3838383838383838,0.20408163265306123,13.887694494614907,1074853.0307487415
8.16326530612245,0.060258822775172,-2.8091062812296523,0.3939393939393938,0.20408163265306123,13.874189072328948,1060434.2715492363
8.16326530612245,0.0669363763690749,-2.7040127171847166,0.404040404040404,0.20408163265306123,13.860702542989289,1046228.7008721796
8.16326530612245,0.0743538999780876,-2.5989191531397813,0.4141414141414141,0.20408163265306123,13.847236126313568,1032234.1886990548
8.16326530612245,0.0825933930374168,-2.493825589094845,0.42424242424242425,0.20408163265306123,13.833791031824594,1018448.5845411549
8.16326530612245,0.0917459417117808,-2.38873202504991,0.4343434343434343,0.20408163265306123,13.820368458384118,1004869.7191484076
8.16326530612245,0.101912725837141,-2.283638461004973,0.44444444444444453,0.20408163265306123,13.806969593737863,991495.4061887523
8.16326530612245,0.113206137446215,-2.1785448969600347,0.4545454545454549,0.20408163265306123,13.793595614072157,978323.4438968375
8.16326530612245,0.125751023242877,-2.0734513329151003,0.46464646464646486,0.20408163265306123,13.78024768358249,965351.6166908834
8.16326530612245,0.139686064760787,-1.9683577688701692,0.47474747474747453,0.20408163265306123,13.76692695405428,952577.6967566457
8.16326530612245,0.155165311463659,-1.8632642048252352,0.48484848484848453,0.20408163265306123,13.753634564456133,939999.4455975133
8.16326530612245,0.172359883735326,-1.7581706407802946,0.49494949494949514,0.20408163265306123,13.74037164054583,927614.6155498584
8.16326530612245,0.19145986458586,-1.6530770767353593,0.5050505050505052,0.20408163265306123,13.727139294489277,915420.951262825
8.16326530612245,0.212676400986239,-1.5479835126904273,0.5151515151515149,0.20408163265306123,13.713938624492645,903416.1911418804
8.16326530612245,0.236244038061438,-1.442889948645492,0.5252525252525251,0.20408163265306123,13.700770714447838,891598.0687554666
8.16326530612245,0.262423311946047,-1.3377963846005527,0.5353535353535355,0.20408163265306123,13.687636633591504,879964.3142042465
8.16326530612245,0.291503629965987,-1.2327028205556183,0.5454545454545455,0.20408163265306123,13.674537436177696,868512.6554524598
8.16326530612245,0.323806469986239,-1.1276092565106834,0.5555555555555556,0.20408163265306123,13.661474161164316,857240.8196210177
8.16326530612245,0.359688934292802,-1.0225156924657481,0.5656565656565656,0.20408163265306123,13.648447831913446,846146.5342420322
8.16326530612245,0.399547697296443,-0.9174221284208132,0.5757575757575757,0.20408163265306123,13.63545945590564,835227.528474555
8.16326530612245,0.443823390699414,-0.8123285643758777,0.5858585858585857,0.20408163265306123,13.622510024468223,824481.5342813482
8.16326530612245,0.49300547460239,-0.707235000330941,0.5959595959595959,0.20408163265306123,13.609600512517671,813906.2875666325
8.16326530612245,0.547637648400869,-0.6021414362860068,0.606060606060606,0.20408163265306123,13.596731878316048,803499.5292747597
8.16326530612245,0.608323861287565,-0.49704787224107067,0.6161616161616161,0.20408163265306123,13.583905063241525,793259.0064498718
8.16326530612245,0.67573498880583,-0.39195430819613525,0.6262626262626262,0.20408163265306123,13.571120991572974,783182.4732566494
8.16326530612245,0.750616249262273,-0.2868607441511999,0.6363636363636362,0.20408163265306123,13.55838057028856,773267.6919623092
8.16326530612245,0.833795441985706,-0.18176718010626372,0.6464646464646464,0.20408163265306123,13.54568468887832,763512.4338800716
8.16326530612245,0.926192098504948,-0.07667361606132911,0.6565656565656565,0.20408163265306123,13.533034219170633,753914.4802743765
8.16326530612245,1.02882764781018,0.028419947983610284,0.666666666666667,0.20408163265306123,13.520430015172497,744471.6232281647
8.16326530612245,1.142836708073,0.1335135120285407,0.6767676767676766,0.20408163265306123,13.507872912923524,735181.6664726072
8.16326530612245,1.2694796296533,0.23860707607348014,0.686868686868687,0.20408163265306123,13.495363730363506,726042.4261796797
8.16326530612245,1.41015642805352,0.3437006401184105,0.6969696969696967,0.20408163265306123,13.482903267213455,717051.7317180653
8.16326530612245,1.56642226084696,0.44879420416335164,0.7070707070707073,0.20408163265306123,13.470492304869941,708207.4263728596
8.16326530612245,1.74000461967455,0.5538877682082868,0.7171717171717173,0.20408163265306123,13.458131606312582,699507.3680296285
8.16326530612245,1.93282242736499,0.6589813322532224,0.7272727272727274,0.20408163265306123,13.445821916024519,690949.4298233814
8.16326530612245,2.14700725129329,0.7640748962981553,0.7373737373737373,0.20408163265306123,13.433563959925664,682531.5007530466
8.16326530612245,2.38492686748792,0.8691684603430914,0.7474747474747475,0.20408163265306123,13.421358445318573,674251.4862621032
8.16326530612245,2.64921143598352,0.9742620243880249,0.7575757575757573,0.20408163265306123,13.409206060846685,666107.3087859881
8.16326530612245,2.94278257678333,1.0793555884329629,0.7676767676767676,0.20408163265306123,13.397107476464761,658096.9082669868
8.16326530612245,3.26888566786082,1.184449152477898,0.7777777777777777,0.20408163265306123,13.38506334342125,650218.2426372754
8.16326530612245,3.63112572224959,1.289542716522833,0.7878787878787878,0.20408163265306123,13.373074294252389,642469.2882708524
8.16326530612245,4.0335072408363,1.3946362805677694,0.797979797979798,0.20408163265306123,13.361140942787785,634848.0404050838
8.16326530612245,4.48047848142245,1.4997298446127043,0.808080808080808,0.20408163265306123,13.349263884167197,627352.5135325913
8.16326530612245,4.97698063344183,1.6048234086576407,0.8181818181818182,0.20408163265306123,13.337443694868327,619980.7417642752
8.16326530612245,5.52850244195146,1.7099169727025751,0.8282828282828283,0.20408163265306123,13.325680932745293,612730.779164203
8.16326530612245,6.14114088475497,1.8150105367475111,0.8383838383838383,0.20408163265306123,13.313976137077566,605600.7000571626
8.16326530612245,6.8216685734332,1.9201041007924453,0.8484848484848483,0.20408163265306123,13.302329828629063,598588.5993096443
8.16326530612245,7.57760862338904,2.0251976648373815,0.8585858585858586,0.20408163265306123,13.290742509717164,591692.5925850592
8.16326530612245,8.41731782058148,2.1302912288823177,0.8686868686868686,0.20408163265306123,13.279214664291318,584910.8165739462
8.16326530612245,9.35007900434302,2.2353847929272526,0.8787878787878787,0.20408163265306123,13.267746758021008,578241.4291999931
8.16326530612245,10.3862036875563,2.3404783569721936,0.8888888888888893,0.20408163265306123,13.256339238392755,571682.6098026301
8.16326530612245,11.5371460486378,2.445571921017128,0.8989898989898993,0.20408163265306123,13.244992534815895,565232.5592969978
8.16326530612245,12.8156295554912,2.550665485062058,0.909090909090909,0.20408163265306123,13.233707058736819,558889.5003120562
8.16326530612245,14.2357876212352,2.6557590491069942,0.919191919191919,0.20408163265306123,13.222483203761414,552651.6773076261
8.16326530612245,15.8133198466305,2.7608526131519304,0.9292929292929293,0.20408163265306123,13.211321345785393,546517.3566711267
8.16326530612245,17.5656655764397,2.865946177196865,0.9393939393939392,0.20408163265306123,13.200221843132226,540484.8267947608
8.16326530612245,19.5121966883548,2.9710397412417997,0.9494949494949493,0.20408163265306123,13.18918503669839,534552.398133922
8.16326530612245,21.6744317457404,3.0761333052867346,0.9595959595959593,0.20408163265306123,13.178211250105639,528718.4032475519
8.16326530612245,24.0762738816144,3.1812268693316703,0.9696969696969694,0.20408163265306123,13.167300789860017,522981.1968211954
8.16326530612245,26.744275043632,3.2863204333766105,0.97979797979798,0.20408163265306123,13.156453945517317,517339.1556734685
8.16326530612245,29.707929521255,3.3914139974215445,0.98989898989899,0.20408163265306123,13.145670989854692,511790.6787466496
8.16326530612245,33.0,3.4965075614664802,1.0,0.20408163265306123,13.134952179048154,506334.18708210636
8.979591836734695,0.001,-6.907755278982137,0.0,0.22448979591836737,14.402075612676049,1797802.444208944
8.979591836734695,0.001110814537795,-6.802661714937222,0.010101010101008117,0.22448979591836737,14.388819791581842,1774128.3530644379
8.979591836734695,0.0012339089373767,-6.697568150892323,0.020202020202014698,0.22448979591836737,14.37553436887932,1750714.1859065632
8.979591836734695,0.0013706439859533,-6.592474586847349,0.030303030303028534,0.22448979591836737,14.362220539755178,1727559.9541545282
8.979591836734695,0.0015225312657382,-6.487381022802441,0.04040404040403597,0.22448979591836737,14.34887951026726,1704665.5826730586
8.979591836734695,0.0016912498642295,-6.382287458757476,0.05050505050504887,0.22448979591836737,14.335512496840396,1682030.9109452942
8.979591836734695,0.00187866493623,-6.277193894712534,0.06060606060605963,0.22448979591836737,14.322120725752862,1659655.694309114
8.979591836734695,0.00208684832281,-6.172100330667619,0.07070707070706775,0.22448979591836737,14.30870543261371,1637539.6052539935
8.979591836734695,0.0023181014551505,-6.067006766622687,0.08080808080807748,0.22448979591836737,14.295267861831661,1615682.2347761488
8.979591836734695,0.002574980796465,-5.961913202577741,0.0909090909090886,0.22448979591836737,14.281809266076031,1594083.093789239
8.979591836734695,0.0028603261032564,-5.856819638532781,0.10101010101010106,0.22448979591836737,14.268330905730217,1572741.6145879405
8.979591836734695,0.0031772918183317,-5.751726074487876,0.11111111111110823,0.22448979591836737,14.254834048338328,1551657.152361714
8.979591836734695,0.0035293819426201,-5.646632510442922,0.1212121212121201,0.22448979591836737,14.241319968045497,1530828.9867559215
8.979591836734695,0.0039204887712936,-5.541538946397998,0.13131313131312908,0.22448979591836737,14.227789945032525,1510256.323477617
8.979591836734695,0.0043549359224151,-5.436445382353058,0.14141414141413966,0.22448979591836737,14.214245264945337,1489938.2959429885
8.979591836734695,0.0048375261337845,-5.331351818308116,0.15151515151515035,0.22448979591836737,14.200687218319963,1469873.966963756
8.979591836734695,0.0053735943563712,-5.2262582542631755,0.16161616161616094,0.22448979591836737,14.187117100003556,1450062.3304695056
8.979591836734695,0.0059690667312704,-5.121164690218244,0.17171717171717069,0.22448979591836737,14.173536208572115,1430502.3132631523
8.979591836734695,0.0066305261021638,-5.016071126173304,0.18181818181818118,0.22448979591836737,14.159945845745503,1411192.7768065813
8.979591836734695,0.0073652847875129,-4.910977562128371,0.19191919191919102,0.22448979591836737,14.146347315800398,1392132.519033599
8.979591836734695,0.0081814654169699,-4.80588399808343,0.20202020202020168,0.22448979591836737,14.13274192498177,1373320.2761872667
8.979591836734695,0.0090880907256374,-4.700790434038493,0.21212121212121193,0.22448979591836737,14.119130980913553,1354754.7246788032
8.979591836734695,0.0100951832988382,-4.595696869993551,0.22222222222222263,0.22448979591836737,14.10551579200908,1336434.4829651292
8.979591836734695,0.0112138763700549,-4.490603305948624,0.23232323232323193,0.22448979591836737,14.091897666881943,1318358.1134422766
8.979591836734695,0.0124565368968931,-4.385509741903686,0.24242424242424226,0.22448979591836737,14.07827791375789,1300524.1243518563
8.979591836734695,0.013836902275649,-4.280416177858747,0.2525252525252527,0.22448979591836737,14.064657839888362,1282930.971697831
8.979591836734695,0.0153702322058399,-4.175322613813814,0.26262626262626254,0.22448979591836737,14.051038750966285,1265577.0611708758
8.979591836734695,0.0170734773835322,-4.07022904976888,0.2727272727272725,0.22448979591836737,14.037421950544731,1248460.7500776693
8.979591836734695,0.0189654668883421,-3.9651354857239447,0.2828282828282826,0.22448979591836737,14.023808739459028,1231580.3492725035
8.979591836734695,0.0210671163356406,-3.8600419216790063,0.292929292929293,0.22448979591836737,14.010200415252921,1214934.125088673
8.979591836734695,0.0234016590950486,-3.7549483576340705,0.3030303030303031,0.22448979591836737,13.996598271609356,1198520.3012671452
8.979591836734695,0.0259949031313031,-3.649854793589135,0.3131313131313132,0.22448979591836737,13.983003597786453,1182337.0608800952
8.979591836734695,0.0288755163068248,-3.5447612295442013,0.32323232323232315,0.22448979591836737,13.969417678059235,1166382.548246961
8.979591836734695,0.0320753432999582,-3.4396676654992664,0.33333333333333315,0.22448979591836737,13.955841791167623,1150654.8708407143
8.979591836734695,0.0356297576423598,-3.3345741014543298,0.34343434343434337,0.22448979591836737,13.942277209771287,1135152.1011822075
8.979591836734695,0.0395780527672466,-3.229480537409394,0.3535353535353535,0.22448979591836737,13.9287251999118,1119872.2787204047
8.979591836734695,0.0439638763914761,-3.1243869733644574,0.3636363636363637,0.22448979591836737,13.915187020482634,1104813.4116965067
8.979591836734695,0.048835713033475,-3.019293409319523,0.3737373737373737,0.22448979591836737,13.90166392270748,1089973.478989996
8.979591836734695,0.0542474200011699,-2.914199845274587,0.3838383838383838,0.22448979591836737,13.888157149627345,1075350.4319447572
8.979591836734695,0.060258822775172,-2.8091062812296523,0.3939393939393938,0.22448979591836737,13.874667935596868,1060942.1961734418
8.979591836734695,0.0669363763690749,-2.7040127171847166,0.404040404040404,0.22448979591836737,13.861197505790319,1046746.6733384576
8.979591836734695,0.0743538999780876,-2.5989191531397813,0.4141414141414141,0.22448979591836737,13.84774707571764,1032761.7429079104
8.979591836734695,0.0825933930374168,-2.493825589094845,0.42424242424242425,0.22448979591836737,13.834317850750972,1018985.2638850396
8.979591836734695,0.0917459417117808,-2.38873202504991,0.4343434343434343,0.22448979591836737,13.820911025662003,1005415.0765097055
8.979591836734695,0.101912725837141,-2.283638461004973,0.44444444444444453,0.22448979591836737,13.807527784170498,992049.0039305957
8.979591836734695,0.113206137446215,-2.1785448969600347,0.4545454545454549,0.22448979591836737,13.79416929850436,978884.853846937
8.979591836734695,0.125751023242877,-2.0734513329151003,0.46464646464646486,0.22448979591836737,13.78083672897149,965920.4201185311
8.979591836734695,0.139686064760787,-1.9683577688701692,0.47474747474747453,0.22448979591836737,13.767531223543779,953153.4843430874
8.979591836734695,0.155165311463659,-1.8632642048252352,0.48484848484848453,0.22448979591836737,13.75425391745348,940581.8173998933
8.979591836734695,0.172359883735326,-1.7581706407802946,0.49494949494949514,0.22448979591836737,13.741005932802189,928203.1809588951
8.979591836734695,0.19145986458586,-1.6530770767353593,0.5050505050505052,0.22448979591836737,13.72778837818269,916015.328954465
8.979591836734695,0.212676400986239,-1.5479835126904273,0.5151515151515149,0.22448979591836737,13.714602348313859,904016.0090230999
8.979591836734695,0.236244038061438,-1.442889948645492,0.5252525252525251,0.22448979591836737,13.701448923688769,892202.9639044467
8.979591836734695,0.262423311946047,-1.3377963846005527,0.5353535353535355,0.22448979591836737,13.68832917023623,880573.9328051296
8.979591836734695,0.291503629965987,-1.2327028205556183,0.5454545454545455,0.22448979591836737,13.675244138995838,869126.6527249078
8.979591836734695,0.323806469986239,-1.1276092565106834,0.5555555555555556,0.22448979591836737,13.662194865806674,857858.859744779
8.979591836734695,0.359688934292802,-1.0225156924657481,0.5656565656565656,0.22448979591836737,13.649182371009758,846768.2902767443
8.979591836734695,0.399547697296443,-0.9174221284208132,0.5757575757575757,0.22448979591836737,13.636207659164329,835852.6822749984
8.979591836734695,0.443823390699414,-0.8123285643758777,0.5858585858585857,0.22448979591836737,13.623271718778007,825109.7764083843
8.979591836734695,0.49300547460239,-0.707235000330941,0.5959595959595959,0.22448979591836737,13.61037552205086,814537.3171940227
8.979591836734695,0.547637648400869,-0.6021414362860068,0.606060606060606,0.22448979591836737,13.597520024633441,804133.054092117
8.979591836734695,0.608323861287565,-0.49704787224107067,0.6161616161616161,0.22448979591836737,13.58470616539872,793894.7425619382
8.979591836734695,0.67573498880583,-0.39195430819613525,0.6262626262626262,0.22448979591836737,13.57193486622797,783820.1450791387
8.979591836734695,0.750616249262273,-0.2868607441511999,0.6363636363636362,0.22448979591836737,13.559207031810521,773907.0321145188
8.979591836734695,0.833795441985706,-0.18176718010626372,0.6464646464646464,0.22448979591836737,13.546523549457337,764153.1830744897
8.979591836734695,0.926192098504948,-0.07667361606132911,0.6565656565656565,0.22448979591836737,13.53388528892836,754556.3872034927
8.979591836734695,1.02882764781018,0.028419947983610284,0.666666666666667,0.22448979591836737,13.521293102273516,745114.444448695
8.979591836734695,1.142836708073,0.1335135120285407,0.6767676767676766,0.22448979591836737,13.508747823687301,735825.1662873444
8.979591836734695,1.2694796296533,0.23860707607348014,0.686868686868687,0.22448979591836737,13.496250269376809,726686.3765171733
8.979591836734695,1.41015642805352,0.3437006401184105,0.6969696969696967,0.22448979591836737,13.483801237443085,717695.9120103291
8.979591836734695,1.56642226084696,0.44879420416335164,0.7070707070707073,0.22448979591836737,13.471401507775655,708851.6234313074
8.979591836734695,1.74000461967455,0.5538877682082868,0.7171717171717173,0.22448979591836737,13.459051841960074,700151.3759194338
8.979591836734695,1.93282242736499,0.6589813322532224,0.7272727272727274,0.22448979591836737,13.44675298319832,691593.0497364373
8.979591836734695,2.14700725129329,0.7640748962981553,0.7373737373737373,0.22448979591836737,13.434505656241853,683174.5408797282
8.979591836734695,2.38492686748792,0.8691684603430914,0.7474747474747475,0.22448979591836737,13.422310567337163,674893.7616619954
8.979591836734695,2.64921143598352,0.9742620243880249,0.7575757575757573,0.22448979591836737,13.410168404183565,666748.6412577658
8.979591836734695,2.94278257678333,1.0793555884329629,0.7676767676767676,0.22448979591836737,13.398079835903072,658737.126217604
8.979591836734695,3.26888566786082,1.184449152477898,0.7777777777777777,0.22448979591836737,13.386045513022092,650857.1809506379
8.979591836734695,3.63112572224959,1.289542716522833,0.7878787878787878,0.22448979591836737,13.374066067464744,643106.7881761305
8.979591836734695,4.0335072408363,1.3946362805677694,0.797979797979798,0.22448979591836737,13.362142112557528,635483.9493448052
8.979591836734695,4.48047848142245,1.4997298446127043,0.808080808080808,0.22448979591836737,13.35027424304513,627986.6850306857
8.979591836734695,4.97698063344183,1.6048234086576407,0.8181818181818182,0.22448979591836737,13.338463035117092,620613.0352941882
8.979591836734695,5.52850244195146,1.7099169727025751,0.8282828282828283,0.22448979591836737,13.326709046445103,613361.0600172288
8.979591836734695,6.14114088475497,1.8150105367475111,0.8383838383838383,0.22448979591836737,13.315012816230627,606228.8392111192
8.979591836734695,6.8216685734332,1.9201041007924453,0.8484848484848483,0.22448979591836737,13.303374865262642,599214.4732980289
8.979591836734695,7.57760862338904,2.0251976648373815,0.8585858585858586,0.22448979591836737,13.291795695985153,592316.0833667736
8.979591836734695,8.41731782058148,2.1302912288823177,0.8686868686868686,0.22448979591836737,13.280275792574287,585531.8114037459
8.979591836734695,9.35007900434302,2.2353847929272526,0.8787878787878787,0.22448979591836737,13.2688156210246,578859.8204997259
8.979591836734695,10.3862036875563,2.3404783569721936,0.8888888888888893,0.22448979591836737,13.257415629244404,572298.2950333982
8.979591836734695,11.5371460486378,2.445571921017128,0.8989898989898993,0.22448979591836737,13.246076247159758,565845.4408323218
8.979591836734695,12.8156295554912,2.550665485062058,0.909090909090909,0.22448979591836737,13.234797886826879,559499.485312137
8.979591836734695,14.2357876212352,2.6557590491069942,0.919191919191919,0.22448979591836737,13.223580942552683,553258.6775947931
8.979591836734695,15.8133198466305,2.7608526131519304,0.9292929292929293,0.22448979591836737,13.212425791023154,547121.2886065412
8.979591836734695,17.5656655764397,2.865946177196865,0.9393939393939392,0.22448979591836737,13.20133279143927,541085.6111564653
8.979591836734695,19.5121966883548,2.9710397412417997,0.9494949494949493,0.22448979591836737,13.190302285660188,535149.95999629
8.979591836734695,21.6744317457404,3.0761333052867346,0.9595959595959593,0.22448979591836737,13.179334598353414,529312.6718622171
8.979591836734695,24.0762738816144,3.1812268693316703,0.9696969696969694,0.22448979591836737,13.168430037151657,523572.1054995029
8.979591836734695,26.744275043632,3.2863204333766105,0.97979797979798,0.22448979591836737,13.1575888928161,517926.6416705159
8.979591836734695,29.707929521255,3.3914139974215445,0.98989898989899,0.22448979591836737,13.1468114394058,512374.68314696837
8.979591836734695,33.0,3.4965075614664802,1.0,0.22448979591836737,13.136097934452922,506914.654687021
9.795918367346939,0.001,-6.907755278982137,0.0,0.24489795918367346,14.40183039840479,1797361.6514392688
9.795918367346939,0.001110814537795,-6.802661714937222,0.010101010101008117,0.24489795918367346,14.388593208148507,1773726.410509505
9.795918367346939,0.0012339089373767,-6.697568150892323,0.020202020202014698,0.24489795918367346,14.37532647646866,1750350.2635437367
9.795918367346939,0.0013706439859533,-6.592474586847349,0.030303030303028534,0.24489795918367346,14.362031394504779,1727233.2252950002
9.795918367346939,0.0015225312657382,-6.487381022802441,0.04040404040403597,0.24489795918367346,14.348709164197652,1704375.2243224592
9.795918367346939,0.0016912498642295,-6.382287458757476,0.05050505050504887,0.24489795918367346,14.335360997787102,1681776.1041566564
9.795918367346939,0.00187866493623,-6.277193894712534,0.06060606060605963,0.24489795918367346,14.321988117300515,1659435.6245279417
9.795918367346939,0.00208684832281,-6.172100330667619,0.07070707070706775,0.24489795918367346,14.308591754032392,1637353.46265523
9.795918367346939,0.0023181014551505,-6.067006766622687,0.08080808080807748,0.24489795918367346,14.295173148015595,1615529.2145928196
9.795918367346939,0.002574980796465,-5.961913202577741,0.0909090909090886,0.24489795918367346,14.281733547484748,1593962.396632556
9.795918367346939,0.0028603261032564,-5.856819638532781,0.10101010101010106,0.24489795918367346,14.26827420833235,1572652.446758693
9.795918367346939,0.0031772918183317,-5.751726074487876,0.11111111111110823,0.24489795918367346,14.254796393558145,1551598.7261527427
9.795918367346939,0.0035293819426201,-5.646632510442922,0.1212121212121201,0.24489795918367346,14.241301372712302,1530800.5207455165
9.795918367346939,0.0039204887712936,-5.541538946397998,0.13131313131312908,0.24489795918367346,14.22779042133305,1510257.04281367
9.795918367346939,0.0043549359224151,-5.436445382353058,0.14141414141413966,0.24489795918367346,14.214264820379245,1489967.432617752
9.795918367346939,0.0048375261337845,-5.331351818308116,0.15151515151515035,0.24489795918367346,14.200725855658556,1469930.7600790663
9.795918367346939,0.0053735943563712,-5.2262582542631755,0.16161616161616094,0.24489795918367346,14.187174817251817,1450146.0264923559
9.795918367346939,0.0059690667312704,-5.121164690218244,0.17171717171717069,0.24489795918367346,14.17361299893417,1430612.1662714803
9.795918367346939,0.0066305261021638,-5.016071126173304,0.18181818181818118,0.24489795918367346,14.160041697593604,1411328.0487251936
9.795918367346939,0.0073652847875129,-4.910977562128371,0.19191919191919102,0.24489795918367346,14.14646221264752,1392292.4798601342
9.795918367346939,0.0081814654169699,-4.80588399808343,0.20202020202020168,0.24489795918367346,14.1328758454579,1373504.2042081205
9.795918367346939,0.0090880907256374,-4.700790434038493,0.21212121212121193,0.24489795918367346,14.119283898745735,1354961.9066749462
9.795918367346939,0.0100951832988382,-4.595696869993551,0.22222222222222263,0.24489795918367346,14.105687676005315,1336664.2144077825
9.795918367346939,0.0112138763700549,-4.490603305948624,0.23232323232323193,0.24489795918367346,14.092088480918992,1318609.698678413
9.795918367346939,0.0124565368968931,-4.385509741903686,0.24242424242424226,0.24489795918367346,14.07848761677302,1300796.8767794843
9.795918367346939,0.013836902275649,-4.280416177858747,0.2525252525252527,0.24489795918367346,14.064886385875104,1283224.2139310709
9.795918367346939,0.0153702322058399,-4.175322613813814,0.26262626262626254,0.24489795918367346,14.051286088974246,1265890.125194827
9.795918367346939,0.0170734773835322,-4.07022904976888,0.2727272727272725,0.24489795918367346,14.037688024683476,1248792.9773930914
9.795918367346939,0.0189654668883421,-3.9651354857239447,0.2828282828282826,0.24489795918367346,14.024093488906065,1231931.0910303309
9.795918367346939,0.0210671163356406,-3.8600419216790063,0.292929292929293,0.24489795918367346,14.010503774265816,1215302.7422144287
9.795918367346939,0.0234016590950486,-3.7549483576340705,0.3030303030303031,0.24489795918367346,13.996920169541974,1198906.1645752932
9.795918367346939,0.0259949031313031,-3.649854793589135,0.3131313131313132,0.24489795918367346,13.98334395910934,1182739.551178413
9.795918367346939,0.0288755163068248,-3.5447612295442013,0.32323232323232315,0.24489795918367346,13.969776422384106,1166801.0564310022
9.795918367346939,0.0320753432999582,-3.4396676654992664,0.33333333333333315,0.24489795918367346,13.956218833275994,1151088.7979784836
9.795918367346939,0.0356297576423598,-3.3345741014543298,0.34343434343434337,0.24489795918367346,13.942672459647175,1135600.8585891265
9.795918367346939,0.0395780527672466,-3.229480537409394,0.3535353535353535,0.24489795918367346,13.929138562778498,1120335.2880247068
9.795918367346939,0.0439638763914761,-3.1243869733644574,0.3636363636363637,0.24489795918367346,13.915618396843511,1105290.1048951894
9.795918367346939,0.048835713033475,-3.019293409319523,0.3737373737373737,0.24489795918367346,13.902113208390762,1090463.2984954705
9.795918367346939,0.0542474200011699,-2.914199845274587,0.3838383838383838,0.24489795918367346,13.888624235834822,1075852.8306223357
9.795918367346939,0.060258822775172,-2.8091062812296523,0.3939393939393938,0.24489795918367346,13.875152708956486,1061456.6373698604
9.795918367346939,0.0669363763690749,-2.7040127171847166,0.404040404040404,0.24489795918367346,13.861699848412567,1047272.630901562
9.795918367346939,0.0743538999780876,-2.5989191531397813,0.4141414141414141,0.24489795918367346,13.848266865255683,1033298.7011977256
9.795918367346939,0.0825933930374168,-2.493825589094845,0.42424242424242425,0.24489795918367346,13.834854960464437,1019532.7177763898
9.795918367346939,0.0917459417117808,-2.38873202504991,0.4343434343434343,0.24489795918367346,13.821465324484342,1005972.5313865942
9.795918367346939,0.101912725837141,-2.283638461004973,0.44444444444444453,0.24489795918367346,13.80809913677983,992615.9756725458
9.795918367346939,0.113206137446215,-2.1785448969600347,0.4545454545454549,0.24489795918367346,13.794757565397703,979460.868807505
9.795918367346939,0.125751023242877,-2.0734513329151003,0.46464646464646486,0.24489795918367346,13.781441766542283,966505.0150962279
9.795918367346939,0.139686064760787,-1.9683577688701692,0.47474747474747453,0.24489795918367346,13.768152884162586,953746.2065449184
9.795918367346939,0.155165311463659,-1.8632642048252352,0.48484848484848453,0.24489795918367346,13.754892049551747,941182.2243977366
9.795918367346939,0.172359883735326,-1.7581706407802946,0.49494949494949514,0.24489795918367346,13.741660380958987,928810.8406389978
9.795918367346939,0.19145986458586,-1.6530770767353593,0.5050505050505052,0.24489795918367346,13.728458983214267,916629.8194602468
9.795918367346939,0.212676400986239,-1.5479835126904273,0.5151515151515149,0.24489795918367346,13.715288947365913,904636.9186915394
9.795918367346939,0.236244038061438,-1.442889948645492,0.5252525252525251,0.24489795918367346,13.702151350331317,892829.891196292
9.795918367346939,0.262423311946047,-1.3377963846005527,0.5353535353535355,0.24489795918367346,13.689047254560924,881206.4862291791
9.795918367346939,0.291503629965987,-1.2327028205556183,0.5454545454545455,0.24489795918367346,13.67597770771561,869764.4507566087
9.795918367346939,0.323806469986239,-1.1276092565106834,0.5555555555555556,0.24489795918367346,13.662943742357573,858501.5307394068
9.795918367346939,0.359688934292802,-1.0225156924657481,0.5656565656565656,0.24489795918367346,13.649946375654842,847415.4723774114
9.795918367346939,0.399547697296443,-0.9174221284208132,0.5757575757575757,0.24489795918367346,13.636986609099479,836504.0233157477
9.795918367346939,0.443823390699414,-0.8123285643758777,0.5858585858585857,0.24489795918367346,13.624065428239502,825764.933812613
9.795918367346939,0.49300547460239,-0.707235000330941,0.5959595959595959,0.24489795918367346,13.611183802424616,815195.9578685089
9.795918367346939,0.547637648400869,-0.6021414362860068,0.606060606060606,0.24489795918367346,13.598342684565718,804794.8543168784
9.795918367346939,0.608323861287565,-0.49704787224107067,0.6161616161616161,0.24489795918367346,13.585543010908205,794559.387876191
9.795918367346939,0.67573498880583,-0.39195430819613525,0.6262626262626262,0.24489795918367346,13.572785700819065,784487.3301635941
9.795918367346939,0.750616249262273,-0.2868607441511999,0.6363636363636362,0.24489795918367346,13.560071656587697,774576.4606702694
9.795918367346939,0.833795441985706,-0.18176718010626372,0.6464646464646464,0.24489795918367346,13.547401763240428,764824.5676987229
9.795918367346939,0.926192098504948,-0.07667361606132911,0.6565656565656565,0.24489795918367346,13.53477688836864,755229.4492622728
9.795918367346939,1.02882764781018,0.028419947983610284,0.666666666666667,0.24489795918367346,13.522197881970435,745788.9139470558
9.795918367346939,1.142836708073,0.1335135120285407,0.6767676767676766,0.24489795918367346,13.509665576305725,736500.7817369099
9.795918367346939,1.2694796296533,0.23860707607348014,0.686868686868687,0.24489795918367346,13.497180785764645,727362.8848015487
9.795918367346939,1.41015642805352,0.3437006401184105,0.6969696969696967,0.24489795918367346,13.48474430674914,718373.068248472
9.795918367346939,1.56642226084696,0.44879420416335164,0.7070707070707073,0.24489795918367346,13.472356917567618,709529.1908391101
9.795918367346939,1.74000461967455,0.5538877682082868,0.7171717171717173,0.24489795918367346,13.460019378342455,700829.1256697094
9.795918367346939,1.93282242736499,0.6589813322532224,0.7272727272727274,0.24489795918367346,13.447732430930264,692270.7608175428
9.795918367346939,2.14700725129329,0.7640748962981553,0.7373737373737373,0.24489795918367346,13.435496798854668,683851.999953003
9.795918367346939,2.38492686748792,0.8691684603430914,0.7474747474747475,0.24489795918367346,13.423313187251448,675570.7629182225
9.795918367346939,2.64921143598352,0.9742620243880249,0.7575757575757573,0.24489795918367346,13.411182282825827,667424.9862728394
9.795918367346939,2.94278257678333,1.0793555884329629,0.7676767676767676,0.24489795918367346,13.399104753821707,659412.6238075945
9.795918367346939,3.26888566786082,1.184449152477898,0.7777777777777777,0.24489795918367346,13.387081250002622,651531.6470264257
9.795918367346939,3.63112572224959,1.289542716522833,0.7878787878787878,0.24489795918367346,13.375112402644188,643780.0455977764
9.795918367346939,4.0335072408363,1.3946362805677694,0.797979797979798,0.24489795918367346,13.363198824537822,636155.8277758353
9.795918367346939,4.48047848142245,1.4997298446127043,0.808080808080808,0.24489795918367346,13.351341110005464,628657.0207924315
9.795918367346939,4.97698063344183,1.6048234086576407,0.8181818181818182,0.24489795918367346,13.339539834925093,621281.6712203472
9.795918367346939,5.52850244195146,1.7099169727025751,0.8282828282828283,0.24489795918367346,13.327795556766745,614027.8453087863
9.795918367346939,6.14114088475497,1.8150105367475111,0.8383838383838383,0.24489795918367346,13.31610881463879,606893.6292917659
9.795918367346939,6.8216685734332,1.9201041007924453,0.8484848484848483,0.24489795918367346,13.304480129344224,599877.1296702139
9.795918367346939,7.57760862338904,2.0251976648373815,0.8585858585858586,0.24489795918367346,13.292910003446663,592976.4734685175
9.795918367346939,8.41731782058148,2.1302912288823177,0.8686868686868686,0.24489795918367346,13.281398921345806,586189.8084663221
9.795918367346939,9.35007900434302,2.2353847929272526,0.8787878787878787,0.24489795918367346,13.269947349362086,579515.3034063448
9.795918367346939,10.3862036875563,2.3404783569721936,0.8888888888888893,0.24489795918367346,13.258555735830209,572951.1481789787
9.795918367346939,11.5371460486378,2.445571921017128,0.8989898989898993,0.24489795918367346,13.247224511201333,566495.5539844646
9.795918367346939,12.8156295554912,2.550665485062058,0.909090909090909,0.24489795918367346,13.235954088153584,560146.7534733932
9.795918367346939,14.2357876212352,2.6557590491069942,0.919191919191919,0.24489795918367346,13.224744861710636,553903.0008663103
9.795918367346939,15.8133198466305,2.7608526131519304,0.9292929292929293,0.24489795918367346,13.21359720936808,547762.5720531795
9.795918367346939,17.5656655764397,2.865946177196865,0.9393939393939392,0.24489795918367346,13.202511491227268,541723.7646734476
9.795918367346939,19.5121966883548,2.9710397412417997,0.9494949494949493,0.24489795918367346,13.191488050136398,535784.8981774732
9.795918367346939,21.6744317457404,3.0761333052867346,0.9595959595959593,0.24489795918367346,13.180527211838516,529944.313870037
9.795918367346939,24.0762738816144,3.1812268693316703,0.9696969696969694,0.24489795918367346,13.169629285126177,524200.3749366658
9.795918367346939,26.744275043632,3.2863204333766105,0.97979797979798,0.24489795918367346,13.158794562002463,518551.46645347873
9.795918367346939,29.707929521255,3.3914139974215445,0.98989898989899,0.24489795918367346,13.148023317848114,512995.9953812722
9.795918367346939,33.0,3.4965075614664802,1.0,0.24489795918367346,13.137315811594462,507532.3905445129
10.612244897959183,0.001,-6.907755278982137,0.0,0.26530612244897955,14.401530889227898,1796823.4057392548
10.612244897959183,0.001110814537795,-6.802661714937222,0.010101010101008117,0.26530612244897955,14.388313901809365,1773231.0666587062
10.612244897959183,0.0012339089373767,-6.697568150892323,0.020202020202014698,0.26530612244897955,14.375067437444406,1749896.913239611
10.612244897959183,0.0013706439859533,-6.592474586847349,0.030303030303028534,0.26530612244897955,14.361792682790476,1726820.963698583
10.612244897959183,0.0015225312657382,-6.487381022802441,0.04040404040403597,0.26530612244897955,14.348490835237842,1704003.150471332
10.612244897959183,0.0016912498642295,-6.382287458757476,0.05050505050504887,0.26530612244897955,14.335163102409597,1681443.3213688184
10.612244897959183,0.00187866493623,-6.277193894712534,0.06060606060605963,0.26530612244897955,14.321810701652563,1659141.2407962934
10.612244897959183,0.00208684832281,-6.172100330667619,0.07070707070706775,0.26530612244897955,14.308434859519348,1637096.5910324273
10.612244897959183,0.0023181014551505,-6.067006766622687,0.08080808080807748,0.26530612244897955,14.295036811242221,1615308.9735662285
10.612244897959183,0.002574980796465,-5.961913202577741,0.0909090909090886,0.26530612244897955,14.281617800199282,1593777.9104891012
10.612244897959183,0.0028603261032564,-5.856819638532781,0.10101010101010106,0.26530612244897955,14.26817907737344,1572502.8459393464
10.612244897959183,0.0031772918183317,-5.751726074487876,0.11111111111110823,0.26530612244897955,14.254721900804808,1551483.147596494
10.612244897959183,0.0035293819426201,-5.646632510442922,0.1212121212121201,0.26530612244897955,14.241247535036985,1530718.1082225747
10.612244897959183,0.0039204887712936,-5.541538946397998,0.13131313131312908,0.26530612244897955,14.227757250557932,1510206.9472477902
10.612244897959183,0.0043549359224151,-5.436445382353058,0.14141414141413966,0.26530612244897955,14.214252323235863,1489948.8123974616
10.612244897959183,0.0048375261337845,-5.331351818308116,0.15151515151515035,0.26530612244897955,14.20073403375089,1469942.7813577035
10.612244897959183,0.0053735943563712,-5.2262582542631755,0.16161616161616094,0.26530612244897955,14.187203667022903,1450187.863476752
10.612244897959183,0.0059690667312704,-5.121164690218244,0.17171717171717069,0.26530612244897955,14.173662511636335,1430683.001499191
10.612244897959183,0.0066305261021638,-5.016071126173304,0.18181818181818118,0.26530612244897955,14.160111859262432,1411427.073330182
10.612244897959183,0.0073652847875129,-4.910977562128371,0.19191919191919102,0.26530612244897955,14.146553004079596,1392418.8938268144
10.612244897959183,0.0081814654169699,-4.80588399808343,0.20202020202020168,0.26530612244897955,14.132987242192428,1373657.216613713
10.612244897959183,0.0090880907256374,-4.700790434038493,0.21212121212121193,0.26530612244897955,14.119415871050098,1355140.7359200884
10.612244897959183,0.0100951832988382,-4.595696869993551,0.22222222222222263,0.26530612244897955,14.105840188864617,1336868.0884353584
10.612244897959183,0.0112138763700549,-4.490603305948624,0.23232323232323193,0.26530612244897955,14.092261494029648,1318837.8551805865
10.612244897959183,0.0124565368968931,-4.385509741903686,0.24242424242424226,0.26530612244897955,14.078681084540447,1301048.5633929505
10.612244897959183,0.013836902275649,-4.280416177858747,0.2525252525252527,0.26530612244897955,14.065100257415533,1283498.6884205155
10.612244897959183,0.0153702322058399,-4.175322613813814,0.26262626262626254,0.26530612244897955,14.051520308120704,1266186.6556246565
10.612244897959183,0.0170734773835322,-4.07022904976888,0.2727272727272725,0.26530612244897955,14.03794252999593,1249110.8422874308
10.612244897959183,0.0189654668883421,-3.9651354857239447,0.2828282828282826,0.26530612244897955,14.024368213685806,1232269.5795214297
10.612244897959183,0.0210671163356406,-3.8600419216790063,0.292929292929293,0.26530612244897955,14.010798646574004,1215661.1541794583
10.612244897959183,0.0234016590950486,-3.7549483576340705,0.3030303030303031,0.26530612244897955,13.99723511222243,1199283.8107617092
10.612244897959183,0.0259949031313031,-3.649854793589135,0.3131313131313132,0.26530612244897955,13.983678889815506,1183135.7533179282
10.612244897959183,0.0288755163068248,-3.5447612295442013,0.32323232323232315,0.26530612244897955,13.970131253610218,1167215.1473423324
10.612244897959183,0.0320753432999582,-3.4396676654992664,0.33333333333333315,0.26530612244897955,13.956593472392399,1151520.1216589783
10.612244897959183,0.0356297576423598,-3.3345741014543298,0.34343434343434337,0.26530612244897955,13.943066808939788,1136048.770295429
10.612244897959183,0.0395780527672466,-3.229480537409394,0.3535353535353535,0.26530612244897955,13.929552519492347,1120799.1543426113
10.612244897959183,0.0439638763914761,-3.1243869733644574,0.3636363636363637,0.26530612244897955,13.916051853230341,1105769.3037988658
10.612244897959183,0.048835713033475,-3.019293409319523,0.3737373737373737,0.26530612244897955,13.90256605176063,1090957.2193962398
10.612244897959183,0.0542474200011699,-2.914199845274587,0.3838383838383838,0.26530612244897955,13.889096348611632,1076360.8744071845
10.612244897959183,0.060258822775172,-2.8091062812296523,0.3939393939393938,0.26530612244897955,13.875643968737402,1061978.2164299036
10.612244897959183,0.0669363763690749,-2.7040127171847166,0.404040404040404,0.26530612244897955,13.862210128031212,1047807.1691506639
10.612244897959183,0.0743538999780876,-2.5989191531397813,0.4141414141414141,0.26530612244897955,13.848796032849085,1033845.6340815206
10.612244897959183,0.0825933930374168,-2.493825589094845,0.42424242424242425,0.26530612244897955,13.83540287954359,1020091.4922719046
10.612244897959183,0.0917459417117808,-2.38873202504991,0.4343434343434343,0.26530612244897955,13.822031854008323,1006542.605992739
10.612244897959183,0.101912725837141,-2.283638461004973,0.44444444444444453,0.26530612244897955,13.808684131233374,993196.8203917177
10.612244897959183,0.113206137446215,-2.1785448969600347,0.4545454545454549,0.26530612244897955,13.795360874872113,980051.9651185442
10.612244897959183,0.125751023242877,-2.0734513329151003,0.46464646464646486,0.26530612244897955,13.7820632368196,967105.8559190055
10.612244897959183,0.139686064760787,-1.9683577688701692,0.47474747474747453,0.26530612244897955,13.768792356802873,954356.296196812
10.612244897959183,0.155165311463659,-1.8632642048252352,0.48484848484848453,0.26530612244897955,13.755549361983418,941801.0785422798
10.612244897959183,0.172359883735326,-1.7581706407802946,0.49494949494949514,0.26530612244897955,13.742335366572,929437.9862269538
10.612244897959183,0.19145986458586,-1.6530770767353593,0.5050505050505052,0.26530612244897955,13.729151471456124,917264.7946634146
10.612244897959183,0.212676400986239,-1.5479835126904273,0.5151515151515149,0.26530612244897955,13.715998763840286,905279.2728295573
10.612244897959183,0.236244038061438,-1.442889948645492,0.5252525252525251,0.26530612244897955,13.702878316899206,893479.1846567282
10.612244897959183,0.262423311946047,-1.3377963846005527,0.5353535353535355,0.26530612244897955,13.689791189444195,881862.2903811968
10.612244897959183,0.291503629965987,-1.2327028205556183,0.5454545454545455,0.26530612244897955,13.676738425602794,870426.3478584989
10.612244897959183,0.323806469986239,-1.1276092565106834,0.5555555555555556,0.26530612244897955,13.663721054511772,859169.1138402643
10.612244897959183,0.359688934292802,-1.0225156924657481,0.5656565656565656,0.26530612244897955,13.650740090023616,848088.3452132527
10.612244897959183,0.399547697296443,-0.9174221284208132,0.5757575757575757,0.26530612244897955,13.637796530426572,837181.800200357
10.612244897959183,0.443823390699414,-0.8123285643758777,0.5858585858585857,0.26530612244897955,13.624891358178264,826447.2395233983
10.612244897959183,0.49300547460239,-0.707235000330941,0.5959595959595959,0.26530612244897955,13.61202553965298,815882.4275276605
10.612244897959183,0.547637648400869,-0.6021414362860068,0.606060606060606,0.26530612244897955,13.599200024902586,805485.1332681008
10.612244897959183,0.608323861287565,-0.49704787224107067,0.6161616161616161,0.26530612244897955,13.586415747431115,795253.1315573015
10.612244897959183,0.67573498880583,-0.39195430819613525,0.6262626262626262,0.26530612244897955,13.573673623982977,785184.2039752566
10.612244897959183,0.750616249262273,-0.2868607441511999,0.6363636363636362,0.26530612244897955,13.560974554344769,775276.1398411336
10.612244897959183,0.833795441985706,-0.18176718010626372,0.6464646464646464,0.26530612244897955,13.548319421160638,765526.7371472464
10.612244897959183,0.926192098504948,-0.07667361606132911,0.6565656565656565,0.26530612244897955,13.535709089761115,755933.803455486
10.612244897959183,1.02882764781018,0.028419947983610284,0.666666666666667,0.26530612244897955,13.523144408005344,746495.1567565287
10.612244897959183,1.142836708073,0.1335135120285407,0.6767676767676766,0.26530612244897955,13.510626206136607,737208.6262921779
10.612244897959183,1.2694796296533,0.23860707607348014,0.686868686868687,0.26530612244897955,13.498155296651017,728072.0533412391
10.612244897959183,1.41015642805352,0.3437006401184105,0.6969696969696967,0.26530612244897955,13.48573247417929,719083.2919693931
10.612244897959183,1.56642226084696,0.44879420416335164,0.7070707070707073,0.26530612244897955,13.473358515381392,710240.2097435123
10.612244897959183,1.74000461967455,0.5538877682082868,0.7171717171717173,0.26530612244897955,13.461034178853977,701540.68841098
10.612244897959183,1.93282242736499,0.6589813322532224,0.7272727272727274,0.26530612244897955,13.448760205050405,692982.6245445362
10.612244897959183,2.14700725129329,0.7640748962981553,0.7373737373737373,0.26530612244897955,13.436537316213169,684563.9301532326
10.612244897959183,2.38492686748792,0.8691684603430914,0.7474747474747475,0.26530612244897955,13.424366216318571,676282.5332601314
10.612244897959183,2.64921143598352,0.9742620243880249,0.7575757575757573,0.26530612244897955,13.412247591033413,668136.3784473463
10.612244897959183,2.94278257678333,1.0793555884329629,0.7676767676767676,0.26530612244897955,13.40018210768352,660123.4273691111
10.612244897959183,3.26888566786082,1.184449152477898,0.7777777777777777,0.26530612244897955,13.388170415233885,652241.6592335502
10.612244897959183,3.63112572224959,1.289542716522833,0.7878787878787878,0.26530612244897955,13.37621314428018,644489.0712538277
10.612244897959183,4.0335072408363,1.3946362805677694,0.797979797979798,0.26530612244897955,13.364310907051443,636863.6790694146
10.612244897959183,4.48047848142245,1.4997298446127043,0.808080808080808,0.26530612244897955,13.35246429742367,629363.5171381818
10.612244897959183,4.97698063344183,1.6048234086576407,0.8181818181818182,0.26530612244897955,13.340673890944082,621986.6391000618
10.612244897959183,5.52850244195146,1.7099169727025751,0.8282828282828283,0.26530612244897955,13.328940244865835,614731.118113034
10.612244897959183,6.14114088475497,1.8150105367475111,0.8383838383838383,0.26530612244897955,13.317263898192868,607595.0471621718
10.612244897959183,6.8216685734332,1.9201041007924453,0.8484848484848483,0.26530612244897955,13.305645371734677,600576.5393425304
10.612244897959183,7.57760862338904,2.0251976648373815,0.8585858585858586,0.26530612244897955,13.294085168170735,593673.7281166327
10.612244897959183,8.41731782058148,2.1302912288823177,0.8686868686868686,0.26530612244897955,13.282583772124285,586884.7675473213
10.612244897959183,9.35007900434302,2.2353847929272526,0.8787878787878787,0.26530612244897955,13.271141650245236,580207.8325067438
10.612244897959183,10.3862036875563,2.3404783569721936,0.8888888888888893,0.26530612244897955,13.259759251301892,573641.1188622448
10.612244897959183,11.5371460486378,2.445571921017128,0.8989898989898993,0.26530612244897955,13.24843700628125,567182.8436399275
10.612244897959183,12.8156295554912,2.550665485062058,0.909090909090909,0.26530612244897955,13.237175328497566,560831.2451666484
10.612244897959183,14.2357876212352,2.6557590491069942,0.919191919191919,0.26530612244897955,13.22597461370892,554584.5831911976
10.612244897959183,15.8133198466305,2.7608526131519304,0.9292929292929293,0.26530612244897955,13.214835240241529,548441.1389854357
10.612244897959183,17.5656655764397,2.865946177196865,0.9393939393939392,0.26530612244897955,13.203757569121475,542399.215426101
10.612244897959183,19.5121966883548,2.9710397412417997,0.9494949494949493,0.26530612244897955,13.192741944213623,536457.1370580626
10.612244897959183,21.6744317457404,3.0761333052867346,0.9595959595959593,0.26530612244897955,13.18178869236741,530613.2501397135
10.612244897959183,24.0762738816144,3.1812268693316703,0.9696969696969694,0.26530612244897955,13.170898123569255,524865.9226712455
10.612244897959183,26.744275043632,3.2863204333766105,0.97979797979798,0.26530612244897955,13.160070531101296,519213.5444065051
10.612244897959183,29.707929521255,3.3914139974215445,0.98989898989899,0.26530612244897955,13.14930619170619,513654.526849131
10.612244897959183,33.0,3.4965075614664802,1.0,0.26530612244897955,13.1386053657577,508187.3032336528
11.428571428571429,0.001,-6.907755278982137,0.0,0.2857142857142857,14.401178248583038,1796189.8844839938
11.428571428571429,0.001110814537795,-6.802661714937222,0.010101010101008117,0.2857142857142857,14.387983026102193,1772644.4446303863
11.428571428571429,0.0012339089373767,-6.697568150892323,0.020202020202014698,0.2857142857142857,14.374758395085204,1749356.204524435
11.428571428571429,0.0013706439859533,-6.592474586847349,0.030303030303028534,0.2857142857142857,14.361505537274342,1726325.1859852702
11.428571428571429,0.0015225312657382,-6.487381022802441,0.04040404040403597,0.2857142857142857,14.348225645078028,1703551.3255159492
11.428571428571429,0.0016912498642295,-6.382287458757476,0.05050505050504887,0.2857142857142857,14.334919921073395,1681034.4754490429
11.428571428571429,0.00187866493623,-6.277193894712534,0.06060606060605963,0.2857142857142857,14.321589577499854,1658774.4051548021
11.428571428571429,0.00208684832281,-6.172100330667619,0.07070707070706775,0.2857142857142857,14.308235835743945,1636770.8023091063
11.428571428571429,0.0023181014551505,-6.067006766622687,0.08080808080807748,0.2857142857142857,14.294859925816128,1615023.2742189376
11.428571428571429,0.002574980796465,-5.961913202577741,0.0909090909090886,0.2857142857142857,14.281463085819974,1593531.3492027053
11.428571428571429,0.0028603261032564,-5.856819638532781,0.10101010101010106,0.2857142857142857,14.268046561414305,1572294.478022818
11.428571428571429,0.0031772918183317,-5.751726074487876,0.11111111111110823,0.2857142857142857,14.25461160526883,1551312.0353677985
11.428571428571429,0.0035293819426201,-5.646632510442922,0.1212121212121201,0.2857142857142857,14.241159476513797,1530583.3213811999
11.428571428571429,0.0039204887712936,-5.541538946397998,0.13131313131312908,0.2857142857142857,14.22769144018434,1510107.5632346766
11.428571428571429,0.0043549359224151,-5.436445382353058,0.14141414141413966,0.2857142857142857,14.214208766659935,1489883.9167422117
11.428571428571429,0.0048375261337845,-5.331351818308116,0.15151515151515035,0.2857142857142857,14.200712731099685,1469911.4680128698
11.428571428571429,0.0053735943563712,-5.2262582542631755,0.16161616161616094,0.2857142857142857,14.18720461287396,1450189.2351391255
11.428571428571429,0.0059690667312704,-5.121164690218244,0.17171717171717069,0.2857142857142857,14.173685694992994,1430716.169917956
11.428571428571429,0.0066305261021638,-5.016071126173304,0.18181818181818118,0.2857142857142857,14.160157263533028,1411491.1596018297
11.428571428571429,0.0073652847875129,-4.910977562128371,0.19191919191919102,0.2857142857142857,14.146620607060655,1392513.0286767816
11.428571428571429,0.0081814654169699,-4.80588399808343,0.20202020202020168,0.2857142857142857,14.13307701605587,1373780.5406646486
11.428571428571429,0.0090880907256374,-4.700790434038493,0.21212121212121193,0.2857142857142857,14.11952778233455,1355292.3999467592
11.428571428571429,0.0100951832988382,-4.595696869993551,0.22222222222222263,0.2857142857142857,14.105974198470852,1337047.2536061364
11.428571428571429,0.0112138763700549,-4.490603305948624,0.23232323232323193,0.2857142857142857,14.092417557220209,1319043.693285556
11.428571428571429,0.0124565368968931,-4.385509741903686,0.24242424242424226,0.2857142857142857,14.078859150943481,1301280.2570586232
11.428571428571429,0.013836902275649,-4.280416177858747,0.2525252525252527,0.2857142857142857,14.065300271032886,1283755.4313112344
11.428571428571429,0.0153702322058399,-4.175322613813814,0.26262626262626254,0.2857142857142857,14.051742207340254,1266467.6526306998
11.428571428571429,0.0170734773835322,-4.07022904976888,0.2727272727272725,0.2857142857142857,14.03818624760823,1249415.3096999389
11.428571428571429,0.0189654668883421,-3.9651354857239447,0.2828282828282826,0.2857142857142857,14.024633676904976,1232596.7451942002
11.428571428571429,0.0210671163356406,-3.8600419216790063,0.292929292929293,0.2857142857142857,14.011085777062938,1216010.257677766
11.428571428571429,0.0234016590950486,-3.7549483576340705,0.3030303030303031,0.2857142857142857,13.997543826122241,1199654.1034982258
11.428571428571429,0.0259949031313031,-3.649854793589135,0.3131313131313132,0.2857142857142857,13.984009097779255,1183526.4986759343
11.428571428571429,0.0288755163068248,-3.5447612295442013,0.32323232323232315,0.2857142857142857,13.970482860840855,1167625.6207863342
11.428571428571429,0.0320753432999582,-3.4396676654992664,0.33333333333333315,0.2857142857142857,13.956966378684912,1151949.6108329317
11.428571428571429,0.0356297576423598,-3.3345741014543298,0.34343434343434337,0.2857142857142857,13.94346090872751,1136496.5751087384
11.428571428571429,0.0395780527672466,-3.229480537409394,0.3535353535353535,0.2857142857142857,13.92996770189737,1121264.5870441073
11.428571428571429,0.0439638763914761,-3.1243869733644574,0.3636363636363637,0.2857142857142857,13.916488002118005,1106251.6890389763
11.428571428571429,0.048835713033475,-3.019293409319523,0.3737373737373737,0.2857142857142857,13.903023045797994,1091455.8942775682
11.428571428571429,0.0542474200011699,-2.914199845274587,0.3838383838383838,0.2857142857142857,13.8895740613299,1076875.188523752
11.428571428571429,0.060258822775172,-2.8091062812296523,0.3939393939393938,0.2857142857142857,13.876142268598192,1062507.5318952722
11.428571428571429,0.0669363763690749,-2.7040127171847166,0.404040404040404,0.2857142857142857,13.862728878496624,1048350.8606152306
11.428571428571429,0.0743538999780876,-2.5989191531397813,0.4141414141414141,0.2857142857142857,13.84933509245544,1034403.0887392059
11.428571428571429,0.0825933930374168,-2.493825589094845,0.42424242424242425,0.2857142857142857,13.835962101978808,1020662.1098565647
11.428571428571429,0.0917459417117808,-2.38873202504991,0.4343434343434343,0.2857142857142857,13.822611088192783,1007125.7987645349
11.428571428571429,0.101912725837141,-2.283638461004973,0.44444444444444453,0.2857142857142857,13.809283221404195,993792.0131137584
11.428571428571429,0.113206137446215,-2.1785448969600347,0.4545454545454549,0.2857142857142857,13.795979660670735,980658.5950240999
11.428571428571429,0.125751023242877,-2.0734513329151003,0.46464646464646486,0.2857142857142857,13.782701553382545,967723.3726695775
11.428571428571429,0.139686064760787,-1.9683577688701692,0.47474747474747453,0.2857142857142857,13.769450034855598,954984.1618313935
11.428571428571429,0.155165311463659,-1.8632642048252352,0.48484848484848453,0.2857142857142857,13.756226227937102,942438.7674180863
11.428571428571429,0.172359883735326,-1.7581706407802946,0.49494949494949514,0.2857142857142857,13.743031242623177,930084.9849519733
11.428571428571429,0.19145986458586,-1.6530770767353593,0.5050505050505052,0.2857142857142857,13.729866175689015,917920.602021074
11.428571428571429,0.212676400986239,-1.5479835126904273,0.5151515151515149,0.2857142857142857,13.716732110331705,905943.399695831
11.428571428571429,0.236244038061438,-1.442889948645492,0.5252525252525251,0.2857142857142857,13.703630115825913,894151.1539100201
11.428571428571429,0.262423311946047,-1.3377963846005527,0.5353535353535355,0.2857142857142857,13.690561247192552,882541.6368053067
11.428571428571429,0.291503629965987,-1.2327028205556183,0.5454545454545455,0.2857142857142857,13.677526544880587,871112.6180390026
11.428571428571429,0.323806469986239,-1.1276092565106834,0.5555555555555556,0.2857142857142857,13.664527034462077,859861.8660546377
11.428571428571429,0.359688934292802,-1.0225156924657481,0.5656565656565656,0.2857142857142857,13.651563726340552,848787.1493150542
11.428571428571429,0.399547697296443,-0.9174221284208132,0.5757575757575757,0.2857142857142857,13.638637615472796,837886.2374977866
11.428571428571429,0.443823390699414,-0.8123285643758777,0.5858585858585857,0.2857142857142857,13.625749681104086,827156.9026525619
11.428571428571429,0.49300547460239,-0.707235000330941,0.5959595959595959,0.2857142857142857,13.61290088651694,816596.9203208479
11.428571428571429,0.547637648400869,-0.6021414362860068,0.606060606060606,0.2857142857142857,13.600092178793348,806204.0706173877
11.428571428571429,0.608323861287565,-0.49704787224107067,0.6161616161616161,0.2857142857142857,13.587324488590554,795976.1392737998
11.428571428571429,0.67573498880583,-0.39195430819613525,0.6262626262626262,0.2857142857142857,13.574598729930289,785910.9186442925
11.428571428571429,0.750616249262273,-0.2868607441511999,0.6363636363636362,0.2857142857142857,13.56191580000149,776006.2086736773
11.428571428571429,0.833795441985706,-0.18176718010626372,0.6464646464646464,0.2857142857142857,13.549276578976414,766259.8178278762
11.428571428571429,0.926192098504948,-0.07667361606132911,0.6565656565656565,0.2857142857142857,13.536681929840089,756669.5639871778
11.428571428571429,1.02882764781018,0.028419947983610284,0.666666666666667,0.2857142857142857,13.524132698233014,747233.2753025498
11.428571428571429,1.142836708073,0.1335135120285407,0.6767676767676766,0.2857142857142857,13.511629712307036,737948.7910153754
11.428571428571429,1.2694796296533,0.23860707607348014,0.686868686868687,0.2857142857142857,13.49917378259424,728813.9622409813
11.428571428571429,1.41015642805352,0.3437006401184105,0.6969696969696967,0.2857142857142857,13.486765701888803,719826.6527164329
11.428571428571429,1.56642226084696,0.44879420416335164,0.7070707070707073,0.2857142857142857,13.474406245141576,710984.7395130306
11.428571428571429,1.74000461967455,0.5538877682082868,0.7171717171717173,0.2857142857142857,13.462096169367342,702286.1137140535
11.428571428571429,1.93282242736499,0.6589813322532224,0.7272727272727274,0.2857142857142857,13.449836213564517,693728.6810582762
11.428571428571429,2.14700725129329,0.7640748962981553,0.7373737373737373,0.2857142857142857,13.437627098647157,685310.362549839
11.428571428571429,2.38492686748792,0.8691684603430914,0.7474747474747475,0.2857142857142857,13.425469527389062,677029.0950350602
11.428571428571429,2.64921143598352,0.9742620243880249,0.7575757575757573,0.2857142857142857,13.413364184379816,668882.8317468488
11.428571428571429,2.94278257678333,1.0793555884329629,0.7676767676767676,0.2857142857142857,13.401311735992513,660869.5428173221
11.428571428571429,3.26888566786082,1.184449152477898,0.7777777777777777,0.2857142857142857,13.389312830363012,652987.2157593468
11.428571428571429,3.63112572224959,1.289542716522833,0.7878787878787878,0.2857142857142857,13.37736809738045,645233.8559176497
11.428571428571429,4.0335072408363,1.3946362805677694,0.797979797979798,0.2857142857142857,13.365478148688814,637607.4868902323
11.428571428571429,4.48047848142245,1.4997298446127043,0.808080808080808,0.2857142857142857,13.353643577699344,630106.1509207932
11.428571428571429,4.97698063344183,1.6048234086576407,0.8181818181818182,0.2857142857142857,13.341864959613492,622727.9092628856
11.428571428571429,5.52850244195146,1.7099169727025751,0.8282828282828283,0.2857142857142857,13.330142851456227,615470.8425165638
11.428571428571429,6.14114088475497,1.8150105367475111,0.8383838383838383,0.2857142857142857,13.318477792119412,608333.0509382475
11.428571428571429,6.8216685734332,1.9201041007924453,0.8484848484848483,0.2857142857142857,13.306870302415012,601312.6547245762
11.428571428571429,7.57760862338904,2.0251976648373815,0.8585858585858586,0.2857142857142857,13.295320885137858,594407.7942709931
11.428571428571429,8.41731782058148,2.1302912288823177,0.8686868686868686,0.2857142857142857,13.283830025137709,587616.6304058317
11.428571428571429,9.35007900434302,2.2353847929272526,0.8787878787878787,0.2857142857142857,13.272398189400356,580937.3446006661
11.428571428571429,10.3862036875563,2.3404783569721936,0.8888888888888893,0.2857142857142857,13.261025827137475,574368.1391576702
11.428571428571429,11.5371460486378,2.445571921017128,0.8989898989898993,0.2857142857142857,13.249713369884981,567907.2373747663
11.428571428571429,12.8156295554912,2.550665485062058,0.909090909090909,0.2857142857142857,13.238461231609605,561552.8836893097
11.428571428571429,14.2357876212352,2.6557590491069942,0.919191919191919,0.2857142857142857,13.227269808823392,555303.3438010454
11.428571428571429,15.8133198466305,2.7608526131519304,0.9292929292929293,0.2857142857142857,13.2161394807059,549156.904775117
11.428571428571429,17.5656655764397,2.865946177196865,0.9393939393939392,0.2857142857142857,13.20507060923377,543111.8751258292
11.428571428571429,19.5121966883548,2.9710397412417997,0.9494949494949493,0.2857142857142857,13.194063539317419,537166.5848819194
11.428571428571429,21.6744317457404,3.0761333052867346,0.9595959595959593,0.2857142857142857,13.183118598944585,531319.3856340537
11.428571428571429,24.0762738816144,3.1812268693316703,0.9696969696969694,0.2857142857142857,13.17223609933043,525568.6505652565
11.428571428571429,26.744275043632,3.2863204333766105,0.97979797979798,0.2857142857142857,13.161416335073948,519912.7744649813
11.428571428571429,29.707929521255,3.3914139974215445,0.98989898989899,0.2857142857142857,13.150659584320405,514350.17372751725
11.428571428571429,33.0,3.4965075614664802,1.0,0.2857142857142857,13.139966108929512,508879.28633539565
12.244897959183675,0.001,-6.907755278982137,0.0,0.30612244897959184,14.400773653064462,1795463.3011023211
12.244897959183675,0.001110814537795,-6.802661714937222,0.010101010101008117,0.30612244897959184,14.387601746451503,1771968.7002077263
12.244897959183675,0.0012339089373767,-6.697568150892323,0.020202020202014698,0.30612244897959184,14.374400503299315,1748730.2363293613
12.244897959183675,0.0013706439859533,-6.592474586847349,0.030303030303028534,0.30612244897959184,14.361171100004263,1725747.9350352979
12.244897959183675,0.0015225312657382,-6.487381022802441,0.04040404040403597,0.30612244897959184,14.347914723564315,1703021.7370936165
12.244897959183675,0.0016912498642295,-6.382287458757476,0.05050505050504887,0.30612244897959184,14.33463257108443,1680551.499605949
12.244897959183675,0.00187866493623,-6.277193894712534,0.06060606060605963,0.30612244897959184,14.321325849273093,1658336.9972032811
12.244897959183675,0.00208684832281,-6.172100330667619,0.07070707070706775,0.30612244897959184,14.307995773930244,1636377.9233012022
12.244897959183675,0.0023181014551505,-6.067006766622687,0.08080808080807748,0.30612244897959184,14.294643569427254,1614673.8914123443
12.244897959183675,0.002574980796465,-5.961913202577741,0.0909090909090886,0.30612244897959184,14.281270468179423,1593224.4365134267
12.244897959183675,0.0028603261032564,-5.856819638532781,0.10101010101010106,0.30612244897959184,14.267877710111522,1572029.0164642406
12.244897959183675,0.0031772918183317,-5.751726074487876,0.11111111111110823,0.30612244897959184,14.254466542116933,1551087.0134759608
12.244897959183675,0.0035293819426201,-5.646632510442922,0.1212121212121201,0.30612244897959184,14.241038217510914,1530397.7356260188
12.244897959183675,0.0039204887712936,-5.541538946397998,0.13131313131312908,0.30612244897959184,14.22759399547863,1509960.4184169439
12.244897959183675,0.0043549359224151,-5.436445382353058,0.14141414141413966,0.30612244897959184,14.214135140518401,1489774.2263761777
12.244897959183675,0.0048375261337845,-5.331351818308116,0.15151515151515035,0.30612244897959184,14.200662921880863,1469838.2546942742
12.244897959183675,0.0053735943563712,-5.2262582542631755,0.16161616161616094,0.30612244897959184,14.187178613004534,1450151.5308985221
12.244897959183675,0.0059690667312704,-5.121164690218244,0.17171717171717069,0.30612244897959184,14.173683490948434,1430713.0165592409
12.244897959183675,0.0066305261021638,-5.016071126173304,0.18181818181818118,0.30612244897959184,14.160178835822315,1411521.6090258807
12.244897959183675,0.0073652847875129,-4.910977562128371,0.19191919191919102,0.30612244897959184,14.146665930215127,1392576.1431901485
12.244897959183675,0.0081814654169699,-4.80588399808343,0.20202020202020168,0.30612244897959184,14.133146058622279,1373875.3932732549
12.244897959183675,0.0090880907256374,-4.700790434038493,0.21212121212121193,0.30612244897959184,14.119620506872332,1355418.0746345764
12.244897959183675,0.0100951832988382,-4.595696869993551,0.22222222222222263,0.30612244897959184,14.10609056155369,1337202.8455988734
12.244897959183675,0.0112138763700549,-4.490603305948624,0.23232323232323193,0.30612244897959184,14.092557509441898,1319228.3092993456
12.244897959183675,0.0124565368968931,-4.385509741903686,0.24242424242424226,0.30612244897959184,14.079022636928116,1301493.0155337744
12.244897959183675,0.013836902275649,-4.280416177858747,0.2525252525252527,0.30612244897959184,14.0654872294494,1283995.4626311038
12.244897959183675,0.0153702322058399,-4.175322613813814,0.26262626262626254,0.30612244897959184,14.051952570921326,1266734.0993257768
12.244897959183675,0.0170734773835322,-4.07022904976888,0.2727272727272725,0.30612244897959184,14.038419943173535,1249707.326637242
12.244897959183675,0.0189654668883421,-3.9651354857239447,0.2828282828282826,0.30612244897959184,14.024890625388801,1232913.4997521045
12.244897959183675,0.0210671163356406,-3.8600419216790063,0.292929292929293,0.30612244897959184,14.011365893546145,1216350.9299064162
12.244897959183675,0.0234016590950486,-3.7549483576340705,0.3030303030303031,0.30612244897959184,13.997847019868553,1200017.8862656874
12.244897959183675,0.0259949031313031,-3.649854793589135,0.3131313131313132,0.30612244897959184,13.984335272275835,1183912.5978002497
12.244897959183675,0.0288755163068248,-3.5447612295442013,0.32323232323232315,0.30612244897959184,13.970831913843154,1168033.2551536923
12.244897959183675,0.0320753432999582,-3.4396676654992664,0.33333333333333315,0.30612244897959184,13.957338202265747,1152378.0125021588
12.244897959183675,0.0356297576423598,-3.3345741014543298,0.34343434343434337,0.30612244897959184,13.9438553893303,1136944.989402313
12.244897959183675,0.0395780527672466,-3.229480537409394,0.3535353535353535,0.30612244897959184,13.930384720393521,1121732.272625975
12.244897959183675,0.0439638763914761,-3.1243869733644574,0.3636363636363637,0.30612244897959184,13.91692743386833,1106737.917979385
12.244897959183675,0.048835713033475,-3.019293409319523,0.3737373737373737,0.30612244897959184,13.903484760718145,1091959.9521051983
12.244897959183675,0.0542474200011699,-2.914199845274587,0.3838383838383838,0.30612244897959184,13.8900579239597,1077396.3742654203
12.244897959183675,0.060258822775172,-2.8091062812296523,0.3939393939393938,0.30612244897959184,13.876648138174822,1063045.1581035042
12.244897959183675,0.0669363763690749,-2.7040127171847166,0.404040404040404,0.30612244897959184,13.86325660903155,1048904.2533839818
12.244897959183675,0.0743538999780876,-2.5989191531397813,0.4141414141414141,0.30612244897959184,13.849884532815016,1034971.5877080662
12.244897959183675,0.0825933930374168,-2.493825589094845,0.42424242424242425,0.30612244897959184,13.836533095968417,1021245.0682037316
12.244897959183675,0.0917459417117808,-2.38873202504991,0.4343434343434343,0.30612244897959184,13.823203474644464,1007722.5831889127
12.244897959183675,0.101912725837141,-2.283638461004973,0.44444444444444453,0.30612244897959184,13.809896834267606,994402.0038064886
12.244897959183675,0.113206137446215,-2.1785448969600347,0.4545454545454549,0.30612244897959184,13.796614329107365,981281.1856298767
12.244897959183675,0.125751023242877,-2.0734513329151003,0.46464646464646486,0.30612244897959184,13.783357101863057,968357.9702380972
12.244897959183675,0.139686064760787,-1.9683577688701692,0.47474747474747453,0.30612244897959184,13.77012628326016,955630.186759257
12.244897959183675,0.155165311463659,-1.8632642048252352,0.48484848484848453,0.30612244897959184,13.756922991658618,943095.6533815522
12.244897959183675,0.172359883735326,-1.7581706407802946,0.49494949494949514,0.30612244897959184,13.743748332673265,930752.1788308745
12.244897959183675,0.19145986458586,-1.6530770767353593,0.5050505050505052,0.30612244897959184,13.730603398806608,918597.5638142799
12.244897959183675,0.212676400986239,-1.5479835126904273,0.5151515151515149,0.30612244897959184,13.717489269094147,906629.6024286101
12.244897959183675,0.236244038061438,-1.442889948645492,0.5252525252525251,0.30612244897959184,13.704407008762413,894846.0835336613
12.244897959183675,0.262423311946047,-1.3377963846005527,0.5353535353535355,0.30612244897959184,13.69135766889985,883244.7920893515
12.244897959183675,0.291503629965987,-1.2327028205556183,0.5454545454545455,0.30612244897959184,13.678342286140712,871823.5104564695
12.244897959183675,0.323806469986239,-1.1276092565106834,0.5555555555555556,0.30612244897959184,13.665361882362037,860580.0196605724
12.244897959183675,0.359688934292802,-1.0225156924657481,0.5656565656565656,0.30612244897959184,13.652417464393817,849512.100618772
12.244897959183675,0.399547697296443,-0.9174221284208132,0.5757575757575757,0.30612244897959184,13.639510023742456,838617.5353291703
12.244897959183675,0.443823390699414,-0.8123285643758777,0.5858585858585857,0.30612244897959184,13.626640536327503,827894.1080227479
12.244897959183675,0.49300547460239,-0.707235000330941,0.5959595959595959,0.30612244897959184,13.613809962231775,817339.606277657
12.244897959183675,0.547637648400869,-0.6021414362860068,0.606060606060606,0.30612244897959184,13.601019245464824,806951.8220958478
12.244897959183675,0.608323861287565,-0.49704787224107067,0.6161616161616161,0.30612244897959184,13.58826931373979,796728.5529420831
12.244897959183675,0.67573498880583,-0.39195430819613525,0.6262626262626262,0.30612244897959184,13.575561078263583,786667.6027454113
12.244897959183675,0.750616249262273,-0.2868607441511999,0.6363636363636362,0.30612244897959184,13.562895433540403,776766.7828632654
12.244897959183675,0.833795441985706,-0.18176718010626372,0.6464646464646464,0.30612244897959184,13.550273257188508,767023.9130083648
12.244897959183675,0.926192098504948,-0.07667361606132911,0.6565656565656565,0.30612244897959184,13.53769540977019,757436.8221386927
12.244897959183675,1.02882764781018,0.028419947983610284,0.666666666666667,0.30612244897959184,13.525162734634865,748003.34931083
12.244897959183675,1.142836708073,0.1335135120285407,0.6767676767676766,0.30612244897959184,13.512676057775188,738721.344497015
12.244897959183675,1.2694796296533,0.23860707607348014,0.686868686868687,0.30612244897959184,13.500236187696064,729588.6693662794
12.244897959183675,1.41015642805352,0.3437006401184105,0.6969696969696967,0.30612244897959184,13.487843915296478,720603.1980301476
12.244897959183675,1.56642226084696,0.44879420416335164,0.7070707070707073,0.30612244897959184,13.475500013763945,711762.8177533053
12.244897959183675,1.74000461967455,0.5538877682082868,0.7171717171717173,0.30612244897959184,13.463205238481482,703065.429629787
12.244897959183675,1.93282242736499,0.6589813322532224,0.7272727272727274,0.30612244897959184,13.450960326946923,694508.9492251929
12.244897959183675,2.14700725129329,0.7640748962981553,0.7373737373737373,0.30612244897959184,13.438765998704403,686091.30718551
12.244897959183675,2.38492686748792,0.8691684603430914,0.7474747474747475,0.30612244897959184,13.42662295528783,677810.449813125
12.244897959183675,2.64921143598352,0.9742620243880249,0.7575757575757573,0.30612244897959184,13.41453188017617,669664.3396106572
12.244897959183675,2.94278257678333,1.0793555884329629,0.7676767676767676,0.30612244897959184,13.402493438760324,661650.9557932377
12.244897959183675,3.26888566786082,1.184449152477898,0.7777777777777777,0.30612244897959184,13.390508278321397,653768.2947699119
12.244897959183675,3.63112572224959,1.289542716522833,0.7878787878787878,0.30612244897959184,13.37857702802015,646014.3705948335
12.244897959183675,4.0335072408363,1.3946362805677694,0.797979797979798,0.30612244897959184,13.366700298897388,638387.2153889443
12.244897959183675,4.48047848142245,1.4997298446127043,0.808080808080808,0.30612244897959184,13.35487868388509,630884.8797328633
12.244897959183675,4.97698063344183,1.6048234086576407,0.8181818181818182,0.30612244897959184,13.343112757827999,623505.4330316891
12.244897959183675,5.52850244195146,1.7099169727025751,0.8282828282828283,0.30612244897959184,13.33140307751547,616246.9638524558
12.244897959183675,6.14114088475497,1.8150105367475111,0.8383838383838383,0.30612244897959184,13.319750181723297,609107.5802349783
12.244897959183675,6.8216685734332,1.9201041007924453,0.8484848484848483,0.30612244897959184,13.308154591265296,602085.4099768358
12.244897959183675,7.57760862338904,2.0251976648373815,0.8585858585858586,0.30612244897959184,13.29661680905435,595178.6008932311
12.244897959183675,8.41731782058148,2.1302912288823177,0.8686868686868686,0.30612244897959184,13.285137320172701,588385.3210524976
12.244897959183675,9.35007900434302,2.2353847929272526,0.8787878787878787,0.30612244897959184,13.273716591951178,581703.758987983
12.244897959183675,10.3862036875563,2.3404783569721936,0.8888888888888893,0.30612244897959184,13.262355074057137,575132.1238870813
12.244897959183675,11.5371460486378,2.445571921017128,0.8989898989898993,0.30612244897959184,13.251053198590824,568668.6457581586
12.244897959183675,12.8156295554912,2.550665485062058,0.909090909090909,0.30612244897959184,13.239811380189892,562311.5755761137
12.244897959183675,14.2357876212352,2.6557590491069942,0.919191919191919,0.30612244897959184,13.2286300161418,556059.1854073262
12.244897959183675,15.8133198466305,2.7608526131519304,0.9292929292929293,0.30612244897959184,13.217509486503843,549909.7685147283
12.244897959183675,17.5656655764397,2.865946177196865,0.9393939393939392,0.30612244897959184,13.206450154230517,543861.6394437304
12.244897959183675,19.5121966883548,2.9710397412417997,0.9494949494949493,0.30612244897959184,13.195452365307945,537913.1340897194
12.244897959183675,21.6744317457404,3.0761333052867346,0.9595959595959593,0.30612244897959184,13.184516448895128,532062.6097478594
12.244897959183675,24.0762738816144,3.1812268693316703,0.9696969696969694,0.30612244897959184,13.17364271747171,526308.4451458902
12.244897959183675,26.744275043632,3.2863204333766105,0.97979797979798,0.30612244897959184,13.162831466992,520649.04046061414
12.244897959183675,29.707929521255,3.3914139974215445,0.98989898989899,0.30612244897959184,13.152082977045012,515082.8173187828
12.244897959183675,33.0,3.4965075614664802,1.0,0.30612244897959184,13.141397511020203,509608.2187830207
13.061224489795919,0.001,-6.907755278982137,0.0,0.326530612244898,14.400318289979758,1794645.8995164363
13.061224489795919,0.001110814537795,-6.802661714937222,0.010101010101008117,0.326530612244898,14.387171237731367,1771206.0164132707
13.061224489795919,0.0012339089373767,-6.697568150892323,0.020202020202014698,0.326530612244898,14.373994924194907,1748021.1316949916
13.061224489795919,0.0013706439859533,-6.592474586847349,0.030303030303028534,0.326530612244898,14.360790519993127,1725091.2748307644
13.061224489795919,0.0015225312657382,-6.487381022802441,0.04040404040403597,0.326530612244898,14.3475592062882,1702416.3910563416
13.061224489795919,0.0016912498642295,-6.382287458757476,0.05050505050504887,0.326530612244898,14.33430217429025,1679996.3424941406
13.061224489795919,0.00187866493623,-6.277193894712534,0.06060606060605963,0.326530612244898,14.321020624757155,1657830.90933519
13.061224489795919,0.00208684832281,-6.172100330667619,0.07070707070706775,0.326530612244898,14.30771576748582,1635919.7910801456
13.061224489795919,0.0023181014551505,-6.067006766622687,0.08080808080807748,0.326530612244898,14.294388820795636,1614262.6078371846
13.061224489795919,0.002574980796465,-5.961913202577741,0.0909090909090886,0.326530612244898,14.281041011004522,1592858.9016741398
13.061224489795919,0.0028603261032564,-5.856819638532781,0.10101010101010106,0.326530612244898,14.267673571898147,1571708.138022336
13.061224489795919,0.0031772918183317,-5.751726074487876,0.11111111111110823,0.326530612244898,14.254287744192817,1550809.707129466
13.061224489795919,0.0035293819426201,-5.646632510442922,0.1212121212121201,0.326530612244898,14.240884774992578,1530162.9255587936
13.061224489795919,0.0039204887712936,-5.541538946397998,0.13131313131312908,0.326530612244898,14.227465917241174,1509767.037732118
13.061224489795919,0.0043549359224151,-5.436445382353058,0.14141414141413966,0.326530612244898,14.21403242916929,1489621.2175135233
13.061224489795919,0.0048375261337845,-5.331351818308116,0.15151515151515035,0.326530612244898,14.200585573737785,1469724.5698313618
13.061224489795919,0.0053735943563712,-5.2262582542631755,0.16161616161616094,0.326530612244898,14.1871266180774,1450076.1323355287
13.061224489795919,0.0059690667312704,-5.121164690218244,0.17171717171717069,0.326530612244898,14.173656832925571,1430674.8770872988
13.061224489795919,0.0066305261021638,-5.016071126173304,0.18181818181818118,0.326530612244898,14.160177492060912,1411519.7122788979
13.061224489795919,0.0073652847875129,-4.910977562128371,0.19191919191919102,0.326530612244898,14.146689871735978,1392609.4839800305
13.061224489795919,0.0081814654169699,-4.80588399808343,0.20202020202020168,0.326530612244898,14.133195250108868,1373942.9779085186
13.061224489795919,0.0090880907256374,-4.700790434038493,0.21212121212121193,0.326530612244898,14.119694906674294,1355518.9212223412
13.061224489795919,0.0100951832988382,-4.595696869993551,0.22222222222222263,0.326530612244898,14.106190121694668,1337335.9843302425
13.061224489795919,0.0112138763700549,-4.490603305948624,0.23232323232323193,0.326530612244898,14.092682175631825,1319392.782718235
13.061224489795919,0.0124565368968931,-4.385509741903686,0.24242424242424226,0.326530612244898,14.079172348579938,1301687.878789251
13.061224489795919,0.013836902275649,-4.280416177858747,0.2525252525252527,0.326530612244898,14.065661919700236,1284219.7837133252
13.061224489795919,0.0153702322058399,-4.175322613813814,0.26262626262626254,0.326530612244898,14.05215216665807,1266986.9592856357
13.061224489795919,0.0170734773835322,-4.07022904976888,0.2727272727272725,0.326530612244898,14.038644365062895,1249987.8197898576
13.061224489795919,0.0189654668883421,-3.9651354857239447,0.2828282828282826,0.326530612244898,14.025139787911762,1233220.7338643186
13.061224489795919,0.0210671163356406,-3.8600419216790063,0.292929292929293,0.326530612244898,14.011639705036814,1216684.026368448
13.061224489795919,0.0234016590950486,-3.7549483576340705,0.3030303030303031,0.326530612244898,13.99814538255739,1200375.9802471702
13.061224489795919,0.0259949031313031,-3.649854793589135,0.3131313131313132,0.326530612244898,13.984658082337207,1184294.838390839
13.061224489795919,0.0288755163068248,-3.5447612295442013,0.32323232323232315,0.326530612244898,13.971179061447183,1168438.805488485
13.061224489795919,0.0320753432999582,-3.4396676654992664,0.33333333333333315,0.326530612244898,13.957709571634387,1152806.049872161
13.061224489795919,0.0356297576423598,-3.3345741014543298,0.34343434343434337,0.326530612244898,13.944250858797616,1137394.7053502414
13.061224489795919,0.0395780527672466,-3.229480537409394,0.3535353535353535,0.326530612244898,13.930804162470068,1122202.8730276404
13.061224489795919,0.0439638763914761,-3.1243869733644574,0.3636363636363637,0.326530612244898,13.917370715309593,1107228.62311097
13.061224489795919,0.048835713033475,-3.019293409319523,0.3737373737373737,0.326530612244898,13.903951742596952,1092469.9966967364
13.061224489795919,0.0542474200011699,-2.914199845274587,0.3838383838383838,0.326530612244898,13.890548461742524,1077925.0075407717
13.061224489795919,0.060258822775172,-2.8091062812296523,0.3939393939393938,0.326530612244898,13.877162081801895,1063591.6438071958
13.061224489795919,0.0669363763690749,-2.7040127171847166,0.404040404040404,0.326530612244898,13.863793803000684,1049467.8697952128
13.061224489795919,0.0743538999780876,-2.5989191531397813,0.4141414141414141,0.326530612244898,13.850444816269038,1035551.6276422564
13.061224489795919,0.0825933930374168,-2.493825589094845,0.42424242424242425,0.326530612244898,13.837116302786118,1021840.8390019609
13.061224489795919,0.0917459417117808,-2.38873202504991,0.4343434343434343,0.326530612244898,13.823809433534949,1008333.4066956157
13.061224489795919,0.101912725837141,-2.283638461004973,0.44444444444444453,0.326530612244898,13.810525368867932,995027.2163357849
13.061224489795919,0.113206137446215,-2.1785448969600347,0.4545454545454549,0.326530612244898,13.797265258083355,981920.1379209162
13.061224489795919,0.125751023242877,-2.0734513329151003,0.46464646464646486,0.326530612244898,13.784030239013163,969010.0273997936
13.061224489795919,0.139686064760787,-1.9683577688701692,0.47474747474747453,0.326530612244898,13.77082143762226,956294.7282048188
13.061224489795919,0.155165311463659,-1.8632642048252352,0.48484848484848453,0.326530612244898,13.757639967619605,943772.0727531764
13.061224489795919,0.172359883735326,-1.7581706407802946,0.49494949494949514,0.326530612244898,13.744486930081314,931439.8839150274
13.061224489795919,0.19145986458586,-1.6530770767353593,0.5050505050505052,0.326530612244898,13.731363413085973,919295.9764479375
13.061224489795919,0.212676400986239,-1.5479835126904273,0.5151515151515149,0.326530612244898,13.718270491362366,907338.1583968684
13.061224489795919,0.236244038061438,-1.442889948645492,0.5252525252525251,0.326530612244898,13.705209225949766,895564.2324590989
13.061224489795919,0.262423311946047,-1.3377963846005527,0.5353535353535355,0.326530612244898,13.69218066387095,883971.9973135671
13.061224489795919,0.291503629965987,-1.2327028205556183,0.5454545454545455,0.326530612244898,13.679185837818078,872559.2489141597
13.061224489795919,0.323806469986239,-1.1276092565106834,0.5555555555555556,0.326530612244898,13.666225765851497,861323.7817465541
13.061224489795919,0.359688934292802,-1.0225156924657481,0.5656565656565656,0.326530612244898,13.65330145111163,850263.3900483556
13.061224489795919,0.399547697296443,-0.9174221284208132,0.5757575757575757,0.326530612244898,13.640413881543966,839375.8689922313
13.061224489795919,0.443823390699414,-0.8123285643758777,0.5858585858585857,0.326530612244898,13.627564029637217,828659.0158319181
13.061224489795919,0.49300547460239,-0.707235000330941,0.5959595959595959,0.326530612244898,13.614752852174709,818110.6310109883
13.061224489795919,0.547637648400869,-0.6021414362860068,0.606060606060606,0.326530612244898,13.60198128999897,807728.519234327
13.061224489795919,0.608323861287565,-0.49704787224107067,0.6161616161616161,0.326530612244898,13.589250267789557,797510.4905023623
13.061224489795919,0.67573498880583,-0.39195430819613525,0.6262626262626262,0.326530612244898,13.5765606938541,787454.3611081204
13.061224489795919,0.750616249262273,-0.2868607441511999,0.6363636363636362,0.326530612244898,13.563913459932495,777557.9545972444
13.061224489795919,0.833795441985706,-0.18176718010626372,0.6464646464646464,0.326530612244898,13.55130944101425,767819.1026911781
13.061224489795919,0.926192098504948,-0.07667361606132911,0.6565656565656565,0.326530612244898,13.538749495168874,758235.6461737459
13.061224489795919,1.02882764781018,0.028419947983610284,0.666666666666667,0.326530612244898,13.526234463389253,748805.4357414372
13.061224489795919,1.142836708073,0.1335135120285407,0.6767676767676766,0.326530612244898,13.513765169447922,739526.3328177218
13.061224489795919,1.2694796296533,0.23860707607348014,0.686868686868687,0.326530612244898,13.501342419766091,730396.2103317655
13.061224489795919,1.41015642805352,0.3437006401184105,0.6969696969696967,0.326530612244898,13.488967003295363,721412.9534620029
13.061224489795919,1.56642226084696,0.44879420416335164,0.7070707070707073,0.326530612244898,13.476639691411949,712574.4603449877
13.061224489795919,1.74000461967455,0.5538877682082868,0.7171717171717173,0.326530612244898,13.464361237823278,703878.6427500339
13.061224489795919,1.93282242736499,0.6589813322532224,0.7272727272727274,0.326530612244898,13.452132378486825,695323.4267201712
13.061224489795919,2.14700725129329,0.7640748962981553,0.7373737373737373,0.326530612244898,13.439953831540995,686906.7531799707
13.061224489795919,2.38492686748792,0.8691684603430914,0.7474747474747475,0.326530612244898,13.427826297247874,678626.5785108134
13.061224489795919,2.64921143598352,0.9742620243880249,0.7575757575757573,0.326530612244898,13.415750457947683,670480.8750942345
13.061224489795919,2.94278257678333,1.0793555884329629,0.7676767676767676,0.326530612244898,13.403726978024713,662467.6318239482
13.061224489795919,3.26888566786082,1.184449152477898,0.7777777777777777,0.326530612244898,13.39175650388455,654584.85458722
13.061224489795919,3.63112572224959,1.289542716522833,0.7878787878787878,0.326530612244898,13.379839663942368,646830.5667162522
13.061224489795919,4.0335072408363,1.3946362805677694,0.797979797979798,0.326530612244898,13.367977068622082,639202.8094102668
13.061224489795919,4.48047848142245,1.4997298446127043,0.808080808080808,0.326530612244898,13.356169310366116,631699.6421289907
13.061224489795919,4.97698063344183,1.6048234086576407,0.8181818181818182,0.326530612244898,13.344416963655574,624319.1429582475
13.061224489795919,5.52850244195146,1.7099169727025751,0.8282828282828283,0.326530612244898,13.332720585040546,617059.4089483789
13.061224489795919,6.14114088475497,1.8150105367475111,0.8383838383838383,0.326530612244898,13.321080713180336,609918.5564262287
13.061224489795919,6.8216685734332,1.9201041007924453,0.8484848484848483,0.326530612244898,13.309497868893345,602894.721281424
13.061224489795919,7.57760862338904,2.0251976648373815,0.8585858585858586,0.326530612244898,13.297972555216356,595986.0592276899
13.061224489795919,8.41731782058148,2.1302912288823177,0.8686868686868686,0.326530612244898,13.286505257472971,589190.7460399418
13.061224489795919,9.35007900434302,2.2353847929272526,0.8787878787878787,0.326530612244898,13.275096443350941,582506.9777679056
13.061224489795919,10.3862036875563,2.3404783569721936,0.8888888888888893,0.326530612244898,13.263746562988114,575932.970926996
13.061224489795919,11.5371460486378,2.445571921017128,0.8989898989898993,0.326530612244898,13.252456049066762,569466.9626672158
13.061224489795919,12.8156295554912,2.550665485062058,0.909090909090909,0.326530612244898,13.241225316915994,563107.2109207965
13.061224489795919,14.2357876212352,2.6557590491069942,0.919191919191919,0.326530612244898,13.230054764622004,556851.9945293239
13.061224489795919,15.8133198466305,2.7608526131519304,0.9292929292929293,0.326530612244898,13.218944773145886,550699.6133510844
13.061224489795919,17.5656655764397,2.865946177196865,0.9393939393939392,0.326530612244898,13.207895706448742,544648.3883493481
13.061224489795919,19.5121966883548,2.9710397412417997,0.9494949494949493,0.326530612244898,13.196907911623814,538696.6616623043
13.061224489795919,21.6744317457404,3.0761333052867346,0.9595959595959593,0.326530612244898,13.185981719035388,532842.7966553719
13.061224489795919,24.0762738816144,3.1812268693316703,0.9696969696969694,0.326530612244898,13.175117442464172,527085.1779565644
13.061224489795919,26.744275043632,3.2863204333766105,0.97979797979798,0.326530612244898,13.164315379258918,521422.2114756131
13.061224489795919,29.707929521255,3.3914139974215445,0.98989898989899,0.326530612244898,13.153575810493999,515852.3244075282
13.061224489795919,33.0,3.4965075614664802,1.0,0.326530612244898,13.142899001132681,510373.96522125084
13.877551020408163,0.001,-6.907755278982137,0.0,0.3469387755102041,14.399813354955665,1793739.9486883252
13.877551020408163,0.001110814537795,-6.802661714937222,0.010101010101008117,0.3469387755102041,14.386692681879932,1770358.5981946648
13.877551020408163,0.0012339089373767,-6.697568150892323,0.020202020202014698,0.3469387755102041,14.373542825704588,1747231.0325950691
13.877551020408163,0.0013706439859533,-6.592474586847349,0.030303030303028534,0.3469387755102041,14.360364950854645,1724357.285415831
13.877551020408163,0.0015225312657382,-6.487381022802441,0.04040404040403597,0.3469387755102041,14.347160232234986,1701737.3065660982
13.877551020408163,0.0016912498642295,-6.382287458757476,0.05050505050504887,0.3469387755102041,14.333929854742328,1679370.9634430383
13.877551020408163,0.00187866493623,-6.277193894712534,0.06060606060605963,0.3469387755102041,14.320675012768573,1657258.042098477
13.877551020408163,0.00208684832281,-6.172100330667619,0.07070707070706775,0.3469387755102041,14.307396909695735,1635398.2484641855
13.877551020408163,0.0023181014551505,-6.067006766622687,0.08080808080807748,0.3469387755102041,14.294096757383105,1613791.2096336544
13.877551020408163,0.002574980796465,-5.961913202577741,0.0909090909090886,0.3469387755102041,14.28077577564717,1592436.4751978382
13.877551020408163,0.0028603261032564,-5.856819638532781,0.10101010101010106,0.3469387755102041,14.267435191734702,1571333.518632196
13.877551020408163,0.0031772918183317,-5.751726074487876,0.11111111111110823,0.3469387755102041,14.254076239789665,1550481.7387325596
13.877551020408163,0.0035293819426201,-5.646632510442922,0.1212121212121201,0.3469387755102041,14.240700160314388,1529880.4610970581
13.877551020408163,0.0039204887712936,-5.541538946397998,0.13131313131312908,0.3469387755102041,14.22730819962566,1509528.9396515705
13.877551020408163,0.0043549359224151,-5.436445382353058,0.14141414141413966,0.3469387755102041,14.213901609306191,1489426.3582157905
13.877551020408163,0.0048375261337845,-5.331351818308116,0.15151515151515035,0.3469387755102041,14.200481645652108,1469571.832107354
13.877551020408163,0.0053735943563712,-5.2262582542631755,0.16161616161616094,0.3469387755102041,14.187049569116995,1449964.409781133
13.877551020408163,0.0059690667312704,-5.121164690218244,0.17171717171717069,0.3469387755102041,14.173606643753077,1430603.0745009806
13.877551020408163,0.0066305261021638,-5.016071126173304,0.18181818181818118,0.3469387755102041,14.160154136650116,1411486.746041142
13.877551020408163,0.0073652847875129,-4.910977562128371,0.19191919191919102,0.3469387755102041,14.146693317372634,1392614.2824145828
13.877551020408163,0.0081814654169699,-4.80588399808343,0.20202020202020168,0.3469387755102041,14.133225457395998,1373984.4816254072
13.877551020408163,0.0090880907256374,-4.700790434038493,0.21212121212121193,0.3469387755102041,14.11975182954199,1355596.0834426798
13.877551020408163,0.0100951832988382,-4.595696869993551,0.22222222222222263,0.3469387755102041,14.106273707414417,1337447.7711928657
13.877551020408163,0.0112138763700549,-4.490603305948624,0.23232323232323193,0.3469387755102041,14.092792364835367,1319538.1735682243
13.877551020408163,0.0124565368968931,-4.385509741903686,0.24242424242424226,0.3469387755102041,14.07930907528266,1301865.866448447
13.877551020408163,0.013836902275649,-4.280416177858747,0.2525252525252527,0.3469387755102041,14.065825111329092,1284429.3747329228
13.877551020408163,0.0153702322058399,-4.175322613813814,0.26262626262626254,0.3469387755102041,14.052341744084021,1267227.1741810322
13.877551020408163,0.0170734773835322,-4.07022904976888,0.2727272727272725,0.3469387755102041,14.038860242637849,1250257.6932578825
13.877551020408163,0.0189654668883421,-3.9651354857239447,0.2828282828282826,0.3469387755102041,14.025381873509986,1233519.314983054
13.877551020408163,0.0210671163356406,-3.8600419216790063,0.292929292929293,0.3469387755102041,14.011907900100795,1217010.3787798416
13.877551020408163,0.0234016590950486,-3.7549483576340705,0.3030303030303031,0.3469387755102041,13.99843958214809,1200729.1823226502
13.877551020408163,0.0259949031313031,-3.649854793589135,0.3131313131313132,0.3469387755102041,13.98497817518868,1184673.9833802069
13.877551020408163,0.0288755163068248,-3.5447612295442013,0.32323232323232315,0.3469387755102041,13.971524930025502,1168843.00165234
13.877551020408163,0.0320753432999582,-3.4396676654992664,0.33333333333333315,0.3469387755102041,13.958081092200809,1153234.4205981235
13.877551020408163,0.0356297576423598,-3.3345741014543298,0.34343434343434337,0.3469387755102041,13.94464790147593,1137846.3892533132
13.877551020408163,0.0395780527672466,-3.229480537409394,0.3535353535353535,0.3469387755102041,13.931226591318055,1122677.0240349818
13.877551020408163,0.0439638763914761,-3.1243869733644574,0.3636363636363637,0.3469387755102041,13.91781838839451,1107724.4105314484
13.877551020408163,0.048835713033475,-3.019293409319523,0.3737373737373737,0.3469387755102041,13.90442451207497,1092986.6052755862
13.877551020408163,0.0542474200011699,-2.914199845274587,0.3838383838383838,0.3469387755102041,13.891046173942026,1078461.6374997343
13.877551020408163,0.060258822775172,-2.8091062812296523,0.3939393939393938,0.3469387755102041,13.877684577310529,1064147.510870481
13.877551020408163,0.0669363763690749,-2.7040127171847166,0.404040404040404,0.3469387755102041,13.864340916756088,1050042.2052017066
13.877551020408163,0.0743538999780876,-2.5989191531397813,0.4141414141414141,0.3469387755102041,13.85101637765312,1036143.6781443256
13.877551020408163,0.0825933930374168,-2.493825589094845,0.42424242424242425,0.3469387755102041,13.83771213572279,1022449.8668512822
13.877551020408163,0.0917459417117808,-2.38873202504991,0.4343434343434343,0.3469387755102041,13.824429356591187,1008958.6896164261
13.877551020408163,0.101912725837141,-2.283638461004973,0.44444444444444453,0.3469387755102041,13.811169195358067,995668.0474859664
13.877551020408163,0.113206137446215,-2.1785448969600347,0.4545454545454549,0.3469387755102041,13.797932796176454,982575.8258413431
13.877551020408163,0.125751023242877,-2.0734513329151003,0.46464646464646486,0.3469387755102041,13.784721291843379,969679.8959523577
13.877551020408163,0.139686064760787,-1.9683577688701692,0.47474747474747453,0.3469387755102041,13.77153580340203,956978.1164995661
13.877551020408163,0.155165311463659,-1.8632642048252352,0.48484848484848453,0.3469387755102041,13.758377439755554,944468.3350649899
13.877551020408163,0.172359883735326,-1.7581706407802946,0.49494949494949514,0.3469387755102041,13.745247297292739,932148.3895902769
13.877551020408163,0.19145986458586,-1.6530770767353593,0.5050505050505052,0.3469387755102041,13.732146459525772,920016.1098015503
13.877551020408163,0.212676400986239,-1.5479835126904273,0.5151515151515149,0.3469387755102041,13.71907599674026,908069.3186002296
13.877551020408163,0.236244038061438,-1.442889948645492,0.5252525252525251,0.3469387755102041,13.706036965657688,896305.8334192391
13.877551020408163,0.262423311946047,-1.3377963846005527,0.5353535353535355,0.3469387755102041,13.693030409110463,884723.4675440552
13.877551020408163,0.291503629965987,-1.2327028205556183,0.5454545454545455,0.3469387755102041,13.680057355729659,873320.0313981303
13.877551020408163,0.323806469986239,-1.1276092565106834,0.5555555555555556,0.3469387755102041,13.66711881964556,862093.3337923014
13.877551020408163,0.359688934292802,-1.0225156924657481,0.5656565656565656,0.3469387755102041,13.654215800201152,851041.183137913
13.877551020408163,0.399547697296443,-0.9174221284208132,0.5757575757575757,0.3469387755102041,13.641349281678535,840161.3886233494
13.877551020408163,0.443823390699414,-0.8123285643758777,0.5858585858585857,0.3469387755102041,13.628520233038415,829451.7613538704
13.877551020408163,0.49300547460239,-0.707235000330941,0.5959595959595959,0.3469387755102041,13.615729607672625,818910.1154545825
13.877551020408163,0.547637648400869,-0.6021414362860068,0.606060606060606,0.3469387755102041,13.602978343169752,808534.2691365584
13.877551020408163,0.608323861287565,-0.49704787224107067,0.6161616161616161,0.3469387755102041,13.590267361093826,798322.0457260666
13.877551020408163,0.67573498880583,-0.39195430819613525,0.6262626262626262,0.3469387755102041,13.577597566776095,788271.2746570407
13.877551020408163,0.750616249262273,-0.2868607441511999,0.6363636363636362,0.3469387755102041,13.56496984911982,778379.7924268693
13.877551020408163,0.833795441985706,-0.18176718010626372,0.6464646464646464,0.3469387755102041,13.552385080418071,768645.4435157418
13.877551020408163,0.926192098504948,-0.07667361606132911,0.6565656565656565,0.3469387755102041,13.539844116184433,759066.0812697292
13.877551020408163,1.02882764781018,0.028419947983610284,0.666666666666667,0.3469387755102041,13.527347794996565,749639.5687479365
13.877551020408163,1.142836708073,0.1335135120285407,0.6767676767676766,0.3469387755102041,13.51489693835252,740363.7795340219
13.877551020408163,1.2694796296533,0.23860707607348014,0.686868686868687,0.3469387755102041,13.502492350539699,731236.5985124608
13.877551020408163,1.41015642805352,0.3437006401184105,0.6969696969696967,0.3469387755102041,13.490134818516351,722255.9226099718
13.877551020408163,1.56642226084696,0.44879420416335164,0.7070707070707073,0.3469387755102041,13.477825111805462,713419.6615025472
13.877551020408163,1.74000461967455,0.5538877682082868,0.7171717171717173,0.3469387755102041,13.465563982400909,704725.7382885775
13.877551020408163,1.93282242736499,0.6589813322532224,0.7272727272727274,0.3469387755102041,13.453352164685702,696172.0901285715
13.877551020408163,2.14700725129329,0.7640748962981553,0.7373737373737373,0.3469387755102041,13.441190375362188,687756.6688520412
13.877551020408163,2.38492686748792,0.8691684603430914,0.7474747474747475,0.3469387755102041,13.429079313393995,679477.4415321015
13.877551020408163,2.64921143598352,0.9742620243880249,0.7575757575757573,0.3469387755102041,13.417019659959562,671332.3910283924
13.877551020408163,2.94278257678333,1.0793555884329629,0.7676767676767676,0.3469387755102041,13.40501207841706,663319.5164989486
13.877551020408163,3.26888566786082,1.184449152477898,0.7777777777777777,0.3469387755102041,13.393057214280486,655436.8338816485
13.877551020408163,3.63112572224959,1.289542716522833,0.7878787878787878,0.3469387755102041,13.381155695206724,647682.3763459035
13.877551020408163,4.0335072408363,1.3946362805677694,0.797979797979798,0.3469387755102041,13.369308130993385,640054.1947152738
13.877551020408163,4.48047848142245,1.4997298446127043,0.808080808080808,0.3469387755102041,13.357515113587151,632550.3578616809
13.877551020408163,4.97698063344183,1.6048234086576407,0.8181818181818182,0.3469387755102041,13.34577721710244,625168.9530719357
13.877551020408163,5.52850244195146,1.7099169727025751,0.8282828282828283,0.3469387755102041,13.33409499785012,617908.0863872801
13.877551020408163,6.14114088475497,1.8150105367475111,0.8383838383838383,0.3469387755102041,13.322468994376065,610765.8829166683
13.877551020408163,6.8216685734332,1.9201041007924453,0.8484848484848483,0.3469387755102041,13.310899727509279,603740.4871245115
13.877551020408163,7.57760862338904,2.0251976648373815,0.8585858585858586,0.3469387755102041,13.299387700419356,596830.063093619
13.877551020408163,8.41731782058148,2.1302912288823177,0.8686868686868686,0.3469387755102041,13.287933398683016,590032.7947640612
13.877551020408163,9.35007900434302,2.2353847929272526,0.8787878787878787,0.3469387755102041,13.276537290359464,583346.8861486979
13.877551020408163,10.3862036875563,2.3404783569721936,0.8888888888888893,0.3469387755102041,13.265199826074314,576770.5615261048
13.877551020408163,11.5371460486378,2.445571921017128,0.8989898989898993,0.3469387755102041,13.253921439111808,570302.0656116224
13.877551020408163,12.8156295554912,2.550665485062058,0.909090909090909,0.3469387755102041,13.242702545515098,563939.6637072801
13.877551020408163,14.2357876212352,2.6557590491069942,0.919191919191919,0.3469387755102041,13.231543544194272,557681.6418312934
13.877551020408163,15.8133198466305,2.7608526131519304,0.9292929292929293,0.3469387755102041,13.220444817041928,551526.3068278824
13.877551020408163,17.5656655764397,2.865946177196865,0.9393939393939392,0.3469387755102041,13.20940672905598,545471.9864581178
13.877551020408163,19.5121966883548,2.9710397412417997,0.9494949494949493,0.3469387755102041,13.19842962846944,539517.0294724908
13.877551020408163,21.6744317457404,3.0761333052867346,0.9595959595959593,0.3469387755102041,13.187513846886946,533659.805665938
13.877551020408163,24.0762738816144,3.1812268693316703,0.9696969696969694,0.3469387755102041,13.176659699427718,527898.7059159782
13.877551020408163,26.744275043632,3.2863204333766105,0.97979797979798,0.3469387755102041,13.165867484874731,522232.1422046749
13.877551020408163,29.707929521255,3.3914139974215445,0.98989898989899,0.3469387755102041,13.155137485829805,516658.547625077
13.877551020408163,33.0,3.4965075614664802,1.0,0.3469387755102041,13.14446996887437,511176.3763728033
14.693877551020408,0.001,-6.907755278982137,0.0,0.3673469387755102,14.399260049600885,1792747.7372928862
14.693877551020408,0.001110814537795,-6.802661714937222,0.010101010101008117,0.3673469387755102,14.386167265573578,1769428.6672409154
14.693877551020408,0.0012339089373767,-6.697568150892323,0.020202020202014698,0.3673469387755102,14.373045379272071,1746362.0948940201
14.693877551020408,0.0013706439859533,-6.592474586847349,0.030303030303028534,0.3673469387755102,14.359895548503726,1723548.0579937175
14.693877551020408,0.0015225312657382,-6.487381022802441,0.04040404040403597,0.3673469387755102,14.346718941499033,1700986.5113293603
14.693877551020408,0.0016912498642295,-6.382287458757476,0.05050505050504887,0.3673469387755102,14.333516736427343,1678677.3278270403
14.693877551020408,0.00187866493623,-6.277193894712534,0.06060606060605963,0.3673469387755102,14.320290120904039,1656620.2996994422
14.693877551020408,0.00208684832281,-6.172100330667619,0.07070707070706775,0.3673469387755102,14.30704029148938,1634815.139653933
14.693877551020408,0.0023181014551505,-6.067006766622687,0.08080808080807748,0.3673469387755102,14.293768453179696,1613261.4821567442
14.693877551020408,0.002574980796465,-5.961913202577741,0.0909090909090886,0.3673469387755102,14.280475818891361,1591958.8847507276
14.693877551020408,0.0028603261032564,-5.856819638532781,0.10101010101010106,0.3673469387755102,14.267163608938075,1570906.8294241193
14.693877551020408,0.0031772918183317,-5.751726074487876,0.11111111111110823,0.3673469387755102,14.253833050501994,1550104.7240277969
14.693877551020408,0.0035293819426201,-5.646632510442922,0.1212121212121201,0.3673469387755102,14.240485377099196,1529551.9037383304
14.693877551020408,0.0039204887712936,-5.541538946397998,0.13131313131312908,0.3673469387755102,14.22712182804015,1509247.6325643524
14.693877551020408,0.0043549359224151,-5.436445382353058,0.14141414141413966,0.3673469387755102,14.213743647885586,1489191.1048933237
14.693877551020408,0.0048375261337845,-5.331351818308116,0.15151515151515035,0.3673469387755102,14.200352085898457,1469381.447076199
14.693877551020408,0.0053735943563712,-5.2262582542631755,0.16161616161616094,0.3673469387755102,14.186948395492486,1449817.7190471278
14.693877551020408,0.0059690667312704,-5.121164690218244,0.17171717171717069,0.3673469387755102,14.173533833677897,1430498.9159755148
14.693877551020408,0.0066305261021638,-5.016071126173304,0.18181818181818118,0.3673469387755102,14.160109660504888,1411423.9699476685
14.693877551020408,0.0073652847875129,-4.910977562128371,0.19191919191919102,0.3673469387755102,14.146677138505462,1392591.7516753469
14.693877551020408,0.0081814654169699,-4.80588399808343,0.20202020202020168,0.3673469387755102,14.13323753213411,1374001.072228357
14.693877551020408,0.0090880907256374,-4.700790434038493,0.21212121212121193,0.3673469387755102,14.119792107208042,1355650.6847886303
14.693877551020408,0.0100951832988382,-4.595696869993551,0.22222222222222263,0.3673469387755102,14.106342130347409,1337539.2864229295
14.693877551020408,0.0112138763700549,-4.490603305948624,0.23232323232323193,0.3673469387755102,14.092888868416207,1319665.5198716174
14.693877551020408,0.0124565368968931,-4.385509741903686,0.24242424242424226,0.3673469387755102,14.079433587964342,1302027.975350766
14.693877551020408,0.013836902275649,-4.280416177858747,0.2525252525252527,0.3673469387755102,14.065977554671495,1284625.1923650552
14.693877551020408,0.0153702322058399,-4.175322613813814,0.26262626262626254,0.3673469387755102,14.052522032793284,1267455.661528834
14.693877551020408,0.0170734773835322,-4.07022904976888,0.2727272727272725,0.3673469387755102,14.039068284610316,1250517.8263928469
14.693877551020408,0.0189654668883421,-3.9651354857239447,0.2828282828282826,0.3673469387755102,14.025617569880666,1233810.0852741648
14.693877551020408,0.0210671163356406,-3.8600419216790063,0.292929292929293,0.3673469387755102,14.012171145296302,1217330.7930868506
14.693877551020408,0.0234016590950486,-3.7549483576340705,0.3030303030303031,0.3673469387755102,13.998730263944015,1201078.2631710547
14.693877551020408,0.0259949031313031,-3.649854793589135,0.3131313131313132,0.3673469387755102,13.98529617477134,1185050.7691181898
14.693877551020408,0.0288755163068248,-3.5447612295442013,0.32323232323232315,0.3673469387755102,13.971870122057998,1169246.5465899904
14.693877551020408,0.0320753432999582,-3.4396676654992664,0.33333333333333315,0.3673469387755102,13.958453344893336,1153663.7951292603
14.693877551020408,0.0356297576423598,-3.3345741014543298,0.34343434343434337,0.3673469387755102,13.945047076660243,1138300.6799602194
14.693877551020408,0.0395780527672466,-3.229480537409394,0.3535353535353535,0.3673469387755102,13.931652544526045,1123155.3337764596
14.693877551020408,0.0439638763914761,-3.1243869733644574,0.3636363636363637,0.3673469387755102,13.918270968940769,1108225.8585145131
14.693877551020408,0.048835713033475,-3.019293409319523,0.3737373737373737,0.3673469387755102,13.904903563143279,1093510.3271112277
14.693877551020408,0.0542474200011699,-2.914199845274587,0.3838383838383838,0.3673469387755102,13.89155153267565,1079006.7852431065
14.693877551020408,0.060258822775172,-2.8091062812296523,0.3939393939393938,0.3673469387755102,13.87821607490623,1064713.253045966
14.693877551020408,0.0669363763690749,-2.7040127171847166,0.404040404040404,0.3673469387755102,13.864898378561755,1050627.7268132484
14.693877551020408,0.0743538999780876,-2.5989191531397813,0.4141414141414141,0.3673469387755102,13.851599623268882,1036748.18067149
14.693877551020408,0.0825933930374168,-2.493825589094845,0.42424242424242425,0.3673469387755102,13.838320979105518,1023072.5682314581
14.693877551020408,0.0917459417117808,-2.38873202504991,0.4343434343434343,0.3673469387755102,13.82506360616226,1009598.8242136334
14.693877551020408,0.101912725837141,-2.283638461004973,0.44444444444444453,0.3673469387755102,13.81182865411427,996324.8660467251
14.693877551020408,0.113206137446215,-2.1785448969600347,0.4545454545454549,0.3673469387755102,13.798617261803898,983248.5954380552
14.693877551020408,0.125751023242877,-2.0734513329151003,0.46464646464646486,0.3673469387755102,13.785430556834292,970367.8999146691
14.693877551020408,0.139686064760787,-1.9683577688701692,0.47474747474747453,0.3673469387755102,13.77226965517431,957680.6543341811
14.693877551020408,0.155165311463659,-1.8632642048252352,0.48484848484848453,0.3673469387755102,13.759135660774929,945184.7223644032
14.693877551020408,0.172359883735326,-1.7581706407802946,0.49494949494949514,0.3673469387755102,13.746029665197414,932877.9579308995
14.693877551020408,0.19145986458586,-1.6530770767353593,0.5050505050505052,0.3673469387755102,13.732952747253403,920758.2066316863
14.693877551020408,0.212676400986239,-1.5479835126904273,0.5151515151515149,0.3673469387755102,13.719905972657132,908823.3071183915
14.693877551020408,0.236244038061438,-1.442889948645492,0.5252525252525251,0.3673469387755102,13.706890393689955,897071.0924432675
14.693877551020408,0.262423311946047,-1.3377963846005527,0.5353535353535355,0.3673469387755102,13.693907048877287,885499.3913714973
14.693877551020408,0.291503629965987,-1.2327028205556183,0.5454545454545455,0.3673469387755102,13.680956962678126,874106.0296583512
14.693877551020408,0.323806469986239,-1.1276092565106834,0.5555555555555556,0.3673469387755102,13.668041145187223,862888.8312907921
14.693877551020408,0.359688934292802,-1.0225156924657481,0.5656565656565656,0.3673469387755102,13.655160591850038,851845.6196932304
14.693877551020408,0.399547697296443,-0.9174221284208132,0.5757575757575757,0.3673469387755102,13.642316283190507,840974.2188971613
14.693877551020408,0.443823390699414,-0.8123285643758777,0.5858585858585857,0.3673469387755102,13.629509184551702,830272.4546745225
14.693877551020408,0.49300547460239,-0.707235000330941,0.5959595959595959,0.3673469387755102,13.61674024584942,819738.1556346548
14.693877551020408,0.547637648400869,-0.6021414362860068,0.606060606060606,0.3673469387755102,13.604010401338698,809369.1542848059
14.693877551020408,0.608323861287565,-0.49704787224107067,0.6161616161616161,0.3673469387755102,13.591320569393265,799163.288054189
14.693877551020408,0.67573498880583,-0.39195430819613525,0.6262626262626262,0.3673469387755102,13.578671652297945,789118.4002816832
14.693877551020408,0.750616249262273,-0.2868607441511999,0.6363636363636362,0.3673469387755102,13.566064536053934,779232.3411672647
14.693877551020408,0.833795441985706,-0.18176718010626372,0.6464646464646464,0.3673469387755102,13.553500090196929,769502.968687369
14.693877551020408,0.926192098504948,-0.07667361606132911,0.6565656565656565,0.3673469387755102,13.540979167628056,759928.149474406
14.693877551020408,1.02882764781018,0.028419947983610284,0.666666666666667,0.3673469387755102,13.5285026044575,750505.759660687
14.693877551020408,1.142836708073,0.1335135120285407,0.6767676767676766,0.3673469387755102,13.516071219860775,741233.6856871035
14.693877551020408,1.2694796296533,0.23860707607348014,0.686868686868687,0.3673469387755102,13.503685815947483,732109.8250768911
14.693877551020408,1.41015642805352,0.3437006401184105,0.6969696969696967,0.3673469387755102,13.491347177642517,723132.087174912
14.693877551020408,1.56642226084696,0.44879420416335164,0.7070707070707073,0.3673469387755102,13.479056072579516,714298.3938528633
14.693877551020408,1.74000461967455,0.5538877682082868,0.7171717171717173,0.3673469387755102,13.466813251006455,705606.6801808948
14.693877551020408,1.93282242736499,0.6589813322532224,0.7272727272727274,0.3673469387755102,13.45461944570324,697054.8950661526
14.693877551020408,2.14700725129329,0.7640748962981553,0.7373737373737373,0.3673469387755102,13.442475371911106,688641.001858757
14.693877551020408,2.38492686748792,0.8691684603430914,0.7474747474747475,0.3673469387755102,13.43038172727367,680362.9789257981
14.693877551020408,2.64921143598352,0.9742620243880249,0.7575757575757573,0.3673469387755102,13.418339191789473,672218.8201939354
14.693877551020408,2.94278257678333,1.0793555884329629,0.7676767676767676,0.3673469387755102,13.406348427775772,664206.5356611814
14.693877551020408,3.26888566786082,1.184449152477898,0.7777777777777777,0.3673469387755102,13.394410079843443,656324.1518785472
14.693877551020408,3.63112572224959,1.289542716522833,0.7878787878787878,0.3673469387755102,13.382524774882732,648569.7124021474
14.693877551020408,4.0335072408363,1.3946362805677694,0.797979797979798,0.3673469387755102,13.370693122059691,640941.278216468
14.693877551020408,4.48047848142245,1.4997298446127043,0.808080808080808,0.3673469387755102,13.358915712823034,633436.9281294486
14.693877551020408,4.97698063344183,1.6048234086576407,0.8181818181818182,0.3673469387755102,13.34719312092122,626054.7591400836
14.693877551020408,5.52850244195146,1.7099169727025751,0.8282828282828283,0.3673469387755102,13.335525902429522,618792.8867792398
14.693877551020408,6.14114088475497,1.8150105367475111,0.8383838383838383,0.3673469387755102,13.323914595786821,611649.4454243885
14.693877551020408,6.8216685734332,1.9201041007924453,0.8484848484848483,0.3673469387755102,13.312359721841933,604622.5885889872
14.693877551020408,7.57760862338904,2.0251976648373815,0.8585858585858586,0.3673469387755102,13.300861783909163,597710.4891872052
14.693877551020408,8.41731782058148,2.1302912288823177,0.8686868686868686,0.3673469387755102,13.289421267832896,590911.3397747437
14.693877551020408,9.35007900434302,2.2353847929272526,0.8787878787878787,0.3673469387755102,13.27803864206093,584223.352766452
14.693877551020408,10.3862036875563,2.3404783569721936,0.8888888888888893,0.3673469387755102,13.266714357726302,577644.7606314752
14.693877551020408,11.5371460486378,2.445571921017128,0.8989898989898993,0.3673469387755102,13.255448848737391,571173.816066664
14.693877551020408,12.8156295554912,2.550665485062058,0.909090909090909,0.3673469387755102,13.244242531875965,564808.792148949
14.693877551020408,14.2357876212352,2.6557590491069942,0.919191919191919,0.3673469387755102,13.233095806902991,558547.9824674211
14.693877551020408,15.8133198466305,2.7608526131519304,0.9292929292929293,0.3673469387755102,13.22200905667189,552389.7012358145
14.693877551020408,17.5656655764397,2.865946177196865,0.9393939393939392,0.3673469387755102,13.210982647249008,546332.2833861075
14.693877551020408,19.5121966883548,2.9710397412417997,0.9494949494949493,0.3673469387755102,13.200016928041018,540374.0846439379
14.693877551020408,21.6744317457404,3.0761333052867346,0.9595959595959593,0.3673469387755102,13.189112231929016,534513.4815865298
14.693877551020408,24.0762738816144,3.1812268693316703,0.9696969696969694,0.3673469387755102,13.178268875409033,528748.8716838174
14.693877551020408,26.744275043632,3.2863204333766105,0.97979797979798,0.3673469387755102,13.167487158738709,523078.6733234352
14.693877551020408,29.707929521255,3.3914139974215445,0.98989898989899,0.3673469387755102,13.156767366089875,517501.3258202491
14.693877551020408,33.0,3.4965075614664802,1.0,0.3673469387755102,13.146109765706772,512015.2894110677
15.510204081632654,0.001,-6.907755278982137,0.0,0.38775510204081637,14.398659579233419,1791671.5685363598
15.510204081632654,0.001110814537795,-6.802661714937222,0.010101010101008117,0.38775510204081637,14.385596177968218,1768418.4569472298
15.510204081632654,0.0012339089373767,-6.697568150892323,0.020202020202014698,0.38775510204081637,14.372503757608508,1745416.4834559362
15.510204081632654,0.0013706439859533,-6.592474586847349,0.030303030303028534,0.38775510204081637,14.359383468928858,1722665.690177465
15.510204081632654,0.0015225312657382,-6.487381022802441,0.04040404040403597,0.38775510204081637,14.346236473073251,1700166.036987361
15.510204081632654,0.0016912498642295,-6.382287458757476,0.05050505050504887,0.38775510204081637,14.333063941074844,1677917.4025929447
15.510204081632654,0.00187866493623,-6.277193894712534,0.06060606060605963,0.38775510204081637,14.319867053367247,1655919.5856649808
15.510204081632654,0.00208684832281,-6.172100330667619,0.07070707070706775,0.38775510204081637,14.306646999287588,1634172.3060271472
15.510204081632654,0.0023181014551505,-6.067006766622687,0.08080808080807748,0.38775510204081637,14.293404976571969,1612675.2059011392
15.510204081632654,0.002574980796465,-5.961913202577741,0.0909090909090886,0.38775510204081637,14.280142190843787,1591427.8512049578
15.510204081632654,0.0028603261032564,-5.856819638532781,0.10101010101010106,0.38775510204081637,14.266859855095422,1570429.7329018514
15.510204081632654,0.0031772918183317,-5.751726074487876,0.11111111111110823,0.38775510204081637,14.253559189163845,1549680.2683974495
15.510204081632654,0.0035293819426201,-5.646632510442922,0.1212121212121201,0.38775510204081637,14.240241419200595,1529178.8029823825
15.510204081632654,0.0039204887712936,-5.541538946397998,0.13131313131312908,0.38775510204081637,14.226907777136843,1508924.6113180148
15.510204081632654,0.0043549359224151,-5.436445382353058,0.14141414141413966,0.38775510204081637,14.213559500143853,1488916.8989623256
15.510204081632654,0.0048375261337845,-5.331351818308116,0.15151515151515035,0.38775510204081637,14.200197830089627,1469154.8039335601
15.510204081632654,0.0053735943563712,-5.2262582542631755,0.16161616161616094,0.38775510204081637,14.186824012992114,1449637.3983087533
15.510204081632654,0.0059690667312704,-5.121164690218244,0.17171717171717069,0.38775510204081637,14.173439298469672,1430363.6898545427
15.510204081632654,0.0066305261021638,-5.016071126173304,0.18181818181818118,0.38775510204081637,14.160044939189268,1411332.6236874918
15.510204081632654,0.0073652847875129,-4.910977562128371,0.19191919191919102,0.38775510204081637,14.146642190313043,1392543.0839612787
15.510204081632654,0.0081814654169699,-4.80588399808343,0.20202020202020168,0.38775510204081637,14.133232308943773,1373993.8955779758
15.510204081632654,0.0090880907256374,-4.700790434038493,0.21212121212121193,0.38775510204081637,14.119816553569812,1355683.8259207935
15.510204081632654,0.0100951832988382,-4.595696869993551,0.22222222222222263,0.38775510204081637,14.1063961835101,1337611.5866055929
15.510204081632654,0.0112138763700549,-4.490603305948624,0.23232323232323193,0.38775510204081637,14.092972458359762,1319775.8352484992
15.510204081632654,0.0124565368968931,-4.385509741903686,0.24242424242424226,0.38775510204081637,14.079546637436914,1302175.1772470456
15.510204081632654,0.013836902275649,-4.280416177858747,0.2525252525252527,0.38775510204081637,14.066119979231187,1284808.16757222
15.510204081632654,0.0153702322058399,-4.175322613813814,0.26262626262626254,0.38775510204081637,14.052693740854558,1267673.3125689095
15.510204081632654,0.0170734773835322,-4.07022904976888,0.2727272727272725,0.38775510204081637,14.039269177495001,1250769.0717621993
15.510204081632654,0.0189654668883421,-3.9651354857239447,0.2828282828282826,0.38775510204081637,14.025847541873532,1234093.8596671238
15.510204081632654,0.0210671163356406,-3.8600419216790063,0.292929292929293,0.38775510204081637,14.012430083705153,1217646.047599448
15.510204081632654,0.0234016590950486,-3.7549483576340705,0.3030303030303031,0.38775510204081637,13.999018049164228,1201423.9654851363
15.510204081632654,0.0259949031313031,-3.649854793589135,0.3131313131313132,0.38775510204081637,13.98561268035479,1185425.9036662458
15.510204081632654,0.0288755163068248,-3.5447612295442013,0.32323232323232315,0.38775510204081637,13.972215214786301,1169650.1147010168
15.510204081632654,0.0320753432999582,-3.4396676654992664,0.33333333333333315,0.38775510204081637,13.95882688485532,1154094.8151560258
15.510204081632654,0.0356297576423598,-3.3345741014543298,0.34343434343434337,0.38775510204081637,13.945448917333593,1138758.1873883193
15.510204081632654,0.0395780527672466,-3.229480537409394,0.3535353535353535,0.38775510204081637,13.932082532862992,1123638.3813155247
15.510204081632654,0.0439638763914761,-3.1243869733644574,0.3636363636363637,0.38775510204081637,13.918728945457767,1108733.5161720123
15.510204081632654,0.048835713033475,-3.019293409319523,0.3737373737373737,0.38775510204081637,13.90538936201454,1094041.6822492648
15.510204081632654,0.0542474200011699,-2.914199845274587,0.3838383838383838,0.38775510204081637,13.892064981830464,1079560.9426186723
15.510204081632654,0.060258822775172,-2.8091062812296523,0.3939393939393938,0.38775510204081637,13.878756996129924,1065289.334835073
15.510204081632654,0.0669363763690749,-2.7040127171847166,0.404040404040404,0.38775510204081637,13.865466587600215,1051224.872619437
15.510204081632654,0.0743538999780876,-2.5989191531397813,0.4141414141414141,0.38775510204081637,13.852194929936495,1037365.5475191472
15.510204081632654,0.0825933930374168,-2.493825589094845,0.42424242424242425,0.38775510204081637,13.83894318739642,1023709.3305444588
15.510204081632654,0.0917459417117808,-2.38873202504991,0.4343434343434343,0.38775510204081637,13.825712514364774,1010254.1737797724
15.510204081632654,0.101912725837141,-2.283638461004973,0.44444444444444453,0.38775510204081637,13.812504054928393,996998.0119684465
15.510204081632654,0.113206137446215,-2.1785448969600347,0.4545454545454549,0.38775510204081637,13.799318942461705,983938.7640699623
15.510204081632654,0.125751023242877,-2.0734513329151003,0.46464646464646486,0.38775510204081637,13.78615829922314,971074.3347883384
15.510204081632654,0.139686064760787,-1.9683577688701692,0.47474747474747453,0.38775510204081637,13.77302323596269,958402.6160707724
15.510204081632654,0.155165311463659,-1.8632642048252352,0.48484848484848453,0.38775510204081637,13.75991485154083,945921.4885755774
15.510204081632654,0.172359883735326,-1.7581706407802946,0.49494949494949514,0.38775510204081637,13.74683423255905,933628.8231085426
15.510204081632654,0.19145986458586,-1.6530770767353593,0.5050505050505052,0.38775510204081637,13.733782453002194,921522.4820269746
15.510204081632654,0.212676400986239,-1.5479835126904273,0.5151515151515149,0.38775510204081637,13.72076057389276,909600.3206106762
15.510204081632654,0.236244038061438,-1.442889948645492,0.5252525252525251,0.38775510204081637,13.707769642957354,897860.1883992875
15.510204081632654,0.262423311946047,-1.3377963846005527,0.5353535353535355,0.38775510204081637,13.694810694305449,886299.9304954348
15.510204081632654,0.291503629965987,-1.2327028205556183,0.5454545454545455,0.38775510204081637,13.681884748120547,874917.3888332158
15.510204081632654,0.323806469986239,-1.1276092565106834,0.5555555555555556,0.38775510204081637,13.66899281036386,863710.4034116243
15.510204081632654,0.359688934292802,-1.0225156924657481,0.5656565656565656,0.38775510204081637,13.65613587249063,852676.8134926169
15.510204081632654,0.399547697296443,-0.9174221284208132,0.5757575757575757,0.38775510204081637,13.643314911179107,841814.4587635396
15.510204081632654,0.443823390699414,-0.8123285643758777,0.5858585858585857,0.38775510204081637,13.630530888072288,831121.1804637415
15.510204081632654,0.49300547460239,-0.707235000330941,0.5959595959595959,0.38775510204081637,13.61778474953243,820594.8224752684
15.510204081632654,0.547637648400869,-0.6021414362860068,0.606060606060606,0.38775510204081637,13.60507742640834,810233.2323775332
15.510204081632654,0.608323861287565,-0.49704787224107067,0.6161616161616161,0.38775510204081637,13.592409833815498,800034.2624660241
15.510204081632654,0.67573498880583,-0.39195430819613525,0.6262626262626262,0.38775510204081637,13.579782870928947,789995.7707350572
15.510204081632654,0.750616249262273,-0.2868607441511999,0.6363636363636362,0.38775510204081637,13.567197420788926,780115.6218247024
15.510204081632654,0.833795441985706,-0.18176718010626372,0.6464646464646464,0.38775510204081637,13.554654350119256,770391.6879320684
15.510204081632654,0.926192098504948,-0.07667361606132911,0.6565656565656565,0.38775510204081637,13.54215450915835,760821.8496871286
15.510204081632654,1.02882764781018,0.028419947983610284,0.666666666666667,0.38775510204081637,13.52969873150281,751403.9969933673
15.510204081632654,1.142836708073,0.1335135120285407,0.6767676767676766,0.38775510204081637,13.51728783396353,742136.0298335546
15.510204081632654,1.2694796296533,0.23860707607348014,0.686868686868687,0.38775510204081637,13.504922616434182,733015.8590409928
15.510204081632654,1.41015642805352,0.3437006401184105,0.6969696969696967,0.38775510204081637,13.492603861771986,724041.4070366233
15.510204081632654,1.56642226084696,0.44879420416335164,0.7070707070707073,0.38775510204081637,13.480332335690633,715210.6085324192
15.510204081632654,1.74000461967455,0.5538877682082868,0.7171717171717173,0.38775510204081637,13.46810878666524,706521.4112015328
15.510204081632654,1.93282242736499,0.6589813322532224,0.7272727272727274,0.38775510204081637,13.455933945849154,697971.7763156703
15.510204081632654,2.14700725129329,0.7640748962981553,0.7373737373737373,0.38775510204081637,13.443808527002489,689559.6793502432
15.510204081632654,2.38492686748792,0.8691684603430914,0.7474747474747475,0.38775510204081637,13.431733226432186,681283.11055781
15.510204081632654,2.64921143598352,0.9742620243880249,0.7575757575757573,0.38775510204081637,13.419708722943462,673140.0755104235
15.510204081632654,2.94278257678333,1.0793555884329629,0.7676767676767676,0.38775510204081637,13.40773567780241,665128.5956114437
15.510204081632654,3.26888566786082,1.184449152477898,0.7777777777777777,0.38775510204081637,13.395814734709608,657246.7085774557
15.510204081632654,3.63112572224959,1.289542716522833,0.7878787878787878,0.38775510204081637,13.383946519784487,649492.4688909195
15.510204081632654,4.0335072408363,1.3946362805677694,0.797979797979798,0.38775510204081637,13.372131641560284,641863.9482242066
15.510204081632654,4.48047848142245,1.4997298446127043,0.808080808080808,0.38775510204081637,13.360370690989338,634359.2358356878
15.510204081632654,4.97698063344183,1.6048234086576407,0.8181818181818182,0.38775510204081637,13.348664241458522,626976.4389385454
15.510204081632654,5.52850244195146,1.7099169727025751,0.8282828282828283,0.38775510204081637,13.337012848814577,619713.6830430147
15.510204081632654,6.14114088475497,1.8150105367475111,0.8383838383838383,0.38775510204081637,13.32541705139911,612569.1122727265
15.510204081632654,6.8216685734332,1.9201041007924453,0.8484848484848483,0.38775510204081637,13.31387737009303,605540.8896558803
15.510204081632654,7.57760862338904,2.0251976648373815,0.8585858585858586,0.38775510204081637,13.302394308370154,598627.1973919319
15.510204081632654,8.41731782058148,2.1302912288823177,0.8686868686868686,0.38775510204081637,13.29096835235979,591826.2370945376
15.510204081632654,9.35007900434302,2.2353847929272526,0.8787878787878787,0.38775510204081637,13.279599970917975,585136.2300114317
15.510204081632654,10.3862036875563,2.3404783569721936,0.8888888888888893,0.38775510204081637,13.268289615707182,578555.4172219932
15.510204081632654,11.5371460486378,2.445571921017128,0.8989898989898993,0.38775510204081637,13.257037721284208,572082.0598131773
15.510204081632654,12.8156295554912,2.550665485062058,0.909090909090909,0.38775510204081637,13.245844705195994,565714.4390345565
15.510204081632654,14.2357876212352,2.6557590491069942,0.919191919191919,0.38775510204081637,13.234710968083125,559450.8564331536
15.510204081632654,15.8133198466305,2.7608526131519304,0.9292929292929293,0.38775510204081637,13.22363689379075,553289.6339687919
15.510204081632654,17.5656655764397,2.865946177196865,0.9393939393939392,0.38775510204081637,13.212622849486667,547229.1141106444
15.510204081632654,19.5121966883548,2.9710397412417997,0.9494949494949493,0.38775510204081637,13.2016691857863,541267.6599156877
15.510204081632654,21.6744317457404,3.0761333052867346,0.9595959595959593,0.38775510204081637,13.190776236884346,535403.6550897398
15.510204081632654,24.0762738816144,3.1812268693316703,0.9696969696969694,0.38775510204081637,13.179944320692778,529635.5040317515
15.510204081632654,26.744275043632,3.2863204333766105,0.97979797979798,0.38775510204081637,13.169173738985009,523961.6318620363
15.510204081632654,29.707929521255,3.3914139974215445,0.98989898989899,0.38775510204081637,13.158464777545927,518380.4844350841
15.510204081632654,33.0,3.4965075614664802,1.0,0.38775510204081637,13.14781770632753,512890.5283375992
16.3265306122449,0.001,-6.907755278982137,0.0,0.40816326530612246,14.398013150679406,1790513.7551371828
16.3265306122449,0.001110814537795,-6.802661714937222,0.010101010101008117,0.40816326530612246,14.384980608514734,1767330.2075450658
16.3265306122449,0.0012339089373767,-6.697568150892323,0.020202020202014698,0.40816326530612246,14.371919132525399,1744396.3674210024
16.3265306122449,0.0013706439859533,-6.592474586847349,0.030303030303028534,0.40816326530612246,14.358829866043454,1721712.2814100687
16.3265306122449,0.0015225312657382,-6.487381022802441,0.04040404040403597,0.40816326530612246,14.34571396271977,1699277.9146771566
16.3265306122449,0.0016912498642295,-6.382287458757476,0.05050505050504887,0.40816326530612246,14.332572586048133,1677093.1519592048
16.3265306122449,0.00187866493623,-6.277193894712534,0.06060606060605963,0.40816326530612246,14.319406908880929,1655157.798677333
16.3265306122449,0.00208684832281,-6.172100330667619,0.07070707070706775,0.40816326530612246,14.306218112936675,1633471.5821062545
16.3265306122449,0.0023181014551505,-6.067006766622687,0.08080808080807748,0.40816326530612246,14.293007388300017,1612034.1525988877
16.3265306122449,0.002574980796465,-5.961913202577741,0.0909090909090886,0.40816326530612246,14.279775932914655,1590845.0848637237
16.3265306122449,0.0028603261032564,-5.856819638532781,0.10101010101010106,0.40816326530612246,14.266524952069675,1569903.8792924767
16.3265306122449,0.0031772918183317,-5.751726074487876,0.11111111111110823,0.40816326530612246,14.253255657879865,1549209.9633355862
16.3265306122449,0.0035293819426201,-5.646632510442922,0.1212121212121201,0.40816326530612246,14.239969268760438,1528762.692922908
16.3265306122449,0.0039204887712936,-5.541538946397998,0.13131313131312908,0.40816326530612246,14.226667008896872,1508561.353927275
16.3265306122449,0.0043549359224151,-5.436445382353058,0.14141414141413966,0.40816326530612246,14.213350107710198,1488605.1636679864
16.3265306122449,0.0048375261337845,-5.331351818308116,0.15151515151515035,0.40816326530612246,14.200019799318474,1468893.2724518895
16.3265306122449,0.0053735943563712,-5.2262582542631755,0.16161616161616094,0.40816326530612246,14.186677321994877,1449424.7651492294
16.3265306122449,0.0059690667312704,-5.121164690218244,0.17171717171717069,0.40816326530612246,14.173323917623016,1430198.6628016443
16.3265306122449,0.0066305261021638,-5.016071126173304,0.18181818181818118,0.40816326530612246,14.159960831150032,1411213.9242596624
16.3265306122449,0.0073652847875129,-4.910977562128371,0.19191919191919102,0.40816326530612246,14.146589310038046,1392469.4478470185
16.3265306122449,0.0081814654169699,-4.80588399808343,0.20202020202020168,0.40816326530612246,14.133210603714483,1373964.0730490822
16.3265306122449,0.0090880907256374,-4.700790434038493,0.21212121212121193,0.40816326530612246,14.11982596302191,1355696.5822228277
16.3265306122449,0.0100951832988382,-4.595696869993551,0.22222222222222263,0.40816326530612246,14.106436639667864,1337665.7023256174
16.3265306122449,0.0112138763700549,-4.490603305948624,0.23232323232323193,0.40816326530612246,14.093043885675296,1319870.1066602548
16.3265306122449,0.0124565368968931,-4.385509741903686,0.24242424242424226,0.40816326530612246,14.079648952834154,1302308.4166336847
16.3265306122449,0.013836902275649,-4.280416177858747,0.2525252525252527,0.40816326530612246,14.06625309215467,1284979.2035268147
16.3265306122449,0.0153702322058399,-4.175322613813814,0.26262626262626254,0.40816326530612246,14.052857553322891,1267880.9902729157
16.3265306122449,0.0170734773835322,-4.07022904976888,0.2727272727272725,0.40816326530612246,14.039463584159005,1251012.2532421646
16.3265306122449,0.0189654668883421,-3.9651354857239447,0.2828282828282826,0.40816326530612246,14.026072430078969,1234371.4240298716
16.3265306122449,0.0210671163356406,-3.8600419216790063,0.292929292929293,0.40816326530612246,14.01268533356,1217956.891246063
16.3265306122449,0.0234016590950486,-3.7549483576340705,0.3030303030303031,0.40816326530612246,13.999303533610417,1201767.00230407
16.3265306122449,0.0259949031313031,-3.649854793589135,0.3131313131313132,0.40816326530612246,13.985928265244343,1185800.0652058856
16.3265306122449,0.0288755163068248,-3.5447612295442013,0.32323232323232315,0.40816326530612246,13.972560758961777,1170054.3503221062
16.3265306122449,0.0320753432999582,-3.4396676654992664,0.33333333333333315,0.40816326530612246,13.959202240234482,1154528.092164299
16.3265306122449,0.0356297576423598,-3.3345741014543298,0.34343434343434337,0.40816326530612246,13.94585392899822,1139219.4911477973
16.3265306122449,0.0395780527672466,-3.229480537409394,0.3535353535353535,0.40816326530612246,13.932517039151712,1124126.715342873
16.3265306122449,0.0439638763914761,-3.1243869733644574,0.3636363636363637,0.40816326530612246,13.91919277806283,1109247.9022124265
16.3265306122449,0.048835713033475,-3.019293409319523,0.3737373737373737,0.40816326530612246,13.905882346082425,1094581.1603343396
16.3265306122449,0.0542474200011699,-2.914199845274587,0.3838383838383838,0.40816326530612246,13.892586936066182,1080124.571106731
16.3265306122449,0.060258822775172,-2.8091062812296523,0.3939393939393938,0.40816326530612246,13.879307732904948,1065876.190434454
16.3265306122449,0.0669363763690749,-2.7040127171847166,0.404040404040404,0.40816326530612246,13.866045913063852,1051834.0503952147
16.3265306122449,0.0743538999780876,-2.5989191531397813,0.4141414141414141,0.40816326530612246,13.852802644130646,1037996.1608838366
16.3265306122449,0.0825933930374168,-2.493825589094845,0.42424242424242425,0.40816326530612246,13.839579084373554,1024360.5112331881
16.3265306122449,0.0917459417117808,-2.38873202504991,0.4343434343434343,0.40816326530612246,13.826376382308995,1010925.0718104683
16.3265306122449,0.101912725837141,-2.283638461004973,0.44444444444444453,0.40816326530612246,13.81319567627948,997687.7955875592
16.3265306122449,0.113206137446215,-2.1785448969600347,0.4545454545454549,0.40816326530612246,13.800038094041975,984646.6196842669
16.3265306122449,0.125751023242877,-2.0734513329151003,0.46464646464646486,0.40816326530612246,13.786904752367004,971799.4668833623
16.3265306122449,0.139686064760787,-1.9683577688701692,0.47474747474747453,0.40816326530612246,13.77379675664875,959144.2471163763
16.3265306122449,0.155165311463659,-1.8632642048252352,0.48484848484848453,0.40816326530612246,13.760715200526395,946678.8589192485
16.3265306122449,0.172359883735326,-1.7581706407802946,0.49494949494949514,0.40816326530612246,13.747661165516911,934401.1908569412
16.3265306122449,0.19145986458586,-1.6530770767353593,0.5050505050505052,0.40816326530612246,13.734635720659512,922309.1229162666
16.3265306122449,0.212676400986239,-1.5479835126904273,0.5151515151515149,0.40816326530612246,13.721639922171928,910400.5278662093
16.3265306122449,0.236244038061438,-1.442889948645492,0.5252525252525251,0.40816326530612246,13.708674813118698,898673.2725851416
16.3265306122449,0.262423311946047,-1.3377963846005527,0.5353535353535355,0.40816326530612246,13.695741423091588,887125.219354373
16.3265306122449,0.291503629965987,-1.2327028205556183,0.5454545454545455,0.40816326530612246,13.682840767902302,875754.2271175816
16.3265306122449,0.323806469986239,-1.1276092565106834,0.5555555555555556,0.40816326530612246,13.669973849287542,864558.1527056951
16.3265306122449,0.359688934292802,-1.0225156924657481,0.5656565656565656,0.40816326530612246,13.657141654626567,853534.8520269382
16.3265306122449,0.399547697296443,-0.9174221284208132,0.5757575757575757,0.40816326530612246,13.644345156671271,842682.1812217438
16.3265306122449,0.443823390699414,-0.8123285643758777,0.5858585858585857,0.40816326530612246,13.631585313288868,831997.9977823638
16.3265306122449,0.49300547460239,-0.707235000330941,0.5959595959595959,0.40816326530612246,13.6188630672172,821480.1616370252
16.3265306122449,0.547637648400869,-0.6021414362860068,0.606060606060606,0.40816326530612246,13.606179345832716,811126.5361985924
16.3265306122449,0.608323861287565,-0.49704787224107067,0.6161616161616161,0.40816326530612246,13.593535060931101,800934.9893776977
16.3265306122449,0.67573498880583,-0.39195430819613525,0.6262626262626262,0.40816326530612246,13.580931108520543,790903.3945603939
16.3265306122449,0.750616249262273,-0.2868607441511999,0.6363636363636362,0.40816326530612246,13.568368368627642,781029.6315504485
16.3265306122449,0.833795441985706,-0.18176718010626372,0.6464646464646464,0.40816326530612246,13.555847705115882,771311.5874764117
16.3265306122449,0.926192098504948,-0.07667361606132911,0.6565656565656565,0.40816326530612246,13.543369965516636,761747.15766367
16.3265306122449,1.02882764781018,0.028419947983610284,0.666666666666667,0.40816326530612246,13.53093598087261,752334.2464717346
16.3265306122449,1.142836708073,0.1335135120285407,0.6767676767676766,0.40816326530612246,13.51854656559368,743070.768097071
16.3265306122449,1.2694796296533,0.23860707607348014,0.686868686868687,0.40816326530612246,13.506202517324956,733954.6473417658
16.3265306122449,1.41015642805352,0.3437006401184105,0.6969696969696967,0.40816326530612246,13.49390461682706,724983.8203484708
16.3265306122449,1.56642226084696,0.44879420416335164,0.7070707070707073,0.40816326530612246,13.481653627868388,716156.2353019732
16.3265306122449,1.74000461967455,0.5538877682082868,0.7171717171717173,0.40816326530612246,13.469450297129317,707469.8530978793
16.3265306122449,1.93282242736499,0.6589813322532224,0.7272727272727274,0.40816326530612246,13.45729535411814,698922.6479788731
16.3265306122449,2.14700725129329,0.7640748962981553,0.7373737373737373,0.40816326530612246,13.44518951109863,690512.6081390713
16.3265306122449,2.38492686748792,0.8691684603430914,0.7474747474747475,0.40816326530612246,13.433133463029018,682237.7362969894
16.3265306122449,2.64921143598352,0.9742620243880249,0.7575757575757573,0.40816326530612246,13.42112788751225,674096.0502377041
16.3265306122449,2.94278257678333,1.0793555884329629,0.7676767676767676,0.40816326530612246,13.40917344475732,666085.5833247795
16.3265306122449,3.26888566786082,1.184449152477898,0.7777777777777777,0.40816326530612246,13.397270777551483,658204.3849825688
16.3265306122449,3.63112572224959,1.289542716522833,0.7878787878787878,0.40816326530612246,13.38542051124317,650450.5211495073
16.3265306122449,4.0335072408363,1.3946362805677694,0.797979797979798,0.40816326530612246,13.373623253735373,642822.0747030439
16.3265306122449,4.48047848142245,1.4997298446127043,0.808080808080808,0.40816326530612246,13.3618795954893,635317.1458568568
16.3265306122449,4.97698063344183,1.6048234086576407,0.8181818181818182,0.40816326530612246,13.350190109538088,627933.8525310218
16.3265306122449,5.52850244195146,1.7099169727025751,0.8282828282828283,0.40816326530612246,13.338555351510333,620670.3306958165
16.3265306122449,6.14114088475497,1.8150105367475111,0.8383838383838383,0.40816326530612246,13.326975859663214,613524.7346898284
16.3265306122449,6.8216685734332,1.9201041007924453,0.8484848484848483,0.40816326530612246,13.315452154924975,606495.2375130701
16.3265306122449,7.57760862338904,2.0251976648373815,0.8585858585858586,0.40816326530612246,13.303984740946541,599580.0310958092
16.3265306122449,8.41731782058148,2.1302912288823177,0.8686868686868686,0.40816326530612246,13.292574104162,592777.326543785
16.3265306122449,9.35007900434302,2.2353847929272526,0.8787878787878787,0.40816326530612246,13.28122071385772,586085.3543605424
16.3265306122449,10.3862036875563,2.3404783569721936,0.8888888888888893,0.40816326530612246,13.269925022249861,579502.3646475729
16.3265306122449,11.5371460486378,2.445571921017128,0.8989898989898993,0.40816326530612246,13.258687464570016,573026.6272829742
16.3265306122449,12.8156295554912,2.550665485062058,0.909090909090909,0.40816326530612246,13.247508459158738,566656.4320793196
16.3265306122449,14.2357876212352,2.6557590491069942,0.919191919191919,0.40816326530612246,13.23638840756669,560390.0889214444
16.3265306122449,15.8133198466305,2.7608526131519304,0.9292929292929293,0.40816326530612246,13.225327694663193,554225.9278848475
16.3265306122449,17.5656655764397,2.865946177196865,0.9393939393939392,0.40816326530612246,13.214326688751878,548162.2993353884
16.3265306122449,19.5121966883548,2.9710397412417997,0.9494949494949493,0.40816326530612246,13.203385741693202,542197.5740109595
16.3265306122449,21.6744317457404,3.0761333052867346,0.9595959595959593,0.40816326530612246,13.192505189033595,536330.1430858347
16.3265306122449,24.0762738816144,3.1812268693316703,0.9696969696969694,0.40816326530612246,13.181685350140944,530558.4182183265
16.3265306122449,26.744275043632,3.2863204333766105,0.97979797979798,0.40816326530612246,13.170926528346198,524880.8315824451
16.3265306122449,29.707929521255,3.3914139974215445,0.98989898989899,0.40816326530612246,13.160229011090815,519295.83588418487
16.3265306122449,33.0,3.4965075614664802,1.0,0.40816326530612246,13.149593070079813,513801.90436309786
17.142857142857142,0.001,-6.907755278982137,0.0,0.42857142857142855,14.397321970150015,1789276.6144850436
17.142857142857142,0.001110814537795,-6.802661714937222,0.010101010101008117,0.42857142857142855,14.384321744855008,1766166.1614125345
17.142857142857142,0.0012339089373767,-6.697568150892323,0.020202020202014698,0.42857142857142855,14.37129267285059,1743303.915664144
17.142857142857142,0.0013706439859533,-6.592474586847349,0.030303030303028534,0.42857142857142855,14.358235889622547,1720689.9285681238
17.142857142857142,0.0015225312657382,-6.487381022802441,0.04040404040403597,0.42857142857142855,14.345152540928122,1698324.1707771462
17.142857142857142,0.0016912498642295,-6.382287458757476,0.05050505050504887,0.42857142857142855,14.332043782324732,1676206.5333002422
17.142857142857142,0.00187866493623,-6.277193894712534,0.06060606060605963,0.42857142857142855,14.318910778690336,1654336.828594076
17.142857142857142,0.00208684832281,-6.172100330667619,0.07070707070706775,0.42857142857142855,14.305754703735717,1632714.7917109635
17.142857142857142,0.0023181014551505,-6.067006766622687,0.08080808080807748,0.42857142857142855,14.292576739509272,1611340.081501597
17.142857142857142,0.002574980796465,-5.961913202577741,0.0909090909090886,0.42857142857142855,14.279378075894792,1590212.2818701006
17.142857142857142,0.0028603261032564,-5.856819638532781,0.10101010101010106,0.42857142857142855,14.266159910102688,1569330.9030789444
17.142857142857142,0.0031772918183317,-5.751726074487876,0.11111111111110823,0.42857142857142855,14.252923446155233,1548695.3831013744
17.142857142857142,0.0035293819426201,-5.646632510442922,0.1212121212121201,0.42857142857142855,14.239669894366251,1528305.0890187225
17.142857142857142,0.0039204887712936,-5.541538946397998,0.13131313131312908,0.42857142857142855,14.226400470815951,1508159.3184603099
17.142857142857142,0.0043549359224151,-5.436445382353058,0.14141414141413966,0.42857142857142855,14.21311639682123,1488257.3010830826
17.142857142857142,0.0048375261337845,-5.331351818308116,0.15151515151515035,0.42857142857142855,14.199818898402153,1468598.2000886232
17.142857142857142,0.0053735943563712,-5.2262582542631755,0.16161616161616094,0.42857142857142855,14.186509205745104,1449181.113774836
17.142857142857142,0.0059690667312704,-5.121164690218244,0.17171717171717069,0.42857142857142855,14.173188552663117,1430005.0771196613
17.142857142857142,0.0066305261021638,-5.016071126173304,0.18181818181818118,0.42857142857142855,14.159858176054016,1411069.0633942478
17.142857142857142,0.0073652847875129,-4.910977562128371,0.19191919191919102,0.42857142857142855,14.146519315356878,1392371.9858029329
17.142857142857142,0.0081814654169699,-4.80588399808343,0.20202020202020168,0.42857142857142855,14.133173212007371,1373912.6991473655
17.142857142857142,0.0090880907256374,-4.700790434038493,0.21212121212121193,0.42857142857142855,14.119821108892554,1355690.0015122215
17.142857142857142,0.0100951832988382,-4.595696869993551,0.22222222222222263,0.42857142857142855,14.106464249805665,1337702.6359698593
17.142857142857142,0.0112138763700549,-4.490603305948624,0.23232323232323193,0.42857142857142855,14.093103878901486,1319949.292301382
17.142857142857142,0.0124565368968931,-4.385509741903686,0.24242424242424226,0.42857142857142855,14.07974124015277,1302428.6087314864
17.142857142857142,0.013836902275649,-4.280416177858747,0.2525252525252527,0.42857142857142855,14.06637757680838,1285139.1736746987
17.142857142857142,0.0153702322058399,-4.175322613813814,0.26262626262626254,0.42857142857142855,14.053014130853557,1268079.5274903786
17.142857142857142,0.0170734773835322,-4.07022904976888,0.2727272727272725,0.42857142857142855,14.03965214247296,1251248.164244164
17.142857142857142,0.0189654668883421,-3.9651354857239447,0.2828282828282826,0.42857142857142855,14.026292849516935,1234643.5334734009
17.142857142857142,0.0210671163356406,-3.8600419216790063,0.292929292929293,0.42857142857142855,14.012937486971552,1218264.0419542356
17.142857142857142,0.0234016590950486,-3.7549483576340705,0.3030303030303031,0.42857142857142855,13.999587286432943,1202108.0554681027
17.142857142857142,0.0259949031313031,-3.649854793589135,0.3131313131313132,0.42857142857142855,13.986243475586392,1186173.9005653304
17.142857142857142,0.0288755163068248,-3.5447612295442013,0.32323232323232315,0.42857142857142855,13.972907277690705,1170459.8663237442
17.142857142857142,0.0320753432999582,-3.4396676654992664,0.33333333333333315,0.42857142857142855,13.959579911068333,1154964.2061001442
17.142857142857142,0.0356297576423598,-3.3345741014543298,0.34343434343434337,0.42857142857142855,13.946262588601684,1139685.1392726162
17.142857142857142,0.0395780527672466,-3.229480537409394,0.3535353535353535,0.42857142857142855,13.932956517236102,1124620.8529717196
17.142857142857142,0.0439638763914761,-3.1243869733644574,0.3636363636363637,0.42857142857142855,13.919662897489953,1109769.503798664
17.142857142857142,0.048835713033475,-3.019293409319523,0.3737373737373737,0.42857142857142855,13.90638292297222,1095129.2195286474
17.142857142857142,0.0542474200011699,-2.914199845274587,0.3838383838383838,0.42857142857142855,13.893117779908026,1080698.1007976115
17.142857142857142,0.060258822775172,-2.8091062812296523,0.3939393939393938,0.42857142857142855,13.879868646672483,1066474.222770762
17.142857142857142,0.0669363763690749,-2.7040127171847166,0.404040404040404,0.42857142857142855,13.866636693333236,1052455.6367912649
17.142857142857142,0.0743538999780876,-2.5989191531397813,0.4141414141414141,0.42857142857142855,13.853423081202072,1038640.3720076126
17.142857142857142,0.0825933930374168,-2.493825589094845,0.42424242424242425,0.42857142857142855,13.84022896239591,1025026.436978224
17.142857142857142,0.0917459417117808,-2.38873202504991,0.4343434343434343,0.42857142857142855,13.827055479407548,1011611.8212519735
17.142857142857142,0.101912725837141,-2.283638461004973,0.44444444444444453,0.42857142857142855,13.813903764686414,998394.496923337
17.142857142857142,0.113206137446215,-2.1785448969600347,0.4545454545454549,0.42857142857142855,13.800774940229665,985372.4201610216
17.142857142857142,0.125751023242877,-2.0734513329151003,0.46464646464646486,0.42857142857142855,13.787670117183884,972543.532708958
17.142857142857142,0.139686064760787,-1.9683577688701692,0.47474747474747453,0.42857142857142855,13.774590395457611,959905.7633586351
17.142857142857142,0.155165311463659,-1.8632642048252352,0.48484848484848453,0.42857142857142855,13.761536863344988,947457.029391862
17.142857142857142,0.172359883735326,-1.7581706407802946,0.49494949494949514,0.42857142857142855,13.748510597160697,935195.2379930842
17.142857142857142,0.19145986458586,-1.6530770767353593,0.5050505050505052,0.42857142857142855,13.735512660886416,923118.2876304811
17.142857142857142,0.212676400986239,-1.5479835126904273,0.5151515151515149,0.42857142857142855,13.722544105828945,911224.0694051386
17.142857142857142,0.236244038061438,-1.442889948645492,0.5252525252525251,0.42857142857142855,13.709605970290205,899510.4683676886
17.142857142857142,0.262423311946047,-1.3377963846005527,0.5353535353535355,0.42857142857142855,13.69669927924922,887975.364801848
17.142857142857142,0.291503629965987,-1.2327028205556183,0.5454545454545455,0.42857142857142855,13.683825044056222,876616.6354743934
17.142857142857142,0.323806469986239,-1.1276092565106834,0.5555555555555556,0.42857142857142855,13.670984262138989,865432.1548511534
17.142857142857142,0.359688934292802,-1.0225156924657481,0.5656565656565656,0.42857142857142855,13.658177916721504,854419.7962787028
17.142857142857142,0.399547697296443,-0.9174221284208132,0.5757575757575757,0.42857142857142855,13.645406976555014,843577.4331314669
17.142857142857142,0.443823390699414,-0.8123285643758777,0.5858585858585857,0.42857142857142855,13.632672395661526,832902.9399240473
17.142857142857142,0.49300547460239,-0.707235000330941,0.5959595959595959,0.42857142857142855,13.619975113089813,822394.1933886312
17.142857142857142,0.547637648400869,-0.6021414362860068,0.606060606060606,0.42857142857142855,13.607316052683915,812049.0735173895
17.142857142857142,0.608323861287565,-0.49704787224107067,0.6161616161616161,0.42857142857142855,13.594696122864164,801865.4645698565
17.142857142857142,0.67573498880583,-0.39195430819613525,0.6262626262626262,0.42857142857142855,13.582116216420738,791841.2560453386
17.142857142857142,0.750616249262273,-0.2868607441511999,0.6363636363636362,0.42857142857142855,13.569577210319668,781974.3436204011
17.142857142857142,0.833795441985706,-0.18176718010626372,0.6464646464646464,0.42857142857142855,13.55707996552132,772262.630051625
17.142857142857142,0.926192098504948,-0.07667361606132911,0.6565656565656565,0.42857142857142855,13.544625326811252,762704.0260437857
17.142857142857142,1.02882764781018,0.028419947983610284,0.666666666666667,0.42857142857142855,13.532214122643403,753296.4510837101
17.142857142857142,1.142836708073,0.1335135120285407,0.6767676767676766,0.42857142857142855,13.519847164995523,744037.8342400888
17.142857142857142,1.2694796296533,0.23860707607348014,0.686868686868687,0.42857142857142855,13.50752524923675,734926.1149295621
17.142857142857142,1.41015642805352,0.3437006401184105,0.6969696969696967,0.42857142857142855,13.495249154007219,725959.2436494448
17.142857142857142,1.56642226084696,0.44879420416335164,0.7070707070707073,0.42857142857142855,13.483019641109614,717135.1826774952
17.142857142857142,1.74000461967455,0.5538877682082868,0.7171717171717173,0.42857142857142855,13.470837455412488,708451.9067391462
17.142857142857142,1.93282242736499,0.6589813322532224,0.7272727272727274,0.42857142857142855,13.458703324765244,699907.4036426784
17.142857142857142,2.14700725129329,0.7640748962981553,0.7373737373737373,0.42857142857142855,13.446617959924607,691499.6748828164
17.142857142857142,2.38492686748792,0.8691684603430914,0.7474747474747475,0.42857142857142855,13.434582054492436,683226.7362132847
17.142857142857142,2.64921143598352,0.9742620243880249,0.7575757575757573,0.42857142857142855,13.422596284864703,675086.6181888623
17.142857142857142,2.94278257678333,1.0793555884329629,0.7676767676767676,0.42857142857142855,13.410661310191436,667077.3666774932
17.142857142857142,3.26888566786082,1.184449152477898,0.7777777777777777,0.42857142857142855,13.398777772347488,659197.0433430735
17.142857142857142,3.63112572224959,1.289542716522833,0.7878787878787878,0.42857142857142855,13.38694629591388,651443.7260994927
17.142857142857142,4.0335072408363,1.3946362805677694,0.797979797979798,0.42857142857142855,13.375167488169552,643815.5095365731
17.142857142857142,4.48047848142245,1.4997298446127043,0.808080808080808,0.42857142857142855,13.363441939093308,636310.5053185441
17.142857142857142,4.97698063344183,1.6048234086576407,0.8181818181818182,0.42857142857142855,13.351770221375704,628926.8425556875
17.142857142857142,5.52850244195146,1.7099169727025751,0.8282828282828283,0.42857142857142855,13.340152890440729,621662.6681498543
17.142857142857142,6.14114088475497,1.8150105367475111,0.8383838383838383,0.42857142857142855,13.328590484476972,614516.1471144782
17.142857142857142,6.8216685734332,1.9201041007924453,0.8484848484848483,0.42857142857142855,13.317083524478099,607485.4628697996
17.142857142857142,7.57760862338904,2.0251976648373815,0.8585858585858586,0.42857142857142855,13.305632514292384,600568.8175139748
17.142857142857142,8.41731782058148,2.1302912288823177,0.8686868686868686,0.42857142857142855,13.294237940681061,593764.4320707505
17.142857142857142,9.35007900434302,2.2353847929272526,0.8787878787878787,0.42857142857142855,13.282900273385248,587070.5467144095
17.142857142857142,10.3862036875563,2.3404783569721936,0.8888888888888893,0.42857142857142855,13.271619965201214,580485.4209726729
17.142857142857142,11.5371460486378,2.445571921017128,0.8989898989898993,0.42857142857142855,13.260397452063714,574007.3339082457
17.142857142857142,12.8156295554912,2.550665485062058,0.909090909090909,0.42857142857142855,13.249233153137176,567634.5842797102
17.142857142857142,14.2357876212352,2.6557590491069942,0.919191919191919,0.42857142857142855,13.238127470914474,561365.4906824463
17.142857142857142,15.8133198466305,2.7608526131519304,0.9292929292929293,0.42857142857142855,13.227080791323026,555198.3916702623
17.142857142857142,17.5656655764397,2.865946177196865,0.9393939393939392,0.42857142857142855,13.216093483837994,549131.6458584286
17.142857142857142,19.5121966883548,2.9710397412417997,0.9494949494949493,0.42857142857142855,13.205165901602296,543163.6320087634
17.142857142857142,21.6744317457404,3.0761333052867346,0.9595959595959593,0.42857142857142855,13.194298381553214,537292.7490974707
17.142857142857142,24.0762738816144,3.1812268693316703,0.9696969696969694,0.42857142857142855,13.183491244555327,531517.4163663625
17.142857142857142,26.744275043632,3.2863204333766105,0.97979797979798,0.42857142857142855,13.17274479553952,525836.0733581295
17.142857142857142,29.707929521255,3.3914139974215445,0.98989898989899,0.42857142857142855,13.162059323647822,520247.17993630085
17.142857142857142,33.0,3.4965075614664802,1.0,0.42857142857142855,13.15143510238383,514749.2162905274
17.95918367346939,0.001,-6.907755278982137,0.0,0.44897959183673475,14.396587241202305,1787962.4639922418
17.95918367346939,0.001110814537795,-6.802661714937222,0.010101010101008117,0.44897959183673475,14.383620770804498,1764928.5585789077
17.95918367346939,0.0012339089373767,-6.697568150892323,0.020202020202014698,0.44897959183673475,14.370625542433174,1742141.2924489803
17.95918367346939,0.0013706439859533,-6.592474586847349,0.030303030303028534,0.44897959183673475,14.357602683330684,1719600.721761705
17.95918367346939,0.0015225312657382,-6.487381022802441,0.04040404040403597,0.44897959183673475,14.344553330966757,1697306.822849336
17.95918367346939,0.0016912498642295,-6.382287458757476,0.05050505050504887,0.44897959183673475,14.331478632572125,1675259.4932275678
17.95918367346939,0.00187866493623,-6.277193894712534,0.06060606060605963,0.44897959183673475,14.31837974466386,1653458.5526646804
17.95918367346939,0.00208684832281,-6.172100330667619,0.07070707070706775,0.44897959183673475,14.30525783256266,1631903.7443068617
17.95918367346939,0.0023181014551505,-6.067006766622687,0.08080808080807748,0.44897959183673475,14.292114069902713,1610594.7358577393
17.95918367346939,0.002574980796465,-5.961913202577741,0.0909090909090886,0.44897959183673475,14.278949638134558,1589531.1208097376
17.95918367346939,0.0028603261032564,-5.856819638532781,0.10101010101010106,0.44897959183673475,14.265765726021453,1568712.4197249145
17.95918367346939,0.0031772918183317,-5.751726074487876,0.11111111111110823,0.44897959183673475,14.252563529129768,1548138.0815629095
17.95918367346939,0.0035293819426201,-5.646632510442922,0.1212121212121201,0.44897959183673475,14.23934424931386,1527807.48505347
17.95918367346939,0.0039204887712936,-5.541538946397998,0.13131313131312908,0.44897959183673475,14.226109094196094,1507719.9401112876
17.95918367346939,0.0043549359224151,-5.436445382353058,0.14141414141413966,0.44897959183673475,14.212859276642352,1487874.6892903259
17.95918367346939,0.0048375261337845,-5.331351818308116,0.15151515151515035,0.44897959183673475,14.199596014233734,1468270.9092753797
17.95918367346939,0.0053735943563712,-5.2262582542631755,0.16161616161616094,0.44897959183673475,14.18632052873488,1448907.712408104
17.95918367346939,0.0059690667312704,-5.121164690218244,0.17171717171717069,0.44897959183673475,14.173034045559529,1429784.1482450594
17.95918367346939,0.0066305261021638,-5.016071126173304,0.18181818181818118,0.44897959183673475,14.159737793233813,1410899.2051451078
17.95918367346939,0.0073652847875129,-4.910977562128371,0.19191919191919102,0.44897959183673475,14.146433002857883,1392251.8118836377
17.95918367346939,0.0081814654169699,-4.80588399808343,0.20202020202020168,0.44897959183673475,14.13312090756637,1373840.8392909642
17.95918367346939,0.0090880907256374,-4.700790434038493,0.21212121212121193,0.44897959183673475,14.119802741988275,1355665.1019123977
17.95918367346939,0.0100951832988382,-4.595696869993551,0.22222222222222263,0.44897959183673475,14.106479741706808,1337723.3596873793
17.95918367346939,0.0112138763700549,-4.490603305948624,0.23232323232323193,0.44897959183673475,14.093153142719737,1320014.3196451534
17.95918367346939,0.0124565368968931,-4.385509741903686,0.24242424242424226,0.44897959183673475,14.079824180900786,1302536.6376144674
17.95918367346939,0.013836902275649,-4.280416177858747,0.2525252525252527,0.44897959183673475,14.066494091462628,1285288.9199448284
17.95918367346939,0.0153702322058399,-4.175322613813814,0.26262626262626254,0.44897959183673475,14.053164108422,1268269.7252368447
17.95918367346939,0.0170734773835322,-4.07022904976888,0.2727272727272725,0.44897959183673475,14.039835464067458,1251477.5660792592
17.95918367346939,0.0189654668883421,-3.9651354857239447,0.2828282828282826,0.44897959183673475,14.026509388430336,1234910.9107903289
17.95918367346939,0.0210671163356406,-3.8600419216790063,0.292929292929293,0.44897959183673475,14.013187108759354,1218568.1851612092
17.95918367346939,0.0234016590950486,-3.7549483576340705,0.3030303030303031,0.44897959183673475,13.999869848999444,1202447.7741991044
17.95918367346939,0.0259949031313031,-3.649854793589135,0.3131313131313132,0.44897959183673475,13.986558829275243,1186548.023867974
17.95918367346939,0.0288755163068248,-3.5447612295442013,0.32323232323232315,0.44897959183673475,13.97325526537976,1170867.242824651
17.95918367346939,0.0320753432999582,-3.4396676654992664,0.33333333333333315,0.44897959183673475,13.959960368268684,1155403.704148299
17.95918367346939,0.0356297576423598,-3.3345741014543298,0.34343434343434337,0.44897959183673475,13.94667534356078,1140155.6470611917
17.95918367346939,0.0395780527672466,-3.229480537409394,0.3535353535353535,0.44897959183673475,13.933401391044839,1125121.2786388493
17.95918367346939,0.0439638763914761,-3.1243869733644574,0.3636363636363637,0.44897959183673475,13.920139704193605,1110298.7755077065
17.95918367346939,0.048835713033475,-3.019293409319523,0.3737373737373737,0.44897959183673475,13.906891469685096,1095686.2855284489
17.95918367346939,0.0542474200011699,-2.914199845274587,0.3838383838383838,0.44897959183673475,13.893657866931726,1081281.9294633404
17.95918367346939,0.060258822775172,-2.8091062812296523,0.3939393939393938,0.44897959183673475,13.880440067617627,1067083.8026258715
17.95918367346939,0.0669363763690749,-2.7040127171847166,0.404040404040404,0.44897959183673475,13.86723923524452,1053089.976511141
17.95918367346939,0.0743538999780876,-2.5989191531397813,0.4141414141414141,0.44897959183673475,13.854056524686523,1039298.5004055158
17.95918367346939,0.0825933930374168,-2.493825589094845,0.42424242424242425,0.44897959183673475,13.840893081754214,1025707.4029741153
17.95918367346939,0.0917459417117808,-2.38873202504991,0.4343434343434343,0.44897959183673475,13.827750042768264,1012314.6938247934
17.95918367346939,0.101912725837141,-2.283638461004973,0.44444444444444453,0.44897959183673475,13.814628534143003,999118.3650474002
17.95918367346939,0.113206137446215,-2.1785448969600347,0.4545454545454549,0.44897959183673475,13.801529671980116,986116.3927270793
17.95918367346939,0.125751023242877,-2.0734513329151003,0.46464646464646486,0.44897959183673475,13.788454561672834,973306.7384305799
17.95918367346939,0.139686064760787,-1.9683577688701692,0.47474747474747453,0.44897959183673475,13.775404297520799,960687.3506645128
17.95918367346939,0.155165311463659,-1.8632642048252352,0.48484848484848453,0.44897959183673475,13.762379962355892,948256.1663046501
17.95918367346939,0.172359883735326,-1.7581706407802946,0.49494949494949514,0.44897959183673475,13.7493826271792,936011.1119953837
17.95918367346939,0.19145986458586,-1.6530770767353593,0.5050505050505052,0.44897959183673475,13.73641335080936,923950.1055185972
17.95918367346939,0.212676400986239,-1.5479835126904273,0.5151515151515149,0.44897959183673475,13.723473179542422,912071.0571312016
17.95918367346939,0.236244038061438,-1.442889948645492,0.5252525252525251,0.44897959183673475,13.71056314682342,900371.8708707545
17.95918367346939,0.262423311946047,-1.3377963846005527,0.5353535353535355,0.44897959183673475,13.697684272929791,888850.4458285703
17.95918367346939,0.291503629965987,-1.2327028205556183,0.5454545454545455,0.44897959183673475,13.684837564666768,877504.6773898617
17.95918367346939,0.323806469986239,-1.1276092565106834,0.5555555555555556,0.44897959183673475,13.672024015074843,866332.4584404841
17.95918367346939,0.359688934292802,-1.0225156924657481,0.5656565656565656,0.44897959183673475,13.65924460314942,855331.6805399547
17.95918367346939,0.399547697296443,-0.9174221284208132,0.5757575757575757,0.44897959183673475,13.646500293572702,844500.2350604513
17.95918367346939,0.443823390699414,-0.8123285643758777,0.5858585858585857,0.44897959183673475,13.6337920364579,833836.0142915947
17.95918367346939,0.49300547460239,-0.707235000330941,0.5959595959595959,0.44897959183673475,13.621120767105769,823336.9125108478
17.95918367346939,0.547637648400869,-0.6021414362860068,0.606060606060606,0.44897959183673475,13.60848740577354,813000.8270194607
17.95918367346939,0.608323861287565,-0.49704787224107067,0.6161616161616161,0.44897959183673475,13.595892857456208,802825.6591439067
17.95918367346939,0.67573498880583,-0.39195430819613525,0.6262626262626262,0.44897959183673475,13.583338011680215,792809.3152028527
17.95918367346939,0.750616249262273,-0.2868607441511999,0.6363636363636362,0.44897959183673475,13.570823742309472,782949.7074397339
17.95918367346939,0.833795441985706,-0.18176718010626372,0.6464646464646464,0.44897959183673475,13.558350907363693,773244.7549210523
17.95918367346939,0.926192098504948,-0.07667361606132911,0.6565656565656565,0.44897959183673475,13.545920348849007,763692.384400594
17.95918367346939,1.02882764781018,0.028419947983610284,0.666666666666667,0.44897959183673475,13.533532892600755,754290.5311497711
17.95918367346939,1.142836708073,0.1335135120285407,0.6767676767676766,0.44897959183673475,13.52118934813841,745037.1397543668
17.95918367346939,1.2694796296533,0.23860707607348014,0.686868686868687,0.44897959183673475,13.508890508532522,735930.1648779814
17.95918367346939,1.41015642805352,0.3437006401184105,0.6969696969696967,0.44897959183673475,13.496637150283597,726967.5719925438
17.95918367346939,1.56642226084696,0.44879420416335164,0.7070707070707073,0.44897959183673475,13.484430033212764,718147.3380762432
17.95918367346939,1.74000461967455,0.5538877682082868,0.7171717171717173,0.44897959183673475,13.47226990036415,709467.4522793419
17.95918367346939,1.93282242736499,0.6589813322532224,0.7272727272727274,0.44897959183673475,13.460157477918774,700925.9165582726
17.95918367346939,2.14700725129329,0.7640748962981553,0.7373737373737373,0.44897959183673475,13.448093475119835,692520.7462785294
17.95918367346939,2.38492686748792,0.8691684603430914,0.7474747474747475,0.44897959183673475,13.436078584209259,684249.9707868593
17.95918367346939,2.64921143598352,0.9742620243880249,0.7575757575757573,0.44897959183673475,13.424113480375288,676111.6339532706
17.95918367346939,2.94278257678333,1.0793555884329629,0.7676767676767676,0.44897959183673475,13.412198821710966,668103.7946834177
17.95918367346939,3.26888566786082,1.184449152477898,0.7777777777777777,0.44897959183673475,13.400335249183344,660224.5274019553
17.95918367346939,3.63112572224959,1.289542716522833,0.7878787878787878,0.44897959183673475,13.388523386613189,652471.9225074311
17.95918367346939,4.0335072408363,1.3946362805677694,0.797979797979798,0.44897959183673475,13.376763840665,644844.086799339
17.95918367346939,4.48047848142245,1.4997298446127043,0.808080808080808,0.44897959183673475,13.365057200847152,637339.1438779673
17.95918367346939,4.97698063344183,1.6048234086576407,0.8181818181818182,0.44897959183673475,13.353404039521928,629955.2345176646
17.95918367346939,5.52850244195146,1.7099169727025751,0.8282828282828283,0.44897959183673475,13.341804911925218,622690.5170141809
17.95918367346939,6.14114088475497,1.8150105367475111,0.8383838383838383,0.44897959183673475,13.330260356195692,615543.1675067438
17.95918367346939,6.8216685734332,1.9201041007924453,0.8484848484848483,0.44897959183673475,13.318770893413191,608511.3802755296
17.95918367346939,7.57760862338904,2.0251976648373815,0.8585858585858586,0.44897959183673475,13.307337027646122,601593.3680152139
17.95918367346939,8.41731782058148,2.1302912288823177,0.8686868686868686,0.44897959183673475,13.295959246007602,594787.3620852565
17.95918367346939,9.35007900434302,2.2353847929272526,0.8787878787878787,0.44897959183673475,13.284638018720136,588091.6127376239
17.95918367346939,10.3862036875563,2.3404783569721936,0.8888888888888893,0.44897959183673475,13.273373799188581,581504.389322618
17.95918367346939,11.5371460486378,2.445571921017128,0.8989898989898993,0.44897959183673475,13.26216702408113,575023.9804734853
17.95918367346939,12.8156295554912,2.550665485062058,0.909090909090909,0.44897959183673475,13.251018113418104,568648.694270504
17.95918367346939,14.2357876212352,2.6557590491069942,0.919191919191919,0.44897959183673475,13.23992747066829,562376.8583852142
17.95918367346939,15.8133198466305,2.7608526131519304,0.9292929292929293,0.44897959183673475,13.228895482852566,556206.8202054631
17.95918367346939,17.5656655764397,2.865946177196865,0.9393939393939392,0.44897959183673475,13.217922520654591,550136.9469419495
17.95918367346939,19.5121966883548,2.9710397412417997,0.9494949494949493,0.44897959183673475,13.207008938538273,544165.625716912
17.95918367346939,21.6744317457404,3.0761333052867346,0.9595959595959593,0.44897959183673475,13.196155074871818,538291.2636356412
17.95918367346939,24.0762738816144,3.1812268693316703,0.9696969696969694,0.44897959183673475,13.185361252058057,532512.2878414441
17.95918367346939,26.744275043632,3.2863204333766105,0.97979797979798,0.44897959183673475,13.174627776670832,526827.1455547184
17.95918367346939,29.707929521255,3.3914139974215445,0.98989898989899,0.44897959183673475,13.163954939597211,521234.30409677286
17.95918367346939,33.0,3.4965075614664802,1.0,0.44897959183673475,13.153343016185236,515732.25089900085
18.775510204081634,0.001,-6.907755278982137,0.0,0.46938775510204084,14.39581016278947,1786573.616650047
18.775510204081634,0.001110814537795,-6.802661714937222,0.010101010101008117,0.46938775510204084,14.382878864426678,1763619.6324352664
18.775510204081634,0.0012339089373767,-6.697568150892323,0.020202020202014698,0.46938775510204084,14.369918898242645,1740910.6532888059
18.775510204081634,0.0013706439859533,-6.592474586847349,0.030303030303028534,0.46938775510204084,14.356931382846273,1718446.7403416717
18.775510204081634,0.0015225312657382,-6.487381022802441,0.04040404040403597,0.46938775510204084,14.34391744703307,1696227.8757890535
18.775510204081634,0.0016912498642295,-6.382287458757476,0.05050505050504887,0.46938775510204084,14.33087822932396,1674253.9638780633
18.775510204081634,0.00187866493623,-6.277193894712534,0.06060606060605963,0.46938775510204084,14.317814877495866,1652524.8319535567
18.775510204081634,0.00208684832281,-6.172100330667619,0.07070707070706775,0.46938775510204084,14.304728548104277,1631040.231559521
18.775510204081634,0.0023181014551505,-6.067006766622687,0.08080808080807748,0.46938775510204084,14.291620405998415,1609799.8395941348
18.775510204081634,0.002574980796465,-5.961913202577741,0.0909090909090886,0.46938775510204084,14.278491623829453,1588803.259516164
18.775510204081634,0.0028603261032564,-5.856819638532781,0.10101010101010106,0.46938775510204084,14.265343381552231,1568050.0226003716
18.775510204081634,0.0031772918183317,-5.751726074487876,0.11111111111110823,0.46938775510204084,14.252176865921049,1547539.5892396902
18.775510204081634,0.0035293819426201,-5.646632510442922,0.1212121212121201,0.46938775510204084,14.238993269979922,1527271.3502915956
18.775510204081634,0.0039204887712936,-5.541538946397998,0.13131313131312908,0.46938775510204084,14.225793792548004,1507244.6284665226
18.775510204081634,0.0043549359224151,-5.436445382353058,0.14141414141413966,0.46938775510204084,14.212579637700484,1487458.6797555257
18.775510204081634,0.0048375261337845,-5.331351818308116,0.15151515151515035,0.46938775510204084,14.199352014245678,1467912.694894983
18.775510204081634,0.0053735943563712,-5.2262582542631755,0.16161616161616094,0.46938775510204084,14.186112135198721,1448605.800865647
18.775510204081634,0.0059690667312704,-5.121164690218244,0.17171717171717069,0.46938775510204084,14.172861217252471,1429537.0624235873
18.775510204081634,0.0066305261021638,-5.016071126173304,0.18181818181818118,0.46938775510204084,14.159600480246132,1410705.4836604754
18.775510204081634,0.0073652847875129,-4.910977562128371,0.19191919191919102,0.46938775510204084,14.146331146632148,1392110.0095906528
18.775510204081634,0.0081814654169699,-4.80588399808343,0.20202020202020168,0.46938775510204084,14.133054440941931,1373749.5277624782
18.775510204081634,0.0090880907256374,-4.700790434038493,0.21212121212121193,0.46938775510204084,14.119771589250934,1355622.8698913804
18.775510204081634,0.0100951832988382,-4.595696869993551,0.22222222222222263,0.46938775510204084,14.10648381864364,1337728.8135121337
18.775510204081634,0.0112138763700549,-4.490603305948624,0.23232323232323193,0.46938775510204084,14.093192356678996,1320066.0836478337
18.775510204081634,0.0124565368968931,-4.385509741903686,0.24242424242424226,0.46938775510204084,14.079898430856824,1302633.3544931156
18.775510204081634,0.013836902275649,-4.280416177858747,0.2525252525252527,0.46938775510204084,14.066603268085768,1285429.2511091684
18.775510204081634,0.0153702322058399,-4.175322613813814,0.26262626262626254,0.46938775510204084,14.053308094153271,1268452.351128129
18.775510204081634,0.0170734773835322,-4.07022904976888,0.2727272727272725,0.46938775510204084,14.040014133198126,1251701.1864644752
18.775510204081634,0.0189654668883421,-3.9651354857239447,0.2828282828282826,0.46938775510204084,14.02672260718611,1235174.2450311224
18.775510204081634,0.0210671163356406,-3.8600419216790063,0.292929292929293,0.46938775510204084,14.013434735389216,1218869.9724579018
18.775510204081634,0.0234016590950486,-3.7549483576340705,0.3030303030303031,0.46938775510204084,14.000151733868968,1202786.7738102304
18.775510204081634,0.0259949031313031,-3.649854793589135,0.3131313131313132,0.46938775510204084,13.98687481496431,1186923.0153057508
18.775510204081634,0.0288755163068248,-3.5447612295442013,0.32323232323232315,0.46938775510204084,13.973605186784562,1171277.0260268715
18.775510204081634,0.0320753432999582,-3.4396676654992664,0.33333333333333315,0.46938775510204084,13.960344052707901,1155847.0996271283
18.775510204081634,0.0356297576423598,-3.3345741014543298,0.34343434343434337,0.46938775510204084,13.947092610885807,1140631.4960293637
18.775510204081634,0.0395780527672466,-3.229480537409394,0.3535353535353535,0.46938775510204084,13.933852053753943,1125628.443113826
18.775510204081634,0.0439638763914761,-3.1243869733644574,0.3636363636363637,0.46938775510204084,13.920623567549885,1110836.1383943176
18.775510204081634,0.048835713033475,-3.019293409319523,0.3737373737373737,0.46938775510204084,13.907408331838113,1096252.750680606
18.775510204081634,0.0542474200011699,-2.914199845274587,0.3838383838383838,0.46938775510204084,13.894207519042679,1081876.4217254017
18.775510204081634,0.060258822775172,-2.8091062812296523,0.3939393939393938,0.46938775510204084,13.881022293987913,1067705.2678542314
18.775510204081634,0.0669363763690749,-2.7040127171847166,0.404040404040404,0.46938775510204084,13.867853813447573,1053737.381576701
18.775510204081634,0.0743538999780876,-2.5989191531397813,0.4141414141414141,0.46938775510204084,13.854703225702758,1039970.8331776109
18.775510204081634,0.0825933930374168,-2.493825589094845,0.42424242424242425,0.46938775510204084,13.84157167010894,1026403.6722865364
18.775510204081634,0.0917459417117808,-2.38873202504991,0.4343434343434343,0.46938775510204084,13.828460276672448,1013033.9294245724
18.775510204081634,0.101912725837141,-2.283638461004973,0.44444444444444453,0.46938775510204084,13.81537016563667,999859.6175269379
18.775510204081634,0.113206137446215,-2.1785448969600347,0.4545454545454549,0.46938775510204084,13.802302447078311,986878.7334403225
18.775510204081634,0.125751023242877,-2.0734513329151003,0.46464646464646486,0.46938775510204084,13.78925822051394,974089.2593938555
18.775510204081634,0.139686064760787,-1.9683577688701692,0.47474747474747453,0.46938775510204084,13.776238574517084,961489.1644426829
18.775510204081634,0.155165311463659,-1.8632642048252352,0.48484848484848453,0.46938775510204084,13.76324458634612,949076.4058832285
18.775510204081634,0.172359883735326,-1.7581706407802946,0.49494949494949514,0.46938775510204084,13.75027732158317,936848.9306392776
18.775510204081634,0.19145986458586,-1.6530770767353593,0.5050505050505052,0.46938775510204084,13.737337833784194,924804.6766180957
18.775510204081634,0.212676400986239,-1.5479835126904273,0.5151515151515149,0.46938775510204084,13.724427164140469,912941.574035868
18.775510204081634,0.236244038061438,-1.442889948645492,0.5252525252525251,0.46938775510204084,13.71154634115162,901257.5467118503
18.775510204081634,0.262423311946047,-1.3377963846005527,0.5353535353535355,0.46938775510204084,13.69869638031034,889750.513330645
18.775510204081634,0.291503629965987,-1.2327028205556183,0.5454545454545455,0.46938775510204084,13.685878283798939,878418.3886721269
18.775510204081634,0.323806469986239,-1.1276092565106834,0.5555555555555556,0.46938775510204084,13.673093040197811,867259.0848085862
18.775510204081634,0.359688934292802,-1.0225156924657481,0.5656565656565656,0.46938775510204084,13.66034162420594,856270.5122687494
18.775510204081634,0.399547697296443,-0.9174221284208132,0.5757575757575757,0.46938775510204084,13.647624996373503,845450.5811683871
18.775510204081634,0.443823390699414,-0.8123285643758777,0.5858585858585857,0.46938775510204084,13.634944102846632,834797.2023072655
18.775510204081634,0.49300547460239,-0.707235000330941,0.5959595959595959,0.46938775510204084,13.622299875124387,824308.2882323235
18.775510204081634,0.547637648400869,-0.6021414362860068,0.606060606060606,0.46938775510204084,13.60969322982795,813981.7542669156
18.775510204081634,0.608323861287565,-0.49704787224107067,0.6161616161616161,0.46938775510204084,13.597125068482072,803815.5195061304
18.775510204081634,0.67573498880583,-0.39195430819613525,0.6262626262626262,0.46938775510204084,13.584596277308746,793807.507778158
18.775510204081634,0.750616249262273,-0.2868607441511999,0.6363636363636362,0.46938775510204084,13.572107727033119,783955.648571793
18.775510204081634,0.833795441985706,-0.18176718010626372,0.6464646464646464,0.46938775510204084,13.559660272701556,774257.8779301619
18.775510204081634,0.926192098504948,-0.07667361606132911,0.6565656565656565,0.46938775510204084,13.547254753511874,764712.13931087
18.775510204081634,1.02882764781018,0.028419947983610284,0.666666666666667,0.46938775510204084,13.534891992655627,755316.38441275
18.775510204081634,1.142836708073,0.1335135120285407,0.6767676767676766,0.46938775510204084,13.522572797172398,746068.5739694712
18.775510204081634,1.2694796296533,0.23860707607348014,0.686868686868687,0.46938775510204084,13.510297957815995,736966.678510306
18.775510204081634,1.41015642805352,0.3437006401184105,0.6969696969696967,0.46938775510204084,13.498068248932471,728008.6790883907
18.775510204081634,1.56642226084696,0.44879420416335164,0.7070707070707073,0.46938775510204084,13.48588442834982,719192.5679768285
18.775510204081634,1.74000461967455,0.5538877682082868,0.7171717171717173,0.46938775510204084,13.47374723727926,710516.349333062
18.775510204081634,1.93282242736499,0.6589813322532224,0.7272727272727274,0.46938775510204084,13.461657400227956,701978.0398319351
18.775510204081634,2.14700725129329,0.7640748962981553,0.7373737373737373,0.46938775510204084,13.44961562492302,693575.669267906
18.775510204081634,2.38492686748792,0.8691684603430914,0.7474747474747475,0.46938775510204084,13.437622602246668,685307.2811269172
18.775510204081634,2.64921143598352,0.9742620243880249,0.7575757575757573,0.46938775510204084,13.425679006182344,677170.9331284228
18.775510204081634,2.94278257678333,1.0793555884329629,0.7676767676767676,0.46938775510204084,13.413785493771641,669164.6977381198
18.775510204081634,3.26888566786082,1.184449152477898,0.7777777777777777,0.46938775510204084,13.40194270508185,661286.662651947
18.775510204081634,3.63112572224959,1.289542716522833,0.7878787878787878,0.46938775510204084,13.390151263183942,653534.9312519238
18.775510204081634,4.0335072408363,1.3946362805677694,0.797979797979798,0.46938775510204084,13.37841177414077,645907.6230344254
18.775510204081634,4.48047848142245,1.4997298446127043,0.808080808080808,0.46938775510204084,13.366724827005337,638402.8740115134
18.775510204081634,4.97698063344183,1.6048234086576407,0.8181818181818182,0.46938775510204084,13.355090993828844,631018.8370859303
18.775510204081634,5.52850244195146,1.7099169727025751,0.8282828282828283,0.46938775510204084,13.343510829678399,623753.6824004151
18.775510204081634,6.14114088475497,1.8150105367475111,0.8383838383838383,0.46938775510204084,13.331984872664076,616605.5976619582
18.775510204081634,6.8216685734332,1.9201041007924453,0.8484848484848483,0.46938775510204084,13.320513643975168,609572.7884416727
18.775510204081634,7.57760862338904,2.0251976648373815,0.8585858585858586,0.46938775510204084,13.309097647925359,602653.4784509188
18.775510204081634,8.41731782058148,2.1302912288823177,0.8686868686868686,0.46938775510204084,13.29773737200663,595845.9097943712
18.775510204081634,9.35007900434302,2.2353847929272526,0.8787878787878787,0.46938775510204084,13.2864332869516,589148.3432006583
18.775510204081634,10.3862036875563,2.3404783569721936,0.8888888888888893,0.46938775510204084,13.275185846804142,582559.0582312834
18.775510204081634,11.5371460486378,2.445571921017128,0.8989898989898993,0.46938775510204084,13.263995488997965,576076.353468472
18.775510204081634,12.8156295554912,2.550665485062058,0.909090909090909,0.46938775510204084,13.25286263444295,569698.5466826054
18.775510204081634,14.2357876212352,2.6557590491069942,0.919191919191919,0.46938775510204084,13.241787687619013,563423.974979942
18.775510204081634,15.8133198466305,2.7608526131519304,0.9292929292929293,0.46938775510204084,13.230771036677202,557250.994931247
18.775510204081634,17.5656655764397,2.865946177196865,0.9393939393939392,0.46938775510204084,13.219813053547849,551177.9826820296
18.775510204081634,19.5121966883548,2.9710397412417997,0.9494949494949493,0.46938775510204084,13.208914094055444,545203.3340450012
18.775510204081634,21.6744317457404,3.0761333052867346,0.9595959595959593,0.46938775510204084,13.198074498040082,539325.4645754441
18.775510204081634,24.0762738816144,3.1812268693316703,0.9696969696969694,0.46938775510204084,13.18729458948516,533542.8096301028
18.775510204081634,26.744275043632,3.2863204333766105,0.97979797979798,0.46938775510204084,13.176574676651116,527853.8244102387
18.775510204081634,29.707929521255,3.3914139974215445,0.98989898989899,0.46938775510204084,13.165915052214956,522256.9839894837
18.775510204081634,33.0,3.4965075614664802,1.0,0.46938775510204084,13.155315993415329,516750.78332709515
19.591836734693878,0.001,-6.907755278982137,0.0,0.4897959183673469,14.394991927405252,1785112.3768009949
19.591836734693878,0.001110814537795,-6.802661714937222,0.010101010101008117,0.4897959183673469,14.3820971962041,1762241.6056619121
19.591836734693878,0.0012339089373767,-6.697568150892323,0.020202020202014698,0.4897959183673469,14.369173888566955,1739614.141024653
19.591836734693878,0.0013706439859533,-6.592474586847349,0.030303030303028534,0.4897959183673469,14.356223114086996,1717230.0491240574
19.591836734693878,0.0015225312657382,-6.487381022802441,0.04040404040403597,0.4897959183673469,14.343245992506509,1695089.318191379
19.591836734693878,0.0016912498642295,-6.382287458757476,0.05050505050504887,0.4897959183673469,14.330243653261189,1673191.859418262
19.591836734693878,0.00187866493623,-6.277193894712534,0.06060606060605963,0.4897959183673469,14.31721723501622,1651537.5079780712
19.591836734693878,0.00208684832281,-6.172100330667619,0.07070707070706775,0.4897959183673469,14.304167885194383,1630126.024102195
19.591836734693878,0.0023181014551505,-6.067006766622687,0.08080808080807748,0.4897959183673469,14.291096759496792,1608957.0942094112
19.591836734693878,0.002574980796465,-5.961913202577741,0.0909090909090886,0.4897959183673469,14.278005021416693,1588030.3320861098
19.591836734693878,0.0028603261032564,-5.856819638532781,0.10101010101010106,0.4897959183673469,14.26489384174679,1567345.2801150584
19.591836734693878,0.0031772918183317,-5.751726074487876,0.11111111111110823,0.4897959183673469,14.251764398080619,1546901.4105504768
19.591836734693878,0.0035293819426201,-5.646632510442922,0.1212121212121201,0.4897959183673469,14.238617874308428,1526698.126837033
19.591836734693878,0.0039204887712936,-5.541538946397998,0.13131313131312908,0.4897959183673469,14.225455460108178,1506734.7649705026
19.591836734693878,0.0043549359224151,-5.436445382353058,0.14141414141413966,0.4897959183673469,14.212278350432042,1487010.5948975023
19.591836734693878,0.0048375261337845,-5.331351818308116,0.15151515151515035,0.4897959183673469,14.199087744989036,1467524.8219519928
19.591836734693878,0.0053735943563712,-5.2262582542631755,0.16161616161616094,0.4897959183673469,14.185884847724267,1448276.5883260495
19.591836734693878,0.0059690667312704,-5.121164690218244,0.17171717171717069,0.4897959183673469,14.17267086629533,1429264.9745724
19.591836734693878,0.0066305261021638,-5.016071126173304,0.18181818181818118,0.4897959183673469,14.159447011546387,1410489.0011362457
19.591836734693878,0.0073652847875129,-4.910977562128371,0.19191919191919102,0.4897959183673469,14.1462144969805,1391947.6299139285
19.591836734693878,0.0081814654169699,-4.80588399808343,0.20202020202020168,0.4897959183673469,14.132974538230695,1373639.7658358458
19.591836734693878,0.0090880907256374,-4.700790434038493,0.21212121212121193,0.4897959183673469,14.119728352530368,1355564.2584712533
19.591836734693878,0.0100951832988382,-4.595696869993551,0.22222222222222263,0.4897959183673469,14.106477158183491,1337719.9036523523
19.591836734693878,0.0112138763700549,-4.490603305948624,0.23232323232323193,0.4897959183673469,14.093222174035233,1320105.445115331
19.591836734693878,0.0124565368968931,-4.385509741903686,0.24242424242424226,0.4897959183673469,14.079964618943455,1302719.5761558232
19.591836734693878,0.013836902275649,-4.280416177858747,0.2525252525252527,0.4897959183673469,14.066705711251663,1285560.9412964508
19.591836734693878,0.0153702322058399,-4.175322613813814,0.26262626262626254,0.4897959183673469,14.053446668263911,1268628.1379640463
19.591836734693878,0.0170734773835322,-4.07022904976888,0.2727272727272725,0.4897959183673469,14.040188705722178,1251919.7181742168
19.591836734693878,0.0189654668883421,-3.9651354857239447,0.2828282828282826,0.4897959183673469,14.026933037286723,1235434.1902209646
19.591836734693878,0.0210671163356406,-3.8600419216790063,0.292929292929293,0.4897959183673469,14.013680874019938,1219170.0203691267
19.591836734693878,0.0234016590950486,-3.7549483576340705,0.3030303030303031,0.4897959183673469,14.00043342387418,1203125.634547414
19.591836734693878,0.0259949031313031,-3.649854793589135,0.3131313131313132,0.4897959183673469,13.987191891184048,1187299.4200399064
19.591836734693878,0.0288755163068248,-3.5447612295442013,0.32323232323232315,0.4897959183673469,13.973957476163624,1171689.7271739277
19.591836734693878,0.0320753432999582,-3.4396676654992664,0.33333333333333315,0.4897959183673469,13.960731374409095,1156294.8710022632
19.591836734693878,0.0356297576423598,-3.3345741014543298,0.34343434343434337,0.4897959183673469,13.947514776407234,1141113.1329777436
19.591836734693878,0.0395780527672466,-3.229480537409394,0.3535353535353535,0.4897959183673469,13.934308867050166,1126142.7626182975
19.591836734693878,0.0439638763914761,-3.1243869733644574,0.3636363636363637,0.4897959183673469,13.921114825156863,1111381.9791606464
19.591836734693878,0.048835713033475,-3.019293409319523,0.3737373737373737,0.4897959183673469,13.90793382300175,1096828.9732008635
19.591836734693878,0.0542474200011699,-2.914199845274587,0.3838383838383838,0.4897959183673469,13.894767025850843,1082481.9083200898
19.591836734693878,0.060258822775172,-2.8091062812296523,0.3939393939393938,0.4897959183673469,13.881615591505804,1068338.9226938235
19.591836734693878,0.0669363763690749,-2.7040127171847166,0.404040404040404,0.4897959183673469,13.868480669856263,1054398.130683188
19.591836734693878,0.0743538999780876,-2.5989191531397813,0.4141414141414141,0.4897959183673469,13.855363402440773,1040657.624406741
19.591836734693878,0.0825933930374168,-2.493825589094845,0.42424242424242425,0.4897959183673469,13.842264922016728,1027115.4752913967
19.591836734693878,0.0917459417117808,-2.38873202504991,0.4343434343434343,0.4897959183673469,13.829186352139578,1013769.7356011787
19.591836734693878,0.101912725837141,-2.283638461004973,0.44444444444444453,0.4897959183673469,13.816128806751614,1000618.4399425131
19.591836734693878,0.113206137446215,-2.1785448969600347,0.4545454545454549,0.4897959183673469,13.803093389780644,987659.6067449362
19.591836734693878,0.125751023242877,-2.0734513329151003,0.46464646464646486,0.4897959183673469,13.790081194748812,974891.2397161088
19.591836734693878,0.139686064760787,-1.9683577688701692,0.47474747474747453,0.4897959183673469,13.7770933043918,962311.3292701137
19.591836734693878,0.155165311463659,-1.8632642048252352,0.48484848484848453,0.4897959183673469,13.764130790288684,949917.8539281341
19.591836734693878,0.172359883735326,-1.7581706407802946,0.49494949494949514,0.4897959183673469,13.751194712502608,937708.7816906003
19.591836734693878,0.19145986458586,-1.6530770767353593,0.5050505050505052,0.4897959183673469,13.738286119232543,925682.0713800907
19.591836734693878,0.212676400986239,-1.5479835126904273,0.5151515151515149,0.4897959183673469,13.725406046476229,913835.6739541863
19.591836734693878,0.236244038061438,-1.442889948645492,0.5252525252525251,0.4897959183673469,13.712555517704557,902167.5337877296
19.591836734693878,0.262423311946047,-1.3377963846005527,0.5353535353535355,0.4897959183673469,13.699735543547451,890675.5899238468
19.591836734693878,0.291503629965987,-1.2327028205556183,0.5454545454545455,0.4897959183673469,13.68694712149145,879357.7772932866
19.591836734693878,0.323806469986239,-1.1276092565106834,0.5555555555555556,0.4897959183673469,13.674191235589046,868212.0279016123
19.591836734693878,0.359688934292802,-1.0225156924657481,0.5656565656565656,0.4897959183673469,13.661468856179916,857236.2719839049
19.591836734693878,0.399547697296443,-0.9174221284208132,0.5757575757575757,0.4897959183673469,13.6487809396241,846428.4391266701
19.591836734693878,0.443823390699414,-0.8123285643758777,0.5858585858585857,0.4897959183673469,13.636128428047197,835786.4593567165
19.591836734693878,0.49300547460239,-0.707235000330941,0.5959595959595959,0.4897959183673469,13.62351224909762,825308.2641968289
19.591836734693878,0.547637648400869,-0.6021414362860068,0.606060606060606,0.4897959183673469,13.610933315715952,814991.787688132
19.591836734693878,0.608323861287565,-0.49704787224107067,0.6161616161616161,0.4897959183673469,13.598392525916388,804834.9673790659
19.591836734693878,0.67573498880583,-0.39195430819613525,0.6262626262626262,0.4897959183673469,13.5858907625803,794835.7452809934
19.591836734693878,0.750616249262273,-0.2868607441511999,0.6363636363636362,0.4897959183673469,13.57342889326187,784992.0687904661
19.591836734693878,0.833795441985706,-0.18176718010626372,0.6464646464646464,0.4897959183673469,13.561007770005796,775301.891578275
19.591836734693878,0.926192098504948,-0.07667361606132911,0.6565656565656565,0.4897959183673469,13.548628229176995,765763.1744454002
19.591836734693878,1.02882764781018,0.028419947983610284,0.666666666666667,0.4897959183673469,13.53629109130226,756373.8861460808
19.591836734693878,1.142836708073,0.1335135120285407,0.6767676767676766,0.4897959183673469,13.523997160923802,747132.0041782241
19.591836734693878,1.2694796296533,0.23860707607348014,0.686868686868687,0.4897959183673469,13.511747226464578,738035.5155414413
19.591836734693878,1.41015642805352,0.3437006401184105,0.6969696969696967,0.4897959183673469,13.499542060105327,729082.4174630165
19.591836734693878,1.56642226084696,0.44879420416335164,0.7070707070707073,0.4897959183673469,13.487382417673173,720270.7180921617
19.591836734693878,1.74000461967455,0.5538877682082868,0.7171717171717173,0.4897959183673469,13.475269038541727,711598.4371629609
19.591836734693878,1.93282242736499,0.6589813322532224,0.7272727272727274,0.4897959183673469,13.463202645542504,703063.6066263939
19.591836734693878,2.14700725129329,0.7640748962981553,0.7373737373737373,0.4897959183673469,13.451183944887536,694664.2712519042
19.591836734693878,2.38492686748792,0.8691684603430914,0.7474747474747475,0.4897959183673469,13.439213626103037,686398.4891989843
19.591836734693878,2.64921143598352,0.9742620243880249,0.7575757575757573,0.4897959183673469,13.427292361973956,678264.33255928
19.591836734693878,2.94278257678333,1.0793555884329629,0.7676767676767676,0.4897959183673469,13.415420808499235,670259.8878697244
19.591836734693878,3.26888566786082,1.184449152477898,0.7777777777777777,0.4897959183673469,13.403599604857604,662383.2565972598
19.591836734693878,3.63112572224959,1.289542716522833,0.7878787878787878,0.4897959183673469,13.391829373383748,654632.5555957103
19.591836734693878,4.0335072408363,1.3946362805677694,0.797979797979798,0.4897959183673469,13.38011071955461,647005.9175353682
19.591836734693878,4.48047848142245,1.4997298446127043,0.808080808080808,0.4897959183673469,13.368444231985668,639501.4913059121
19.591836734693878,4.97698063344183,1.6048234086576407,0.8181818181818182,0.4897959183673469,13.356830482436976,632117.4423932515
19.591836734693878,5.52850244195146,1.7099169727025751,0.8282828282828283,0.4897959183673469,13.34527002582874,624851.9532309216
19.591836734693878,6.14114088475497,1.8150105367475111,0.8383838383838383,0.4897959183673469,13.333763400266221,617703.2235266551
19.591836734693878,6.8216685734332,1.9201041007924453,0.8484848484848483,0.4897959183673469,13.322311127073771,610669.4705647784
19.591836734693878,7.57760862338904,2.0251976648373815,0.8585858585858586,0.4897959183673469,13.310913710837726,603748.9294850659
19.591836734693878,8.41731782058148,2.1302912288823177,0.8686868686868686,0.4897959183673469,13.299571639457968,596939.8535387041
19.591836734693878,9.35007900434302,2.2353847929272526,0.8787878787878787,0.4897959183673469,13.288285384207922,590240.5143220325
19.591836734693878,10.3862036875563,2.3404783569721936,0.8888888888888893,0.4897959183673469,13.277055399802725,583649.2019886916
19.591836734693878,11.5371460486378,2.445571921017128,0.8989898989898993,0.4897959183673469,13.265882124475354,577164.2254408591
19.591836734693878,12.8156295554912,2.550665485062058,0.909090909090909,0.4897959183673469,13.254765980060476,570783.9125002158
19.591836734693878,14.2357876212352,2.6557590491069942,0.919191919191919,0.4897959183673469,13.243707372085758,564506.6100592994
19.591836734693878,15.8133198466305,2.7608526131519304,0.9292929292929293,0.4897959183673469,13.232706689870419,558330.6842139018
19.591836734693878,17.5656655764397,2.865946177196865,0.9393939393939392,0.4897959183673469,13.221764306630757,552254.5203771505
19.591836734693878,19.5121966883548,2.9710397412417997,0.9494949494949493,0.4897959183673469,13.210880579592438,546276.5233759289
19.591836734693878,21.6744317457404,3.0761333052867346,0.9595959595959593,0.4897959183673469,13.200055850109267,540395.1175302597
19.591836734693878,24.0762738816144,3.1812268693316703,0.9696969696969694,0.4897959183673469,13.189290443788238,534608.7467162983
19.591836734693878,26.744275043632,3.2863204333766105,0.97979797979798,0.4897959183673469,13.178584670620571,528915.8744135445
19.591836734693878,29.707929521255,3.3914139974215445,0.98989898989899,0.4897959183673469,13.167938825118556,523314.98373690766
19.591836734693878,33.0,3.4965075614664802,1.0,0.4897959183673469,13.157353186457897,517804.57745421206
20.408163265306122,0.001,-6.907755278982137,0.0,0.5102040816326531,14.394133719326726,1783581.036136601
20.408163265306122,0.001110814537795,-6.802661714937222,0.010101010101008117,0.5102040816326531,14.381276927310205,1760796.6863814471
20.408163265306122,0.0012339089373767,-6.697568150892323,0.020202020202014698,0.5102040816326531,14.368391651313567,1738253.882128976
20.408163265306122,0.0013706439859533,-6.592474586847349,0.030303030303028534,0.5102040816326531,14.355478991540297,1715952.6948396377
20.408163265306122,0.0015225312657382,-6.487381022802441,0.04040404040403597,0.5102040816326531,14.34254005830872,1693893.1189420158
20.408163265306122,0.0016912498642295,-6.382287458757476,0.05050505050504887,0.5102040816326531,14.329575971602061,1672075.0727719963
20.408163265306122,0.00187866493623,-6.277193894712534,0.06060606060605963,0.5102040816326531,14.316587860610296,1650498.399568547
20.408163265306122,0.00208684832281,-6.172100330667619,0.07070707070706775,0.5102040816326531,14.303576863264063,1629162.8685238352
20.408163265306122,0.0023181014551505,-6.067006766622687,0.08080808080807748,0.5102040816326531,14.290544125761205,1608068.1758857884
20.408163265306122,0.002574980796465,-5.961913202577741,0.0909090909090886,0.5102040816326531,14.277490802086405,1587213.946110981
20.408163265306122,0.0028603261032564,-5.856819638532781,0.10101010101010106,0.5102040816326531,14.264418053524325,1566599.733065561
20.408163265306122,0.0031772918183317,-5.751726074487876,0.11111111111110823,0.5102040816326531,14.251327048166816,1546225.021272089
20.408163265306122,0.0035293819426201,-5.646632510442922,0.1212121212121201,0.5102040816326531,14.238218960414597,1526089.22719989
20.408163265306122,0.0039204887712936,-5.541538946397998,0.13131313131312908,0.5102040816326531,14.225094970474055,1506191.700596779
20.408163265306122,0.0043549359224151,-5.436445382353058,0.14141414141413966,0.5102040816326531,14.21195626384951,1486531.7258595887
20.408163265306122,0.0048375261337845,-5.331351818308116,0.15151515151515035,0.5102040816326531,14.19880403083159,1467108.5234412854
20.408163265306122,0.0053735943563712,-5.2262582542631755,0.16161616161616094,0.5102040816326531,14.18563946598218,1447921.2512921738
20.408163265306122,0.0059690667312704,-5.121164690218244,0.17171717171717069,0.5102040816326531,14.172463767616454,1428969.0063327756
20.408163265306122,0.0066305261021638,-5.016071126173304,0.18181818181818118,0.5102040816326531,14.159278137282595,1410250.8259559867
20.408163265306122,0.0073652847875129,-4.910977562128371,0.19191919191919102,0.5102040816326531,14.14608377923964,1391765.689556027
20.408163265306122,0.0081814654169699,-4.80588399808343,0.20202020202020168,0.5102040816326531,14.13288189993406,1373512.5200817564
20.408163265306122,0.0090880907256374,-4.700790434038493,0.21212121212121193,0.5102040816326531,14.119673707475549,1355490.1856119148
20.408163265306122,0.0100951832988382,-4.595696869993551,0.22222222222222263,0.5102040816326531,14.106460411112586,1337697.500949865
20.408163265306122,0.0112138763700549,-4.490603305948624,0.23232323232323193,0.5102040816326531,14.093243220708302,1320133.229235432
20.408163265306122,0.0124565368968931,-4.385509741903686,0.24242424242424226,0.5102040816326531,14.080023346217153,1302796.0835714382
20.408163265306122,0.013836902275649,-4.280416177858747,0.2525252525252527,0.5102040816326531,14.06680199716293,1285684.7286625672
20.408163265306122,0.0153702322058399,-4.175322613813814,0.26262626262626254,0.5102040816326531,14.053580382118641,1268797.7824642495
20.408163265306122,0.0170734773835322,-4.07022904976888,0.2727272727272725,0.5102040816326531,14.040359708188758,1252133.817839248
20.408163265306122,0.0189654668883421,-3.9651354857239447,0.2828282828282826,0.5102040816326531,14.027141180494326,1235691.3642196816
20.408163265306122,0.0210671163356406,-3.8600419216790063,0.292929292929293,0.5102040816326531,14.013926001661458,1219468.909272301
20.408163265306122,0.0234016590950486,-3.7549483576340705,0.3030303030303031,0.5102040816326531,14.000715371313685,1203464.9005648233
20.408163265306122,0.0259949031313031,-3.649854793589135,0.3131313131313132,0.5102040816326531,13.98751048556864,1187677.747231219
20.408163265306122,0.0288755163068248,-3.5447612295442013,0.32323232323232315,0.5102040816326531,13.974312536539555,1172105.8216338889
20.408163265306122,0.0320753432999582,-3.4396676654992664,0.33333333333333315,0.5102040816326531,13.961122711842021,1156747.4610207193
20.408163265306122,0.0356297576423598,-3.3345741014543298,0.34343434343434337,0.5102040816326531,13.947942194106476,1141600.9691751022
20.408163265306122,0.0395780527672466,-3.229480537409394,0.3535353535353535,0.5102040816326531,13.934772160496822,1126664.6180569849
20.408163265306122,0.0439638763914761,-3.1243869733644574,0.3636363636363637,0.5102040816326531,13.921613782235626,1111936.6494331807
20.408163265306122,0.048835713033475,-3.019293409319523,0.3737373737373737,0.5102040816326531,13.90846822413631,1097415.2764951803
20.408163265306122,0.0542474200011699,-2.914199845274587,0.3838383838383838,0.5102040816326531,13.8953366441427,1083098.685462768
20.408163265306122,0.060258822775172,-2.8091062812296523,0.3939393939393938,0.5102040816326531,13.882220192876343,1068985.0371718511
20.408163265306122,0.0669363763690749,-2.7040127171847166,0.404040404040404,0.5102040816326531,13.869120013191948,1055072.4686449696
20.408163265306122,0.0743538999780876,-2.5989191531397813,0.4141414141414141,0.5102040816326531,13.856037239741296,1041359.0946430028
20.408163265306122,0.0825933930374168,-2.493825589094845,0.42424242424242425,0.5102040816326531,13.842972998545966,1027843.0091967115
20.408163265306122,0.0917459417117808,-2.38873202504991,0.4343434343434343,0.5102040816326531,13.829928406579173,1014522.2871167727
20.408163265306122,0.101912725837141,-2.283638461004973,0.44444444444444453,0.5102040816326531,13.816904571357057,1001394.9854811013
20.408163265306122,0.113206137446215,-2.1785448969600347,0.4545454545454549,0.5102040816326531,13.803902590539666,988459.1450982624
20.408163265306122,0.125751023242877,-2.0734513329151003,0.46464646464646486,0.5102040816326531,13.790923551541944,975712.791945921
20.408163265306122,0.139686064760787,-1.9683577688701692,0.47474747474747453,0.5102040816326531,13.777968531154933,963153.9385832802
20.408163265306122,0.155165311463659,-1.8632642048252352,0.48484848484848453,0.5102040816326531,13.765038595177462,950780.5855366043
20.408163265306122,0.172359883735326,-1.7581706407802946,0.49494949494949514,0.5102040816326531,13.752134798058517,938590.7226569464
20.408163265306122,0.19145986458586,-1.6530770767353593,0.5050505050505052,0.5102040816326531,13.739258182550506,926582.330449296
20.408163265306122,0.212676400986239,-1.5479835126904273,0.5151515151515149,0.5102040816326531,13.726409779373572,914753.3813724155
20.408163265306122,0.236244038061438,-1.442889948645492,0.5252525252525251,0.5102040816326531,13.713590606891177,903101.8411087572
20.408163265306122,0.262423311946047,-1.3377963846005527,0.5353535353535355,0.5102040816326531,13.700801670797038,891625.6698038403
20.408163265306122,0.291503629965987,-1.2327028205556183,0.5454545454545455,0.5102040816326531,13.688043963813591,880322.8232746128
20.408163265306122,0.323806469986239,-1.1276092565106834,0.5555555555555556,0.5102040816326531,13.675318465402095,869191.2541863541
20.408163265306122,0.359688934292802,-1.0225156924657481,0.5656565656565656,0.5102040816326531,13.662626141484429,858228.9131977246
20.408163265306122,0.399547697296443,-0.9174221284208132,0.5757575757575757,0.5102040816326531,13.649967944176737,847433.7500736921
20.408163265306122,0.443823390699414,-0.8123285643758777,0.5858585858585857,0.5102040816326531,13.637344811534913,836803.7147660491
20.408163265306122,0.49300547460239,-0.707235000330941,0.5959595959595959,0.5102040816326531,13.62475766731201,826336.758461353
20.408163265306122,0.547637648400869,-0.6021414362860068,0.606060606060606,0.5102040816326531,13.612207420727614,816030.8345961645
20.408163265306122,0.608323861287565,-0.49704787224107067,0.6161616161616161,0.5102040816326531,13.599694966249166,805883.8998395015
20.408163265306122,0.67573498880583,-0.39195430819613525,0.6262626262626262,0.5102040816326531,13.587221183385266,795893.9150424965
20.408163265306122,0.750616249262273,-0.2868607441511999,0.6363636363636362,0.5102040816326531,13.574786936490923,786058.8461552834
20.408163265306122,0.833795441985706,-0.18176718010626372,0.6464646464646464,0.5102040816326531,13.56239307458475,776376.6651112174
20.408163265306122,0.926192098504948,-0.07667361606132911,0.6565656565656565,0.5102040816326531,13.55004043117801,766845.3506785267
20.408163265306122,1.02882764781018,0.028419947983610284,0.666666666666667,0.5102040816326531,13.53772982411554,757462.88927961
20.408163265306122,1.142836708073,0.1335135120285407,0.6767676767676766,0.5102040816326531,13.525462055428392,748227.2757781586
20.408163265306122,1.2694796296533,0.23860707607348014,0.686868686868687,0.5102040816326531,13.513237911198182,739136.5142344066
20.408163265306122,1.41015642805352,0.3437006401184105,0.6969696969696967,0.5102040816326531,13.501058161433015,730188.6186287648
20.408163265306122,1.56642226084696,0.44879420416335164,0.7070707070707073,0.5102040816326531,13.488923559954902,721381.6135542127
20.408163265306122,1.74000461967455,0.5538877682082868,0.7171717171717173,0.5102040816326531,13.47683484429853,712713.534877785
20.408163265306122,1.93282242736499,0.6589813322532224,0.7272727272727274,0.5102040816326531,13.464792735621273,704182.430371568
20.408163265306122,2.14700725129329,0.7640748962981553,0.7373737373737373,0.5102040816326531,13.452797938624322,695786.3603136482
20.408163265306122,2.38492686748792,0.8691684603430914,0.7474747474747475,0.5102040816326531,13.440851141484732,687523.398059435
20.408163265306122,2.64921143598352,0.9742620243880249,0.7575757575757573,0.5102040816326531,13.428953015798312,679391.6305838875
20.408163265306122,2.94278257678333,1.0793555884329629,0.7676767676767676,0.5102040816326531,13.417104216533104,671389.1589951041
20.408163265306122,3.26888566786082,1.184449152477898,0.7777777777777777,0.5102040816326531,13.405305381993351,663514.0990198407
20.408163265306122,3.63112572224959,1.289542716522833,0.7878787878787878,0.5102040816326531,13.393557133793724,655764.5814614806
20.408163265306122,4.0335072408363,1.3946362805677694,0.797979797979798,0.5102040816326531,13.381860076843653,648138.752631032
20.408163265306122,4.48047848142245,1.4997298446127043,0.808080808080808,0.5102040816326531,13.370214799341534,640634.7747517213
20.408163265306122,4.97698063344183,1.6048234086576407,0.8181818181818182,0.5102040816326531,13.358621872778645,633250.8263377878
20.408163265306122,5.52850244195146,1.7099169727025751,0.8282828282828283,0.5102040816326531,13.347081851952538,625985.1025480758
20.408163265306122,6.14114088475497,1.8150105367475111,0.8383838383838383,0.5102040816326531,13.335595274989702,618835.8155150377
20.408163265306122,6.8216685734332,1.9201041007924453,0.8484848484848483,0.5102040816326531,13.324162663377292,611801.194649782
20.408163265306122,7.57760862338904,2.0251976648373815,0.8585858585858586,0.5102040816326531,13.312784522003685,604879.486923783
20.408163265306122,8.41731782058148,2.1302912288823177,0.8686868686868686,0.5102040816326531,13.301461339207641,598068.9571278922
20.408163265306122,9.35007900434302,2.2353847929272526,0.8787878787878787,0.5102040816326531,13.29019358683586,591367.8881093026
20.408163265306122,10.3862036875563,2.3404783569721936,0.8888888888888893,0.5102040816326531,13.278981720308664,584774.580987082
20.408163265306122,11.5371460486378,2.445571921017128,0.8989898989898993,0.5102040816326531,13.267826178693623,578287.3553469523
20.408163265306122,12.8156295554912,2.550665485062058,0.909090909090909,0.5102040816326531,13.256727384786835,571904.5494159271
20.408163265306122,14.2357876212352,2.6557590491069942,0.919191919191919,0.5102040816326531,13.245685745201655,565624.5202174668
20.408163265306122,15.8133198466305,2.7608526131519304,0.9292929292929293,0.5102040816326531,13.234701650464636,559445.6437077955
20.408163265306122,17.5656655764397,2.865946177196865,0.9393939393939392,0.5102040816326531,13.223775475118419,553366.3148940019
20.408163265306122,19.5121966883548,2.9710397412417997,0.9494949494949493,0.5102040816326531,13.212907577831345,547384.9479345653
20.408163265306122,21.6744317457404,3.0761333052867346,0.9595959595959593,0.5102040816326531,13.202098301513553,541499.9762229363
20.408163265306122,24.0762738816144,3.1812268693316703,0.9696969696969694,0.5102040816326531,13.191347973439314,535709.85245479
20.408163265306122,26.744275043632,3.2863204333766105,0.97979797979798,0.5102040816326531,13.180656905375368,530013.0486795714
20.408163265306122,29.707929521255,3.3914139974215445,0.98989898989899,0.5102040816326531,13.170025393715013,524408.056336927
20.408163265306122,33.0,3.4965075614664802,1.0,0.5102040816326531,13.159453719617725,518893.3862786451
21.224489795918366,0.001,-6.907755278982137,0.0,0.5306122448979591,14.39323671295901,1781981.8699282126
21.224489795918366,0.001110814537795,-6.802661714937222,0.010101010101008117,0.5306122448979591,14.380419207985373,1759287.0645448982
21.224489795918366,0.0012339089373767,-6.697568150892323,0.020202020202014698,0.5306122448979591,14.367573312416924,1736831.9832419239
21.224489795918366,0.0013706439859533,-6.592474586847349,0.030303030303028534,0.5306122448979591,14.354700116702341,1714616.7028153308
21.224489795918366,0.0015225312657382,-6.487381022802441,0.04040404040403597,0.5306122448979591,14.341800721374028,1692641.2240388587
21.224489795918366,0.0016912498642295,-6.382287458757476,0.05050505050504887,0.5306122448979591,14.328876236604177,1670905.4725773057
21.224489795918366,0.00187866493623,-6.277193894712534,0.06060606060605963,0.5306122448979591,14.315927781752661,1649409.2999557895
21.224489795918366,0.00208684832281,-6.172100330667619,0.07070707070706775,0.5306122448979591,14.302956484907009,1628152.4845826575
21.224489795918366,0.0023181014551505,-6.067006766622687,0.08080808080807748,0.5306122448979591,14.289963482415004,1607134.7328242005
21.224489795918366,0.002574980796465,-5.961913202577741,0.0909090909090886,0.5306122448979591,14.276949918410372,1586355.680129112
21.224489795918366,0.0028603261032564,-5.856819638532781,0.10101010101010106,0.5306122448979591,14.263916944331978,1565814.892200502
21.224489795918366,0.0031772918183317,-5.751726074487876,0.11111111111110823,0.5306122448979591,14.250865718437074,1545511.866213369
21.224489795918366,0.0035293819426201,-5.646632510442922,0.1212121212121201,0.5306122448979591,14.237797405308996,1525446.0320751795
21.224489795918366,0.0039204887712936,-5.541538946397998,0.13131313131312908,0.5306122448979591,14.224713175359954,1505616.7537275273
21.224489795918366,0.0043549359224151,-5.436445382353058,0.14141414141413966,0.5306122448979591,14.211614204329246,1486023.3304862797
21.224489795918366,0.0048375261337845,-5.331351818308116,0.15151515151515035,0.5306122448979591,14.198501672777557,1466664.9984181412
21.224489795918366,0.0053735943563712,-5.2262582542631755,0.16161616161616094,0.5306122448979591,14.18537676557775,1447540.9317511139
21.224489795918366,0.0059690667312704,-5.121164690218244,0.17171717171717069,0.5306122448979591,14.172240671402747,1428650.2443165793
21.224489795918366,0.0066305261021638,-5.016071126173304,0.18181818181818118,0.5306122448979591,14.159094582210946,1409991.9910205447
21.224489795918366,0.0073652847875129,-4.910977562128371,0.19191919191919102,0.5306122448979591,14.145939692729783,1391565.1693417553
21.224489795918366,0.0081814654169699,-4.80588399808343,0.20202020202020168,0.5306122448979591,14.132777199937895,1373368.7208541902
21.224489795918366,0.0090880907256374,-4.700790434038493,0.21212121212121193,0.5306122448979591,14.119608302546435,1355401.5327716088
21.224489795918366,0.0100951832988382,-4.595696869993551,0.22222222222222263,0.5306122448979591,14.10643420048008,1337662.4395117576
21.224489795918366,0.0112138763700549,-4.490603305948624,0.23232323232323193,0.5306122448979591,14.093256094358226,1320150.224277872
21.224489795918366,0.0124565368968931,-4.385509741903686,0.24242424242424226,0.5306122448979591,14.0800751849769,1302863.620655118
21.224489795918366,0.013836902275649,-4.280416177858747,0.2525252525252527,0.5306122448979591,14.066892672791925,1285801.314219682
21.224489795918366,0.0153702322058399,-4.175322613813814,0.26262626262626254,0.5306122448979591,14.053709757403809,1268961.94415818
21.224489795918366,0.0170734773835322,-4.07022904976888,0.2727272727272725,0.5306122448979591,14.04052763704491,1252344.1048951657
21.224489795918366,0.0189654668883421,-3.9651354857239447,0.2828282828282826,0.5306122448979591,14.027347508069347,1235946.347726496
21.224489795918366,0.0210671163356406,-3.8600419216790063,0.292929292929293,0.5306122448979591,14.014170564446138,1219767.1824563565
21.224489795918366,0.0234016590950486,-3.7549483576340705,0.3030303030303031,0.5306122448979591,14.000997997256103,1203805.0790358789
21.224489795918366,0.0259949031313031,-3.649854793589135,0.3131313131313132,0.5306122448979591,13.987830994192938,1188058.4692011722
21.224489795918366,0.0288755163068248,-3.5447612295442013,0.32323232323232315,0.5306122448979591,13.974670739068978,1172525.748108822
21.224489795918366,0.0320753432999582,-3.4396676654992664,0.33333333333333315,0.5306122448979591,13.961518411326082,1157205.2759668294
21.224489795918366,0.0356297576423598,-3.3345741014543298,0.34343434343434337,0.5306122448979591,13.948375185552083,1142095.3796590818
21.224489795918366,0.0395780527672466,-3.229480537409394,0.3535353535353535,0.5306122448979591,13.935242231003238,1127194.3543615087
21.224489795918366,0.0439638763914761,-3.1243869733644574,0.3636363636363637,0.5306122448979591,13.922120711133111,1112500.4651481162
21.224489795918366,0.048835713033475,-3.019293409319523,0.3737373737373737,0.5306122448979591,13.909011783128264,1098011.9485851754
21.224489795918366,0.0542474200011699,-2.914199845274587,0.3838383838383838,0.5306122448979591,13.89591659745118,1083727.0143118978
21.224489795918366,0.060258822775172,-2.8091062812296523,0.3939393939393938,0.5306122448979591,13.882836297390783,1069643.846606016
21.224489795918366,0.0669363763690749,-2.7040127171847166,0.404040404040404,0.5306122448979591,13.86977201862092,1055760.6059327305
21.224489795918366,0.0743538999780876,-2.5989191531397813,0.4141414141414141,0.5306122448979591,13.856724888767152,1042075.4304755921
21.224489795918366,0.0825933930374168,-2.493825589094845,0.42424242424242425,0.5306122448979591,13.84369602698219,1028586.4376479039
21.224489795918366,0.0917459417117808,-2.38873202504991,0.4343434343434343,0.5306122448979591,13.830686543530302,1015291.7255833921
21.224489795918366,0.101912725837141,-2.283638461004973,0.44444444444444453,0.5306122448979591,13.817697539380973,1002189.3746048585
21.224489795918366,0.113206137446215,-2.1785448969600347,0.4545454545454549,0.5306122448979591,13.804730105812123,989277.4486696856
21.224489795918366,0.125751023242877,-2.0734513329151003,0.46464646464646486,0.5306122448979591,13.791785324023142,976553.9967911056
21.224489795918366,0.139686064760787,-1.9683577688701692,0.47474747474747453,0.5306122448979591,13.778864264757997,964017.0544342193
21.224489795918366,0.155165311463659,-1.8632642048252352,0.48484848484848453,0.5306122448979591,13.765967987938641,951664.6448858163
21.224489795918366,0.172359883735326,-1.7581706407802946,0.49494949494949514,0.5306122448979591,13.753097542308947,939494.7805971537
21.224489795918366,0.19145986458586,-1.6530770767353593,0.5050505050505052,0.5306122448979591,13.740253965089375,927505.4644988853
21.224489795918366,0.212676400986239,-1.5479835126904273,0.5151515151515149,0.5306122448979591,13.727438281642534,915694.6912874117
21.224489795918366,0.236244038061438,-1.442889948645492,0.5252525252525251,0.5306122448979591,13.714651505149835,904060.4486820226
21.224489795918366,0.262423311946047,-1.3377963846005527,0.5353535353535355,0.5306122448979591,13.701894636299352,892600.7186522272
21.224489795918366,0.291503629965987,-1.2327028205556183,0.5454545454545455,0.5306122448979591,13.689168662985066,881313.4786147734
21.224489795918366,0.323806469986239,-1.1276092565106834,0.5555555555555556,0.5306122448979591,13.676474560017557,870196.7025998877
21.224489795918366,0.359688934292802,-1.0225156924657481,0.5656565656565656,0.5306122448979591,13.663813288846283,859248.3623863743
21.224489795918366,0.399547697296443,-0.9174221284208132,0.5757575757575757,0.5306122448979591,13.651185797293532,848466.428605245
21.224489795918366,0.443823390699414,-0.8123285643758777,0.5858585858585857,0.5306122448979591,13.63859301930006,837848.8718115963
21.224489795918366,0.49300547460239,-0.707235000330941,0.5959595959595959,0.5306122448979591,13.626035874682545,827393.6635245837
21.224489795918366,0.547637648400869,-0.6021414362860068,0.606060606060606,0.5306122448979591,13.61351526890282,817098.7772352949
21.224489795918366,0.608323861287565,-0.49704787224107067,0.6161616161616161,0.5306122448979591,13.601032092848957,806962.1893824788
21.224489795918366,0.67573498880583,-0.39195430819613525,0.6262626262626262,0.5306122448979591,13.588587222628178,796981.8802960708
21.224489795918366,0.750616249262273,-0.2868607441511999,0.6363636363636362,0.5306122448979591,13.576181519371582,787155.8351085382
21.224489795918366,0.833795441985706,-0.18176718010626372,0.6464646464646464,0.5306122448979591,13.563815829050695,777482.0446341247
21.224489795918366,0.926192098504948,-0.07667361606132911,0.6565656565656565,0.5306122448979591,13.551490982305756,767958.5062160882
21.224489795918366,1.02882764781018,0.028419947983610284,0.666666666666667,0.5306122448979591,13.539207794285742,758583.2245421113
21.224489795918366,1.142836708073,0.1335135120285407,0.6767676767676766,0.5306122448979591,13.526967064500013,749354.2124280658
21.224489795918366,1.2694796296533,0.23860707607348014,0.686868686868687,0.5306122448979591,13.514769576681537,740269.4915703896
21.224489795918366,1.41015642805352,0.3437006401184105,0.6969696969696967,0.5306122448979591,13.502616098661612,731327.0932673635
21.224489795918366,1.56642226084696,0.44879420416335164,0.7070707070707073,0.5306122448979591,13.490507382255924,722525.0591095653
21.224489795918366,1.74000461967455,0.5538877682082868,0.7171717171717173,0.5306122448979591,13.47844416316192,713861.4416399118
21.224489795918366,1.93282242736499,0.6589813322532224,0.7272727272727274,0.5306122448979591,13.466427160867282,705334.3049836146
21.224489795918366,2.14700725129329,0.7640748962981553,0.7373737373737373,0.5306122448979591,13.454457078569439,696941.7254484998
21.224489795918366,2.38492686748792,0.8691684603430914,0.7474747474747475,0.5306122448979591,13.442534603105925,688681.7920961132
21.224489795918366,2.64921143598352,0.9742620243880249,0.7575757575757573,0.5306122448979591,13.43066040489546,680552.6072840828
21.224489795918366,2.94278257678333,1.0793555884329629,0.7676767676767676,0.5306122448979591,13.418835137889582,672552.2871802213
21.224489795918366,3.26888566786082,1.184449152477898,0.7777777777777777,0.5306122448979591,13.40705943953466,664678.9622488938
21.224489795918366,3.63112572224959,1.289542716522833,0.7878787878787878,0.5306122448979591,13.395333930744103,656930.7777101495
21.224489795918366,4.0335072408363,1.3946362805677694,0.797979797979798,0.5306122448979591,13.383659215880613,649305.8939722045
21.224489795918366,4.48047848142245,1.4997298446127043,0.808080808080808,0.5306122448979591,13.372035882748236,641802.4870378004
21.224489795918366,4.97698063344183,1.6048234086576407,0.8181818181818182,0.5306122448979591,13.360464502594064,634418.7488850382
21.224489795918366,5.52850244195146,1.7099169727025751,0.8282828282828283,0.5306122448979591,13.348945630119362,627152.8878232698
21.224489795918366,6.14114088475497,1.8150105367475111,0.8383838383838383,0.5306122448979591,13.337479803499908,620003.128824648
21.224489795918366,6.8216685734332,1.9201041007924453,0.8484848484848483,0.5306122448979591,13.326067544415341,612967.7138319284
21.224489795918366,7.57760862338904,2.0251976648373815,0.8585858585858586,0.5306122448979591,13.3147093580873,606044.9020431685
21.224489795918366,8.41731782058148,2.1302912288823177,0.8686868686868686,0.5306122448979591,13.303405733326118,599232.9701739063
21.224489795918366,9.35007900434302,2.2353847929272526,0.8787878787878787,0.5306122448979591,13.292157142585864,592530.2126974815
21.224489795918366,10.3862036875563,2.3404783569721936,0.8888888888888893,0.5306122448979591,13.280964042027504,585934.942064101
21.224489795918366,11.5371460486378,2.445571921017128,0.8989898989898993,0.5306122448979591,13.269826871589917,579445.4888992851
21.224489795918366,12.8156295554912,2.550665485062058,0.909090909090909,0.5306122448979591,13.258746055068588,573060.2021823372
21.224489795918366,14.2357876212352,2.6557590491069942,0.919191919191919,0.5306122448979591,13.247722000201689,566777.4494054441
21.224489795918366,15.8133198466305,2.7608526131519304,0.9292929292929293,0.5306122448979591,13.236755098763354,560595.6167140628
21.224489795918366,17.5656655764397,2.865946177196865,0.9393939393939392,0.5306122448979591,13.225845726663884,554513.1090291939
21.224489795918366,19.5121966883548,2.9710397412417997,0.9494949494949493,0.5306122448979591,13.21499424405665,548528.3501521739
21.224489795918366,21.6744317457404,3.0761333052867346,0.9595959595959593,0.5306122448979591,13.204200995451464,542639.78285261
21.224489795918366,24.0762738816144,3.1812268693316703,0.9696969696969694,0.5306122448979591,13.193466309834173,536845.8689400544
21.224489795918366,26.744275043632,3.2863204333766105,0.97979797979798,0.5306122448979591,13.182790500792239,531145.0893200343
21.224489795918366,29.707929521255,3.3914139974215445,0.98989898989899,0.5306122448979591,13.172173866646064,525535.9440350315
21.224489795918366,33.0,3.4965075614664802,1.0,0.5306122448979591,13.161616690585836,520016.9522909986
22.04081632653061,0.001,-6.907755278982137,0.0,0.5510204081632653,14.392302071284902,1780317.133497281
22.04081632653061,0.001110814537795,-6.802661714937222,0.010101010101008117,0.5510204081632653,14.379525176020122,1757714.908556715
22.04081632653061,0.0012339089373767,-6.697568150892323,0.020202020202014698,0.5510204081632653,14.36671998435514,1735350.5279456018
22.04081632653061,0.0013706439859533,-6.592474586847349,0.030303030303028534,0.5510204081632653,14.353887576628136,1713224.0738924155
22.04081632653061,0.0015225312657382,-6.487381022802441,0.04040404040403597,0.5510204081632653,14.341029043232902,1691335.5536489417
22.04081632653061,0.0016912498642295,-6.382287458757476,0.05050505050504887,0.5510204081632653,14.328145484181196,1669684.9003770084
22.04081632653061,0.00187866493623,-6.277193894712534,0.06060606060605963,0.5510204081632653,14.315238008656927,1648271.974090311
22.04081632653061,0.00208684832281,-6.172100330667619,0.07070707070706775,0.5510204081632653,14.302307734562428,1627096.5626491474
22.04081632653061,0.0023181014551505,-6.067006766622687,0.08080808080807748,0.5510204081632653,14.28935578805736,1606158.3828063349
22.04081632653061,0.002574980796465,-5.961913202577741,0.0909090909090886,0.5510204081632653,14.276383303090697,1585457.0813022691
22.04081632653061,0.0028603261032564,-5.856819638532781,0.10101010101010106,0.5510204081632653,14.26339142092619,1564992.2360069952
22.04081632653061,0.0031772918183317,-5.751726074487876,0.11111111111110823,0.5510204081632653,14.25038128966187,1544763.3571072686
22.04081632653061,0.0035293819426201,-5.646632510442922,0.1212121212121201,0.5510204081632653,14.237354063743966,1524769.888336338
22.04081632653061,0.0039204887712936,-5.541538946397998,0.13131313131312908,0.5510204081632653,14.224310903475882,1505011.2082444422
22.04081632653061,0.0043549359224151,-5.436445382353058,0.14141414141413966,0.5510204081632653,14.211252974522546,1485486.6315075269
22.04081632653061,0.0048375261337845,-5.331351818308116,0.15151515151515035,0.5510204081632653,14.198181447410796,1466195.4102721394
22.04081632653061,0.0053735943563712,-5.2262582542631755,0.16161616161616094,0.5510204081632653,14.185097497026202,1447136.7355340703
22.04081632653061,0.0059690667312704,-5.121164690218244,0.17171717171717069,0.5510204081632653,14.172002302106902,1428309.7385485051
22.04081632653061,0.0066305261021638,-5.016071126173304,0.18181818181818118,0.5510204081632653,14.158897044734916,1409713.492269292
22.04081632653061,0.0073652847875129,-4.910977562128371,0.19191919191919102,0.5510204081632653,14.145782909825515,1391347.0128150813
22.04081632653061,0.0081814654169699,-4.80588399808343,0.20202020202020168,0.5510204081632653,14.132661084615101,1373209.2609599016
22.04081632653061,0.0090880907256374,-4.700790434038493,0.21212121212121193,0.5510204081632653,14.11953275814817,1355299.143645918
22.04081632653061,0.0100951832988382,-4.595696869993551,0.22222222222222263,0.5510204081632653,14.106399120763836,1337615.5155159933
22.04081632653061,0.0112138763700549,-4.490603305948624,0.23232323232323193,0.5510204081632653,14.093261363582469,1320157.1804637646
22.04081632653061,0.0124565368968931,-4.385509741903686,0.24242424242424226,0.5510204081632653,14.080120677992921,1302922.8931989188
22.04081632653061,0.013836902275649,-4.280416177858747,0.2525252525252527,0.5510204081632653,14.066978255140894,1285911.360825417
22.04081632653061,0.0153702322058399,-4.175322613813814,0.26262626262626254,0.5510204081632653,14.05383528541892,1269121.2444303962
22.04081632653061,0.0170734773835322,-4.07022904976888,0.2727272727272725,0.5510204081632653,14.040692957958479,1252551.1606815434
22.04081632653061,0.0189654668883421,-3.9651354857239447,0.2828282828282826,0.5510204081632653,14.027552460124726,1236199.6834307502
22.04081632653061,0.0210671163356406,-3.8600419216790063,0.292929292929293,0.5510204081632653,14.014414977014345,1220065.3453219275
22.04081632653061,0.0234016590950486,-3.7549483576340705,0.3030303030303031,0.5510204081632653,14.001281690956981,1204146.639400857
22.04081632653061,0.0259949031313031,-3.649854793589135,0.3131313131313132,0.5510204081632653,13.988153781020731,1188442.020725038
22.04081632653061,0.0288755163068248,-3.5447612295442013,0.32323232323232315,0.5510204081632653,13.97503242252217,1172949.9079715332
22.04081632653061,0.0320753432999582,-3.4396676654992664,0.33333333333333315,0.5510204081632653,13.961918786541341,1157668.6850408567
22.04081632653061,0.0356297576423598,-3.3345741014543298,0.34343434343434337,0.5510204081632653,13.948814039442153,1142596.7026550043
22.04081632653061,0.0395780527672466,-3.229480537409394,0.3535353535353535,0.5510204081632653,13.935719342398645,1127732.279947822
22.04081632653061,0.0439638763914761,-3.1243869733644574,0.3636363636363637,0.5510204081632653,13.922635850927486,1113073.7060458972
22.04081632653061,0.048835713033475,-3.019293409319523,0.3737373737373737,0.5510204081632653,13.909564714427155,1098619.2416383005
22.04081632653061,0.0542474200011699,-2.914199845274587,0.3838383838383838,0.5510204081632653,13.89650707572417,1084367.1205335108
22.04081632653061,0.060258822775172,-2.8091062812296523,0.3939393939393938,0.5510204081632653,13.883464070626749,1070315.5512019545
22.04081632653061,0.0669363763690749,-2.7040127171847166,0.404040404040404,0.5510204081632653,13.870436827486273,1056462.7183026504
22.04081632653061,0.0743538999780876,-2.5989191531397813,0.4141414141414141,0.5510204081632653,13.857426466766876,1042806.7841925072
22.04081632653061,0.0825933930374168,-2.493825589094845,0.42424242424242425,0.5510204081632653,13.844434100623532,1029345.8904169329
22.04081632653061,0.0917459417117808,-2.38873202504991,0.4343434343434343,0.5510204081632653,13.831460832488919,1016078.1591804213
22.04081632653061,0.101912725837141,-2.283638461004973,0.44444444444444453,0.5510204081632653,13.818507756669376,1003001.6947959115
22.04081632653061,0.113206137446215,-2.1785448969600347,0.4545454545454549,0.5510204081632653,13.805575957950257,990114.5851117637
22.04081632653061,0.125751023242877,-2.0734513329151003,0.46464646464646486,0.5510204081632653,13.792666511210914,977414.9029152622
22.04081632653061,0.139686064760787,-1.9683577688701692,0.47474747474747453,0.5510204081632653,13.779780481049594,964900.7073116344
22.04081632653061,0.155165311463659,-1.8632642048252352,0.48484848484848453,0.5510204081632653,13.766918921418466,952570.0450776536
22.04081632653061,0.172359883735326,-1.7581706407802946,0.49494949494949514,0.5510204081632653,13.75408287526901,940420.9519889493
22.04081632653061,0.19145986458586,-1.6530770767353593,0.5050505050505052,0.5510204081632653,13.741273374207962,928451.4541202359
22.04081632653061,0.212676400986239,-1.5479835126904273,0.5151515151515149,0.5510204081632653,13.728491438164008,916659.5691177277
22.04081632653061,0.236244038061438,-1.442889948645492,0.5252525252525251,0.5510204081632653,13.715738075065376,905043.3074430721
22.04081632653061,0.262423311946047,-1.3377963846005527,0.5353535353535355,0.5510204081632653,13.703014280528519,893600.673588241
22.04081632653061,0.291503629965987,-1.2327028205556183,0.5454545454545455,0.5510204081632653,13.690321037557975,882329.667260814
22.04081632653061,0.323806469986239,-1.1276092565106834,0.5555555555555556,0.5510204081632653,13.67765931625756,871228.2845392291
22.04081632653061,0.359688934292802,-1.0225156924657481,0.5656565656565656,0.5510204081632653,13.665030073552977,860294.518997585
22.04081632653061,0.399547697296443,-0.9174221284208132,0.5757575757575757,0.5510204081632653,13.652434252925927,849526.3627996708
22.04081632653061,0.443823390699414,-0.8123285643758777,0.5858585858585857,0.5510204081632653,13.639872784159811,838921.807761948
22.04081632653061,0.49300547460239,-0.707235000330941,0.5959595959595959,0.5510204081632653,13.627346583097054,828478.8463852725
22.04081632653061,0.547637648400869,-0.6021414362860068,0.606060606060606,0.5510204081632653,13.614856551408096,818195.4728551909
22.04081632653061,0.608323861287565,-0.49704787224107067,0.6161616161616161,0.5510204081632653,13.602403576372085,808069.6840107248
22.04081632653061,0.67573498880583,-0.39195430819613525,0.6262626262626262,0.5510204081632653,13.589988530669267,798099.4802815726
22.04081632653061,0.750616249262273,-0.2868607441511999,0.6363636363636362,0.5510204081632653,13.577612272185068,788282.8665937475
22.04081632653061,0.833795441985706,-0.18176718010626372,0.6464646464646464,0.5510204081632653,13.565275643825856,778617.8532436932
22.04081632653061,0.926192098504948,-0.07667361606132911,0.6565656565656565,0.5510204081632653,13.552979473346344,769102.4567409758
22.04081632653061,1.02882764781018,0.028419947983610284,0.666666666666667,0.5510204081632653,13.54072457318858,759734.7006196954
22.04081632653061,1.142836708073,0.1335135120285407,0.6767676767676766,0.5510204081632653,13.528511740332483,750512.6162188014
22.04081632653061,1.2694796296533,0.23860707607348014,0.686868686868687,0.5510204081632653,13.516341756157813,741434.2434315203
22.04081632653061,1.41015642805352,0.3437006401184105,0.6969696969696967,0.5510204081632653,13.504215386317544,732497.6314241943
22.04081632653061,1.56642226084696,0.44879420416335164,0.7070707070707073,0.5510204081632653,13.492133380622487,723700.8393247824
22.04081632653061,1.74000461967455,0.5538877682082868,0.7171717171717173,0.5510204081632653,13.480096472937106,715041.9368814008
22.04081632653061,1.93282242736499,0.6589813322532224,0.7272727272727274,0.5510204081632653,13.468105381086358,706519.0050912322
22.04081632653061,2.14700725129329,0.7640748962981553,0.7373737373737373,0.5510204081632653,13.456160806773472,698130.1368002171
22.04081632653061,2.38492686748792,0.8691684603430914,0.7474747474747475,0.5510204081632653,13.444263435508491,689873.4372739391
22.04081632653061,2.64921143598352,0.9742620243880249,0.7575757575757573,0.5510204081632653,13.432413936547466,681747.0247401606
22.04081632653061,2.94278257678333,1.0793555884329629,0.7676767676767676,0.5510204081632653,13.420612962842105,673749.0309034646
22.04081632653061,3.26888566786082,1.184449152477898,0.7777777777777777,0.5510204081632653,13.40886115099974,665877.6014325074
22.04081632653061,3.63112572224959,1.289542716522833,0.7878787878787878,0.5510204081632653,13.39715912125343,658130.8964203863
22.04081632653061,4.0335072408363,1.3946362805677694,0.797979797979798,0.5510204081632653,13.385507477442017,650507.0908186584
22.04081632653061,4.48047848142245,1.4997298446127043,0.808080808080808,0.5510204081632653,13.373906806999942,643004.3748455422
22.04081632653061,4.97698063344183,1.6048234086576407,0.8181818181818182,0.5510204081632653,13.362357680956645,635620.9543688763
22.04081632653061,5.52850244195146,1.7099169727025751,0.8282828282828283,0.5510204081632653,13.350860653945334,628355.0512644025
22.04081632653061,6.14114088475497,1.8150105367475111,0.8383838383838383,0.5510204081632653,13.339416264220919,621204.903749947
22.04081632653061,6.8216685734332,1.9201041007924453,0.8484848484848483,0.5510204081632653,13.328025033686904,614168.7666961043
22.04081632653061,7.57760862338904,2.0251976648373815,0.8585858585858586,0.5510204081632653,13.316687467931027,607244.9119140143
22.04081632653061,8.41731782058148,2.1302912288823177,0.8686868686868686,0.5510204081632653,13.305404056269419,600431.6284208422
22.04081632653061,9.35007900434302,2.2353847929272526,0.8787878787878787,0.5510204081632653,13.294175271799071,593727.222683575
22.04081632653061,10.3862036875563,2.3404783569721936,0.8888888888888893,0.5510204081632653,13.283001571458371,587130.0188417338
22.04081632653061,11.5371460486378,2.445571921017128,0.8989898989898993,0.5510204081632653,13.271883396095498,580638.358909643
22.04081632653061,12.8156295554912,2.550665485062058,0.909090909090909,0.5510204081632653,13.260821170544435,574250.6029588489
22.04081632653061,14.2357876212352,2.6557590491069942,0.919191919191919,0.5510204081632653,13.24981530370835,567965.1292813128
22.04081632653061,15.8133198466305,2.7608526131519304,0.9292929292929293,0.5510204081632653,13.23886618865017,561780.3345340118
22.04081632653061,17.5656655764397,2.865946177196865,0.9393939393939392,0.5510204081632653,13.227974202690028,555694.6338655233
22.04081632653061,19.5121966883548,2.9710397412417997,0.9494949494949493,0.5510204081632653,13.217139707509428,549706.4610252442
22.04081632653061,21.6744317457404,3.0761333052867346,0.9595959595959593,0.5510204081632653,13.206363049261839,543814.2684558156
22.04081632653061,24.0762738816144,3.1812268693316703,0.9696969696969694,0.5510204081632653,13.19564455868951,538016.5273693822
22.04081632653061,26.744275043632,3.2863204333766105,0.97979797979798,0.5510204081632653,13.184984551246256,532311.7278082557
22.04081632653061,29.707929521255,3.3914139974215445,0.98989898989899,0.5510204081632653,13.174383327225984,526698.3786905921
22.04081632653061,33.0,3.4965075614664802,1.0,0.5510204081632653,13.163841171896735,521175.00784164964
22.857142857142858,0.001,-6.907755278982137,0.0,0.5714285714285714,14.391330944421703,1778589.058929556
22.857142857142858,0.001110814537795,-6.802661714937222,0.010101010101008117,0.5714285714285714,14.378595955347661,1756082.3621427983
22.857142857142858,0.0012339089373767,-6.697568150892323,0.020202020202014698,0.5714285714285714,14.365832764778078,1733811.573780227
22.857142857142858,0.0013706439859533,-6.592474586847349,0.030303030303028534,0.5714285714285714,14.353042442594889,1711776.781585128
22.857142857142858,0.0015225312657382,-6.487381022802441,0.04040404040403597,0.5714285714285714,14.340226068710395,1689977.999404029
22.857142857142858,0.0016912498642295,-6.382287458757476,0.05050505050504887,0.5714285714285714,14.327384732636137,1668415.1680459392
22.857142857142858,0.00187866493623,-6.277193894712534,0.06060606060605963,0.5714285714285714,14.314519533043654,1647088.1561959554
22.857142857142858,0.00208684832281,-6.172100330667619,0.07070707070706775,0.5714285714285714,14.301631577317286,1625996.7613809663
22.857142857142858,0.0023181014551505,-6.067006766622687,0.08080808080807748,0.5714285714285714,14.28872198109963,1605140.710985904
22.857142857142858,0.002574980796465,-5.961913202577741,0.0909090909090886,0.5714285714285714,14.275791867830026,1584519.663318458
22.857142857142858,0.0028603261032564,-5.856819638532781,0.10101010101010106,0.5714285714285714,14.262842368276539,1564133.208720316
22.857142857142858,0.0031772918183317,-5.751726074487876,0.11111111111110823,0.5714285714285714,14.24987462006191,1543980.87072286
22.857142857142858,0.0035293819426201,-5.646632510442922,0.1212121212121201,0.5714285714285714,14.236889767183904,1524062.107245174
22.857142857142858,0.0039204887712936,-5.541538946397998,0.13131313131312908,0.5714285714285714,14.223888959530662,1504376.3118324033
22.857142857142858,0.0043549359224151,-5.436445382353058,0.14141414141413966,0.5714285714285714,14.210873352391372,1484922.81493204
22.857142857142858,0.0048375261337845,-5.331351818308116,0.15151515151515035,0.5714285714285714,14.197844105962917,1465700.885206154
22.857142857142858,0.0053735943563712,-5.2262582542631755,0.16161616161616094,0.5714285714285714,14.184802384852883,1446709.7308771922
22.857142857142858,0.0059690667312704,-5.121164690218244,0.17171717171717069,0.5714285714285714,14.171749357579513,1427948.5011051656
22.857142857142858,0.0066305261021638,-5.016071126173304,0.18181818181818118,0.5714285714285714,14.158686196069056,1409416.2873939285
22.857142857142858,0.0073652847875129,-4.910977562128371,0.19191919191919102,0.5714285714285714,14.145614075151071,1391112.1250242942
22.857142857142858,0.0081814654169699,-4.80588399808343,0.20202020202020168,0.5714285714285714,14.132534172052166,1373034.9945116814
22.857142857142858,0.0090880907256374,-4.700790434038493,0.21212121212121193,0.5714285714285714,14.119447665888694,1355183.8230860338
22.857142857142858,0.0100951832988382,-4.595696869993551,0.22222222222222263,0.5714285714285714,14.106355737158918,1337557.4861917053
22.857142857142858,0.0112138763700549,-4.490603305948624,0.23232323232323193,0.5714285714285714,14.093259567235165,1320154.8090051028
22.857142857142858,0.0124565368968931,-4.385509741903686,0.24242424242424226,0.5714285714285714,14.080160337856462,1302974.5679677676
22.857142857142858,0.013836902275649,-4.280416177858747,0.2525252525252527,0.5714285714285714,14.067059230622174,1286015.4923327363
22.857142857142858,0.0153702322058399,-4.175322613813814,0.26262626262626254,0.5714285714285714,14.053957426487125,1269276.2657219134
22.857142857142858,0.0170734773835322,-4.07022904976888,0.2727272727272725,0.5714285714285714,14.04085610525873,1252755.5276923445
22.857142857142858,0.0189654668883421,-3.9651354857239447,0.2828282828282826,0.5714285714285714,14.027756445096587,1236451.8753091919
22.857142857142858,0.0210671163356406,-3.8600419216790063,0.292929292929293,0.5714285714285714,14.014659622015053,1220363.8647233476
22.857142857142858,0.0234016590950486,-3.7549483576340705,0.3030303030303031,0.5714285714285714,14.001566809389248,1204490.0127516116
22.857142857142858,0.0259949031313031,-3.649854793589135,0.3131313131313132,0.5714285714285714,13.98847917746497,1188828.798457403
22.857142857142858,0.0288755163068248,-3.5447612295442013,0.32323232323232315,0.5714285714285714,13.975397892872982,1173378.6647300527
22.857142857142858,0.0320753432999582,-3.4396676654992664,0.33333333333333315,0.5714285714285714,13.962324118148093,1158138.019860743
22.857142857142858,0.0356297576423598,-3.3345741014543298,0.34343434343434337,0.5714285714285714,13.94925901125352,1143105.2391132507
22.857142857142858,0.0395780527672466,-3.229480537409394,0.3535353535353535,0.5714285714285714,13.936203725110905,1128278.6662876522
22.857142857142858,0.0439638763914761,-3.1243869733644574,0.3636363636363637,0.5714285714285714,13.923159407136424,1113656.615275261
22.857142857142858,0.048835713033475,-3.019293409319523,0.3737373737373737,0.5714285714285714,13.910127198783412,1099237.371603125
22.857142857142858,0.0542474200011699,-2.914199845274587,0.3838383838383838,0.5714285714285714,13.89710823509184,1085019.1939664022
22.857142857142858,0.060258822775172,-2.8091062812296523,0.3939393939393938,0.5714285714285714,13.884103644245078,1071000.3157471176
22.857142857142858,0.0669363763690749,-2.7040127171847166,0.404040404040404,0.5714285714285714,13.871114547134267,1057178.9465177704
22.857142857142858,0.0743538999780876,-2.5989191531397813,0.4141414141414141,0.5714285714285714,13.858142056930648,1043553.2735283482
22.857142857142858,0.0825933930374168,-2.493825589094845,0.42424242424242425,0.5714285714285714,13.845187278666211,1030121.4631754389
22.857142857142858,0.0917459417117808,-2.38873202504991,0.4343434343434343,0.5714285714285714,13.832251308822956,1016881.6624521067
22.857142857142858,0.101912725837141,-2.283638461004973,0.44444444444444453,0.5714285714285714,13.819335234931046,1003832.0003773052
22.857142857142858,0.113206137446215,-2.1785448969600347,0.4545454545454549,0.5714285714285714,13.806440135176206,990970.5894037327
22.857142857142858,0.125751023242877,-2.0734513329151003,0.46464646464646486,0.5714285714285714,13.793567078016569,978295.5268029834
22.857142857142858,0.139686064760787,-1.9683577688701692,0.47474747474747453,0.5714285714285714,13.780717121809243,965804.896027016
22.857142857142858,0.155165311463659,-1.8632642048252352,0.48484848484848453,0.5714285714285714,13.767891314446869,953496.7680450077
22.857142857142858,0.172359883735326,-1.7581706407802946,0.49494949494949514,0.5714285714285714,13.755090693004345,941369.2026547025
22.857142857142858,0.19145986458586,-1.6530770767353593,0.5050505050505052,0.5714285714285714,13.74231628339594,929420.2497674605
22.857142857142858,0.212676400986239,-1.5479835126904273,0.5151515151515149,0.5714285714285714,13.729569100042992,917647.9506662751
22.857142857142858,0.236244038061438,-1.442889948645492,0.5252525252525251,0.5714285714285714,13.71685014555235,906050.3392360976
22.857142857142858,0.262423311946047,-1.3377963846005527,0.5353535353535355,0.5714285714285714,13.704160410405716,894625.4431658599
22.857142857142858,0.291503629965987,-1.2327028205556183,0.5454545454545455,0.5714285714285714,13.691500872660031,883371.2851216623
22.857142857142858,0.323806469986239,-1.1276092565106834,0.5555555555555556,0.5714285714285714,13.678872497659023,872285.8838906767
22.857142857142858,0.359688934292802,-1.0225156924657481,0.5656565656565656,0.5714285714285714,13.666276237756016,861367.2554953184
22.857142857142858,0.399547697296443,-0.9174221284208132,0.5757575757575757,0.5714285714285714,13.653713032048099,850613.4142773853
22.857142857142858,0.443823390699414,-0.8123285643758777,0.5858585858585857,0.5714285714285714,13.641183806121726,840022.3739518397
22.857142857142858,0.49300547460239,-0.707235000330941,0.5959595959595959,0.5714285714285714,13.628689471809798,829592.1486300331
22.857142857142858,0.547637648400869,-0.6021414362860068,0.606060606060606,0.5714285714285714,13.616230926960279,819320.7538121791
22.857142857142858,0.608323861287565,-0.49704787224107067,0.6161616161616161,0.5714285714285714,13.603809055216361,809206.207348969
22.857142857142858,0.67573498880583,-0.39195430819613525,0.6262626262626262,0.5714285714285714,13.591424725808208,799246.5303722627
22.857142857142858,0.750616249262273,-0.2868607441511999,0.6363636363636362,0.5714285714285714,13.579078793356253,789439.7481948293
22.857142857142858,0.833795441985706,-0.18176718010626372,0.6464646464646464,0.5714285714285714,13.566772097686057,779783.8911791861
22.857142857142858,0.926192098504948,-0.07667361606132911,0.6565656565656565,0.5714285714285714,13.55450546365468,770276.9955755952
22.857142857142858,1.02882764781018,0.028419947983610284,0.666666666666667,0.5714285714285714,13.542279700988527,760917.1043293568
22.857142857142858,1.142836708073,0.1335135120285407,0.6767676767676766,0.5714285714285714,13.530095604132619,751702.2678575589
22.857142857142858,1.2694796296533,0.23860707607348014,0.686868686868687,0.5714285714285714,13.517953952111215,742630.5447954872
22.857142857142858,1.41015642805352,0.3437006401184105,0.6969696969696967,0.5714285714285714,13.505855508399696,733700.0027129367
22.857142857142858,1.56642226084696,0.44879420416335164,0.7070707070707073,0.5714285714285714,13.493801020807627,724908.7188007078
22.857142857142858,1.74000461967455,0.5538877682082868,0.7171717171717173,0.5714285714285714,13.481791221372902,716254.7805276037
22.857142857142858,1.93282242736499,0.6589813322532224,0.7272727272727274,0.5714285714285714,13.46982682626683,707736.2862682613
22.857142857142858,2.14700725129329,0.7640748962981553,0.7373737373737373,0.5714285714285714,13.457908535710063,699351.3459021973
22.857142857142858,2.38492686748792,0.8691684603430914,0.7474747474747475,0.5714285714285714,13.446037033899222,691098.0813844828
22.857142857142858,2.64921143598352,0.9742620243880249,0.7575757575757573,0.5714285714285714,13.434212988944074,682974.6272884492
22.857142857142858,2.94278257678333,1.0793555884329629,0.7676767676767676,0.5714285714285714,13.4224370528151,674979.1313208931
22.857142857142858,3.26888566786082,1.184449152477898,0.7777777777777777,0.5714285714285714,13.410709861301317,667109.7548102554
22.857142857142858,3.63112572224959,1.289542716522833,0.7878787878787878,0.5714285714285714,13.399032033978163,659364.6731682628
22.857142857142858,4.0335072408363,1.3946362805677694,0.797979797979798,0.5714285714285714,13.387404174185257,651742.0763255287
22.857142857142858,4.48047848142245,1.4997298446127043,0.808080808080808,0.5714285714285714,13.3758268690139,644240.1691416743
22.857142857142858,4.97698063344183,1.6048234086576407,0.8181818181818182,0.5714285714285714,13.364300689304066,636857.1717904732
22.857142857142858,5.52850244195146,1.7099169727025751,0.8282828282828283,0.5714285714285714,13.352826189650722,629591.320120603
22.857142857142858,6.14114088475497,1.8150105367475111,0.8383838383838383,0.5714285714285714,13.34140390841928,622440.8659925574
22.857142857142858,6.8216685734332,1.9201041007924453,0.8484848484848483,0.5714285714285714,13.33003436776995,615404.0775922904
22.857142857142858,7.57760862338904,2.0251976648373815,0.8585858585858586,0.5714285714285714,13.318718073690796,608479.2397221841
22.857142857142858,8.41731782058148,2.1302912288823177,0.8686868686868686,0.5714285714285714,13.30745551603929,601664.6540699323
22.857142857142858,9.35007900434302,2.2353847929272526,0.8787878787878787,0.5714285714285714,13.296247168592124,594958.6394559179
22.857142857142858,10.3862036875563,2.3404783569721936,0.8888888888888893,0.5714285714285714,13.28509348910307,588359.5320597047
22.857142857142858,11.5371460486378,2.445571921017128,0.8989898989898993,0.5714285714285714,13.27399491936867,581865.6856262337
22.857142857142858,12.8156295554912,2.550665485062058,0.909090909090909,0.5714285714285714,13.26295188530151,575475.4716523293
22.857142857142858,14.2357876212352,2.6557590491069942,0.919191919191919,0.5714285714285714,13.251964797010862,569187.2795541153
22.857142857142858,15.8133198466305,2.7608526131519304,0.9292929292929293,0.5714285714285714,13.241034048890468,562999.5168159518
22.857142857142858,17.5656655764397,2.865946177196865,0.9393939393939392,0.5714285714285714,13.23016001971321,556910.6091214846
22.857142857142858,19.5121966883548,2.9710397412417997,0.9494949494949493,0.5714285714285714,13.219343072732471,550919.0004674135
22.857142857142858,21.6744317457404,3.0761333052867346,0.9595959595959593,0.5714285714285714,13.208583555789911,545023.1532605654
22.857142857142858,24.0762738816144,3.1812268693316703,0.9696969696969694,0.5714285714285714,13.197881801429455,539221.5483988646
22.857142857142858,26.744275043632,3.2863204333766105,0.97979797979798,0.5714285714285714,13.187238127017256,533512.6853367923
22.857142857142858,29.707929521255,3.3914139974215445,0.98989898989899,0.5714285714285714,13.176652834867385,527895.0821358993
22.857142857142858,33.0,3.4965075614664802,1.0,0.5714285714285714,13.166126212373028,522367.2755009537
23.6734693877551,0.001,-6.907755278982137,0.0,0.5918367346938775,14.390324468287002,1776799.852036359
23.6734693877551,0.001110814537795,-6.802661714937222,0.010101010101008117,0.5918367346938775,14.377632654747437,1754391.5414643392
23.6734693877551,0.0012339089373767,-6.697568150892323,0.020202020202014698,0.5918367346938775,14.364912735248323,1732217.1495044932
23.6734693877551,0.0013706439859533,-6.592474586847349,0.030303030303028534,0.5918367346938775,14.352165768880093,1710276.7694817765
23.6734693877551,0.0015225312657382,-6.487381022802441,0.04040404040403597,0.5918367346938775,14.339392824740944,1688570.4219366785
23.6734693877551,0.0016912498642295,-6.382287458757476,0.05050505050504887,0.5918367346938775,14.326594981512528,1667098.0554563603
23.6734693877551,0.00187866493623,-6.277193894712534,0.06060606060605963,0.5918367346938775,14.313773327027489,1645859.547559235
23.6734693877551,0.00208684832281,-6.172100330667619,0.07070707070706775,0.5918367346938775,14.300928957829067,1624854.7056309355
23.6734693877551,0.0023181014551505,-6.067006766622687,0.08080808080807748,0.5918367346938775,14.288062978723312,1604083.2679100581
23.6734693877551,0.002574980796465,-5.961913202577741,0.0909090909090886,0.5918367346938775,14.275176502324328,1583544.9045217806
23.6734693877551,0.0028603261032564,-5.856819638532781,0.10101010101010106,0.5918367346938775,14.262270648592954,1563239.21855738
23.6734693877551,0.0031772918183317,-5.751726074487876,0.11111111111110823,0.5918367346938775,14.249346544369395,1543165.7471977263
23.6734693877551,0.0035293819426201,-5.646632510442922,0.1212121212121201,0.5918367346938775,14.236405322900191,1523323.9628786421
23.6734693877551,0.0039204887712936,-5.541538946397998,0.13131313131312908,0.5918367346938775,14.223448123360141,1503713.274496231
23.6734693877551,0.0043549359224151,-5.436445382353058,0.14141414141413966,0.5918367346938775,14.210476090369472,1484333.0286498158
23.6734693877551,0.0048375261337845,-5.331351818308116,0.15151515151515035,0.5918367346938775,14.197490373506916,1465182.510920578
23.6734693877551,0.0053735943563712,-5.2262582542631755,0.16161616161616094,0.5918367346938775,14.184492126819089,1446260.9471835927
23.6734693877551,0.0059690667312704,-5.121164690218244,0.17171717171717069,0.5918367346938775,14.171482508326696,1427567.5049511145
23.6734693877551,0.0066305261021638,-5.016071126173304,0.18181818181818118,0.5918367346938775,14.158462679528068,1409101.2947449032
23.6734693877551,0.0073652847875129,-4.910977562128371,0.19191919191919102,0.5918367346938775,14.145433804900541,1390861.3714953808
23.6734693877551,0.0081814654169699,-4.80588399808343,0.20202020202020168,0.5918367346938775,14.132397051400162,1372846.7359653714
23.6734693877551,0.0090880907256374,-4.700790434038493,0.21212121212121193,0.5918367346938775,14.119353587960246,1355056.3361962363
23.6734693877551,0.0100951832988382,-4.595696869993551,0.22222222222222263,0.5918367346938775,14.106304584989283,1337489.0689741354
23.6734693877551,0.0112138763700549,-4.490603305948624,0.23232323232323193,0.5918367346938775,14.093251213868713,1320143.7813142692
23.6734693877551,0.0124565368968931,-4.385509741903686,0.24242424242424226,0.5918367346938775,14.080194646451034,1303019.2719608182
23.6734693877551,0.013836902275649,-4.280416177858747,0.2525252525252527,0.5918367346938775,14.0671360545588,1286114.2929004943
23.6734693877551,0.0153702322058399,-4.175322613813814,0.26262626262626254,0.5918367346938775,14.054076609484953,1269427.550887465
23.6734693877551,0.0170734773835322,-4.07022904976888,0.2727272727272725,0.5918367346938775,14.041017481495013,1252957.7089775752
23.6734693877551,0.0189654668883421,-3.9651354857239447,0.2828282828282826,0.5918367346938775,14.027959839331585,1236703.3880697372
23.6734693877551,0.0210671163356406,-3.8600419216790063,0.292929292929293,0.5918367346938775,14.014904849721693,1220663.1684524445
23.6734693877551,0.0234016590950486,-3.7549483576340705,0.3030303030303031,0.5918367346938775,14.001853676887388,1204835.591353369
23.6734693877551,0.0259949031313031,-3.649854793589135,0.3131313131313132,0.5918367346938775,13.988807482060091,1189219.1604900663
23.6734693877551,0.0288755163068248,-3.5447612295442013,0.32323232323232315,0.5918367346938775,13.975767422999157,1173812.3436198537
23.6734693877551,0.0320753432999582,-3.4396676654992664,0.33333333333333315,0.5918367346938775,13.962734653515065,1158613.5740869667
23.6734693877551,0.0356297576423598,-3.3345741014543298,0.34343434343434337,0.5918367346938775,13.949710322997698,1143621.2523651547
23.6734693877551,0.0395780527672466,-3.229480537409394,0.3535353535353535,0.5918367346938775,13.936695575950118,1128833.7475939442
23.6734693877551,0.0439638763914761,-3.1243869733644574,0.3636363636363637,0.5918367346938775,13.923691551528268,1114249.3991068269
23.6734693877551,0.048835713033475,-3.019293409319523,0.3737373737373737,0.5918367346938775,13.910699383086978,1099866.517949717
23.6734693877551,0.0542474200011699,-2.914199845274587,0.3838383838383838,0.5918367346938775,13.897720197732687,1085683.3883880686
23.6734693877551,0.060258822775172,-2.8091062812296523,0.3939393939393938,0.5918367346938775,13.884755115883225,1071698.269401093
23.6734693877551,0.0669363763690749,-2.7040127171847166,0.404040404040404,0.5918367346938775,13.871805250835054,1057909.3961616207
23.6734693877551,0.0743538999780876,-2.5989191531397813,0.4141414141414141,0.5918367346938775,13.858871708338286,1044314.9815001772
23.6734693877551,0.0825933930374168,-2.493825589094845,0.42424242424242425,0.5918367346938775,13.845955586179807,1030913.2173519068
23.6734693877551,0.0917459417117808,-2.38873202504991,0.4343434343434343,0.5918367346938775,13.833057973774853,1017702.2761851039
23.6734693877551,0.101912725837141,-2.283638461004973,0.44444444444444453,0.5918367346938775,13.82017995176731,1004680.3124100901
23.6734693877551,0.113206137446215,-2.1785448969600347,0.4545454545454549,0.5918367346938775,13.807322591639046,991845.4637673302
23.6734693877551,0.125751023242877,-2.0734513329151003,0.46464646464646486,0.5918367346938775,13.794486955328527,979195.8526936735
23.6734693877551,0.139686064760787,-1.9683577688701692,0.47474747474747453,0.5918367346938775,13.781674094858985,966729.5876657428
23.6734693877551,0.155165311463659,-1.8632642048252352,0.48484848484848453,0.5918367346938775,13.768885051976381,954444.7645195067
23.6734693877551,0.172359883735326,-1.7581706407802946,0.49494949494949514,0.5918367346938775,13.756120857797363,942339.4677451702
23.6734693877551,0.19145986458586,-1.6530770767353593,0.5050505050505052,0.5918367346938775,13.743382532467448,930411.7717565786
23.6734693877551,0.212676400986239,-1.5479835126904273,0.5151515151515149,0.5918367346938775,13.730671084829615,918659.7421343961
23.6734693877551,0.236244038061438,-1.442889948645492,0.5252525252525251,0.5918367346938775,13.71798751210346,907081.4368423778
23.6734693877551,0.262423311946047,-1.3377963846005527,0.5353535353535355,0.5918367346938775,13.705332799575107,895674.9074161419
23.6734693877551,0.291503629965987,-1.2327028205556183,0.5454545454545455,0.5918367346938775,13.692707920297982,884438.200123881
23.6734693877551,0.323806469986239,-1.1276092565106834,0.5555555555555556,0.5918367346938775,13.680113834804601,873369.357098554
23.6734693877551,0.359688934292802,-1.0225156924657481,0.5656565656565656,0.5918367346938775,13.667551490829444,862466.4174411031
23.6734693877551,0.399547697296443,-0.9174221284208132,0.5757575757575757,0.5918367346938775,13.655021823043072,851727.4182943894
23.6734693877551,0.443823390699414,-0.8123285643758777,0.5858585858585857,0.5918367346938775,13.642525752797477,841150.395887484
23.6734693877551,0.49300547460239,-0.707235000330941,0.5959595959595959,0.5918367346938775,13.630064187882812,830733.3865501272
23.6734693877551,0.547637648400869,-0.6021414362860068,0.606060606060606,0.5918367346938775,13.617638022295491,820474.4276971334
23.6734693877551,0.608323861287565,-0.49704787224107067,0.6161616161616161,0.5918367346938775,13.605248136017703,810371.5587826135
23.6734693877551,0.67573498880583,-0.39195430819613525,0.6262626262626262,0.5918367346938775,13.592895394808371,800422.8222239362
23.6734693877551,0.750616249262273,-0.2868607441511999,0.6363636363636362,0.5918367346938775,13.580580650005546,790626.2642953967
23.6734693877551,0.833795441985706,-0.18176718010626372,0.6464646464646464,0.5918367346938775,13.56830473834022,780979.9359915965
23.6734693877551,0.926192098504948,-0.07667361606132911,0.6565656565656565,0.5918367346938775,13.556068481761542,771481.893860598
23.6734693877551,1.02882764781018,0.028419947983610284,0.666666666666667,0.5918367346938775,13.543872687273401,762130.2008069756
23.6734693877551,1.142836708073,0.1335135120285407,0.6767676767676766,0.5918367346938775,13.531718146782296,752922.9268648704
23.6734693877551,1.2694796296533,0.23860707607348014,0.686868686868687,0.5918367346938775,13.519605636956472,743858.1499412763
23.6734693877551,1.41015642805352,0.3437006401184105,0.6969696969696967,0.5918367346938775,13.507535919096211,734933.9565297575
23.6734693877551,1.56642226084696,0.44879420416335164,0.7070707070707073,0.5918367346938775,13.495509739015203,726148.4423948551
23.6734693877551,1.74000461967455,0.5538877682082868,0.7171717171717173,0.5918367346938775,13.483527826932892,717499.7132274898
23.6734693877551,1.93282242736499,0.6589813322532224,0.7272727272727274,0.5918367346938775,13.471590897377702,708985.8852716765
23.6734693877551,2.14700725129329,0.7640748962981553,0.7373737373737373,0.5918367346938775,13.459699649100987,700605.0859228978
23.6734693877551,2.38492686748792,0.8691684603430914,0.7474747474747475,0.5918367346938775,13.447854765001628,692355.4542985432
23.6734693877551,2.64921143598352,0.9742620243880249,0.7575757575757573,0.5918367346938775,13.43605691206108,684235.1417807896
23.6734693877551,2.94278257678333,1.0793555884329629,0.7676767676767676,0.5918367346938775,13.42430674128876,676242.3125323813
23.6734693877551,3.26888566786082,1.184449152477898,0.7777777777777777,0.5918367346938775,13.412604887677606,668375.1439857514
23.6734693877551,3.63112572224959,1.289542716522833,0.7878787878787878,0.5918367346938775,13.400951970169636,660631.8273059585
23.6734693877551,4.0335072408363,1.3946362805677694,0.797979797979798,0.5918367346938775,13.389348591631336,653010.5678279287
23.6734693877551,4.48047848142245,1.4997298446127043,0.808080808080808,0.5918367346938775,13.377795338838718,645509.5854685297
23.6734693877551,4.97698063344183,1.6048234086576407,0.8181818181818182,0.5918367346938775,13.366292782471819,638127.1151139662
23.6734693877551,5.52850244195146,1.7099169727025751,0.8282828282828283,0.5918367346938775,13.354841477118493,630861.4069830684
23.6734693877551,6.14114088475497,1.8150105367475111,0.8383838383838383,0.5918367346938775,13.34344196128728,623710.726967006
23.6734693877551,6.8216685734332,1.9201041007924453,0.8484848484848483,0.5918367346938775,13.332094757429125,616673.3569459735
23.6734693877551,7.57760862338904,2.0251976648373815,0.8585858585858586,0.5918367346938775,13.3208003719678,609747.5950834469
23.6734693877551,8.41731782058148,2.1302912288823177,0.8686868686868686,0.5918367346938775,13.30955929533874,602931.7560985468
23.6734693877551,9.35007900434302,2.2353847929272526,0.8787878787878787,0.5918367346938775,13.298372002036146,596224.1715171197
23.6734693877551,10.3862036875563,2.3404783569721936,0.8888888888888893,0.5918367346938775,13.287238950668094,589623.1899021012
23.6734693877551,11.5371460486378,2.445571921017128,0.8989898989898993,0.5918367346938775,13.276160584019449,583127.1770637585
23.6734693877551,12.8156295554912,2.550665485062058,0.909090909090909,0.5918367346938775,13.26513732912234,576734.5162503925
23.6734693877551,14.2357876212352,2.6557590491069942,0.919191919191919,0.5918367346938775,13.254169597333993,570443.6083201
23.6734693877551,15.8133198466305,2.7608526131519304,0.9292929292929293,0.5918367346938775,13.24325778442168,564252.8718941741
23.6734693877551,17.5656655764397,2.865946177196865,0.9393939393939392,0.5918367346938775,13.232402270654552,558160.7434927417
23.6734693877551,19.5121966883548,2.9710397412417997,0.9494949494949493,0.5918367346938775,13.221603420902138,552165.6776532115
23.6734693877551,21.6744317457404,3.0761333052867346,0.9595959595959593,0.5918367346938775,13.210861584739261,546266.1470321225
23.6734693877551,24.0762738816144,3.1812268693316703,0.9696969696969694,0.5918367346938775,13.200177096557166,540460.642490976
23.6734693877551,26.744275043632,3.2863204333766105,0.97979797979798,0.5918367346938775,13.189550275680602,534747.6731666118
23.6734693877551,29.707929521255,3.3914139974215445,0.98989898989899,0.5918367346938775,13.17898142649064,529125.7665267015
23.6734693877551,33.0,3.4965075614664802,1.0,0.5918367346938775,13.168470838552999,523593.4684109263
24.489795918367346,0.001,-6.907755278982137,0.0,0.6122448979591837,14.38928376337446,1774951.6895644292
24.489795918367346,0.001110814537795,-6.802661714937222,0.010101010101008117,0.6122448979591837,14.376636366660636,1752644.5324786187
24.489795918367346,0.0012339089373767,-6.697568150892323,0.020202020202014698,0.6122448979591837,14.36396096009596,1730569.2526011611
24.489795918367346,0.0013706439859533,-6.592474586847349,0.030303030303028534,0.6122448979591837,14.351258591655071,1708725.948888936
24.489795918367346,0.0015225312657382,-6.487381022802441,0.04040404040403597,0.6122448979591837,14.338530319300231,1687114.6486571657
24.489795918367346,0.0016912498642295,-6.382287458757476,0.05050505050504887,0.6122448979591837,14.32577721056406,1665735.3083817903
24.489795918367346,0.00187866493623,-6.277193894712534,0.06060606060605963,0.6122448979591837,14.31300034212411,1644587.8145544177
24.489795918367346,0.00208684832281,-6.172100330667619,0.07070707070706775,0.6122448979591837,14.30020079936948,1623671.9845878545
24.489795918367346,0.0023181014551505,-6.067006766622687,0.08080808080807748,0.6122448979591837,14.28737967596004,1602987.5677706744
24.489795918367346,0.002574980796465,-5.961913202577741,0.0909090909090886,0.6122448979591837,14.274538073378626,1582534.2462689837
24.489795918367346,0.0028603261032564,-5.856819638532781,0.10101010101010106,0.6122448979591837,14.261677100476664,1562311.6361735144
24.489795918367346,0.0031772918183317,-5.751726074487876,0.11111111111110823,0.6122448979591837,14.248797873013665,1542319.2885901255
24.489795918367346,0.0035293819426201,-5.646632510442922,0.1212121212121201,0.6122448979591837,14.23590151319102,1522556.690771729
24.489795918367346,0.0039204887712936,-5.541538946397998,0.13131313131312908,0.6122448979591837,14.222989149180679,1503023.2672897808
24.489795918367346,0.0043549359224151,-5.436445382353058,0.14141414141413966,0.6122448979591837,14.210061914649005,1483718.3812430648
24.489795918367346,0.0048375261337845,-5.331351818308116,0.15151515151515035,0.6122448979591837,14.197120948276465,1464641.3355019102
24.489795918367346,0.0053735943563712,-5.2262582542631755,0.16161616161616094,0.6122448979591837,14.184167393273512,1445791.373985595
24.489795918367346,0.0059690667312704,-5.121164690218244,0.17171717171717069,0.6122448979591837,14.171202396893225,1427167.682970895
24.489795918367346,0.0066305261021638,-5.016071126173304,0.18181818181818118,0.6122448979591837,14.158227109941166,1408769.3924295777
24.489795918367346,0.0073652847875129,-4.910977562128371,0.19191919191919102,0.6122448979591837,14.145242686282971,1390595.5773927388
24.489795918367346,0.0081814654169699,-4.80588399808343,0.20202020202020168,0.6122448979591837,14.132250282350155,1372645.259339757
24.489795918367346,0.0090880907256374,-4.700790434038493,0.21212121212121193,0.6122448979591837,14.119251056644647,1354917.4076097617
24.489795918367346,0.0100951832988382,-4.595696869993551,0.22222222222222263,0.6122448979591837,14.106246169242542,1337410.9408333923
24.489795918367346,0.0112138763700549,-4.490603305948624,0.23232323232323193,0.6122448979591837,14.093236781297595,1320124.7283827504
24.489795918367346,0.0124565368968931,-4.385509741903686,0.24242424242424226,0.6122448979591837,14.080224054544901,1303057.591837334
24.489795918367346,0.013836902275649,-4.280416177858747,0.2525252525252527,0.6122448979591837,14.067209150805324,1286208.3064638837
24.489795918367346,0.0153702322058399,-4.175322613813814,0.26262626262626254,0.6122448979591837,14.054193231491112,1269575.602708005
24.489795918367346,0.0170734773835322,-4.07022904976888,0.2727272727272725,0.6122448979591837,14.0411774571132,1253158.1676954573
24.489795918367346,0.0189654668883421,-3.9651354857239447,0.2828282828282826,0.6122448979591837,14.028162986790692,1236954.646741109
24.489795918367346,0.0210671163356406,-3.8600419216790063,0.292929292929293,0.6122448979591837,14.015150977762996,1220963.6448635042
24.489795918367346,0.0234016590950486,-3.7549483576340705,0.3030303030303031,0.6122448979591837,14.002142584905052,1205183.7283030343
24.489795918367346,0.0259949031313031,-3.649854793589135,0.3131313131313132,0.6122448979591837,13.989138960246155,1189613.426041823
24.489795918367346,0.0288755163068248,-3.5447612295442013,0.32323232323232315,0.6122448979591837,13.976141252492791,1174251.231323364
24.489795918367346,0.0320753432999582,-3.4396676654992664,0.33333333333333315,0.6122448979591837,13.96315060655594,1159095.6031700887
24.489795918367346,0.0356297576423598,-3.3345741014543298,0.34343434343434337,0.6122448979591837,13.950168163083282,1144144.967897047
24.489795918367346,0.0395780527672466,-3.229480537409394,0.3535353535353535,0.6122448979591837,13.937195057996727,1129397.7206199488
24.489795918367346,0.0439638763914761,-3.1243869733644574,0.3636363636363637,0.6122448979591837,13.924232422035667,1114852.2267558426
24.489795918367346,0.048835713033475,-3.019293409319523,0.3737373737373737,0.6122448979591837,13.911281380306365,1100506.8235148157
24.489795918367346,0.0542474200011699,-2.914199845274587,0.3838383838383838,0.6122448979591837,13.898343051837857,1086359.8213811065
24.489795918367346,0.060258822775172,-2.8091062812296523,0.3939393939393938,0.6122448979591837,13.885418549144749,1072409.5055821138
24.489795918367346,0.0669363763690749,-2.7040127171847166,0.404040404040404,0.6122448979591837,13.87250897779725,1058654.1375438196
24.489795918367346,0.0743538999780876,-2.5989191531397813,0.4141414141414141,0.6122448979591837,13.859615435998824,1045091.9563312557
24.489795918367346,0.0825933930374168,-2.493825589094845,0.42424242424242425,0.6122448979591837,13.846739014171748,1031721.1800726234
24.489795918367346,0.0917459417117808,-2.38873202504991,0.4343434343434343,0.6122448979591837,13.833880794550922,1018540.0073658472
24.489795918367346,0.101912725837141,-2.283638461004973,0.44444444444444453,0.6122448979591837,13.821041850786242,1005546.6186663241
24.489795918367346,0.113206137446215,-2.1785448969600347,0.4545454545454549,0.6122448979591837,13.808223247553785,992739.1776547151
24.489795918367346,0.125751023242877,-2.0734513329151003,0.46464646464646486,0.6122448979591837,13.795426040176121,980115.8325837435
24.489795918367346,0.139686064760787,-1.9683577688701692,0.47474747474747453,0.6122448979591837,13.782651274251977,967674.7176029474
24.489795918367346,0.155165311463659,-1.8632642048252352,0.48484848484848453,0.6122448979591837,13.769899985295513,955413.9540604714
24.489795918367346,0.172359883735326,-1.7581706407802946,0.49494949494949514,0.6122448979591837,13.757173198385429,943331.6517810168
24.489795918367346,0.19145986458586,-1.6530770767353593,0.5050505050505052,0.6122448979591837,13.744471927824101,931425.9103191289
24.489795918367346,0.212676400986239,-1.5479835126904273,0.5151515151515149,0.6122448979591837,13.731797176806957,919694.8201870862
24.489795918367346,0.236244038061438,-1.442889948645492,0.5252525252525251,0.6122448979591837,13.719149937102252,908136.4640567093
24.489795918367346,0.262423311946047,-1.3377963846005527,0.5353535353535355,0.6122448979591837,13.70653118874142,896748.917934478
24.489795918367346,0.291503629965987,-1.2327028205556183,0.5454545454545455,0.6122448979591837,13.69394189972013,885530.252309385
24.489795918367346,0.323806469986239,-1.1276092565106834,0.5555555555555556,0.6122448979591837,13.681383025710174,874478.5332730536
24.489795918367346,0.359688934292802,-1.0225156924657481,0.5656565656565656,0.6122448979591837,13.668855509782324,863591.8236116803
24.489795918367346,0.399547697296443,-0.9174221284208132,0.5757575757575757,0.6122448979591837,13.65636028214023,852868.1838694318
24.489795918367346,0.443823390699414,-0.8123285643758777,0.5858585858585857,0.6122448979591837,13.643898259865434,842305.6733829617
24.489795918367346,0.49300547460239,-0.707235000330941,0.5959595959595959,0.6122448979591837,13.631470346673602,831902.3512868329
24.489795918367346,0.547637648400869,-0.6021414362860068,0.606060606060606,0.6122448979591837,13.619077432681976,821656.277489583
24.489795918367346,0.608323861287565,-0.49704787224107067,0.6161616161616161,0.6122448979591837,13.606720394188129,811565.5136203313
24.489795918367346,0.67573498880583,-0.39195430819613525,0.6262626262626262,0.6122448979591837,13.594400093459996,801628.1239457916
24.489795918367346,0.750616249262273,-0.2868607441511999,0.6363636363636362,0.6122448979591837,13.58211737853724,791842.1762576645
24.489795918367346,0.833795441985706,-0.18176718010626372,0.6464646464646464,0.6122448979591837,13.5698730830439,782205.742730382
24.489795918367346,0.926192098504948,-0.07667361606132911,0.6565656565656565,0.6122448979591837,13.557668026012315,772716.9007492644
24.489795918367346,1.02882764781018,0.028419947983610284,0.666666666666667,0.6122448979591837,13.545503011718305,763373.7337091564
24.489795918367346,1.142836708073,0.1335135120285407,0.6767676767676766,0.6122448979591837,13.533378829527544,754174.3317836939
24.489795918367346,1.2694796296533,0.23860707607348014,0.686868686868687,0.6122448979591837,13.52129625375306,745116.7926653256
24.489795918367346,1.41015642805352,0.3437006401184105,0.6969696969696967,0.6122448979591837,13.509256043523822,736199.2222763483
24.489795918367346,1.56642226084696,0.44879420416335164,0.7070707070707073,0.6122448979591837,13.49725894266428,727419.7354511406
24.489795918367346,1.74000461967455,0.5538877682082868,0.7171717171717173,0.6122448979591837,13.485305679584814,718776.4565899005
24.489795918367346,1.93282242736499,0.6589813322532224,0.7272727272727274,0.6122448979591837,13.473396967182955,710267.520284186
24.489795918367346,2.14700725129329,0.7640748962981553,0.7373737373737373,0.6122448979591837,13.46153350275527,701891.0719145822
24.489795918367346,2.38492686748792,0.8691684603430914,0.7474747474747475,0.6122448979591837,13.44971596791978,693645.2682208653
24.489795918367346,2.64921143598352,0.9742620243880249,0.7575757575757573,0.6122448979591837,13.437945028548793,685528.277845053
24.489795918367346,2.94278257678333,1.0793555884329629,0.7676767676767676,0.6122448979591837,13.426221334711984,677538.2818477431
24.489795918367346,3.26888566786082,1.184449152477898,0.7777777777777777,0.6122448979591837,13.41454552062959,669673.474198188
24.489795918367346,3.63112572224959,1.289542716522833,0.7878787878787878,0.6122448979591837,13.402918204635533,661932.0622385442
24.489795918367346,4.0335072408363,1.3946362805677694,0.797979797979798,0.6122448979591837,13.39133998915034,654312.2671227831
24.489795918367346,4.48047848142245,1.4997298446127043,0.808080808080808,0.6122448979591837,13.37981146066365,646812.3242307456
24.489795918367346,4.97698063344183,1.6048234086576407,0.8181818181818182,0.6122448979591837,13.368333189726126,639430.4835578403
24.489795918367346,5.52850244195146,1.7099169727025751,0.8282828282828283,0.6122448979591837,13.35690573095064,632165.0100809289
24.489795918367346,6.14114088475497,1.8150105367475111,0.8383838383838383,0.6122448979591837,13.345529623022435,625014.1841008835
24.489795918367346,6.8216685734332,1.9201041007924453,0.8484848484848483,0.6122448979591837,13.334205388718164,617976.3015624053
24.489795918367346,7.57760862338904,2.0251976648373815,0.8585858585858586,0.6122448979591837,13.322933534933556,611049.6743516274
24.489795918367346,8.41731782058148,2.1302912288823177,0.8686868686868686,0.6122448979591837,13.31171455271948,604232.6305720541
24.489795918367346,9.35007900434302,2.2353847929272526,0.8787878787878787,0.6122448979591837,13.300548917326253,597523.5147994282
24.489795918367346,10.3862036875563,2.3404783569721936,0.8888888888888893,0.6122448979591837,13.289437088255918,590920.6883160558
24.489795918367346,11.5371460486378,2.445571921017128,0.8989898989898993,0.6122448979591837,13.278379509322317,584422.5293252037
24.489795918367346,12.8156295554912,2.550665485062058,0.909090909090909,0.6122448979591837,13.267376608718699,578027.4331460966
24.489795918367346,14.2357876212352,2.6557590491069942,0.919191919191919,0.6122448979591837,13.256428799092681,571733.8123901354
24.489795918367346,15.8133198466305,2.7608526131519304,0.9292929292929293,0.6122448979591837,13.245536477628299,565540.0971188756
24.489795918367346,17.5656655764397,2.865946177196865,0.9393939393939392,0.6122448979591837,13.234700026134949,559444.7349843659
24.489795918367346,19.5121966883548,2.9710397412417997,0.9494949494949493,0.6122448979591837,13.223919811142968,553446.1913523998
24.489795918367346,21.6744317457404,3.0761333052867346,0.9595959595959593,0.6122448979591837,13.21319618400565,547542.9494092645
24.489795918367346,24.0762738816144,3.1812268693316703,0.9696969696969694,0.6122448979591837,13.202529481007446,541733.5102525511
24.489795918367346,26.744275043632,3.2863204333766105,0.97979797979798,0.6122448979591837,13.191920023478135,536016.3929665801
24.489795918367346,29.707929521255,3.3914139974215445,0.98989898989899,0.6122448979591837,13.181368117912736,530390.1346830127
24.489795918367346,33.0,3.4965075614664802,1.0,0.6122448979591837,13.170874056096906,524853.2906271758
25.306122448979593,0.001,-6.907755278982137,0.0,0.6326530612244898,14.38820993364011,1773046.716654473
25.306122448979593,0.001110814537795,-6.802661714937222,0.010101010101008117,0.6326530612244898,14.37560816611806,1750843.3885466454
25.306122448979593,0.0012339089373767,-6.697568150892323,0.020202020202014698,0.6326530612244898,14.362978485387414,1728869.8470272867
25.306122448979593,0.0013706439859533,-6.592474586847349,0.030303030303028534,0.6326530612244898,14.350321927994212,1707126.1967180679
25.306122448979593,0.0015225312657382,-6.487381022802441,0.04040404040403597,0.6326530612244898,14.337639540454186,1685612.4717703152
25.306122448979593,0.0016912498642295,-6.382287458757476,0.05050505050504887,0.6326530612244898,14.32493237884276,1664328.6366381007
25.306122448979593,0.00187866493623,-6.277193894712534,0.06060606060605963,0.6326530612244898,14.312201508376916,1643274.586903046
25.306122448979593,0.00208684832281,-6.172100330667619,0.07070707070706775,0.6326530612244898,14.29944800298904,1622450.1501488092
25.306122448979593,0.0023181014551505,-6.067006766622687,0.08080808080807748,0.6326530612244898,14.286672944893372,1601855.0868838977
25.306122448979593,0.002574980796465,-5.961913202577741,0.0909090909090886,0.6326530612244898,14.273877424145383,1581489.0915109636
25.306122448979593,0.0028603261032564,-5.856819638532781,0.10101010101010106,0.6326530612244898,14.261062538194524,1561351.7933407852
25.306122448979593,0.0031772918183317,-5.751726074487876,0.11111111111110823,0.6326530612244898,14.248229391430815,1541442.7576491425
25.306122448979593,0.0035293819426201,-5.646632510442922,0.1212121212121201,0.6326530612244898,14.23537909472565,1521761.4867746073
25.306122448979593,0.0039204887712936,-5.541538946397998,0.13131313131312908,0.6326530612244898,14.222512764967409,1502307.4212554793
25.306122448979593,0.0043549359224151,-5.436445382353058,0.14141414141413966,0.6326530612244898,14.2096315245922,1483079.9410037005
25.306122448979593,0.0048375261337845,-5.331351818308116,0.15151515151515035,0.6326530612244898,14.196736501110308,1464078.36651389
25.306122448979593,0.0053735943563712,-5.2262582542631755,0.16161616161616094,0.6326530612244898,14.183828826628769,1445301.9601053894
25.306122448979593,0.0059690667312704,-5.121164690218244,0.17171717171717069,0.6326530612244898,14.170909637370585,1426749.9271952752
25.306122448979593,0.0066305261021638,-5.016071126173304,0.18181818181818118,0.6326530612244898,14.157980073191053,1408421.4176002694
25.306122448979593,0.0073652847875129,-4.910977562128371,0.19191919191919102,0.6326530612244898,14.14504127709171,1390315.526865447
25.306122448979593,0.0081814654169699,-4.80588399808343,0.20202020202020168,0.6326530612244898,14.13209439473236,1372431.297617625
25.306122448979593,0.0090880907256374,-4.700790434038493,0.21212121212121193,0.6326530612244898,14.119140573941706,1354767.7209413545
25.306122448979593,0.0100951832988382,-4.595696869993551,0.22222222222222263,0.6326530612244898,14.106180964227079,1337323.7377753835
25.306122448979593,0.0112138763700549,-4.490603305948624,0.23232323232323193,0.6326530612244898,14.093216716283727,1320098.2403275112
25.306122448979593,0.0124565368968931,-4.385509741903686,0.24242424242424226,0.6326530612244898,14.080248981504177,1303090.073505692
25.306122448979593,0.013836902275649,-4.280416177858747,0.2525252525252527,0.6326530612244898,14.067278911488174,1286298.036363403
25.306122448979593,0.0153702322058399,-4.175322613813814,0.26262626262626254,0.6326530612244898,14.054307657553654,1269720.8835571213
25.306122448979593,0.0170734773835322,-4.07022904976888,0.2727272727272725,0.6326530612244898,14.041336370249233,1253357.3268139125
25.306122448979593,0.0189654668883421,-3.9651354857239447,0.2828282828282826,0.6326530612244898,14.028366198868724,1237206.0364071482
25.306122448979593,0.0210671163356406,-3.8600419216790063,0.292929292929293,0.6326530612244898,14.015398290968099,1221265.6426383087
25.306122448979593,0.0234016590950486,-3.7549483576340705,0.3030303030303031,0.6326530612244898,14.00243379188541,1205534.737322989
25.306122448979593,0.0259949031313031,-3.649854793589135,0.3131313131313132,0.6326530612244898,13.989473844264099,1190011.875279153
25.306122448979593,0.0288755163068248,-3.5447612295442013,0.32323232323232315,0.6326530612244898,13.976519587580134,1174695.5758157843
25.306122448979593,0.0320753432999582,-3.4396676654992664,0.33333333333333315,0.6326530612244898,13.963572157673445,1159584.3242201149
25.306122448979593,0.0356297576423598,-3.3345741014543298,0.34343434343434337,0.6326530612244898,13.950632686284061,1144676.5732416394
25.306122448979593,0.0395780527672466,-3.229480537409394,0.3535353535353535,0.6326530612244898,13.937702300593381,1129970.7445712038
25.306122448979593,0.0439638763914761,-3.1243869733644574,0.3636363636363637,0.6326530612244898,13.924782122770983,1115465.2303134766
25.306122448979593,0.048835713033475,-3.019293409319523,0.3737373737373737,0.6326530612244898,13.911873269527362,1101158.3944511726
25.306122448979593,0.0542474200011699,-2.914199845274587,0.3838383838383838,0.6326530612244898,13.898976851673003,1087048.574299494
25.306122448979593,0.060258822775172,-2.8091062812296523,0.3939393939393938,0.6326530612244898,13.886093973684135,1073134.0819492384
25.306122448979593,0.0669363763690749,-2.7040127171847166,0.404040404040404,0.6326530612244898,13.873225733275547,1059413.2056971581
25.306122448979593,0.0743538999780876,-2.5989191531397813,0.4141414141414141,0.6326530612244898,13.860373220980804,1045884.2114621598
25.306122448979593,0.0825933930374168,-2.493825589094845,0.42424242424242425,0.6326530612244898,13.847537519740193,1032545.3441860201
25.306122448979593,0.0917459417117808,-2.38873202504991,0.4343434343434343,0.6326530612244898,13.834719704496713,1019394.8292173564
25.306122448979593,0.101912725837141,-2.283638461004973,0.44444444444444453,0.6326530612244898,13.821920841800434,1006430.8736776542
25.306122448979593,0.113206137446215,-2.1785448969600347,0.4545454545454549,0.6326530612244898,13.809141989421494,993651.6678082104
25.306122448979593,0.125751023242877,-2.0734513329151003,0.46464646464646486,0.6326530612244898,13.796384195972006,981055.3862969098
25.306122448979593,0.139686064760787,-1.9683577688701692,0.47474747474747453,0.6326530612244898,13.783648500537142,968640.1895838386
25.306122448979593,0.155165311463659,-1.8632642048252352,0.48484848484848453,0.6326530612244898,13.770935932315645,956404.2251447998
25.306122448979593,0.172359883735326,-1.7581706407802946,0.49494949494949514,0.6326530612244898,13.758247510269975,944345.6287518255
25.306122448979593,0.19145986458586,-1.6530770767353593,0.5050505050505052,0.6326530612244898,13.745584242786318,932462.5257098994
25.306122448979593,0.212676400986239,-1.5479835126904273,0.5151515151515149,0.6326530612244898,13.732947127344636,920753.0320691082
25.306122448979593,0.236244038061438,-1.442889948645492,0.5252525252525251,0.6326530612244898,13.720337150198961,909215.2558115764
25.306122448979593,0.262423311946047,-1.3377963846005527,0.5353535353535355,0.6326530612244898,13.707755286068082,897847.298012514
25.306122448979593,0.291503629965987,-1.2327028205556183,0.5454545454545455,0.6326530612244898,13.695202497836759,886647.2539748419
25.306122448979593,0.323806469986239,-1.1276092565106834,0.5555555555555556,0.6326530612244898,13.68267973626763,875613.214336882
25.306122448979593,0.359688934292802,-1.0225156924657481,0.5656565656565656,0.6326530612244898,13.670187939723903,864743.266152669
25.306122448979593,0.399547697296443,-0.9174221284208132,0.5757575757575757,0.6326530612244898,13.657728033902927,854035.4939444953
25.306122448979593,0.443823390699414,-0.8123285643758777,0.5858585858585857,0.6326530612244898,13.645300931580755,843487.9807273573
25.306122448979593,0.49300547460239,-0.707235000330941,0.5959595959595959,0.6326530612244898,13.632907532367748,833098.809005046
25.306122448979593,0.547637648400869,-0.6021414362860068,0.606060606060606,0.6326530612244898,13.620548722475268,822866.0617376216
25.306122448979593,0.608323861287565,-0.49704787224107067,0.6161616161616161,0.6326530612244898,13.608225374493534,812787.8232801514
25.306122448979593,0.67573498880583,-0.39195430819613525,0.6262626262626262,0.6326530612244898,13.59593834718062,802862.1802925544
25.306122448979593,0.750616249262273,-0.2868607441511999,0.6363636363636362,0.6326530612244898,13.583688485262654,793087.2226205018
25.306122448979593,0.833795441985706,-0.18176718010626372,0.6464646464646464,0.6326530612244898,13.57147661924516,783461.0441473342
25.306122448979593,0.926192098504948,-0.07667361606132911,0.6565656565656565,0.6326530612244898,13.559303565235602,773981.7436170438
25.306122448979593,1.02882764781018,0.028419947983610284,0.666666666666667,0.6326530612244898,13.547170124777013,764647.425428353
25.306122448979593,1.142836708073,0.1335135120285407,0.6767676767676766,0.6326530612244898,13.535077084692743,755456.2004000217
25.306122448979593,1.2694796296533,0.23860707607348014,0.686868686868687,0.6326530612244898,13.523025216942212,746406.186507507
25.306122448979593,1.41015642805352,0.3437006401184105,0.6969696969696967,0.6326530612244898,13.511015278487655,737495.5095911832
25.306122448979593,1.56642226084696,0.44879420416335164,0.7070707070707073,0.6326530612244898,13.499048011171725,728722.304036313
25.306122448979593,1.74000461967455,0.5538877682082868,0.7171717171717173,0.6326530612244898,13.487124141605914,720084.7134250423
25.306122448979593,1.93282242736499,0.6589813322532224,0.7272727272727274,0.6326530612244898,13.475244381069649,711580.8911606865
25.306122448979593,2.14700725129329,0.7640748962981553,0.7373737373737373,0.6326530612244898,13.463409425419988,703209.0010646393
25.306122448979593,2.38492686748792,0.8691684603430914,0.7474747474747475,0.6326530612244898,13.451619955011761,694967.2179462215
25.306122448979593,2.64921143598352,0.9742620243880249,0.7575757575757573,0.6326530612244898,13.439876634628062,686853.728145863
25.306122448979593,2.94278257678333,1.0793555884329629,0.7676767676767676,0.6326530612244898,13.428180113420908,678866.7300519854
25.306122448979593,3.26888566786082,1.184449152477898,0.7777777777777777,0.6326530612244898,13.416531024861962,671004.4345920181
25.306122448979593,3.63112572224959,1.289542716522833,0.7878787878787878,0.6326530612244898,13.404929986703126,663265.065697963
25.306122448979593,4.0335072408363,1.3946362805677694,0.797979797979798,0.6326530612244898,13.393377600946861,655646.8607469827
25.306122448979593,4.48047848142245,1.4997298446127043,0.808080808080808,0.6326530612244898,13.381874453826068,648148.070977466
25.306122448979593,4.97698063344183,1.6048234086576407,0.8181818181818182,0.6326530612244898,13.370421115793313,640766.9618810551
25.306122448979593,5.52850244195146,1.7099169727025751,0.8282828282828283,0.6326530612244898,13.359018141519272,633501.8135711545
25.306122448979593,6.14114088475497,1.8150105367475111,0.8383838383838383,0.6326530612244898,13.347666069900145,626350.921128404
25.306122448979593,6.8216685734332,1.9201041007924453,0.8484848484848483,0.6326530612244898,13.336365424073893,619312.5949236678
25.306122448979593,7.57760862338904,2.0251976648373815,0.8585858585858586,0.6326530612244898,13.325116711445064,612385.1609190495
25.306122448979593,8.41731782058148,2.1302912288823177,0.8686868686868686,0.6326530612244898,13.313920423718018,605566.9609474866
25.306122448979593,9.35007900434302,2.2353847929272526,0.8787878787878787,0.6326530612244898,13.302777036938336,598856.3529714606
25.306122448979593,10.3862036875563,2.3404783569721936,0.8888888888888893,0.6326530612244898,13.291687011542209,592251.7113213893
25.306122448979593,11.5371460486378,2.445571921017128,0.8989898989898993,0.6326530612244898,13.280650792413585,585751.4269142433
25.306122448979593,12.8156295554912,2.550665485062058,0.909090909090909,0.6326530612244898,13.269668808948854,579353.907452951
25.306122448979593,14.2357876212352,2.6557590491069942,0.919191919191919,0.6326530612244898,13.25874147512885,573057.5776071553
25.306122448979593,15.8133198466305,2.7608526131519304,0.9292929292929293,0.6326530612244898,13.24786918959796,566860.8791758803
25.306122448979593,17.5656655764397,2.865946177196865,0.9393939393939392,0.6326530612244898,13.237052335750096,560762.2712326725
25.306122448979593,19.5121966883548,2.9710397412417997,0.9494949494949493,0.6326530612244898,13.226291281821318,554760.2302537664
25.306122448979593,21.6744317457404,3.0761333052867346,0.9595959595959593,0.6326530612244898,13.21558638098888,548853.2502298487
25.306122448979593,24.0762738816144,3.1812268693316703,0.9696969696969694,0.6326530612244898,13.20493797147647,543039.8427619607
25.306122448979593,26.744275043632,3.2863204333766105,0.97979797979798,0.6326530612244898,13.194346376665411,537318.5371420915
25.306122448979593,29.707929521255,3.3914139974215445,0.98989898989899,0.6326530612244898,13.183811905211618,531687.8804190215
25.306122448979593,33.0,3.4965075614664802,1.0,0.6326530612244898,13.173334851168049,526146.4374499324
26.122448979591837,0.001,-6.907755278982137,0.0,0.653061224489796,14.387104065499047,1771087.0445470964
26.122448979591837,0.001110814537795,-6.802661714937222,0.010101010101008117,0.653061224489796,14.374549109780098,1748990.1282859577
26.122448979591837,0.0012339089373767,-6.697568150892323,0.020202020202014698,0.653061224489796,14.361966338008042,1727120.861207361
26.122448979591837,0.0013706439859533,-6.592474586847349,0.030303030303028534,0.653061224489796,14.349356774999459,1705479.3536124995
26.122448979591837,0.0015225312657382,-6.487381022802441,0.04040404040403597,0.653061224489796,14.336721455524627,1684065.646530026
26.122448979591837,0.0016912498642295,-6.382287458757476,0.05050505050504887,0.653061224489796,14.324061423905041,1662879.712459459
26.122448979591837,0.00187866493623,-6.277193894712534,0.06060606060605963,0.653061224489796,14.311377733602752,1641921.4561653351
26.122448979591837,0.00208684832281,-6.172100330667619,0.07070707070706775,0.653061224489796,14.298671446801702,1621190.7155202308
26.122448979591837,0.0023181014551505,-6.067006766622687,0.08080808080807748,0.653061224489796,14.28594363398159,1600687.2623952753
26.122448979591837,0.002574980796465,-5.961913202577741,0.0909090909090886,0.653061224489796,14.273195373484663,1580410.8035964712
26.122448979591837,0.0028603261032564,-5.856819638532781,0.10101010101010106,0.653061224489796,14.260427751075785,1560360.9818450094
26.122448979591837,0.0031772918183317,-5.751726074487876,0.11111111111110823,0.653061224489796,14.247641859496307,1540537.3767999324
26.122448979591837,0.0035293819426201,-5.646632510442922,0.1212121212121201,0.653061224489796,14.234838798012088,1520939.506121198
26.122448979591837,0.0039204887712936,-5.541538946397998,0.13131313131312908,0.653061224489796,14.22201967195624,1501566.826571468
26.122448979591837,0.0043549359224151,-5.436445382353058,0.14141414141413966,0.653061224489796,14.209185592266895,1482418.7351544823
26.122448979591837,0.0048375261337845,-5.331351818308116,0.15151515151515035,0.653061224489796,14.196337675020622,1463494.5702883005
26.122448979591837,0.0053735943563712,-5.2262582542631755,0.16161616161616094,0.653061224489796,14.183477040961838,1444793.6130112906
26.122448979591837,0.0059690667312704,-5.121164690218244,0.17171717171717069,0.653061224489796,14.170604815028767,1426315.088218964
26.122448979591837,0.0066305261021638,-5.016071126173304,0.18181818181818118,0.653061224489796,14.157722125876376,1408058.1659295755
26.122448979591837,0.0073652847875129,-4.910977562128371,0.19191919191919102,0.653061224489796,14.144830105396817,1390021.9625765276
26.122448979591837,0.0081814654169699,-4.80588399808343,0.20202020202020168,0.653061224489796,14.131929888237817,1372205.542325469
26.122448979591837,0.0090880907256374,-4.700790434038493,0.21212121212121193,0.653061224489796,14.119022611319538,1354607.9184141112
26.122448979591837,0.0100951832988382,-4.595696869993551,0.22222222222222263,0.653061224489796,14.106109413350366,1337228.0545126477
26.122448979591837,0.0112138763700549,-4.490603305948624,0.23232323232323193,0.653061224489796,14.093191434342135,1320064.866102787
26.122448979591837,0.0124565368968931,-4.385509741903686,0.24242424242424226,0.653061224489796,14.080269815125265,1303117.2218733253
26.122448979591837,0.013836902275649,-4.280416177858747,0.2525252525252527,0.653061224489796,14.067345696864287,1286383.9451302476
26.122448979591837,0.0153702322058399,-4.175322613813814,0.26262626262626254,0.653061224489796,14.054420220574265,1269863.8152193662
26.122448979591837,0.0170734773835322,-4.07022904976888,0.2727272727272725,0.653061224489796,14.041494526638555,1253555.5689594692
26.122448979591837,0.0189654668883421,-3.9651354857239447,0.2828282828282826,0.653061224489796,14.028569754328387,1237457.9020840342
26.122448979591837,0.0210671163356406,-3.8600419216790063,0.292929292929293,0.653061224489796,14.015647041324756,1221569.4706895903
26.122448979591837,0.0234016590950486,-3.7549483576340705,0.3030303030303031,0.653061224489796,14.002727523243054,1205888.8926887915
26.122448979591837,0.0259949031313031,-3.649854793589135,0.3131313131313132,0.653061224489796,13.989812333160902,1190414.749266338
26.122448979591837,0.0288755163068248,-3.5447612295442013,0.32323232323232315,0.653061224489796,13.97690260114964,1175145.5863359268
26.122448979591837,0.0320753432999582,-3.4396676654992664,0.33333333333333315,0.653061224489796,13.9639994538099,1160079.915996432
26.122448979591837,0.0356297576423598,-3.3345741014543298,0.34343434343434337,0.653061224489796,13.951104013811696,1145216.2179855676
26.122448979591837,0.0395780527672466,-3.229480537409394,0.3535353535353535,0.653061224489796,13.938217399439441,1130552.9411293294
26.122448979591837,0.0439638763914761,-3.1243869733644574,0.3636363636363637,0.653061224489796,13.925340724142306,1116088.5047855726
26.122448979591837,0.048835713033475,-3.019293409319523,0.3737373737373737,0.653061224489796,13.91247509609031,1101821.3002801258
26.122448979591837,0.0542474200011699,-2.914199845274587,0.3838383838383838,0.653061224489796,13.89962161773653,1087749.692333876
26.122448979591837,0.060258822775172,-2.8091062812296523,0.3939393939393938,0.653061224489796,13.886781385385813,1073872.020479372
26.122448979591837,0.0669363763690749,-2.7040127171847166,0.404040404040404,0.653061224489796,13.873955488770315,1060186.6004654649
26.122448979591837,0.0743538999780876,-2.5989191531397813,0.4141414141414141,0.653061224489796,13.861145010632265,1046691.7256486553
26.122448979591837,0.0825933930374168,-2.493825589094845,0.42424242424242425,0.653061224489796,13.848351026314237,1033385.6683697944
26.122448979591837,0.0917459417117808,-2.38873202504991,0.4343434343434343,0.653061224489796,13.835574603357287,1020266.681314912
26.122448979591837,0.101912725837141,-2.283638461004973,0.44444444444444453,0.653061224489796,13.822816801107235,1007332.9988589557
26.122448979591837,0.113206137446215,-2.1785448969600347,0.4545454545454549,0.653061224489796,13.810078670329398,994582.8383913247
26.122448979591837,0.125751023242877,-2.0734513329151003,0.46464646464646486,0.653061224489796,13.797361252832035,982014.4016221174
26.122448979591837,0.139686064760787,-1.9683577688701692,0.47474747474747453,0.653061224489796,13.784665581098784,969625.8758680987
26.122448979591837,0.155165311463659,-1.8632642048252352,0.48484848484848453,0.653061224489796,13.771992677930312,957415.4353174259
26.122448979591837,0.172359883735326,-1.7581706407802946,0.49494949494949514,0.653061224489796,13.75934355609543,945381.2422722694
26.122448979591837,0.19145986458586,-1.6530770767353593,0.5050505050505052,0.653061224489796,13.746719217991878,933521.4483685018
26.122448979591837,0.212676400986239,-1.5479835126904273,0.5151515151515149,0.653061224489796,13.734120655316968,921834.1957716962
26.122448979591837,0.236244038061438,-1.442889948645492,0.5252525252525251,0.653061224489796,13.721548848748286,910317.6183487354
26.122448979591837,0.262423311946047,-1.3377963846005527,0.5353535353535355,0.653061224489796,13.709004767634616,898969.8428144181
26.122448979591837,0.291503629965987,-1.2327028205556183,0.5454545454545455,0.653061224489796,13.696489369697222,887788.9898524624
26.122448979591837,0.323806469986239,-1.1276092565106834,0.5555555555555556,0.653061224489796,13.68400360074165,876773.1752104074
26.122448979591837,0.359688934292802,-1.0225156924657481,0.5656565656565656,0.653061224489796,13.671548394380144,865920.5107679452
26.122448979591837,0.399547697296443,-0.9174221284208132,0.5757575757575757,0.653061224489796,13.6591246717648,855229.1055783005
26.122448979591837,0.443823390699414,-0.8123285643758777,0.5858585858585857,0.653061224489796,13.646733341331537,844697.0668822842
26.122448979591837,0.49300547460239,-0.707235000330941,0.5959595959595959,0.653061224489796,13.634375298554966,834322.5010947648
26.122448979591837,0.547637648400869,-0.6021414362860068,0.606060606060606,0.653061224489796,13.622051425714218,824103.5147632922
26.122448979591837,0.608323861287565,-0.49704787224107067,0.6161616161616161,0.653061224489796,13.609762591669757,814038.215498693
26.122448979591837,0.67573498880583,-0.39195430819613525,0.6262626262626262,0.653061224489796,13.59750965165124,804124.7128775212
26.122448979591837,0.750616249262273,-0.2868607441511999,0.6363636363636362,0.653061224489796,13.585293447056415,794361.1193162382
26.122448979591837,0.833795441985706,-0.18176718010626372,0.6464646464646464,0.653061224489796,13.573114805261065,784745.5509171119
26.122448979591837,0.926192098504948,-0.07667361606132911,0.6565656565656565,0.653061224489796,13.560974539440005,775276.1282858261
26.122448979591837,1.02882764781018,0.028419947983610284,0.666666666666667,0.653061224489796,13.548873448399064,765950.9773208236
26.122448979591837,1.142836708073,0.1335135120285407,0.6767676767676766,0.653061224489796,13.536812316418075,756768.2299745127
26.122448979591837,1.2694796296533,0.23860707607348014,0.686868686868687,0.653061224489796,13.524791913104767,747726.0249864135
26.122448979591837,1.41015642805352,0.3437006401184105,0.6969696969696967,0.653061224489796,13.512812993259539,738822.5085884428
26.122448979591837,1.56642226084696,0.44879420416335164,0.7070707070707073,0.653061224489796,13.500876296750997,730055.8351825003
26.122448979591837,1.74000461967455,0.5538877682082868,0.7171717171717173,0.653061224489796,13.48898254840224,721424.1679906318
26.122448979591837,1.93282242736499,0.6589813322532224,0.7272727272727274,0.653061224489796,13.477132457887707,712925.6796779772
26.122448979591837,2.14700725129329,0.7640748962981553,0.7373737373737373,0.653061224489796,13.465326719640567,704558.5529488391
26.122448979591837,2.38492686748792,0.8691684603430914,0.7474747474747475,0.653061224489796,13.453566012770464,696320.9811161691
26.122448979591837,2.64921143598352,0.9742620243880249,0.7575757575757573,0.653061224489796,13.441851000991552,688211.1686448266
26.122448979591837,2.94278257678333,1.0793555884329629,0.7676767676767676,0.653061224489796,13.430182332560625,680227.3316689713
26.122448979591837,3.26888566786082,1.184449152477898,0.7777777777777777,0.653061224489796,13.418560640225255,672367.6984839948
26.122448979591837,3.63112572224959,1.289542716522833,0.7878787878787878,0.653061224489796,13.406986541181748,664630.5100133965
26.122448979591837,4.0335072408363,1.3946362805677694,0.797979797979798,0.653061224489796,13.395460637042762,657014.0202510338
26.122448979591837,4.48047848142245,1.4997298446127043,0.808080808080808,0.653061224489796,13.38398351381444,649516.4966792075
26.122448979591837,4.97698063344183,1.6048234086576407,0.8181818181818182,0.653061224489796,13.37255574188287,642136.2206630387
26.122448979591837,5.52850244195146,1.7099169727025751,0.8282828282828283,0.653061224489796,13.361177876009686,634871.4878216253
26.122448979591837,6.14114088475497,1.8150105367475111,0.8383838383838383,0.653061224489796,13.349850455336632,627720.6083764598
26.122448979591837,6.8216685734332,1.9201041007924453,0.8484848484848483,0.653061224489796,13.338574003398907,620681.90747763
26.122448979591837,7.57760862338904,2.0251976648373815,0.8585858585858586,0.653061224489796,13.32734902814707,613753.7255083015
26.122448979591837,8.41731782058148,2.1302912288823177,0.8686868686868686,0.653061224489796,13.31617602197732,606934.4183680086
26.122448979591837,9.35007900434302,2.2353847929272526,0.8787878787878787,0.653061224489796,13.305055461769948,600222.3577352905
26.122448979591837,10.3862036875563,2.3404783569721936,0.8888888888888893,0.653061224489796,13.293987808935741,593615.9313101993
26.122448979591837,11.5371460486378,2.445571921017128,0.8989898989898993,0.653061224489796,13.282973509470136,587113.5430372255
26.122448979591837,12.8156295554912,2.550665485062058,0.909090909090909,0.653061224489796,13.272012994014894,580713.6133091801
26.122448979591837,14.2357876212352,2.6557590491069942,0.919191919191919,0.653061224489796,13.26110667792709,574414.5791525807
26.122448979591837,15.8133198466305,2.7608526131519304,0.9292929292929293,0.653061224489796,13.250254961355207,568214.8943950968
26.122448979591837,17.5656655764397,2.865946177196865,0.9393939393939392,0.653061224489796,13.239458229322075,562113.029815583
26.122448979591837,19.5121966883548,2.9710397412417997,0.9494949494949493,0.653061224489796,13.228716851814474,556107.4732772621
26.122448979591837,21.6744317457404,3.0761333052867346,0.9595959595959593,0.653061224489796,13.218031183879159,550196.7298446008
26.122448979591837,24.0762738816144,3.1812268693316703,0.9696969696969694,0.653061224489796,13.20740156572508,544379.3218844116
26.122448979591837,26.744275043632,3.2863204333766105,0.97979797979798,0.653061224489796,13.196828322831577,538653.7891517284
26.122448979591837,29.707929521255,3.3914139974215445,0.98989898989899,0.653061224489796,13.18631176606232,533018.688860983
26.122448979591837,33.0,3.4965075614664802,1.0,0.653061224489796,13.175852191784777,527472.5957430175
26.93877551020408,0.001,-6.907755278982137,0.0,0.673469387755102,14.385967226931841,1769074.74853356
26.93877551020408,0.001110814537795,-6.802661714937222,0.010101010101008117,0.673469387755102,14.373460235088066,1747086.7336658319
26.93877551020408,0.0012339089373767,-6.697568150892323,0.020202020202014698,0.673469387755102,14.360925524857564,1725324.1862661976
26.93877551020408,0.0013706439859533,-6.592474586847349,0.030303030303028534,0.673469387755102,14.348364109039009,1703787.2223114406
26.93877551020408,0.0015225312657382,-6.487381022802441,0.04040404040403597,0.673469387755102,14.335777010370435,1682475.8897280437
26.93877551020408,0.0016912498642295,-6.382287458757476,0.05050505050504887,0.673469387755102,14.323165261134475,1661390.1691055617
26.93877551020408,0.00187866493623,-6.277193894712534,0.06060606060605963,0.673469387755102,14.310529902755416,1640529.9744598037
26.93877551020408,0.00208684832281,-6.172100330667619,0.07070707070706775,0.673469387755102,14.297871985388223,1619895.1540439907
26.93877551020408,0.0023181014551505,-6.067006766622687,0.08080808080807748,0.673469387755102,14.285192567500046,1599485.4912065768
26.93877551020408,0.002574980796465,-5.961913202577741,0.0909090909090886,0.673469387755102,14.272492715444594,1579300.7052941348
26.93877551020408,0.0028603261032564,-5.856819638532781,0.10101010101010106,0.673469387755102,14.259773503029763,1559340.4525975839
26.93877551020408,0.0031772918183317,-5.751726074487876,0.11111111111110823,0.673469387755102,14.247036011078967,1539604.327340154
26.93877551020408,0.0035293819426201,-5.646632510442922,0.1212121212121201,0.673469387755102,14.234281326986558,1520091.8627052254
26.93877551020408,0.0039204887712936,-5.541538946397998,0.13131313131312908,0.673469387755102,14.221510544267886,1500802.5319024462
26.93877551020408,0.0043549359224151,-5.436445382353058,0.14141414141413966,0.673469387755102,14.208724762104286,1481735.749270041
26.93877551020408,0.0048375261337845,-5.331351818308116,0.15151515151515035,0.673469387755102,14.195925084883614,1462890.8714116993
26.93877551020408,0.0053735943563712,-5.2262582542631755,0.16161616161616094,0.673469387755102,14.183112621736672,1444267.1983659465
26.93877551020408,0.0059690667312704,-5.121164690218244,0.17171717171717069,0.673469387755102,14.170288486070053,1425863.974806189
26.93877551020408,0.0066305261021638,-5.016071126173304,0.18181818181818118,0.673469387755102,14.157453795095849,1407680.3912694359
26.93877551020408,0.0073652847875129,-4.910977562128371,0.19191919191919102,0.673469387755102,14.144609669358736,1389715.5854117766
26.93877551020408,0.0081814654169699,-4.80588399808343,0.20202020202020168,0.673469387755102,14.13175723226085,1371968.6432885637
26.93877551020408,0.0090880907256374,-4.700790434038493,0.21212121212121193,0.673469387755102,14.118897609584996,1354438.6006574123
26.93877551020408,0.0100951832988382,-4.595696869993551,0.22222222222222263,0.673469387755102,14.106031929016645,1337124.444301947
26.93877551020408,0.0112138763700549,-4.490603305948624,0.23232323232323193,0.673469387755102,14.093161319665182,1320025.1133743606
26.93877551020408,0.0124565368968931,-4.385509741903686,0.24242424242424226,0.673469387755102,14.080286911584922,1303139.5007547827
26.93877551020408,0.013836902275649,-4.280416177858747,0.2525252525252527,0.673469387755102,14.067409835296344,1286466.4544254919
26.93877551020408,0.0153702322058399,-4.175322613813814,0.26262626262626254,0.673469387755102,14.054531221308022,1270004.7788580155
26.93877551020408,0.0170734773835322,-4.07022904976888,0.2727272727272725,0.673469387755102,14.041652199639733,1253753.2364111713
26.93877551020408,0.0189654668883421,-3.9651354857239447,0.2828282828282826,0.673469387755102,14.028773899347213,1237710.5487381516
26.93877551020408,0.0210671163356406,-3.8600419216790063,0.292929292929293,0.673469387755102,14.015897448048998,1221875.3982007331
26.93877551020408,0.0234016590950486,-3.7549483576340705,0.3030303030303031,0.673469387755102,14.003023971455834,1206246.4292887643
26.93877551020408,0.0259949031313031,-3.649854793589135,0.3131313131313132,0.673469387755102,13.9901545929031,1190822.2500431074
26.93877551020408,0.0288755163068248,-3.5447612295442013,0.32323232323232315,0.673469387755102,13.977290432886665,1175601.4334802148
26.93877551020408,0.0320753432999582,-3.4396676654992664,0.33333333333333315,0.673469387755102,13.964432608602646,1160582.5190166105
26.93877551020408,0.0356297576423598,-3.3345741014543298,0.34343434343434337,0.673469387755102,13.951582233491463,1145764.0138915484
26.93877551020408,0.0395780527672466,-3.229480537409394,0.3535353535353535,0.673469387755102,13.938740416786622,1131144.3945861727
26.93877551020408,0.0439638763914761,-3.1243869733644574,0.3636363636363637,0.673469387755102,13.92590826306864,1116722.1082375776
26.93877551020408,0.048835713033475,-3.019293409319523,0.3737373737373737,0.673469387755102,13.913086871824472,1102495.5740461545
26.93877551020408,0.0542474200011699,-2.914199845274587,0.3838383838383838,0.673469387755102,13.90027733701287,1088463.1846747478
26.93877551020408,0.060258822775172,-2.8091062812296523,0.3939393939393938,0.673469387755102,13.887480746636014,1074623.3076381113
26.93877551020408,0.0669363763690749,-2.7040127171847166,0.404040404040404,0.673469387755102,13.874698182317779,1060974.286681266
26.93877551020408,0.0743538999780876,-2.5989191531397813,0.4141414141414141,0.673469387755102,13.861930718889003,1047514.4431453967
26.93877551020408,0.0825933930374168,-2.493825589094845,0.42424242424242425,0.673469387755102,13.849179423980058,1034242.0773199766
26.93877551020408,0.0917459417117808,-2.38873202504991,0.4343434343434343,0.673469387755102,13.836445357621082,1021155.4697798905
26.93877551020408,0.101912725837141,-2.283638461004973,0.44444444444444453,0.673469387755102,13.823729571850146,1008252.8827063474
26.93877551020408,0.113206137446215,-2.1785448969600347,0.4545454545454549,0.673469387755102,13.811033110329669,995532.5611904865
26.93877551020408,0.125751023242877,-2.0734513329151003,0.46464646464646486,0.673469387755102,13.798357007971344,982992.7345185757
26.93877551020408,0.139686064760787,-1.9683577688701692,0.47474747474747453,0.673469387755102,13.785702290569844,970631.6174378238
26.93877551020408,0.155165311463659,-1.8632642048252352,0.48484848484848453,0.673469387755102,13.773069974445567,958447.4114018583
26.93877551020408,0.172359883735326,-1.7581706407802946,0.49494949494949514,0.673469387755102,13.760461066096628,946438.3057949749
26.93877551020408,0.19145986458586,-1.6530770767353593,0.5050505050505052,0.673469387755102,13.747876561860345,934602.4791343529
26.93877551020408,0.212676400986239,-1.5479835126904273,0.5151515151515149,0.673469387755102,13.735317447584382,922938.1002494443
26.93877551020408,0.236244038061438,-1.442889948645492,0.5252525252525251,0.673469387755102,13.722784698307786,911443.329437876
26.93877551020408,0.262423311946047,-1.3377963846005527,0.5353535353535355,0.673469387755102,13.710279277952042,900116.3195971918
26.93877551020408,0.291503629965987,-1.2327028205556183,0.5454545454545455,0.673469387755102,13.697802139022334,888955.2173318578
26.93877551020408,0.323806469986239,-1.1276092565106834,0.5555555555555556,0.673469387755102,13.685354222319132,877958.1640350054
26.93877551020408,0.359688934292802,-1.0225156924657481,0.5656565656565656,0.673469387755102,13.672936456660242,867123.2969444476
26.93877551020408,0.399547697296443,-0.9174221284208132,0.5757575757575757,0.673469387755102,13.660549758613422,856448.7501725426
26.93877551020408,0.443823390699414,-0.8123285643758777,0.5858585858585857,0.673469387755102,13.648195032239666,845932.655709557
26.93877551020408,0.49300547460239,-0.707235000330941,0.5959595959595959,0.673469387755102,13.635873168847224,835573.1444002138
26.93877551020408,0.547637648400869,-0.6021414362860068,0.606060606060606,0.673469387755102,13.623585046756435,825368.3468931763
26.93877551020408,0.608323861287565,-0.49704787224107067,0.6161616161616161,0.673469387755102,13.61133153107541,815316.394563253
26.93877551020408,0.67573498880583,-0.39195430819613525,0.6262626262626262,0.673469387755102,13.599113473486613,805415.4204061877
26.93877551020408,0.750616249262273,-0.2868607441511999,0.6363636363636362,0.673469387755102,13.586931712044361,795663.559905905
26.93877551020408,0.833795441985706,-0.18176718010626372,0.6464646464646464,0.673469387755102,13.574787070983229,786058.9518741568
26.93877551020408,0.926192098504948,-0.07667361606132911,0.6565656565656565,0.673469387755102,13.562680360537389,776599.7392625617
26.93877551020408,1.02882764781018,0.028419947983610284,0.666666666666667,0.673469387755102,13.550612376770841,767284.0699470472
26.93877551020408,1.142836708073,0.1335135120285407,0.6767676767676766,0.673469387755102,13.538583901418505,758110.0974847587
26.93877551020408,1.2694796296533,0.23860707607348014,0.686868686868687,0.673469387755102,13.526595701738131,749075.9818435472
26.93877551020408,1.41015642805352,0.3437006401184105,0.6969696969696967,0.673469387755102,13.514648530372986,740179.8901041744
26.93877551020408,1.56642226084696,0.44879420416335164,0.7070707070707073,0.673469387755102,13.502743125225225,731419.9971354026
26.93877551020408,1.74000461967455,0.5538877682082868,0.7171717171717173,0.673469387755102,13.490880209339885,722794.4862421871
26.93877551020408,1.93282242736499,0.6589813322532224,0.7272727272727274,0.673469387755102,13.479060490799395,714301.5497871982
26.93877551020408,2.14700725129329,0.7640748962981553,0.7373737373737373,0.673469387755102,13.467284662628524,705939.3897859674
26.93877551020408,2.38492686748792,0.8691684603430914,0.7474747474747475,0.673469387755102,13.455553402709633,697706.2184759261
26.93877551020408,2.64921143598352,0.9742620243880249,0.7575757575757573,0.673469387755102,13.443867373708114,689600.2588596788
26.93877551020408,2.94278257678333,1.0793555884329629,0.7676767676767676,0.673469387755102,13.432227223007905,681619.7452228605
26.93877551020408,3.26888566786082,1.184449152477898,0.7777777777777777,0.673469387755102,13.420633582656912,673762.9236269402
26.93877551020408,3.63112572224959,1.289542716522833,0.7878787878787878,0.673469387755102,13.409087069322219,666028.0523773712
26.93877551020408,4.0335072408363,1.3946362805677694,0.797979797979798,0.673469387755102,13.397588284254908,658413.4024674948
26.93877551020408,4.48047848142245,1.4997298446127043,0.808080808080808,0.673469387755102,13.386137813264346,650917.2579986331
26.93877551020408,4.97698063344183,1.6048234086576407,0.8181818181818182,0.673469387755102,13.374736226701746,643537.9165768098
26.93877551020408,5.52850244195146,1.7099169727025751,0.8282828282828283,0.673469387755102,13.363384079452853,636273.6896865687
26.93877551020408,6.14114088475497,1.8150105367475111,0.8383838383838383,0.673469387755102,13.352081910939557,629122.9030423557
26.93877551020408,6.8216685734332,1.9201041007924453,0.8484848484848483,0.673469387755102,13.340830245130235,622083.8969179516
26.93877551020408,7.57760862338904,2.0251976648373815,0.8585858585858586,0.673469387755102,13.329629590558662,615155.0264544598
26.93877551020408,8.41731782058148,2.1302912288823177,0.8686868686868686,0.673469387755102,13.31848044035125,608334.6619473344
26.93877551020408,9.35007900434302,2.2353847929272526,0.8787878787878787,0.673469387755102,13.307383272262458,601621.1891129907
26.93877551020408,10.3862036875563,2.3404783569721936,0.8888888888888893,0.673469387755102,13.296338548718126,595013.0093354823
26.93877551020408,11.5371460486378,2.445571921017128,0.8989898989898993,0.673469387755102,13.285346716866554,588508.5398937963
26.93877551020408,12.8156295554912,2.550665485062058,0.909090909090909,0.673469387755102,13.274408208637105,582106.2141702829
26.93877551020408,14.2357876212352,2.6557590491069942,0.919191919191919,0.673469387755102,13.263523440806095,575804.4818407416
26.93877551020408,15.8133198466305,2.7608526131519304,0.9292929292929293,0.673469387755102,13.252692815069794,569601.8090467149
26.93877551020408,17.5656655764397,2.865946177196865,0.9393939393939392,0.673469387755102,13.241916718124294,563496.6785505096
26.93877551020408,19.5121966883548,2.9710397412417997,0.9494949494949493,0.673469387755102,13.231195521752005,557487.5898734723
26.93877551020408,21.6744317457404,3.0761333052867346,0.9595959595959593,0.673469387755102,13.220529582914615,551573.0594180748
26.93877551020408,24.0762738816144,3.1812268693316703,0.9696969696969694,0.673469387755102,13.20991924385222,545751.620574302
26.93877551020408,26.744275043632,3.2863204333766105,0.97979797979798,0.673469387755102,13.19936483218846,540021.8238109082
26.93877551020408,29.707929521255,3.3914139974215445,0.98989898989899,0.673469387755102,13.188866661041413,534382.2367520354
26.93877551020408,33.0,3.4965075614664802,1.0,0.673469387755102,13.178425029140014,528831.444239721
27.755102040816325,0.001,-6.907755278982137,0.0,0.6938775510204082,14.384800466699447,1767011.8661474267
27.755102040816325,0.001110814537795,-6.802661714937222,0.010101010101008117,0.6938775510204082,14.372342559525494,1745135.148340693
27.755102040816325,0.0012339089373767,-6.697568150892323,0.020202020202014698,0.6938775510204082,14.359857032156857,1723481.674497303
27.755102040816325,0.0013706439859533,-6.592474586847349,0.030303030303028534,0.6938775510204082,14.347344885098703,1702051.566246633
27.755102040816325,0.0015225312657382,-6.487381022802441,0.04040404040403597,0.6938775510204082,14.334807128782554,1680844.8784123182
27.755102040816325,0.0016912498642295,-6.382287458757476,0.05050505050504887,0.6938775510204082,14.322244783179478,1659861.5996954006
27.755102040816325,0.00187866493623,-6.277193894712534,0.06060606060605963,0.6938775510204082,14.309658877405063,1639101.6534062622
27.755102040816325,0.00208684832281,-6.172100330667619,0.07070707070706775,0.6938775510204082,14.297050449316325,1618564.898243631
27.755102040816325,0.0023181014551505,-6.067006766622687,0.08080808080807748,0.6938775510204082,14.284420545101064,1598251.1291194174
27.755102040816325,0.002574980796465,-5.961913202577741,0.0909090909090886,0.6938775510204082,14.271770218860032,1578160.0780278335
27.755102040816325,0.0028603261032564,-5.856819638532781,0.10101010101010106,0.6938775510204082,14.2591005321823,1558291.414957183
27.755102040816325,0.0031772918183317,-5.751726074487876,0.11111111111110823,0.6938775510204082,14.24641255371424,1538644.7488427316
27.755102040816325,0.0035293819426201,-5.646632510442922,0.1212121212121201,0.6938775510204082,14.233707358722537,1519219.6285589407
27.755102040816325,0.0039204887712936,-5.541538946397998,0.13131313131312908,0.6938775510204082,14.220986028651737,1500015.543949485
27.755102040816325,0.0043549359224151,-5.436445382353058,0.14141414141413966,0.6938775510204082,14.208249650676636,1481031.9268930731
27.755102040816325,0.0048375261337845,-5.331351818308116,0.15151515151515035,0.6938775510204082,14.195499317250105,1462268.1524035032
27.755102040816325,0.0053735943563712,-5.2262582542631755,0.16161616161616094,0.6938775510204082,14.182736125646679,1443723.5397619475
27.755102040816325,0.0059690667312704,-5.121164690218244,0.17171717171717069,0.6938775510204082,14.169961177502467,1425397.3536797345
27.755102040816325,0.0066305261021638,-5.016071126173304,0.18181818181818118,0.6938775510204082,14.157175578351774,1407288.8054896651
27.755102040816325,0.0073652847875129,-4.910977562128371,0.19191919191919102,0.6938775510204082,14.14438043716096,1389397.054364029
27.755102040816325,0.0081814654169699,-4.80588399808343,0.20202020202020168,0.6938775510204082,14.13157686585996,1371721.2085573685
27.755102040816325,0.0090880907256374,-4.700790434038493,0.21212121212121193,0.6938775510204082,14.118765978871973,1354260.3266720856
27.755102040816325,0.0100951832988382,-4.595696869993551,0.22222222222222263,0.6938775510204082,14.105948892641772,1337013.4189449735
27.755102040816325,0.0112138763700549,-4.490603305948624,0.23232323232323193,0.6938775510204082,14.093126725163113,1319979.448552726
27.755102040816325,0.0124565368968931,-4.385509741903686,0.24242424242424226,0.6938775510204082,14.080300595505735,1303157.3329345256
27.755102040816325,0.013836902275649,-4.280416177858747,0.2525252525252527,0.6938775510204082,14.067471623342385,1286545.9451297708
27.755102040816325,0.0153702322058399,-4.175322613813814,0.26262626262626254,0.6938775510204082,14.054640928476386,1270144.115129068
27.755102040816325,0.0170734773835322,-4.07022904976888,0.2727272727272725,0.6938775510204082,14.041809630370166,1253950.6312365595
27.755102040816325,0.0189654668883421,-3.9651354857239447,0.2828282828282826,0.6938775510204082,14.028978847675248,1237964.2414417663
27.755102040816325,0.0210671163356406,-3.8600419216790063,0.292929292929293,0.6938775510204082,14.016149697764144,1222183.6547990583
27.755102040816325,0.0234016590950486,-3.7549483576340705,0.3030303030303031,0.6938775510204082,14.003323296264599,1206607.5428129565
27.755102040816325,0.0259949031313031,-3.649854793589135,0.3131313131313132,0.6938775510204082,13.990500756596639,1191234.540827464
27.755102040816325,0.0288755163068248,-3.5447612295442013,0.32323232323232315,0.6938775510204082,13.977683189512875,1176063.2494176945
27.755102040816325,0.0320753432999582,-3.4396676654992664,0.33333333333333315,0.6938775510204082,13.964871702642464,1161092.2357820347
27.755102040816325,0.0356297576423598,-3.3345741014543298,0.34343434343434337,0.6938775510204082,13.952067400039173,1146320.0351332051
27.755102040816325,0.0395780527672466,-3.229480537409394,0.3535353535353535,0.6938775510204082,13.939271381733956,1131745.1520865445
27.755102040816325,0.0439638763914761,-3.1243869733644574,0.3636363636363637,0.6938775510204082,13.92648474329245,1117366.0620439514
27.755102040816325,0.048835713033475,-3.019293409319523,0.3737373737373737,0.6938775510204082,13.913708575377768,1103181.2125719022
27.755102040816325,0.0542474200011699,-2.914199845274587,0.3838383838383838,0.6938775510204082,13.900943963318994,1089189.0247720713
27.755102040816325,0.060258822775172,-2.8091062812296523,0.3939393939393938,0.6938775510204082,13.88819198668574,1075387.8946430916
27.755102040816325,0.0669363763690749,-2.7040127171847166,0.404040404040404,0.6938775510204082,13.875453718869128,1061776.194432057
27.755102040816325,0.0743538999780876,-2.5989191531397813,0.4141414141414141,0.6938775510204082,13.862730226669532,1048352.2739744122
27.755102040816325,0.0825933930374168,-2.493825589094845,0.42424242424242425,0.6938775510204082,13.85002256989145,1035114.4620209752
27.755102040816325,0.0917459417117808,-2.38873202504991,0.4343434343434343,0.6938775510204082,13.837331800945778,1022061.0675508025
27.755102040816325,0.101912725837141,-2.283638461004973,0.44444444444444453,0.6938775510204082,13.824658964459836,1009190.381068776
27.755102040816325,0.113206137446215,-2.1785448969600347,0.4545454545454549,0.6938775510204082,13.81200509689541,996500.6758867413
27.755102040816325,0.125751023242877,-2.0734513329151003,0.46464646464646486,0.6938775510204082,13.79937122617512,983990.2093871858
27.755102040816325,0.139686064760787,-1.9683577688701692,0.47474747474747453,0.6938775510204082,13.78675837131735,971657.2242684114
27.755102040816325,0.155165311463659,-1.8632642048252352,0.48484848484848453,0.6938775510204082,13.774167542079999,959499.9497702792
27.755102040816325,0.172359883735326,-1.7581706407802946,0.49494949494949514,0.6938775510204082,13.76159973861331,947516.6028796381
27.755102040816325,0.19145986458586,-1.6530770767353593,0.5050505050505052,0.6938775510204082,13.749055951121973,935705.3895146223
27.755102040816325,0.212676400986239,-1.5479835126904273,0.5151515151515149,0.6938775510204082,13.736537159536704,924064.5056870135
27.755102040816325,0.236244038061438,-1.442889948645492,0.5252525252525251,0.6938775510204082,13.724044333195518,912592.1386420043
27.755102040816325,0.262423311946047,-1.3377963846005527,0.5353535353535355,0.6938775510204082,13.711578430534852,901286.467974688
27.755102040816325,0.291503629965987,-1.2327028205556183,0.5454545454545455,0.6938775510204082,13.699140398790702,890145.6667226877
27.755102040816325,0.323806469986239,-1.1276092565106834,0.5555555555555556,0.6938775510204082,13.686731173709905,879167.9024343613
27.755102040816325,0.359688934292802,-1.0225156924657481,0.5656565656565656,0.6938775510204082,13.674351679271735,868351.3382121553
27.755102040816325,0.399547697296443,-0.9174221284208132,0.5757575757575757,0.6938775510204082,13.662002827419878,857694.13373062
27.755102040816325,0.443823390699414,-0.8123285643758777,0.5858585858585857,0.6938775510204082,13.64968551780492,847194.446228753
27.755102040816325,0.49300547460239,-0.707235000330941,0.5959595959595959,0.6938775510204082,13.637400637537425,836850.4314763234
27.755102040816325,0.547637648400869,-0.6021414362860068,0.606060606060606,0.6938775510204082,13.625149060951657,826660.2447139217
27.755102040816325,0.608323861287565,-0.49704787224107067,0.6161616161616161,0.6938775510204082,13.612931649380025,816622.0415665023
27.755102040816325,0.67573498880583,-0.39195430819613525,0.6262626262626262,0.6938775510204082,13.600749250938284,806733.9789302546
27.755102040816325,0.750616249262273,-0.2868607441511999,0.6363636363636362,0.6938775510204082,13.588602700321504,796994.215832663
27.755102040816325,0.833795441985706,-0.18176718010626372,0.6464646464646464,0.6938775510204082,13.576492818610838,787400.9142656814
27.755102040816325,0.926192098504948,-0.07667361606132911,0.6565656565656565,0.6938775510204082,13.564420413091096,777952.2399919913
27.755102040816325,1.02882764781018,0.028419947983610284,0.666666666666667,0.6938775510204082,13.55238627707907,768646.3633243156
27.755102040816325,1.142836708073,0.1335135120285407,0.6767676767676766,0.6938775510204082,13.540391189762651,759481.4598778844
27.755102040816325,1.2694796296533,0.23860707607348014,0.686868686868687,0.6938775510204082,13.528435916050627,750455.7112960675
27.755102040816325,1.41015642805352,0.3437006401184105,0.6969696969696967,0.6938775510204082,13.516521206433163,741567.305949354
27.755102040816325,1.56642226084696,0.44879420416335164,0.7070707070707073,0.6938775510204082,13.504647796852877,732814.4396077909
27.755102040816325,1.74000461967455,0.5538877682082868,0.7171717171717173,0.6938775510204082,13.492816408586446,724195.3160870858
27.755102040816325,1.93282242736499,0.6589813322532224,0.7272727272727274,0.6938775510204082,13.481027748136654,715708.1478685914
27.755102040816325,2.14700725129329,0.7640748962981553,0.7373737373737373,0.6938775510204082,13.469282507134775,707351.1566934024
27.755102040816325,2.38492686748792,0.8691684603430914,0.7474747474747475,0.6938775510204082,13.457581362253217,699122.5741308751
27.755102040816325,2.64921143598352,0.9742620243880249,0.7575757575757573,0.6938775510204082,13.445924975128271,691020.6421218319
27.755102040816325,2.94278257678333,1.0793555884329629,0.7676767676767676,0.6938775510204082,13.434313992292862,683043.6134968034
27.755102040816325,3.26888566786082,1.184449152477898,0.7777777777777777,0.6938775510204082,13.422749045119183,675189.7524696616
27.755102040816325,3.63112572224959,1.289542716522833,0.7878787878787878,0.6938775510204082,13.411230749771024,667457.3351069903
27.755102040816325,4.0335072408363,1.3946362805677694,0.797979797979798,0.6938775510204082,13.399759707165689,659844.6497736034
27.755102040816325,4.48047848142245,1.4997298446127043,0.808080808080808,0.6938775510204082,13.388336502945338,652349.9975546291
27.755102040816325,4.97698063344183,1.6048234086576407,0.8181818181818182,0.6938775510204082,13.376961707457545,644971.6926545501
27.755102040816325,5.52850244195146,1.7099169727025751,0.8282828282828283,0.6938775510204082,13.365635875744967,637708.0627736816
27.755102040816325,6.14114088475497,1.8150105367475111,0.8383838383838383,0.6938775510204082,13.354359547543893,630557.4494625123
27.755102040816325,6.8216685734332,1.9201041007924453,0.8484848484848483,0.6938775510204082,13.343133247291517,623518.2084543927
27.755102040816325,7.57760862338904,2.0251976648373815,0.8585858585858586,0.6938775510204082,13.331957484141725,616588.70997703
27.755102040816325,8.41731782058148,2.1302912288823177,0.8686868686868686,0.6938775510204082,13.320832751989236,609767.3390432993
27.755102040816325,9.35007900434302,2.2353847929272526,0.8787878787878787,0.6938775510204082,13.309759529501852,603052.4957218379
27.755102040816325,10.3862036875563,2.3404783569721936,0.8888888888888893,0.6938775510204082,13.29873828016066,596442.5953879534
27.755102040816325,11.5371460486378,2.445571921017128,0.8989898989898993,0.6938775510204082,13.287769452307947,589936.068955327
27.755102040816325,12.8156295554912,2.550665485062058,0.909090909090909,0.6938775510204082,13.276853479202636,583531.3630890355
27.755102040816325,14.2357876212352,2.6557590491069942,0.919191919191919,0.6938775510204082,13.265990779083028,577226.9404004107
27.755102040816325,15.8133198466305,2.7608526131519304,0.9292929292929293,0.6938775510204082,13.255181755236627,571021.2796242393
27.755102040816325,17.5656655764397,2.865946177196865,0.9393939393939392,0.6938775510204082,13.244426796076853,564912.8757788377
27.755102040816325,19.5121966883548,2.9710397412417997,0.9494949494949493,0.6938775510204082,13.233726275226388,558900.2403095015
27.755102040816325,21.6744317457404,3.0761333052867346,0.9595959595959593,0.6938775510204082,13.223080551606982,552981.9012158662
27.755102040816325,24.0762738816144,3.1812268693316703,0.9696969696969694,0.6938775510204082,13.212489969535461,547156.4031636835
27.755102040816325,26.744275043632,3.2863204333766105,0.97979797979798,0.6938775510204082,13.20195485882574,541422.3075815287
27.755102040816325,29.707929521255,3.3914139974215445,0.98989898989899,0.6938775510204082,13.191475534896599,535778.1927429519
27.755102040816325,33.0,3.4965075614664802,1.0,0.6938775510204082,13.181052298885026,530222.6538345815
28.57142857142857,0.001,-6.907755278982137,0.0,0.7142857142857142,14.383604813664864,1764900.3955921545
28.57142857142857,0.001110814537795,-6.802661714937222,0.010101010101008117,0.7142857142857142,14.371197079987535,1743137.2762165691
28.57142857142857,0.0012339089373767,-6.697568150892323,0.020202020202014698,0.7142857142857142,14.358761824864123,1721595.1380613043
28.57142857142857,0.0013706439859533,-6.592474586847349,0.030303030303028534,0.7142857142857142,14.346300036243928,1700274.108365993
28.57142857142857,0.0015225312657382,-6.487381022802441,0.04040404040403597,0.7142857142857142,14.33381271199063,1679174.2488293294
28.57142857142857,0.0016912498642295,-6.382287458757476,0.05050505050504887,0.7142857142857142,14.321300859503628,1658295.5562618286
28.57142857142857,0.00187866493623,-6.277193894712534,0.06060606060605963,0.7142857142857142,14.30876549533113,1637637.963286364
28.57142857142857,0.00208684832281,-6.172100330667619,0.07070707070706775,0.7142857142857142,14.29620764477514,1617201.3390848287
28.57142857142857,0.0023181014551505,-6.067006766622687,0.08080808080807748,0.7142857142857142,14.28362834148887,1596985.4901897928
28.57142857142857,0.002574980796465,-5.961913202577741,0.0909090909090886,0.7142857142857142,14.271028627066872,1576990.1613196074
28.57142857142857,0.0028603261032564,-5.856819638532781,0.10101010101010106,0.7142857142857142,14.258409550628345,1557215.036255502
28.57142857142857,0.0031772918183317,-5.751726074487876,0.11111111111110823,0.7142857142857142,14.245772168393959,1537659.738759106
28.57142857142857,0.0035293819426201,-5.646632510442922,0.1212121212121201,0.7142857142857142,14.23311754325663,1518323.8335287594
28.57142857142857,0.0039204887712936,-5.541538946397998,0.13131313131312908,0.7142857142857142,14.220446744346745,1499206.827193116
28.57142857142857,0.0043549359224151,-5.436445382353058,0.14141414141413966,0.7142857142857142,14.207760846592107,1480308.1693401241
28.57142857142857,0.0048375261337845,-5.331351818308116,0.15151515151515035,0.7142857142857142,14.19506093027323,1461627.2535799043
28.57142857142857,0.0053735943563712,-5.2262582542631755,0.16161616161616094,0.7142857142857142,14.182348080574265,1443163.4186395637
28.57142857142857,0.0059690667312704,-5.121164690218244,0.17171717171717069,0.7142857142857142,14.169623387130107,1424915.9494883027
28.57142857142857,0.0066305261021638,-5.016071126173304,0.18181818181818118,0.7142857142857142,14.156887943570107,1406884.0784909264
28.57142857142857,0.0073652847875129,-4.910977562128371,0.19191919191919102,0.7142857142857142,14.144142847058838,1389066.9865879656
28.57142857142857,0.0081814654169699,-4.80588399808343,0.20202020202020168,0.7142857142857142,14.131389197834407,1371463.8045005598
28.57142857142857,0.0090880907256374,-4.700790434038493,0.21212121212121193,0.7142857142857142,14.118628098744757,1354073.6139582426
28.57142857142857,0.0100951832988382,-4.595696869993551,0.22222222222222263,0.7142857142857142,14.105860654782413,1336895.4489477384
28.57142857142857,0.0112138763700549,-4.490603305948624,0.23232323232323193,0.7142857142857142,14.093087972618187,1319928.296980978
28.57142857142857,0.0124565368968931,-4.385509741903686,0.24242424242424226,0.7142857142857142,14.080311160134258,1303171.100380379
28.57142857142857,0.013836902275649,-4.280416177858747,0.2525252525252527,0.7142857142857142,14.06753132595712,1286622.7575796007
28.57142857142857,0.0153702322058399,-4.175322613813814,0.26262626262626254,0.7142857142857142,14.054749578990865,1270282.1244378944
28.57142857142857,0.0170734773835322,-4.07022904976888,0.2727272727272725,0.7142857142857142,14.04196702795124,1254148.0155662023
28.57142857142857,0.0189654668883421,-3.9651354857239447,0.2828282828282826,0.7142857142857142,14.02918478090096,1238219.2056632247
28.57142857142857,0.0210671163356406,-3.8600419216790063,0.292929292929293,0.7142857142857142,14.01640394478673,1222494.4308596135
28.57142857142857,0.0234016590950486,-3.7549483576340705,0.3030303030303031,0.7142857142857142,14.003625624978387,1206972.390068544
28.57142857142857,0.0259949031313031,-3.649854793589135,0.3131313131313132,0.7142857142857142,13.990850924810667,1191651.7463409065
28.57142857142857,0.0288755163068248,-3.5447612295442013,0.32323232323232315,0.7142857142857142,13.978080945127981,1176531.128223413
28.57142857142857,0.0320753432999582,-3.4396676654992664,0.33333333333333315,0.7142857142857142,13.965316783832648,1161609.131117913
28.57142857142857,0.0356297576423598,-3.3345741014543298,0.34343434343434337,0.7142857142857142,13.95255953543701,1146884.3186402984
28.57142857142857,0.0395780527672466,-3.229480537409394,0.3535353535353535,0.7142857142857142,13.939810290619834,1132355.2239773693
28.57142857142857,0.0439638763914761,-3.1243869733644574,0.3636363636363637,0.7142857142857142,13.927070135787416,1118020.351240109
28.57142857142857,0.048835713033475,-3.019293409319523,0.3737373737373737,0.7142857142857142,13.914340152639747,1103878.1768118204
28.57142857142857,0.0542474200011699,-2.914199845274587,0.3838383838383838,0.7142857142857142,13.901621417742176,1089927.1506896878
28.57142857142857,0.060258822775172,-2.8091062812296523,0.3939393939393938,0.7142857142857142,13.88891500210289,1076165.6978182946
28.57142857142857,0.0669363763690749,-2.7040127171847166,0.404040404040404,0.7142857142857142,13.876221970756607,1062592.21941374
28.57142857142857,0.0743538999780876,-2.5989191531397813,0.4141414141414141,0.7142857142857142,13.863543382354814,1049205.09427702
28.57142857142857,0.0825933930374168,-2.493825589094845,0.42424242424242425,0.7142857142857142,13.850880288762884,1036002.6800953926
28.57142857142857,0.0917459417117808,-2.38873202504991,0.4343434343434343,0.7142857142857142,13.838233734664401,1022983.3147305133
28.57142857142857,0.101912725837141,-2.283638461004973,0.44444444444444453,0.7142857142857142,13.825604757173014,1010145.3174921715
28.57142857142857,0.113206137446215,-2.1785448969600347,0.4545454545454549,0.7142857142857142,13.812994385452075,997486.9903964928
28.57142857142857,0.125751023242877,-2.0734513329151003,0.46464646464646486,0.7142857142857142,13.80040364034241,985006.6194076026
28.57142857142857,0.139686064760787,-1.9683577688701692,0.47474747474747453,0.7142857142857142,13.787833533998413,972702.4756616853
28.57142857142857,0.155165311463659,-1.8632642048252352,0.48484848484848453,0.7142857142857142,13.775285069532785,960572.816672547
28.57142857142857,0.172359883735326,-1.7581706407802946,0.49494949494949514,0.7142857142857142,13.76275924067012,948615.8875177773
28.57142857142857,0.19145986458586,-1.6530770767353593,0.5050505050505052,0.7142857142857142,13.750257031409568,936829.9220046812
28.57142857142857,0.212676400986239,-1.5479835126904273,0.5151515151515149,0.7142857142857142,13.737779415696794,925213.143815204
28.57142857142857,0.236244038061438,-1.442889948645492,0.5252525252525251,0.7142857142857142,13.72532735710541,913763.7676291402
28.57142857142857,0.262423311946047,-1.3377963846005527,0.5353535353535355,0.7142857142857142,13.712901808528095,902480.0002249817
28.57142857142857,0.291503629965987,-1.2327028205556183,0.5454545454545455,0.7142857142857142,13.700503711877513,891360.0415577628
28.57142857142857,0.323806469986239,-1.1276092565106834,0.5555555555555556,0.7142857142857142,13.688133997797241,880402.0858133975
28.57142857142857,0.359688934292802,-1.0225156924657481,0.5656565656565656,0.7142857142857142,13.675793585382786,869604.3224389802
28.57142857142857,0.399547697296443,-0.9174221284208132,0.5757575757575757,0.7142857142857142,13.66348338191285,858964.9371486274
28.57142857142857,0.443823390699414,-0.8123285643758777,0.5858585858585857,0.7142857142857142,13.651204282590921,848482.1129044661
28.57142857142857,0.49300547460239,-0.707235000330941,0.5959595959595959,0.7142857142857142,13.63895717029731,838154.0308724269
28.57142857142857,0.547637648400869,-0.6021414362860068,0.606060606060606,0.7142857142857142,13.626742915351674,827978.871352563
28.57142857142857,0.608323861287565,-0.49704787224107067,0.6161616161616161,0.7142857142857142,13.614562375286106,817954.8146836358
28.57142857142857,0.67573498880583,-0.39195430819613525,0.6262626262626262,0.7142857142857142,13.602416394628852,808080.0421218065
28.57142857142857,0.750616249262273,-0.2868607441511999,0.6363636363636362,0.7142857142857142,13.59030580469865,798352.7366932466
28.57142857142857,0.833795441985706,-0.18176718010626372,0.6464646464646464,0.7142857142857142,13.578231423409754,788771.0840206108
28.57142857142857,0.926192098504948,-0.07667361606132911,0.6565656565656565,0.7142857142857142,13.56619405508761,779333.2731232652
28.57142857142857,1.02882764781018,0.028419947983610284,0.666666666666667,0.7142857142857142,13.5541944902952,770037.4971912903
28.57142857142857,1.142836708073,0.1335135120285407,0.6767676767676766,0.7142857142857142,13.542233505670039,760881.9543332683
28.57142857142857,1.2694796296533,0.23860707607348014,0.686868686868687,0.7142857142857142,13.53031186377175,751864.8482979002
28.57142857142857,1.41015642805352,0.3437006401184105,0.6969696969696967,0.7142857142857142,13.518430312940248,742984.3891695798
28.57142857142857,1.56642226084696,0.44879420416335164,0.7070707070707073,0.7142857142857142,13.506589587164381,734238.7940380179
28.57142857142857,1.74000461967455,0.5538877682082868,0.7171717171717173,0.7142857142857142,13.494790405961048,725626.287642119
28.57142857142857,1.93282242736499,0.6589813322532224,0.7272727272727274,0.7142857142857142,13.48303347426465,717145.1029882731
28.57142857142857,2.14700725129329,0.7640748962981553,0.7373737373737373,0.7142857142857142,13.471319482326823,708793.481943314
28.57142857142857,2.38492686748792,0.8691684603430914,0.7474747474747475,0.7142857142857142,13.459649105626337,700569.6758023805
28.57142857142857,2.64921143598352,0.9742620243880249,0.7575757575757573,0.7142857142857142,13.448023004789047,692471.9458319732
28.57142857142857,2.94278257678333,1.0793555884329629,0.7676767676767676,0.7142857142857142,13.43644182551778,684498.5637884941
28.57142857142857,3.26888566786082,1.184449152477898,0.7777777777777777,0.7142857142857142,13.424906198532051,676647.8124126261
28.57142857142857,3.63112572224959,1.289542716522833,0.7878787878787878,0.7142857142857142,13.41341673951741,668917.9858998635
28.57142857142857,4.0335072408363,1.3946362805677694,0.797979797979798,0.7142857142857142,13.401974049084364,661307.390347606
28.57142857142857,4.48047848142245,1.4997298446127043,0.808080808080808,0.7142857142857142,13.390578712736627,653814.3441791625
28.57142857142857,4.97698063344183,1.6048234086576407,0.8181818181818182,0.7142857142857142,13.379231300848618,646437.1785451078
28.57142857142857,5.52850244195146,1.7099169727025751,0.8282828282828283,0.7142857142857142,13.367932368651973,639174.2377023745
28.57142857142857,6.14114088475497,1.8150105367475111,0.8383838383838383,0.7142857142857142,13.356682456230956,632023.8793715554
28.57142857142857,6.8216685734332,1.9201041007924453,0.8484848484848483,0.7142857142857142,13.34548208852654,624984.4750728225
28.57142857142857,7.57760862338904,2.0251976648373815,0.8585858585858586,0.7142857142857142,13.334331775349003,618054.4104409533
28.57142857142857,8.41731782058148,2.1302912288823177,0.8686868686868686,0.7142857142857142,13.323232011398847,611232.0855199113
28.57142857142857,9.35007900434302,2.2353847929272526,0.8787878787878787,0.7142857142857142,13.31218327629583,604515.9150374709
28.57142857142857,10.3862036875563,2.3404783569721936,0.8888888888888893,0.7142857142857142,13.301186034615915,597904.3286603522
28.57142857142857,11.5371460486378,2.445571921017128,0.8989898989898993,0.7142857142857142,13.290240735935964,591395.7712303838
28.57142857142857,12.8156295554912,2.550665485062058,0.909090909090909,0.7142857142857142,13.279347814885913,584988.7029821534
28.57142857142857,14.2357876212352,2.6557590491069942,0.919191919191919,0.7142857142857142,13.26850769120828,578681.5997426745
28.57142857142857,15.8133198466305,2.7608526131519304,0.9292929292929293,0.7142857142857142,13.257720769824758,572472.9531135588
28.57142857142857,17.5656655764397,2.865946177196865,0.9393939393939392,0.7142857142857142,13.246987440909674,566361.2706361832
28.57142857142857,19.5121966883548,2.9710397412417997,0.9494949494949493,0.7142857142857142,13.236308079970145,560345.0759403906
28.57142857142857,21.6744317457404,3.0761333052867346,0.9595959595959593,0.7142857142857142,13.225683047932646,554422.9088771844
28.57142857142857,24.0762738816144,3.1812268693316703,0.9696969696969694,0.7142857142857142,13.215112691235834,548593.3256359578
28.57142857142857,26.744275043632,3.2863204333766105,0.97979797979798,0.7142857142857142,13.204597341929375,542854.8988467355
28.57142857142857,29.707929521255,3.3914139974215445,0.98989898989899,0.7142857142857142,13.194137317778562,537206.2176679345
28.57142857142857,33.0,3.4965075614664802,1.0,0.7142857142857142,13.183732922374515,531645.8878601404
29.387755102040817,0.001,-6.907755278982137,0.0,0.7346938775510204,14.382381276219283,1762742.2943984687
29.387755102040817,0.001110814537795,-6.802661714937222,0.010101010101008117,0.7346938775510204,14.37002477225609,1741094.9802442626
29.387755102040817,0.0012339089373767,-6.697568150892323,0.020202020202014698,0.7346938775510204,14.357640846197903,1719666.347907951
29.387755102040817,0.0013706439859533,-6.592474586847349,0.030303030303028534,0.7346938775510204,14.345230473189442,1698456.5301776957
29.387755102040817,0.0015225312657382,-6.487381022802441,0.04040404040403597,0.7346938775510204,14.332794638278529,1677465.595583616
29.387755102040817,0.0016912498642295,-6.382287458757476,0.05050505050504887,0.7346938775510204,14.320334336045747,1656693.5490201022
29.387755102040817,0.00187866493623,-6.277193894712534,0.06060606060605963,0.7346938775510204,14.307850570225845,1636140.332414898
29.387755102040817,0.00208684832281,-6.172100330667619,0.07070707070706775,0.7346938775510204,14.295344353321003,1615805.8254433465
29.387755102040817,0.0023181014551505,-6.067006766622687,0.08080808080807748,0.7346938775510204,14.282816706206454,1595689.846286727
29.387755102040817,0.002574980796465,-5.961913202577741,0.0909090909090886,0.7346938775510204,14.270268657728813,1575792.1524332534
29.387755102040817,0.0028603261032564,-5.856819638532781,0.10101010101010106,0.7346938775510204,14.25770124429746,1556112.4415202853
29.387755102040817,0.0031772918183317,-5.751726074487876,0.11111111111110823,0.7346938775510204,14.245115509469409,1536650.3522163406
29.387755102040817,0.0035293819426201,-5.646632510442922,0.1212121212121201,0.7346938775510204,14.232512503528023,1517405.4651412778
29.387755102040817,0.0039204887712936,-5.541538946397998,0.13131313131312908,0.7346938775510204,14.219893283056068,1498377.3038232587
29.387755102040817,0.0043549359224151,-5.436445382353058,0.14141414141413966,0.7346938775510204,14.207258910503429,1479565.3356906706
29.387755102040817,0.0048375261337845,-5.331351818308116,0.15151515151515035,0.7346938775510204,14.19461045374999,1460968.9730975206
29.387755102040817,0.0053735943563712,-5.2262582542631755,0.16161616161616094,0.7346938775510204,14.181948985664086,1442587.5743805275
29.387755102040817,0.0059690667312704,-5.121164690218244,0.17171717171717069,0.7346938775510204,14.169275583656972,1424420.4449462409
29.387755102040817,0.0066305261021638,-5.016071126173304,0.18181818181818118,0.7346938775510204,14.15659132923375,1406466.8383864118
29.387755102040817,0.0073652847875129,-4.910977562128371,0.19191919191919102,0.7346938775510204,14.143897307541225,1388725.957619905
29.387755102040817,0.0081814654169699,-4.80588399808343,0.20202020202020168,0.7346938775510204,14.131194606913128,1371196.9560593257
29.387755102040817,0.0090880907256374,-4.700790434038493,0.21212121212121193,0.7346938775510204,14.118484318413167,1353878.9388005938
29.387755102040817,0.0100951832988382,-4.595696869993551,0.22222222222222263,0.7346938775510204,14.105767535376364,1336770.9638336624
29.387755102040817,0.0112138763700549,-4.490603305948624,0.23232323232323193,0.7346938775510204,14.09304535294916,1319872.043272586
29.387755102040817,0.0124565368968931,-4.385509741903686,0.24242424242424226,0.7346938775510204,14.080318867628703,1303181.1446031043
29.387755102040817,0.013836902275649,-4.280416177858747,0.2525252525252527,0.7346938775510204,14.06758917680184,1286697.1919459885
29.387755102040817,0.0153702322058399,-4.175322613813814,0.26262626262626254,0.7346938775510204,14.054857378284211,1270419.0673343
29.387755102040817,0.0170734773835322,-4.07022904976888,0.2727272727272725,0.7346938775510204,14.042124569859947,1254345.612002828
29.387755102040817,0.0189654668883421,-3.9651354857239447,0.2828282828282826,0.7346938775510204,14.029391848822398,1238475.6276878964
29.387755102040817,0.0210671163356406,-3.8600419216790063,0.292929292929293,0.7346938775510204,14.016660311516354,1222807.8779358217
29.387755102040817,0.0234016590950486,-3.7549483576340705,0.3030303030303031,0.7346938775510204,14.003931052882205,1207341.0894182776
29.387755102040817,0.0259949031313031,-3.649854793589135,0.3131313131313132,0.7346938775510204,13.991205166002466,1192073.953252864
29.387755102040817,0.0288755163068248,-3.5447612295442013,0.32323232323232315,0.7346938775510204,13.9784837416511,1177005.1263271878
29.387755102040817,0.0320753432999582,-3.4396676654992664,0.33333333333333315,0.7346938775510204,13.965767867846104,1162133.2326248633
29.387755102040817,0.0356297576423598,-3.3345741014543298,0.34343434343434337,0.7346938775510204,13.953058629405703,1147456.8645517419
29.387755102040817,0.0395780527672466,-3.229480537409394,0.3535353535353535,0.7346938775510204,13.940357107508644,1132974.5842608719
29.387755102040817,0.0439638763914761,-3.1243869733644574,0.3636363636363637,0.7346938775510204,13.927664379258928,1118684.9249745966
29.387755102040817,0.048835713033475,-3.019293409319523,0.3737373737373737,0.7346938775510204,13.91498151725541,1104586.3923023301
29.387755102040817,0.0542474200011699,-2.914199845274587,0.3838383838383838,0.7346938775510204,13.902309589166622,1090677.4655525335
29.387755102040817,0.060258822775172,-2.8091062812296523,0.3939393939393938,0.7346938775510204,13.889649657311224,1076956.5990375064
29.387755102040817,0.0669363763690749,-2.7040127171847166,0.404040404040404,0.7346938775510204,13.877002778244412,1063422.2233696254
29.387755102040817,0.0743538999780876,-2.5989191531397813,0.4141414141414141,0.7346938775510204,13.86437000235064,1050072.7467477066
29.387755102040817,0.0825933930374168,-2.493825589094845,0.42424242424242425,0.7346938775510204,13.851752373443006,1036906.5562322492
29.387755102040817,0.0917459417117808,-2.38873202504991,0.4343434343434343,0.7346938775510204,13.839150928369612,1023922.0190083409
29.387755102040817,0.101912725837141,-2.283638461004973,0.44444444444444453,0.7346938775510204,13.826566696627221,1011117.4836350699
29.387755102040817,0.113206137446215,-2.1785448969600347,0.4545454545454549,0.7346938775510204,13.814000699982492,998491.2812803333
29.387755102040817,0.125751023242877,-2.0734513329151003,0.46464646464646486,0.7346938775510204,13.801453952101099,986041.7269400026
29.387755102040817,0.139686064760787,-1.9683577688701692,0.47474747474747453,0.7346938775510204,13.78892745818499,973767.1206404321
29.387755102040817,0.155165311463659,-1.8632642048252352,0.48484848484848453,0.7346938775510204,13.77642221461805,961665.7486233908
29.387755102040817,0.172359883735326,-1.7581706407802946,0.49494949494949514,0.7346938775510204,13.763939208620403,949735.8845125076
29.387755102040817,0.19145986458586,-1.6530770767353593,0.5050505050505052,0.7346938775510204,13.751479417911609,937975.7904604324
29.387755102040817,0.212676400986239,-1.5479835126904273,0.5151515151515149,0.7346938775510204,13.739043810382908,926383.7182758815
29.387755102040817,0.236244038061438,-1.442889948645492,0.5252525252525251,0.7346938775510204,13.726633343778794,914957.910529914
29.387755102040817,0.262423311946047,-1.3377963846005527,0.5353535353535355,0.7346938775510204,13.714248965388027,903696.601640714
29.387755102040817,0.291503629965987,-1.2327028205556183,0.5454545454545455,0.7346938775510204,13.701891611744308,892598.0189363043
29.387755102040817,0.323806469986239,-1.1276092565106834,0.5555555555555556,0.7346938775510204,13.68956220833673,881660.3836946038
29.387755102040817,0.359688934292802,-1.0225156924657481,0.5656565656565656,0.7346938775510204,13.677261669330175,870881.9121603507
29.387755102040817,0.399547697296443,-0.9174221284208132,0.5757575757575757,0.7346938775510204,13.664990897295768,860260.8165384058
29.387755102040817,0.443823390699414,-0.8123285643758777,0.5858585858585857,0.7346938775510204,13.652750782951502,849795.3059630622
29.387755102040817,0.49300547460239,-0.707235000330941,0.5959595959595959,0.7346938775510204,13.640542204913128,839483.5874429838
29.387755102040817,0.547637648400869,-0.6021414362860068,0.606060606060606,0.7346938775510204,13.628366029455387,829323.8667814748
29.387755102040817,0.608323861287565,-0.49704787224107067,0.6161616161616161,0.7346938775510204,13.61622311028367,819314.3494718377
29.387755102040817,0.67573498880583,-0.39195430819613525,0.6262626262626262,0.7346938775510204,13.604114288316126,809453.2415675789
29.387755102040817,0.750616249262273,-0.2868607441511999,0.6363636363636362,0.7346938775510204,13.592040391476296,799738.7505273285
29.387755102040817,0.833795441985706,-0.18176718010626372,0.6464646464646464,0.7346938775510204,13.58000223449626,790169.0860343237
29.387755102040817,0.926192098504948,-0.07667361606132911,0.6565656565656565,0.7346938775510204,13.568000618730343,780742.4607904038
29.387755102040817,1.02882764781018,0.028419947983610284,0.666666666666667,0.7346938775510204,13.55603633197935,771457.0912844455
29.387755102040817,1.142836708073,0.1335135120285407,0.6767676767676766,0.7346938775510204,13.544110148325338,762311.1985352767
29.387755102040817,1.2694796296533,0.23860707607348014,0.686868686868687,0.7346938775510204,13.532222827976879,753303.0088090667
29.387755102040817,1.41015642805352,0.3437006401184105,0.6969696969696967,0.7346938775510204,13.520375117124793,744430.7543113005
29.387755102040817,1.56642226084696,0.44879420416335164,0.7070707070707073,0.7346938775510204,13.508567747808288,735692.6738534287
29.387755102040817,1.74000461967455,0.5538877682082868,0.7171717171717173,0.7346938775510204,13.496801437791454,727087.0134943442
29.387755102040817,1.93282242736499,0.6589813322532224,0.7272727272727274,0.7346938775510204,13.485076890450015,718612.0271568351
29.387755102040817,2.14700725129329,0.7640748962981553,0.7373737373737373,0.7346938775510204,13.473394794668298,710265.9772192639
29.387755102040817,2.38492686748792,0.8691684603430914,0.7474747474747475,0.7346938775510204,13.461755824746266,702047.1350826472
29.387755102040817,2.64921143598352,0.9742620243880249,0.7575757575757573,0.7346938775510204,13.450160640316572,693953.7817134422
29.387755102040817,2.94278257678333,1.0793555884329629,0.7676767676767676,0.7346938775510204,13.438609886271468,685984.2081622921
29.387755102040817,3.26888566786082,1.184449152477898,0.7777777777777777,0.7346938775510204,13.42710419269948,678136.7160590476
29.387755102040817,3.63112572224959,1.289542716522833,0.7878787878787878,0.7346938775510204,13.415644174831693,670409.6180843934
29.387755102040817,4.0335072408363,1.3946362805677694,0.797979797979798,0.7346938775510204,13.404230432997526,662801.2384184208
29.387755102040817,4.48047848142245,1.4997298446127043,0.808080808080808,0.7346938775510204,13.39286355258984,655309.9131665248
29.387755102040817,4.97698063344183,1.6048234086576407,0.8181818181818182,0.7346938775510204,13.381544104039213,647933.9907629914
29.387755102040817,5.52850244195146,1.7099169727025751,0.8282828282828283,0.7346938775510204,13.370272642797234,640671.832352694
29.387755102040817,6.14114088475497,1.8150105367475111,0.8383838383838383,0.7346938775510204,13.35904970932865,633521.8121513
29.387755102040817,6.8216685734332,1.9201041007924453,0.8484848484848483,0.7346938775510204,13.34787582911217,626482.3177844186
29.387755102040817,7.57760862338904,2.0251976648373815,0.8585858585858586,0.7346938775510204,13.336751512649768,619551.7506061307
29.387755102040817,8.41731782058148,2.1302912288823177,0.8686868686868686,0.7346938775510204,13.32567725548428,612728.5259973401
29.387755102040817,9.35007900434302,2.2353847929272526,0.8787878787878787,0.7346938775510204,13.314653538225128,606011.0736444232
29.387755102040817,10.3862036875563,2.3404783569721936,0.8888888888888893,0.7346938775510204,13.303680826581937,599397.8377986118
29.387755102040817,11.5371460486378,2.445571921017128,0.8989898989898993,0.7346938775510204,13.2927595714059,592887.2775166227
29.387755102040817,12.8156295554912,2.550665485062058,0.909090909090909,0.7346938775510204,13.28189020873863,586477.8668829642
29.387755102040817,14.2357876212352,2.6557590491069942,0.919191919191919,0.7346938775510204,13.271073159868335,580168.0952144413
29.387755102040817,15.8133198466305,2.7608526131519304,0.9292929292929293,0.7346938775510204,13.2603088313931,573956.4672473298
29.387755102040817,17.5656655764397,2.865946177196865,0.9393939393939392,0.7346938775510204,13.249597615291046,567841.5033076948
29.387755102040817,19.5121966883548,2.9710397412417997,0.9494949494949493,0.7346938775510204,13.23893988899717,561821.739465364
29.387755102040817,21.6744317457404,3.0761333052867346,0.9595959595959593,0.7346938775510204,13.228336015486658,555895.7276720369
29.387755102040817,24.0762738816144,3.1812268693316703,0.9696969696969694,0.7346938775510204,13.217786343364427,550062.035884004
29.387755102040817,26.744275043632,3.2863204333766105,0.97979797979798,0.7346938775510204,13.207291206960717,544319.2481699949
29.387755102040817,29.707929521255,3.3914139974215445,0.98989898989899,0.7346938775510204,13.196850926432491,538665.9648046158
29.387755102040817,33.0,3.4965075614664802,1.0,0.7346938775510204,13.186465807870418,533100.8023478581
30.20408163265306,0.001,-6.907755278982137,0.0,0.7551020408163265,14.381130841810037,1760539.478304466
30.20408163265306,0.001110814537795,-6.802661714937222,0.010101010101008117,0.7551020408163265,14.36882659057779,1739010.081431964
30.20408163265306,0.0012339089373767,-6.697568150892323,0.020202020202014698,0.7551020408163265,14.35649501726398,1717697.032914337
30.20408163265306,0.0013706439859533,-6.592474586847349,0.030303030303028534,0.7551020408163265,14.344137083974038,1696600.471007217
30.20408163265306,0.0015225312657382,-6.487381022802441,0.04040404040403597,0.7551020408163265,14.33175376270556,1675720.4710070086
30.20408163265306,0.0016912498642295,-6.382287458757476,0.05050505050504887,0.7551020408163265,14.319346034986475,1655057.0458428327
30.20408163265306,0.00187866493623,-6.277193894712534,0.06060606060605963,0.7551020408163265,14.306914891504935,1634610.1467141723
30.20408163265306,0.00208684832281,-6.172100330667619,0.07070707070706775,0.7551020408163265,14.294461331731032,1614379.6637727208
30.20408163265306,0.0023181014551505,-6.067006766622687,0.08080808080807748,0.7551020408163265,14.281986363530825,1594365.4268473734
30.20408163265306,0.002574980796465,-5.961913202577741,0.0909090909090886,0.7551020408163265,14.269491002773014,1574567.2062110861
30.20408163265306,0.0028603261032564,-5.856819638532781,0.10101010101010106,0.7551020408163265,14.256976272928606,1554984.7133881627
30.20408163265306,0.0031772918183317,-5.751726074487876,0.11111111111110823,0.7551020408163265,14.244443204663982,1535617.6020006507
30.20408163265306,0.0035293819426201,-5.646632510442922,0.1212121212121201,0.7551020408163265,14.231892835427722,1516465.468652306
30.20408163265306,0.0039204887712936,-5.541538946397998,0.13131313131312908,0.7551020408163265,14.219326209031681,1497527.853848801
30.20408163265306,0.0043549359224151,-5.436445382353058,0.14141414141413966,0.7551020408163265,14.2067443752266,1478804.2429524087
30.20408163265306,0.0048375261337845,-5.331351818308116,0.15151515151515035,0.7551020408163265,14.194148389272781,1460294.067169784
30.20408163265306,0.0053735943563712,-5.2262582542631755,0.16161616161616094,0.7551020408163265,14.181539311506203,1441996.704571131
30.20408163265306,0.0059690667312704,-5.121164690218244,0.17171717171717069,0.7551020408163265,14.1689182069005,1423911.4811391074
30.20408163265306,0.0066305261021638,-5.016071126173304,0.18181818181818118,0.7551020408163265,14.156286144625282,1406037.6718458578
30.20408163265306,0.0073652847875129,-4.910977562128371,0.19191919191919102,0.7551020408163265,14.14364419760121,1388374.501756437
30.20408163265306,0.0081814654169699,-4.80588399808343,0.20202020202020168,0.7551020408163265,14.130993442052283,1370921.1471569282
30.20408163265306,0.0090880907256374,-4.700790434038493,0.21212121212121193,0.7551020408163265,14.11833495705578,1353676.7367055223
30.20408163265306,0.0100951832988382,-4.595696869993551,0.22222222222222263,0.7551020408163265,14.105669824090324,1336640.3526048446
30.20408163265306,0.0112138763700549,-4.490603305948624,0.23232323232323193,0.7551020408163265,14.092999126582507,1319811.0317937594
30.20408163265306,0.0124565368968931,-4.385509741903686,0.24242424242424226,0.7551020408163265,14.080323949452536,1303187.7671569309
30.20408163265306,0.013836902275649,-4.280416177858747,0.2525252525252527,0.7551020408163265,14.067645378659355,1286769.508750385
30.20408163265306,0.0153702322058399,-4.175322613813814,0.26262626262626254,0.7551020408163265,14.054964500745697,1270555.1650413424
30.20408163265306,0.0170734773835322,-4.07022904976888,0.2727272727272725,0.7551020408163265,14.04228240238351,1254543.60416058
30.20408163265306,0.0189654668883421,-3.9651354857239447,0.2828282828282826,0.7551020408163265,14.02960016992021,1238733.6551656204
30.20408163265306,0.0210671163356406,-3.8600419216790063,0.292929292929293,0.7551020408163265,14.016918888926215,1223124.109313039
30.20408163265306,0.0234016590950486,-3.7549483576340705,0.3030303030303031,0.7551020408163265,14.004239643744175,1207713.721338198
30.20408163265306,0.0259949031313031,-3.649854793589135,0.3131313131313132,0.7551020408163265,13.991563517040365,1192501.210740775
30.20408163265306,0.0288755163068248,-3.5447612295442013,0.32323232323232315,0.7551020408163265,13.978891589358648,1177485.2630744125
30.20408163265306,0.0320753432999582,-3.4396676654992664,0.33333333333333315,0.7551020408163265,13.966224938677438,1162664.5312389205
30.20408163265306,0.0356297576423598,-3.3345741014543298,0.34343434343434337,0.7551020408163265,13.953564639970091,1148037.6367734326
30.20408163265306,0.0395780527672466,-3.229480537409394,0.3535353535353535,0.7551020408163265,13.940911764769108,1133603.1711489789
30.20408163265306,0.0439638763914761,-3.1243869733644574,0.3636363636363637,0.7551020408163265,13.92826738073457,1119359.6970589687
30.20408163265306,0.048835713033475,-3.019293409319523,0.3737373737373737,0.7551020408163265,13.915632551227198,1105305.74970614
30.20408163265306,0.0542474200011699,-2.914199845274587,0.3838383838383838,0.7551020408163265,13.9030083348864,1091439.838084499
30.20408163265306,0.060258822775172,-2.8091062812296523,0.3939393939393938,0.7551020408163265,13.8903957852137,1077760.4462549305
30.20408163265306,0.0669363763690749,-2.7040127171847166,0.404040404040404,0.7551020408163265,13.877795950161891,1064266.034613078
30.20408163265306,0.0743538999780876,-2.5989191531397813,0.4141414141414141,0.7551020408163265,13.865209871730267,1050955.0411482432
30.20408163265306,0.0825933930374168,-2.493825589094845,0.42424242424242425,0.7551020408163265,13.852638585566286,1037825.8826920502
30.20408163265306,0.0917459417117808,-2.38873202504991,0.4343434343434343,0.7551020408163265,13.840083120573969,1024876.9561556593
30.20408163265306,0.101912725837141,-2.283638461004973,0.44444444444444453,0.7551020408163265,13.827544498529353,1012106.639754403
30.20408163265306,0.113206137446215,-2.1785448969600347,0.4545454545454549,0.7551020408163265,13.815023733703319,999513.294218748
30.20408163265306,0.125751023242877,-2.0734513329151003,0.46464646464646486,0.7551020408163265,13.802521832492054,987095.2639905262
30.20408163265306,0.139686064760787,-1.9683577688701692,0.47474747474747453,0.7551020408163265,13.790039793055442,974850.8784034523
30.20408163265306,0.155165311463659,-1.8632642048252352,0.48484848484848453,0.7551020408163265,13.77757860496362,962778.45284698
30.20408163265306,0.172359883735326,-1.7581706407802946,0.49494949494949514,0.7551020408163265,13.765139248851998,950876.2899126343
30.20408163265306,0.19145986458586,-1.6530770767353593,0.5050505050505052,0.7551020408163265,13.752722696084897,939142.680521947
30.20408163265306,0.212676400986239,-1.5479835126904273,0.5151515151515149,0.7551020408163265,13.740329908428095,927575.9050352512
30.20408163265306,0.236244038061438,-1.442889948645492,0.5252525252525251,0.7551020408163265,13.72796183773044,916174.2343405867
30.20408163265306,0.262423311946047,-1.3377963846005527,0.5353535353535355,0.7551020408163265,13.715619425614747,904935.9309220572
30.20408163265306,0.291503629965987,-1.2327028205556183,0.5454545454545455,0.7551020408163265,13.703303603178135,893859.2499070112
30.20408163265306,0.323806469986239,-1.1276092565106834,0.5555555555555556,0.7551020408163265,13.691015290701959,882942.4400914593
30.20408163265306,0.359688934292802,-1.0225156924657481,0.5656565656565656,0.7551020408163265,13.678755397371512,872183.744943248
30.20408163265306,0.399547697296443,-0.9174221284208132,0.5757575757575757,0.7551020408163265,13.666524821005604,861581.4035824894
30.20408163265306,0.443823390699414,-0.8123285643758777,0.5858585858585857,0.7551020408163265,13.654324447796125,851133.651738838
30.20408163265306,0.49300547460239,-0.707235000330941,0.5959595959595959,0.7551020408163265,13.642155152057727,840838.7226852542
30.20408163265306,0.547637648400869,-0.6021414362860068,0.606060606060606,0.7551020408163265,13.63001779598768,830694.8481479168
30.20408163265306,0.608323861287565,-0.49704787224107067,0.6161616161616161,0.7551020408163265,13.617913229435999,820700.2591920343
30.20408163265306,0.67573498880583,-0.39195430819613525,0.6262626262626262,0.7551020408163265,13.605842289685874,810853.1870832877
30.20408163265306,0.750616249262273,-0.2868607441511999,0.6363636363636362,0.7551020408163265,13.593805801244487,801151.8641247675
30.20408163265306,0.833795441985706,-0.18176718010626372,0.6464646464646464,0.7551020408163265,13.581804575644206,791594.5244692212
30.20408163265306,0.926192098504948,-0.07667361606132911,0.6565656565656565,0.7551020408163265,13.5698394112542,782179.4049065342
30.20408163265306,1.02882764781018,0.028419947983610284,0.666666666666667,0.7551020408163265,13.55791109310248,772904.7456263789
30.20408163265306,1.142836708073,0.1335135120285407,0.6767676767676766,0.7551020408163265,13.54602039270834,763768.7909560115
30.20408163265306,1.2694796296533,0.23860707607348014,0.686868686868687,0.7551020408163265,13.534168067925195,754769.7900732245
30.20408163265306,1.41015642805352,0.3437006401184105,0.6969696969696967,0.7551020408163265,13.522354862793783,745905.9976945224
30.20408163265306,1.56642226084696,0.44879420416335164,0.7070707070707073,0.7551020408163265,13.510581507405664,737175.6747385948
30.20408163265306,1.74000461967455,0.5538877682082868,0.7171717171717173,0.7551020408163265,13.498848717777005,728577.0889652161
30.20408163265306,1.93282242736499,0.6589813322532224,0.7272727272727274,0.7551020408163265,13.487157195732518,720108.5155897031
30.20408163265306,2.14700725129329,0.7640748962981553,0.7373737373737373,0.7551020408163265,13.475507628799543,711768.2378731368
30.20408163265306,2.38492686748792,0.8691684603430914,0.7474747474747475,0.7551020408163265,13.463900690112137,703554.5476885424
30.20408163265306,2.64921143598352,0.9742620243880249,0.7575757575757573,0.7551020408163265,13.452337038325092,695465.7460632576
30.20408163265306,2.94278257678333,1.0793555884329629,0.7676767676767676,0.7551020408163265,13.440817317537766,687500.1436977604
30.20408163265306,3.26888566786082,1.184449152477898,0.7777777777777777,0.7551020408163265,13.429342157227618,679656.0614612391
30.20408163265306,3.63112572224959,1.289542716522833,0.7878787878787878,0.7551020408163265,13.417912172193303,671931.830864193
30.20408163265306,4.0335072408363,1.3946362805677694,0.797979797979798,0.7551020408163265,13.406527962507221,664325.7945084205
30.20408163265306,4.48047848142245,1.4997298446127043,0.808080808080808,0.7551020408163265,13.39519011347734,656836.3065147046
30.20408163265306,4.97698063344183,1.6048234086576407,0.8181818181818182,0.7551020408163265,13.383899195618175,649461.732928586
30.20408163265306,5.52850244195146,1.7099169727025751,0.8282828282828283,0.7551020408163265,13.372655764630746,642200.4521045893
30.20408163265306,6.14114088475497,1.8150105367475111,0.8383838383838383,0.7551020408163265,13.361460361391362,635050.8550692981
30.20408163265306,6.8216685734332,1.9201041007924453,0.8484848484848483,0.7551020408163265,13.350313511949043,628011.3458636779
30.20408163265306,7.57760862338904,2.0251976648373815,0.8585858585858586,0.7551020408163265,13.339215727531435,621080.3418650895
30.20408163265306,8.41731782058148,2.1302912288823177,0.8686868686868686,0.7551020408163265,13.328167504558994,614256.2740893853
30.20408163265306,9.35007900434302,2.2353847929272526,0.8787878787878787,0.7551020408163265,13.317169324667294,607537.5874735656
30.20408163265306,10.3862036875563,2.3404783569721936,0.8888888888888893,0.7551020408163265,13.306221654737232,600922.7411394113
30.20408163265306,11.5371460486378,2.445571921017128,0.8989898989898993,0.7551020408163265,13.295324946932972,594410.2086385706
30.20408163265306,12.8156295554912,2.550665485062058,0.909090909090909,0.7551020408163265,13.284479638747378,587998.4781795383
30.20408163265306,14.2357876212352,2.6557590491069942,0.919191919191919,0.7551020408163265,13.27368615305479,581686.0528370137
30.20408163265306,15.8133198466305,2.7608526131519304,0.9292929292929293,0.7551020408163265,13.262944898170897,575471.4507440918
30.20408163265306,17.5656655764397,2.865946177196865,0.9393939393939392,0.7551020408163265,13.252256267919517,569353.2052677663
30.20408163265306,19.5121966883548,2.9710397412417997,0.9494949494949493,0.7551020408163265,13.241620641706067,563329.8651682145
30.20408163265306,21.6744317457404,3.0761333052867346,0.9595959595959593,0.7551020408163265,13.231038384597513,557399.9947423401
30.20408163265306,24.0762738816144,3.1812268693316703,0.9696969696969694,0.7551020408163265,13.220509847408596,551562.1739520562
30.20408163265306,26.744275043632,3.2863204333766105,0.97979797979798,0.7551020408163265,13.210035366794102,545814.9985377669
30.20408163265306,29.707929521255,3.3914139974215445,0.98989898989899,0.7551020408163265,13.199615265346972,540157.0801175362
30.20408163265306,33.0,3.4965075614664802,1.0,0.7551020408163265,13.189249851702048,534587.0462724096
31.020408163265305,0.001,-6.907755278982137,0.0,0.7755102040816326,14.379854476567196,1758293.8203504568
31.020408163265305,0.001110814537795,-6.802661714937222,0.010101010101008117,0.7755102040816326,14.367603467341581,1736884.3580691956
31.020408163265305,0.0012339089373767,-6.697568150892323,0.020202020202014698,0.7755102040816326,14.355325236782749,1715688.879231051
31.020408163265305,0.0013706439859533,-6.592474586847349,0.030303030303028534,0.7755102040816326,14.343020733736465,1694707.5274589185
31.020408163265305,0.0015225312657382,-6.487381022802441,0.04040404040403597,0.7755102040816326,14.330690916929719,1673940.38472907
31.020408163265305,0.0016912498642295,-6.382287458757476,0.05050505050504887,0.7755102040816326,14.318336754617565,1653387.4719328484
31.020408163265305,0.00187866493623,-6.277193894712534,0.06060606060605963,0.7755102040816326,14.305959224221674,1633048.7494830317
31.020408163265305,0.00208684832281,-6.172100330667619,0.07070707070706775,0.7755102040816326,14.293559311960648,1612924.1179633306
31.020408163265305,0.0023181014551505,-6.067006766622687,0.08080808080807748,0.7755102040816326,14.281138012472644,1593013.418820187
31.020408163265305,0.002574980796465,-5.961913202577741,0.0909090909090886,0.7755102040816326,14.268696328430543,1573316.435095494
31.020408163265305,0.0028603261032564,-5.856819638532781,0.10101010101010106,0.7755102040816326,14.256235270150077,1553832.8921990267
31.020408163265305,0.0031772918183317,-5.751726074487876,0.11111111111110823,0.7755102040816326,14.243755855191251,1534562.4587192303
31.020408163265305,0.0035293819426201,-5.646632510442922,0.1212121212121201,0.7755102040816326,14.231259107953456,1515504.747270965
31.020408163265305,0.0039204887712936,-5.541538946397998,0.13131313131312908,0.7755102040816326,14.218746059264715,1496659.315378921
31.020408163265305,0.0043549359224151,-5.436445382353058,0.14141414141413966,0.7755102040816326,14.206217745965372,1478025.6663950335
31.020408163265305,0.0048375261337845,-5.331351818308116,0.15151515151515035,0.7755102040816326,14.19367521048671,1459603.2504485713
31.020408163265305,0.0053735943563712,-5.2262582542631755,0.16161616161616094,0.7755102040816326,14.181119500424881,1441391.4654272608
31.020408163265305,0.0059690667312704,-5.121164690218244,0.17171717171717069,0.7755102040816326,14.168551668110576,1423389.6579879066
31.020408163265305,0.0066305261021638,-5.016071126173304,0.18181818181818118,0.7755102040816326,14.155972770174866,1405597.1245949108
31.020408163265305,0.0073652847875129,-4.910977562128371,0.19191919191919102,0.7755102040816326,14.143383867111664,1388013.1125850726
31.020408163265305,0.0081814654169699,-4.80588399808343,0.20202020202020168,0.7755102040816326,14.130786022837206,1370636.8212569999
31.020408163265305,0.0090880907256374,-4.700790434038493,0.21212121212121193,0.7755102040816326,14.118180304247051,1353467.402983522
31.020408163265305,0.0100951832988382,-4.595696869993551,0.22222222222222263,0.7755102040816326,14.105567780770981,1336503.9643453711
31.020408163265305,0.0112138763700549,-4.490603305948624,0.23232323232323193,0.7755102040816326,14.092949523926311,1319745.567284526
31.020408163265305,0.0124565368968931,-4.385509741903686,0.24242424242424226,0.7755102040816326,14.080326606869995,1303191.2302754575
31.020408163265305,0.013836902275649,-4.280416177858747,0.2525252525252527,0.7755102040816326,14.067700103950031,1286839.929512665
31.020408163265305,0.0153702322058399,-4.175322613813814,0.26262626262626254,0.7755102040816326,14.055071090256572,1270690.600112774
31.020408163265305,0.0170734773835322,-4.07022904976888,0.2727272727272725,0.7755102040816326,14.042440641173203,1254742.1373295293
31.020408163265305,0.0189654668883421,-3.9651354857239447,0.2828282828282826,0.7755102040816326,14.02980983192883,1238993.3977800356
31.020408163265305,0.0210671163356406,-3.8600419216790063,0.292929292929293,0.7755102040816326,14.017179737150622,1223443.2006805819
31.020408163265305,0.0234016590950486,-3.7549483576340705,0.3030303030303031,0.7755102040816326,14.004551430418433,1208090.3290904185
31.020408163265305,0.0259949031313031,-3.649854793589135,0.3131313131313132,0.7755102040816326,13.991925983821135,1192933.5311618585
31.020408163265305,0.0288755163068248,-3.5447612295442013,0.32323232323232315,0.7755102040816326,13.979304467515313,1177971.5213951424
31.020408163265305,0.0320753432999582,-3.4396676654992664,0.33333333333333315,0.7755102040816326,13.966687949286701,1163202.9818964617
31.020408163265305,0.0356297576423598,-3.3345741014543298,0.34343434343434337,0.7755102040816326,13.954077494114816,1148626.5636376357
31.020408163265305,0.0395780527672466,-3.229480537409394,0.3535353535353535,0.7755102040816326,13.941474163741171,1134240.8877159224
31.020408163265305,0.0439638763914761,-3.1243869733644574,0.3636363636363637,0.7755102040816326,13.928879016241458,1120044.5466124723
31.020408163265305,0.048835713033475,-3.019293409319523,0.3737373737373737,0.7755102040816326,13.916293105602131,1106036.105448031
31.020408163265305,0.0542474200011699,-2.914199845274587,0.3838383838383838,0.7755102040816326,13.903717481301719,1092214.1032344438
31.020408163265305,0.060258822775172,-2.8091062812296523,0.3939393939393938,0.7755102040816326,13.891153187897284,1078577.0541206417
31.020408163265305,0.0669363763690749,-2.7040127171847166,0.404040404040404,0.7755102040816326,13.878601264616352,1065123.4486317562
31.020408163265305,0.0743538999780876,-2.5989191531397813,0.4141414141414141,0.7755102040816326,13.866062744954693,1051851.7549001337
31.020408163265305,0.0825933930374168,-2.493825589094845,0.42424242424242425,0.7755102040816326,13.853538656280273,1038760.4198869682
31.020408163265305,0.0917459417117808,-2.38873202504991,0.4343434343434343,0.7755102040816326,13.841030019443718,1025847.8705934221
31.020408163265305,0.101912725837141,-2.283638461004973,0.44444444444444453,0.7755102040816326,13.828537848395575,1013112.5152600437
31.020408163265305,0.113206137446215,-2.1785448969600347,0.4545454545454549,0.7755102040816326,13.816063149810736,1000552.7445534632
31.020408163265305,0.125751023242877,-2.0734513329151003,0.46464646464646486,0.7755102040816326,13.80360692272024,988166.9327392637
31.020408163265305,0.139686064760787,-1.9683577688701692,0.47474747474747453,0.7755102040816326,13.79117015815078,975953.438840079
31.020408163265305,0.155165311463659,-1.8632642048252352,0.48484848484848453,0.7755102040816326,13.778753838772177,963910.6077779825
31.020408163265305,0.172359883735326,-1.7581706407802946,0.49494949494949514,0.7755102040816326,13.76635893855303,952036.7715002507
31.020408163265305,0.19145986458586,-1.6530770767353593,0.5050505050505052,0.7755102040816326,13.753986422424843,940330.2500877145
31.020408163265305,0.212676400986239,-1.5479835126904273,0.5151515151515149,0.7755102040816326,13.74163724595479,928789.3528448627
31.020408163265305,0.236244038061438,-1.442889948645492,0.5252525252525251,0.7755102040816326,13.729312355027364,917412.3793710121
31.020408163265305,0.262423311946047,-1.3377963846005527,0.5353535353535355,0.7755102040816326,13.717012685535094,906197.6206118345
31.020408163265305,0.291503629965987,-1.2327028205556183,0.5454545454545455,0.7755102040816326,13.7047391630785,895143.3598906202
31.020408163265305,0.323806469986239,-1.1276092565106834,0.5555555555555556,0.7755102040816326,13.692492702675471,884247.8739187038
31.020408163265305,0.359688934292802,-1.0225156924657481,0.5656565656565656,0.7755102040816326,13.680274208480204,873509.4337845177
31.020408163265305,0.399547697296443,-0.9174221284208132,0.5757575757575757,0.7755102040816326,13.668084573511834,862926.3059207851
31.020408163265305,0.443823390699414,-0.8123285643758777,0.5858585858585857,0.7755102040816326,13.65592467939289,852496.7530494344
31.020408163265305,0.49300547460239,-0.707235000330941,0.5959595959595959,0.7755102040816326,13.643795396097687,842219.035103849
31.020408163265305,0.547637648400869,-0.6021414362860068,0.606060606060606,0.7755102040816326,13.631697581710739,832091.410128105
31.020408163265305,0.608323861287565,-0.49704787224107067,0.6161616161616161,0.7755102040816326,13.619632082195265,822112.1351529121
31.020408163265305,0.67573498880583,-0.39195430819613525,0.6262626262626262,0.7755102040816326,13.607599731171872,812279.4670480109
31.020408163265305,0.750616249262273,-0.2868607441511999,0.6363636363636362,0.7755102040816326,13.595601349707453,802591.6633508168
31.020408163265305,0.833795441985706,-0.18176718010626372,0.6464646464646464,0.7755102040816326,13.583637746114356,793046.9830711688
31.020408163265305,0.926192098504948,-0.07667361606132911,0.6565656565656565,0.7755102040816326,13.571709715759809,783643.6874720219
31.020408163265305,1.02882764781018,0.028419947983610284,0.666666666666667,0.7755102040816326,13.559818040885677,774380.0408260596
31.020408163265305,1.142836708073,0.1335135120285407,0.6767676767676766,0.7755102040816326,13.547963490438471,765254.3111481229
31.020408163265305,1.2694796296533,0.23860707607348014,0.686868686868687,0.7755102040816326,13.536146819909671,756264.7709035019
31.020408163265305,1.41015642805352,0.3437006401184105,0.6969696969696967,0.7755102040816326,13.524368771186284,747409.6976920895
31.020408163265305,1.56642226084696,0.44879420416335164,0.7070707070707073,0.7755102040816326,13.512630072411616,738687.3749084678
31.020408163265305,1.74000461967455,0.5538877682082868,0.7171717171717173,0.7755102040816326,13.500931437856227,730096.092378035
31.020408163265305,1.93282242736499,0.6589813322532224,0.7272727272727274,0.7755102040816326,13.489273567798973,721634.1469692854
31.020408163265305,2.14700725129329,0.7640748962981553,0.7373737373737373,0.7755102040816326,13.477657148418078,713299.8431824024
31.020408163265305,2.38492686748792,0.8691684603430914,0.7474747474747475,0.7755102040816326,13.46608285169218,705091.4937143675
31.020408163265305,2.64921143598352,0.9742620243880249,0.7575757575757573,0.7755102040816326,13.454551335311209,697007.4200007727
31.020408163265305,2.94278257678333,1.0793555884329629,0.7676767676767676,0.7755102040816326,13.443063242597027,689045.9527345853
31.020408163265305,3.26888566786082,1.184449152477898,0.7777777777777777,0.7755102040816326,13.431619202433723,681205.4323621319
31.020408163265305,3.63112572224959,1.289542716522833,0.7878787878787878,0.7755102040816326,13.420219829207413,673484.2095565757
31.020408163265305,4.0335072408363,1.3946362805677694,0.797979797979798,0.7755102040816326,13.408865722755444,665880.6456691879
31.020408163265305,4.48047848142245,1.4997298446127043,0.808080808080808,0.7755102040816326,13.39755746832484,658393.1131587464
31.020408163265305,4.97698063344183,1.6048234086576407,0.8181818181818182,0.7755102040816326,13.386295636539874,651019.9959993985
31.020408163265305,5.52850244195146,1.7099169727025751,0.8282828282828283,0.7755102040816326,13.37508078337859,643759.6900673427
31.020408163265305,6.14114088475497,1.8150105367475111,0.8383838383838383,0.7755102040816326,13.363913450158114,636610.6035067022
31.020408163265305,6.8216685734332,1.9201041007924453,0.8484848484848483,0.7755102040816326,13.352794163528607,629571.1570749759
31.020408163265305,7.57760862338904,2.0251976648373815,0.8585858585858586,0.7755102040816326,13.341723435475672,622639.7844684704
31.020408163265305,8.41731782058148,2.1302912288823177,0.8686868686868686,0.7755102040816326,13.33070176333105,615814.9326281208
31.020408163265305,9.35007900434302,2.2353847929272526,0.8787878787878787,0.7755102040816326,13.319729629791397,609095.0620261065
31.020408163265305,10.3862036875563,2.3404783569721936,0.8888888888888893,0.7755102040816326,13.308807502945001,602478.646933721
31.020408163265305,11.5371460486378,2.445571921017128,0.8989898989898993,0.7755102040816326,13.297935836306193,595964.1756708953
31.020408163265305,12.8156295554912,2.550665485062058,0.909090909090909,0.7755102040816326,13.287115068857293,589550.1508378453
31.020408163265305,14.2357876212352,2.6557590491069942,0.919191919191919,0.7755102040816326,13.27634562509788,583235.0895292767
31.020408163265305,15.8133198466305,2.7608526131519304,0.9292929292929293,0.7755102040816326,13.265627915101188,577017.523531609
31.020408163265305,17.5656655764397,2.865946177196865,0.9393939393939392,0.7755102040816326,13.25496233457742,570895.9995036691
31.020408163265305,19.5121966883548,2.9710397412417997,0.9494949494949493,0.7755102040816326,13.244349264943764,564869.0791413055
31.020408163265305,21.6744317457404,3.0761333052867346,0.9595959595959593,0.7755102040816326,13.233789073400917,558935.3393264023
31.020408163265305,24.0762738816144,3.1812268693316703,0.9696969696969694,0.7755102040816326,13.223282113015902,553093.3722607356
31.020408163265305,26.744275043632,3.2863204333766105,0.97979797979798,0.7755102040816326,13.212828722810965,547341.7855851464
31.020408163265305,29.707929521255,3.3914139974215445,0.98989898989899,0.7755102040816326,13.202429227858328,541679.2024844737
31.020408163265305,33.0,3.4965075614664802,1.0,0.7755102040816326,13.192083939380607,536104.2617787244
31.836734693877553,0.001,-6.907755278982137,0.0,0.7959183673469388,14.378553125025283,1756007.1501797922
31.836734693877553,0.001110814537795,-6.802661714937222,0.010101010101008117,0.7959183673469388,14.366356312852218,1734719.5451531936
31.836734693877553,0.0012339089373767,-6.697568150892323,0.020202020202014698,0.7959183673469388,14.354132380913232,1713643.5298272439
31.836734693877553,0.0013706439859533,-6.592474586847349,0.030303030303028534,0.7959183673469388,14.341882264588694,1692779.253073132
31.836734693877553,0.0015225312657382,-6.487381022802441,0.04040404040403597,0.7959183673469388,14.329606909128897,1672126.8034396362
31.836734693877553,0.0016912498642295,-6.382287458757476,0.05050505050504887,0.7959183673469388,14.317307269309724,1651686.2096848253
31.836734693877553,0.00187866493623,-6.277193894712534,0.06060606060605963,0.7959183673469388,14.304984309080005,1631457.4413513136
31.836734693877553,0.00208684832281,-6.172100330667619,0.07070707070706775,0.7959183673469388,14.29263900120062,1611440.4093836667
31.836734693877553,0.0023181014551505,-6.067006766622687,0.08080808080807748,0.7959183673469388,14.28027232687583,1591634.9667871038
31.836734693877553,0.002574980796465,-5.961913202577741,0.0909090909090886,0.7959183673469388,14.267885275377143,1572040.9093263003
31.836734693877553,0.0028603261032564,-5.856819638532781,0.10101010101010106,0.7959183673469388,14.255478843660025,1552657.976263045
31.836734693877553,0.0031772918183317,-5.751726074487876,0.11111111111110823,0.7959183673469388,14.243054035973866,1533485.8511315612
31.836734693877553,0.0035293819426201,-5.646632510442922,0.1212121212121201,0.7959183673469388,14.230611863465517,1514524.1625501101
31.836734693877553,0.0039204887712936,-5.541538946397998,0.13131313131312908,0.7959183673469388,14.218153343776889,1495772.4850676896
31.836734693877553,0.0043549359224151,-5.436445382353058,0.14141414141413966,0.7959183673469388,14.205679500636847,1477230.3400442048
31.836734693877553,0.0048375261337845,-5.331351818308116,0.15151515151515035,0.7959183673469388,14.193191363447953,1458897.1965628976
31.836734693877553,0.0053735943563712,-5.2262582542631755,0.16161616161616094,0.7959183673469388,14.180689966868362,1440772.4723734413
31.836734693877553,0.0059690667312704,-5.121164690218244,0.17171717171717069,0.7959183673469388,14.168176350389325,1422855.5348642261
31.836734693877553,0.0066305261021638,-5.016071126173304,0.18181818181818118,0.7959183673469388,14.15565155790872,1405145.7020623407
31.836734693877553,0.0073652847875129,-4.910977562128371,0.19191919191919102,0.7959183673469388,14.143116637301036,1387642.2436596702
31.836734693877553,0.0081814654169699,-4.80588399808343,0.20202020202020168,0.7959183673469388,14.130572639984209,1370344.3820635206
31.836734693877553,0.0090880907256374,-4.700790434038493,0.21212121212121193,0.7959183673469388,14.11802062048381,1353251.2934702383
31.836734693877553,0.0100951832988382,-4.595696869993551,0.22222222222222263,0.7959183673469388,14.10546163599494,1336362.1089601354
31.836734693877553,0.0112138763700549,-4.490603305948624,0.23232323232323193,0.7959183673469388,14.092896745942346,1319675.9156121912
31.836734693877553,0.0124565368968931,-4.385509741903686,0.24242424242424226,0.7959183673469388,14.080327011539135,1303191.7576368374
31.836734693877553,0.013836902275649,-4.280416177858747,0.2525252525252527,0.7959183673469388,14.067753495344586,1286908.637525263
31.836734693877553,0.0153702322058399,-4.175322613813814,0.26262626262626254,0.7959183673469388,14.055177260821447,1270825.5172135546
31.836734693877553,0.0170734773835322,-4.07022904976888,0.2727272727272725,0.7959183673469388,14.042599371893186,1254941.319260108
31.836734693877553,0.0189654668883421,-3.9651354857239447,0.2828282828282826,0.7959183673469388,14.03002089250164,1239254.9280346697
31.836734693877553,0.0210671163356406,-3.8600419216790063,0.292929292929293,0.7959183673469388,14.017442886165465,1223765.1909174067
31.836734693877553,0.0234016590950486,-3.7549483576340705,0.3030303030303031,0.7959183673469388,14.00486641553987,1208470.9195064479
31.836734693877553,0.0259949031313031,-3.649854793589135,0.3131313131313132,0.7959183673469388,13.992292541977989,1193370.8908322703
31.836734693877553,0.0288755163068248,-3.5447612295442013,0.32323232323232315,0.7959183673469388,13.979722325094391,1178463.8485774547
31.836734693877553,0.0320753432999582,-3.4396676654992664,0.33333333333333315,0.7959183673469388,13.967156822331113,1163748.5043002332
31.836734693877553,0.0356297576423598,-3.3345741014543298,0.34343434343434337,0.7959183673469388,13.95459708852659,1149223.5386603288
31.836734693877553,0.0395780527672466,-3.229480537409394,0.3535353535353535,0.7959183673469388,13.942044175487975,1134887.602645669
31.836734693877553,0.0439638763914761,-3.1243869733644574,0.3636363636363637,0.7959183673469388,13.929499131567146,1120739.318798456
31.836734693877553,0.048835713033475,-3.019293409319523,0.3737373737373737,0.7959183673469388,13.916963001240868,1106777.2824392556
31.836734693877553,0.0542474200011699,-2.914199845274587,0.3838383838383838,0.7959183673469388,13.904436824695445,1093000.0628876905
31.836734693877553,0.060258822775172,-2.8091062812296523,0.3939393939393938,0.7959183673469388,13.891921637416262,1079406.2046784323
31.836734693877553,0.0669363763690749,-2.7040127171847166,0.404040404040404,0.7959183673469388,13.879418469782541,1065994.2287711613
31.836734693877553,0.0743538999780876,-2.5989191531397813,0.4141414141414141,0.7959183673469388,13.866928346667713,1052762.6337532918
31.836734693877553,0.0825933930374168,-2.493825589094845,0.42424242424242425,0.7959183673469388,13.854452287045696,1039709.8970342011
31.836734693877553,0.0917459417117808,-2.38873202504991,0.4343434343434343,0.7959183673469388,13.841991303603445,1026834.4760298281
31.836734693877553,0.101912725837141,-2.283638461004973,0.44444444444444453,0.7959183673469388,13.829546402360078,1014134.8093365141
31.836734693877553,0.113206137446215,-2.1785448969600347,0.4545454545454549,0.7959183673469388,13.81711858229287,1001609.3178929853
31.836734693877553,0.125751023242877,-2.0734513329151003,0.46464646464646486,0.7959183673469388,13.804708834970441,989256.4061294927
31.836734693877553,0.139686064760787,-1.9683577688701692,0.47474747474747453,0.7959183673469388,13.792318144193375,977074.4631030795
31.836734693877553,0.155165311463659,-1.8632642048252352,0.48484848484848453,0.7959183673469388,13.779947485642593,965061.8636180907
31.836734693877553,0.172359883735326,-1.7581706407802946,0.49494949494949514,0.7959183673469388,13.767597826535667,953216.9693309946
31.836734693877553,0.19145986458586,-1.6530770767353593,0.5050505050505052,0.7959183673469388,13.755270125291386,941538.129838727
31.836734693877553,0.212676400986239,-1.5479835126904273,0.5151515151515149,0.7959183673469388,13.742965331202742,930023.6837497364
31.836734693877553,0.236244038061438,-1.442889948645492,0.5252525252525251,0.7959183673469388,13.730684384118575,918671.959737006
31.836734693877553,0.262423311946047,-1.3377963846005527,0.5353535353535355,0.7959183673469388,13.7184282141341,907481.2775723904
31.836734693877553,0.291503629965987,-1.2327028205556183,0.5454545454545455,0.7959183673469388,13.70619774129044,896449.9491415842
31.836734693877553,0.323806469986239,-1.1276092565106834,0.5555555555555556,0.7959183673469388,13.693993875283402,885576.2794391757
31.836734693877553,0.359688934292802,-1.0225156924657481,0.5656565656565656,0.7959183673469388,13.681817515181601,874858.5675432158
31.836734693877553,0.399547697296443,-0.9174221284208132,0.5757575757575757,0.7959183673469388,13.669669549154115,864295.107568836
31.836734693877553,0.443823390699414,-0.8123285643758777,0.5858585858585857,0.7959183673469388,13.657550854207765,853884.1896004447
31.836734693877553,0.49300547460239,-0.707235000330941,0.5959595959595959,0.7959183673469388,13.645462295934156,843624.1006021213
31.836734693877553,0.547637648400869,-0.6021414362860068,0.606060606060606,0.7959183673469388,13.633404728266576,833513.1253058503
31.836734693877553,0.608323861287565,-0.49704787224107067,0.6161616161616161,0.7959183673469388,13.621378993246832,823549.5470772809
31.836734693877553,0.67573498880583,-0.39195430819613525,0.6262626262626262,0.7959183673469388,13.609385920802092,813731.6487587536
31.836734693877553,0.750616249262273,-0.2868607441511999,0.6363636363636362,0.7959183673469388,13.597426328531814,804057.7134893741
31.836734693877553,0.833795441985706,-0.18176718010626372,0.6464646464646464,0.7959183673469388,13.585501021504781,794526.0255019467
31.836734693877553,0.926192098504948,-0.07667361606132911,0.6565656565656565,0.7959183673469388,13.573610792066283,785134.8708966256
31.836734693877553,1.02882764781018,0.028419947983610284,0.666666666666667,0.7959183673469388,13.561756419655469,775882.5383911922
31.836734693877553,1.142836708073,0.1335135120285407,0.6767676767676766,0.7959183673469388,13.549938670632873,766767.320047893
31.836734693877553,1.2694796296533,0.23860707607348014,0.686868686868687,0.7959183673469388,13.5381582981181,757787.5119767966
31.836734693877553,1.41015642805352,0.3437006401184105,0.6969696969696967,0.7959183673469388,13.526416041837665,748941.4150157011
31.836734693877553,1.56642226084696,0.44879420416335164,0.7070707070707073,0.7959183673469388,13.514712627982934,740227.3353866105
31.836734693877553,1.74000461967455,0.5538877682082868,0.7171717171717173,0.7959183673469388,13.503048769078157,731643.5853288771
31.836734693877553,1.93282242736499,0.6589813322532224,0.7272727272727274,0.7959183673469388,13.491425163858498,723188.4837090927
31.836734693877553,2.14700725129329,0.7640748962981553,0.7373737373737373,0.7959183673469388,13.479842497158023,714860.356607876
31.836734693877553,2.38492686748792,0.8691684603430914,0.7474747474747475,0.7959183673469388,13.468301439807574,706657.5378837221
31.836734693877553,2.64921143598352,0.9742620243880249,0.7575757575757573,0.7959183673469388,13.456802648542418,698578.3697140907
31.836734693877553,2.94278257678333,1.0793555884329629,0.7676767676767676,0.7959183673469388,13.445346765919599,690621.2031139592
31.836734693877553,3.26888566786082,1.184449152477898,0.7777777777777777,0.7959183673469388,13.43393442024487,682784.3984320695
31.836734693877553,3.63112572224959,1.289542716522833,0.7878787878787878,0.7959183673469388,13.422566225509104,675066.3258251357
31.836734693877553,4.0335072408363,1.3946362805677694,0.797979797979798,0.7959183673469388,13.411242781334048,667465.3657102938
31.836734693877553,4.48047848142245,1.4997298446127043,0.808080808080808,0.7959183673469388,13.399964672927295,659979.9091960876
31.836734693877553,4.97698063344183,1.6048234086576407,0.8181818181818182,0.7959183673469388,13.388732471046337,652608.3584923171
31.836734693877553,5.52850244195146,1.7099169727025751,0.8282828282828283,0.7959183673469388,13.377546731971542,645349.1272990821
31.836734693877553,6.14114088475497,1.8150105367475111,0.8383838383838383,0.7959183673469388,13.366407997487903,638200.6411753695
31.836734693877553,6.8216685734332,1.9201041007924453,0.8484848484848483,0.7959183673469388,13.35531679487541,631161.337887557
31.836734693877553,7.57760862338904,2.0251976648373815,0.8585858585858586,0.7959183673469388,13.344273636907868,624229.6677382061
31.836734693877553,8.41731782058148,2.1302912288823177,0.8686868686868686,0.7959183673469388,13.333279021859973,617404.0938755289
31.836734693877553,9.35007900434302,2.2353847929272526,0.8787878787878787,0.7959183673469388,13.3223334335225,610683.0925839428
31.836734693877553,10.3862036875563,2.3404783569721936,0.8888888888888893,0.7959183673469388,13.3114373412254,604065.1535561109
31.836734693877553,11.5371460486378,2.445571921017128,0.8989898989898993,0.7959183673469388,13.300591199868617,597548.7801468936
31.836734693877553,12.8156295554912,2.550665485062058,0.909090909090909,0.7959183673469388,13.28979544996043,591132.4896096218
31.836734693877553,14.2357876212352,2.6557590491069942,0.919191919191919,0.7959183673469388,13.27905051766315,584814.8133151471
31.836734693877553,15.8133198466305,2.7608526131519304,0.9292929292929293,0.7959183673469388,13.268356814845937,578594.2969540801
31.836734693877553,17.5656655764397,2.865946177196865,0.9393939393939392,0.7959183673469388,13.25771473914457,572469.5007226724
31.836734693877553,19.5121966883548,2.9710397412417997,0.9494949494949493,0.7959183673469388,13.247124674027917,566438.9994927696
31.836734693877553,21.6744317457404,3.0761333052867346,0.9595959595959593,0.7959183673469388,13.236586988870979,560501.3829663057
31.836734693877553,24.0762738816144,3.1812268693316703,0.9696969696969694,0.7959183673469388,13.2261020390342,554655.2558147523
31.836734693877553,26.744275043632,3.2863204333766105,0.97979797979798,0.7959183673469388,13.21567016594892,548899.2378039937
31.836734693877553,29.707929521255,3.3914139974215445,0.98989898989899,0.7959183673469388,13.205291697208708,543231.9639050686
31.836734693877553,33.0,3.4965075614664802,1.0,0.7959183673469388,13.194966946666383,537652.0843912123
32.6530612244898,0.001,-6.907755278982137,0.0,0.8163265306122449,14.37722770993621,1753681.2535361757
32.6530612244898,0.001110814537795,-6.802661714937222,0.010101010101008117,0.8163265306122449,14.365086015195606,1732517.334008069
32.6530612244898,0.0012339089373767,-6.697568150892323,0.020202020202014698,0.8163265306122449,14.352917303169555,1711562.5842249272
32.6530612244898,0.0013706439859533,-6.592474586847349,0.030303030303028534,0.8163265306122449,14.340722495582222,1690817.158168976
32.6530612244898,0.0015225312657382,-6.487381022802441,0.04040404040403597,0.8163265306122449,14.328502524015661,1670281.150833697
32.6530612244898,0.0016912498642295,-6.382287458757476,0.05050505050504887,0.8163265306122449,14.316258329574485,1649954.5987258805
32.6530612244898,0.00187866493623,-6.277193894712534,0.06060606060605963,0.8163265306122449,14.303990862542143,1629837.4804100613
32.6530612244898,0.00208684832281,-6.172100330667619,0.07070707070706775,0.8163265306122449,14.29170108202896,1609929.7170940938
32.6530612244898,0.0023181014551505,-6.067006766622687,0.08080808080807748,0.8163265306122449,14.27938995561234,1590231.1732550617
32.6530612244898,0.002574980796465,-5.961913202577741,0.0909090909090886,0.8163265306122449,14.26705845896945,1570741.6573043657
32.6530612244898,0.0028603261032564,-5.856819638532781,0.10101010101010106,0.8163265306122449,14.254707575502689,1551460.9222908637
32.6530612244898,0.0031772918183317,-5.751726074487876,0.11111111111110823,0.8163265306122449,14.24233829595833,1532388.6666409087
32.6530612244898,0.0035293819426201,-5.646632510442922,0.1212121212121201,0.8163265306122449,14.229951618038653,1513524.5349340052
32.6530612244898,0.0039204887712936,-5.541538946397998,0.13131313131312908,0.8163265306122449,14.217548546008022,1494868.1187129312
32.6530612244898,0.0043549359224151,-5.436445382353058,0.14141414141413966,0.8163265306122449,14.205130090293169,1476418.9573268273
32.6530612244898,0.0048375261337845,-5.331351818308116,0.15151515151515035,0.8163265306122449,14.192697267078191,1458176.5388060724
32.6530612244898,0.0053735943563712,-5.2262582542631755,0.16161616161616094,0.8163265306122449,14.180251097894573,1440140.3007674247
32.6530612244898,0.0059690667312704,-5.121164690218244,0.17171717171717069,0.8163265306122449,14.167792609206677,1422309.6313480684
32.6530612244898,0.0066305261021638,-5.016071126173304,0.18181818181818118,0.8163265306122449,14.155322831993113,1404683.8701670824
32.6530612244898,0.0073652847875129,-4.910977562128371,0.19191919191919102,0.8163265306122449,14.142842801324381,1387262.3093128507
32.6530612244898,0.0081814654169699,-4.80588399808343,0.20202020202020168,0.8163265306122449,14.130353555937246,1370044.1943549353
32.6530612244898,0.0090880907256374,-4.700790434038493,0.21212121212121193,0.8163265306122449,14.117856137806214,1353028.7253788284
32.6530612244898,0.0100951832988382,-4.595696869993551,0.22222222222222263,0.8163265306122449,14.105351591712603,1336215.0580421172
32.6530612244898,0.0112138763700549,-4.490603305948624,0.23232323232323193,0.8163265306122449,14.09284096481158,1319602.3046504452
32.6530612244898,0.0124565368968931,-4.385509741903686,0.24242424242424226,0.8163265306122449,14.080325306197643,1303189.5352517574
32.6530612244898,0.013836902275649,-4.280416177858747,0.2525252525252527,0.8163265306122449,14.067805666468958,1286975.7787472478
32.6530612244898,0.0153702322058399,-4.175322613813814,0.26262626262626254,0.8163265306122449,14.055283097290982,1270960.0240174285
32.6530612244898,0.0170734773835322,-4.07022904976888,0.2727272727272725,0.8163265306122449,14.04275865095982,1255141.2210617848
32.6530612244898,0.0189654668883421,-3.9651354857239447,0.2828282828282826,0.8163265306122449,14.030233379965747,1239518.2821504439
32.6530612244898,0.0210671163356406,-3.8600419216790063,0.292929292929293,0.8163265306122449,14.017708336557307,1224090.0829863136
32.6530612244898,0.0234016590950486,-3.7549483576340705,0.3030303030303031,0.8163265306122449,14.005184572306442,1208855.4638761464
32.6530612244898,0.0259949031313031,-3.649854793589135,0.3131313131313132,0.8163265306122449,13.992663137675047,1193813.2309090092
32.6530612244898,0.0288755163068248,-3.5447612295442013,0.32323232323232315,0.8163265306122449,13.980145081583396,1178962.1571406664
32.6530612244898,0.0320753432999582,-3.4396676654992664,0.33333333333333315,0.8163265306122449,13.96763145098084,1164300.9837823743
32.6530612244898,0.0356297576423598,-3.3345741014543298,0.34343434343434337,0.8163265306122449,13.95512329041919,1149828.4213926538
32.6530612244898,0.0395780527672466,-3.229480537409394,0.3535353535353535,0.8163265306122449,13.942621641629172,1135543.1510705533
32.6530612244898,0.0439638763914761,-3.1243869733644574,0.3636363636363637,0.8163265306122449,13.93012754310039,1121443.8256490799
32.6530612244898,0.048835713033475,-3.019293409319523,0.3737373737373737,0.8163265306122449,13.917642029665124,1107529.0708873298
32.6530612244898,0.0542474200011699,-2.914199845274587,0.3838383838383838,0.8163265306122449,13.90516613208641,1093797.486660061
32.6530612244898,0.060258822775172,-2.8091062812296523,0.3939393939393938,0.8163265306122449,13.89270087665071,1080247.648143328
32.6530612244898,0.0669363763690749,-2.7040127171847166,0.404040404040404,0.8163265306122449,13.880247284765588,1066878.1069949684
32.6530612244898,0.0743538999780876,-2.5989191531397813,0.4141414141414141,0.8163265306122449,13.867806372562699,1053687.3925286662
32.6530612244898,0.0825933930374168,-2.493825589094845,0.42424242424242425,0.8163265306122449,13.85537915050647,1040674.012880422
32.6530612244898,0.0917459417117808,-2.38873202504991,0.4343434343434343,0.8163265306122449,13.842966623008774,1027836.4561662688
32.6530612244898,0.101912725837141,-2.283638461004973,0.44444444444444453,0.8163265306122449,13.830569788049933,1015173.1916301366
32.6530612244898,0.113206137446215,-2.1785448969600347,0.4545454545454549,0.8163265306122449,13.818189636806357,1002682.6707807836
32.6530612244898,0.125751023242877,-2.0734513329151003,0.46464646464646486,0.8163265306122449,13.805827153285104,990363.3285167917
32.6530612244898,0.139686064760787,-1.9683577688701692,0.47474747474747453,0.8163265306122449,13.793483313965664,978213.5842386453
32.6530612244898,0.155165311463659,-1.8632642048252352,0.48484848484848453,0.8163265306122449,13.781159087449216,966231.8429469629
32.6530612244898,0.172359883735326,-1.7581706407802946,0.49494949494949514,0.8163265306122449,13.76885543411564,954416.4963260093
32.6530612244898,0.19145986458586,-1.6530770767353593,0.5050505050505052,0.8163265306122449,13.756573305788491,942765.9238116323
32.6530612244898,0.212676400986239,-1.5479835126904273,0.5151515151515149,0.8163265306122449,13.74431364540823,931278.4936428803
32.6530612244898,0.236244038061438,-1.442889948645492,0.5252525252525251,0.8163265306122449,13.732077386713852,919952.563896507
32.6530612244898,0.262423311946047,-1.3377963846005527,0.5353535353535355,0.8163265306122449,13.719865453933183,908786.4835037196
32.6530612244898,0.291503629965987,-1.2327028205556183,0.5454545454545455,0.8163265306122449,13.707678761481993,897778.5932484984
32.6530612244898,0.323806469986239,-1.1276092565106834,0.5555555555555556,0.8163265306122449,13.695518213672127,886927.2267469009
32.6530612244898,0.359688934292802,-1.0225156924657481,0.5656565656565656,0.8163265306122449,13.683384704428804,876230.7114068053
32.6530612244898,0.399547697296443,-0.9174221284208132,0.5757575757575757,0.8163265306122449,13.671279117017225,865687.3693675671
32.6530612244898,0.443823390699414,-0.8123285643758777,0.5858585858585857,0.8163265306122449,13.659202323778654,855295.518419167
32.6530612244898,0.49300547460239,-0.707235000330941,0.5959595959595959,0.8163265306122449,13.647155185876066,845053.4729004106
32.6530612244898,0.547637648400869,-0.6021414362860068,0.606060606060606,0.8163265306122449,13.635138553049464,834959.5445758097
32.6530612244898,0.608323861287565,-0.49704787224107067,0.6161616161616161,0.8163265306122449,13.623153263380988,825012.0434908462
32.6530612244898,0.67573498880583,-0.39195430819613525,0.6262626262626262,0.8163265306122449,13.611200143069873,815209.278805307
32.6530612244898,0.750616249262273,-0.2868607441511999,0.6363636363636362,0.8163265306122449,13.599280006217313,805549.5596044697
32.6530612244898,0.833795441985706,-0.18176718010626372,0.6464646464646464,0.8163265306122449,13.587393654621314,796031.1956879284
32.6530612244898,0.926192098504948,-0.07667361606132911,0.6565656565656565,0.8163265306122449,13.575541877581548,786652.498335912
32.6530612244898,1.02882764781018,0.028419947983610284,0.666666666666667,0.8163265306122449,13.56372545171424,777411.7810529541
32.6530612244898,1.142836708073,0.1335135120285407,0.6767676767676766,0.8163265306122449,13.5519451407771,768307.3602888469
32.6530612244898,1.2694796296533,0.23860707607348014,0.686868686868687,0.8163265306122449,13.540201695504317,759337.556136823
32.6530612244898,1.41015642805352,0.3437006401184105,0.6969696969696967,0.8163265306122449,13.528495853451576,750500.6930089593
32.6530612244898,1.56642226084696,0.44879420416335164,0.7070707070707073,0.8163265306122449,13.51682833885108,741795.1002888015
32.6530612244898,1.74000461967455,0.5538877682082868,0.7171717171717173,0.8163265306122449,13.50519986247658,733219.1129612972
32.6530612244898,1.93282242736499,0.6589813322532224,0.7272727272727274,0.8163265306122449,13.493611121518283,724771.0722200758
32.6530612244898,2.14700725129329,0.7640748962981553,0.7373737373737373,0.8163265306122449,13.482062799467677,716449.3260522288
32.6530612244898,2.38492686748792,0.8691684603430914,0.7474747474747475,0.8163265306122449,13.470555566012123,708252.2298006971
32.6530612244898,2.64921143598352,0.9742620243880249,0.7575757575757573,0.8163265306122449,13.459090076939184,700178.1467044528
32.6530612244898,2.94278257678333,1.0793555884329629,0.7676767676767676,0.8163265306122449,13.447666974050579,692225.4484166625
32.6530612244898,3.26888566786082,1.184449152477898,0.7777777777777777,0.8163265306122449,13.436286885085666,684392.5155010348
32.6530612244898,3.63112572224959,1.289542716522833,0.7878787878787878,0.8163265306122449,13.424950423654353,676677.7379066099
32.6530612244898,4.0335072408363,1.3946362805677694,0.797979797979798,0.8163265306122449,13.413658189179305,669079.5154212336
32.6530612244898,4.48047848142245,1.4997298446127043,0.808080808080808,0.8163265306122449,13.40241076684733,661596.2581040006
32.6530612244898,4.97698063344183,1.6048234086576407,0.8181818181818182,0.8163265306122449,13.39120872756982,654226.3866969701
32.6530612244898,5.52850244195146,1.7099169727025751,0.8282828282828283,0.8163265306122449,13.38005262795208,646968.3330164558
32.6530612244898,6.14114088475497,1.8150105367475111,0.8383838383838383,0.8163265306122449,13.368943010271423,639820.5403242299
32.6530612244898,6.8216685734332,1.9201041007924453,0.8484848484848483,0.8163265306122449,13.357880402463836,632781.4636789731
32.6530612244898,7.57760862338904,2.0251976648373815,0.8585858585858586,0.8163265306122449,13.346865318119121,625849.570268351
32.6530612244898,8.41731782058148,2.1302912288823177,0.8686868686868686,0.8163265306122449,13.335898256484272,619023.339722064
32.6530612244898,9.35007900434302,2.2353847929272526,0.8787878787878787,0.8163265306122449,13.324979702474945,612301.2644062543
32.6530612244898,10.3862036875563,2.3404783569721936,0.8888888888888893,0.8163265306122449,13.314110126694855,605681.8496996767
32.6530612244898,11.5371460486378,2.445571921017128,0.8989898989898993,0.8163265306122449,13.303289985462905,599163.6142520196
32.6530612244898,12.8156295554912,2.550665485062058,0.909090909090909,0.8163265306122449,13.292519720847833,592745.0902247716
32.6530612244898,14.2357876212352,2.6557590491069942,0.919191919191919,0.8163265306122449,13.28179976071023,586424.8235150743
32.6530612244898,15.8133198466305,2.7608526131519304,0.9292929292929293,0.8163265306122449,13.271130518751708,580201.3739629581
32.6530612244898,17.5656655764397,2.865946177196865,0.9393939393939392,0.8163265306122449,13.260512394571023,574073.3155423936
32.6530612244898,19.5121966883548,2.9710397412417997,0.9494949494949493,0.8163265306122449,13.249945773726944,568039.2365365728
32.6530612244898,21.6744317457404,3.0761333052867346,0.9595959595959593,0.8163265306122449,13.239431027807688,562097.7396978737
32.6530612244898,24.0762738816144,3.1812268693316703,0.9696969696969694,0.8163265306122449,13.228968514506688,556247.4423929111
32.6530612244898,26.744275043632,3.2863204333766105,0.97979797979798,0.8163265306122449,13.218558577704503,550486.9767331261
32.6530612244898,29.707929521255,3.3914139974215445,0.98989898989899,0.8163265306122449,13.208201547556666,544814.9896913406
32.6530612244898,33.0,3.4965075614664802,1.0,0.8163265306122449,13.197897740587237,539230.1432047009
33.46938775510204,0.001,-6.907755278982137,0.0,0.8367346938775511,14.375879132169239,1751317.8719474163
33.46938775510204,0.001110814537795,-6.802661714937222,0.010101010101008117,0.8367346938775511,14.363793440191664,1730279.3720866423
33.46938775510204,0.0012339089373767,-6.697568150892323,0.020202020202014698,0.8367346938775511,14.351680834425403,1709447.5984122586
33.46938775510204,0.0013706439859533,-6.592474586847349,0.030303030303028534,0.8367346938775511,14.339542222762752,1688822.7098625884
33.46938775510204,0.0015225312657382,-6.487381022802441,0.04040404040403597,0.8367346938775511,14.32737852294081,1668404.8077282342
33.46938775510204,0.0016912498642295,-6.382287458757476,0.05050505050504887,0.8367346938775511,14.315190662215239,1648193.9361248282
33.46938775510204,0.00187866493623,-6.277193894712534,0.06060606060605963,0.8367346938775511,14.302979577025633,1628190.0825070762
33.46938775510204,0.00208684832281,-6.172100330667619,0.07070707070706775,0.8367346938775511,14.2907462126526,1608393.1782228549
33.46938775510204,0.0023181014551505,-6.067006766622687,0.08080808080807748,0.8367346938775511,14.27849152286698,1588803.099106667
33.46938775510204,0.002574980796465,-5.961913202577741,0.0909090909090886,0.8367346938775511,14.266216469571482,1569419.6661113556
33.46938775510204,0.0028603261032564,-5.856819638532781,0.10101010101010106,0.8367346938775511,14.253922022435056,1550242.6459770424
33.46938775510204,0.0031772918183317,-5.751726074487876,0.11111111111110823,0.8367346938775511,14.24160915852035,1531271.7519361698
33.46938775510204,0.0035293819426201,-5.646632510442922,0.1212121212121201,0.8367346938775511,14.229278861904579,1512506.6444534804
33.46938775510204,0.0039204887712936,-5.541538946397998,0.13131313131312908,0.8367346938775511,14.216932123294237,1493946.9319998198
33.46938775510204,0.0043549359224151,-5.436445382353058,0.14141414141413966,0.8367346938775511,14.204569939633908,1475592.171858366
33.46938775510204,0.0048375261337845,-5.331351818308116,0.15151515151515035,0.8367346938775511,14.192193313709664,1457441.8709621495
33.46938775510204,0.0053735943563712,-5.2262582542631755,0.16161616161616094,0.8367346938775511,14.179803253747371,1439495.486761444
33.46938775510204,0.0059690667312704,-5.121164690218244,0.17171717171717069,0.8367346938775511,14.16740077300631,1421752.4281197037
33.46938775510204,0.0066305261021638,-5.016071126173304,0.18181818181818118,0.8367346938775511,14.154986889368525,1404212.0562366645
33.46938775510204,0.0073652847875129,-4.910977562128371,0.19191919191919102,0.8367346938775511,14.142562624924299,1386873.6855971967
33.46938775510204,0.0081814654169699,-4.80588399808343,0.20202020202020168,0.8367346938775511,14.130129005554174,1369736.5849444657
33.46938775510204,0.0090880907256374,-4.700790434038493,0.21212121212121193,0.8367346938775511,14.117687060507908,1352799.9782759268
33.46938775510204,0.0100951832988382,-4.595696869993551,0.22222222222222263,0.8367346938775511,14.10523782198082,1336063.0458607157
33.46938775510204,0.0112138763700549,-4.490603305948624,0.23232323232323193,0.8367346938775511,14.092782324687944,1319524.9252769393
33.46938775510204,0.0124565368968931,-4.385509741903686,0.24242424242424226,0.8367346938775511,14.080321605436366,1303184.7124673114
33.46938775510204,0.013836902275649,-4.280416177858747,0.2525252525252527,0.8367346938775511,14.067856702696265,1287041.462811749
33.46938775510204,0.0153702322058399,-4.175322613813814,0.26262626262626254,0.8367346938775511,14.055388656170983,1271094.1922152883
33.46938775510204,0.0170734773835322,-4.07022904976888,0.2727272727272725,0.8367346938775511,14.042918506366627,1255341.8782099152
33.46938775510204,0.0189654668883421,-3.9651354857239447,0.2828282828282826,0.8367346938775511,14.030447294161588,1239783.461068757
33.46938775510204,0.0210671163356406,-3.8600419216790063,0.292929292929293,0.8367346938775511,14.017976060376416,1224417.844931146
33.46938775510204,0.0234016590950486,-3.7549483576340705,0.3030303030303031,0.8367346938775511,14.005505845344482,1209243.8989370917
33.46938775510204,0.0259949031313031,-3.649854793589135,0.3131313131313132,0.8367346938775511,13.993037688483819,1194260.4583696437
33.46938775510204,0.0288755163068248,-3.5447612295442013,0.32323232323232315,0.8367346938775511,13.98057262787059,1179466.3258037334
33.46938775510204,0.0320753432999582,-3.4396676654992664,0.33333333333333315,0.8367346938775511,13.968111699814564,1164860.2722600105
33.46938775510204,0.0356297576423598,-3.3345741014543298,0.34343434343434337,0.8367346938775511,13.955655938437037,1150441.038362296
33.46938775510204,0.0395780527672466,-3.229480537409394,0.3535353535353535,0.8367346938775511,13.943206375251568,1136207.3354972247
33.46938775510204,0.0439638763914761,-3.1243869733644574,0.3636363636363637,0.8367346938775511,13.930764038747942,1122157.8469747063
33.46938775510204,0.048835713033475,-3.019293409319523,0.3737373737373737,0.8367346938775511,13.91832995397974,1108291.2291878927
33.46938775510204,0.0542474200011699,-2.914199845274587,0.3838383838383838,0.8367346938775511,13.905905142155897,1094606.112771299
33.46938775510204,0.060258822775172,-2.8091062812296523,0.3939393939393938,0.8367346938775511,13.893490620236618,1081101.1037558299
33.46938775510204,0.0669363763690749,-2.7040127171847166,0.404040404040404,0.8367346938775511,13.881087400534016,1067774.784719454
33.46938775510204,0.0743538999780876,-2.5989191531397813,0.4141414141414141,0.8367346938775511,13.868696490317815,1054625.715932305
33.46938775510204,0.0825933930374168,-2.493825589094845,0.42424242424242425,0.8367346938775511,13.856318891426476,1041652.4364950607
33.46938775510204,0.0917459417117808,-2.38873202504991,0.4343434343434343,0.8367346938775511,13.843955599884058,1028853.4654694401
33.46938775510204,0.101912725837141,-2.283638461004973,0.44444444444444453,0.8367346938775511,13.831607605523166,1016227.3029997543
33.46938775510204,0.113206137446215,-2.1785448969600347,0.4545454545454549,0.8367346938775511,13.819275891614252,1003772.431424426
33.46938775510204,0.125751023242877,-2.0734513329151003,0.46464646464646486,0.8367346938775511,13.806961434501623,991487.3163765062
33.46938775510204,0.139686064760787,-1.9683577688701692,0.47474747474747453,0.8367346938775511,13.794665203246383,979370.4078721766
33.46938775510204,0.155165311463659,-1.8632642048252352,0.48484848484848453,0.8367346938775511,13.782388159276639,967420.1413863662
33.46938775510204,0.172359883735326,-1.7581706407802946,0.49494949494949514,0.8367346938775511,13.770131256045191,955634.9389145613
33.46938775510204,0.19145986458586,-1.6530770767353593,0.5050505050505052,0.8367346938775511,13.757895438694986,944013.2100200038
33.46938775510204,0.212676400986239,-1.5479835126904273,0.5151515151515149,0.8367346938775511,13.745681643732546,932553.352865479
33.46938775510204,0.236244038061438,-1.442889948645492,0.5252525252525251,0.8367346938775511,13.733490798709608,921253.7552289445
33.46938775510204,0.262423311946047,-1.3377963846005527,0.5353535353535355,0.8367346938775511,13.721323821913195,910112.7955023336
33.46938775510204,0.291503629965987,-1.2327028205556183,0.5454545454545455,0.8367346938775511,13.70918162206429,899128.843672853
33.46938775510204,0.323806469986239,-1.1276092565106834,0.5555555555555556,0.8367346938775511,13.697065098025307,888300.2622861722
33.46938775510204,0.359688934292802,-1.0225156924657481,0.5656565656565656,0.8367346938775511,13.684975138516542,877625.4073909796
33.46938775510204,0.399547697296443,-0.9174221284208132,0.5757575757575757,0.8367346938775511,13.672912621841721,867102.6294643336
33.46938775510204,0.443823390699414,-0.8123285643758777,0.5858585858585857,0.8367346938775511,13.660878415622848,856730.2743174087
33.46938775510204,0.49300547460239,-0.707235000330941,0.5959595959595959,0.8367346938775511,13.6488733765444,846506.6839811379
33.46938775510204,0.547637648400869,-0.6021414362860068,0.606060606060606,0.8367346938775511,13.636898350107051,836430.1975714293
33.46938775510204,0.608323861287565,-0.49704787224107067,0.6161616161616161,0.8367346938775511,13.624954170391003,826499.1521335812
33.46938775510204,0.67573498880583,-0.39195430819613525,0.6262626262626262,0.8367346938775511,13.613041659828985,816711.883465609
33.46938775510204,0.750616249262273,-0.2868607441511999,0.6363636363636362,0.8367346938775511,13.601161628989024,807066.7269202197
33.46938775510204,0.833795441985706,-0.18176718010626372,0.6464646464646464,0.8367346938775511,13.589314876367048,797562.0181852347
33.46938775510204,0.926192098504948,-0.07667361606132911,0.6565656565656565,0.8367346938775511,13.577502188189337,788196.094042249
33.46938775510204,1.02882764781018,0.028419947983610284,0.666666666666667,0.8367346938775511,13.565724338224879,778967.2931034138
33.46938775510204,1.142836708073,0.1335135120285407,0.6767676767676766,0.8367346938775511,13.553982087607656,769873.9565262296
33.46938775510204,1.2694796296533,0.23860707607348014,0.686868686868687,0.8367346938775511,13.542276184668843,760914.4287062696
33.46938775510204,1.41015642805352,0.3437006401184105,0.6969696969696967,0.8367346938775511,13.530607364778943,752087.0579478156
33.46938775510204,1.56642226084696,0.44879420416335164,0.7070707070707073,0.8367346938775511,13.518976350199804,743390.1971123801
33.46938775510204,1.74000461967455,0.5538877682082868,0.7171717171717173,0.8367346938775511,13.507383849946548,734822.2042451819
33.46938775510204,1.93282242736499,0.6589813322532224,0.7272727272727274,0.8367346938775511,13.495830559659295,726381.4431795827
33.46938775510204,2.14700725129329,0.7640748962981553,0.7373737373737373,0.8367346938775511,13.484317161484705,718066.2841196301
33.46938775510204,2.38492686748792,0.8691684603430914,0.7474747474747475,0.8367346938775511,13.472844323967227,709875.1042007792
33.46938775510204,2.64921143598352,0.9742620243880249,0.7575757575757573,0.8367346938775511,13.461412701949993,701806.288028962
33.46938775510204,2.94278257678333,1.0793555884329629,0.7676767676767676,0.8367346938775511,13.450022936485285,693858.2281981576
33.46938775510204,3.26888566786082,1.184449152477898,0.7777777777777777,0.8367346938775511,13.438675654754475,686029.3257866718
33.46938775510204,3.63112572224959,1.289542716522833,0.7878787878787878,0.8367346938775511,13.427371469997329,678317.9908323251
33.46938775510204,4.0335072408363,1.3946362805677694,0.797979797979798,0.8367346938775511,13.41611098145058,670722.6427867977
33.46938775510204,4.48047848142245,1.4997298446127043,0.808080808080808,0.8367346938775511,13.404894774295627,663241.7109493811
33.46938775510204,4.97698063344183,1.6048234086576407,0.8181818181818182,0.8367346938775511,13.393723419615256,655873.6348804078
33.46938775510204,5.52850244195146,1.7099169727025751,0.8282828282828283,0.8367346938775511,13.38259747435923,648616.8647946675
33.46938775510204,6.14114088475497,1.8150105367475111,0.8383838383838383,0.8367346938775511,13.371517481318609,641469.8619350954
33.46938775510204,6.8216685734332,1.9201041007924453,0.8484848484848483,0.8367346938775511,13.360483969108653,634431.0989270745
33.46938775510204,7.57760862338904,2.0251976648373815,0.8585858585858586,0.8367346938775511,13.34949745216015,627499.0601136807
33.46938775510204,8.41731782058148,2.1302912288823177,0.8686868686868686,0.8367346938775511,13.338558430718995,620672.2418722176
33.46938775510204,9.35007900434302,2.2353847929272526,0.8787878787878787,0.8367346938775511,13.327667390853872,613949.152912412
33.46938775510204,10.3862036875563,2.3404783569721936,0.8888888888888893,0.8367346938775511,13.316824804471832,607328.3145566218
33.46938775510204,11.5371460486378,2.445571921017128,0.8989898989898993,0.8367346938775511,13.306031129341639,600808.2610024675
33.46938775510204,12.8156295554912,2.550665485062058,0.909090909090909,0.8367346938775511,13.29528680912464,594387.5395682402
33.46938775510204,14.2357876212352,2.6557590491069942,0.919191919191919,0.8367346938775511,13.284592273413004,588064.7109214982
33.46938775510204,15.8133198466305,2.7608526131519304,0.9292929292929293,0.8367346938775511,13.273947937775153,581838.3492912675
33.46938775510204,17.5656655764397,2.865946177196865,0.9393939393939392,0.8367346938775511,13.263354203808149,575707.0426642203
33.46938775510204,19.5121966883548,2.9710397412417997,0.9494949494949493,0.8367346938775511,13.252811459196868,569669.3929652672
33.46938775510204,21.6744317457404,3.0761333052867346,0.9595959595959593,0.8367346938775511,13.24232007777976,563724.0162229666
33.46938775510204,24.0762738816144,3.1812268693316703,0.9696969696969694,0.8367346938775511,13.231880419620973,557869.5427201675
33.46938775510204,26.744275043632,3.2863204333766105,0.97979797979798,0.8367346938775511,13.221492831088653,552104.6171303054
33.46938775510204,29.707929521255,3.3914139974215445,0.98989898989899,0.8367346938775511,13.211157644939227,546427.8986397728
33.46938775510204,33.0,3.4965075614664802,1.0,0.8367346938775511,13.20087518040741,540838.0610567671
34.285714285714285,0.001,-6.907755278982137,0.0,0.8571428571428571,14.374508270693442,1748918.7025850376
34.285714285714285,0.001110814537795,-6.802661714937222,0.010101010101008117,0.8571428571428571,14.362479431430033,1728007.2629442348
34.285714285714285,0.0012339089373767,-6.697568150892323,0.020202020202014698,0.8571428571428571,14.350423783001634,1707300.084925047
34.285714285714285,0.0013706439859533,-6.592474586847349,0.030303030303028534,0.8571428571428571,14.338342219308371,1686797.3322500293
34.285714285714285,0.0015225312657382,-6.487381022802441,0.04040404040403597,0.8571428571428571,14.326235644080684,1666499.1123402661
34.285714285714285,0.0016912498642295,-6.382287458757476,0.05050505050504887,0.8571428571428571,14.314104970562276,1646405.4767592922
34.285714285714285,0.00187866493623,-6.277193894712534,0.06060606060605963,0.8571428571428571,14.301951121184683,1626516.4216971842
34.285714285714285,0.00208684832281,-6.172100330667619,0.07070707070706775,0.8571428571428571,14.289775027233528,1606831.8884936573
34.285714285714285,0.0023181014551505,-6.067006766622687,0.08080808080807748,0.8571428571428571,14.277577628506862,1587351.7641994604
34.285714285714285,0.002574980796465,-5.961913202577741,0.0909090909090886,0.8571428571428571,14.265359872965904,1568075.882175184
34.285714285714285,0.0028603261032564,-5.856819638532781,0.10101010101010106,0.8571428571428571,14.253122716378424,1549004.022726343
34.285714285714285,0.0031772918183317,-5.751726074487876,0.11111111111110823,0.8571428571428571,14.24086712195516,1530135.9137738342
34.285714285714285,0.0035293819426201,-5.646632510442922,0.1212121212121201,0.8571428571428571,14.22859405997955,1511471.2315585744
34.285714285714285,0.0039204887712936,-5.541538946397998,0.13131313131312908,0.8571428571428571,14.216304507431222,1493009.6013793447
34.285714285714285,0.0043549359224151,-5.436445382353058,0.14141414141413966,0.8571428571428571,14.20399944760347,1474750.598362456
34.285714285714285,0.0048375261337845,-5.331351818308116,0.15151515151515035,0.8571428571428571,14.191679869715202,1456693.748262215
34.285714285714285,0.0053735943563712,-5.2262582542631755,0.16161616161616094,0.8571428571428571,14.179346768517656,1438838.528290822
34.285714285714285,0.0059690667312704,-5.121164690218244,0.17171717171717069,0.8571428571428571,14.167001143896309,1421184.367976457
34.285714285714285,0.0066305261021638,-5.016071126173304,0.18181818181818118,0.8571428571428571,14.154644000468355,1403730.650048233
34.285714285714285,0.0073652847875129,-4.910977562128371,0.19191919191919102,0.8571428571428571,14.142276347176148,1386476.7113466728
34.285714285714285,0.0081814654169699,-4.80588399808343,0.20202020202020168,0.8571428571428571,14.129899196877009,1369421.8437583277
34.285714285714285,0.0090880907256374,-4.700790434038493,0.21212121212121193,0.8571428571428571,14.117513565929825,1352565.2951731759
34.285714285714285,0.0100951832988382,-4.595696869993551,0.22222222222222263,0.8571428571428571,14.105120473778817,1335906.2704633558
34.285714285714285,0.0112138763700549,-4.490603305948624,0.23232323232323193,0.8571428571428571,14.092720942534918,1319443.9324818356
34.285714285714285,0.0124565368968931,-4.385509741903686,0.24242424242424226,0.8571428571428571,14.08031599655517,1303177.4030795817
34.285714285714285,0.013836902275649,-4.280416177858747,0.2525252525252527,0.8571428571428571,14.067906662020555,1287105.7641397764
34.285714285714285,0.0153702322058399,-4.175322613813814,0.26262626262626254,0.8571428571428571,14.055493966512689,1271228.0586276457
34.285714285714285,0.0170734773835322,-4.07022904976888,0.2727272727272725,0.8571428571428571,14.043078938589787,1255543.2916544331
34.285714285714285,0.0189654668883421,-3.9651354857239447,0.2828282828282826,0.8571428571428571,14.030662607362327,1240050.4315540865
34.285714285714285,0.0210671163356406,-3.8600419216790063,0.292929292929293,0.8571428571428571,14.018246002068837,1224748.4109712082
34.285714285714285,0.0234016590950486,-3.7549483576340705,0.3030303030303031,0.8571428571428571,14.005830151652209,1209636.1279588323
34.285714285714285,0.0259949031313031,-3.649854793589135,0.3131313131313132,0.8571428571428571,13.99341608433696,1194712.4470845966
34.285714285714285,0.0288755163068248,-3.5447612295442013,0.32323232323232315,0.8571428571428571,13.98100482720787,1179976.2005439166
34.285714285714285,0.0320753432999582,-3.4396676654992664,0.33333333333333315,0.8571428571428571,13.968597405790353,1165426.18927872
34.285714285714285,0.0356297576423598,-3.3345741014543298,0.34343434343434337,0.8571428571428571,13.956194843633032,1151061.1841004274
34.285714285714285,0.0395780527672466,-3.229480537409394,0.3535353535353535,0.8571428571428571,13.943798161892863,1136879.9268157622
34.285714285714285,0.0439638763914761,-3.1243869733644574,0.3636363636363637,0.8571428571428571,13.931408378923223,1122881.1313540868
34.285714285714285,0.048835713033475,-3.019293409319523,0.3737373737373737,0.8571428571428571,13.919026509865331,1109063.4848949376
34.285714285714285,0.0542474200011699,-2.914199845274587,0.3838383838383838,0.8571428571428571,13.906653566243408,1095425.6489945047
34.285714285714285,0.060258822775172,-2.8091062812296523,0.3939393939393938,0.8571428571428571,13.894290555563913,1081966.2607097735
34.285714285714285,0.0669363763690749,-2.7040127171847166,0.404040404040404,0.8571428571428571,13.881938480919239,1068683.9337191272
34.285714285714285,0.0743538999780876,-2.5989191531397813,0.4141414141414141,0.8571428571428571,13.869598340596207,1055577.2594382125
34.285714285714285,0.0825933930374168,-2.493825589094845,0.42424242424242425,0.8571428571428571,13.857271127689717,1042644.8081299276
34.285714285714285,0.0917459417117808,-2.38873202504991,0.4343434343434343,0.8571428571428571,13.84495782972188,1029885.130007415
34.285714285714285,0.101912725837141,-2.283638461004973,0.44444444444444453,0.8571428571428571,13.832659428266945,1017296.7563289689
34.285714285714285,0.113206137446215,-2.1785448969600347,0.4545454545454549,0.8571428571428571,13.820376898582365,1004878.2004838416
34.285714285714285,0.125751023242877,-2.0734513329151003,0.46464646464646486,0.8571428571428571,13.80811120924626,992627.9590679236
34.285714285714285,0.139686064760787,-1.9683577688701692,0.47474747474747453,0.8571428571428571,13.795863321801601,980544.5129483669
34.285714285714285,0.155165311463659,-1.8632642048252352,0.48484848484848453,0.8571428571428571,13.783634190407389,968626.32831622
34.285714285714285,0.172359883735326,-1.7581706407802946,0.49494949494949514,0.8571428571428571,13.77142476149707,956871.8577262025
34.285714285714285,0.19145986458586,-1.6530770767353593,0.5050505050505052,0.8571428571428571,13.759235973444474,945279.5411227988
34.285714285714285,0.212676400986239,-1.5479835126904273,0.5151515151515149,0.8571428571428571,13.747068756237496,933847.806851875
34.285714285714285,0.236244038061438,-1.442889948645492,0.5252525252525251,0.8571428571428571,13.734924031159746,922575.0726570748
34.285714285714285,0.262423311946047,-1.3377963846005527,0.5353535353535355,0.8571428571428571,13.722802710480408,911459.7466603162
34.285714285714285,0.291503629965987,-1.2327028205556183,0.5454545454545455,0.8571428571428571,13.710705697152473,900500.2283256992
34.285714285714285,0.323806469986239,-1.1276092565106834,0.5555555555555556,0.8571428571428571,13.698633884519568,889694.9094062486
34.285714285714285,0.359688934292802,-1.0225156924657481,0.5656565656565656,0.8571428571428571,13.686588156031528,879042.1748728974
34.285714285714285,0.399547697296443,-0.9174221284208132,0.5757575757575757,0.8571428571428571,13.674569384968905,868540.4038252125
34.285714285714285,0.443823390699414,-0.8123285643758777,0.5858585858585857,0.8571428571428571,13.662578434176517,858187.9703833471
34.285714285714285,0.49300547460239,-0.707235000330941,0.5959595959595959,0.8571428571428571,13.650616155806212,847983.2445608173
34.285714285714285,0.547637648400869,-0.6021414362860068,0.606060606060606,0.8571428571428571,13.638683391068955,837924.5931176912
34.285714285714285,0.608323861287565,-0.49704787224107067,0.6161616161616161,0.8571428571428571,13.626780969996325,828010.3803938201
34.285714285714285,0.67573498880583,-0.39195430819613525,0.6262626262626262,0.8571428571428571,13.614909711211546,818238.9691218277
34.285714285714285,0.750616249262273,-0.2868607441511999,0.6363636363636362,0.8571428571428571,13.603070421710106,808608.721219553
34.285714285714285,0.833795441985706,-0.18176718010626372,0.6464646464646464,0.8571428571428571,13.591263896650057,799117.9985617361
34.285714285714285,0.926192098504948,-0.07667361606132911,0.6565656565656565,0.8571428571428571,13.579490919152015,789765.1637307229
34.285714285714285,1.02882764781018,0.028419947983610284,0.666666666666667,0.8571428571428571,13.567752260108936,780548.5807460545
34.285714285714285,1.142836708073,0.1335135120285407,0.6767676767676766,0.8571428571428571,13.556048678005675,771466.6157727983
34.285714285714285,1.2694796296533,0.23860707607348014,0.686868686868687,0.8571428571428571,13.544380918748333,762517.6378085215
34.285714285714285,1.41015642805352,0.3437006401184105,0.6969696969696967,0.8571428571428571,13.532749715503439,753700.0193488942
34.285714285714285,1.56642226084696,0.44879420416335164,0.7070707070707073,0.8571428571428571,13.521155788546887,745012.1370318297
34.285714285714285,1.74000461967455,0.5538877682082868,0.7171717171717173,0.8571428571428571,13.50959984512269,736452.3722602435
34.285714285714285,1.93282242736499,0.6589813322532224,0.7272727272727274,0.8571428571428571,13.498082579311442,728019.111803408
34.285714285714285,2.14700725129329,0.7640748962981553,0.7373737373737373,0.8571428571428571,13.486604671908488,719710.7483770027
34.285714285714285,2.38492686748792,0.8691684603430914,0.7474747474747475,0.8571428571428571,13.475166790311738,711525.6812019452
34.285714285714285,2.64921143598352,0.9742620243880249,0.7575757575757573,0.8571428571428571,13.463769588419053,703462.3165421254
34.285714285714285,2.94278257678333,1.0793555884329629,0.7676767676767676,0.8571428571428571,13.452413706535133,695519.0682211836
34.285714285714285,3.26888566786082,1.184449152477898,0.7777777777777777,0.8571428571428571,13.441099771287806,687694.3581185058
34.285714285714285,3.63112572224959,1.289542716522833,0.7878787878787878,0.8571428571428571,13.42982839555366,679986.6166446351
34.285714285714285,4.0335072408363,1.3946362805677694,0.797979797979798,0.8571428571428571,13.418600178392856,672394.2831962984
34.285714285714285,4.48047848142245,1.4997298446127043,0.808080808080808,0.8571428571428571,13.407415704993058,664915.8065912912
34.285714285714285,4.97698063344183,1.6048234086576407,0.8181818181818182,0.8571428571428571,13.396275546622347,657549.6454834831
34.285714285714285,5.52850244195146,1.7099169727025751,0.8282828282828283,0.8571428571428571,13.385180260590955,650294.2687581884
34.285714285714285,6.14114088475497,1.8150105367475111,0.8383838383838383,0.8571428571428571,13.374130390221735,643148.1559082146
34.285714285714285,6.8216685734332,1.9201041007924453,0.8484848484848483,0.8571428571428571,13.363126464829177,636109.7973908776
34.285714285714285,7.57760862338904,2.0251976648373815,0.8585858585858586,0.8571428571428571,13.352168999706839,629177.6949662965
34.285714285714285,8.41731782058148,2.1302912288823177,0.8686868686868686,0.8571428571428571,13.341258496123038,622350.3620173127
34.285714285714285,9.35007900434302,2.2353847929272526,0.8787878787878787,0.8571428571428571,13.330395441324622,615626.3238513547
34.285714285714285,10.3862036875563,2.3404783569721936,0.8888888888888893,0.8571428571428571,13.31958030854867,609004.1179846135
34.285714285714285,11.5371460486378,2.445571921017128,0.8989898989898993,0.8571428571428571,13.308813557041917,602482.2944088806
34.285714285714285,12.8156295554912,2.550665485062058,0.909090909090909,0.8571428571428571,13.298095632087783,596059.4158414323
34.285714285714285,14.2357876212352,2.6557590491069942,0.919191919191919,0.8571428571428571,13.28742696504073,589734.0579583098
34.285714285714285,15.8133198466305,2.7608526131519304,0.9292929292929293,0.8571428571428571,13.276807973367854,583504.8096114103
34.285714285714285,17.5656655764397,2.865946177196865,0.9393939393939392,0.8571428571428571,13.266239060697465,577370.2730297622
34.285714285714285,19.5121966883548,2.9710397412417997,0.9494949494949493,0.8571428571428571,13.255720616874466,571329.0640053687
34.285714285714285,21.6744317457404,3.0761333052867346,0.9595959595959593,0.8571428571428571,13.24525301802235,565379.8120640402
34.285714285714285,24.0762738816144,3.1812268693316703,0.9696969696969694,0.8571428571428571,13.2348366266116,559521.160621595
34.285714285714285,26.744275043632,3.2863204333766105,0.97979797979798,0.8571428571428571,13.2244717915343,553751.7671258427
34.285714285714285,29.707929521255,3.3914139974215445,0.98989898989899,0.8571428571428571,13.214158848184763,548070.3031847555
34.285714285714285,33.0,3.4965075614664802,1.0,0.8571428571428571,13.203898118545922,542475.454681216
35.10204081632653,0.001,-6.907755278982137,0.0,0.8775510204081632,14.373115982637977,1746485.398288776
35.10204081632653,0.001110814537795,-6.802661714937222,0.010101010101008117,0.8775510204081632,14.361144810383774,1725702.5663733904
35.10204081632653,0.0012339089373767,-6.697568150892323,0.020202020202014698,0.8775510204081632,14.349146934832055,1705121.5130854046
35.10204081632653,0.0013706439859533,-6.592474586847349,0.030303030303028534,0.8775510204081632,14.337123235746029,1684742.4067436752
35.10204081632653,0.0015225312657382,-6.487381022802441,0.04040404040403597,0.8775510204081632,14.325074602702966,1664565.3607149606
35.10204081632653,0.0016912498642295,-6.382287458757476,0.05050505050504887,0.8775510204081632,14.313001934786447,1644590.4338295772
35.10204081632653,0.00187866493623,-6.277193894712534,0.06060606060605963,0.8775510204081632,14.300906140270227,1624817.6308360635
35.10204081632653,0.00208684832281,-6.172100330667619,0.07070707070706775,0.8775510204081632,14.288788136293762,1605246.9028937824
35.10204081632653,0.0023181014551505,-6.067006766622687,0.08080808080807748,0.8775510204081632,14.276648848529803,1585878.1481028174
35.10204081632653,0.002574980796465,-5.961913202577741,0.0909090909090886,0.8775510204081632,14.264489210844324,1566711.2120703035
35.10204081632653,0.0028603261032564,-5.856819638532781,0.10101010101010106,0.8775510204081632,14.25231016494906,1547745.8885121855
35.10204081632653,0.0031772918183317,-5.751726074487876,0.11111111111110823,0.8775510204081632,14.24011266004699,1528981.9198895206
35.10204081632653,0.0035293819426201,-5.646632510442922,0.1212121212121201,0.8775510204081632,14.227897652471068,1510418.9980782375
35.10204081632653,0.0039204887712936,-5.541538946397998,0.13131313131312908,0.8775510204081632,14.215666105316618,1492056.7650714193
35.10204081632653,0.0043549359224151,-5.436445382353058,0.14141414141413966,0.8775510204081632,14.203418988067607,1473894.8137128258
35.10204081632653,0.0048375261337845,-5.331351818308116,0.15151515151515035,0.8775510204081632,14.191157276217266,1455932.6884606627
35.10204081632653,0.0053735943563712,-5.2262582542631755,0.16161616161616094,0.8775510204081632,14.178881950883381,1438169.88618036
35.10204081632653,0.0059690667312704,-5.121164690218244,0.17171717171717069,0.8775510204081632,14.166593998418607,1420605.8569651174
35.10204081632653,0.0066305261021638,-5.016071126173304,0.18181818181818118,0.8775510204081632,14.154294410016215,1403240.0049830114
35.10204081632653,0.0073652847875129,-4.910977562128371,0.19191919191919102,0.8775510204081632,14.141984181311662,1386071.689349394
35.10204081632653,0.0081814654169699,-4.80588399808343,0.20202020202020168,0.8775510204081632,14.129664311980324,1369100.2250232091
35.10204081632653,0.0090880907256374,-4.700790434038493,0.21212121212121193,0.8775510204081632,14.117335805331876,1352324.8837260166
35.10204081632653,0.0100951832988382,-4.595696869993551,0.22222222222222263,0.8775510204081632,14.104999667901623,1335744.8948822601
35.10204081632653,0.0112138763700549,-4.490603305948624,0.23232323232323193,0.8775510204081632,14.09265690903928,1319359.4465795327
35.10204081632653,0.0124565368968931,-4.385509741903686,0.24242424242424226,0.8775510204081632,14.080308540495517,1303167.6865473501
35.10204081632653,0.013836902275649,-4.280416177858747,0.2525252525252527,0.8775510204081632,14.067955576006792,1287168.723153185
35.10204081632653,0.0153702322058399,-4.175322613813814,0.26262626262626254,0.8775510204081632,14.055599030878756,1271361.6264142373
35.10204081632653,0.0170734773835322,-4.07022904976888,0.2727272727272725,0.8775510204081632,14.043239921568759,1255745.4290236537
35.10204081632653,0.0189654668883421,-3.9651354857239447,0.2828282828282826,0.8775510204081632,14.030879265267789,1240319.1273897411
35.10204081632653,0.0210671163356406,-3.8600419216790063,0.292929292929293,0.8775510204081632,14.018518079482302,1225081.6826868076
35.10204081632653,0.0234016590950486,-3.7549483576340705,0.3030303030303031,0.8775510204081632,14.006157381616346,1210032.0219162533
35.10204081632653,0.0259949031313031,-3.649854793589135,0.3131313131313132,0.8775510204081632,13.993798188554363,1195169.0389764998
35.10204081632653,0.0288755163068248,-3.5447612295442013,0.32323232323232315,0.8775510204081632,13.98144151624512,1180491.5957404347
35.10204081632653,0.0320753432999582,-3.4396676654992664,0.33333333333333315,0.8775510204081632,13.969088379287127,1165998.5231389834
35.10204081632653,0.0356297576423598,-3.3345741014543298,0.34343434343434337,0.8775510204081632,13.956739790515979,1151688.6222494885
35.10204081632653,0.0395780527672466,-3.229480537409394,0.3535353535353535,0.8775510204081632,13.944396760593989,1137560.665387576
35.10204081632653,0.0439638763914761,-3.1243869733644574,0.3636363636363637,0.8775510204081632,13.932060297602519,1123613.397201203
35.10204081632653,0.048835713033475,-3.019293409319523,0.3737373737373737,0.8775510204081632,13.919731406637375,1109845.535765617
35.10204081632653,0.0542474200011699,-2.914199845274587,0.3838383838383838,0.8775510204081632,13.90741108940767,1096255.773677987
35.10204081632653,0.060258822775172,-2.8091062812296523,0.3939393939393938,0.8775510204081632,13.895100343838486,1082842.7791504592
35.10204081632653,0.0669363763690749,-2.7040127171847166,0.404040404040404,0.8775510204081632,13.882800163677725,1069605.1971004675
35.10204081632653,0.0743538999780876,-2.5989191531397813,0.4141414141414141,0.8775510204081632,13.870511538107504,1056541.6502371323
35.10204081632653,0.0825933930374168,-2.493825589094845,0.42424242424242425,0.8775510204081632,13.858235451360407,1043650.7401426018
35.10204081632653,0.0917459417117808,-2.38873202504991,0.4343434343434343,0.8775510204081632,13.845972882340973,1030931.0483472662
35.10204081632653,0.101912725837141,-2.283638461004973,0.44444444444444453,0.8775510204081632,13.833724804252695,1018381.1373977512
35.10204081632653,0.113206137446215,-2.1785448969600347,0.4545454545454549,0.8775510204081632,13.821492184230896,1005999.551916709
35.10204081632653,0.125751023242877,-2.0734513329151003,0.46464646464646486,0.8775510204081632,13.809275982981752,993784.819653382
35.10204081632653,0.139686064760787,-1.9683577688701692,0.47474747474747453,0.8775510204081632,13.797077154427758,981735.4525240122
35.10204081632653,0.155165311463659,-1.8632642048252352,0.48484848484848453,0.8775510204081632,13.784896645359924,969849.9476411806
35.10204081632653,0.172359883735326,-1.7581706407802946,0.49494949494949514,0.8775510204081632,13.772735395096996,958126.7883312316
35.10204081632653,0.19145986458586,-1.6530770767353593,0.5050505050505052,0.8775510204081632,13.760594335151904,946564.4451389139
35.10204081632653,0.212676400986239,-1.5479835126904273,0.5151515151515149,0.8775510204081632,13.748474388905729,935161.3768184923
35.10204081632653,0.236244038061438,-1.442889948645492,0.5252525252525251,0.8775510204081632,13.736376471289411,923916.031310572
35.10204081632653,0.262423311946047,-1.3377963846005527,0.5353535353535355,0.8775510204081632,13.724301488473408,912826.8467039317
35.10204081632653,0.291503629965987,-1.2327028205556183,0.5454545454545455,0.8775510204081632,13.71225033756552,901892.2521817095
35.10204081632653,0.323806469986239,-1.1276092565106834,0.5555555555555556,0.8775510204081632,13.70022390631707,891110.6689513267
35.10204081632653,0.359688934292802,-1.0225156924657481,0.5656565656565656,0.8775510204081632,13.688223072837632,880480.51115757
35.10204081632653,0.399547697296443,-0.9174221284208132,0.5757575757575757,0.8775510204081632,13.676248705318462,870000.1867783156
35.10204081632653,0.443823390699414,-0.8123285643758777,0.5858585858585857,0.8775510204081632,13.66430166176479,859668.0985023691
35.10204081632653,0.49300547460239,-0.707235000330941,0.5959595959595959,0.8775510204081632,13.652382789737112,849482.6445890081
35.10204081632653,0.547637648400869,-0.6021414362860068,0.606060606060606,0.8775510204081632,13.640492926101622,839442.2197088004
35.10204081632653,0.608323861287565,-0.49704787224107067,0.6161616161616161,0.8775510204081632,13.628632896789872,829545.2157653206
35.10204081632653,0.67573498880583,-0.39195430819613525,0.6262626262626262,0.8775510204081632,13.616803516567796,819790.0226974569
35.10204081632653,0.750616249262273,-0.2868607441511999,0.6363636363636362,0.8775510204081632,13.605005588814144,810175.0292619932
35.10204081632653,0.833795441985706,-0.18176718010626372,0.6464646464646464,0.8775510204081632,13.593239905308446,800698.6237962324
35.10204081632653,0.926192098504948,-0.07667361606132911,0.6565656565656565,0.8775510204081632,13.581507246028519,791359.1949604305
35.10204081632653,1.02882764781018,0.028419947983610284,0.666666666666667,0.8775510204081632,13.569808378957605,782155.1324598672
35.10204081632653,1.142836708073,0.1335135120285407,0.6767676767676766,0.8775510204081632,13.558144059901158,773084.8277464142
35.10204081632653,1.2694796296533,0.23860707607348014,0.686868686868687,0.8775510204081632,13.546515032313291,764146.6746994726
35.10204081632653,1.41015642805352,0.3437006401184105,0.6969696969696967,0.8775510204081632,13.534922027132923,755339.0702862267
35.10204081632653,1.56642226084696,0.44879420416335164,0.7070707070707073,0.8775510204081632,13.523365762629597,746660.4152011451
35.10204081632653,1.74000461967455,0.5538877682082868,0.7171717171717173,0.8775510204081632,13.511846944258973,738109.1144847375
35.10204081632653,1.93282242736499,0.6589813322532224,0.7272727272727274,0.8775510204081632,13.500366264527951,729683.5781215525
35.10204081632653,2.14700725129329,0.7640748962981553,0.7373737373737373,0.8775510204081632,13.48892440286941,721382.2216174968
35.10204081632653,2.38492686748792,0.8691684603430914,0.7474747474747475,0.8775510204081632,13.477522025526506,713203.4665565242
35.10204081632653,2.64921143598352,0.9742620243880249,0.7575757575757573,0.8775510204081632,13.466159785446454,705145.7411367877
35.10204081632653,2.94278257678333,1.0793555884329629,0.7676767676767676,0.8775510204081632,13.454838322183765,697207.4806864092
35.10204081632653,3.26888566786082,1.184449152477898,0.7777777777777777,0.8775510204081632,13.443558261812806,689387.1281589718
35.10204081632653,3.63112572224959,1.289542716522833,0.7878787878787878,0.8775510204081632,13.432320216849636,681683.1346089342
35.10204081632653,4.0335072408363,1.3946362805677694,0.797979797979798,0.8775510204081632,13.42112478618302,674093.959647161
35.10204081632653,4.48047848142245,1.4997298446127043,0.808080808080808,0.8775510204081632,13.409972555014464,666618.071876746
35.10204081632653,4.97698063344183,1.6048234086576407,0.8181818181818182,0.8775510204081632,13.398864094807225,659253.9493094021
35.10204081632653,5.52850244195146,1.7099169727025751,0.8282828282828283,0.8775510204081632,13.387799963244122,652000.0797626413
35.10204081632653,6.14114088475497,1.8150105367475111,0.8383838383838383,0.8775510204081632,13.376780704194035,644854.9612380106
35.10204081632653,6.8216685734332,1.9201041007924453,0.8484848484848483,0.8775510204081632,13.365806847686946,637817.1022806717
35.10204081632653,7.57760862338904,2.0251976648373815,0.8585858585858586,0.8775510204081632,13.354878909897389,630885.0223206213
35.10204081632653,8.41731782058148,2.1302912288823177,0.8686868686868686,0.8775510204081632,13.343997393136137,624057.2519958474
35.10204081632653,9.35007900434302,2.2353847929272526,0.8787878787878787,0.8775510204081632,13.333162785849986,617332.3334577604
35.10204081632653,10.3862036875563,2.3404783569721936,0.8888888888888893,0.8775510204081632,13.322375562629455,610708.8206592125
35.10204081632653,11.5371460486378,2.445571921017128,0.8989898989898993,0.8775510204081632,13.311636184224238,604185.2796254556
35.10204081632653,12.8156295554912,2.550665485062058,0.909090909090909,0.8775510204081632,13.300945097566242,597760.2887083952
35.10204081632653,14.2357876212352,2.6557590491069942,0.919191919191919,0.8775510204081632,13.290302735800013,591432.4388244809
35.10204081632653,15.8133198466305,2.7608526131519304,0.9292929292929293,0.8775510204081632,13.27970951832038,585200.3336766142
35.10204081632653,17.5656655764397,2.865946177196865,0.9393939393939392,0.8775510204081632,13.269165850817135,579062.5899604465
35.10204081632653,19.5121966883548,2.9710397412417997,0.9494949494949493,0.8775510204081632,13.258672125326518,573017.8375554213
35.10204081632653,21.6744317457404,3.0761333052867346,0.9595959595959593,0.8775510204081632,13.248228720289383,567064.7197009777
35.10204081632653,24.0762738816144,3.1812268693316703,0.9696969696969694,0.8775510204081632,13.237836000615777,561201.8931582669
35.10204081632653,26.744275043632,3.2863204333766105,0.97979797979798,0.8775510204081632,13.227494317755779,555428.0283577879
35.10204081632653,29.707929521255,3.3914139974215445,0.98989898989899,0.8775510204081632,13.217204009776381,549741.8095333292
35.10204081632653,33.0,3.4965075614664802,1.0,0.8775510204081632,13.206965401444208,544141.9348425978
35.91836734693877,0.001,-6.907755278982137,0.0,0.8979591836734693,14.371703103425213,1744019.5677446947
35.91836734693877,0.001110814537795,-6.802661714937222,0.010101010101008117,0.8979591836734693,14.359790376595944,1723366.7986881654
35.91836734693877,0.0012339089373767,-6.697568150892323,0.020202020202014698,0.8979591836734693,14.347851053702122,1702913.309386129
35.91836734693877,0.0013706439859533,-6.592474586847349,0.030303030303028534,0.8979591836734693,14.33588600024098,1682659.2725507116
35.91836734693877,0.0015225312657382,-6.487381022802441,0.04040404040403597,0.8979591836734693,14.32389609150545,1662604.807292358
35.91836734693877,0.0016912498642295,-6.382287458757476,0.05050505050504887,0.8979591836734693,14.311882212285838,1642749.979507882
35.91836734693877,0.00187866493623,-6.277193894712534,0.06060606060605963,0.8979591836734693,14.299845256563032,1623094.802306288
35.91836734693877,0.00208684832281,-6.172100330667619,0.07070707070706775,0.8979591836734693,14.287786127193419,1603639.2364714888
35.91836734693877,0.0023181014551505,-6.067006766622687,0.08080808080807748,0.8979591836734693,14.275705735585815,1584383.1909612785
35.91836734693877,0.002574980796465,-5.961913202577741,0.0909090909090886,0.8979591836734693,14.263605001370681,1565326.5234417454
35.91836734693877,0.0028603261032564,-5.856819638532781,0.10101010101010106,0.8979591836734693,14.25148485206193,1546469.0408562822
35.91836734693877,0.0031772918183317,-5.751726074487876,0.11111111111110823,0.8979591836734693,14.239346222711585,1527810.5000282617
35.91836734693877,0.0035293819426201,-5.646632510442922,0.1212121212121201,0.8979591836734693,14.227190055557628,1509350.6082964304
35.91836734693877,0.0039204887712936,-5.541538946397998,0.13131313131312908,0.8979591836734693,14.21501729966541,1491089.0241821443
35.91836734693877,0.0043549359224151,-5.436445382353058,0.14141414141413966,0.8979591836734693,14.202828910562845,1473025.3580871988
35.91836734693877,0.0048375261337845,-5.331351818308116,0.15151515151515035,0.8979591836734693,14.190625849869857,1455159.1730214066
35.91836734693877,0.0053735943563712,-5.2262582542631755,0.16161616161616094,0.8979591836734693,14.178409084922338,1437489.9853586343
35.91836734693877,0.0059690667312704,-5.121164690218244,0.17171717171717069,0.8979591836734693,14.166179588391033,1420017.2656202621
35.91836734693877,0.0066305261021638,-5.016071126173304,0.18181818181818118,0.8979591836734693,14.153938337895681,1402740.4392848064
35.91836734693877,0.0073652847875129,-4.910977562128371,0.19191919191919102,0.8979591836734693,14.141686315614841,1385658.8876225916
35.91836734693877,0.0081814654169699,-4.80588399808343,0.20202020202020168,0.8979591836734693,14.129424507891715,1368771.9485541251
35.91836734693877,0.0090880907256374,-4.700790434038493,0.21212121212121193,0.8979591836734693,14.117153904836423,1352078.917531017
35.91836734693877,0.0100951832988382,-4.595696869993551,0.22222222222222263,0.8979591836734693,14.104875499925074,1335579.0484380978
35.91836734693877,0.0112138763700549,-4.490603305948624,0.23232323232323193,0.8979591836734693,14.092590289596055,1319271.5545154817
35.91836734693877,0.0124565368968931,-4.385509741903686,0.24242424242424226,0.8979591836734693,14.080299272843924,1303155.6092992271
35.91836734693877,0.013836902275649,-4.280416177858747,0.2525252525252527,0.8979591836734693,14.068003450811322,1287230.3475793197
35.91836734693877,0.0153702322058399,-4.175322613813814,0.26262626262626254,0.8979591836734693,14.0557038263793,1271494.8663736018
35.91836734693877,0.0170734773835322,-4.07022904976888,0.2727272727272725,0.8979591836734693,14.043401403756476,1255948.225916351
35.91836734693877,0.0189654668883421,-3.9651354857239447,0.2828282828282826,0.8979591836734693,14.0310971880674,1240589.4506601263
35.91836734693877,0.0210671163356406,-3.8600419216790063,0.292929292929293,0.8979591836734693,14.018792184940585,1225417.5302896025
35.91836734693877,0.0234016590950486,-3.7549483576340705,0.3030303030303031,0.8979591836734693,14.00648740009656,1210431.4207460096
35.91836734693877,0.0259949031313031,-3.649854793589135,0.3131313131313132,0.8979591836734693,13.994183838936381,1195630.0452608683
35.91836734693877,0.0288755163068248,-3.5447612295442013,0.32323232323232315,0.8979591836734693,13.981882506130978,1181012.295397699
35.91836734693877,0.0320753432999582,-3.4396676654992664,0.33333333333333315,0.8979591836734693,13.969584405211757,1166577.0321004
35.91836734693877,0.0356297576423598,-3.3345741014543298,0.34343434343434337,0.8979591836734693,13.957290538162848,1152323.0867469958
35.91836734693877,0.0395780527672466,-3.229480537409394,0.3535353535353535,0.8979591836734693,13.945001905015385,1138249.2622074832
35.91836734693877,0.0439638763914761,-3.1243869733644574,0.3636363636363637,0.8979591836734693,13.932719503444194,1124354.3339044924
35.91836734693877,0.048835713033475,-3.019293409319523,0.3737373737373737,0.8979591836734693,13.920444328367294,1110637.050875554
35.91836734693877,0.0542474200011699,-2.914199845274587,0.3838383838383838,0.8979591836734693,13.908177371548582,1097096.136835747
35.91836734693877,0.060258822775172,-2.8091062812296523,0.3939393939393938,0.8979591836734693,13.895919621204039,1083730.2912395098
35.91836734693877,0.0669363763690749,-2.7040127171847166,0.404040404040404,0.8979591836734693,13.88367206161185,1070538.1903404829
35.91836734693877,0.0743538999780876,-2.5989191531397813,0.4141414141414141,0.8979591836734693,13.871435672726806,1057518.488248242
35.91836734693877,0.0825933930374168,-2.493825589094845,0.42424242424242425,0.8979591836734693,13.859211429799254,1044669.817980774
35.91836734693877,0.0917459417117808,-2.38873202504991,0.4343434343434343,0.8979591836734693,13.847000302999044,1031990.7925116864
35.91836734693877,0.101912725837141,-2.283638461004973,0.44444444444444453,0.8979591836734693,13.834803257044697,1019480.0058110508
35.91836734693877,0.113206137446215,-2.1785448969600347,0.4545454545454549,0.8979591836734693,13.822621250838177,1007136.0338789024
35.91836734693877,0.125751023242877,-2.0734513329151003,0.46464646464646486,0.8979591836734693,13.810455237105542,994957.4357704226
35.91836734693877,0.139686064760787,-1.9683577688701692,0.47474747474747453,0.8979591836734693,13.798306162043774,982942.754611843
35.91836734693877,0.155165311463659,-1.8632642048252352,0.48484848484848453,0.8979591836734693,13.786174964974094,971090.5186062166
35.91836734693877,0.172359883735326,-1.7581706407802946,0.49494949494949514,0.8979591836734693,13.774062578001997,959399.242028149
35.91836734693877,0.19145986458586,-1.6530770767353593,0.5050505050505052,0.8979591836734693,13.761969925684305,947867.4262067011
35.91836734693877,0.212676400986239,-1.5479835126904273,0.5151515151515149,0.8979591836734693,13.749897924703474,936493.5604956711
35.91836734693877,0.236244038061438,-1.442889948645492,0.5252525252525251,0.8979591836734693,13.737847483549382,925276.1232305024
35.91836734693877,0.262423311946047,-1.3377963846005527,0.5353535353535355,0.8979591836734693,13.725819502208847,914213.5826711325
35.91836734693877,0.291503629965987,-1.2327028205556183,0.5454545454545455,0.8979591836734693,13.713814871863066,903304.3979301174
35.91836734693877,0.323806469986239,-1.1276092565106834,0.5555555555555556,0.8979591836734693,13.701834474593188,892547.0198853904
35.91836734693877,0.359688934292802,-1.0225156924657481,0.5656565656565656,0.8979591836734693,13.689879183094206,881939.8920771125
35.91836734693877,0.399547697296443,-0.9174221284208132,0.5757575757575757,0.8979591836734693,13.67794986039733,871481.4515880236
35.91836734693877,0.443823390699414,-0.8123285643758777,0.5858585858585857,0.8979591836734693,13.666047359601034,861170.1299068502
35.91836734693877,0.49300547460239,-0.707235000330941,0.5959595959595959,0.8979591836734693,13.654172523610873,851004.3537742499
35.91836734693877,0.547637648400869,-0.6021414362860068,0.606060606060606,0.8979591836734693,13.642326184888262,840982.5460109229
35.91836734693877,0.608323861287565,-0.49704787224107067,0.6161616161616161,0.8979591836734693,13.630509165208295,831103.1263274711
35.91836734693877,0.67573498880583,-0.39195430819613525,0.6262626262626262,0.8979591836734693,13.618722275426734,821364.5121156785
35.91836734693877,0.750616249262273,-0.2868607441511999,0.6363636363636362,0.8979591836734693,13.606966315256253,811765.1192208992
35.91836734693877,0.833795441985706,-0.18176718010626372,0.6464646464646464,0.8979591836734693,13.595242073052024,802303.3626952819
35.91836734693877,0.926192098504948,-0.07667361606132911,0.6565656565656565,0.8979591836734693,13.583550325606714,792977.657531606
35.91836734693877,1.02882764781018,0.028419947983610284,0.666666666666667,0.8979591836734693,13.571891837954944,783786.4193775172
35.91836734693877,1.142836708073,0.1335135120285407,0.6767676767676766,0.8979591836734693,13.560267363187261,774728.0652300124
35.91836734693877,1.2694796296533,0.23860707607348014,0.686868686868687,0.8979591836734693,13.54867764227364,765801.0141100264
35.91836734693877,1.41015642805352,0.3437006401184105,0.6969696969696967,0.8979591836734693,13.537123403896558,757003.6877170504
35.91836734693877,1.56642226084696,0.44879420416335164,0.7070707070707073,0.8979591836734693,13.525605364293606,748334.5110636724
35.91836734693877,1.74000461967455,0.5538877682082868,0.7171717171717173,0.8979591836734693,13.514124227109692,739791.9130900631
35.91836734693877,1.93282242736499,0.6589813322532224,0.7272727272727274,0.8979591836734693,13.502680683258752,731374.3272583379
35.91836734693877,2.14700725129329,0.7640748962981553,0.7373737373737373,0.8979591836734693,13.491275410794989,723080.1921268634
35.91836734693877,2.38492686748792,0.8691684603430914,0.7474747474747475,0.8979591836734693,13.479909074793582,714907.9519045476
35.91836734693877,2.64921143598352,0.9742620243880249,0.7575757575757573,0.8979591836734693,13.4685823272408,706856.056985163
35.91836734693877,2.94278257678333,1.0793555884329629,0.7676767676767676,0.8979591836734693,13.457295806933496,698922.964461853
35.91836734693877,3.26888566786082,1.184449152477898,0.7777777777777777,0.8979591836734693,13.446050139387866,691107.1386218902
35.91836734693877,3.63112572224959,1.289542716522833,0.7878787878787878,0.8979591836734693,13.434845936757425,683407.0514218839
35.91836734693877,4.0335072408363,1.3946362805677694,0.797979797979798,0.8979591836734693,13.423683797760088,675821.1829435696
35.91836734693877,4.48047848142245,1.4997298446127043,0.808080808080808,0.8979591836734693,13.412564307614273,668348.0218303916
35.91836734693877,4.97698063344183,1.6048234086576407,0.8181818181818182,0.8979591836734693,13.401488037983901,660986.0657050753
35.91836734693877,5.52850244195146,1.7099169727025751,0.8282828282828283,0.8979591836734693,13.390455546932179,653733.82156842
35.91836734693877,6.14114088475497,1.8150105367475111,0.8383838383838383,0.8979591836734693,13.379467378884053,646589.8061795582
35.91836734693877,6.8216685734332,1.9201041007924453,0.8484848484848483,0.8979591836734693,13.368524064597182,639552.5464179342
35.91836734693877,7.57760862338904,2.0251976648373815,0.8585858585858586,0.8979591836734693,13.357626121141298,632620.5796272826
35.91836734693877,8.41731782058148,2.1302912288823177,0.8686868686868686,0.8979591836734693,13.346774051885816,625792.4539418927
35.91836734693877,9.35007900434302,2.2353847929272526,0.8787878787878787,0.8979591836734693,13.33596834649551,619066.7285954475
35.91836734693877,10.3862036875563,2.3404783569721936,0.8888888888888893,0.8979591836734693,13.325209480934141,612441.9742127759
35.91836734693877,11.5371460486378,2.445571921017128,0.8989898989898993,0.8979591836734693,13.314497917475824,605916.7730848084
35.91836734693877,12.8156295554912,2.550665485062058,0.909090909090909,0.8979591836734693,13.303834104724,599489.7194270891
35.91836734693877,14.2357876212352,2.6557590491069942,0.919191919191919,0.8979591836734693,13.293218477637812,593159.4196221739
35.91836734693877,15.8133198466305,2.7608526131519304,0.9292929292929293,0.8979591836734693,13.28265145756573,586924.4924462738
35.91836734693877,17.5656655764397,2.865946177196865,0.9393939393939392,0.8979591836734693,13.272133452286218,580783.5692804768
35.91836734693877,19.5121966883548,2.9710397412417997,0.9494949494949493,0.8979591836734693,13.261664856055264,574735.294306933
35.91836734693877,21.6744317457404,3.0761333052867346,0.9595959595959593,0.8979591836734693,13.251246049660594,568778.3246903473
35.91836734693877,24.0762738816144,3.1812268693316703,0.9696969696969694,0.8979591836734693,13.240877400482354,562911.330745158
35.91836734693877,26.744275043632,3.2863204333766105,0.97979797979798,0.8979591836734693,13.230559262560094,557132.9960887791
35.91836734693877,29.707929521255,3.3914139974215445,0.98989898989899,0.8979591836734693,13.220291976665818,551442.0177812612
35.91836734693877,33.0,3.4965075614664802,1.0,0.8979591836734693,13.210075870382932,545837.1064517666
36.734693877551024,0.001,-6.907755278982137,0.0,0.9183673469387756,14.370270446971613,1741522.775805359
36.734693877551024,0.001110814537795,-6.802661714937222,0.010101010101008117,0.9183673469387756,14.358416907933814,1721001.4331463727
36.734693877551024,0.0012339089373767,-6.697568150892323,0.020202020202014698,0.9183673469387756,14.346536881555178,1700676.858009198
36.734693877551024,0.0013706439859533,-6.592474586847349,0.030303030303028534,0.9183673469387756,14.334631218953653,1680549.2272820803
36.734693877551024,0.0015225312657382,-6.487381022802441,0.04040404040403597,0.9183673469387756,14.322700781022164,1660618.6656011096
36.734693877551024,0.0016912498642295,-6.382287458757476,0.05050505050504887,0.9183673469387756,14.310746438139697,1640885.245711258
36.734693877551024,0.00187866493623,-6.277193894712534,0.06060606060605963,0.9183673469387756,14.298769069873991,1621348.9888640859
36.734693877551024,0.00208684832281,-6.172100330667619,0.07070707070706775,0.9183673469387756,14.286769564675875,1602009.8652512005
36.734693877551024,0.0023181014551505,-6.067006766622687,0.08080808080807748,0.9183673469387756,14.274748819565634,1582867.7944729663
36.734693877551024,0.002574980796465,-5.961913202577741,0.0909090909090886,0.9183673469387756,14.262707739811614,1563922.64604167
36.734693877551024,0.0028603261032564,-5.856819638532781,0.10101010101010106,0.9183673469387756,14.250647238601365,1545174.2399183637
36.734693877551024,0.0031772918183317,-5.751726074487876,0.11111111111110823,0.9183673469387756,14.238568236705602,1526622.3470825558
36.734693877551024,0.0035293819426201,-5.646632510442922,0.1212121212121201,0.9183673469387756,14.22647166213525,1508266.6901338233
36.734693877551024,0.0039204887712936,-5.541538946397998,0.13131313131312908,0.9183673469387756,14.214358449791998,1490106.9439245677
36.734693877551024,0.0043549359224151,-5.436445382353058,0.14141414141413966,0.9183673469387756,14.202229541112535,1472142.7362227438
36.734693877551024,0.0048375261337845,-5.331351818308116,0.15151515151515035,0.9183673469387756,14.190085883706912,1454373.6484037186
36.734693877551024,0.0053735943563712,-5.2262582542631755,0.16161616161616094,0.9183673469387756,14.177928430991322,1436799.216170138
36.734693877551024,0.0059690667312704,-5.121164690218244,0.17171717171717069,0.9183673469387756,14.16575814181566,1419418.9302987377
36.734693877551024,0.0066305261021638,-5.016071126173304,0.18181818181818118,0.9183673469387756,14.15357598008621,1402232.237412989
36.734693877551024,0.0073652847875129,-4.910977562128371,0.19191919191919102,0.9183673469387756,14.14138291438384,1385238.5407804386
36.734693877551024,0.0081814654169699,-4.80588399808343,0.20202020202020168,0.9183673469387756,14.12917991757807,1368437.2011335765
36.734693877551024,0.0090880907256374,-4.700790434038493,0.21212121212121193,0.9183673469387756,14.116967966437377,1351827.5375130312
36.734693877551024,0.0100951832988382,-4.595696869993551,0.22222222222222263,0.9183673469387756,14.104748041236137,1335408.8281318718
36.734693877551024,0.0112138763700549,-4.490603305948624,0.23232323232323193,0.9183673469387756,14.092521125358592,1319180.311259829
36.734693877551024,0.0124565368968931,-4.385509741903686,0.24242424242424226,0.9183673469387756,14.0802882049002,1303141.186126097
36.734693877551024,0.013836902275649,-4.280416177858747,0.2525252525252527,0.9183673469387756,14.068050268266814,1287290.613839572
36.734693877551024,0.0153702322058399,-4.175322613813814,0.26262626262626254,0.9183673469387756,14.055808305772056,1271627.7183251567
36.734693877551024,0.0170734773835322,-4.07022904976888,0.2727272727272725,0.9183673469387756,14.04356330923326,1256151.5872748983
36.734693877551024,0.0189654668883421,-3.9651354857239447,0.2828282828282826,0.9183673469387756,14.031316271566451,1240861.2731126822
36.734693877551024,0.0210671163356406,-3.8600419216790063,0.292929292929293,0.9183673469387756,14.01906818638069,1225755.793971176
36.734693877551024,0.0234016590950486,-3.7549483576340705,0.3030303030303031,0.9183673469387756,14.006820047572225,1210834.1346797587
36.734693877551024,0.0259949031313031,-3.649854793589135,0.3131313131313132,0.9183673469387756,13.994572848918839,1196095.2477621431
36.734693877551024,0.0288755163068248,-3.5447612295442013,0.32323232323232315,0.9183673469387756,13.98232758367478,1181538.0544424274
36.734693877551024,0.0320753432999582,-3.4396676654992664,0.33333333333333315,0.9183673469387756,13.970085244166679,1167161.445658315
36.734693877551024,0.0356297576423598,-3.3345741014543298,0.34343434343434337,0.9183673469387756,13.957846821390852,1152964.2830802433
36.734693877551024,0.0395780527672466,-3.229480537409394,0.3535353535353535,0.9183673469387756,13.945613304612348,1138945.400135179
36.734693877551024,0.0439638763914761,-3.1243869733644574,0.3636363636363637,0.9183673469387756,13.933385680966158,1125103.6030338786
36.734693877551024,0.048835713033475,-3.019293409319523,0.3737373737373737,0.9183673469387756,13.921164935060947,1111437.6718003876
36.734693877551024,0.0542474200011699,-2.914199845274587,0.3838383838383838,0.9183673469387756,13.908952048585682,1097946.36130261
36.734693877551024,0.060258822775172,-2.8091062812296523,0.3939393939393938,0.9183673469387756,13.89674799991952,1084628.4022827726
36.734693877551024,0.0669363763690749,-2.7040127171847166,0.404040404040404,0.9183673469387756,13.884553763745323,1071482.5023866675
36.734693877551024,0.0743538999780876,-2.5989191531397813,0.4141414141414141,0.9183673469387756,13.872370310667165,1058507.3471905482
36.734693877551024,0.0825933930374168,-2.493825589094845,0.42424242424242425,0.9183673469387756,13.86019860683213,1045701.6012245928
36.734693877551024,0.0917459417117808,-2.38873202504991,0.4343434343434343,0.9183673469387756,13.848039613556804,1033063.908991903
36.734693877551024,0.101912725837141,-2.283638461004973,0.44444444444444453,0.9183673469387756,13.835894286958716,1020592.8959819744
36.734693877551024,0.113206137446215,-2.1785448969600347,0.4545454545454549,0.9183673469387756,13.82376357759312,1008287.1696777026
36.734693877551024,0.125751023242877,-2.0734513329151003,0.46464646464646486,0.9183673469387756,13.811648430095365,996145.3205549222
36.734693877551024,0.139686064760787,-1.9683577688701692,0.47474747474747453,0.9183673469387756,13.799549782829187,984165.9230735656
36.734693877551024,0.155165311463659,-1.8632642048252352,0.48484848484848453,0.9183673469387756,13.787468567541191,972347.5366595677
36.734693877551024,0.172359883735326,-1.7581706407802946,0.49494949494949514,0.9183673469387756,13.775405709021832,960688.706676658
36.734693877551024,0.19145986458586,-1.6530770767353593,0.5050505050505052,0.9183673469387756,13.763362124773115,949187.9653872099
36.734693877551024,0.212676400986239,-1.5479835126904273,0.5151515151515149,0.9183673469387756,13.7513387246833,937843.8329013825
36.734693877551024,0.236244038061438,-1.442889948645492,0.5252525252525251,0.9183673469387756,13.739336410708859,926654.8181138207
36.734693877551024,0.262423311946047,-1.3377963846005527,0.5353535353535355,0.9183673469387756,13.727356076563888,915619.4196271971
36.734693877551024,0.291503629965987,-1.2327028205556183,0.5454545454545455,0.9183673469387756,13.715398607417216,904736.1266619297
36.734693877551024,0.323806469986239,-1.1276092565106834,0.5555555555555556,0.9183673469387756,13.703464879597409,894003.4199514724
36.734693877551024,0.359688934292802,-1.0225156924657481,0.5656565656565656,0.9183673469387756,13.691555760305858,883419.7726225645
36.734693877551024,0.399547697296443,-0.9174221284208132,0.5757575757575757,0.9183673469387756,13.679672107338147,872983.6510599119
36.734693877551024,0.443823390699414,-0.8123285643758777,0.5858585858585857,0.9183673469387756,13.667814768813841,862693.5157547783
36.734693877551024,0.49300547460239,-0.707235000330941,0.5959595959595959,0.9183673469387756,13.655984582914877,852547.8221370194
36.734693877551024,0.547637648400869,-0.6021414362860068,0.606060606060606,0.9183673469387756,13.64418237763269,842545.021390131
36.734693877551024,0.608323861287565,-0.49704787224107067,0.6161616161616161,0.9183673469387756,13.632408970524187,832683.5612489051
36.734693877551024,0.67573498880583,-0.39195430819613525,0.6262626262626262,0.9183673469387756,13.620665168476714,822961.8867793495
36.734693877551024,0.750616249262273,-0.2868607441511999,0.6363636363636362,0.9183673469387756,13.608951767482091,813378.4411405334
36.734693877551024,0.833795441985706,-0.18176718010626372,0.6464646464646464,0.9183673469387756,13.597269552419824,803931.6663280884
36.734693877551024,0.926192098504948,-0.07667361606132911,0.6565656565656565,0.9183673469387756,13.585619296849556,794620.0038990998
36.734693877551024,1.02882764781018,0.028419947983610284,0.666666666666667,0.9183673469387756,13.574001762812829,785441.8956781821
36.734693877551024,1.142836708073,0.1335135120285407,0.6767676767676766,0.9183673469387756,13.562417700644216,776395.7844445573
36.734693877551024,1.2694796296533,0.23860707607348014,0.686868686868687,0.9183673469387756,13.550867848791839,767480.1145999713
36.734693877551024,1.41015642805352,0.3437006401184105,0.6969696969696967,0.9183673469387756,13.53935293364732,758693.3328173542
36.734693877551024,1.56642226084696,0.44879420416335164,0.7070707070707073,0.9183673469387756,13.527873669385169,750033.8886701119
36.734693877551024,1.74000461967455,0.5538877682082868,0.7171717171717173,0.9183673469387756,13.516430757811625,741500.2352420252
36.734693877551024,1.93282242736499,0.6589813322532224,0.7272727272727274,0.9183673469387756,13.505024888222906,733090.8297176866
36.734693877551024,2.14700725129329,0.7640748962981553,0.7373737373737373,0.9183673469387756,13.493656737272893,724804.1339535168
36.734693877551024,2.38492686748792,0.8691684603430914,0.7474747474747475,0.9183673469387756,13.482326968850186,716638.6150293666
36.734693877551024,2.64921143598352,0.9742620243880249,0.7575757575757573,0.9183673469387756,13.47103623396449,708592.745780758
36.734693877551024,2.94278257678333,1.0793555884329629,0.7676767676767676,0.9183673469387756,13.459785170642284,700665.0053118496
36.734693877551024,3.26888566786082,1.184449152477898,0.7777777777777777,0.9183673469387756,13.448574403831717,692853.8794892307
36.734693877551024,3.63112572224959,1.289542716522833,0.7878787878787878,0.9183673469387756,13.437404545316637,685157.8614166607
36.734693877551024,4.0335072408363,1.3946362805677694,0.797979797979798,0.9183673469387756,13.426276193639683,677575.4518909054
36.734693877551024,4.48047848142245,1.4997298446127043,0.808080808080808,0.9183673469387756,13.415189934034348,670105.1598388406
36.734693877551024,4.97698063344183,1.6048234086576407,0.8181818181818182,0.9183673469387756,13.40414633836589,662745.5027359973
36.734693877551024,5.52850244195146,1.7099169727025751,0.8282828282828283,0.9183673469387756,13.393145965081022,655495.007006774
36.734693877551024,6.14114088475497,1.8150105367475111,0.8383838383838383,0.9183673469387756,13.382189359166208,648352.2084065146
36.734693877551024,6.8216685734332,1.9201041007924453,0.8484848484848483,0.9183673469387756,13.37127705211449,641315.6523857064
36.734693877551024,7.57760862338904,2.0251976648373815,0.8585858585858586,0.9183673469387756,13.360409561900672,634383.894436546
36.734693877551024,8.41731782058148,2.1302912288823177,0.8686868686868686,0.9183673469387756,13.349587392964743,627555.5004221337
36.734693877551024,9.35007900434302,2.2353847929272526,0.8787878787878787,0.9183673469387756,13.338811036203385,620829.0468885927
36.734693877551024,10.3862036875563,2.3404783569721936,0.8888888888888893,0.9183673469387756,13.3280809689694,614203.12136038
36.734693877551024,11.5371460486378,2.445571921017128,0.8989898989898993,0.9183673469387756,13.317397655078922,607676.3226191171
36.734693877551024,12.8156295554912,2.550665485062058,0.909090909090909,0.9183673469387756,13.30676154482622,601247.260966236
36.734693877551024,14.2357876212352,2.6557590491069942,0.919191919191919,0.9183673469387756,13.296173075005935,594914.5584697657
36.734693877551024,15.8133198466305,2.7608526131519304,0.9292929292929293,0.9183673469387756,13.28563266894259,588676.849195594
36.734693877551024,17.5656655764397,2.865946177196865,0.9393939393939392,0.9183673469387756,13.275140736527154,582532.7794235316
36.734693877551024,19.5121966883548,2.9710397412417997,0.9494949494949493,0.9183673469387756,13.26469767426052,576481.0078485279
36.734693877551024,21.6744317457404,3.0761333052867346,0.9595959595959593,0.9183673469387756,13.254303865303678,570520.2057673855
36.734693877551024,24.0762738816144,3.1812268693316703,0.9696969696969694,0.9183673469387756,13.243959679534422,564649.0572513252
36.734693877551024,26.744275043632,3.2863204333766105,0.97979797979798,0.9183673469387756,13.233665473610369,558866.2593047576
36.734693877551024,29.707929521255,3.3914139974215445,0.98989898989899,0.9183673469387756,13.223421591038106,553170.5220106147
36.734693877551024,33.0,3.4965075614664802,1.0,0.9183673469387756,13.213228362248287,547560.5686626219
37.55102040816327,0.001,-6.907755278982137,0.0,0.9387755102040817,14.368818805951195,1738996.5439405274
37.55102040816327,0.001110814537795,-6.802661714937222,0.010101010101008117,0.9387755102040817,14.357025160905396,1718607.9004982118
37.55102040816327,0.0012339089373767,-6.697568150892323,0.020202020202014698,0.9387755102040817,14.345205138860699,1698413.501466658
37.55102040816327,0.0013706439859533,-6.592474586847349,0.030303030303028534,0.9387755102040817,14.333359576458337,1678413.5276801812
37.55102040816327,0.0015225312657382,-6.487381022802441,0.04040404040403597,0.9387755102040817,14.32148932009107,1658608.109067531
37.55102040816327,0.0016912498642295,-6.382287458757476,0.05050505050504887,0.9387755102040817,14.309595225623772,1638997.3249866858
37.55102040816327,0.00187866493623,-6.277193894712534,0.06060606060605963,0.9387755102040817,14.297678158105626,1619581.2045951567
37.55102040816327,0.00208684832281,-6.172100330667619,0.07070707070706775,0.9387755102040817,14.28573899147397,1600359.7272549318
37.55102040816327,0.0023181014551505,-6.067006766622687,0.08080808080807748,0.9387755102040817,14.27377860825014,1581332.822971605
37.55102040816327,0.002574980796465,-5.961913202577741,0.0909090909090886,0.9387755102040817,14.261797899227567,1562500.3728670336
37.55102040816327,0.0028603261032564,-5.856819638532781,0.10101010101010106,0.9387755102040817,14.249797763152321,1543862.2096846912
37.55102040816327,0.0031772918183317,-5.751726074487876,0.11111111111110823,0.9387755102040817,14.237779106396454,1525418.118327048
37.55102040816327,0.0035293819426201,-5.646632510442922,0.1212121212121201,0.9387755102040817,14.22574284262436,1507167.836424081
37.55102040816327,0.0039204887712936,-5.541538946397998,0.13131313131312908,0.9387755102040817,14.213689892452555,1489111.0549321936
37.55102040816327,0.0043549359224151,-5.436445382353058,0.14141414141413966,0.9387755102040817,14.20162118310305,1471247.4187624448
37.55102040816327,0.0048375261337845,-5.331351818308116,0.15151515151515035,0.9387755102040817,14.189537648050768,1453576.5274373412
37.55102040816327,0.0053735943563712,-5.2262582542631755,0.16161616161616094,0.9387755102040817,14.177440226665233,1436097.935775072
37.55102040816327,0.0059690667312704,-5.121164690218244,0.17171717171717069,0.9387755102040817,14.165329863846942,1418811.1546002706
37.55102040816327,0.0066305261021638,-5.016071126173304,0.18181818181818118,0.9387755102040817,14.153207509658705,1401715.6514801728
37.55102040816327,0.0073652847875129,-4.910977562128371,0.19191919191919102,0.9387755102040817,14.14107411895237,1384810.8514851974
37.55102040816327,0.0081814654169699,-4.80588399808343,0.20202020202020168,0.9387755102040817,14.128930650991224,1368096.1379727288
37.55102040816327,0.0090880907256374,-4.700790434038493,0.21212121212121193,0.9387755102040817,14.1167780690685,1351570.8533930732
37.55102040816327,0.0100951832988382,-4.595696869993551,0.22222222222222263,0.9387755102040817,14.104617340122319,1335234.300116384
37.55102040816327,0.0112138763700549,-4.490603305948624,0.23232323232323193,0.9387755102040817,14.092449434347461,1319085.7412793997
37.55102040816327,0.0124565368968931,-4.385509741903686,0.24242424242424226,0.9387755102040817,14.080275324804344,1303124.4016507994
37.55102040816327,0.013836902275649,-4.280416177858747,0.2525252525252527,0.9387755102040817,14.0680959870256,1287349.4685140045
37.55102040816327,0.0153702322058399,-4.175322613813814,0.26262626262626254,0.9387755102040817,14.055912398620634,1271760.0925661754
37.55102040816327,0.0170734773835322,-4.07022904976888,0.2727272727272725,0.9387755102040817,14.043725538878542,1256355.3888322022
37.55102040816327,0.0189654668883421,-3.9651354857239447,0.2828282828282826,0.9387755102040817,14.031536388369805,1241134.4375924678
37.55102040816327,0.0210671163356406,-3.8600419216790063,0.292929292929293,0.9387755102040817,14.01934592854713,1226096.285323135
37.55102040816327,0.0234016590950486,-3.7549483576340705,0.3030303030303031,0.9387755102040817,14.007155141345851,1211239.945647752
37.55102040816327,0.0259949031313031,-3.649854793589135,0.3131313131313132,0.9387755102040817,13.994965008784254,1196564.4002989142
37.55102040816327,0.0288755163068248,-3.5447612295442013,0.32323232323232315,0.9387755102040817,13.982776512564246,1182068.600088795
37.55102040816327,0.0320753432999582,-3.4396676654992664,0.33333333333333315,0.9387755102040817,13.970590633672744,1167751.465887292
37.55102040816327,0.0356297576423598,-3.3345741014543298,0.34343434343434337,0.9387755102040817,13.95840835198416,1153611.8896066053
37.55102040816327,0.0395780527672466,-3.229480537409394,0.3535353535353535,0.9387755102040817,13.946230645864402,1139648.7351910546
37.55102040816327,0.0439638763914761,-3.1243869733644574,0.3636363636363637,0.9387755102040817,13.934058491776717,1125860.839610912
37.55102040816327,0.048835713033475,-3.019293409319523,0.3737373737373737,0.9387755102040817,13.921892863889807,1112247.0138591432
37.55102040816327,0.0542474200011699,-2.914199845274587,0.3838383838383838,0.9387755102040817,13.909734733688541,1098806.0439498539
37.55102040816327,0.060258822775172,-2.8091062812296523,0.3939393939393938,0.9387755102040817,13.897585069587667,1085536.6919173507
37.55102040816327,0.0669363763690749,-2.7040127171847166,0.404040404040404,0.9387755102040817,13.885444836548851,1072437.6968146858
37.55102040816327,0.0743538999780876,-2.5989191531397813,0.4141414141414141,0.9387755102040817,13.873314995701424,1059507.7757106167
37.55102040816327,0.0825933930374168,-2.493825589094845,0.42424242424242425,0.9387755102040817,13.86119650396715,1046745.6246839141
37.55102040816327,0.0917459417117808,-2.38873202504991,0.4343434343434343,0.9387755102040817,13.849090313689386,1034149.9198139939
37.55102040816327,0.101912725837141,-2.283638461004973,0.44444444444444453,0.9387755102040817,13.836997372266927,1021719.318166859
37.55102040816327,0.113206137446215,-2.1785448969600347,0.4545454545454549,0.9387755102040817,13.824918621792893,1009452.4587753979
37.55102040816327,0.125751023242877,-2.0734513329151003,0.46464646464646486,0.9387755102040817,13.812854998698938,997347.963613076
37.55102040816327,0.139686064760787,-1.9683577688701692,0.47474747474747453,0.9387755102040817,13.800807433405101,985404.4385601262
37.55102040816327,0.155165311463659,-1.8632642048252352,0.48484848484848453,0.9387755102040817,13.788776849975575,973620.4743613492
37.55102040816327,0.172359883735326,-1.7581706407802946,0.49494949494949514,0.9387755102040817,13.776764165780687,961994.6475746855
37.55102040816327,0.19145986458586,-1.6530770767353593,0.5050505050505052,0.9387755102040817,13.764770291165368,950525.5215097648
37.55102040816327,0.212676400986239,-1.5479835126904273,0.5151515151515149,0.9387755102040817,13.752796129124327,939211.6471556205
37.55102040816327,0.236244038061438,-1.442889948645492,0.5252525252525251,0.9387755102040817,13.740842574984244,928051.5640968813
37.55102040816327,0.262423311946047,-1.3377963846005527,0.5353535353535355,0.9387755102040817,13.728910516093153,917043.8014176992
37.55102040816327,0.291503629965987,-1.2327028205556183,0.5454545454545455,0.9387755102040817,13.717000831517288,906186.8785927717
37.55102040816327,0.323806469986239,-1.1276092565106834,0.5555555555555556,0.9387755102040817,13.705114391745559,895479.3063648106
37.55102040816327,0.359688934292802,-1.0225156924657481,0.5656565656565656,0.9387755102040817,13.693252058401912,884919.5876078982
37.55102040816327,0.399547697296443,-0.9174221284208132,0.5757575757575757,0.9387755102040817,13.681414683965707,874506.2181761442
37.55102040816327,0.443823390699414,-0.8123285643758777,0.5858585858585857,0.9387755102040817,13.669603111500312,864237.687737136
37.55102040816327,0.49300547460239,-0.707235000330941,0.5959595959595959,0.9387755102040817,13.657818174390082,854112.4805897214
37.55102040816327,0.547637648400869,-0.6021414362860068,0.606060606060606,0.9387755102040817,13.646060696085863,844129.0764656538
37.55102040816327,0.608323861287565,-0.49704787224107067,0.6161616161616161,0.9387755102040817,13.634331489859145,834285.9513147025
37.55102040816327,0.67573498880583,-0.39195430819613525,0.6262626262626262,0.9387755102040817,13.622631358565013,824581.5780728685
37.55102040816327,0.750616249262273,-0.2868607441511999,0.6363636363636362,0.9387755102040817,13.610961094413982,815014.4274133486
37.55102040816327,0.833795441985706,-0.18176718010626372,0.6464646464646464,0.9387755102040817,13.59932147875283,805582.9684799608
37.55102040816327,0.926192098504948,-0.07667361606132911,0.6565656565656565,0.9387755102040817,13.587713281854507,796285.6696027714
37.55102040816327,1.02882764781018,0.028419947983610284,0.666666666666667,0.9387755102040817,13.57613726271719,787120.9989956612
37.55102040816327,1.142836708073,0.1335135120285407,0.6767676767676766,0.9387755102040817,13.564594168872542,778087.4254356652
37.55102040816327,1.2694796296533,0.23860707607348014,0.686868686868687,0.9387755102040817,13.553084736203237,769183.4189238965
37.55102040816327,1.41015642805352,0.3437006401184105,0.6969696969696967,0.9387755102040817,13.541609688769762,760407.4513279246
37.55102040816327,1.56642226084696,0.44879420416335164,0.7070707070707073,0.9387755102040817,13.530169738646538,751757.9970055
37.55102040816327,1.74000461967455,0.5538877682082868,0.7171717171717173,0.9387755102040817,13.518765585767358,743233.5334095485
37.55102040816327,1.93282242736499,0.6589813322532224,0.7272727272727274,0.9387755102040817,13.507397917780148,734832.5416743894
37.55102040816327,2.14700725129329,0.7640748962981553,0.7373737373737373,0.9387755102040817,13.496067409911035,726553.5071831562
37.55102040816327,2.38492686748792,0.8691684603430914,0.7474747474747475,0.9387755102040817,13.484774724837697,718394.9201164228
37.55102040816327,2.64921143598352,0.9742620243880249,0.7575757575757573,0.9387755102040817,13.473520512571968,710355.2759820768
37.55102040816327,2.94278257678333,1.0793555884329629,0.7676767676767676,0.9387755102040817,13.462305410351625,702433.0761264791
37.55102040816327,3.26888566786082,1.184449152477898,0.7777777777777777,0.9387755102040817,13.45113004254135,694626.8282270143
37.55102040816327,3.63112572224959,1.289542716522833,0.7878787878787878,0.9387755102040817,13.439995020542742,686935.0467661158
37.55102040816327,4.0335072408363,1.3946362805677694,0.797979797979798,0.9387755102040817,13.428900942713351,679356.2534868919
37.55102040816327,4.48047848142245,1.4997298446127043,0.808080808080808,0.9387755102040817,13.417848394294623,671888.9778305172
37.55102040816327,4.97698063344183,1.6048234086576407,0.8181818181818182,0.9387755102040817,13.40683794734866,664531.7573555256
37.55102040816327,5.52850244195146,1.7099169727025751,0.8282828282828283,0.9387755102040817,13.395870160703703,657283.1381392071
37.55102040816327,6.14114088475497,1.8150105367475111,0.8383838383838383,0.9387755102040817,13.384945579908226,650141.6751613067
37.55102040816327,6.8216685734332,1.9201041007924453,0.8484848484848483,0.9387755102040817,13.374064737193509,643105.932670238
37.55102040816327,7.57760862338904,2.0251976648373815,0.8585858585858586,0.9387755102040817,13.363228151444554,636174.4845320348
37.55102040816327,8.41731782058148,2.1302912288823177,0.8686868686868686,0.9387755102040817,13.352436328179259,629345.9145623146
37.55102040816327,9.35007900434302,2.2353847929272526,0.8787878787878787,0.9387755102040817,13.341689759535635,622618.8168414785
37.55102040816327,10.3862036875563,2.3404783569721936,0.8888888888888893,0.9387755102040817,13.330988924266974,615991.7960134427
37.55102040816327,11.5371460486378,2.445571921017128,0.8989898989898993,0.9387755102040817,13.320334287744789,609463.4675681787
37.55102040816327,12.8156295554912,2.550665485062058,0.909090909090909,0.9387755102040817,13.30972630196937,603032.45810835
37.55102040816327,14.2357876212352,2.6557590491069942,0.919191919191919,0.9387755102040817,13.29916540558779,596697.4056003537
37.55102040816327,15.8133198466305,2.7608526131519304,0.9292929292929293,0.9387755102040817,13.288652023919187,590456.9596100746
37.55102040816327,17.5656655764397,2.865946177196865,0.9393939393939392,0.9387755102040817,13.27818656898717,584309.7815236774
37.55102040816327,19.5121966883548,2.9710397412417997,0.9494949494949493,0.9387755102040817,13.267769439559114,578254.5447537436
37.55102040816327,21.6744317457404,3.0761333052867346,0.9595959595959593,0.9387755102040817,13.257401021192239,572289.9349311128
37.55102040816327,24.0762738816144,3.1812268693316703,0.9696969696969694,0.9387755102040817,13.247081686286208,566414.6500827321
37.55102040816327,26.744275043632,3.2863204333766105,0.97979797979798,0.9387755102040817,13.23681179414213,560627.4007958891
37.55102040816327,29.707929521255,3.3914139974215445,0.98989898989899,0.9387755102040817,13.226591691027698,554926.9103691352
37.55102040816327,33.0,3.4965075614664802,1.0,0.9387755102040817,13.216421710248346,549311.914950279
38.36734693877551,0.001,-6.907755278982137,0.0,0.9591836734693878,14.367348952116245,1736442.350806594
38.36734693877551,0.001110814537795,-6.802661714937222,0.010101010101008117,0.9591836734693878,14.355615871032782,1716187.589649411
38.36734693877551,0.0012339089373767,-6.697568150892323,0.020202020202014698,0.9591836734693878,14.343856525039026,1696124.5413522106
38.36734693877551,0.0013706439859533,-6.592474586847349,0.030303030303028534,0.9591836734693878,14.332071736217923,1676253.3904535575
38.36734693877551,0.0015225312657382,-6.487381022802441,0.04040404040403597,0.9591836734693878,14.320262336377516,1656574.2719282194
38.36734693877551,0.0016912498642295,-6.382287458757476,0.05050505050504887,0.9591836734693878,14.308429166781053,1637087.2714964978
38.36734693877551,0.00187866493623,-6.277193894712534,0.06060606060605963,0.9591836734693878,14.296573077868734,1617792.4259679103
38.36734693877551,0.00208684832281,-6.172100330667619,0.07070707070706775,0.9591836734693878,14.284694928971097,1598689.7236183872
38.36734693877551,0.0023181014551505,-6.067006766622687,0.08080808080807748,0.9591836734693878,14.272795588014423,1579779.1046006372
38.36734693877551,0.002574980796465,-5.961913202577741,0.0909090909090886,0.9591836734693878,14.260875931218342,1561060.4613870056
38.36734693877551,0.0028603261032564,-5.856819638532781,0.10101010101010106,0.9591836734693878,14.248936842785879,1542533.6392441283
38.36734693877551,0.0031772918183317,-5.751726074487876,0.11111111111110823,0.9591836734693878,14.236979214586247,1524198.436738746
38.36734693877551,0.0035293819426201,-5.646632510442922,0.1212121212121201,0.9591836734693878,14.225003945830592,1506054.60627382
38.36734693877551,0.0039204887712936,-5.541538946397998,0.13131313131312908,0.9591836734693878,14.213011942741094,1488101.854654341
38.36734693877551,0.0043549359224151,-5.436445382353058,0.14141414141413966,0.9591836734693878,14.20100411821358,1470339.8436817597
38.36734693877551,0.0048375261337845,-5.331351818308116,0.15151515151515035,0.9591836734693878,14.188981391474075,1452768.1907763616
38.36734693877551,0.0053735943563712,-5.2262582542631755,0.16161616161616094,0.9591836734693878,14.176944687729526,1435386.4696265543
38.36734693877551,0.0059690667312704,-5.121164690218244,0.17171717171717069,0.9591836734693878,14.16489493781308,1418194.2108641732
38.36734693877551,0.0066305261021638,-5.016071126173304,0.18181818181818118,0.9591836734693878,14.152833077824225,1401190.9027648126
38.36734693877551,0.0073652847875129,-4.910977562128371,0.19191919191919102,0.9591836734693878,14.140760048764118,1384375.9919721584
38.36734693877551,0.0081814654169699,-4.80588399808343,0.20202020202020168,0.9591836734693878,14.128676796166491,1367748.8842452883
38.36734693877551,0.0090880907256374,-4.700790434038493,0.21212121212121193,0.9591836734693878,14.116584269724473,1351308.9452279147
38.36734693877551,0.0100951832988382,-4.595696869993551,0.22222222222222263,0.9591836734693878,14.104483422913654,1335055.5012383899
38.36734693877551,0.0112138763700549,-4.490603305948624,0.23232323232323193,0.9591836734693878,14.09237521261183,1318987.8400794778
38.36734693877551,0.0124565368968931,-4.385509741903686,0.24242424242424226,0.9591836734693878,14.080260598715718,1303105.2118666659
38.36734693877551,0.013836902275649,-4.280416177858747,0.2525252525252527,0.9591836734693878,14.068140543755103,1287406.829873956
38.36734693877551,0.0153702322058399,-4.175322613813814,0.26262626262626254,0.9591836734693878,14.056016012504719,1271891.87139593
38.36734693877551,0.0170734773835322,-4.07022904976888,0.2727272727272725,0.9591836734693878,14.043887971594279,1256559.4786249215
38.36734693877551,0.0189654668883421,-3.9651354857239447,0.2828282828282826,0.9591836734693878,14.031757389117061,1241408.7595421828
38.36734693877551,0.0210671163356406,-3.8600419216790063,0.292929292929293,0.9591836734693878,14.019625234237388,1226438.7888217913
38.36734693877551,0.0234016590950486,-3.7549483576340705,0.3030303030303031,0.9591836734693878,14.00749247679742,1211648.6087461752
38.36734693877551,0.0259949031313031,-3.649854793589135,0.3131313131313132,0.9591836734693878,13.995360086923629,1197037.230132042
38.36734693877551,0.0288755163068248,-3.5447612295442013,0.32323232323232315,0.9591836734693878,13.983229034633359,1182603.6332655698
38.36734693877551,0.0320753432999582,-3.4396676654992664,0.33333333333333315,0.9591836734693878,13.971100289441829,1168346.7688456462
38.36734693877551,0.0356297576423598,-3.3345741014543298,0.34343434343434337,0.9591836734693878,13.958974819969987,1154265.558934031
38.36734693877551,0.0395780527672466,-3.229480537409394,0.3535353535353535,0.9591836734693878,13.946853593553573,1140358.897911256
38.36734693877551,0.0439638763914761,-3.1243869733644574,0.3636363636363637,0.9591836734693878,13.934737575853793,1126625.6534371492
38.36734693877551,0.048835713033475,-3.019293409319523,0.3737373737373737,0.9591836734693878,13.922627730469936,1113064.6674148154
38.36734693877551,0.0542474200011699,-2.914199845274587,0.3838383838383838,0.9591836734693878,13.910525018554347,1099674.7569570018
38.36734693877551,0.060258822775172,-2.8091062812296523,0.3939393939393938,0.9591836734693878,13.898430398430094,1086454.7153537187
38.36734693877551,0.0669363763690749,-2.7040127171847166,0.404040404040404,0.9591836734693878,13.886344825211674,1073403.3130400535
38.36734693877551,0.0743538999780876,-2.5989191531397813,0.4141414141414141,0.9591836734693878,13.874269250429156,1060519.298563132
38.36734693877551,0.0825933930374168,-2.493825589094845,0.42424242424242425,0.9591836734693878,13.86220462165604,1047801.3995471686
38.36734693877551,0.0917459417117808,-2.38873202504991,0.4343434343434343,0.9591836734693878,13.850151882141235,1035248.3236556317
38.36734693877551,0.101912725837141,-2.283638461004973,0.44444444444444453,0.9591836734693878,13.838111970445427,1022858.7595495073
38.36734693877551,0.113206137446215,-2.1785448969600347,0.4545454545454549,0.9591836734693878,13.826085820082202,1010631.3778407356
38.36734693877551,0.125751023242877,-2.0734513329151003,0.46464646464646486,0.9591836734693878,13.81407435916422,998564.8320398864
38.36734693877551,0.139686064760787,-1.9683577688701692,0.47474747474747453,0.9591836734693878,13.80207851005473,986657.7594971679
38.36734693877551,0.155165311463659,-1.8632642048252352,0.48484848484848453,0.9591836734693878,13.790099189024753,974908.7823359219
38.36734693877551,0.172359883735326,-1.7581706407802946,0.49494949494949514,0.9591836734693878,13.778137305916161,963316.5083777437
38.36734693877551,0.19145986458586,-1.6530770767353593,0.5050505050505052,0.9591836734693878,13.766193763811012,951879.5320584768
38.36734693877551,0.212676400986239,-1.5479835126904273,0.5151515151515149,0.9591836734693878,13.754269458707308,940596.4353342527
38.36734693877551,0.236244038061438,-1.442889948645492,0.5252525252525251,0.9591836734693878,13.742365279201483,929465.7885768816
38.36734693877551,0.262423311946047,-1.3377963846005527,0.5353535353535355,0.9591836734693878,13.730482106177877,918486.1514579051
38.36734693877551,0.291503629965987,-1.2327028205556183,0.5454545454545455,0.9591836734693878,13.718620812505366,907656.0738206009
38.36734693877551,0.323806469986239,-1.1276092565106834,0.5555555555555556,0.9591836734693878,13.706782262741411,896974.0965393547
38.36734693877551,0.359688934292802,-1.0225156924657481,0.5656565656565656,0.9591836734693878,13.694967312843728,886438.752365781
38.36734693877551,0.399547697296443,-0.9174221284208132,0.5757575757575757,0.9591836734693878,13.683176809889751,876048.5667610486
38.36734693877551,0.443823390699414,-0.8123285643758777,0.5858585858585857,0.9591836734693878,13.671411591804082,865802.058713865
38.36734693877551,0.49300547460239,-0.707235000330941,0.5959595959595959,0.9591836734693878,13.659672487094108,855697.7415436691
38.36734693877551,0.547637648400869,-0.6021414362860068,0.606060606060606,0.9591836734693878,13.647960314593911,845734.1236885373
38.36734693877551,0.608323861287565,-0.49704787224107067,0.6161616161616161,0.9591836734693878,13.636275883216648,835909.7094774159
38.36734693877551,0.67573498880583,-0.39195430819613525,0.6262626262626262,0.9591836734693878,13.6246199917155,826222.9998862826
38.36734693877551,0.750616249262273,-0.2868607441511999,0.6363636363636362,0.9591836734693878,13.612993428453343,816672.4932778956
38.36734693877551,0.833795441985706,-0.18176718010626372,0.6464646464646464,0.9591836734693878,13.601396971181202,807256.6861247986
38.36734693877551,0.926192098504948,-0.07667361606132911,0.6565656565656565,0.9591836734693878,13.589831386825638,797974.0737153364
38.36734693877551,1.02882764781018,0.028419947983610284,0.666666666666667,0.9591836734693878,13.578297431285076,788823.1508423737
38.36734693877551,1.142836708073,0.1335135120285407,0.6767676767676766,0.9591836734693878,13.566795849235222,779802.4124745692
38.36734693877551,1.2694796296533,0.23860707607348014,0.686868686868687,0.9591836734693878,13.555327373943552,770910.3544099567
38.36734693877551,1.41015642805352,0.3437006401184105,0.6969696969696967,0.9591836734693878,13.54389272709297,762145.4739117225
38.36734693877551,1.56642226084696,0.44879420416335164,0.7070707070707073,0.9591836734693878,13.53249261861462,753506.2703260201
38.36734693877551,1.74000461967455,0.5538877682082868,0.7171717171717173,0.9591836734693878,13.521127746529924,744991.2456817648
38.36734693877551,1.93282242736499,0.6589813322532224,0.7272727272727274,0.9591836734693878,13.509798796801793,736598.905272295
38.36734693877551,2.14700725129329,0.7640748962981553,0.7373737373737373,0.9591836734693878,13.498506443195048,728327.7582188897
38.36734693877551,2.38492686748792,0.8691684603430914,0.7474747474747475,0.9591836734693878,13.48725134714604,720176.3180161325
38.36734693877551,2.64921143598352,0.9742620243880249,0.7575757575757573,0.9591836734693878,13.476034157641395,712143.1030590974
38.36734693877551,2.94278257678333,1.0793555884329629,0.7676767676767676,0.9591836734693878,13.464855511105897,704226.6371524347
38.36734693877551,3.26888566786082,1.184449152477898,0.7777777777777777,0.9591836734693878,13.453716031299436,696425.4500013867
38.36734693877551,3.63112572224959,1.289542716522833,0.7878787878787878,0.9591836734693878,13.442616329222961,688738.0776848249
38.36734693877551,4.0335072408363,1.3946362805677694,0.797979797979798,0.9591836734693878,13.431557003033381,681163.0631104143
38.36734693877551,4.48047848142245,1.4997298446127043,0.808080808080808,0.9591836734693878,13.42053863796733,673698.9564520243
38.36734693877551,4.97698063344183,1.6048234086576407,0.8181818181818182,0.9591836734693878,13.409561806273688,666344.315569522
38.36734693877551,5.52850244195146,1.7099169727025751,0.8282828282828283,0.9591836734693878,13.398627067154822,659097.7064111349
38.36734693877551,6.14114088475497,1.8150105367475111,0.8383838383838383,0.9591836734693878,13.387734966716353,651957.703398525
38.36734693877551,6.8216685734332,1.9201041007924453,0.8484848484848483,0.9591836734693878,13.37688603792542,644922.8897948014
38.36734693877551,7.57760862338904,2.0251976648373815,0.8585858585858586,0.9591836734693878,13.366080800577262,637991.8580556663
38.36734693877551,8.41731782058148,2.1302912288823177,0.8686868686868686,0.9591836734693878,13.35531976127002,631163.210163924
38.36734693877551,9.35007900434302,2.2353847929272526,0.8787878787878787,0.9591836734693878,13.344603413387606,624435.5579475892
38.36734693877551,10.3862036875563,2.3404783569721936,0.8888888888888893,0.9591836734693878,13.333932237090517,617807.5233818529
38.36734693877551,11.5371460486378,2.445571921017128,0.8989898989898993,0.9591836734693878,13.323306699314411,611277.7388751605
38.36734693877551,12.8156295554912,2.550665485062058,0.909090909090909,0.9591836734693878,13.31272725377633,604844.847539681
38.36734693877551,14.2357876212352,2.6557590491069942,0.919191919191919,0.9591836734693878,13.30219434098838,598507.5034464524
38.36734693877551,15.8133198466305,2.7608526131519304,0.9292929292929293,0.9591836734693878,13.29170838827871,592264.3718654851
38.36734693877551,17.5656655764397,2.865946177196865,0.9393939393939392,0.9591836734693878,13.281269809819634,586114.1294911434
38.36734693877551,19.5121966883548,2.9710397412417997,0.9494949494949493,0.9591836734693878,13.270879006662692,580055.4646530901
38.36734693877551,21.6744317457404,3.0761333052867346,0.9595959595959593,0.9591836734693878,13.260536366780507,574087.0775131243
38.36734693877551,24.0762738816144,3.1812268693316703,0.9696969696969694,0.9591836734693878,13.250242265115226,568207.680248233
38.36734693877551,26.744275043632,3.2863204333766105,0.97979797979798,0.9591836734693878,13.239997063633368,562415.9972201583
38.36734693877551,29.707929521255,3.3914139974215445,0.98989898989899,0.9591836734693878,13.229801111386903,556710.7651318434
38.36734693877551,33.0,3.4965075614664802,1.0,0.9591836734693878,13.219654744580357,551090.7331710588
39.183673469387756,0.001,-6.907755278982137,0.0,0.9795918367346939,14.365861636669965,1733861.6329231854
39.183673469387756,0.001110814537795,-6.802661714937222,0.010101010101008117,0.9795918367346939,14.354189753276867,1713741.8484273362
39.183673469387756,0.0012339089373767,-6.697568150892323,0.020202020202014698,0.9795918367346939,14.342491718936893,1693811.239191729
39.183673469387756,0.0013706439859533,-6.592474586847349,0.030303030303028534,0.9795918367346939,14.330768341109001,1674069.9932068763
39.183673469387756,0.0015225312657382,-6.487381022802441,0.04040404040403597,0.9795918367346939,14.319020436947556,1654518.2502345624
39.183673469387756,0.0016912498642295,-6.382287458757476,0.05050505050504887,0.9795918367346939,14.307248833041985,1635156.10209256
39.183673469387756,0.00187866493623,-6.277193894712534,0.06060606060605963,0.9795918367346939,14.295454365148087,1615983.5929725035
39.183673469387756,0.00208684832281,-6.172100330667619,0.07070707070706775,0.9795918367346939,14.283637877911007,1597000.719790192
39.183673469387756,0.0023181014551505,-6.067006766622687,0.08080808080807748,0.9795918367346939,14.271800224580222,1578207.432567999
39.183673469387756,0.002574980796465,-5.961913202577741,0.0909090909090886,0.9795918367346939,14.259942266716712,1559603.6348487516
39.183673469387756,0.0028603261032564,-5.856819638532781,0.10101010101010106,0.9795918367346939,14.248064873892565,1541189.1841405171
39.183673469387756,0.0031772918183317,-5.751726074487876,0.11111111111110823,0.9795918367346939,14.236168923383271,1522963.8923916263
39.183673469387756,0.0035293819426201,-5.646632510442922,0.1212121212121201,0.9795918367346939,14.224255299852926,1504927.5264952006
39.183673469387756,0.0039204887712936,-5.541538946397998,0.13131313131312908,0.9795918367346939,14.212324895032735,1487079.8088226225
39.183673469387756,0.0043549359224151,-5.436445382353058,0.14141414141413966,0.9795918367346939,14.20037860739293,1469420.4177849044
39.183673469387756,0.0048375261337845,-5.331351818308116,0.15151515151515035,0.9795918367346939,14.188417341808563,1451948.988421415
39.183673469387756,0.0053735943563712,-5.2262582542631755,0.16161616161616094,0.9795918367346939,14.176442009219357,1434665.1130149101
39.183673469387756,0.0059690667312704,-5.121164690218244,0.17171717171717069,0.9795918367346939,14.164453526283994,1417568.3417321013
39.183673469387756,0.0066305261021638,-5.016071126173304,0.18181818181818118,0.9795918367346939,14.152452815029138,1400658.1832887947
39.183673469387756,0.0073652847875129,-4.910977562128371,0.19191919191919102,0.9795918367346939,14.140440802493528,1383934.105638661
39.183673469387756,0.0081814654169699,-4.80588399808343,0.20202020202020168,0.9795918367346939,14.128418420367474,1367395.5366846612
39.183673469387756,0.0090880907256374,-4.700790434038493,0.21212121212121193,0.9795918367346939,14.116386604628124,1351041.865012146
39.183673469387756,0.0100951832988382,-4.595696869993551,0.22222222222222263,0.9795918367346939,14.104346295170798,1334872.4406425464
39.183673469387756,0.0112138763700549,-4.490603305948624,0.23232323232323193,0.9795918367346939,14.092298435436811,1318886.575806676
39.183673469387756,0.0124565368968931,-4.385509741903686,0.24242424242424226,0.9795918367346939,14.080243972038105,1303083.54573653
39.183673469387756,0.013836902275649,-4.280416177858747,0.2525252525252527,0.9795918367346939,14.068183854379061,1287462.589474529
39.183673469387756,0.0153702322058399,-4.175322613813814,0.26262626262626254,0.9795918367346939,14.056119034275882,1272022.9106990844
39.183673469387756,0.0170734773835322,-4.07022904976888,0.2727272727272725,0.9795918367346939,14.04405046557388,1256763.6785653906
39.183673469387756,0.0189654668883421,-3.9651354857239447,0.2828282828282826,0.9795918367346939,14.031979103763096,1241684.0285603476
39.183673469387756,0.0210671163356406,-3.8600419216790063,0.292929292929293,0.9795918367346939,14.01990590559257,1226783.0633704388
39.183673469387756,0.0234016590950486,-3.7549483576340705,0.3030303030303031,0.9795918367346939,14.007831828683699,1212059.8537614993
39.183673469387756,0.0259949031313031,-3.649854793589135,0.3131313131313132,0.9795918367346939,13.995757831143008,1197513.439469186
39.183673469387756,0.0288755163068248,-3.5447612295442013,0.32323232323232315,0.9795918367346939,13.98368487117476,1183142.8300990784
39.183673469387756,0.0320753432999582,-3.4396676654992664,0.33333333333333315,0.9795918367346939,13.971613906693733,1168947.0060352248
39.183673469387756,0.0356297576423598,-3.3345741014543298,0.34343434343434337,0.9795918367346939,13.9595458949386,1154924.9193560674
39.183673469387756,0.0395780527672466,-3.229480537409394,0.3535353535353535,0.9795918367346939,13.947481792086235,1141075.4947566085
39.183673469387756,0.0439638763914761,-3.1243869733644574,0.3636363636363637,0.9795918367346939,13.935422552867335,1127397.6304756994
39.183673469387756,0.048835713033475,-3.019293409319523,0.3737373737373737,0.9795918367346939,13.923369130183746,1113890.1992273992
39.183673469387756,0.0542474200011699,-2.914199845274587,0.3838383838383838,0.9795918367346939,13.91132247472782,1100552.0491352892
39.183673469387756,0.060258822775172,-2.8091062812296523,0.3939393939393938,0.9795918367346939,13.8992835346042,1087382.004668701
39.183673469387756,0.0669363763690749,-2.7040127171847166,0.404040404040404,0.9795918367346939,13.887253254954366,1074378.8675798136
39.183673469387756,0.0743538999780876,-2.5989191531397813,0.4141414141414141,0.9795918367346939,13.875232577584294,1061541.417840569
39.183673469387756,0.0825933930374168,-2.493825589094845,0.42424242424242425,0.9795918367346939,13.863222440595582,1048868.414578444
39.183673469387756,0.0917459417117808,-2.38873202504991,0.4343434343434343,0.9795918367346939,13.851223778020369,1036358.5970100502
39.183673469387756,0.101912725837141,-2.283638461004973,0.44444444444444453,0.9795918367346939,13.83923751946039,1024010.6853716413
39.183673469387756,0.113206137446215,-2.1785448969600347,0.4545454545454549,0.9795918367346939,13.82726458973046,1011823.3818455577
39.183673469387756,0.125751023242877,-2.0734513329151003,0.46464646464646486,0.9795918367346939,13.81530590850675,999795.371481747
39.183673469387756,0.139686064760787,-1.9683577688701692,0.47474747474747453,0.9795918367346939,13.8033623899801,987925.3231134207
39.183673469387756,0.155165311463659,-1.8632642048252352,0.48484848484848453,0.9795918367346939,13.791434942514725,976211.8902660595
39.183673469387756,0.172359883735326,-1.7581706407802946,0.49494949494949514,0.9795918367346939,13.779524468312545,964653.7120588894
39.183673469387756,0.19145986458586,-1.6530770767353593,0.5050505050505052,0.9795918367346939,13.76763186308347,953249.4140980882
39.183673469387756,0.212676400986239,-1.5479835126904273,0.5151515151515149,0.9795918367346939,13.755758015721858,941997.6093609164
39.183673469387756,0.236244038061438,-1.442889948645492,0.5252525252525251,0.9795918367346939,13.743903807989433,930896.8990700734
39.183673469387756,0.262423311946047,-1.3377963846005527,0.5353535353535355,0.9795918367346939,13.732070114204898,919945.8735575766
39.183673469387756,0.291503629965987,-1.2327028205556183,0.5454545454545455,0.9795918367346939,13.72025780094048,909143.1131175004
39.183673469387756,0.323806469986239,-1.1276092565106834,0.5555555555555556,0.9795918367346939,13.708467726725626,898487.1888469419
39.183673469387756,0.359688934292802,-1.0225156924657481,0.5656565656565656,0.9795918367346939,13.696700741758061,887976.6634746193
39.183673469387756,0.399547697296443,-0.9174221284208132,0.5757575757575757,0.9795918367346939,13.684957687622417,877610.092176546
39.183673469387756,0.443823390699414,-0.8123285643758777,0.5858585858585857,0.9795918367346939,13.673239397016605,867386.0233782451
39.183673469387756,0.49300547460239,-0.707235000330941,0.5959595959595959,0.9795918367346939,13.661546693486125,857302.9995430141
39.183673469387756,0.547637648400869,-0.6021414362860068,0.606060606060606,0.9795918367346939,13.649880391166446,847359.5579457707
39.183673469387756,0.608323861287565,-0.49704787224107067,0.6161616161616161,0.9795918367346939,13.638241294533652,837554.2314320692
39.183673469387756,0.67573498880583,-0.39195430819613525,0.6262626262626262,0.9795918367346939,13.626630198163443,827885.5491618764
39.183673469387756,0.750616249262273,-0.2868607441511999,0.6363636363636362,0.9795918367346939,13.615047886498662,818352.0373377524
39.183673469387756,0.833795441985706,-0.18176718010626372,0.6464646464646464,0.9795918367346939,13.603495133625412,808952.2199171069
39.183673469387756,0.926192098504948,-0.07667361606132911,0.6565656565656565,0.9795918367346939,13.591972703057928,799684.6193082473
39.183673469387756,1.02882764781018,0.028419947983610284,0.666666666666667,0.9795918367346939,13.58048134753222,790547.7570499227
39.183673469387756,1.142836708073,0.1335135120285407,0.6767676767676766,0.9795918367346939,13.569021808808625,781540.1544741723
39.183673469387756,1.2694796296533,0.23860707607348014,0.686868686868687,0.9795918367346939,13.557594817483286,772660.3333522378
39.183673469387756,1.41015642805352,0.3437006401184105,0.6969696969696967,0.9795918367346939,13.54620109280865,763906.8165233926
39.183673469387756,1.56642226084696,0.44879420416335164,0.7070707070707073,0.9795918367346939,13.534841342522975,755278.1285065272
39.183673469387756,1.74000461967455,0.5538877682082868,0.7171717171717173,0.9795918367346939,13.523516262688933,746772.79609439
39.183673469387756,1.93282242736499,0.6589813322532224,0.7272727272727274,0.9795918367346939,13.512226537541267,738389.3489303868
39.183673469387756,2.14700725129329,0.7640748962981553,0.7373737373737373,0.9795918367346939,13.500972839343543,730126.3200678743
39.183673469387756,2.38492686748792,0.8691684603430914,0.7474747474747475,0.9795918367346939,13.489755828253982,721982.2465119279
39.183673469387756,2.64921143598352,0.9742620243880249,0.7575757575757573,0.9795918367346939,13.478576152200334,713955.6697435572
39.183673469387756,2.94278257678333,1.0793555884329629,0.7676767676767676,0.9795918367346939,13.467434446763804,706045.1362263983
39.183673469387756,3.26888566786082,1.184449152477898,0.7777777777777777,0.9795918367346939,13.45633133507194,698249.1978959099
39.183673469387756,3.63112572224959,1.289542716522833,0.7878787878787878,0.9795918367346939,13.445267427700475,690566.4126311337
39.183673469387756,4.0335072408363,1.3946362805677694,0.797979797979798,0.9795918367346939,13.434243322584043,682995.3447091177
39.183673469387756,4.48047848142245,1.4997298446127043,0.808080808080808,0.9795918367346939,13.423259604935692,675534.5652420745
39.183673469387756,4.97698063344183,1.6048234086576407,0.8181818181818182,0.9795918367346939,13.412316847175134,668182.6525974271
39.183673469387756,5.52850244195146,1.7099169727025751,0.8282828282828283,0.9795918367346939,13.401415608865625,660938.1928008603
39.183673469387756,6.14114088475497,1.8150105367475111,0.8383838383838383,0.9795918367346939,13.390556436659384,653799.7799225473
39.183673469387756,6.8216685734332,1.9201041007924453,0.8484848484848483,0.9795918367346939,13.379739864251452,646766.0164467206
39.183673469387756,7.57760862338904,2.0251976648373815,0.8585858585858586,0.9795918367346939,13.368966412341852,639835.513624779
39.183673469387756,8.41731782058148,2.1302912288823177,0.8686868686868686,0.9795918367346939,13.358236588605964,633006.8918121359
39.183673469387756,9.35007900434302,2.2353847929272526,0.8787878787878787,0.9795918367346939,13.34755088767296,626278.7807890311
39.183673469387756,10.3862036875563,2.3404783569721936,0.8888888888888893,0.9795918367346939,13.336909791112156,619649.8200655234
39.183673469387756,11.5371460486378,2.445571921017128,0.8989898989898993,0.9795918367346939,13.326313767427173,613118.6591709292
39.183673469387756,12.8156295554912,2.550665485062058,0.909090909090909,0.9795918367346939,13.315763272057719,606683.9579279432
39.183673469387756,14.2357876212352,2.6557590491069942,0.919191919191919,0.9795918367346939,13.305258747388852,600344.3867117104
39.183673469387756,15.8133198466305,2.7608526131519304,0.9292929292929293,0.9795918367346939,13.29480062276758,594098.6266941355
39.183673469387756,17.5656655764397,2.865946177196865,0.9393939393939392,0.9795918367346939,13.284389314526612,587945.3700736954
39.183673469387756,19.5121966883548,2.9710397412417997,0.9494949494949493,0.9795918367346939,13.274025226015079,581883.3202910477
39.183673469387756,21.6744317457404,3.0761333052867346,0.9595959595959593,0.9795918367346939,13.26370874763609,575911.1922307448
39.183673469387756,24.0762738816144,3.1812268693316703,0.9696969696969694,0.9795918367346939,13.253440256890908,570027.7124093425
39.183673469387756,26.744275043632,3.2863204333766105,0.97979797979798,0.9795918367346939,13.243220118429587,564231.6191502187
39.183673469387756,29.707929521255,3.3914139974215445,0.98989898989899,0.9795918367346939,13.233048684107866,558521.6627454099
39.183673469387756,33.0,3.4965075614664802,1.0,0.9795918367346939,13.222926293050154,552896.605604791
40.0,0.001,-6.907755278982137,0.0,1.0,14.364357590685723,1731255.7854454075
40.0,0.001110814537795,-6.802661714937222,0.010101010101008117,1.0,14.352747502507944,1711271.9844384529
40.0,0.0012339089373767,-6.697568150892323,0.020202020202014698,1.0,14.341111379348186,1691474.8173812095
40.0,0.0013706439859533,-6.592474586847349,0.030303030303028534,1.0,14.32945001399153,1671864.4754546457
40.0,0.0015225312657382,-6.487381022802441,0.04040404040403597,1.0,14.317764208885272,1652441.1029375833
40.0,0.0016912498642295,-6.382287458757476,0.05050505050504887,1.0,14.306054775888127,1633204.7974676474
40.0,0.00187866493623,-6.277193894712534,0.06060606060605963,1.0,14.294322536011109,1614155.6103342464
40.0,0.00208684832281,-6.172100330667619,0.07070707070706775,1.0,14.282568319150108,1595293.5468028365
40.0,0.0023181014551505,-6.067006766622687,0.08080808080807748,1.0,14.270792963810472,1576618.5664702246
40.0,0.002574980796465,-5.961913202577741,0.0909090909090886,1.0,14.258997316823784,1558130.583650389
40.0,0.0028603261032564,-5.856819638532781,0.10101010101010106,1.0,14.247182233057064,1539829.4677902244
40.0,0.0031772918183317,-5.751726074487876,0.11111111111110823,1.0,14.235348575114598,1521715.04391463
40.0,0.0035293819426201,-5.646632510442922,0.1212121212121201,1.0,14.223497213032676,1503787.093100313
40.0,0.0039204887712936,-5.541538946397998,0.13131313131312908,1.0,14.211629023967543,1486045.3529777206
40.0,0.0043549359224151,-5.436445382353058,0.14141414141413966,1.0,14.199744891876705,1468489.518260187
40.0,0.0048375261337845,-5.331351818308116,0.15151515151515035,1.0,14.187845707194032,1451119.241299783
40.0,0.0053735943563712,-5.2262582542631755,0.16161616161616094,1.0,14.175932366498825,1433934.132668889
40.0,0.0059690667312704,-5.121164690218244,0.17171717171717069,1.0,14.164005772179204,1416933.7617667639
40.0,0.0066305261021638,-5.016071126173304,0.18181818181818118,1.0,14.152066832090123,1400117.6574502399
40.0,0.0073652847875129,-4.910977562128371,0.19191919191919102,1.0,14.140116459206316,1383485.3086876282
40.0,0.0081814654169699,-4.80588399808343,0.20202020202020168,1.0,14.128155571270515,1367036.1652349571
40.0,0.0090880907256374,-4.700790434038493,0.21212121212121193,1.0,14.116185090437257,1350769.638333582
40.0,0.0100951832988382,-4.595696869993551,0.22222222222222263,1.0,14.104205942912632,1334685.1014281875
40.0,0.0112138763700549,-4.490603305948624,0.23232323232323193,1.0,14.09221905859031,1318781.8909042282
40.0,0.0124565368968931,-4.385509741903686,0.24242424242424226,1.0,14.080225370684204,1303059.3068437725
40.0,0.013836902275649,-4.280416177858747,0.2525252525252527,1.0,14.068225815358119,1287516.6137987322
40.0,0.0153702322058399,-4.175322613813814,0.26262626262626254,1.0,14.056221331352756,1272153.0415804558
40.0,0.0170734773835322,-4.07022904976888,0.2727272727272725,1.0,14.04421285961041,1256967.786064588
40.0,0.0189654668883421,-3.9651354857239447,0.2828282828282826,1.0,14.032201342897771,1241960.0100101987
40.0,0.0210671163356406,-3.8600419216790063,0.292929292929293,1.0,14.020187725427158,1227128.8438920504
40.0,0.0234016590950486,-3.7549483576340705,0.3030303030303031,1.0,14.008172952476572,1212473.386744964
40.0,0.0259949031313031,-3.649854793589135,0.3131313131313132,1.0,13.996157970008941,1197992.7070191868
40.0,0.0288755163068248,-3.5447612295442013,0.32323232323232315,1.0,13.984143724290924,1183685.8434456927
40.0,0.0320753432999582,-3.4396676654992664,0.33333333333333315,1.0,13.972131161511651,1169551.8059103275
40.0,0.0356297576423598,-3.3345741014543298,0.34343434343434337,1.0,13.960121227401775,1155589.5763357372
40.0,0.0395780527672466,-3.229480537409394,0.3535353535353535,1.0,13.948114866853176,1141798.1095699822
40.0,0.0439638763914761,-3.1243869733644574,0.3636363636363637,1.0,13.936113023539729,1128176.3342808022
40.0,0.048835713033475,-3.019293409319523,0.3737373737373737,1.0,13.924116639539468,1114723.1538544719
40.0,0.0542474200011699,-2.914199845274587,0.3838383838383838,1.0,13.912126654958517,1101437.4472981899
40.0,0.060258822775172,-2.8091062812296523,0.3939393939393938,1.0,13.900144007557145,1088318.0701449942
40.0,0.0669363763690749,-2.7040127171847166,0.404040404040404,1.0,13.888169632378307,1075363.855360177
40.0,0.0743538999780876,-2.5989191531397813,0.4141414141414141,1.0,13.876204461379,1062573.6142482115
40.0,0.0825933930374168,-2.493825589094845,0.42424242424242425,1.0,13.864249423064798,1049946.1373592103
40.0,0.0917459417117808,-2.38873202504991,0.4343434343434343,1.0,13.852305442127879,1037480.1953939467
40.0,0.101912725837141,-2.283638461004973,0.44444444444444453,1.0,13.840373439088898,1025174.5401065312
40.0,0.113206137446215,-2.1785448969600347,0.4545454545454549,1.0,13.828454329943014,1013027.9052037987
40.0,0.125751023242877,-2.0734513329151003,0.46464646464646486,1.0,13.816549025810387,1001039.0072405449
40.0,0.139686064760787,-1.9683577688701692,0.47474747474747453,1.0,13.804658432591447,989206.546509721
40.0,0.155165311463659,-1.8632642048252352,0.48484848484848453,1.0,13.792783450627256,977529.2079267837
40.0,0.172359883735326,-1.7581706407802946,0.49494949494949514,1.0,13.78092497436522,966005.6619073587
40.0,0.19145986458586,-1.6530770767353593,0.5050505050505052,1.0,13.769083892030459,954634.5652374646
40.0,0.212676400986239,-1.5479835126904273,0.5151515151515149,1.0,13.757261085303083,943414.5619355235
40.0,0.236244038061438,-1.442889948645492,0.5252525252525251,1.0,13.745457429001656,932344.2841054492
40.0,0.262423311946047,-1.3377963846005527,0.5353535353535355,1.0,13.733673790773079,921422.3527801299
40.0,0.291503629965987,-1.2327028205556183,0.5454545454545455,1.0,13.721911030789135,910647.3787546135
40.0,0.323806469986239,-1.1276092565106834,0.5555555555555556,1.0,13.710170001449944,900017.963408413
40.0,0.359688934292802,-1.0225156924657481,0.5656565656565656,1.0,13.698451547094507,889532.699516294
40.0,0.399547697296443,-0.9174221284208132,0.5757575757575757,1.0,13.686756503718584,879190.1720470039
40.0,0.443823390699414,-0.8123285643758777,0.5858585858585857,1.0,13.675085698700073,868988.9589494022
40.0,0.49300547460239,-0.707235000330941,0.5959595959595959,1.0,13.663439950532089,858927.631925497
40.0,0.547637648400869,-0.6021414362860068,0.606060606060606,1.0,13.65182006856389,849004.7571899019
40.0,0.608323861287565,-0.49704787224107067,0.6161616161616161,1.0,13.640226852749839,839218.896215307
40.0,0.67573498880583,-0.39195430819613525,0.6262626262626262,1.0,13.628661093406528,829568.6064635358
40.0,0.750616249262273,-0.2868607441511999,0.6363636363636362,1.0,13.6171235709782,820052.4421018299
40.0,0.833795441985706,-0.18176718010626372,0.6464646464646464,1.0,13.60561505581058,810668.9547040031
40.0,0.926192098504948,-0.07667361606132911,0.6565656565656565,1.0,13.594136307933264,801416.6939361875
40.0,1.02882764781018,0.028419947983610284,0.666666666666667,1.0,13.582688076850705,792294.2082268565
40.0,1.142836708073,0.1335135120285407,0.6767676767676766,1.0,13.571271101341924,783300.0454209008
40.0,1.2694796296533,0.23860707607348014,0.686868686868687,1.0,13.559886109269009,774432.7534175331
40.0,1.41015642805352,0.3437006401184105,0.6969696969696967,1.0,13.548533817394434,765690.8807918215
40.0,1.56642226084696,0.44879420416335164,0.7070707070707073,1.0,13.537214931207298,757072.9773997084
40.0,1.74000461967455,0.5538877682082868,0.7171717171717173,1.0,13.525930144758469,748577.5949663636
40.0,1.93282242736499,0.6589813322532224,0.7272727272727274,1.0,13.514680140504684,740203.2876577786
40.0,2.14700725129329,0.7640748962981553,0.7373737373737373,1.0,13.503465589161614,731948.6126355118
40.0,2.38492686748792,0.8691684603430914,0.7474747474747475,1.0,13.492287149565897,723812.1305945411
40.0,2.64921143598352,0.9742620243880249,0.7575757575757573,1.0,13.481145468546112,715792.4062841809
40.0,2.94278257678333,1.0793555884329629,0.7676767676767676,1.0,13.470041180802706,707888.009012075
40.0,3.26888566786082,1.184449152477898,0.7777777777777777,1.0,13.4589749087968,700097.5131312571
40.0,3.63112572224959,1.289542716522833,0.7878787878787878,1.0,13.447947262647869,692419.4985103516
40.0,4.0335072408363,1.3946362805677694,0.797979797979798,1.0,13.436958840040225,684852.5509869407
40.0,4.48047848142245,1.4997298446127043,0.808080808080808,1.0,13.426010226138244,677395.2628042119
40.0,4.97698063344183,1.6048234086576407,0.8181818181818182,1.0,13.415101993510257,670046.2330309533
40.0,5.52850244195146,1.7099169727025751,0.8282828282828283,1.0,13.40423470206105,662804.0679650512
40.0,6.14114088475497,1.8150105367475111,0.8383838383838383,1.0,13.393408898972837,655667.3815205892
40.0,6.8216685734332,1.9201041007924453,0.8484848484848483,1.0,13.38262511865466,648634.7955987401
40.0,7.57760862338904,2.0251976648373815,0.8585858585858586,1.0,13.371883882700068,641704.940442588
40.0,8.41731782058148,2.1302912288823177,0.8686868686868686,1.0,13.361185699852978,634876.4549760878
40.0,9.35007900434302,2.2353847929272526,0.8787878787878787,1.0,13.350531065981587,628147.9871273437
40.0,10.3862036875563,2.3404783569721936,0.8888888888888893,1.0,13.33992046406022,621518.1941364355
40.0,11.5371460486378,2.445571921017128,0.8989898989898993,1.0,13.329354364158961,614985.742847998
40.0,12.8156295554912,2.550665485062058,0.909090909090909,1.0,13.31883322344092,608549.3099888035
40.0,14.2357876212352,2.6557590491069942,0.919191919191919,1.0,13.308357486167015,602207.5824305842
40.0,15.8133198466305,2.7608526131519304,0.9292929292929293,1.0,13.297927583708077,595959.257438356
40.0,17.5656655764397,2.865946177196865,0.9393939393939392,1.0,13.287543934564148,589803.0429045021
40.0,19.5121966883548,2.9710397412417997,0.9494949494949493,1.0,13.277206944390791,583737.657568895
40.0,21.6744317457404,3.0761333052867346,0.9595959595959593,1.0,13.266917006032243,577761.8312253307
40.0,24.0762738816144,3.1812268693316703,0.9696969696969694,1.0,13.256674499561237,571874.3049145616
40.0,26.744275043632,3.2863204333766105,0.97979797979798,1.0,13.246479792325339,566073.8311042311
40.0,29.707929521255,3.3914139974215445,0.98989898989899,1.0,13.236333238999565,560359.1738559856
40.0,33.0,3.4965075614664802,1.0,1.0,13.226235181645164,554729.1089800884
