step,loss,loss_pde,loss_ic,loss_bc,grad_norm,residual_log_mean,residual_log_abs_mean,residual_log_abs_max,g_eval_min,g_eval_max,mu_eval_min,mu_eval_max,N_eval_min,N_eval_max,seconds_elapsed,w_pde,w_ic,w_bc,weighted_loss_pde,weighted_loss_ic,weighted_loss_bc,grad_pde_max_for_weighting,grad_ic_mean_for_weighting,grad_bc_mean_for_weighting,target_w_ic,target_w_bc
1,6622.812782170611,0.7786551701733089,200.79866489360734,6421.235462106831,369.0533243781553,0.8187415815857022,0.8187415815857022,1.1863029645438965,0.00016149177375168744,3.72171080109632,0.187059572329123,0.18705957500516074,0.9049505432657466,1.1410565116290436,2.142228400101885,1.0,1.0,1.0,0.7786551701733089,200.79866489360734,6421.235462106831,,,,,
2,6598.166980331976,0.6548921372832267,203.57961097617212,6393.932477218521,383.52566540556717,0.6705298034269492,0.7320663385757249,1.180882551982355,8.785332470046675e-05,3.536109757118321,0.187059572329123,0.18705957491622774,0.7715254392309433,1.060983194453169,2.7228727999608964,1.0,1.0,1.0,0.6548921372832267,203.57961097617212,6393.932477218521,,,,,
3,6585.149724388139,0.7426170857977231,206.37599814583479,6378.031109156506,385.5437515518068,0.7884792877082728,0.7884792877082728,1.1761295680677557,0.001999420996193088,3.142261504407031,0.187059572329123,0.18705957261555162,0.6567893053935739,0.9454575051921165,2.756657399935648,1.0,1.0,1.0,0.7426170857977231,206.37599814583479,6378.031109156506,,,,,
4,6559.806764354554,0.8079179197914453,209.3533543085456,6349.645492126217,404.9717913683539,0.8394748871811092,0.8630648150989866,1.1694611661545855,0.000712784617024502,2.8435620435773084,0.187059572329123,0.18705957322341918,0.5831579959855716,0.8900372373410899,2.7879759001079947,1.0,1.0,1.0,0.8079179197914453,209.3533543085456,6349.645492126217,,,,,
5,6536.761519474271,0.8076194582005554,212.4697311246068,6323.484168891464,423.21164951778206,0.859590339207755,0.859590339207755,1.165103900876976,0.0009073303246481187,3.697730465049344,0.187059572329123,0.18705957295938364,0.48093161652733424,0.8251767780552962,2.823204099899158,1.0,1.0,1.0,0.8076194582005554,212.4697311246068,6323.484168891464,,,,,
6,6520.301231784785,0.7727195083326102,215.73554654068764,6303.7929657357645,435.8456672522859,0.8234353134042413,0.8277752784830065,1.1561496602074,0.00016200951037406014,3.2262852169203895,0.187059572329123,0.18705957364188025,0.42234686976917807,0.7644893878386657,2.8634999999776483,1.0,1.0,1.0,0.7727195083326102,215.73554654068764,6303.7929657357645,,,,,
7,6494.962231441097,0.5462721898891765,219.20593950852347,6275.210019742684,458.7776402059966,0.6576572330688891,0.6595567988576267,1.126034623108259,0.0,3.689895072533446,0.187059572329123,0.18705957373236748,0.35588911650729416,0.6978634983895958,2.8966723000630736,1.0,1.0,1.0,0.5462721898891765,219.20593950852347,6275.210019742684,,,,,
8,6461.689529438574,0.6021411738532901,222.88195465237433,6238.2054336123465,494.48264289183965,0.6698262614642386,0.7157653757558091,1.1443944670460462,7.69541184044431e-05,3.727067784044054,0.187059572329123,0.18705957338580004,0.29138488809144625,0.6314687927126847,2.9345617999788374,1.0,1.0,1.0,0.6021411738532901,222.88195465237433,6238.2054336123465,,,,,
9,6452.34593677676,0.5918071038371328,226.72730897838358,6225.026820694539,495.90240182380376,0.6934609984579853,0.7171635537456719,1.141629930111019,0.0007220547462723007,3.5476704619757924,0.187059572329123,0.1870595727437409,0.2387220672800387,0.5765590817356573,2.9687653000000864,1.0,1.0,1.0,0.5918071038371328,226.72730897838358,6225.026820694539,,,,,
10,6103.972982222698,0.6846203588671961,230.82024301783153,6188.878325838309,502.0841184310688,0.7686222290020722,0.7686222290020722,1.122968362208233,0.0005088730818253867,3.6882273452852634,0.187059572329123,0.18705957277847948,0.20104326655020033,0.5268255439488706,3.0136345999781042,1.0,0.9535699735707254,0.9506060386205488,0.6846203588671961,220.103253034102,5883.185108829729,0.041497835234739246,0.5812064769194722,3.423695605170807,0.07139947141450884,0.012120772410977502
11,6085.063344606832,0.47593753955835105,235.12361977799551,6164.888865711268,518.5343991252241,0.5965428563658515,0.6142132677426179,1.1258430241459136,0.0,3.485487832806369,0.187059572329123,0.1870595731015385,0.16942907835307397,0.48934215910309914,3.0483492000494152,1.0,0.9535699735707254,0.9506060386205488,0.47593753955835105,224.20682389755646,5860.380583169717,,,,,
12,6069.29142648564,0.4876060818196881,239.6656647810792,6143.728949216113,531.5971317729916,0.5065840818851505,0.5951932395439763,1.1233555060440845,0.004406318322928968,3.7221911517444677,0.187059572329123,0.18705957234066073,0.13822240859590476,0.36074096469895967,3.0808798000216484,1.0,0.9535699735707254,0.9506060386205488,0.4876060818196881,228.537981631104,5840.265838772716,,,,,
13,6036.118966514122,0.7154771666706543,244.47348288838432,6103.77031177993,563.348825549327,0.8068890156717209,0.8068890156717209,1.1109997041513233,0.000399102577379018,2.3967723333379123,0.187059572329123,0.18705957261135464,0.11542862404203486,0.35047505291615866,3.114155099960044,1.0,0.9535699735707254,0.9506060386205488,0.7154771666706543,233.12257261661983,5802.280916730831,,,,,
14,6004.982596998169,0.5799150261522553,249.49450089100768,6066.122013825261,593.3643306652747,0.6661882159182188,0.6817019897989138,1.1074976177492646,0.0008305319017531468,3.7336384430819054,0.187059572329123,0.18705957246110794,0.09985558641263981,0.27053839895031107,3.1484564000274986,1.0,0.9535699735707254,0.9506060386205488,0.5799150261522553,237.9104646206795,5766.492217351338,,,,,
15,5987.555459653315,0.6869862585889208,254.68711157472205,6042.467918126107,605.5354980886692,0.707958659585108,0.7677243922449916,1.1061106189099468,3.367186395045185e-05,2.8969297458395893,0.187059572329123,0.1870595726496277,0.07959594934311968,0.2943455821730402,3.183238700032234,1.0,0.9535699735707254,0.9506060386205488,0.6869862585889208,242.8619822531121,5744.006491141614,,,,,
16,5962.568437046446,0.5371990372301858,260.06236269262877,6010.948116826056,627.1085378190058,0.6572702073590097,0.6572702073590097,1.1046108366831755,0.0006826537546369693,3.7334825451928104,0.187059572329123,0.18705957244602253,0.0638996114141629,0.24003644239376268,3.215669000055641,1.0,0.9535699735707254,0.9506060386205488,0.5371990372301858,247.9876603195504,5714.043577689666,,,,,
17,5948.362100302778,0.5896969410817059,265.5950741812225,5990.398423891411,636.2642690783754,0.7122345390691182,0.7317389482084949,1.0842952780169592,0.0006701849218041026,3.660673322279093,0.187059572329123,0.187059572425691,0.054662835250324636,0.20405605927221732,3.2508573001250625,1.0,0.9535699735707254,0.9506060386205488,0.5896969410817059,253.2634878675032,5694.508915494193,,,,,
18,5916.452312199813,0.4794982126208214,271.30361690944466,5951.2201704405625,664.7092751595249,0.6120042965577992,0.6319623746371538,1.0976313625223426,0.0018993551649821167,3.4211763580315724,0.187059572329123,0.18705957235283746,0.044204086357826515,0.16713929248602635,3.284556800033897,1.0,0.9535699735707254,0.9506060386205488,0.4794982126208214,258.70698280598134,5657.26583118121,,,,,
19,5899.472488549416,0.6241072223796567,277.11046920349065,5927.380986038154,676.6275414087785,0.706153079314793,0.7230892710674826,1.0934677450550674,0.0002462097186021611,3.7338312252289247,0.187059572329123,0.18705957243745835,0.03663893622159622,0.15342185533106195,3.3174340000841767,1.0,0.9535699735707254,0.9506060386205488,0.6241072223796567,264.2442227945439,5634.604158532493,,,,,
20,5586.754105102171,0.7281733618805292,283.01601036448227,5895.644329959662,662.1529357451097,0.7988087945744524,0.8238475222359505,1.0855207308331591,0.00017325335476946896,2.9375273420949926,0.187059572329123,0.18705957242475676,0.032278256003171225,0.12443032851654168,3.3601134000346065,1.0,0.9090381697662216,0.9038458355747663,0.7281733618805292,257.272356076267,5328.753575664024,0.051649319556109935,0.8206915767768712,3.3534212648341852,0.06293389748065162,0.015401977704898883
21,5572.047629246368,0.5713339037190356,288.95694980878085,5873.571785802735,670.9517692440671,0.6385143068503782,0.6624243923652078,1.0772557297771523,0.0001296530258881115,3.538104765028832,0.187059572329123,0.18705957241962026,0.02652922610417964,0.12526323670704514,3.392241100082174,1.0,0.9090381697662216,0.9038458355747663,0.5713339037190356,262.6728967954041,5308.803398547245,,,,,
22,5547.455016402567,0.5756615888585714,294.93431290337236,5840.346438564862,690.9968226858979,0.694849717512501,0.694849717512501,1.0870646812489464,0.001660232042570521,3.122710777490884,0.187059572329123,0.1870595723423626,0.021664791077694336,0.08005748858348773,3.424422499956563,1.0,0.9090381697662216,0.9038458355747663,0.5756615888585714,268.10654800293975,5278.772806810768,,,,,
23,5538.176172984706,0.7019316389988518,300.88387253299294,5823.9570393093945,693.5734274729363,0.811212627205707,0.811212627205707,1.0730485722037408,0.00023329855578012315,2.3409173993880534,0.187059572329123,0.18705957238382592,0.01918673605582064,0.08862353616455226,3.4559788999613374,1.0,0.9090381697662216,0.9038458355747663,0.7019316389988518,273.51492479956505,5263.959316546142,,,,,
24,5513.640043299127,0.5047070940122914,306.8323689310475,5791.046210661028,712.6608036450185,0.605577349909279,0.6197648061934425,1.091764687790045,0.0,3.6873234248221607,0.187059572329123,0.18705957239510596,0.01548911709602877,0.08095195883702352,3.4869113001041114,1.0,0.9090381697662216,0.9038458355747663,0.5047070940122914,278.9223350781135,5234.213001127001,,,,,
25,5495.507812920436,0.5706924414370549,312.705262402686,5765.00537589429,725.1375119233886,0.70054435856111,0.7174568051238965,1.0903107622083013,0.0006944625178473551,3.3882398417765325,0.187059572329123,0.18705957235137213,0.013518306531701068,0.06043159527658483,3.5195132000371814,1.0,0.9090381697662216,0.9038458355747663,0.5706924414370549,284.2610194108038,5210.676101068195,,,,,
26,5481.512171828972,0.6680786787847969,318.4762533326068,5743.608941236619,732.3880551135014,0.7372776649260788,0.7746087174783778,1.091937872265196,0.0004500003143672743,2.7816102284639914,0.187059572329123,0.18705957235387943,0.011502582149484904,0.05027924890680258,3.550788199994713,1.0,0.9090381697662216,0.9038458355747663,0.6680786787847969,289.50707044347644,5191.337022706711,,,,,
27,5466.273377798423,0.6611464149302697,324.1409312634277,5721.059442834293,740.8370194696198,0.7254273318456289,0.763231992900178,1.0936997871221537,0.0002969138495999765,3.225759834738929,0.187059572329123,0.18705957235510143,0.009947561391795263,0.04596696675358387,3.5846812000963837,1.0,0.9090381697662216,0.9038458355747663,0.6611464149302697,294.656478902025,5170.955752481468,,,,,
28,5453.041735600587,0.6818754790331423,329.68480383426123,5700.821519156176,746.8165017253569,0.7351898494018773,0.7809076800122958,1.0920537568921507,0.0,2.8752893938155264,0.187059572329123,0.18705957236403986,0.00873135381466451,0.04362040599328176,3.6166234998963773,1.0,0.9090381697662216,0.9038458355747663,0.6818754790331423,299.6960706772326,5152.663789444322,,,,,
29,5435.876351999355,0.6214100113040019,335.10664232654364,5676.443936822919,757.2763322793053,0.6855583875338696,0.7368721448490771,1.0894708525633154,0.00026520951880755483,3.2350482531745777,0.187059572329123,0.18705957234900164,0.0076436325515348924,0.03236942049926193,3.6489335999358445,1.0,0.9090381697662216,0.9038458355747663,0.6214100113040019,304.6247288170251,5130.630213171026,,,,,
30,5154.0075830924725,0.6423946691942267,340.3752326704645,5653.749580344478,728.0753711681845,0.7490980390372115,0.7517101752449177,1.0991188173497433,0.00026349246331653503,3.733436469328344,0.187059572329123,0.18705957234653137,0.006789072876523658,0.028321935950866215,3.690584900090471,1.0,0.8656321532495913,0.8593810839704499,0.6423946691942267,294.63974556936483,4858.725442853914,0.03443293464810007,0.8415139979216744,2.366394039714522,0.04091783943361687,0.014550803488439316
31,5145.491988549786,0.7297002472999905,345.45661644424064,5638.620658448379,728.3964148086661,0.792815674265211,0.792815674265211,1.0962522833886577,0.0008848540173364561,3.698653970679372,0.187059572329123,0.18705957233645545,0.005986665320784297,0.022424728825235732,3.722285599913448,1.0,0.8656321532495913,0.8593810839704499,0.7297002472999905,299.0383547469462,4845.72393355554,,,,,
32,5133.5878192642695,0.636219000124879,350.3803172448492,5619.917894256653,732.5965365241767,0.6749317836661676,0.731752396439068,1.08613340529126,0.0013124798607452928,3.733904599461555,0.187059572329123,0.18705957233318732,0.005385156940855472,0.01701363006715369,3.752399899996817,1.0,0.8656321532495913,0.8593810839704499,0.636219000124879,303.30046847293374,4829.651131791211,,,,,
33,5122.923114110922,0.7856514923115473,355.14574672644886,5602.5341667026,735.5417928625278,0.849937956199649,0.849937956199649,1.1047752483895923,0.00044726237697291504,2.0893527851506835,0.187059572329123,0.18705957233846407,0.004681514343402324,0.01719448730457493,3.7804364999756217,1.0,0.8656321532495913,0.8593810839704499,0.7856514923115473,307.4255774562499,4814.711885162361,,,,,
34,5112.739781245663,0.7342477050302211,359.75590697678604,5586.100674872578,737.5106013269316,0.8259951295718738,0.8259951295718738,1.0984964051646027,7.90390556361098e-05,3.152433293892996,0.187059572329123,0.1870595723427876,0.00426227982862905,0.018681701974065254,3.808789199916646,1.0,0.8656321532495913,0.8593810839704499,0.7342477050302211,311.416280400575,4800.589253140058,,,,,
35,5102.759735758522,0.6302958711936058,364.21820539110087,5570.113817709449,739.1078195603442,0.7100609023273312,0.7227863600510088,1.0922728130463433,0.0003472028687426798,3.677512361142267,0.187059572329123,0.18705957233752096,0.003817953684130518,0.013657316078990058,3.8434441999997944,1.0,0.8656321532495913,0.8593810839704499,0.6302958711936058,315.27898938540056,4786.850450501927,,,,,
36,5091.568983927913,0.5852412274330164,368.53907939398107,5552.792067287499,742.219617256788,0.6662718678092416,0.6942919039535291,1.1095271679949852,0.0003974889407882612,3.672117770769885,0.187059572329123,0.1870595723363884,0.003402794995726778,0.014236030516455821,3.880879099946469,1.0,0.8656321532495913,0.8593810839704499,0.5852412274330164,319.0192768524339,4771.964465848046,,,,,
37,5082.448950056262,0.6551160004229519,372.7120946328877,5537.8950616979755,742.8914979061639,0.7763117689559501,0.7763117689559501,1.0982606999098898,0.00012013358521210937,3.406219174607484,0.187059572329123,0.1870595723384679,0.0031026119764058745,0.013816420271054093,3.910737300058827,1.0,0.8656321532495913,0.8593810839704499,0.6551160004229519,322.63157301923206,4759.162261036608,,,,,
38,5072.496337404959,0.677044190857071,376.74563234611634,5522.225528089628,744.513615191681,0.7578644450048299,0.7823331451837402,1.109899366262455,0.0003175906269563891,3.2468904382556034,0.187059572329123,0.18705957233563408,0.002814999180193077,0.011886243408124749,3.939938399940729,1.0,0.8656321532495913,0.8593810839704499,0.677044190857071,326.1231329551476,4745.6961602589545,,,,,
39,5063.179743779478,0.6687832596165035,380.6388258680188,5507.472578063027,745.2655900607865,0.7379341536018996,0.7662719146764398,1.0996365995482282,2.1616222954656816e-05,3.724015177250118,0.187059572329123,0.18705957233738968,0.0025544209946596506,0.0078000501922686535,3.9691204000264406,1.0,0.8656321532495913,0.8593810839704499,0.6687832596165035,329.4932064465293,4733.017754073332,,,,,
40,4811.138596195328,0.6309160228196532,384.39477608439086,5496.686445976857,705.4782181653914,0.7319159003466258,0.7319159003466258,1.1151507835012398,0.0003647827385694219,3.704715633967631,0.187059572329123,0.18705957233417644,0.002302606181491206,0.01019981174704138,4.008233099943027,1.0,0.8248179036467945,0.81748377517125,0.6309160228196532,317.05569338270624,4493.4519867898025,0.04016829082152578,0.8139939532467078,1.8739660952551498,0.04934716119365502,0.021434907986452482
41,4800.258672271746,0.536173994573125,388.030514856333,5479.824943955574,708.4706684472037,0.6162448390848374,0.6604528274116194,1.1037762345285038,0.00047434347662757975,2.970414074246472,0.187059572329123,0.18705957233303805,0.002097977809310668,0.0075095584798846385,4.035215300042182,1.0,0.8248179036467945,0.81748377517125,0.536173994573125,320.05451581478695,4479.667982462386,,,,,
42,4794.541757240519,0.5820268109492907,391.5288986005559,5469.245776935588,705.531989122046,0.7320238831339975,0.7320238831339975,1.116779320865694,2.907810715039802e-05,3.387422637703642,0.187059572329123,0.18705957233562429,0.0019178665621126618,0.009746530674733623,4.065174600109458,1.0,0.8248179036467945,0.81748377517125,0.5820268109492907,322.9400453608489,4471.019685068721,,,,,
43,4784.301263728081,0.6502588530749811,394.91184136698473,5453.222171681058,708.0421930959907,0.7494817985139707,0.7523500077453977,1.1177505663777942,0.00014967408374655378,3.7293969391021333,0.187059572329123,0.18705957233410467,0.0017607962252288796,0.007806984693144178,4.099831199971959,1.0,0.8248179036467945,0.81748377517125,0.6502588530749811,325.7303571216118,4457.920647753394,,,,,
44,4777.102250580183,0.62088704135212,398.1606967624422,5441.1737913561465,706.8340529496744,0.7424630557505878,0.7424630557505878,1.1165355945116926,4.108909989513146e-05,3.694100606028673,0.187059572329123,0.1870595723344081,0.001611264700833512,0.007722159179724396,4.135955499950796,1.0,0.8248179036467945,0.81748377517125,0.62088704135212,328.41007121814465,4448.071292320687,,,,,
45,4769.142247150976,0.5770890776087891,401.28234860150195,5428.340509387859,706.5526980136359,0.66407862446753,0.6932549809042942,1.1032598059767085,0.0005839710564374545,3.648218030822051,0.187059572329123,0.1870595723315809,0.0014796424746375944,0.006974601831028199,4.172203700058162,1.0,0.8248179036467945,0.81748377517125,0.5770890776087891,330.98486554395305,4437.580292529414,,,,,
46,4764.578440769799,0.638644617497037,404.27493170947656,5419.663030687824,702.6374843054538,0.7468252702968233,0.7468252702968233,1.0751092420016388,2.3583513521864552e-05,3.731342294375337,0.187059572329123,0.18705957233372741,0.0013811552710279442,0.00793404415051408,4.211019299924374,1.0,0.8248179036467945,0.81748377517125,0.638644617497037,333.45320166956145,4430.486594482741,,,,,
47,4754.405502731085,0.7149010803664615,407.16381501340135,5404.210739699467,705.1091973589313,0.7628801748872501,0.8013349264091375,1.105154636217828,5.703971375069922e-06,3.5770146790460644,0.187059572329123,0.1870595723333747,0.0012574858572254077,0.006035157629007745,4.240182799985632,1.0,0.8248179036467945,0.81748377517125,0.7149010803664615,335.83600434018496,4417.854597310534,,,,,
48,4745.323662804782,0.6916011826066114,409.9201315057469,5390.348691835368,706.2525196546595,0.7531881076550113,0.7664424523882761,1.0887873929308665,0.00012520180722463276,3.464464938842844,0.187059572329123,0.18705957233246143,0.0011618432932628876,0.005785091935629561,4.272783600026742,1.0,0.8248179036467945,0.81748377517125,0.6916011826066114,338.1094635311885,4406.522598090986,,,,,
49,4738.247031558034,0.6031919813668132,412.5250474565019,5379.171952141335,705.0999870420378,0.7114489395693616,0.713490341868407,1.110936456376444,0.000826022890713686,3.687326837167174,0.187059572329123,0.18705957233039816,0.0010649171241475055,0.003242102000963633,4.303999399999157,1.0,0.8248179036467945,0.81748377517125,0.6031919813668132,340.25804484486633,4397.385794731801,,,,,
50,4500.325172158782,0.6383526987127435,414.9773879790105,5367.618353508386,669.9298539060371,0.7142810535517323,0.7515479207023184,1.084573366665476,0.0,2.8132602909953235,0.187059572329123,0.18705957233277004,0.0009924927103219152,0.007315549190108239,4.344617800088599,1.0,0.7853503984773764,0.7775858653817258,0.6383526987127435,325.9026570084167,4173.784162451652,0.03150759843533069,0.8883437429373531,1.6136575422887907,0.035467800258432894,0.01952557938076547
51,4491.89154512898,0.6010084481796221,417.26637431976974,5354.508625608318,670.9636953031427,0.7258148167029027,0.7258148167029027,1.0982687939249385,9.435610070458733e-05,3.151566286433892,0.187059572329123,0.18705957233191164,0.0009070584397872092,0.007147215908675561,4.618508900050074,1.0,0.7853503984773764,0.7775858653817258,0.6010084481796221,327.70031334324125,4163.590223337559,,,,,
52,4486.253828420804,0.5974798733759402,419.36924325754256,5345.139014590477,669.0739229698687,0.695019534808034,0.7206910122636286,1.1148819533155936,0.000727174056729181,3.588548120386652,0.187059572329123,0.18705957233027384,0.0008390678240232144,0.0039895364918535285,4.649692100007087,1.0,0.7853503984773764,0.7775858653817258,0.5974798733759402,329.3518023014669,4156.304546245961,,,,,
53,4479.704840418281,0.6510513836042817,421.28985589004617,5334.70812358524,668.38237411269,0.7617617091283524,0.7617617091283524,1.0981382991517923,0.00011672730733888054,3.2679804200937417,0.187059572329123,0.1870595723314425,0.0007811371247123119,0.007141659729182872,4.681922300020233,1.0,0.7853503984773764,0.7775858653817258,0.6510513836042817,330.8601561977242,4148.193632836952,,,,,
54,4472.782438356551,0.6170524253782002,423.0189521917941,5324.103057392276,668.0569138865977,0.6763607266593903,0.7451895303576025,1.0942292780940035,0.0002585766070343845,3.3755972953999343,0.187059572329123,0.18705957233088083,0.0007240403124941825,0.005309149724446214,4.71423549996689,1.0,0.7853503984773764,0.7775858653817258,0.6170524253782002,332.21810266730773,4139.947283263865,,,,,
55,4464.36716273848,0.6089613090024399,424.5419415101441,5311.752955368464,669.4701518335854,0.6968329818192555,0.7332607167745493,1.0952671031581505,9.404912141619537e-05,2.7719224141541146,0.187059572329123,0.18705957233115264,0.0006712930060907257,0.005951539956347964,4.746131099993363,1.0,0.7853503984773764,0.7775858653817258,0.6089613090024399,333.4141829353507,4130.344018494127,,,,,
56,4458.102927878892,0.550267648141486,425.8227294337003,5302.478856100576,668.6081721226556,0.7013234625480695,0.7081622043601845,1.0992874416774963,0.000381144519083082,3.2383526291660796,0.187059572329123,0.1870595723304419,0.0006221814952884012,0.006769611853020992,4.778172000078484,1.0,0.7853503984773764,0.7775858653817258,0.550267648141486,334.42005024148057,4123.13260998927,,,,,
57,4449.721991797033,0.5277755140569407,426.8498308197143,5290.692275558686,670.236957611435,0.6613654585835713,0.6613654585835713,1.0687460217900926,0.00040017398604750426,2.5827312181644446,0.187059572329123,0.18705957233031012,0.0005801356056242058,0.00597228175128378,4.810026200022548,1.0,0.7853503984773764,0.7775858653817258,0.5277755140569407,335.22668472426335,4113.967531558713,,,,,
58,4443.558871605603,0.515802294517563,427.5797921133571,5282.044455859153,669.558163742769,0.6740248659137482,0.6743267120110583,1.0769365032860876,0.0009277693848946736,3.12739436409832,0.187059572329123,0.18705957232973022,0.0005375323815542617,0.005882614564482743,4.84941289993003,1.0,0.7853503984773764,0.7775858653817258,0.515802294517563,335.79996011709875,4107.243109193986,,,,,
59,4434.28151726736,0.6725824246156225,427.99689631146816,5269.4905915836725,672.6519382043576,0.8047158700467594,0.8047158700467594,1.0956424426332443,0.0016125710132222013,3.2394749284394733,0.187059572329123,0.18705957232940276,0.0005048616583583088,0.003624077460297219,4.883061300031841,1.0,0.7853503984773764,0.7775858653817258,0.6725824246156225,336.12753306529186,4097.481401777452,,,,,
60,4217.298123416629,0.46184883510050173,428.03335788406395,5262.358480736618,639.2249352486216,0.5987054708992303,0.6227690104764351,1.090778159552062,0.0007959557234509182,3.732779596089329,0.187059572329123,0.18705957232973724,0.0004618875395491168,0.0080207468867622,4.926742600044236,1.0,0.748535867940958,0.740435674953235,0.46184883510050173,320.3983210514305,3896.437953530098,0.05682690828607226,1.1583194892077244,1.6432483641776272,0.049059787749009674,0.03458205681191206
61,4208.6606931343385,0.6492405584246507,427.6877572945944,5250.789443940875,642.3707149625955,0.7663779438093656,0.7822319154211714,1.0776919640881641,4.718033121364068e-05,2.766612031224155,0.187059572329123,0.1870595723305513,0.00043515758191171606,0.011459488710389324,4.959727199980989,1.0,0.748535867940958,0.740435674953235,0.6492405584246507,320.139626614231,3887.871825961683,,,,,
62,4199.717958651521,0.5711925094456252,426.8897475127198,5239.623926437062,645.4907316411499,0.7134611449979538,0.7134611449979538,1.0669633746576648,9.422392686455477e-05,2.6413058267357035,0.187059572329123,0.1870595723303596,0.0004029031827204169,0.009478194179244113,4.995001700008288,1.0,0.748535867940958,0.740435674953235,0.5711925094456252,319.54228766953014,3879.604478472546,,,,,
63,4193.412035463605,0.4833112620316908,425.5668125157853,5232.563518867326,645.8523453924814,0.6066910811429245,0.6541215795142592,1.0420194587818115,0.0015103307195151877,3.4571056166954386,0.187059572329123,0.18705957232936354,0.0003773627543168218,0.0076704467914032,5.02820140006952,1.0,0.748535867940958,0.740435674953235,0.4833112620316908,318.5520233733703,3874.376700828203,,,,,
64,4183.407015682353,0.5202164162860263,423.69258079359025,5220.896070149169,650.71069065925,0.621083257777008,0.6767454773829472,1.0574588685985291,0.0005598181266248531,3.4381035324634746,0.187059572329123,0.18705957232974746,0.0003517986786911512,0.01920120236246283,5.061239199945703,1.0,0.748535867940958,0.740435674953235,0.5202164162860263,317.1490937044746,3865.737705561592,,,,,
65,4174.5081379412595,0.4974311920883245,421.16823379254305,5211.460371033342,654.4748014621003,0.6659169995136521,0.6680646166149572,1.010566898361989,5.1502350413082376e-05,3.2490332264697144,0.187059572329123,0.1870595723302375,0.0003292581840882929,0.03466497530470954,5.093630499904975,1.0,0.748535867940958,0.740435674953235,0.4974311920883245,315.25952943106154,3858.7511773181095,,,,,
66,4162.888496267122,0.520823496242653,417.9166310230734,5199.022973716379,661.5406009314048,0.6332561247913888,0.6701767429636781,1.018245041150584,5.551171586473669e-05,3.733870529260019,0.187059572329123,0.18705957233010811,0.0003064839416166001,0.011833341997815116,5.126966699957848,1.0,0.748535867940958,0.740435674953235,0.520823496242653,312.8255881298174,3849.542084641062,,,,,
67,4154.624713481015,0.5084234591827177,413.80958552971265,5192.030993101279,664.7215237147195,0.6639416193991158,0.6732801629003401,1.0408787867133282,0.00014642087460636083,2.3463451124211008,0.187059572329123,0.18705957232997197,0.00028463763493682514,0.032245080575490956,5.159912599949166,1.0,0.748535867940958,0.740435674953235,0.5084234591827177,309.7513172667716,3844.3649727550605,,,,,
68,4145.021142335507,0.3873974443221897,408.79863076404473,5184.290056312573,669.220888190911,0.5299024880828742,0.571119563678775,1.0161186519152414,0.00017355382969719974,3.6591308345486557,0.187059572329123,0.1870595723299236,0.0002688220872012093,0.09121162578610009,5.195663999998942,1.0,0.748535867940958,0.740435674953235,0.3873974443221897,306.0004378920395,3838.633306999145,,,,,
69,4130.964249182658,0.440161636608442,402.82702607884045,5171.271103586256,679.528098172548,0.590604912764987,0.609553576841146,1.0107881276901836,0.0008008954931092785,3.725837364739057,0.187059572329123,0.1870595723294571,0.00024887381926225237,0.020836691144896495,5.22834419994615,1.0,0.748535867940958,0.740435674953235,0.440161636608442,301.5304775959998,3828.99360995005,,,,,
70,3929.3973794781255,0.3349227773835897,395.7466486549914,5168.105280751631,649.6318347662074,0.49269555756861866,0.5118852820924279,1.0007053686002956,0.0008868120106348687,3.6621256556490906,0.187059572329123,0.187059572329435,0.00023311881497093146,0.13391243198766623,5.276013900060207,1.0,0.7133738015291239,0.705625556640547,0.3349227773835897,282.3152911934218,3646.74716550732,0.07889426166282425,1.7418051309919047,1.7835939472409785,0.04529453970427586,0.044233308699474394
71,3919.4148139294443,0.28821575043592434,387.63815189506624,5162.221892140844,654.8470302058358,0.43860953010565407,0.4669821908461029,0.9410514103211981,0.0008753865286047352,3.5523041971284743,0.187059572329123,0.18705957232943016,0.00021963215056149344,0.28825073509969035,5.310804300010204,1.0,0.7133738015291239,0.705625556640547,0.28821575043592434,276.5309020351074,3642.595696143901,,,,,
72,3901.105589953426,0.36969671314024294,378.5085797971976,5145.388732863731,670.5001484479166,0.4949205093266704,0.5647312553751763,0.9334141391824697,0.0001597989795116203,3.254549854665297,0.187059572329123,0.1870595723297708,0.0002052259699826207,0.33627240851616974,5.345436400035396,1.0,0.7133738015291239,0.705625556640547,0.36969671314024294,270.0181044813166,3630.717788758969,,,,,
73,3889.7641161840056,0.287883402939505,368.16821303503843,5139.8856531122265,676.8094191405788,0.434051747064683,0.4900558458886101,0.8873603775173954,0.0005281021315890755,3.073727721166942,0.187059572329123,0.18705957232948134,0.0001966194428019883,0.06553938547898101,5.379155500093475,1.0,0.7133738015291239,0.705625556640547,0.287883402939505,262.6415577349897,3626.8346750460764,,,,,
74,3884.235020053101,0.18552334119339295,356.6682731890324,5143.821196135022,674.6721449254995,0.15635509257990945,0.36843603451435647,0.8531668212338915,0.0008606332172881453,3.563114277864949,0.187059572329123,0.18705957232938505,0.0001818979594304239,0.6493288774775686,5.412369200028479,1.0,0.7133738015291239,0.705625556640547,0.18552334119339295,254.43780192968813,3629.6116947822193,,,,,
75,3862.5237035689097,0.2584876856549247,344.3066921230339,5125.446220018198,693.3845977305298,0.3742626054364911,0.44962072021192323,0.8874843061385251,3.4798215875542216e-05,3.7288827156596738,0.187059572329123,0.18705957232979314,0.0001685116863841319,1.9295036859295671,5.446600100025535,1.0,0.7133738015291239,0.705625556640547,0.2584876856549247,245.61937385172632,3616.6458420315284,,,,,
76,3850.6995108093724,0.29705538243576185,330.8967405562707,5122.19172858545,698.1063562786449,0.30258307179900856,0.4815511040520388,0.8835621103742695,0.00019109080269426315,2.4027233052669543,0.187059572329123,0.18705957232975085,0.00015890765169221976,17.658974230009104,5.480424300068989,1.0,0.7133738015291239,0.705625556640547,0.29705538243576185,236.05306572422305,3614.349389702714,,,,,
77,3836.153240179087,0.1942832031837795,316.64061070543744,5116.135331018731,706.3684464991508,0.24023360261163135,0.389968462433945,0.8502376193961432,0.0003516052886197857,3.419165715608675,0.187059572329123,0.18705957232955628,0.00015090674634801697,7.0025726920794735,5.515593700110912,1.0,0.7133738015291239,0.705625556640547,0.1942832031837795,225.8831161774413,3610.0758407984617,,,,,
78,3821.124672215419,0.2736827489113026,301.6793764260284,5109.850106661155,713.7969468996201,0.1893074573446482,0.4536040341785172,1.0089565492575694,0.0001242024240659806,3.1567499940934836,0.187059572329123,0.18705957232974502,0.00013911728861856198,35.7455085499087,5.548185900086537,1.0,0.7133738015291239,0.705625556640547,0.2736827489113026,215.21016360397144,3605.6408258625365,,,,,
79,3803.7071880231993,0.2352096243422054,286.1944662684724,5100.875825921712,724.1182684464852,0.1328346352596035,0.4062631239744381,1.063375975851717,0.0,1.3632504208598886,0.187059572329123,0.18705957232982187,0.00013152097862921446,54.94328271846501,5.580760899931192,1.0,0.7133738015291239,0.705625556640547,0.2352096243422054,204.16363437853877,3599.308344020318,,,,,
80,3600.8586443069526,0.17906657456237496,270.29009118787144,5090.984799267383,699.030217337862,0.06520710868567288,0.34397853631521946,1.141372252603043,0.0007428999342972836,3.5454011688636244,0.187059572329123,0.18705957232939557,0.00012492102193638617,41.68848600272034,5.623836999991909,1.0,0.6786683759927692,0.6712340294142574,0.17906657456237496,183.4373372334102,3417.2422404989798,0.04095685621632212,2.125940201847625,2.301591926558032,0.019265290802030596,0.017795012114754843
81,3578.5194828106505,0.23238367741691082,254.12995204919827,5073.9637563621745,715.0089352926949,0.1959627312539626,0.4310381177254216,1.0182957379274546,0.00023011154063510425,3.731771421183795,0.187059572329123,0.18705957232951012,0.00011511575329242185,16.711621158040685,5.656050400109962,1.0,0.6786683759927692,0.6712340294142574,0.23238367741691082,172.4699618483497,3405.8171372848838,,,,,
82,3570.8554151062995,0.23578916559444338,237.63313230047217,5079.220338300465,711.8003250555792,0.016525697308177687,0.39606108335028767,1.2073447623012266,0.00048630138566300996,3.554112037246538,0.187059572329123,0.18705957232941223,0.00010918681221180147,35.4594765194903,5.688557799905539,1.0,0.6786683759927692,0.6712340294142574,0.23578916559444338,161.2740919804363,3409.3455339602688,,,,,
83,3553.5353855495346,0.2574845428285199,221.33720236508313,5069.861169435117,720.0509338390449,-0.0540290882608165,0.40321888132968847,1.289702456991023,0.0003459089719370853,3.697039761002816,0.187059572329123,0.18705957232946427,0.00010614154533134296,76.37212586879875,5.72078280011192,1.0,0.6786683759927692,0.6712340294142574,0.2574845428285199,150.21455967589387,3403.0633413308124,,,,,
84,3554.1830323507506,0.291250132930638,205.35431992217747,5086.935628684933,710.0071987055422,-0.01908296971750622,0.4220583595943097,1.394672075648253,0.0007152090163487987,3.7140749775382838,0.187059572329123,0.1870595723294593,9.47275800776091e-05,487.81313911003525,5.751127100083977,1.0,0.6786683759927692,0.6712340294142574,0.291250132930638,139.36748280468376,3414.5242994131363,,,,,
85,3540.147130574791,0.32450167028755644,190.65726550363823,5080.83533120332,715.3461317920718,-0.09643809690043254,0.42268921153367606,1.4515576706892612,0.0,3.486024961076443,0.187059572329123,0.18705957233004225,8.823085437006909e-05,1296.1149910422716,5.779641499975696,1.0,0.6786683759927692,0.6712340294142574,0.32450167028755644,129.39305675057636,3410.429572153927,,,,,
86,3527.96705697517,0.42594611851431835,177.35757000348804,5075.985405307276,720.4380984793493,-0.2701321296699956,0.4884789092755803,1.51381801239945,0.00036720305019968813,3.2607533158690156,0.187059572329123,0.18705957232951573,8.502373937863943e-05,660.0762646259498,5.808211399940774,1.0,0.6786683759927692,0.6712340294142574,0.42594611851431835,120.3669740042911,3407.174136852365,,,,,
87,3537.6031621593775,0.816029354292528,165.55590979829793,5101.692438559093,718.1901156070793,-0.5201451197072512,0.720606107394347,1.5750165511524794,0.0,3.4801131425182312,0.187059572329123,0.18705957233002035,7.899127702942875e-05,2206.8636306148796,5.8360069000627846,1.0,0.6786683759927692,0.6712340294142574,0.816029354292528,112.35756043881624,3424.4295723662685,,,,,
88,3476.655976540402,0.37918818570193463,156.36558228414543,5020.836645462796,747.4441286842366,-0.09724683344150933,0.46869170817013384,1.6352639317657505,0.0004984187635720047,3.141567058356598,0.187059572329123,0.18705957232946055,7.119799636018377e-05,1372.9069824566552,5.87819160008803,1.0,0.6786683759927692,0.6712340294142574,0.37918818570193463,106.1203757899447,3370.1564125647556,,,,,
89,3555.5478933897643,0.4854034111870657,147.26293153509562,5147.414529035096,752.3965805748189,-0.21599514053164795,0.5552552981149022,1.72923210062539,0.0,3.7126912446240063,0.187059572329123,0.18705957233084053,6.574827378701119e-05,5652.070515643123,5.9080125000327826,1.0,0.6786683759927692,0.6712340294142574,0.4854034111870657,99.9426945888577,3455.1197953897195,,,,,
90,3326.825974878535,0.6536274280537084,142.57515691384685,5043.975781119536,698.2450254740775,-0.371629157399237,0.6194305548565832,1.8445466470117102,7.381453184018144e-05,3.732122748073054,0.187059572329123,0.1870595723305393,6.468464217362769e-05,6517.490663202602,5.946026300080121,1.0,0.6516446341675638,0.6410149754454878,0.6536274280537084,92.90833596850673,3233.2640114819746,0.24639019442244564,1.7829356953597717,3.6855545533772194,0.138193539488662,0.06685295003886689
91,3314.103237934502,0.9070958358765356,138.85808745661845,5027.511271881059,700.6452039317522,-0.5515718208780153,0.7408014053747927,1.9576169141605484,0.00012973913224314376,3.699883287896727,0.187059572329123,0.18705957232966447,6.427378373034288e-05,4729.061490352462,5.974359099986032,1.0,0.6516446341675638,0.6410149754454878,0.9070958358765356,90.48612760187571,3222.71001449675,,,,,
92,3314.349756802703,1.064353489337878,135.89780314633705,5030.659895046597,699.3430742280491,-0.48467571187052944,0.8237484935631081,2.073680339962787,2.0325069146377717e-05,3.194095092152321,0.187059572329123,0.18705957232981235,5.296314616164135e-05,7010.334546644183,6.00320230005309,1.0,0.6516446341675638,0.6410149754454878,1.064353489337878,88.55707421547041,3224.7283290978944,,,,,
93,3281.8103770796542,0.875386122365842,134.05886489458416,4982.061844603069,708.8525280488158,-0.4321024821943534,0.6984283189643244,2.198354940695642,0.00048684662960984254,3.404414228040571,0.187059572329123,0.18705957232944986,4.730968676740301e-05,6888.895103981744,6.031498800031841,1.0,0.6516446341675638,0.6410149754454878,0.875386122365842,87.35873997115016,3193.5762509861383,,,,,
94,3324.693199646591,1.0784838853722962,132.14902928709688,5050.584828639699,708.8006403053524,-0.4417547123322603,0.7974290627936677,2.295607987835996,8.724705124869836e-05,3.555120339485759,0.187059572329123,0.18705957232993092,4.344980365623717e-05,11708.864534044442,6.0599394999444485,1.0,0.6516446341675638,0.6410149754454878,1.0784838853722962,86.11420584538892,3237.5005099158298,,,,,
95,3277.802138294564,0.7879815401181038,132.54444242158817,4977.484776926276,699.4604565808305,-0.2883512901838165,0.6380598822080262,2.438043144302966,0.00035469692168493133,3.7295077692295546,0.187059572329123,0.1870595723299548,4.079278734581758e-05,14491.403667995884,6.088174399919808,1.0,0.6516446341675638,0.6410149754454878,0.7879815401181038,86.37187469275955,3190.6422820616863,,,,,
96,3263.221771533089,0.8351047502889625,133.2304406589023,4953.9681390637,702.4249509406292,-0.31866482850316386,0.6685463829547031,2.5846816767702085,0.0,3.7337717805151547,0.187059572329123,0.18705957233029616,3.732243765381341e-05,17669.86987841319,6.115690900012851,1.0,0.6516446341675638,0.6410149754454878,0.8351047502889625,86.8189017631537,3175.5677650196462,,,,,
97,3266.9226290252454,1.3155617684105865,133.78573513996665,4958.427544716555,695.6431120006293,-0.5509953697371603,0.8427705065604456,2.7211580450934747,0.0013058157180323576,3.675790857009942,0.187059572329123,0.18705957232930212,3.4093383192536486e-05,15675.122006075027,6.152442099992186,1.0,0.6516446341675638,0.6410149754454878,1.3155617684105865,87.18075643212215,3178.426310824713,,,,,
98,3247.1237911179683,1.1207439804607535,134.7078122802064,4926.907396960239,701.5659917813003,-0.37770235562545884,0.7591179869595063,2.8615729358702136,0.00019784446544921647,3.4398750651985135,0.187059572329123,0.1870595723295503,3.204846058939995e-05,19674.953881324698,6.190552900079638,1.0,0.6516446341675638,0.6410149754454878,1.1207439804607535,87.78162305284796,3158.2214240846597,,,,,
99,3249.9972230725734,1.1784843487198937,135.2923141851169,4930.7057544863765,694.6613086804512,-0.36702444811673596,0.7527318432175932,3.0123181934728405,0.00036960897362946915,3.2180103924000782,0.187059572329123,0.1870595723294587,2.919208828052687e-05,22018.1037094077,6.220336300088093,1.0,0.6516446341675638,0.6410149754454878,1.1784843487198937,88.16251058284361,3160.65622814101,,,,,
100,3106.567572693876,1.3091544727129425,136.05752392165957,4890.90387830882,681.1953730389645,-0.5550914576154963,0.8111855328954977,2.994384219520858,0.00020621608111212608,3.7201977007729634,0.187059572329123,0.18705957232924872,2.7811090004478068e-05,15155.769541744896,6.2591450999025255,1.0,0.6310846699773072,0.6173489963747113,1.3091544727129425,85.86381758203011,3019.394600639133,0.41305742658129846,1.717884858071412,2.463141155251458,0.2404453503624326,0.1676953940299577
101,3093.1630151944087,1.3307311187407742,135.95797195164616,4869.257599620707,687.8589243211436,-0.3935675131939334,0.8376242067469837,3.277129858999622,0.0008929144519903912,3.680100296665788,0.187059572329123,0.18705957232918147,2.5291508675687308e-05,17039.566292805896,6.537091899896041,1.0,0.6310846699773072,0.6173489963747113,1.3307311187407742,85.8009918598886,3006.031292215779,,,,,
102,3107.930052560161,1.9837833307241886,134.7124851627782,4893.393044661326,666.6747289770045,-0.716301738292497,0.9803180922621253,3.397801241272698,0.0,3.6951772695629055,0.187059572329123,0.1870595723294356,2.379627265516339e-05,30899.96337365417,6.574001099914312,1.0,0.6310846699773072,0.6173489963747113,1.9837833307241886,85.01498424077477,3020.9312849886624,,,,,
103,3101.6252383290316,2.1329451753547604,133.55422189649195,4884.122739018623,665.3278072129186,-0.7284115018812507,1.0531344865609267,3.525582600792726,6.416090498062577e-07,3.5864684167468996,0.187059572329123,0.18705957232948564,2.2393034512249924e-05,35453.2093600388,6.608992299996316,1.0,0.6310846699773072,0.6173489963747113,2.1329451753547604,84.28402204962367,3015.208271104053,,,,,
104,3098.6163619878625,1.4392405422700931,132.5394432235718,4881.409912960722,663.9109107784793,-0.4643862786921423,0.8436513198534049,3.3869571378969967,0.00031986543037183096,3.1351045631448105,0.187059572329123,0.18705957232932444,2.0283048119306776e-05,37097.430318539686,6.644194700056687,1.0,0.6310846699773072,0.6173489963747113,1.4392405422700931,83.64361078572385,3013.5335106598686,,,,,
105,3076.1121422410765,2.353024265600325,131.995196225367,4844.033100706439,672.3574378404207,-0.6736910338510756,1.1025917295963559,3.76565501863628,0.0,3.7243135803868714,0.187059572329123,0.1870595723293174,1.8866699449476344e-05,39959.35949606614,6.678685599938035,1.0,0.6310846699773072,0.6173489963747113,2.353024265600325,83.30014484847564,2990.4589731270007,,,,,
106,3062.15160352739,2.0195801890009806,130.8622447942472,4823.117692350868,680.1879660807489,-0.6046166918465353,0.955592191885465,3.9299001905901187,0.0013392118849820736,3.7040711293798774,0.187059572329123,0.18705957232914497,1.7755161521644247e-05,27951.86827644756,6.714011600008234,1.0,0.6310846699773072,0.6173489963747113,2.0195801890009806,82.58515656846708,2977.546866769922,,,,,
107,3048.3100095044297,2.645173930864675,128.78015771067365,4801.811729917847,687.9035631399951,-0.7274909822842021,1.1434963683592527,4.039336708105466,0.000541422456988766,3.7263709402244274,0.187059572329123,0.18705957232917608,1.641585113377668e-05,38527.57170564248,6.747938100015745,1.0,0.6310846699773072,0.6173489963747113,2.645173930864675,81.27118332846605,2964.393652245099,,,,,
108,3044.6852959244093,2.085913477121422,125.47890179555367,4800.22092612236,681.8137655994942,-0.48960696769201045,0.9637131599518591,4.0068773578103505,5.188366436812558e-05,3.723698292508354,0.187059572329123,0.18705957232923387,1.5231659114542143e-05,49302.167722069586,6.782033700030297,1.0,0.6310846699773072,0.6173489963747113,2.085913477121422,79.18781132876192,2963.411571118526,,,,,
109,3047.821966960631,3.415313730543906,121.4128512354084,4807.304914246323,668.3600131762756,-1.0253311695384164,1.3177863190279728,4.257262574995058,0.0,3.3465101890593663,0.187059572329123,0.18705957232929227,1.4951918950641088e-05,58080.83997412229,6.815292600076646,1.0,0.6310846699773072,0.6173489963747113,3.415313730543906,76.6217891529016,2967.7848640771854,,,,,
110,2955.6526493219203,2.1875100717657037,117.26419932927162,4767.129272134897,680.8427773934795,-0.5333166729927292,0.9867743899863626,4.308245382141707,0.0,3.2450654390464537,0.187059572329123,0.18705957232919554,1.326340095313334e-05,50160.65610301433,6.871707800077274,1.0,0.6177346024069512,0.604352603261939,2.1875100717657037,72.43815354923709,2881.0269857009175,0.5955920218617495,1.6358673728879676,1.666359274835191,0.3640833185701899,0.35742113411926474
111,2963.9649604395963,3.290483717546226,112.00733899085141,4784.431558824025,658.3115117271003,-0.9758698352756039,1.2729134298502764,4.3504151119304195,0.00020682804568766117,3.65708330069871,0.187059572329123,0.18705957232920595,1.2549499951703553e-05,63933.59052903237,6.904671699972823,1.0,0.6177346024069512,0.604352603261939,3.290483717546226,69.19080901817419,2891.483667703876,,,,,
112,2950.3628276990753,2.1759246990114116,106.71400742889368,4769.1793706074095,665.3212097301608,-0.507987076800541,0.9617458302995501,4.500039255085025,1.8156182045220987e-05,3.607383990112738,0.187059572329123,0.1870595723291982,1.1601205394709471e-05,66213.88732254862,6.937174499966204,1.0,0.6177346024069512,0.604352603261939,2.1759246990114116,65.92093495034008,2882.2659680497236,,,,,
113,2924.025804813883,1.78350875089967,101.20940161984392,4731.876277455267,689.8944804565156,-0.2690147805176177,0.8925584443283685,4.497694600937786,0.0,2.8346823494290865,0.187059572329123,0.1870595723291738,1.079456688808319e-05,57363.90644453433,6.970605199923739,1.0,0.6177346024069512,0.604352603261939,1.78350875089967,62.520549469479725,2859.7217465935037,,,,,
114,2942.982164539044,2.8795629236447153,94.70328190499367,4768.079250205925,655.0600679055427,-0.7783733853303212,1.1663745149409988,4.704033610105331,0.00016424103945471974,2.316750505242138,0.187059572329123,0.1870595723295581,1.0103096277486436e-05,90240.46740724613,7.003174300072715,1.0,0.6177346024069512,0.604352603261939,2.8795629236447153,58.501494194214686,2881.6011074211847,,,,,
115,2929.1610096282625,3.6802413385669706,88.94664594022832,4749.769144421518,659.7632185375193,-1.024795451094949,1.3676205076323524,4.734604131372568,0.0,3.5236157702217756,0.187059572329123,0.1870595723292781,9.555064946169708e-06,93420.57302032437,7.034147100057453,1.0,0.6177346024069512,0.604352603261939,3.6802413385669706,54.9454209653188,2870.5353473243767,,,,,
116,2938.473605221954,2.7011100502617102,83.58021162541414,4772.2837476123705,658.2002804923784,-0.706981395015692,1.1604455976794592,4.8522417125383965,0.0003783962874919708,3.733713293631154,0.187059572329123,0.18705957232950587,8.9098511317741e-06,103557.9306258581,7.065642700064927,1.0,0.6177346024069512,0.604352603261939,2.7011100502617102,51.630388797514044,2884.142106374178,,,,,
117,2906.3158361083792,3.559284115369408,79.87216950509168,4721.443630290232,666.4542690621162,-0.9271820982036775,1.3432371805393626,4.804287206238242,0.00012620363005731716,3.0276046475355916,0.187059572329123,0.18705957232917853,8.415611387977183e-06,99215.1353557876,7.098018799908459,1.0,0.6177346024069512,0.604352603261939,3.559284115369408,49.33980287260842,2853.4167491204016,,,,,
118,2917.7461335766375,3.233666579701396,76.00736704451175,4744.846089614402,658.7114683066306,-0.7692546301783952,1.2359298673773753,5.023497879666424,5.697455153166886e-05,3.1325250958055455,0.187059572329123,0.1870595723293664,7.721524634845776e-06,118351.08699651339,7.130687900120392,1.0,0.6177346024069512,0.604352603261939,3.233666579701396,46.952380661240674,2867.5600863356954,,,,,
119,2928.629031511251,3.0385968970299904,73.28387048004392,4765.960196868711,671.6066559470856,-0.6614925964338937,1.2353382679803828,4.906016257506783,0.00024384751663825144,2.0484845635945987,0.187059572329123,0.18705957233009537,7.221028261103063e-06,129815.88350015426,7.163633800111711,1.0,0.6177346024069512,0.604352603261939,3.0385968970299904,45.26998259383244,2880.3204520203885,,,,,
120,2824.32053802893,3.74615096336602,72.68853737013686,4745.491559675219,641.2578867089524,-0.8426619206601196,1.3346295616524402,5.220804552720087,0.00020701679459309702,3.7322320607340083,0.187059572329123,0.18705957232967899,6.741030558332197e-06,138340.44548933313,7.207715099910274,1.0,0.6169563023720773,0.5849191176340056,3.74615096336602,44.8456512407142,2775.72873582485,0.8627569312073526,1.4327497793111492,4.000117618945929,0.6021686017094743,0.21568289070327332
121,2810.582968618447,5.073095000009137,73.51898416961978,4718.860761733684,633.3878061004368,-1.1599452978202671,1.6193685974852432,5.326394038887071,2.653971838254346e-05,3.7338963584462523,0.187059572329123,0.18705957232918483,6.323840345050788e-06,139076.73952823348,7.239606000017375,1.0,0.6169563023720773,0.5849191176340056,5.073095000009137,45.35800062743991,2760.151872990998,,,,,
122,2847.311848289661,4.57418377394149,74.89408498455752,4781.056393037826,699.6377725822624,-1.034855910465298,1.535079860461451,5.481626650181704,0.0010839824780981278,3.65511024007367,0.187059572329123,0.1870595723292246,5.936303299980669e-06,154720.9586186236,7.272079299902543,1.0,0.6169563023720773,0.5849191176340056,4.57418377394149,46.20637774161273,2796.531286774107,,,,,
123,2764.962400883681,3.526199017959556,79.36790291573578,4637.34145829893,664.999211571319,-0.7094230151053131,1.2042259284340062,5.484617559599927,1.318554161336416e-05,3.4810840091222484,0.187059572329123,0.18705957232914358,5.512435953407586e-06,103124.60765610643,7.305554700084031,1.0,0.6169563023720773,0.5849191176340056,3.526199017959556,48.96652790991836,2712.469673955803,,,,,
124,2771.858163090288,3.724712798312277,81.9409280060825,4646.077374473585,646.2884263368297,-0.7441027928095972,1.2469349771356786,5.58377274043285,0.0,3.3991639403935574,0.187059572329123,0.18705957232915504,5.1548454060288e-06,164029.30889684198,7.338344400050119,1.0,0.6169563023720773,0.5849191176340056,3.724712798312277,50.55397195556925,2717.5794783364067,,,,,
125,2775.6424568858115,3.5033122913654915,83.28499588120687,4651.507976860023,632.9302668134723,-0.6587980315346207,1.2197569277785487,5.812614163408632,0.002248686699432012,3.321373672249074,0.187059572329123,0.1870595723291292,4.833571671845855e-06,176692.56135059218,7.372563400072977,1.0,0.6169563023720773,0.5849191176340056,3.5033122913654915,51.38320310194308,2720.755941492503,,,,,
126,2774.932126660404,5.367147409509267,84.1068921737674,4646.240172563239,627.0581426109054,-1.2629291210280678,1.55394401187684,5.985735107880939,8.857085508869739e-05,3.4363261983323423,0.187059572329123,0.18705957232917916,4.614282681196855e-06,202312.22162548016,7.405960400123149,1.0,0.6169563023720773,0.5849191176340056,5.367147409509267,51.890277199534545,2717.67470205136,,,,,
127,2768.2328646497695,6.5135401221182745,84.55227375094006,4632.357166435679,626.1283751222621,-1.3732415557169868,1.7879613775068741,6.114549630381463,0.0003368127527126341,3.4746388237226062,0.187059572329123,0.18705957232916787,4.2266840333987184e-06,215870.19640702012,7.438638800056651,1.0,0.6169563023720773,0.5849191176340056,6.5135401221182745,52.16505817053163,2709.5542663571196,,,,,
128,2750.8489696785155,4.395195583617327,84.4673757571472,4606.348148057273,642.5077855357781,-0.9737844644408071,1.4542638971037418,6.172835242508967,0.0003997064641879239,3.587672716614179,0.187059572329123,0.1870595723291375,3.978060991631401e-06,214654.64059542527,7.47203730000183,1.0,0.6169563023720773,0.5849191176340056,4.395195583617327,52.11267981820238,2694.341094276696,,,,,
129,2789.7380929147166,6.160077491815156,83.24751414942189,4671.103840755646,633.33245267757,-1.313766560399902,1.7389720676780995,6.323044401590637,0.0001405594875254143,3.7336211297009205,0.187059572329123,0.1870595723291929,3.749246895356522e-06,249581.19067910264,7.504949500085786,1.0,0.6169563023720773,0.5849191176340056,6.160077491815156,51.36007851129452,2732.217936911607,,,,,
130,2776.663810247005,7.666599466935154,83.86813142056663,4609.685513804513,625.8055672488791,-1.535858639585649,1.907616192485696,6.441933671876203,0.00034443825425641006,3.427797276675931,0.187059572329123,0.18705957232914816,3.6804212781805767e-06,260207.07419566292,7.547293199924752,1.0,0.6407895260596435,0.589032675323353,7.666599466935154,53.74182018449278,2715.2553905955774,1.6891103231228588,1.5445119185741076,2.531677087445323,1.0936207761234011,0.6671902714209553
131,2763.3345258050836,3.5047588027905205,83.95553100529014,4594.0268773609805,635.7176658304768,-0.6215693261794318,1.1743713870365697,5.975291839271096,6.055967237363763e-05,3.7255160278369615,0.187059572329123,0.18705957232914894,3.2667766369079674e-06,277367.889151433,7.579793100012466,1.0,0.6407895260596435,0.589032675323353,3.5047588027905205,53.79782492296557,2706.0319420793276,,,,,
132,2778.156945666723,6.179870984873823,83.31137164570406,4615.350105725854,619.0974615412341,-1.2794863508260397,1.6691349601901497,6.566154684173058,1.6712463871138006e-07,3.728836831097183,0.187059572329123,0.18705957232931492,3.1116369444297915e-06,307257.6780726955,7.613346399972215,1.0,0.6407895260596435,0.589032675323353,6.179870984873823,53.385054352229524,2718.5920203296196,,,,,
133,2761.167747495774,7.514335819782271,83.22758005630756,4584.333201234144,622.6755966494387,-1.5227642931176721,1.8796278580190116,6.745474142816924,0.0,3.5163943291292297,0.187059572329123,0.1870595723291729,2.8934404714157272e-06,323550.43352203164,7.644486000062898,1.0,0.6407895260596435,0.589032675323353,7.514335819782271,53.331361579372356,2700.3220500966195,,,,,
134,2750.540356395344,7.6952393260481236,82.67980756709747,4566.579877571402,628.079170978153,-1.4142373148475964,1.8772499815607504,6.857955371214093,0.00013602869465654394,3.7204072898980542,0.187059572329123,0.18705957232915138,2.7102413140906343e-06,341659.4125443133,7.673964499961585,1.0,0.6407895260596435,0.589032675323353,7.6952393260481236,52.98035470562291,2689.864762363673,,,,,
135,2765.9094049031805,6.55123747877628,81.34336709711067,4596.067931694959,617.9266937668128,-1.1069018797329189,1.6862256619689635,6.692160903486099,0.00027521675672945167,3.6129661676360123,0.187059572329123,0.1870595723292256,2.5280901755124295e-06,370272.44049547554,7.701304000103846,1.0,0.6407895260596435,0.589032675323353,6.55123747877628,52.123977650253146,2707.234189774151,,,,,
136,2762.610841601722,5.4668480526309855,80.93357383480712,4592.754732399337,621.7311316558208,-1.0546947552479984,1.613531289367932,6.381477476711919,4.341165173442352e-06,3.5487061947261385,0.187059572329123,0.18705957232916043,2.386051494492783e-06,391368.5738156045,7.728683700086549,1.0,0.6407895260596435,0.589032675323353,5.4668480526309855,51.861386419919214,2705.2826071291715,,,,,
137,2738.3742891826823,6.8483001799485494,81.60559333888725,4548.53201149242,618.7789228524978,-1.3678971006864529,1.7843079843506136,7.126950034936542,0.00023720301906421382,3.700145439236804,0.187059572329123,0.18705957232918838,2.2452203406054073e-06,419491.7426478089,7.761617300100625,1.0,0.6407895260596435,0.589032675323353,6.8483001799485494,52.29200947944155,2679.2339795232924,,,,,
138,2721.447798129767,5.796143763552944,81.82568575955789,4521.342743009717,637.1627015492113,-1.0527083524823198,1.6374921880444009,7.188396743002318,0.0,3.583122166673043,0.187059572329123,0.18705957232913845,2.1060984174766633e-06,435444.9241438576,7.789896799949929,1.0,0.6407895260596435,0.589032675323353,5.796143763552944,52.43304239737241,2663.2186119688413,,,,,
139,2720.5466146013628,6.508358446867675,80.75544951456294,4519.76795425117,629.4202172832253,-1.1956377665885354,1.6028834971609203,7.262503060141086,0.0008741317647094834,3.623192979163566,0.187059572329123,0.18705957232912734,1.9714020862668874e-06,447563.96824590064,7.818405600031838,1.0,0.6407895260596435,0.589032675323353,6.508358446867675,51.74724622117025,2662.291009933325,,,,,
140,2724.6420527989526,6.317518437009318,78.77053007370375,4509.558617548766,630.7303872568955,-1.1151846868146147,1.6260673734605182,7.329772828734873,0.0004007769771161157,3.669632622810102,0.187059572329123,0.18705957232914036,1.8491005365248877e-06,500708.56380505307,7.87662209989503,1.0,0.6508827047114173,0.5914224395082226,6.317518437009318,51.270375665924334,2667.054158696019,1.31103819217076,1.5558456897371082,2.058700742641311,0.8426530990951208,0.6368279590207458
141,2732.2488523148536,8.334366886163748,76.01653779312211,4522.0411960204665,615.3420269320183,-1.3516462114456327,1.9213229389763675,7.543149569524854,0.0006440998143688731,3.6132572734416097,0.187059572329123,0.1870595723291324,1.7288867388229391e-06,528049.8082572642,7.907595399999991,1.0,0.6508827047114173,0.5914224395082226,8.334366886163748,49.477849721584995,2674.436635707105,,,,,
142,2759.6850955220093,6.446264571811587,73.48857464569039,4574.4060556258455,661.0107704980167,-1.1749405936507555,1.7235236465051056,7.6538030690760674,5.9166031056635815e-05,3.7078135986274923,0.187059572329123,0.18705957232977968,1.640183402551019e-06,579780.9130900076,7.939030200010166,1.0,0.6508827047114173,0.5914224395082226,6.446264571811587,47.83244223077385,2705.406388719424,,,,,
143,2734.391179836409,7.280745395921756,73.95810543159467,4529.710413033106,617.9048262023074,-1.3045159079309854,1.8471719689718336,7.763787630609431,6.53625017909415e-05,2.608497376465919,0.187059572329123,0.18705957232937145,1.5341127845486728e-06,615150.5207688774,7.969841100042686,1.0,0.6508827047114173,0.5914224395082226,7.280745395921756,48.1380516986485,2678.9723827418384,,,,,
144,2708.2752303912675,8.927531517669149,75.48312973488183,4481.089756140085,622.4315994467106,-1.5782146262291925,1.998441238428731,7.814359583767713,0.0015092979434846998,3.63707444685995,0.187059572329123,0.1870595723291248,1.4325267233086492e-06,612355.9054402532,7.999999700114131,1.0,0.6508827047114173,0.5914224395082226,8.927531517669149,49.130663641922695,2650.2170352316757,,,,,
145,2693.5923333208293,6.297067008332488,76.00330973206802,4460.13855798313,638.4931222414109,-0.9115044263625661,1.595030863952417,7.538060219862767,0.00012325203720157246,2.6361052243292127,0.187059572329123,0.18705957232913034,1.3457417098522624e-06,673001.4521240859,8.030198599910364,1.0,0.6508827047114173,0.5914224395082226,6.297067008332488,49.46923980542802,2637.826026507069,,,,,
146,2715.7739614242996,7.362955975453706,75.06185515703406,4496.877974997097,610.9950316994382,-1.1801121652744824,1.779419104207187,8.103098960690929,0.001005116970210801,3.730915657936984,0.187059572329123,0.18705957232913195,1.2651280037396351e-06,727393.309967606,8.058584700105712,1.0,0.6508827047114173,0.5914224395082226,7.362955975453706,48.85646330526698,2659.554542143579,,,,,
147,2732.8841264492935,9.500313667626823,74.99760652498684,4522.265286423269,642.9404610265965,-1.5002142855022935,2.081805108840365,8.144370821253265,0.001124385570051914,2.6812199189780577,0.187059572329123,0.18705957232913661,1.191552530428479e-06,776985.3488056328,8.086044500116259,1.0,0.6508827047114173,0.5914224395082226,9.500313667626823,48.81464498186607,2674.5691677998007,,,,,
148,2690.6474442161625,8.360218612699146,77.3720420669773,4450.164426940502,616.8262411553582,-1.2836131049765782,1.8211448177062621,8.293938678471957,0.00019413590623520993,3.4044476676178403,0.187059572329123,0.1870595723291298,1.1217626270666935e-06,818625.2905374705,8.114542199997231,1.0,0.6508827047114173,0.5914224395082226,8.360218612699146,50.360124009599744,2631.9271015938634,,,,,
149,2670.0555312153383,6.422582644102584,78.74128872386477,4417.1161442004495,645.1747049653834,-0.9590624484895313,1.4626668222189976,8.252181017336282,0.00012106895386344851,3.6560301177802947,0.187059572329123,0.18705957232912732,1.0491696700646692e-06,848584.7744361813,8.143537200056016,1.0,0.6508827047114173,0.5914224395082226,6.422582644102584,51.25134297705173,2612.381605594184,,,,,
150,2688.3642239773926,6.00440552333057,78.18898501816604,4435.375461356016,617.5170213992287,-0.793574760615706,1.5254583255540377,7.636845824330555,0.00012524477272526924,2.7931835634984905,0.187059572329123,0.1870595723291332,9.857900086860771e-07,935216.7847324123,8.183591600041837,1.0,0.666168344042112,0.5930214509907646,6.00440552333057,52.08702667188518,2630.2727917821767,1.528339745496796,1.5976865449986202,2.451609242479576,0.9565954913253124,0.623402669159063
151,2683.2772744311956,13.272172197384021,76.99221543883783,4415.88634137211,617.8744959342313,-2.13137362018556,2.485903790376233,8.394024580992873,0.0026355258861442687,3.7338235487638625,0.187059572329123,0.18705957232912332,9.256362061744667e-07,912378.775449922,8.453984800027683,1.0,0.666168344042112,0.5930214509907646,13.272172197384021,51.28977666302413,2618.7153255707876,,,,,
152,2695.7367596473064,6.435652884813983,74.76498299516888,4450.926753894725,609.9455894363006,-0.9307944951063655,1.6068927905267862,8.753657914144803,3.952271113084882e-06,3.284800173701745,0.187059572329123,0.1870595723293894,8.702621069732562e-07,1071073.4180320527,8.488120699999854,1.0,0.666168344042112,0.5930214509907646,6.435652884813983,49.806064914228315,2639.495041848264,,,,,
153,2669.966876848278,7.985090822085988,73.67911289959609,4406.0785474623035,616.789764566418,-1.025618981491647,1.7509941102442872,8.750384384067761,0.0,3.6024901825180318,0.187059572329123,0.18705957232912984,8.16856226537748e-07,1120203.4784960398,8.520806800108403,1.0,0.666168344042112,0.5930214509907646,7.985090822085988,49.08269263081574,2612.899093395376,,,,,
154,2649.59418895986,6.6153070204859326,71.8739368670794,4376.062174650169,647.5198413216572,-0.8902142892016219,1.4956938833750486,8.491742666628692,0.00010021415862124239,3.7062329347175975,0.187059572329123,0.18705957232912623,7.684304589049351e-07,1159137.3805824,8.552225599996746,1.0,0.666168344042112,0.5930214509907646,6.6153070204859326,47.88014150252958,2595.0987404368443,,,,,
155,2703.0820140266405,10.693480551566251,68.40443817676766,4463.278112027259,662.5923416520936,-1.5398402960012871,2.112787060449355,8.80340385781659,0.0001239506880033464,3.7319780973113432,0.187059572329123,0.18705957233224968,7.215041400054048e-07,1290753.7941917155,8.583848000038415,1.0,0.666168344042112,0.5930214509907646,10.693480551566251,45.56887130534834,2646.819662169726,,,,,
156,2638.872386871088,8.030303492766773,68.34085875732427,4359.565007893451,642.6919905523719,-1.027131451160695,1.6137438067371983,9.095548762481638,0.00014898777086291837,3.601300383570813,0.187059572329123,0.18705957232912548,6.781025870524233e-07,1296506.0807416462,8.615590899949893,1.0,0.666168344042112,0.5930214509907646,8.030303492766773,45.52651670878258,2585.315566669539,,,,,
157,2661.3906358843606,4.7188783991161944,66.56137297324928,4405.120039941301,611.5416586227409,-0.6270528981809851,1.3270621810210503,8.03597367087507,0.0,3.500294690997084,0.187059572329123,0.18705957233304085,6.377744404476388e-07,1457875.9544541987,8.647744500078261,1.0,0.666168344042112,0.5930214509907646,4.7188783991161944,44.34107961075886,2612.3306778744854,,,,,
158,2656.4102957327905,6.424235703856086,65.9833333369164,4394.495423009726,607.0319405503706,-0.7957579136961302,1.543220010778734,9.182280956665533,0.0001535965071074591,3.519377106220184,0.187059572329123,0.18705957233012038,5.992045113050163e-07,1544427.2391560127,8.679649000056088,1.0,0.666168344042112,0.5930214509907646,6.424235703856086,43.95600790343229,2606.030052125502,,,,,
159,2635.067768455443,12.37786802656726,66.37037356482809,4348.031684637819,613.2484330610095,-1.6678622529526357,2.250229837165179,9.209582849291413,2.7749703074547022e-05,3.6637314352140624,0.187059572329123,0.18705957232915862,5.635663510193988e-07,1630019.5823097767,8.711895100073889,1.0,0.666168344042112,0.5930214509907646,12.37786802656726,44.21384185113789,2578.476058577738,,,,,
160,2746.0590063813797,8.321427233128254,65.68348482668384,4383.384891777521,625.6210949117783,-1.072930335384344,1.871387764916851,9.153057818347971,0.00026036860220773894,3.7313645549894345,0.187059572329123,0.18705957232939588,5.303469767176857e-07,1738101.3573034056,8.755298000061885,1.0,0.7555386893558392,0.6132500867428754,8.321427233128254,49.62641403827686,2688.1111651099745,3.8330161940468312,1.562216685040389,3.842260033746143,2.4535752503166575,0.9975941660329795
161,2702.409798784862,8.322783429627304,66.18875742066562,4311.583325437257,682.5969722734748,-1.127771417551864,1.6682842739385038,9.555707550139104,0.00012895902302068746,3.0782679252095337,0.187059572329123,0.18705957232912437,4.982434144976611e-07,1192956.2957918362,8.788012800039724,1.0,0.7555386893558392,0.6132500867428754,8.322783429627304,50.008167031701284,2644.0788483235333,,,,,
162,2735.3843555240783,9.497778881497378,64.28709413066505,4365.780368691822,619.5095896355105,-1.3122426396412348,1.940708086893175,9.50369382845814,0.0,1.6680859905792367,0.187059572329123,0.18705957233083434,4.681683912639206e-07,1968844.3383336382,8.820443599950522,1.0,0.7555386893558392,0.6132500867428754,9.497778881497378,48.57138684197814,2677.3151898006026,,,,,
163,2697.0646812189143,9.585954036222526,63.447386651015414,4304.184913937146,660.1479652256436,-1.2993518299295572,1.918011414857479,9.593363882797298,0.00016163570752487227,2.968985654936557,0.187059572329123,0.1870595723291251,4.3995090981159746e-07,2036845.9207067147,8.861676699947566,1.0,0.7555386893558392,0.6132500867428754,9.585954036222526,47.936955353361355,2639.5417718293306,,,,,
164,2695.8626121925486,7.947319308605956,60.850975659976214,4308.0956425457425,642.6671489934082,-0.9236341282514263,1.5890368654674645,9.75196721357563,7.50473253319367e-05,3.6703934733998955,0.187059572329123,0.18705957232913634,4.137541802896413e-07,2199918.7959110728,8.894421299919486,1.0,0.7555386893558392,0.6132500867428754,7.947319308605956,45.9752663961625,2641.94002648778,,,,,
165,2692.449751444646,12.412712893163738,57.26850218118002,4299.662611507612,639.2956396496196,-1.6453441904608508,2.1670831394665417,9.782978737163113,0.00010082323823629863,3.659301863983368,0.187059572329123,0.18705957232913112,3.8907173497105913e-07,2333250.829815239,8.926971900044009,1.0,0.7555386893558392,0.6132500867428754,12.412712893163738,43.26856907934077,2636.7684694721415,,,,,
166,2668.8033661391537,9.183459457546265,52.80032656780537,4271.87418931,668.3341755645018,-1.1665791876708442,1.8020676095532902,9.810022570425758,0.0001719770604590512,2.746557712859405,0.187059572329123,0.18705957232912399,3.6498399514123254e-07,2095478.7608284156,8.960930600063875,1.0,0.7555386893558392,0.6132500867428754,9.183459457546265,39.89268953259997,2619.7272171490076,,,,,
167,2679.5481617778423,10.37984275278974,47.09287208242738,4294.476085868226,623.5922890023968,-1.251210707770719,1.9067585293611395,9.839760590860562,0.00016430809868030888,2.7210638193523633,0.187059572329123,0.1870595723292165,3.4339830364098964e-07,2649377.3892021677,8.991464599967003,1.0,0.7555386893558392,0.6132500867428754,10.37984275278974,35.58048685115937,2633.5878321738933,,,,,
168,2745.5848292509313,9.270696733265622,41.769118945544115,4410.526807260047,859.7968736359428,-1.064926312209731,1.8733052612462553,9.950789428336392,0.0007083317577443321,3.4913407478843426,0.187059572329123,0.18705957233808895,3.2209621454043956e-07,2834383.1359032444,9.023262900067493,1.0,0.7555386893558392,0.6132500867428754,9.270696733265622,31.558185383664554,2704.755947134001,,,,,
169,2655.3760184952207,9.625676389115783,42.07471929610427,4262.471902315601,644.7632244407549,-1.0552439560580682,1.7968911256991555,9.87679644549123,0.0025369383251680894,3.3937460671592294,0.187059572329123,0.18705957232912312,3.0274535733898764e-07,2814624.281356396,9.059650599956512,1.0,0.7555386893558392,0.6132500867428754,9.625676389115783,31.789078271993457,2613.9612638341114,,,,,
170,2820.358014652955,14.977699977715616,41.27721322191806,4264.621868639767,664.255758815552,-2.050298145038123,2.5858914496993437,10.118728215183541,0.0002549106627563538,3.3477942789953494,0.187059572329123,0.1870595723291279,2.8506572003842664e-07,3152034.675937847,9.105782900005579,1.0,0.8270930412828409,0.6498208526374579,14.977699977715616,34.1400958193965,2771.2402188558426,2.938600722438101,1.3438974420491394,2.1853769066341058,2.1866257278958727,1.344665404634527
171,2800.064660834043,12.397675519342904,39.77018329509145,4239.281230018798,689.0414817889208,-1.6035695176248725,2.1818667805778604,10.154668771942909,0.0008034449836391011,3.548257634837578,0.187059572329123,0.18705957232912349,2.673332492883435e-07,3213692.3256561337,9.140483299968764,1.0,0.8270930412828409,0.6498208526374579,12.397675519342904,32.89364185391322,2754.7733434607867,,,,,
172,2854.165568782886,13.159283447481279,37.111359409078844,4324.748469996411,743.1642253801461,-1.9621670414929524,2.5165349457114727,9.910102681239739,6.782664640635205e-05,3.3845705470914624,0.187059572329123,0.1870595723335211,2.5420523081272447e-07,3615863.552943984,9.176138299982995,1.0,0.8270930412828409,0.6498208526374579,13.159283447481279,30.694547119795594,2810.3117382156092,,,,,
173,2881.7315331941877,7.934778786141863,37.41312478663277,4374.825165591344,894.1118524007343,-0.8740863601396113,1.6332509566267628,10.254293245337369,0.0,3.200762867634869,0.187059572329123,0.18705957284441696,2.3535714011300747e-07,3868884.0949984794,9.210104000056162,1.0,0.8270930412828409,0.6498208526374579,7.934778786141863,30.944135163670538,2842.852619244375,,,,,
174,2905.4066885784287,7.384168575396413,42.05496907364182,4406.197702196993,1044.900364866463,-0.9718835937625238,1.5610269307848068,10.474879489315406,0.00023586287785306442,3.7081172334546064,0.187059572329123,0.1870595725897223,2.2131653991728717e-07,4110603.2501906143,9.244408899918199,1.0,0.8270930412828409,0.6498208526374579,7.384168575396413,34.78337227217423,2863.239147730858,,,,,
175,2794.182005898469,8.281368975132352,51.9273466403727,4221.089364448459,668.9321703750306,-0.8281119609503158,1.7487378595083267,10.026973984002595,6.883196475075681e-05,3.379420658607282,0.187059572329123,0.18705957232915651,2.07616986656672e-07,4317684.86925759,9.278688099933788,1.0,0.8270930412828409,0.6498208526374579,8.281368975132352,42.94874705853417,2742.9518898648025,,,,,
176,2844.484773688609,17.388813708039276,60.54361611718583,4273.517455041221,663.5235691617285,-2.252232361662128,2.7965718168209848,10.807461227897585,0.0016139527629008901,3.6358208312637035,0.187059572329123,0.18705957232912782,1.9488782042015637e-07,4564320.5910006445,9.312961800023913,1.0,0.8270930412828409,0.6498208526374579,17.388813708039276,50.07520358462405,2777.0207563959457,,,,,
177,2813.356497908435,8.180159700062452,70.53083909383628,4227.0739094464125,634.029011857469,-0.9457923577506773,1.6931103020040623,10.757117340740193,0.0004918480697968797,3.576152746571171,0.187059572329123,0.18705957232954454,1.8286117516922017e-07,4906874.740582935,9.34517899993807,1.0,0.8270930412828409,0.6498208526374579,8.180159700062452,58.335566210351736,2746.8407719980205,,,,,
178,2793.9968252161743,11.36263867394929,79.98458161467526,4180.351376311343,696.206523771048,-1.1500545274802587,1.8788308821855624,11.22573697925786,0.000784578886852641,3.1086391805602553,0.187059572329123,0.18705957232912335,1.7174030339204985e-07,5083189.003937966,9.378573399968445,1.0,0.8270930412828409,0.6498208526374579,11.36263867394929,66.15469086341736,2716.479495678808,,,,,
179,2785.892574543894,8.707037182881553,86.56021592874997,4163.597050068633,712.6610351803969,-0.8254826156566172,1.5435943718280605,11.342113292807824,0.0017917726502182305,3.733764987552245,0.187059572329123,0.18705957232912307,1.6124040681729955e-07,2924474.2510466515,9.411394600057974,1.0,0.8270930412828409,0.6498208526374579,8.707037182881553,71.59335224660921,2705.5921851144035,,,,,
180,3011.0560577262454,15.090785938261261,90.07080055825669,4165.370168132662,735.9194759570871,-1.6958889601283738,2.333835725192964,11.084950545231393,0.00011680933502861146,2.7430721957604005,0.187059572329123,0.1870595723291239,1.5119473696688419e-07,5833835.312873191,9.455144899897277,1.0,0.8512142006421408,0.7008490504934672,15.090785938261261,76.66954449839416,2919.29572728959,2.419432096195155,1.8475770239396627,1.448427980224621,1.3095162284688422,1.6703848097576461
181,3048.879033600228,13.677193848210463,91.01804598016784,4220.204028836833,673.7038610688493,-1.6765178367834872,2.3256647815206604,11.141072581545854,1.5451384026515108e-05,2.9024208248519026,0.187059572329123,0.18705957233189136,1.4200487746977753e-07,6310451.844958957,9.48808960011229,1.0,0.8512142006421408,0.7008490504934672,13.677193848210463,77.47585325301819,2957.725986498999,,,,,
182,3014.202752674181,13.784294634899034,93.02070862085318,4168.141353477722,689.2285314510557,-1.5074975834879643,2.2364145074833033,11.691764690501333,0.0002283355518584232,3.4606820122052255,0.187059572329123,0.18705957232929812,1.3302772419950503e-07,6693497.715793223,9.521195499924943,1.0,0.8512142006421408,0.7008490504934672,13.784294634899034,79.18054813186504,2921.237909907417,,,,,
183,3012.9101301573783,6.40700787736758,93.60031637910883,4176.119239560556,677.2150030732927,-0.6149993212339154,1.4655430240188079,11.212475493485034,1.2968999259302394e-06,3.0428375708946565,0.187059572329123,0.1870595723293026,1.2464651047441194e-07,7132178.145459117,9.55210500000976,1.0,0.8512142006421408,0.7008490504934672,6.40700787736758,79.6739184864946,2926.829203793516,,,,,
184,2995.0107258919697,16.081757856295354,93.70324163710612,4136.650304465229,733.8624261220556,-1.7192286276550632,2.513517865358643,11.343039622468288,7.708445664094538e-06,3.0000305018907563,0.187059572329123,0.18705957232912387,1.1676762140388505e-07,7515628.132852792,9.581766499904916,1.0,0.8512142006421408,0.7008490504934672,16.081757856295354,79.76152992770665,2899.167438107968,,,,,
185,3008.6360875672462,14.054462001581571,91.41606844747126,4161.7620340394415,661.9197935438685,-1.4406704899674476,2.213227810167164,11.97125482063634,0.0,3.5811220385528975,0.187059572329123,0.18705957233305212,1.0941445006907892e-07,8126845.79560451,9.61193919996731,1.0,0.8512142006421408,0.7008490504934672,14.054462001581571,77.81465562936148,2916.766969936303,,,,,
186,3008.073849435834,17.24403398117424,89.25613330948381,4159.032141421712,658.0178147368744,-2.1032965157269206,2.671597128483804,11.382176863946688,0.00030395051285491553,3.733800446322164,0.187059572329123,0.1870595723292444,1.0252619390907538e-07,8620231.97155373,9.639397900085896,1.0,0.8512142006421408,0.7008490504934672,17.24403398117424,75.97608816744062,2914.853727287219,,,,,
187,2966.188419839016,20.195616618970163,87.48187599946188,4097.211783405641,761.2860589897396,-1.9309093847320218,2.619481674859033,12.119447485680848,0.0007496835120053835,3.6625787858890213,0.187059572329123,0.1870595723291231,9.597627909498612e-08,5859018.60624273,9.669465499930084,1.0,0.8512142006421408,0.7008490504934672,20.195616618970163,74.46581514955683,2871.526988070489,,,,,
188,2967.3121251647735,14.367362209797484,83.03305570715312,4112.534424902105,696.4006019919879,-1.492461200354793,2.2426297598802383,11.988921834149007,9.93867778079291e-05,3.5219382638204073,0.187059572329123,0.18705957232932757,8.983351438315393e-08,9804142.018188206,9.69896909990348,1.0,0.8512142006421408,0.7008490504934672,14.367362209797484,70.67891614063869,2882.2658468143372,,,,,
189,2940.2343590099194,10.910910163899462,77.59391772151633,4085.4366602651144,748.4139694047141,-1.0226790313834675,1.7779075132111772,12.055916889551318,4.118744391960402e-05,3.465586068020321,0.187059572329123,0.18705957232912337,8.416434358092063e-08,10258292.221959114,9.728269299957901,1.0,0.8512142006421408,0.7008490504934672,10.910910163899462,66.04904464801257,2863.2744041980072,,,,,
190,3312.4581905892574,18.64266723838732,70.44402893352571,4081.2577574118577,824.8372452678233,-2.01052115908372,2.590487318084547,12.268332979070244,0.0,2.6216058514862404,0.187059572329123,0.18705957232912337,7.872116732114966e-08,10929004.529750835,9.765425800113007,1.0,0.9092433698978613,0.7913650519202526,18.64266723838732,64.05076625670137,3229.7647570941685,3.5637121105276175,1.7714068928994473,1.4191446288058618,2.0117975857565487,2.511169079029176
191,3336.4450057515155,11.877509195880565,61.957643321093784,4129.867641009727,780.6378582427369,-1.2186042589381743,1.99644847816982,12.26597269235019,0.0008397063878091554,3.710840216099083,0.187059572329123,0.1870595723304163,7.361519441876977e-08,11908240.087078977,9.794642799999565,1.0,0.9092433698978613,0.7913650519202526,11.877509195880565,56.33457640420103,3268.232920151434,,,,,
192,3337.6079807847877,11.789745838475335,56.40048590256883,4137.833050795835,825.6382748121235,-1.1618467989165726,1.9962856562875788,12.29784673828727,0.001220502478010338,3.646008174113663,0.187059572329123,0.18705957232944403,6.879248039962803e-08,12689339.54339882,9.822739999974146,1.0,0.9092433698978613,0.7913650519202526,11.789745838475335,51.2817678659285,3274.5364670803838,,,,,
193,3267.456219470485,15.25129394305671,54.1458538836411,4047.4028504344906,832.6119078424549,-1.4631702235456199,2.2347364167410477,12.067574371706973,0.00012149957105321574,3.5838748733811077,0.187059572329123,0.18705957232912318,6.425058821822133e-08,12271308.697949663,9.865980200003833,1.0,0.9092433698978613,0.7913650519202526,15.25129394305671,49.23175865115903,3202.9731668762693,,,,,
194,3256.942412610435,8.47447017859625,50.10652089555693,4047.32166621084,809.9423024521896,-0.9041334166079124,1.6459130199202965,10.493426273620917,0.0,3.4699792726816017,0.187059572329123,0.18705957232912349,5.990972371033128e-08,14326098.70959086,9.897715999977663,1.0,0.9092433698978613,0.7913650519202526,8.47447017859625,45.55902191293379,3202.908920518905,,,,,
195,3320.0836753006574,4.209512106282995,45.157069015627286,4138.1855183540565,877.7513952629668,-0.17454550926059345,1.21041754353744,10.119484600666551,0.00027130723679665014,3.7335079476287207,0.187059572329123,0.18705957254969288,5.5848476396629515e-08,15654549.538425598,9.927859199931845,1.0,0.9092433698978613,0.7913650519202526,4.209512106282995,41.05876560647925,3274.8153975878954,,,,,
196,3326.295261884861,10.813582756126902,44.027730273114784,4138.987120215066,1067.68339544116,-1.2104715624765872,1.9797104913113484,12.430205218597386,4.496487877536648e-06,3.0660739620089257,0.187059572329123,0.1870595723892408,5.2070449705652385e-08,16745402.94875724,9.9574512001127,1.0,0.9092433698978613,0.7913650519202526,10.813582756126902,40.03192184248097,3275.449757286253,,,,,
197,3338.3840586208516,14.336883477582754,47.83700567208305,4145.434129217458,1132.5053091414463,-1.491740030622871,2.3320021428479376,12.487810695759155,0.00015970628478064602,3.578707084504889,0.187059572329123,0.18705957234537526,4.851723159657813e-08,17906066.03970216,9.985274499980733,1.0,0.9092433698978613,0.7913650519202526,14.336883477582754,43.4954802431079,3280.551694900161,,,,,
198,3252.6144203917493,14.164479354049702,56.667750613598216,4027.1239635515426,763.4862860952941,-1.5132099177132448,2.296511594551481,12.43802891644717,0.0003917114065400962,3.683412345602499,0.187059572329123,0.18705957232923034,4.527731041246305e-08,19057967.16939594,10.01519490010105,1.0,0.9092433698978613,0.7913650519202526,14.164479354049702,51.52477653243964,3186.92516450526,,,,,
199,3245.981238666975,10.99103874814358,64.51621685886612,4013.734558762268,776.5980245216058,-1.1124365953112212,1.8815966101227437,12.199578792729719,0.00010568738684946233,3.6843188128720534,0.187059572329123,0.18705957232925913,4.210643681918466e-08,20443707.237027265,10.043130400124937,1.0,0.9092433698978613,0.7913650519202526,10.99103874814358,58.660942429816636,3176.3292574890147,,,,,
200,3336.5441608101296,13.74245740356986,70.78775173107178,3996.208367420301,823.2077773326394,-1.2387573404203582,2.043573255191286,13.009609000288838,0.00025702067209600055,3.6135206135180944,0.187059572329123,0.1870595723291247,3.922719574990684e-08,21754047.57558589,10.07953010010533,1.0,0.9189341924239615,0.8152108494880757,13.74245740356986,65.04928547050032,3257.7524179360594,2.0175578850720735,1.8290557300003125,1.5907814434337002,1.103059820419867,1.2682810032767147
201,3320.7313193929645,13.025605110356473,74.77095887255514,3973.2004617066486,860.8515186410398,-1.3109632315856088,2.0388957525237834,13.225451284078506,0.0015954982553656252,3.644927105465425,0.187059572329123,0.18705957232912301,3.6478316296108384e-08,5095529.201697032,10.3576589000877,1.0,0.9189341924239615,0.8152108494880757,13.025605110356473,68.7095907083167,3238.9961235742912,,,,,
202,3328.44831315376,13.054901690021913,75.8988180373107,3981.359416944516,817.959158787209,-1.1417437123443888,1.9815722674964202,12.088087713493621,0.0,3.2881843926628567,0.187059572329123,0.18705957232912393,3.392186903763233e-08,25019536.13282354,10.394129700027406,1.0,0.9189341924239615,0.8152108494880757,13.054901690021913,69.74601905904932,3245.6473924046886,,,,,
203,3345.428056892654,16.67298298397712,75.10149540061221,3998.6486243772256,751.6624584690886,-1.3666441277731691,2.2245267365818906,12.977406505028418,0.0,2.4108111959842997,0.187059572329123,0.18705957234324241,3.1559499747943825e-08,27215700.676412474,10.436887300107628,1.0,0.9189341924239615,0.8152108494880757,16.67298298397712,69.01333202579343,3259.741741882883,,,,,
204,3300.413528902944,12.057696034726977,74.47475607712535,3949.7983068533867,850.1068594228814,-1.1808298059455127,1.961331266891533,13.071445503283101,0.00013976648527000424,3.7210670788625557,0.187059572329123,0.18705957232912307,2.9324975737454947e-08,27914063.6704883,10.47608370007947,1.0,0.9189341924239615,0.8152108494880757,12.057696034726977,68.4373998317047,3219.9184330365124,,,,,
205,3312.941511405404,18.46278083475195,71.54792161909167,3960.608351846067,786.0376456898186,-1.9134350023704834,2.6727425344520355,12.997333592252575,0.000684531227670572,3.3874470696818495,0.187059572329123,0.1870595723291283,2.7270729285710003e-08,31002984.337236546,10.51183920004405,1.0,0.9189341924239615,0.8152108494880757,18.46278083475195,65.7478315726529,3228.7308989979992,,,,,
206,3314.0607551424205,11.872944833071875,67.66365088856809,3974.443384749136,759.4139322843713,-1.0622331086165826,1.9584935573266387,13.179637506803722,0.00014947752694870892,3.157034134741986,0.187059572329123,0.18705957233093076,2.531752485183264e-08,33595245.96787703,10.54962579999119,1.0,0.9189341924239615,0.8152108494880757,11.872944833071875,62.178442385743175,3240.0093679236056,,,,,
207,3280.7316229445887,16.40998378826776,64.52471043876783,3931.5321655624784,824.5440071983429,-1.618646155724017,2.2811127080665847,13.661749452539652,0.0003799316392499308,3.4787251894415845,0.187059572329123,0.1870595723291231,2.3519955519764672e-08,35367857.40570894,10.585292699979618,1.0,0.9189341924239615,0.8152108494880757,16.40998378826776,59.293962678439065,3205.027676477882,,,,,
208,3257.1588603525547,14.041375629127336,59.82251702161569,3910.822004340896,846.8266422923441,-1.0916839458244536,1.9437497447056697,13.65493127487176,0.0,3.732438905198666,0.187059572329123,0.18705957232912307,2.1836169187651536e-08,34355299.33321367,10.621005499968305,1.0,0.9189341924239615,0.8152108494880757,14.041375629127336,54.9729563680271,3188.1445283554003,,,,,
209,3257.7458507191673,13.99706421020203,53.61995720410887,3918.588149855734,800.973752466003,-1.3018458945166538,2.159529295547469,12.821247153983764,1.748424447882424e-05,3.6544459404038783,0.187059572329123,0.18705957232912826,2.028247373585378e-08,41263181.71313349,10.72725629992783,1.0,0.9189341924239615,0.8152108494880757,13.99706421020203,49.27321207116516,3194.4755744378,,,,,
210,3317.090668322386,17.52854239291224,47.031140989273915,3916.332088516307,791.3999589272125,-1.7213097746268124,2.3453948890151577,13.494601286717373,0.0008721411936440521,1.9891769836209034,0.187059572329123,0.18705957232912318,1.883324299917607e-08,43874886.15463523,10.776976600056514,1.0,0.9497229726531833,0.8311081637959306,17.52854239291224,44.6665550276042,3254.8955709018696,2.4138847319523844,1.572860704126447,2.1302294765835907,1.5347097970083974,1.1331571356451762
211,3328.1147324902217,19.842175329220144,40.76269111048808,3933.9756669614544,774.6462502392145,-2.084135406318841,2.6505366823782452,13.65029704515376,0.0,3.7319477127328162,0.187059572329123,0.18705957232987164,1.7511889230306845e-08,47993134.265463114,10.812343399971724,1.0,0.9497229726531833,0.8311081637959306,19.842175329220144,38.71326417479622,3269.5592929862055,,,,,
212,3331.0246395109843,8.480166648117256,36.05102156437589,3956.531932590872,906.5476327757481,-0.6704710466089703,1.685616959628405,11.980852883403408,0.0,2.720582676128714,0.187059572329123,0.1870595726580259,1.622592590454334e-08,51925743.55407319,10.858938300050795,1.0,0.9497229726531833,0.8311081637959306,8.480166648117256,34.23848336730308,3288.305989495564,,,,,
213,3470.4296012450036,22.263289212998487,34.64453632644557,4109.288957537472,1449.7128657650726,-2.1949336071551535,2.914393675485958,13.804112591869178,1.4227514858813906e-06,3.136564177223705,0.187059572329123,0.1870595975879674,1.5068599682863594e-08,55987834.991545774,10.894372100010514,1.0,0.9497229726531833,0.8311081637959306,22.263289212998487,32.90271202614308,3415.263600005862,,,,,
214,3264.968967680004,10.150356310831206,39.367950602321834,3871.252990225562,799.0536241323459,-0.723501360138333,1.6422973451906289,13.931528606484353,0.0,3.223411188301077,0.187059572329123,0.1870595723292036,1.3994227496724453e-08,59315144.24757211,10.929301300086081,1.0,0.9497229726531833,0.8311081637959306,10.150356310831206,37.38864707330077,3217.429964295872,,,,,
215,3256.8417231218077,14.13962783766285,43.221513786001104,3852.2707033772613,820.9630167166046,-0.9519065031009141,2.013856740482747,13.84996957428239,3.875570797835445e-05,3.284910575635215,0.187059572329123,0.18705957232912335,1.2998900644511832e-08,62994775.027361475,10.964647900080308,1.0,0.9497229726531833,0.8311081637959306,14.13962783766285,41.04846455541151,3201.6536307287333,,,,,
216,3289.2993608715733,23.10644581056323,45.59206032580745,3877.8262907189383,759.8588986553956,-2.17368934118215,2.9052860949651618,14.11848518569961,0.0013334641398596025,3.715911994906001,0.187059572329123,0.18705957232912437,1.2071676951670734e-08,67758362.31743373,11.001254200004041,1.0,0.9497229726531833,0.8311081637959306,23.10644581056323,43.299827062009115,3222.893087999001,,,,,
217,3238.716840467702,11.656716970373154,47.71958239783755,3828.3100545140683,844.7311093342709,-0.7501919960562557,1.6642542277300738,14.089505282883366,8.796900482051923e-06,3.695211276411903,0.187059572329123,0.18705957232912301,1.1213054206834588e-08,68910462.74449326,11.035557999974117,1.0,0.9497229726531833,0.8311081637959306,11.656716970373154,45.320383648642796,3181.739739848686,,,,,
218,3331.8900309213086,13.981843765957086,47.983995132882164,3937.3174602354898,998.6845779780544,-1.3196372527109297,2.106163833180695,14.020408999791423,1.978458709427436e-05,3.6846469042701364,0.187059572329123,0.1870595729136608,1.0408378533159587e-08,79853010.09884612,11.067521899938583,1.0,0.9497229726531833,0.8311081637959306,13.981843765957086,45.57150249737673,3272.3366846579747,,,,,
219,3250.1514520642795,9.381738860482768,52.05236757328014,3839.8544533152512,770.9155497575134,-0.4900895317989431,1.7144144305831666,11.061931157614634,0.00037619548318412743,3.6731133056316754,0.187059572329123,0.18705957232922266,9.669244020343262e-09,84836470.62509495,11.099874299950898,1.0,0.9497229726531833,0.8311081637959306,9.381738860482768,49.435329265331774,3191.334383938465,,,,,
220,3538.0376049704437,14.923637258695361,55.614743633571926,3841.2390286369605,818.4165543086234,-1.1811117787293355,2.14135040607614,13.877241928573358,0.0003338715413725851,3.6550882702044727,0.187059572329123,0.18705957232947554,8.980236881953777e-09,91314097.69071132,11.138590600108728,1.0,1.1016675318627267,0.9012313434673673,14.923637258695361,61.26895735397548,3461.845010357773,6.909946847526468,1.7324179717082206,3.0936757796903955,3.9886141568440525,2.233571757224667
221,3666.152955781978,20.590664477991105,59.08635575152633,3972.86312504519,1591.171467997764,-1.9218855164908988,2.6320505095044315,14.32767201312905,0.0,3.312588970086954,0.187059572329123,0.18705957312281535,8.347740563840937e-09,99039001.01462682,11.16800249996595,1.0,1.1016675318627267,0.9012313434673673,20.590664477991105,65.09351970754703,3580.46877159644,,,,,
222,3533.2381115149096,30.847581671832135,70.28363137646325,3800.313160389138,866.9420340762651,-2.829906925239891,3.299477386747003,14.876053224525823,1.9646261580866242e-05,3.2894793359016177,0.187059572329123,0.18705957232912898,7.754947474267598e-09,104787388.68135431,11.229086899897084,1.0,1.1016675318627267,0.9012313434673673,30.847581671832135,77.42919470885796,3424.9613351342196,,,,,
223,3542.6072683756556,16.253141666837085,79.13198486524084,3816.0867497341533,799.1838827027749,-1.0954669279968352,2.272636543142848,14.512385572279282,0.00043878946688957754,3.697212085742221,0.187059572329123,0.18705957232972542,7.1936919299852575e-09,113349998.32732014,11.265952199930325,1.0,1.1016675318627267,0.9012313434673673,16.253141666837085,87.17713845788852,3439.17698825093,,,,,
224,3550.1059075909893,28.591803167978853,87.24123153553224,3800.803530669288,813.668009466116,-2.518187333459532,3.311255923146204,14.141831685036099,0.00014671449731062935,3.711325923890865,0.187059572329123,0.18705957232942777,6.6814897726920765e-09,121772193.35226624,11.29991800012067,1.0,1.1016675318627267,0.9012313434673673,28.591803167978853,96.11083222241447,3425.403272200596,,,,,
225,3508.0586511018696,17.590298226104327,93.56022327069935,3758.6310298441836,941.3143303677573,-1.5985774464496596,2.320607616450611,14.901864456318329,0.0006105473282358928,3.560651215408793,0.187059572329123,0.187059572329123,6.196701815003935e-09,122204803.92281403,11.32767489994876,1.0,1.1016675318627267,0.9012313434673673,17.590298226104327,103.072260251157,3387.396092624608,,,,,
226,3494.0359070524755,12.493177808958324,96.20588200291546,3745.493160146526,956.9462291234687,-0.7687743231311716,1.7445123059759808,14.959718351354637,0.0008950303980640867,3.7336738785838466,0.187059572329123,0.187059572329123,5.750854081352133e-09,122690212.79545584,11.357778300065547,1.0,1.1016675318627267,0.9012313434673673,12.493177808958324,105.98689657682858,3375.5558326666887,,,,,
227,3500.7236642103626,14.240409135127333,95.30681427750882,3752.074155799568,884.9931328531803,-1.1911816221899723,1.982249584591779,14.76392224061495,8.24023365689347e-05,3.6841492190448037,0.187059572329123,0.18705957232920417,5.3345213144055265e-09,151052797.0523476,11.386179199907929,1.0,1.1016675318627267,0.9012313434673673,14.240409135127333,104.99642285480242,3381.486832220433,,,,,
228,3555.278135146284,20.851124742107732,92.10608948735695,3809.1847859188624,840.5635766965624,-2.0096434724062577,2.708259031065064,15.1855204118256,0.0,1.6245010013631092,0.187059572329123,0.18705957234792814,4.952843634522695e-09,163602989.94346505,11.416083700023592,1.0,1.1016675318627267,0.9012313434673673,20.851124742107732,101.47028827506398,3432.956722129112,,,,,
229,3493.1697175678532,16.98492211642628,91.58833688568157,3745.1925333857207,826.8798956579293,-1.3251039618259786,2.1392271503526312,14.786918403629095,0.0,3.7313098429037064,0.187059572329123,0.18705957233153417,4.587254132956595e-09,175542225.18232355,11.444593500113115,1.0,1.1016675318627267,0.9012313434673673,16.98492211642628,100.89989704426075,3375.284898407166,,,,,
230,3782.9294858707276,21.4390820990638,89.63333188653374,3798.1515675613746,918.1937607841618,-2.1583704221786166,2.6718452580053405,15.572862400067445,0.00020647952474427134,3.73313848542948,0.187059572329123,0.18705957233845394,4.269875711158024e-09,189020881.11452726,11.481431199936196,1.0,1.3237162026545826,0.9591089890060525,21.4390820990638,118.64909371612035,3642.8413100555435,12.058359506227621,2.17556208673985,5.85702920613831,5.542640947699847,2.0587842542410693
231,3755.83253788003,26.90259265161413,90.94433400820786,3762.3935320445103,804.5094452627976,-2.510682685668427,3.1446510022816656,15.60070823461666,0.0009534500251220102,3.627822335980046,0.187059572329123,0.18705957232968412,3.945138145638459e-09,202411629.1135905,11.51328600011766,1.0,1.3237162026545826,0.9591089890060525,26.90259265161413,120.38448846629493,3608.545456762121,,,,,
232,3692.9522432875638,22.426216493244926,93.35778347547316,3698.168671987635,987.385388694123,-2.0176211860810995,2.749237268346929,15.684617451496885,0.002079822636807546,3.5289274104701285,0.187059572329123,0.187059572329123,3.658432556675993e-09,203111563.00856155,11.542652999982238,1.0,1.3237162026545826,0.9591089890060525,22.426216493244926,123.57921063040206,3546.9468161639165,,,,,
233,3675.218027256011,14.962126418763225,92.15227474617335,3689.124470943659,1022.2563302105116,-1.0884918610544885,1.9872521040346056,15.576691333380841,0.0,3.70132142427567,0.187059572329123,0.1870595723291285,3.391307867958804e-09,232801962.5652892,11.572710199980065,1.0,1.3237162026545826,0.9591089890060525,14.962126418763225,121.98345919298637,3538.272441644261,,,,,
234,3680.1200076727882,31.9658804483646,87.41394665809544,3683.046358845906,961.4348396125894,-2.9056512334553313,3.480873645825468,15.466190990910617,4.323688194253841e-05,3.720161924650753,0.187059572329123,0.1870595723291274,3.147001940842624e-09,250330459.6599993,11.603369999909773,1.0,1.3237162026545826,0.9591089890060525,31.9658804483646,115.71125752930433,3532.4428696951195,,,,,
235,3652.8446008427027,12.02314399485569,80.24789244900867,3685.291308808604,903.634166781772,-0.6153258770899912,1.9051921918993864,13.208741668740728,0.002747091274419952,3.7173697272380113,0.187059572329123,0.18705957232912301,2.910835750382475e-09,264535644.38069353,11.636059700045735,1.0,1.3237162026545826,0.9591089890060525,12.02314399485569,106.22543546363511,3534.596021384212,,,,,
236,3601.0256202268993,3.602843306996085,72.08524735574916,3651.30804440895,1036.5283271168068,0.04809228230650492,1.0435319911348402,14.88522516270648,0.0,3.366067448751251,0.187059572329123,0.187059572329123,2.6954274484920246e-09,29329752.036198746,11.666862800018862,1.0,1.3237162026545826,0.9591089890060525,3.602843306996085,95.42040989716857,3502.0023670227347,,,,,
237,3622.143360137403,27.24820985964079,62.0684413863283,3662.497368918931,919.7956506945247,-2.36363316775201,3.0708270764407986,15.535983757558869,0.0019131520568561322,2.897170659808027,0.187059572329123,0.187059572329123,2.4963398218836517e-09,302847463.0290996,11.696926299948245,1.0,1.3237162026545826,0.9591089890060525,27.24820985964079,82.16100153659903,3512.734148741163,,,,,
238,3608.189391327227,26.2772589522622,52.01847896909469,3662.8313040489693,852.7168639716891,-2.4673926661440437,3.153152328845326,15.698863344360792,0.00044869772665463714,3.6469434405202383,0.187059572329123,0.18705957232912418,2.3095750078933295e-09,334073219.9996563,11.726954800076783,1.0,1.3237162026545826,0.9591089890060525,26.2772589522622,68.85770344883728,3513.0544289261275,,,,,
239,3873.4032396133434,13.991067201791484,43.37352583622597,3964.09373395195,2119.507235058442,-1.2390892736088872,2.126784734957664,14.675756877916918,6.177407187384076e-05,2.53272209913725,0.187059572329123,0.18705962658996392,2.1370025772148414e-09,370233877.4687092,11.754939700011164,1.0,1.3237162026545826,0.9591089890060525,13.991067201791484,57.41423891566947,3801.9979334958825,,,,,
240,3554.7241496684796,19.447280679315302,44.20373493878756,3703.5293379445225,970.9512808613077,-1.6249450367244667,2.4755157678485142,15.661954608068118,4.855067698263105e-05,2.5443249057264206,0.187059572329123,0.18705957245736804,1.981080774338438e-09,395906851.52360404,11.792116800090298,1.0,1.3662512590841562,0.9382627065677307,19.447280679315302,60.39340851634081,3474.8834604728236,3.094841949115532,1.4232971309799218,5.708109636396741,2.1744173312460577,0.5421833402396172
241,3636.849878891799,14.24625603537637,47.250688756973574,3792.1653338065057,1088.9035818671864,-1.1259981423971066,1.9939385202552316,15.189045174289063,0.0,3.4772712370997474,0.187059572329123,0.18705958990904994,1.8362614605017364e-09,428110566.7939886,11.821314699947834,1.0,1.3662512590841562,0.9382627065677307,14.24625603537637,64.55631300680874,3558.047309849614,,,,,
242,3463.7464069287603,15.301877309537497,53.425148616145755,3597.5557052708996,956.4327952448746,-1.0445635037148184,1.8330581295092612,15.842731244816616,0.0007631260571483167,3.7227855216381776,0.187059572329123,0.187059572329123,1.703927445446325e-09,248637182.1804135,11.85632980009541,1.0,1.3662512590841562,0.9382627065677307,15.301877309537497,72.9921765635673,3375.4523530556553,,,,,
243,3486.815263343204,20.515418253307757,57.32678715336105,3610.9045219925283,873.9377100409248,-1.7888401638298883,2.5691141403602833,15.680284481235242,0.0002784007961690732,3.438532538496726,0.187059572329123,0.18705957232912393,1.5806377045794966e-09,479843066.5769527,11.887383900117129,1.0,1.3662512590841562,0.9382627065677307,20.515418253307757,78.32279512752898,3387.9770499623673,,,,,
244,3485.9617038492274,11.915580771778222,59.51205114163761,3615.9784296292855,810.6214217312945,-0.7635773852050435,1.85507833625002,14.901507290986496,0.0,2.7437197104355833,0.187059572329123,0.18705957233316697,1.466240874711809e-09,526202877.92960227,11.917205899953842,1.0,1.3662512590841562,0.9382627065677307,11.915580771778222,81.30841480294309,3392.737708274506,,,,,
245,3479.6197580550206,22.13744280882703,60.95957899125417,3596.2169124672314,856.741393108602,-2.0411352980804733,2.7416175350627316,14.792617363169866,0.00020355365147307208,3.7338905000797893,0.187059572329123,0.18705957232918963,1.3606485780961151e-09,560638851.8556465,11.947244900045916,1.0,1.3662512590841562,0.9382627065677307,22.13744280882703,83.28610155004108,3374.1962136961524,,,,,
246,3443.0526140735,8.141995614631176,60.87511979520404,3572.2829927375133,918.8315417163649,-0.37774496238224425,1.5699800560015187,14.626165736569932,0.0004435981999253921,2.698568794542364,0.187059572329123,0.18705957232912307,1.2617431520132054e-09,589403728.7666436,11.97633480001241,1.0,1.3662512590841562,0.9382627065677307,8.141995614631176,83.17070906709637,3351.7399093917725,,,,,
247,3426.0115139469144,11.300403098041915,58.93064131910518,3553.58581835238,961.9475675879629,-0.503014934916716,1.6284572672965223,15.82385726141599,0.0009400544740235453,2.5914748575023276,0.187059572329123,0.187059572329123,1.1694996482047451e-09,534128149.0542955,12.006969300098717,1.0,1.3662512590841562,0.9382627065677307,11.300403098041915,80.51406290086425,3334.1970479480083,,,,,
248,3415.1555286848984,13.725735604078109,55.10759144630465,3544.9975295827303,944.9487978712799,-0.9317843495328776,1.8773476267532134,15.68741516177768,0.0002134140518640082,2.7755224130336584,0.187059572329123,0.187059572329123,1.0842880139736533e-09,603873694.1892747,12.03675840003416,1.0,1.3662512590841562,0.9382627065677307,13.725735604078109,75.29081619860901,3326.1389768822114,,,,,
249,3655.0335753614545,26.73132320702162,50.06806162384899,3794.1364129705676,2636.7548750683914,-2.51661085741711,3.270948298996755,15.09278213987338,1.6056314159275387e-05,2.4186965142990733,0.187059572329123,0.18705957244755916,1.0062204203421952e-09,759065401.0235113,12.06669900007546,1.0,1.3662512590841562,0.9382627065677307,26.73132320702162,68.4055522334868,3559.896699920946,,,,,
250,3611.841125925267,16.36071843495442,54.98740939035344,3804.067192302492,2144.7053534850975,-1.2986449531288202,2.2602217301516294,15.27246336640669,0.00034749114364228395,3.717463057824422,0.187059572329123,0.18705957253347266,9.334676275560145e-10,815566711.7142739,12.103499500080943,1.0,1.5429106342309404,0.9228648105629904,16.36071843495442,84.8406586971866,3510.6397487931263,8.131036037479873,1.6595851958618577,12.900165462775112,4.89943876201984,0.6303047864729253
251,3446.067634846657,29.4755886750909,67.25816435942193,3589.711809600355,740.117938569652,-2.398536764299293,3.1859020784392076,15.755684102791863,0.00012144720817646587,1.788699166710466,0.187059572329123,0.18705957235858622,8.68727968414902e-10,872445438.0423483,12.47507270006463,1.0,1.5429106342309404,0.9228648105629904,29.4755886750909,103.77333702900452,3312.818709142561,,,,,
252,3399.0921165225222,19.067773838166023,80.91795443425539,3527.2502895648613,953.7469001911707,-1.229727116437456,2.3202878272633654,15.518178167023223,0.00041436360246129705,3.7191969682058104,0.187059572329123,0.18705957232912376,8.083178883402292e-10,909810402.7802197,12.506330700125545,1.0,1.5429106342309404,0.9228648105629904,19.067773838166023,124.84917239682733,3255.175170287529,,,,,
253,3413.045808677744,33.37386280027644,91.71523015084175,3508.816789732578,1040.8564096554446,-2.77259874659554,3.4695121715669615,15.781787402172068,3.7453711642064513e-06,3.72541308462748,0.187059572329123,0.187059572329123,7.520381106756716e-10,949619864.5616547,12.536024699918926,1.0,1.5429106342309404,0.9228648105629904,33.37386280027644,141.50840392067192,3238.1635419567956,,,,,
254,3381.1313836764934,7.916534957355695,98.40904773780515,3490.628795884792,1114.7739676645474,-0.045077591976601036,1.3564392754856363,16.275701637753,0.0006588531546279849,3.722748072765945,0.187059572329123,0.187059572329123,6.999798080583028e-10,473245140.1039917,12.569012199994177,1.0,1.5429106342309404,0.9228648105629904,7.916534957355695,151.83636625919985,3221.378482459938,,,,,
255,3389.0877502594903,19.8667742778281,100.57692376109404,3482.6766975671358,1129.0858881574836,-1.2042211674591323,2.174249339125651,16.29005115519762,0.0003463433940262342,3.733829664059045,0.187059572329123,0.187059572329123,6.515390759564418e-10,264250897.0453255,12.601221800083295,1.0,1.5429106342309404,0.9228648105629904,19.8667742778281,155.18120522922655,3214.0397707524357,,,,,
256,3428.069207865959,24.362238520605274,98.42110033377016,3523.6493685612395,786.16422551818,-1.9478752171131244,2.763175138272036,16.553940808345725,0.0001563999420958473,2.6488801573086187,0.187059572329123,0.1870595723294934,6.066238760980057e-10,1219680709.5207374,12.63247220008634,1.0,1.5429106342309404,0.9228648105629904,24.362238520605274,151.85496233768433,3251.8520070076693,,,,,
257,3382.6618480237917,12.767817048440408,95.06580447966306,3492.619886899413,902.4658660225884,-0.8674421043908829,1.8655588679674315,16.073929211435015,0.0001620717907361638,3.7337685705533135,0.187059572329123,0.1870595723293313,5.649029123920218e-10,1302783217.1346557,12.666035300120711,1.0,1.5429106342309404,0.9228648105629904,12.767817048440408,146.67804068339152,3223.2159902919598,,,,,
258,3492.366979716105,16.690823005257226,89.72403901765,3616.174270127921,855.1665279573806,-1.3478623268274312,2.2041376683799636,15.874086679333724,0.0,3.121815819933121,0.187059572329123,0.18705957454301173,5.26131667004265e-10,1420518659.1043346,12.700606500031427,1.0,1.5429106342309404,0.9228648105629904,16.690823005257226,138.43617394648402,3337.239982764364,,,,,
259,3385.105063774171,17.002281200698786,87.63239649854442,3503.106618769558,768.056665594487,-1.1482769710156508,2.209054941873093,15.900896190592574,4.4778352261833076e-05,3.7336731396428764,0.187059572329123,0.18705957233143844,4.904768739597565e-10,1498641911.7710958,12.735151899978518,1.0,1.5429106342309404,0.9228648105629904,17.002281200698786,135.2089564607464,3232.893826112726,,,,,
260,3812.97746321756,19.355779050778327,84.7047343874603,3463.438881397376,1011.9913532443072,-1.4002760424635434,2.2957175445493885,16.324806942145578,0.0008151241864563716,3.7174370082654073,0.187059572329123,0.1870595723291241,4.573147105730549e-10,1556183995.523979,12.779696800047532,1.0,1.6259127087329557,1.0555691338088038,19.355779050778327,137.72250413042113,3655.8991800363606,7.23627270823448,2.259250974561764,2.0230280344718765,3.202952124271244,3.5769512754792605
261,3875.1166782755354,18.6550210621866,79.82725689826458,3530.4835906599983,920.8920100247474,-1.6175732550501842,2.4526217781373307,15.978475232783405,0.0001563598070848382,3.0688294081339698,0.187059572329123,0.18705957237289936,4.259244899527417e-10,1723978899.6625812,12.814516300102696,1.0,1.6259127087329557,1.0555691338088038,18.6550210621866,129.79215149417888,3726.66950571917,,,,,
262,3756.046114427605,4.615158764159448,77.64060911526362,3434.350234842889,1086.2954033035685,0.04984801552280246,1.1296429682147229,13.091310400829022,0.00010685840869829877,3.497381045769627,0.187059572329123,0.1870595723291231,3.965694777893507e-10,1761559739.8574946,12.853621399961412,1.0,1.6259127087329557,1.0555691338088038,4.615158764159448,126.23685307427488,3625.1941025891706,,,,,
263,4003.2677632509804,23.365924835745602,73.12956450422944,3657.7419957062216,1996.8733528571877,-2.1291995393105494,2.7129722016994506,16.216478372003515,0.001660069376235196,3.367607971991036,0.187059572329123,0.18705957233083242,3.6884414819633083e-10,1952415102.3864894,12.888776700012386,1.0,1.6259127087329557,1.0555691338088038,23.365924835745602,118.90228831153308,3860.9995501037015,,,,,
264,3769.644312042076,15.560625683769386,76.66988134666428,3438.3585457862755,972.5611796012918,-1.3581289644677497,2.1966255738122324,15.261819594279183,0.00044248784452575324,3.7326074837800705,0.187059572329123,0.18705957232912301,3.436633473827368e-10,1987199061.9733694,12.925401299959049,1.0,1.6259127087329557,1.0555691338088038,15.560625683769386,124.65853445858923,3629.425151899717,,,,,
265,3753.423326419396,12.249774702849276,78.13639666590761,3423.8691485056997,985.0173548241164,-0.8436687760078155,1.6626714084921697,16.312556472567714,2.7793936104435202e-05,3.3691299994933908,0.187059572329123,0.1870595723291494,3.1924923104467813e-10,2213637466.137366,12.960199600085616,1.0,1.6259127087329557,1.0555691338088038,12.249774702849276,127.04296035369853,3614.130591362848,,,,,
266,3880.648466589691,9.772129780292376,77.55085170721323,3547.645816369496,1024.4131908472277,-0.7913176293980151,1.7588363930654751,13.507623101702052,9.352640108647309e-05,3.487514855386873,0.187059572329123,0.18705957358720324,2.9675760878606336e-10,2448064641.9827104,12.99418170005083,1.0,1.6259127087329557,1.0555691338088038,9.772129780292376,126.09091536382282,3744.7854214455756,,,,,
267,3771.3697480195706,7.61559653855305,79.82838893793901,3442.654813405493,826.3663254628005,-0.2915589314709525,1.3005401021582361,14.77494000547287,0.0,3.5598147894521275,0.187059572329123,0.18705957234942122,2.757795087237851e-10,2599368720.6172395,13.036908299895003,1.0,1.6259127087329557,1.0555691338088038,7.61559653855305,129.79399209187233,3633.9601593891452,,,,,
268,3836.823212930814,19.839656199875517,82.20989105164273,3489.4137504722485,968.0696574377542,-1.5980666993310209,2.4703110799497883,15.953259582701971,9.308608653030293e-06,3.422016381307408,0.187059572329123,0.1870595724643312,2.5631333135307187e-10,2800442186.1999,13.07542119990103,1.0,1.6259127087329557,1.0555691338088038,19.839656199875517,133.6661066444176,3683.3174500865207,,,,,
269,3740.0755195206784,33.30148281701023,86.97882187798591,3377.660401983132,1144.7580509671393,-2.683373236753299,3.364698291049575,16.191440104696216,0.0002925127544820272,3.025995750105945,0.187059572329123,0.187059572329123,2.381488550139021e-10,2438145250.335146,13.110020499909297,1.0,1.6259127087329557,1.0555691338088038,33.30148281701023,141.41997188203734,3565.354064821631,,,,,
270,4062.65641869223,21.826339117456317,87.96511748589597,3365.810989120519,1186.9625036748066,-1.6118534942411615,2.5181249245124797,16.19440370848794,7.20092418874177e-05,3.2197097343085908,0.187059572329123,0.187059572329123,2.2113241843070072e-10,2938207509.527153,13.153883300023153,1.0,1.6330057918742766,1.1578732572430432,21.826339117456317,143.64754633736933,3897.1825332374046,4.1428659508180035,2.343549050981847,1.3356967454008426,1.7677743715593746,3.1016516024935954
271,4059.2951988192185,10.820897918075143,85.7195505609777,3375.5799729449964,1053.9842913993446,-0.8765367057478488,1.590981352241226,14.969324313016745,4.7422499482550895e-06,2.8911736285826755,0.187059572329123,0.18705957232917675,2.0508013181368664e-10,3357477407.972359,13.185374299995601,1.0,1.6330057918742766,1.1578732572430432,10.820897918075143,139.98052254293648,3908.493778358207,,,,,
272,4025.0184271412454,14.202665370737055,81.76932297775309,3348.6272867051266,1165.6577291368144,-0.9959689190987446,1.7858177869811922,15.501263491632347,8.657936620449364e-05,3.7321017900784437,0.187059572329123,0.187059572329123,1.9001331781696756e-10,3188209587.4366913,13.214335900032893,1.0,1.6330057918742766,1.1578732572430432,14.202665370737055,133.52977802030918,3877.285983750199,,,,,
273,3997.920421842275,18.169200086958117,75.69905678278423,3330.3595185981476,1192.3753048179265,-1.016426649183478,1.9915032494374654,15.338688796610557,1.6247549589541027e-05,3.667898633950223,0.187059572329123,0.187059572329123,1.7586542089311952e-10,785834369.2088506,13.24315349990502,1.0,1.6330057918742766,1.1578732572430432,18.169200086958117,123.61699816570639,3856.1342235896104,,,,,
274,3992.0023847718585,14.53867710427263,68.09061678011605,3339.1144599877525,1043.854537985353,-0.8250360192933276,1.9242271286237076,15.751501048968256,0.0003213140985051863,3.6944887610493575,0.187059572329123,0.18705957232912307,1.626116035223629e-10,3952392864.282643,13.272905299905688,1.0,1.6330057918742766,1.1578732572430432,14.53867710427263,111.19237157422133,3866.2713360933644,,,,,
275,4050.363666217727,21.716318343517326,60.72037362887484,3393.713950531865,1035.9589075024312,-1.7189885224488626,2.6204540027070222,15.769232778220784,0.00011895726544289276,3.193930115819658,0.187059572329123,0.18705957233838352,1.5026168248779534e-10,4565160518.762316,13.301259800093248,1.0,1.6330057918742766,1.1578732572430432,21.716318343517326,99.1567218207227,3929.4906260534867,,,,,
276,4042.1716863779593,16.70776333242621,56.569035581518385,3396.8194149893884,1150.3648548385117,-1.26000920918065,2.0799475537236374,15.29240565105305,0.0005777242447914319,3.714671465489475,0.187059572329123,0.18705957233053744,1.388741197839533e-10,4853302614.1650305,13.329815200064331,1.0,1.6330057918742766,1.1578732572430432,16.70776333242621,92.37756274536156,3933.0863603001717,,,,,
277,4527.343018740048,21.43463890615448,55.13890229155655,3813.7734034453824,4191.916868659768,-1.9380980485188344,2.844230221567855,12.902325084916088,0.00033589544015568545,3.6388958915810017,0.187059572329123,0.18705959814054335,1.281700914908328e-10,5441079167.128951,13.358974300092086,1.0,1.6330057918742766,1.1578732572430432,21.43463890615448,90.04214679970167,4415.866233034192,,,,,
278,4153.610665991519,23.70990707037077,63.73236986897274,3476.9137335298196,1616.0788373033074,-2.0022176633860984,2.9379986214800122,15.469843839102365,0.0006596593556544295,2.356179584517073,0.187059572329123,0.18705957235621432,1.1855113734703525e-10,5708997303.784238,13.393560500117019,1.0,1.6330057918742766,1.1578732572430432,23.70990707037077,104.07532912590612,4025.8254297952426,,,,,
279,3986.8375370614162,14.431618167548276,77.50368780534802,3321.470570080589,927.2162257254967,-0.6796184547320873,1.9740824949025317,15.764688246747674,0.00033881783645797747,3.391792578170513,0.187059572329123,0.18705957232917797,1.0968832028815969e-10,5953400928.435511,13.42371129989624,1.0,1.6330057918742766,1.1578732572430432,14.431618167548276,126.56397107774906,3845.841947816119,,,,,
280,4125.652341378689,33.8180623970207,91.93003660650979,3416.9008646863863,1275.5072499538232,-3.011033973116789,3.6226977095242074,15.807158152582728,0.00030885106115018796,3.682194685807892,0.187059572329123,0.18705957233251141,1.0140751925908548e-10,6580366844.928365,13.465080900117755,1.0,1.7265242553534477,1.1510766617883694,33.8180623970207,158.71943799666948,3933.1148409849984,8.546183978259004,2.4394145155280853,8.362695172020983,3.503375061457697,1.0219413481495676
281,3989.3720722504013,16.5389483411525,110.86512436077042,3285.117249925473,1132.7509198444711,-1.0846776071088085,2.0671552435333336,15.914041779761043,0.00044671440941376067,3.7299508717469525,0.187059572329123,0.18705957232912365,9.377661425897726e-11,6688508316.044046,13.495507899904624,1.0,1.7265242553534477,1.1510766617883694,16.5389483411525,191.41132628164652,3781.4217976276022,,,,,
282,3965.778542352738,7.2214582144751756,126.60499422775791,3249.10634965403,1422.3830159836218,-0.20373264086246748,1.2260503896757142,15.632410519049131,0.0004641383509030039,3.485334355990117,0.187059572329123,0.187059572329123,8.669136097095045e-11,1513997986.6877792,13.525217599933967,1.0,1.7265242553534477,1.1510766617883694,7.2214582144751756,218.58659338310727,3739.9704907551554,,,,,
283,4063.2050080169793,23.80935554183332,136.33267617371885,3304.744250790273,964.667068769999,-1.728164996126765,2.7886390266990033,14.721362423993483,0.0006494904997944237,3.702124292015313,0.187059572329123,0.18705957232912562,8.015686732000025e-11,7841937830.00983,13.55635410011746,1.0,1.7265242553534477,1.1510766617883694,23.80935554183332,235.38167221117266,3804.0139802639733,,,,,
284,3999.4434683259506,12.130107999747668,143.32192622903497,3249.0143380696804,1308.8611528491085,-0.8891475942884562,1.902134003714516,15.189804573362629,0.0004965720813828525,3.338150804876273,0.187059572329123,0.187059572329123,7.408391972333565e-11,7828379235.571097,13.585078800097108,1.0,1.7265242553534477,1.1510766617883694,12.130107999747668,247.44878195840636,3739.8645783677966,,,,,
285,3981.7372289872956,14.276266229863795,144.9527972690739,3229.3213525985534,1433.3101503615046,-0.7814214094460726,1.8040678680850055,16.287371693017246,0.00012935041961954774,3.6170192103604353,0.187059572329123,0.187059572329123,6.844248896925794e-11,7787518436.7115965,13.613290100125596,1.0,1.7265242553534477,1.1510766617883694,14.276266229863795,250.26452036638707,3717.196442391045,,,,,
286,3988.6293958056895,22.497940160341873,140.8866138722834,3234.265295376742,1292.0577963478613,-1.6169842744144773,2.5560381585302707,16.347381190293365,2.4106856758188133e-05,3.6969403713426194,0.187059572329123,0.1870595723291238,6.324589801266269e-11,9687146792.884531,13.64230090007186,1.0,1.7265242553534477,1.1510766617883694,22.497940160341873,243.24415610511278,3722.887299540235,,,,,
287,3942.4511487187597,11.640463551803531,132.74655220054905,3215.789760889727,1370.9134189684842,-0.45314956281440316,1.6696929599080703,15.738181444059379,0.0015829088413872455,2.2429979991266524,0.187059572329123,0.187059572329123,5.843921706934059e-11,8002693940.18307,13.674635899951681,1.0,1.7265242553534477,1.1510766617883694,11.640463551803531,229.1901421887905,3701.6205429781658,,,,,
288,3998.660143804158,16.901629089427228,120.93514005401639,3277.7669701208665,841.5779594917171,-1.1468277436630236,2.2293601222241306,15.872814611405683,0.0029589270296102588,3.647513737287506,0.187059572329123,0.18705957232912324,5.4014053440855636e-11,10695524458.143024,13.709691199939698,1.0,1.7265242553534477,1.1510766617883694,16.901629089427228,208.79745262782555,3772.9610620869053,,,,,
289,3889.883444154702,16.257290682014887,110.61878576389951,3199.3004975290146,1272.7407289352554,-1.3355033742632967,2.1237560119886965,15.911672690564375,0.0,3.6372021915594677,0.187059572329123,0.187059572329123,4.990941267769685e-11,10993636940.6249,13.737989400047809,1.0,1.7265242553534477,1.1510766617883694,16.257290682014887,190.98601671911916,3682.6401367535677,,,,,
290,4049.061506121989,22.564798825935576,98.35489137684199,3200.813923173237,1178.8550333492467,-1.8764660902290489,2.652039314866083,15.849402599577095,0.00016331260330771508,3.733554641855109,0.187059572329123,0.187059572329123,4.6143686890084154e-11,10554628546.347847,13.775435999967158,1.0,1.7227688677756883,1.2050228645015226,22.564798825935576,169.4427448574829,3857.0539624385706,4.22399165166214,2.5577991027381315,1.8941660517227887,1.6514165037982633,2.230000716051436
291,4033.2026148355344,19.548047567725085,85.925929063724,3207.9258955316186,986.7351019485272,-1.7357625387124611,2.407548044726635,15.698005659457568,9.279114204623073e-05,3.7213994570113096,0.187059572329123,0.18705957232912396,4.2622523359097e-11,13486985547.525375,13.805543800117448,1.0,1.7227688677756883,1.2050228645015226,19.548047567725085,148.0305155256859,3865.6240517421234,,,,,
292,3986.9359817437585,17.191562964220232,75.34739591530075,3186.610299230415,1012.2350093364169,-1.297088114873783,2.1452341372487567,15.698480323307269,0.0002556901103158496,3.7315412163699415,0.187059572329123,0.18705957232912315,3.932434908025657e-11,13949359414.017708,13.83913780003786,1.0,1.7227688677756883,1.2050228645015226,17.191562964220232,129.8061479508492,3839.938270828689,,,,,
293,4031.2373537489507,24.016252258335953,66.64927469466123,3230.146016853362,1013.7466287687022,-2.1090986334719095,2.8028524312627354,15.582207508153504,0.00013706244729981554,3.660182854324575,0.187059572329123,0.18705957232918133,3.632779655702012e-11,16086974611.297308,13.87318450002931,1.0,1.7227688677756883,1.2050228645015226,24.016252258335953,114.82129550379236,3892.3998059868222,,,,,
294,3961.54409102822,15.463636739011314,61.52504541118336,3186.733741400709,928.7868181518508,-1.141868769790798,2.1811939115596894,14.76768367561205,0.00032368752467469564,2.940386455813588,0.187059572329123,0.18705957232912301,3.348348864811216e-11,15263137311.501997,13.902848900062963,1.0,1.7227688677756883,1.2050228645015226,15.463636739011314,105.99343282287217,3840.0870214663364,,,,,
295,4256.77180569691,13.719445381694598,58.2194829804378,3437.904598807955,2926.7542712595628,-1.1653199906080434,2.0818376754434094,13.775137171942873,0.0009703635729041912,2.811929704343309,0.187059572329123,0.18705957233247794,3.090201800928712e-11,19081064973.659775,13.93337139999494,1.0,1.7227688677756883,1.2050228645015226,13.719445381694598,100.29871277669479,4142.75364753852,,,,,
296,3945.5082502090554,20.093132485097303,59.563007891599774,3172.389449754214,944.3613716467928,-1.8508074341508074,2.5481326315345276,14.727145451537515,0.00035426402459002443,3.1074323859738042,0.187059572329123,0.1870595723291232,2.8511421756878015e-11,18006458820.445354,13.962462000083178,1.0,1.7227688677756883,1.2050228645015226,20.093132485097303,102.61329566672573,3822.8018220572326,,,,,
297,4085.138270627416,14.008697573001212,61.228372784541804,3290.9311146034534,1678.96196673545,-1.1813109197037484,2.162605936506763,12.651395578079912,4.4793282007529744e-06,3.208595093790357,0.187059572329123,0.18705957257336314,2.63128509031787e-11,23126255753.125416,13.992091000080109,1.0,1.7227688677756883,1.2050228645015226,14.008697573001212,105.48233445777285,3965.647238596642,,,,,
298,4114.819392255872,12.150317197197415,65.32667728103975,3311.2453105645022,1982.342463273319,-0.9334565382364737,1.9622924610046266,14.72504841054201,7.629442590750823e-05,3.7339184069587654,0.187059572329123,0.18705957245055077,2.429573550014817e-11,24731844189.79595,14.022076700115576,1.0,1.7227688677756883,1.2050228645015226,12.150317197197415,112.54276585500463,3990.12630920367,,,,,
299,3984.36046747162,14.159762882307232,73.66113313080649,3189.3997291547844,1042.221771583314,-0.7208400236104471,1.9480104814671138,15.264866979709016,0.0007983545671555112,3.377308612489226,0.187059572329123,0.1870595723292306,2.2443453196968414e-11,24489663622.55854,14.058538400102407,1.0,1.7227688677756883,1.2050228645015226,14.159762882307232,126.90110692283373,3843.299597666479,,,,,
300,3964.533896401238,12.550099462078737,84.66848297772823,3095.0951229128214,1189.3720724308064,-0.6805970913623953,1.7518615739622407,15.636231681093793,1.7360732811021184e-06,3.727253996380089,0.187059572329123,0.187059572329123,2.073269711826089e-11,15078096704.05105,14.106433999957517,1.0,1.684170908984782,1.2307820760659363,12.550099462078737,142.5961959389631,3809.3876010001964,2.0477263377482897,2.1536658230022323,1.1903952394802353,0.9508096919575657,1.7202070957897921
301,4029.5627875659443,14.953697952526698,94.12257083390534,3133.0409086405266,951.1479990129818,-1.2073425639515092,2.164771892993934,14.51215073522923,8.89506646786914e-05,3.7339065062129895,0.187059572329123,0.18705957232913778,1.9142602607493308e-11,27821270820.399796,14.351302600000054,1.0,1.684170908984782,1.2307820760659363,14.953697952526698,158.5184956773229,3856.0905939360946,,,,,
302,3995.3031083781125,23.55970930095703,102.97125961407347,3086.1045777612762,1197.569853589898,-1.7321514708968129,2.7019939354362523,15.911057185189385,3.364783134731861e-05,3.722468079591036,0.187059572329123,0.187059572329123,1.767075108028591e-11,25313988905.910995,14.380704100010917,1.0,1.684170908984782,1.2307820760659363,23.55970930095703,173.4211999035421,3798.322199173613,,,,,
303,4188.13392356199,8.963993729346356,108.68501208190702,3246.818321416271,1618.7997185948361,-0.319704798867073,1.623397060441084,11.966532749293068,0.00044827893045319006,2.470711250635621,0.187059572329123,0.18705957233169546,1.6299049975097084e-11,34090855624.689777,14.41024999995716,1.0,1.684170908984782,1.2307820760659363,8.963993729346356,183.04413559100738,3996.1257942416364,,,,,
304,4063.659908730178,31.771517326594488,119.76858216926772,3111.986844776375,961.1678946228266,-2.681076102674081,3.3874264764932853,15.926046672248578,0.0008425353144607059,3.64737056091138,0.187059572329123,0.18705957232912346,1.504484318865963e-11,31625879629.46415,14.440448800101876,1.0,1.684170908984782,1.2307820760659363,31.771517326594488,201.71076189983418,3830.1776295037494,,,,,
305,3998.215527176041,20.09108485786562,129.10728334452065,3055.5252507348087,1393.3410125511277,-1.292736060507505,2.270149806245035,16.105167732912513,0.000108120429976169,3.6924355166108946,0.187059572329123,0.187059572329123,1.3885477133697259e-11,26534750193.522644,14.47905860003084,1.0,1.684170908984782,1.2307820760659363,20.09108485786562,217.43873074689716,3760.6857115712783,,,,,
306,4082.913693699843,22.399582289946046,133.18103858385086,3116.8917350995607,876.245901774828,-1.4680323322160727,2.5872072678562676,15.880923843080367,0.0009710512097321627,3.625462738863341,0.187059572329123,0.18705957232914544,1.2813282782290094e-11,38593536814.72353,14.514786900021136,1.0,1.684170908984782,1.2307820760659363,22.399582289946046,224.29963081130143,3836.2144805985954,,,,,
307,3964.413547286883,8.784333612377404,136.87322816382056,3026.6213467205207,1518.3073572669307,-0.33044201069244106,1.4956386033140034,16.06575249326803,0.00040265084858860656,3.687379275861694,0.187059572329123,0.187059572329123,1.1830657874530737e-11,1440283816.7435715,14.548188700107858,1.0,1.684170908984782,1.2307820760659363,8.784333612377404,230.51790909234313,3725.1113045821626,,,,,
308,4001.27084534541,27.343939998559666,134.6698247057249,3044.5031473294266,1293.3915855099715,-2.269398661783113,2.941782474010732,16.135298827342094,0.000538272347548982,3.6764547844905815,0.187059572329123,0.187059572329123,1.0937618174312111e-11,32889820617.888,14.58431990002282,1.0,1.684170908984782,1.2307820760659363,27.343939998559666,226.80700108746194,3747.1199042593885,,,,,
309,4030.9893966825134,22.248277363591967,128.56272740395016,3081.146197681781,911.8602405709787,-1.8877634275677944,2.634947950980085,15.623304394871148,0.00010168076752643113,3.730577251563353,0.187059572329123,0.18705957232924422,1.0074671282268098e-11,47867763224.9795,14.617901799967512,1.0,1.684170908984782,1.2307820760659363,22.248277363591967,216.5216054734735,3792.219513845448,,,,,
310,4668.563378501745,13.226005600149996,122.33437468928601,3021.354739766336,1410.8944839432966,-0.9169817653330196,2.029819933384719,13.202977119384492,0.0,3.2803982728952334,0.187059572329123,0.18705957232912304,9.299144396352053e-12,42006892656.67096,14.662450399948284,1.0,1.7778668000909135,1.4688255871519553,13.226005600149996,217.49422326996375,4437.843149631632,11.17182275083911,3.139838153322844,1.8645645968085731,3.55808873110741,5.99165229778632
311,4627.009375203856,11.275160424281733,113.38561313797871,3005.2238578799684,1479.3437047617717,-0.45508466867632874,1.77622477636741,15.51426539238452,7.639239421144278e-05,1.228605715987002,0.187059572329123,0.187059572329123,8.56948211622246e-12,33101428609.43048,14.694961900124326,1.0,1.7778668000909135,1.4688255871519553,11.275160424281733,201.58451720596443,4414.149697573609,,,,,
312,4784.1925445041425,19.574733783315928,102.20795687438873,3120.115633589251,1507.4069438668055,-1.7276692955080712,2.6251827050767864,13.498683931017332,0.00026583133375465,3.221388725939671,0.187059572329123,0.18705957232938739,7.881286002123239e-12,55842666344.132996,14.728052499936894,1.0,1.7778668000909135,1.4688255871519553,19.574733783315928,181.71213323209957,4582.905677488727,,,,,
313,4558.0584093530115,14.21122211533892,96.81704002407871,2976.3366218126203,1472.3395616308253,-0.9758479288289288,1.942354153392287,15.486294505682714,3.7022638739975244e-05,3.173239948274183,0.187059572329123,0.187059572329123,7.24306315570491e-12,5933967446.8366585,14.760443999897689,1.0,1.7778668000909135,1.4688255871519553,14.21122211533892,172.1278011418827,4371.71938609579,,,,,
314,4780.342712653788,33.27089773946035,89.20119884458389,3123.9134211007854,1568.5935764139117,-2.7875098898895385,3.360526675723961,15.535459823510333,0.0,3.577374796928721,0.187059572329123,0.187059572383744,6.645964128468585e-12,69470807528.91829,14.79321669996716,1.0,1.7778668000909135,1.4688255871519553,33.27089773946035,158.58784995409363,4588.4839649602345,,,,,
315,4502.054971038122,8.838224278782766,86.37989912968015,2954.499724038731,1407.4565545978578,-0.315952308630178,1.4665242844194828,15.135101339405665,6.134433684734653e-05,3.703902987727922,0.187059572329123,0.187059572329123,6.0973911564672405e-12,422698063.8857212,14.827581099933013,1.0,1.7778668000909135,1.4688255871519553,8.838224278782766,153.57195485786033,4339.644791901479,,,,,
316,4787.073207917834,38.17007121940612,81.55393613613153,3134.4164627144214,1722.7466867193891,-3.3878357440602507,4.011434525722978,15.193129673839515,0.0010613684632868048,2.8152074573854997,0.187059572329123,0.18705957233106013,5.589561001959898e-12,67825094776.57475,14.867880400037393,1.0,1.7778668000909135,1.4688255871519553,38.17007121940612,144.99203547316287,4603.911101225265,,,,,
317,4819.593882851334,18.016549518270306,81.04227072785687,3170.8972198890433,2731.6057764666098,-1.279446740223657,2.2936590885629933,15.23050340764308,7.336323386439303e-05,3.343742589912963,0.187059572329123,0.18705957233565157,5.120558848112513e-12,74598734494.16287,14.901379199931398,1.0,1.7778668000909135,1.4688255871519553,18.016549518270306,144.0823625310364,4657.494970802027,,,,,
318,4496.592972913103,18.720339665490144,87.71607845775347,2942.4358939059553,1327.7193622660511,-1.163204060833596,2.3314078421602034,14.580063235262212,0.0006524476387400127,2.863199777243264,0.187059572329123,0.187059572329123,4.689856781281359e-12,11831333521.844606,14.934310199925676,1.0,1.7778668000909135,1.4688255871519553,18.720339665490144,155.94750372420967,4321.9251295234035,,,,,
319,5074.025993870151,18.84407238069131,92.18365574402243,3330.0697531524756,3602.4707012075773,-1.770224723146964,2.5029736767957442,14.602403938141553,8.924814527904584e-05,3.6764736261080233,0.187059572329123,0.18705957278016408,4.298749935682415e-12,90599685418.41331,14.967061300063506,1.0,1.7778668000909135,1.4688255871519553,18.84407238069131,163.89026105830752,4891.291660431152,,,,,
320,4250.922538010214,0.6661199885399175,108.54826024134313,2904.9766062221274,1555.1769974431134,0.6918193948909109,0.722879723880522,1.1896652718729168,0.00020708395964756654,3.7228802053211623,0.187059572329123,0.187059572329123,3.934296175710446e-12,8.9139836146492e-12,15.00946950004436,1.0,1.690230022548313,1.3999372252966793,0.6661199885399175,183.47152835530554,4066.784889666369,0.07668067676604301,3.0512083198528397,0.8421048341743269,0.025131249238905237,0.09105835004643743
321,4294.232270366763,17.04688720714606,121.18009549433238,2908.9612548568357,1520.7225958004058,-1.193902225617558,2.123758559341083,14.94237332024201,2.6827007464074598e-05,3.157571803756305,0.187059572329123,0.187059572329123,3.6043285896794867e-12,11696485861.08898,15.042785400059074,1.0,1.690230022548313,1.3999372252966793,17.04688720714606,204.82223553979213,4072.3631476198248,,,,,
322,4476.411777569574,15.530776662055002,128.86696217856246,3030.897468720078,1099.6259700683158,-1.2831753394080074,2.1759945764926605,14.241106259657133,5.3506031442628055e-05,3.5261033591700746,0.187059572329123,0.18705957233391424,3.3003484720609785e-12,85508878132.03546,15.075904899975285,1.0,1.690230022548313,1.3999372252966793,15.530776662055002,217.8148083888042,4243.066192518715,,,,,
323,4380.572543076875,22.176183853899243,138.44309018650446,2946.1290243934523,1091.617902899114,-1.8554506557116042,2.6610912681308254,14.302303788233676,3.991555246825665e-05,3.4665782642077163,0.187059572329123,0.18705957232913098,3.0257865182377268e-12,64521825657.193306,15.108872900018468,1.0,1.690230022548313,1.3999372252966793,22.176183853899243,234.00066744759354,4124.395691775382,,,,,
324,4486.560885517785,19.93253590920727,145.8530275630036,3014.4945839608517,1178.4014723766263,-1.6519420269968448,2.6295525412707623,14.685938244438287,0.0002457562757522333,3.5825058973652792,0.187059572329123,0.18705957232913759,2.7730360181193515e-12,64397137606.42297,15.142289400100708,1.0,1.690230022548313,1.3999372252966793,19.93253590920727,246.52516606655527,4220.103183542023,,,,,
325,4270.3439391549455,4.189112186652796,156.1678466496996,2858.8390762707886,1832.0921633100652,0.22705496967156832,1.0467932230101593,12.606467603958862,0.0012874921530965575,3.7304056606280454,0.187059572329123,0.187059572329123,2.5380471609873153e-12,1.0079716471231293,15.175222200108692,1.0,1.690230022548313,1.3999372252966793,4.189112186652796,263.95958296404325,4002.1952440042496,,,,,
326,4303.726738969253,14.272583606659913,157.95713851425344,2873.321878213164,1643.1119084768413,-0.8014287888435879,2.0667474463839284,13.58377199135934,0.0004436535086136881,3.6661011978858142,0.187059572329123,0.187059572329123,2.325819985067577e-12,17945943972.148308,15.210314200026914,1.0,1.690230022548313,1.3999372252966793,14.272583606659913,266.98389779261356,4022.47025756998,,,,,
327,4333.0831025417365,25.33714754478364,152.96750238675298,2892.4123287960383,1338.221347594587,-2.0232975317613744,3.038458637752158,14.549172345449538,5.52938439240952e-05,2.5603279899719054,0.187059572329123,0.18705957232912304,2.131965245898334e-12,40775080682.50722,15.24482430005446,1.0,1.690230022548313,1.3999372252966793,25.33714754478364,258.5502650083206,4049.1956899886322,,,,,
328,4370.422466171316,10.738947198274154,144.14702520607915,2940.1617550647056,1020.077356933907,-0.8810459821747569,1.9586563896350002,11.91583372661464,6.393716580652825e-06,3.2041845373166438,0.187059572329123,0.18705957232914672,1.955763355516178e-12,58349328312.81219,15.2778338000644,1.0,1.690230022548313,1.3999372252966793,10.738947198274154,243.64162966434338,4116.041889308699,,,,,
329,4274.288534524907,11.60408350400874,136.7366592024694,2879.820588812148,1220.5238098501159,-0.9299072311740008,1.974945952776487,12.636850678872825,7.352971804253788e-05,3.383796974516367,0.187059572329123,0.18705957232912304,1.789617590341687e-12,35955820098.85889,15.311936799902469,1.0,1.690230022548313,1.3999372252966793,11.60408350400874,231.11640656697085,4031.5680444539275,,,,,
330,4221.398291767435,9.643258754200188,127.13258539498987,2950.307298416734,1006.3449359585426,-0.5065073226395875,1.7872665278975297,13.570718408095551,7.711347526583034e-05,2.838061226972811,0.187059572329123,0.18705957232982073,1.641420661255399e-12,64060034797.08565,15.355929299956188,1.0,1.6489372765388561,1.356510006954324,9.643258754200188,209.63365912055815,4002.1213738926767,3.3082289069767437,3.827307031342564,6.225580292194775,0.8643751023591815,0.5313928584495785
331,4023.637376166497,18.508478323692295,119.86477423294957,2806.8199894926274,1636.6211978313597,-1.2891757408235103,2.293472139611084,14.141303660437636,0.0004523074764744145,2.045536919797676,0.187059572329123,0.187059572329123,1.5040994481141673e-12,1200287.2022830562,15.38655659998767,1.0,1.6489372765388561,1.356510006954324,18.508478323692295,197.64949437662472,3807.47940346618,,,,,
332,3981.618887299535,8.89637837297144,107.87506245923552,2797.5048306122458,1580.2536913521162,-0.4746906166802995,1.6004147439185208,13.832850500267934,0.0007790302053399117,3.7332869415605883,0.187059572329123,0.187059572329123,1.3792629056636669e-12,36756460.45315302,15.41607949999161,1.0,1.6489372765388561,1.356510006954324,8.89637837297144,177.87921169799083,3794.8432972285727,,,,,
333,4346.382144596853,13.983480809234571,93.04226941101038,3080.68335363393,2329.469579038083,-1.2758323501843225,2.1302256504217203,13.639793099284883,0.0,3.7329688832873287,0.187059572329123,0.18705957234126125,1.2641723045560674e-12,62877218057.06936,15.444122300017625,1.0,1.6489372765388561,1.356510006954324,13.983480809234571,153.420866325586,4178.977797462033,,,,,
334,4031.538668846719,21.58658451719034,88.60475835872494,2848.374413446705,1019.0650851458488,-1.6890345844454766,2.607402670569493,13.808255934858217,0.002757094736906371,3.677431730875787,0.187059572329123,0.187059572329123,1.1602899395923352e-12,8859847987.839306,15.471404599957168,1.0,1.6489372765388561,1.356510006954324,21.58658451719034,146.10368893641933,3863.848395393109,,,,,
335,4234.746812454259,17.29677831361928,84.3721832287719,3006.4839737294137,2116.1024652466813,-1.353386457122136,2.3996956748974703,13.76436715083199,0.0001721996344927132,3.342373396868622,0.187059572329123,0.18705957232929404,1.066220828671635e-12,37386700434.60867,15.500030100112781,1.0,1.6489372765388561,1.356510006954324,17.29677831361928,139.1244380288885,4078.325596111751,,,,,
336,3888.006744739469,3.4031729232295986,87.30081295508325,2757.554303238111,1511.995260560568,0.35252405093254635,1.065200387251328,10.176134530714899,0.0003068904326955432,3.70491030481502,0.187059572329123,0.187059572329123,9.768313224568804e-13,0.0073533160233058255,15.52733359998092,1.0,1.6489372765388561,1.356510006954324,3.4031729232295986,143.95356475378304,3740.6500070624566,,,,,
337,4202.946616001976,22.54895201765549,85.96499306972703,2977.2333132299777,1731.1751550901236,-2.0810296447023315,2.9862215851331055,13.13063708363187,9.945202847159995e-05,2.6313783798290213,0.187059572329123,0.18705957233055298,8.980485633496306e-13,37511258786.58435,15.55566000007093,1.0,1.6489372765388561,1.356510006954324,22.54895201765549,141.75088155007734,4038.6467824342426,,,,,
338,4089.8447980608958,14.631747019542967,90.16561739672977,2894.586537013256,1379.0432054373257,-1.397017378320388,2.3427151812927924,11.233979537187857,0.00044466029062834034,3.679041458204968,0.187059572329123,0.1870595723291237,8.239747058890466e-13,15670330924.223629,15.584530400112271,1.0,1.6489372765388561,1.356510006954324,14.631747019542967,148.6774475876081,3926.535603453745,,,,,
339,4350.873088080075,13.307706899952505,98.1592689085699,3078.2720969485504,2439.666536205248,-0.9196300546477149,2.035733299904325,13.667077573548546,0.0,2.6052003832744632,0.187059572329123,0.18705957233333367,7.558113747957987e-13,35349633759.16947,15.612108699977398,1.0,1.6489372765388561,1.356510006954324,13.307706899952505,161.85847754114246,4175.70690363898,,,,,
340,3990.9693817856923,24.455957985488613,116.32377336934924,2865.043157865885,1009.147932120301,-2.340650694440049,3.113594282196276,13.233358495953832,0.0,3.433859868178992,0.187059572329123,0.1870595723291989,6.946980165084777e-13,22377377974.572323,15.649577700067312,1.0,1.617577523754461,1.318776190908781,24.455957985488613,188.16272128056704,3778.350702519637,4.112337530748557,4.02482881379182,6.8330132162983945,1.0217422208509521,0.6018336860434624
341,3804.4598466924117,4.705711478551337,136.7392843474733,2713.5519786515806,1861.317344252071,0.3034636895381726,1.1509434770146092,12.722794197502113,0.0,3.5058155415372014,0.187059572329123,0.187059572329123,6.385043785080743e-13,24711.870496947726,15.67699240008369,1.0,1.617577523754461,1.318776190908781,4.705711478551337,221.18639297474297,3578.5677422391173,,,,,
342,3828.0893479027286,14.96872833427165,148.1640978699208,2709.6741127576897,1886.770129846005,-1.008503387893151,2.1385843834210316,13.845823408614613,0.00020682882371492184,3.6296913812852143,0.187059572329123,0.187059572329123,5.878427596894719e-13,7026534.6292856755,15.704992200015113,1.0,1.617577523754461,1.318776190908781,14.96872833427165,239.66691454174008,3573.4537050267168,,,,,
343,3814.203550409824,8.328673243266518,149.89811920320065,2702.0529133414357,1883.002550149018,-0.3392235320889058,1.5666632062281918,13.21662872466164,0.000836135196998801,3.25364360384647,0.187059572329123,0.187059572329123,5.397228337955471e-13,58295475.42378513,15.734339300077409,1.0,1.617577523754461,1.318776190908781,8.328673243266518,242.47182847616432,3563.403048690393,,,,,
344,3867.0251968753882,30.802550071371993,142.65141732524435,2733.9536043052294,1490.1753629502746,-3.1147034288233963,3.5861261226618413,13.885038473566297,8.43502379585595e-05,2.390931449317846,0.187059572329123,0.187059572329123,4.993265989250649e-13,1627100941.85772,15.76736250007525,1.0,1.617577523754461,1.318776190908781,30.802550071371993,230.74972639703296,3605.472920406983,,,,,
345,3816.4024158798593,19.478587836910624,130.2703229418367,2719.3404812447466,1454.081819852249,-1.6490851898327337,2.510374135797552,13.69264467811146,0.0005577201700983289,3.7229541499580154,0.187059572329123,0.187059572329123,4.564317842022267e-13,1993751770.707176,15.80225219996646,1.0,1.617577523754461,1.318776190908781,19.478587836910624,210.72234640295014,3586.2014816399983,,,,,
346,3715.588292405393,5.3443368720499995,114.23930408434379,2673.2762156463677,1774.4286341558598,0.09982421255418698,1.2340669486441056,13.523220817772373,0.0,2.4478427741198927,0.187059572329123,0.187059572329123,4.2002318798833457e-13,18531641.589336354,15.837024699896574,1.0,1.617577523754461,1.318776190908781,5.3443368720499995,184.7909306161857,3525.4530249171576,,,,,
347,3741.9607149482968,14.060537701066481,94.30060937692316,2711.1208525678303,1218.7021883189257,-1.1108281811779352,2.1767276763870678,12.115631189688603,0.0,3.320110287460098,0.187059572329123,0.187059572329123,3.8598103905942214e-13,2018390822.0267687,15.875887700123712,1.0,1.617577523754461,1.318776190908781,14.060537701066481,152.53854620446006,3575.36163104277,,,,,
348,3696.921948243283,23.045579787029112,75.67199748594155,2693.005129018927,1221.1292997224393,-2.228758976505247,3.0912016481172913,13.172264595615927,0.0005928068416148416,3.492830458320925,0.187059572329123,0.187059572329123,3.551985099403187e-13,188478964.3520247,15.906531699933112,1.0,1.617577523754461,1.318776190908781,23.045579787029112,122.40532231086313,3551.471046145391,,,,,
349,3971.66322891044,17.06302054959078,59.1681591151082,2926.1152503785534,2021.5500477816502,-1.474865156018921,2.403281783212632,13.107305163109357,7.042284752716704e-05,2.8879729465485386,0.187059572329123,0.18705957233863985,3.263089906514865e-13,9805612986.792904,15.936845599906519,1.0,1.617577523754461,1.318776190908781,17.06302054959078,95.70908430652666,3858.8911240543225,,,,,
350,3550.427413301909,9.912410426631535,51.598568017372145,2719.285216793848,1024.4857268236956,-0.6333891394386998,1.7325131869213388,12.995931419452345,3.381627457679781e-05,2.7661140398238753,0.187059572329123,0.18705957232912387,3.0032404510555787e-13,2700638290.252541,15.976858800044283,1.0,1.5759220694758314,1.2720988807720188,9.912410426631535,81.31532209192656,3459.1996807833507,1.8558394153941125,2.3657285941233184,4.81748428826386,0.7844684381818707,0.38522998817354226
351,3474.925568055175,13.93174162543757,46.208114202855015,2663.451317096014,1026.4598517110112,-1.1642171337273273,2.102756928524659,12.855534456746932,0.00010003754430009532,2.918174020528619,0.187059572329123,0.187059572329123,2.7615085395729983e-13,539547541.3921273,16.24794950010255,1.0,1.5759220694758314,1.2720988807720188,13.93174162543757,72.82038696113884,3388.1734394685986,,,,,
352,3408.0359827171346,7.014197530201766,41.08427056552735,2622.6547534336823,1174.1031085339641,-0.12409963405698134,1.38336379147518,13.239100987413622,0.0003313831015892485,3.359050779527485,0.187059572329123,0.187059572329123,2.5415493001137887e-13,2719721.628854933,16.279497399926186,1.0,1.5759220694758314,1.2720988807720188,7.014197530201766,64.74560869253084,3336.276176494402,,,,,
353,3376.983517738458,1.1544835301124587,35.70292571643929,2609.517275585021,1139.7069191009605,0.7264241448572225,0.9368004947931988,4.452530104591337,0.0,1.3960805244491796,0.187059572329123,0.187059572329123,2.344326368606647e-13,1.4510649231410616e-09,16.309735799906775,1.0,1.5759220694758314,1.2720988807720188,1.1544835301124587,56.26502858139288,3319.5640056269526,,,,,
354,3378.1831214876793,11.784554519969639,30.59889393142156,2608.427021573887,1064.1774396480898,-0.6592616159254612,1.7272312529492395,13.73164648932465,0.0,3.256456313926164,0.187059572329123,0.187059572329123,2.1553913455723133e-13,3586388.5335561074,16.341847900068387,1.0,1.5759220694758314,1.2720988807720188,11.784554519969639,48.221472248077326,3318.1770947196324,,,,,
355,3603.392437455597,16.615899505826775,26.233902914162044,2787.074185009252,2364.9960386376224,-1.449455156115162,2.2979633264663804,13.518107042306237,8.80560837200478e-05,3.7333899275680835,0.187059572329123,0.18705957232913428,1.9918244420963584e-13,1511311768.8393078,16.375641100108624,1.0,1.5759220694758314,1.2720988807720188,16.615899505826775,41.34258657091429,3545.433951378856,,,,,
356,3804.318498173001,10.283992090924192,25.084469114570155,2951.4241340459207,2258.9644195266887,-0.8536067461934389,1.8892040201972062,11.633088133323605,8.89728737234266e-05,3.425984208942514,0.187059572329123,0.18705957323119052,1.8279328948090791e-13,5418041048.502305,16.41041300003417,1.0,1.5759220694758314,1.2720988807720188,10.283992090924192,39.53116847873597,3754.5033376033407,,,,,
357,3728.4566437528306,9.690056468019606,26.350207641173796,2890.6877988102224,1815.8286566113893,-0.9254046334448075,1.7521629636651543,13.25395700469935,4.398876519543654e-06,3.6159138116188183,0.187059572329123,0.18705957274579213,1.6843272849784536e-13,4388194091.068583,16.445844100089744,1.0,1.5759220694758314,1.2720988807720188,9.690056468019606,41.525873756996475,3677.2407135278145,,,,,
358,3381.852228350809,19.383118531799163,30.265902103640837,2605.7505881379275,984.363471495532,-1.7424621680217902,2.6224878760773476,13.74076255275157,0.00010209605081814427,3.7051075004196514,0.187059572329123,0.187059572329123,1.5538408945090058e-13,188539763.253108,16.48012170009315,1.0,1.5759220694758314,1.2720988807720188,19.383118531799163,47.69670307772259,3314.7724067412873,,,,,
359,3868.595330191399,19.673660403918994,34.922581345101115,2982.3832568897587,3197.7447642367356,-1.8204268509277532,2.7300972186161827,13.777955232265114,5.6025465997068535e-05,3.264699198036615,0.187059572329123,0.18705957239283308,1.4315819615575312e-13,2733974216.50907,16.514433700125664,1.0,1.5759220694758314,1.2720988807720188,19.673660403918994,55.03526666480981,3793.8864031226703,,,,,
360,3674.276911741306,19.307158571742157,47.93894064487462,2873.738965690034,2533.165058530972,-1.936103969729197,2.6101035653249487,13.849284302305115,6.749696051192022e-05,3.5534176307197116,0.187059572329123,0.18705957232991613,1.3206676780320534e-13,1447199919.5050673,16.560205900110304,1.0,1.6685378688099048,1.2440175875384512,19.307158571742157,79.98793785660362,3574.98181531296,8.891504571549458,2.59360768590146,12.514908195034941,3.4282380561573014,0.7104730161006693
361,3570.9965871790846,5.2411141607709695,72.10247142208473,2769.61499863786,1011.7267659431856,-0.08392235063705877,1.3163078636613041,10.446763189877753,0.00020418350402251484,3.7221376410434397,0.187059572329123,0.18705957233200318,1.2213620610110696e-13,1621842416.4510336,16.59442980005406,1.0,1.6685378688099048,1.2440175875384512,5.2411141607709695,120.30570400253232,3445.4497690157814,,,,,
362,3326.9262356618824,0.7952993403199118,103.12155913688105,2535.389162826822,1918.7292158043942,0.6850716794929087,0.7927878897694967,2.139616763010695,8.840160587278434e-05,3.600811458028819,0.187059572329123,0.187059572329123,1.1275395622793281e-13,1.0471301751635009e-11,16.628375299973413,1.0,1.6685378688099048,1.2440175875384512,0.7952993403199118,172.06222651060608,3154.0687098109565,,,,,
363,3556.6023678048205,23.781621365905004,127.74599532590166,2668.508668127032,893.7698407052426,-2.5112189108176373,2.9730043729800344,14.064242032432942,0.0012606064598038383,3.7328518368056036,0.187059572329123,0.18705957232912301,1.0408971557806087e-13,291006756.7082312,16.66100040008314,1.0,1.6685378688099048,1.2440175875384512,23.781621365905004,213.14903079008002,3319.6717156488353,,,,,
364,3399.965565514748,9.137041566727524,152.82667979692468,2520.729170354628,2226.500438980102,-0.21033079256880757,1.5864043417382667,13.779880457808446,0.00017005079236884907,3.611303280466396,0.187059572329123,0.187059572329123,9.61303670033215e-14,150.8450841636984,16.693989200051874,1.0,1.6685378688099048,1.2440175875384512,9.137041566727524,254.99710260565445,3135.831421342366,,,,,
365,3560.059493461884,25.406995627295426,164.58749315765533,2620.567478647311,1092.2369846797005,-2.292192953520262,2.9982806113158986,14.474135302737839,0.00027910071051721885,2.9630661914835636,0.187059572329123,0.18705957232912357,8.927422000860515e-14,436761091.2497607,16.72576340008527,1.0,1.6685378688099048,1.2440175875384512,25.406995627295426,274.620465066039,3260.0320327685495,,,,,
366,3500.8912549835036,26.12006021786751,171.45523259261063,2563.2207119263867,1544.364484218174,-2.4716642389566603,3.1820886158894246,14.471463583854769,0.00014641000029696344,2.6808853802550043,0.187059572329123,0.18705957232912301,8.232991830379582e-14,264392974.3270523,16.757539599901065,1.0,1.6685378688099048,1.2440175875384512,26.12006021786751,286.0795483863811,3188.691646379255,,,,,
367,3456.940082185201,23.238770944086877,169.83823719246655,2532.3755969938748,1908.3144744830392,-1.8101829288246203,2.764074434098417,14.579948608584747,0.00034372712250675674,2.5588608370440853,0.187059572329123,0.187059572329123,7.590219001663448e-14,101288753.9855189,16.78997249994427,1.0,1.6685378688099048,1.2440175875384512,23.238770944086877,283.3815303275492,3150.319780913565,,,,,
368,3381.4419551484784,16.189764544668385,158.16443530170224,2493.010446050568,2242.8994134972536,-1.0721657400360702,2.0362357328225227,14.66096542896903,0.0006193467940091221,2.8299558920237855,0.187059572329123,0.187059572329123,7.020188305087376e-14,211304.92156029423,16.821702199988067,1.0,1.6685378688099048,1.2440175875384512,16.189764544668385,263.90334979982435,3101.3488408039857,,,,,
369,3331.423825806347,10.793127393315812,136.4605412107776,2486.251921827395,2132.7898731703167,-0.5725254592435456,1.7305155134913268,14.059303839560854,0.0001962403456239395,3.139009008500626,0.187059572329123,0.187059572329123,6.496646912988229e-14,4242761.784997824,16.860780599992722,1.0,1.6685378688099048,1.2440175875384512,10.793127393315812,227.68958060847703,3092.941117804554,,,,,
370,3358.2637898025305,18.666999895417455,108.68772251573057,2515.2014849282555,1502.1597021663626,-1.676572777160298,2.477191475677423,13.689214440657171,4.433301641128262e-05,2.953095526435468,0.187059572329123,0.187059572329123,6.003959954427629e-14,97654623.56275204,16.910434500081465,1.0,1.6301687716096993,1.2573217206472802,18.666999895417455,177.17933110252437,3162.4174588045885,4.2719468468521615,4.7405190702960605,2.828916058823446,0.9011559248057966,1.510100249715036
371,3261.3633395792035,16.153503598590593,81.6274540257985,2475.216373355573,1667.1034757748744,-1.0945561201748966,2.1206254373962774,14.296769247625098,0.0033697555788782946,3.6623318833776857,0.187059572329123,0.187059572329123,5.558698458885429e-14,200171.013034264,16.940470499917865,1.0,1.6301687716096993,1.2573217206472802,16.153503598590593,133.06652645886314,3112.14330952175,,,,,
372,3204.264055081757,17.432726024373316,56.805605104725544,2460.9680678787063,1477.378561856062,-1.0062669891007587,2.100933120589396,14.87312788839233,0.0,1.7429493971857943,0.187059572329123,0.187059572329123,5.150371417719136e-14,306518.3195181082,16.97073610010557,1.0,1.6301687716096993,1.2573217206472802,17.432726024373316,92.6027234941161,3094.2286055632676,,,,,
373,3356.0965244698173,17.248150852957416,37.08931702773349,2607.436484553989,1385.3248509517869,-1.3944520226850112,2.337918071548822,13.925517899737002,2.6976988912168903e-05,3.671256232727431,0.187059572329123,0.18705957232918247,4.749739489615813e-14,505454405.6239344,17.001187900081277,1.0,1.6301687716096993,1.2573217206472802,17.248150852957416,60.461846378943015,3278.3865272379167,,,,,
374,3157.046382025732,10.022652551316263,26.494838784756794,2468.606578339227,982.1961140576163,-0.45394134006260706,1.5540241679768227,12.986651320661199,0.00015080168217352502,3.719481315875308,0.187059572329123,0.187059572329123,4.391001252446129e-14,56973185.67018938,17.02892139996402,1.0,1.6301687716096993,1.2573217206472802,10.022652551316263,43.191058795744,3103.8326706786715,,,,,
375,3566.486043735272,17.681061835797053,19.591071509106353,2797.1108517177627,1735.0479653559858,-1.0838811615562376,2.189352555507931,14.93542074107042,0.0007753146561887553,3.5258758360110023,0.187059572329123,0.1870595725574041,4.0637760770716786e-14,1287446727.852925,17.055621300125495,1.0,1.6301687716096993,1.2573217206472802,17.681061835797053,31.93675297651768,3516.868228922957,,,,,
376,3294.846402577784,12.361019569284938,16.564386942566486,2589.2200725029365,1807.8370125591682,-0.8847855506827447,1.768622694887347,14.341799426893866,0.0,3.6316700983519197,0.187059572329123,0.18705957232925713,3.774767490509373e-14,440199051.9312866,17.082424900028855,1.0,1.6301687716096993,1.2573217206472802,12.361019569284938,27.002746314631352,3255.482636693868,,,,,
377,3620.495247485431,16.176739783041686,15.439371133432878,2846.6459047448866,3225.3204858753347,-1.292674907241344,2.3692728581216556,15.080787999174966,0.00020928551252639288,3.3050331991829536,0.187059572329123,0.1870595726484271,3.4778281635681395e-14,1203556798.696543,17.110915299970657,1.0,1.6301687716096993,1.2573217206472802,16.176739783041686,25.168780675014528,3579.1497270273744,,,,,
378,3570.56316850413,19.321634951811408,16.689624503121323,2802.810586190489,3607.1615299394844,-1.6487683305950218,2.5788842478308185,15.20508033565325,0.00046343635784867193,3.7332349100978117,0.187059572329123,0.18705957232969245,3.221170316612145e-14,457620950.6524684,17.13902770006098,1.0,1.6301687716096993,1.2573217206472802,19.321634951811408,27.206904674880423,3524.034628877438,,,,,
379,3308.4430751031596,10.603027721550667,21.970707783356573,2594.4227575927825,1705.5190654665216,-0.6543561425407675,1.7890851457982293,14.770355261782731,3.958946478808956e-05,3.160918693737634,0.187059572329123,0.18705957232958975,2.9862648851907566e-14,454445527.24930435,17.1662745999638,1.0,1.6301687716096993,1.2573217206472802,10.603027721550667,35.815961718590046,3262.024085663019,,,,,
380,3284.5506329428663,23.83993656882103,31.632479277106803,2606.375049781899,2349.646387211678,-2.056392442233778,2.9216856827805917,14.259285495962478,0.0004121472814815619,3.1631242891166913,0.187059572329123,0.18705957232912448,2.7691037498959097e-14,194000355.5329421,17.206933700013906,1.0,1.7414205993245788,1.2299171010025705,23.83993656882103,55.08545102086165,3205.625245353184,7.8352032677026,2.0323699012992655,11.047489099929575,3.855205325907289,0.7092293277530862
381,3388.3742168208437,28.59907762402803,49.5674731682062,2661.526795339999,1543.096450518962,-2.4919483746372513,3.287810484830685,15.689119424121085,0.00014005607969564543,3.5738926913028815,0.187059572329123,0.18705957233181558,2.5691940601900732e-14,589431804.8225548,17.23320550005883,1.0,1.7414205993245788,1.2299171010025705,28.59907762402803,86.31781883158261,3273.457320365233,,,,,
382,3079.4473702554997,9.673043571674782,76.65962078143373,2387.3785326873744,1775.452889454582,-0.42285163127901876,1.5517839713123833,14.901196353582273,5.404384100843318e-05,3.733625929444007,0.187059572329123,0.187059572329123,2.3827260115727156e-14,4191651.9674063576,17.261331500019878,1.0,1.7414205993245788,1.2299171010025705,9.673043571674782,133.49664276519925,2936.277683918626,,,,,
383,3100.271433282571,4.027603819765219,101.23246838072217,2374.107589303321,2082.9485487598245,0.30547752037601406,1.20796397355366,11.046005253312094,0.00028592726557448433,3.244446151614444,0.187059572329123,0.187059572329123,2.2130838259531496e-14,1.0718114683332133e-05,17.28959419997409,1.0,1.7414205993245788,1.2299171010025705,4.027603819765219,176.28830575866368,2919.955523704142,,,,,
384,3154.831987763328,20.135458895842135,117.57227286744066,2382.2367772578773,2044.7051976237021,-1.4180044606502156,2.4081596806177,16.028296759122924,5.775703378708974e-05,3.1071179105721582,0.187059572329123,0.187059572329123,2.0508878679107195e-14,21707973.920277737,17.319300200091675,1.0,1.7414205993245788,1.2299171010025705,20.135458895842135,204.74277788077143,2929.9537509867146,,,,,
385,3129.887551792741,8.121122070632318,124.16117091893337,2362.3946741444206,2288.490492063923,-0.31386901577483317,1.4241680478102257,15.849544091439334,7.482494538801898e-05,3.7004696274335007,0.187059572329123,0.187059572329123,1.904155230346275e-14,601082.9113741085,17.354265399975702,1.0,1.7414205993245788,1.2299171010025705,8.121122070632318,216.2168206744904,2905.549609047618,,,,,
386,3176.5564294800924,21.226464019983325,119.85692906510663,2395.778250267771,1728.5070677540982,-1.6027006867122,2.5864169191617066,15.889789837157505,0.00014740945100479713,3.1788118971728636,0.187059572329123,0.187059572329123,1.7652986502517064e-14,40513552.770774975,17.387604699935764,1.0,1.7414205993245788,1.2299171010025705,21.226464019983325,208.7213252457615,2946.608640214348,,,,,
387,3106.2570427360783,23.35755951510424,109.07050418379971,2352.1600424112985,2096.543565336933,-1.713539406757986,2.5548359913758896,16.295825438564286,0.0001715206627987756,3.128427742632655,0.187059572329123,0.187059572329123,1.6376727648963105e-14,676473.0536557162,17.417614199919626,1.0,1.7414205993245788,1.2299171010025705,23.35755951510424,189.93762276438648,2892.9618604565876,,,,,
388,3042.8237927937703,7.395786424724462,91.78202997729095,2338.041227636167,2044.7542386601226,0.047407516604306914,1.2442104819714412,15.941770199183672,1.8855786464606894e-06,3.712845695495962,0.187059572329123,0.187059572329123,1.5195258065792905e-14,319.97730543490434,17.44762789993547,1.0,1.7414205993245788,1.2299171010025705,7.395786424724462,159.83111765028045,2875.5968887187655,,,,,
389,3000.009029640834,8.289110277972947,71.01889968151394,2331.9019974421126,1818.2312111065887,0.07715842696200068,1.3536629074750282,16.392251997442052,0.00013806179066121194,2.4332305398999363,0.187059572329123,0.187059572329123,1.4104817180924206e-14,132776.53374800715,17.478494399925694,1.0,1.7414205993245788,1.2299171010025705,8.289110277972947,123.67377484675416,2868.046144516107,,,,,
390,4586.362413320056,17.24873654324232,50.609361994167976,2335.0481387104605,1835.3510558191722,-1.1077245738024517,2.265646643787287,14.98732021784662,5.961253846904768e-05,3.6175469264635614,0.187059572329123,0.187059572329123,1.3083623377242116e-14,11125451.754183264,17.519337099976838,1.0,1.9760089826220568,1.9139259053304354,17.24873654324232,100.00455390524725,4469.109122871566,19.978905650757024,3.1055994052904756,1.3399584697046885,6.433188265274136,14.91009318755987
391,4649.1904154928925,31.988238142630404,33.82253492262703,2377.5050705228273,1483.722073260361,-2.591904676447524,3.403183174504209,16.138571097165496,0.0014999089603286025,3.717708926798452,0.187059572329123,0.187059572329123,1.2085178848169563e-14,15019990.95468668,17.54854129999876,1.0,1.9760089826220568,1.9139259053304354,31.988238142630404,66.83363282215922,4550.368544528103,,,,,
392,4722.138233023139,32.764866592251494,23.46623581914282,2425.905757758333,2622.337991914974,-2.8319280663808533,3.590922534120331,15.734852957535646,5.768274245595423e-05,3.3854440789824007,0.187059572329123,0.18705957232912315,1.1128439659261996e-14,82323054.86263612,17.57810949999839,1.0,1.9760089826220568,1.9139259053304354,32.764866592251494,46.36949276695367,4643.0038736639335,,,,,
393,5486.376366989176,20.089650759213825,19.278184498509013,2836.1562144983336,5979.003149254452,-1.5315023650636228,2.45785088983749,16.14263724574569,3.7714957145832534e-05,2.618710424061933,0.187059572329123,0.18705957238907125,1.0212639026815343e-14,500868177.8682587,17.611936599947512,1.0,1.9760089826220568,1.9139259053304354,20.089650759213825,38.093865737699105,5428.1928504922635,,,,,
394,4453.99879786749,15.880268488519105,22.91252650882728,2295.200226376865,1588.833406262147,-0.9440368894286816,1.9303415928588084,16.52592108312002,0.00021931765766326078,3.7138514805066913,0.187059572329123,0.187059572329123,9.36228649167215e-15,405365.96279257553,17.642678099917248,1.0,1.9760089826220568,1.9139259053304354,15.880268488519105,45.2753581960087,4392.843171182962,,,,,
395,4506.511498546427,39.08436429892026,25.804458703604826,2307.527830496131,1470.7539903867466,-2.931652434714903,3.608059302562012,17.060062558566617,5.410534184003418e-05,3.4358325075804528,0.187059572329123,0.187059572329123,8.556509519472002e-15,9986696.33763464,17.674409500090405,1.0,1.9760089826220568,1.9139259053304354,39.08436429892026,50.989842190023055,4416.437292057483,,,,,
396,4589.512342048757,35.30406308932575,28.144944919588582,2350.4533809036084,1697.9578502900472,-2.826439482793106,3.624246940645268,17.004643070232653,0.0,3.691636256117095,0.187059572329123,0.187059572329123,7.803773843862318e-15,42590008.199931085,17.710094100097194,1.0,1.9760089826220568,1.9139259053304354,35.30406308932575,55.61466397651006,4498.593614982921,,,,,
397,4712.527529765826,39.37002208301498,32.081504210339226,2408.5384676327308,3171.1637392049006,-3.2997809406093834,3.9484292723816465,17.390488174592043,6.5671052142390884e-06,3.5630791524896006,0.187059572329123,0.18705957232912326,7.102287985154123e-15,82166723.38894436,17.74784340010956,1.0,1.9760089826220568,1.9139259053304354,39.37002208301498,63.39334049565765,4609.764167187153,,,,,
398,4899.955625142651,8.117848896391,42.098511906023234,2512.4539697030395,2381.5873690828157,-0.22845614867018416,1.6024103893833106,12.353525516394436,0.00036901648347720944,2.2430882704160755,0.187059572329123,0.18705957233223502,6.455486998713387e-15,312406434.79612046,17.783285500016063,1.0,1.9760089826220568,1.9139259053304354,8.117848896391,83.18703768132352,4808.650738564937,,,,,
399,4972.10536190409,21.66642337554909,58.84168409718895,2525.7859924129493,3471.60205982192,-1.4567873986570365,2.5329096275153042,17.47528698267311,3.386199164529674e-06,3.6365273091022012,0.187059572329123,0.18705957233228485,5.86323555380066e-15,331544628.3926915,17.8182757999748,1.0,1.9760089826220568,1.9139259053304354,21.66642337554909,116.2716963286548,4834.1672421998865,,,,,
400,4799.412279901551,29.039465781348543,89.11855708549606,2463.2597707712257,1676.082750136955,-2.005295832132359,2.9457432432562096,17.757279973839243,0.0005290562679381716,3.470440269014006,0.187059572329123,0.18705957232936404,5.3217772929715735e-15,238371075.8363063,17.863467999966815,1.0,1.9601507249341878,1.8656932023069202,29.039465781348543,174.6858042762239,4595.687009843979,7.745687998823717,4.669329242479022,8.159609958688883,1.65884382886468,0.9492718448601339
401,4684.528948675023,6.6954096217735035,128.45978386129218,2372.32627267971,1282.3423270284916,0.003088164652724646,1.3110502575521934,14.642707653344468,0.0006488753918155871,2.965364660554029,0.187059572329123,0.18705957232912634,4.827516020411826e-15,138503350.8264958,18.126358299981803,1.0,1.9601507249341878,1.8656932023069202,6.6954096217735035,251.80053846060096,4426.033000592648,,,,,
402,4498.445996344222,20.09507089544706,171.34895680603807,2220.3442336749395,3232.545598936171,-1.1434814562884716,2.2552335276839433,18.576416433840027,0.00011757892801798897,3.1253695723053827,0.187059572329123,0.187059572329123,4.381005620199445e-15,62758.63661956946,18.16456860001199,1.0,1.9601507249341878,1.8656932023069202,20.09507089544706,335.8697819000724,4142.481143548703,,,,,
403,4522.335075880068,9.20537143910719,197.36411017199455,2211.653178405339,3402.3036232973736,-0.1890233210546097,1.391315710375216,18.131769819177777,0.00010270355591222163,3.7256599989066013,0.187059572329123,0.187059572329123,3.971307455039965e-15,1537040.89864058,18.204163399990648,1.0,1.9601507249341878,1.8656932023069202,9.20537143910719,386.863403629626,4126.266300811335,,,,,
404,4646.572919380803,15.712330800888655,203.99766921686583,2267.786795893337,1722.5635273682308,-0.884654905244073,1.9764662687618235,16.67943712386381,0.0,3.485367990742204,0.187059572329123,0.18705957232912318,3.599871646958394e-15,108494923.119711,18.236820199992508,1.0,1.9601507249341878,1.8656932023069202,15.712330800888655,399.8661792003242,4230.99440937959,,,,,
405,4612.965773611726,29.0626899983937,203.4010769896553,2243.244660978921,2247.0603536700646,-2.058657925126234,2.958265520904796,17.950896352763547,0.00012007834123928252,3.4271251792507957,0.187059572329123,0.187059572329123,3.2630953288917934e-15,68345463.30294879,18.278627400053665,1.0,1.9601507249341878,1.8656932023069202,29.0626899983937,398.6967685136674,4185.206315099665,,,,,
406,4564.343623590846,32.91628109959037,192.58263358122457,2226.4841553428837,2436.51695162964,-2.530473431404515,3.2605200947238395,19.1001642856112,0.0,3.1326726144763084,0.187059572329123,0.187059572329123,2.9568893192779528e-15,65879334.68201304,18.311943100066856,1.0,1.9601507249341878,1.8656932023069202,32.91628109959037,377.49098882397243,4153.936353667283,,,,,
407,4458.359950682941,18.05526579142152,172.06643593594336,2199.1978802739186,2677.004833555731,-0.7674777802246592,1.9612683374948252,19.2709913305815,0.0,3.715769275570362,0.187059572329123,0.187059572329123,2.6785733797951098e-15,66798340.0660594,18.343810300109908,1.0,1.9601507249341878,1.8656932023069202,18.05526579142152,337.2761491366814,4103.028535754838,,,,,
408,4499.123936939705,13.438936642918174,143.04873561426464,2254.008275466593,1272.4845439592837,-0.5882353150874357,1.851614612135589,17.00720923856032,0.00021760494884762865,3.4910442952223297,0.187059572329123,0.18705957232912324,2.4266728702977338e-15,122668317.97536261,18.377933399984613,1.0,1.9601507249341878,1.8656932023069202,13.438936642918174,280.3970828152198,4205.287917481567,,,,,
409,4276.746049563529,23.47074395031125,118.23611996047171,2155.506963517212,2948.8934546279193,-0.9340273245113697,2.2201172488140486,19.67693498029415,0.0001349178677820459,3.7335979096716603,0.187059572329123,0.187059572329123,2.199351690094296e-15,65276.58594197362,18.4083920000121,1.0,1.9601507249341878,1.8656932023069202,23.47074395031125,231.7606162539242,4021.5146893592932,,,,,
410,4583.242653037276,13.820886298926695,88.1303879829294,2156.532165442756,2424.669177958974,-0.6523367121837033,1.7345163676790578,18.831131668016035,5.053048170076263e-05,3.6819557468298485,0.187059572329123,0.187059572329123,1.9927503266100673e-15,19904852.071535375,18.44849370000884,1.0,1.936014852232472,2.0397562796227864,13.820886298926695,170.6217400679615,4398.8000266703875,7.011052183563689,4.7454273039982375,1.3112233997057128,1.4774332708998745,5.346954748624246
411,4563.842112506813,19.08172215155826,59.8276181001812,2171.3051100196426,1579.9301881518977,-1.0779201578504518,2.212783345753943,16.873022052233175,0.00011188437224449177,3.52342453573013,0.187059572329123,0.187059572329123,1.8019529080596486e-15,66799497.76740238,18.47980639990419,1.0,1.936014852232472,2.0397562796227864,19.08172215155826,115.82715721564307,4428.933233139611,,,,,
412,4445.782000842859,16.56730380350274,39.2312222570185,2134.207165614702,1832.6166593944342,-0.9475703646120316,1.8618030961842857,20.068180854122517,0.00010765176100516194,3.731687895907018,0.187059572329123,0.187059572329123,1.6288082472260283e-15,4422006.3048822,18.51034429995343,1.0,1.936014852232472,2.0397562796227864,16.56730380350274,75.95222896082095,4353.262468078536,,,,,
413,5215.778590713082,28.561602494616697,24.78192373312411,2519.535724510503,3044.47779407013,-1.3588132016179368,2.6318283185827607,20.13371057841372,0.0,3.6182066034767564,0.187059572329123,0.18705958158104782,1.4705789867460023e-15,1544488650.1039474,18.54132830002345,1.0,1.936014852232472,2.0397562796227864,28.561602494616697,47.978172414220666,5139.238815804245,,,,,
414,4352.645014210961,10.015131837950115,19.113807159123194,2110.852806702222,1556.3197007124431,-0.316542775563152,1.434069719337181,19.396326293509986,0.0006160121488400921,3.7077942191747657,0.187059572329123,0.187059572329123,1.3278855120239727e-15,1526961.9765330527,18.574715099995956,1.0,1.936014852232472,2.0397562796227864,10.015131837950115,37.00461454276986,4305.625267830241,,,,,
415,4865.006489847342,15.729404902657786,15.064851675147374,2363.08198018947,3630.05382923822,-0.6748928091031162,1.7641058490412078,19.92288447908894,0.0012530821849850021,3.5689220470268346,0.187059572329123,0.18705957232939255,1.198110101589751e-15,229466428.4985816,18.60657520010136,1.0,1.936014852232472,2.0397562796227864,15.729404902657786,29.16577658976455,4820.11130835492,,,,,
416,4736.953718715762,41.09191824547951,14.10692244255065,2288.7786328892057,3591.2789354384568,-2.634403555537301,3.589279962854194,20.16131561629024,0.0007511398130527827,3.7140328550485284,0.187059572329123,0.18705957232915285,1.0815080469806462e-15,153969480.62537643,18.63824629993178,1.0,1.936014852232472,2.0397562796227864,41.09191824547951,27.31121136806964,4668.550589102213,,,,,
417,4940.650597302982,16.759250163774425,15.1623380527055,2399.569440903866,4549.140909775115,-0.936982102479451,2.0719874421534548,17.52556859605021,4.315418925613171e-05,3.559068234615804,0.187059572329123,0.18705957237463994,9.75699123721437e-16,403119327.5085858,18.670746499905363,1.0,1.936014852232472,2.0397562796227864,16.759250163774425,29.35451166460743,4894.5368354746,,,,,
418,4596.837399318875,29.27619633096831,20.335305523266328,2219.967059156489,3096.60925301616,-1.6675971604824769,2.6833198289571083,19.88613935262834,0.0030165940794451424,3.6943268542521834,0.187059572329123,0.187059572329123,8.810524656017317e-16,48314774.964528926,18.701896599959582,1.0,1.936014852232472,2.0397562796227864,29.27619633096831,39.36945351772863,4528.191749470178,,,,,
419,4277.696747123038,10.461442438931739,31.648937458149284,2061.992667322767,1809.0571760695175,-0.3028855537760206,1.417961589379903,17.827582960811196,0.00033694853074807407,3.7306608337457554,0.187059572329123,0.187059572329123,7.955825383941995e-16,105452.56548268946,18.734151700045913,1.0,1.936014852232472,2.0397562796227864,10.461442438931739,61.272812976353634,4205.962491707753,,,,,
420,4870.735936005149,24.926002919835433,44.42331122660601,2382.394974202138,2535.011883038662,-1.7159261606645921,2.5438112104620645,19.53387914920478,0.0002046880164828374,3.6608792591776225,0.187059572329123,0.18705957243080715,7.177561504732233e-16,386019991.0976318,18.775716100120917,1.0,1.9978984938614226,1.996753988320712,24.926002919835433,88.75326659197337,4757.056666493339,9.804162055452258,3.089201909303377,8.31065116502894,3.1736876848114863,1.179710453581301
421,4551.524275954286,12.76799715671197,65.5265689194061,2207.503213329059,1900.9573889230367,-0.3012761836708748,1.7089313185415005,16.75096844831282,0.0010863444831450825,3.185542804950441,0.187059572329123,0.18705957232912443,6.4790221840706e-16,76968248.75826252,18.80974359996617,1.0,1.9978984938614226,1.996753988320712,12.76799715671197,130.91543335198816,4407.840845445586,,,,,
422,4294.682036216856,31.972473554326896,94.8141754772381,2039.9510846629175,2765.9948357097273,-2.2702036130940915,2.8319605969358705,19.817641796940734,0.0003753671529356725,3.7306893670309353,0.187059572329123,0.187059572329123,5.851297195883924e-16,2253758.065492885,18.84677050006576,1.0,1.9978984938614226,1.996753988320712,31.972473554326896,189.42909838268662,4073.280464279843,,,,,
423,4314.680089386522,33.11643075455782,116.77449854372179,2027.420547322739,3062.472962971362,-1.8624552350357915,3.0002889290657806,20.3542460305116,0.00011910631113100367,3.0512042043248067,0.187059572329123,0.187059572329123,5.283912861023971e-16,1752629.4975228026,18.877701200079173,1.0,1.9978984938614226,1.996753988320712,33.11643075455782,233.30359476192464,4048.2600638700396,,,,,
424,4691.382460847456,23.366471755794265,126.65069892643064,2211.078968307502,1442.3673874174697,-1.2741251915847784,2.455999811901151,19.461282264535782,0.0009207230256280535,2.977207528624301,0.187059572329123,0.18705957232912931,4.771246696633839e-16,77643462.60741308,18.90934249991551,1.0,1.9978984938614226,1.996753988320712,23.366471755794265,253.03524063161225,4414.98074846005,,,,,
425,4329.9600995643295,10.097927241166685,139.16883809954868,2024.1937584363284,2887.25782386363,-0.21074760528606237,1.4242498927464162,17.90511008152474,0.0,3.6541387431626906,0.187059572329123,0.187059572329123,4.3115707490497556e-16,20174526.782123562,18.94243449997157,1.0,1.9978984938614226,1.996753988320712,10.097927241166685,278.04521203153246,4041.8169602916305,,,,,
426,4277.688739545395,11.992512341424538,139.14363960862866,1997.0919715318498,3384.4526273298893,-0.41263816536551007,1.6095493721205816,20.4056600542943,0.0,2.8855091993606274,0.187059572329123,0.187059572329123,3.8955997508516307e-16,29327.12123331864,18.977261200081557,1.0,1.9978984938614226,1.996753988320712,11.992512341424538,277.9948680044758,3987.7013591994946,,,,,
427,4470.476345828429,14.651117975780599,125.51468690270262,2105.9477775070045,1392.5900035361553,-0.7647850667210763,1.9791907120025738,18.513505413502525,3.603219501513433e-05,3.6601269827191727,0.187059572329123,0.1870595723291241,3.522005390656756e-16,51700927.80938132,19.010805600089952,1.0,1.9978984938614226,1.996753988320712,14.651117975780599,250.76560392039758,4205.05962393225,,,,,
428,4576.593378822414,7.271001301059892,115.76786207183748,2172.541016882503,1390.4030693047582,0.02554897188127989,1.379673073503181,16.403461525757685,0.000581886367018912,3.6771897387383796,0.187059572329123,0.18705957232914475,3.1827401836668367e-16,71852515.59177428,19.047523600049317,1.0,1.9978984938614226,1.996753988320712,7.271001301059892,231.292437270881,4338.0299402504725,,,,,
429,4612.7164379969945,36.819635344317014,109.55054593358079,2182.054453084918,1481.8195847299437,-2.6398543410585202,3.3745388598208117,19.746429751965834,0.0001885749151324459,3.597077395661706,0.187059572329123,0.18705957232934448,2.87893756473302e-16,93762965.20271392,19.080965500092134,1.0,1.9978984938614226,1.996753988320712,36.819635344317014,218.87087072239765,4357.0259319302795,,,,,
430,4475.8640145953605,6.4043275689476165,107.26970938489363,1960.4366245097542,3068.8269039891957,0.274951231589246,1.1349615689736179,18.498244648993037,0.0001812820189492359,3.633259969935184,0.187059572329123,0.187059572329123,2.6061740752750246e-16,0.8759208070261505,19.125462499912828,1.0,1.9319279006322094,2.1741189127390848,6.4043275689476165,207.23734445338476,4262.222342573028,3.8604181801031454,5.689748350996863,0.696317034576345,0.6784866292771607,5.544052476688167
431,4986.751976299181,6.588028620231535,95.0342489737321,2206.2108022085918,1983.8443291957838,0.2305106337235154,1.2618949091122085,15.764458627703622,0.0007429181840456003,3.5207499180802264,0.187059572329123,0.1870595723293552,2.3567629175804707e-16,89964123.52976966,19.162595900008455,1.0,1.9319279006322094,2.1741189127390848,6.588028620231535,183.59931710798097,4796.564630570968,,,,,
432,4409.409266965236,11.420934553867502,89.84933965623661,1943.0427018152136,2849.906480584668,-0.021918542557091553,1.5546348442018787,20.18527661448193,0.0004346702681213843,3.722309212195486,0.187059572329123,0.187059572329123,2.130455089589725e-16,1779.1006625194977,19.195076799951494,1.0,1.9319279006322094,2.1741189127390848,11.420934553867502,173.58244613526352,4224.405886276106,,,,,
433,4397.488012158494,28.09137104281992,77.19036173869284,1941.1405709616186,2492.8337056968953,-1.5393073415919574,2.7254782226050085,19.2234194019069,0.0,3.7033335885683307,0.187059572329123,0.187059572329123,1.9248749011788585e-16,4260168.738079054,19.226654900005087,1.0,1.9319279006322094,2.1741189127390848,28.09137104281992,149.1262135028737,4220.270427612801,,,,,
434,4347.369574932333,40.8143196175004,61.082562321111894,1926.5497045180423,2363.4120228186694,-2.423436188746273,3.5291173581560065,20.037304251223198,0.00030823588910417615,3.7053778434952913,0.187059572329123,0.187059572329123,1.7375130051413001e-16,4553.1096605244375,19.257502699969336,1.0,1.9319279006322094,2.1741189127390848,40.8143196175004,118.0071063902618,4188.548148924571,,,,,
435,4995.97857322523,23.174151649277075,44.46617881491442,2247.7606636207915,3012.8901669325724,-1.2726809982009446,2.3385177144680527,18.724452530774943,0.003330615945961235,2.4852880956894965,0.187059572329123,0.18705957232917014,1.5678348506982299e-16,66951311.47522387,19.287865600083023,1.0,1.9319279006322094,2.1741189127390848,23.174151649277075,85.90545148703404,4886.898970088919,,,,,
436,4406.242905475915,36.87268910365219,37.71180648956319,1976.209166875251,1907.0494578040598,-2.1346438720949434,3.202524006982677,19.73343164080208,0.00040122187126979264,3.727169876373795,0.187059572329123,0.187059572329123,1.414523453641826e-16,18538812.791947212,19.315587599994615,1.0,1.9319279006322094,2.1741189127390848,36.87268910365219,72.85649114042994,4296.513725231833,,,,,
437,5004.9189482211,24.209551267762638,34.38281054017751,2260.356716081049,3126.5001404244103,-1.2847883656846921,2.4996088864496127,20.00972739593504,0.00028660673467331005,3.4898742132312868,0.187059572329123,0.18705957241746343,1.2768201999561203e-16,172937015.29565394,19.343221799936146,1.0,1.9319279006322094,2.1741189127390848,24.209551267762638,66.42511098472013,4914.284285968618,,,,,
438,5004.987267063176,25.204388164827307,36.83677348117118,2257.7499600776837,3104.372656536736,-1.4434483275126093,2.511825278472965,19.71829336487395,0.0003513552380412163,3.4173025689962295,0.187059572329123,0.1870595724143585,1.1525544564303793e-16,174587066.70152882,19.374655300052837,1.0,1.9319279006322094,2.1741189127390848,25.204388164827307,71.16599045754327,4908.616888440805,,,,,
439,4521.329004364511,18.588897754855886,45.22141721141897,2030.880446842731,2538.231506740054,-1.0132278116699025,2.057103041779433,19.612340485353393,0.00104400077357409,3.7266608941450663,0.187059572329123,0.1870595723291231,1.0402425702163043e-16,31138356.906240657,19.40964290010743,1.0,1.9319279006322094,2.1741189127390848,18.588897754855886,87.3645176168699,4415.375588992785,,,,,
440,5982.6558400067215,23.42491942556359,59.3703659974085,1874.1253313398447,2839.985482345148,-1.254933920086213,2.403945100054591,19.66558908621584,0.0002124770590567135,3.733559663819523,0.187059572329123,0.187059572329123,9.396337896060356e-17,223363.37721988102,19.4489788999781,1.0,2.046375938348984,3.114912719300149,23.42491942556359,121.49408842806943,5837.7368321530885,16.92082366237794,4.008829667293701,0.8061375730170415,4.220888654967705,20.98999504396037
441,6016.919162558685,41.733759704256556,68.77928149213773,1873.0660092019698,2805.379813918121,-2.6873206637078764,3.5167479061241056,19.733486078647672,8.527032826005643e-05,3.456895870195088,0.187059572329123,0.187059572329123,8.443568223358668e-17,823545.3071690683,19.49221000005491,1.0,2.046375938348984,3.114912719300149,41.733759704256556,140.74826670244227,5834.437136151986,,,,,
442,5945.178534438152,17.904452710931395,72.25394033870992,1855.4020216867223,3020.951884072377,-0.7366809086666984,1.8597735203055936,19.343045959322758,0.002407645520471624,3.3300010226683763,0.187059572329123,0.187059572329123,7.557564895261462e-17,45175.358646983856,19.522305299993604,1.0,2.046375938348984,3.114912719300149,17.904452710931395,147.85872496003904,5779.415356767182,,,,,
443,6219.441124385112,7.040056242329441,68.86575261404192,1949.1640364103805,3147.383225448083,0.053750950774579094,1.3900525579513683,15.10356989711895,5.36672915173661e-05,3.6492223294851085,0.187059572329123,0.1870595723291233,6.744312358504863e-17,38301351.76432154,19.552486600121483,1.0,2.046375938348984,3.114912719300149,7.040056242329441,140.92521912566906,6071.475849017113,,,,,
444,6909.929744858964,15.250005215645848,72.96911568064212,2165.5044956082684,6814.338911369601,-0.7880560835851391,2.0042217175745165,16.928158705004915,0.0012964612870588546,3.729143055885972,0.187059572329123,0.18705957232919063,5.99743034168764e-17,79899316.80613211,19.583948200102895,1.0,2.046375938348984,3.114912719300149,15.250005215645848,149.3222425714696,6745.357497071849,,,,,
445,5901.980964926256,19.696743163891725,98.78066431396623,1823.5316231949946,3466.304776089032,-0.8559028829353118,2.06969107113388,19.88274767270495,0.000926069422024417,3.586669725407842,0.187059572329123,0.187059572329123,5.328324512242031e-17,1304.0735723348564,19.61390050011687,1.0,2.046375938348984,3.114912719300149,19.696743163891725,202.14237462622864,5680.141847136136,,,,,
446,5936.528796058448,21.326956929859325,115.01613305172872,1823.4333041619598,3346.9587385448085,-1.053088128132751,2.2879915683205585,18.50442241189194,0.00032070438488769615,3.6762658658434764,0.187059572329123,0.187059572329123,4.723114615774363e-17,4717762.803582732,19.64552709995769,1.0,2.046375938348984,3.114912719300149,21.326956929859325,235.36624719900297,5679.835591929586,,,,,
447,6490.875800043454,21.221434553263478,119.91647370086328,1998.2133497774332,3127.3540105055854,-1.1833272803830257,2.298181673661238,19.397677360819305,0.0003178518434817368,3.5865442320382375,0.187059572329123,0.18705957232913634,4.176958309170488e-17,83432268.11854671,19.678992399945855,1.0,2.046375938348984,3.114912719300149,21.221434553263478,245.39418639310537,6224.260179097085,,,,,
448,5907.720155357703,23.848837302616975,135.07534732216953,1800.196950202424,3669.0464823405946,-1.299715188881679,2.42215349181764,19.108618850110517,4.624951181463749e-05,2.8072645099309623,0.187059572329123,0.187059572329123,3.6933100267555204e-17,3461954.998875434,19.710521100088954,1.0,2.046375938348984,3.114912719300149,23.848837302616975,276.41494062421964,5607.456377430867,,,,,
449,6075.846114564548,27.71060791190402,135.95509703348932,1852.3537534893694,2046.675308918836,-1.5489921254117027,2.50908210445882,19.815118423468206,0.0005074879390008363,3.6623285055280337,0.187059572329123,0.187059572329123,3.258883577388379e-17,29575246.50133991,19.742165399948135,1.0,2.046375938348984,3.114912719300149,27.71060791190402,278.2152392652339,5769.92026738741,,,,,
450,6196.816833297715,39.35719322765003,138.5839479569121,1814.3460341946266,2429.1116057835634,-2.39550718960285,3.398071023466708,19.936546422589792,0.0,3.732302979917561,0.187059572329123,0.187059572329123,2.874725239062004e-17,24856988.53741286,19.784325799904764,1.0,2.0834800984776147,3.234621528598572,39.35719322765003,288.7368975366839,5868.72274253338,19.520121506642983,7.000325455796897,3.5432576678831422,2.788459140921594,5.50908890526862
451,6075.558649667277,22.509922789061328,135.4525463780613,1784.0838537643917,3115.3949506649083,-0.9977603415683127,2.2721203115813178,19.82943203504838,0.0001729650742946509,3.6862634799375664,0.187059572329123,0.187059572329123,2.531842108760242e-17,17505656.83625924,20.078586099902168,1.0,2.0834800984776147,3.234621528598572,22.509922789061328,282.2126846668068,5770.836042211408,,,,,
452,6205.419261231177,27.24383126712569,122.78476017408444,1830.926979673851,2327.2596121257147,-1.5651698560518248,2.410642311508316,20.52869402108827,0.0,2.877472675159923,0.187059572329123,0.18705957232912304,2.227762495352335e-17,63355383.577501856,20.118403000058606,1.0,2.0834800984776147,3.234621528598572,27.24383126712569,255.81960421905177,5922.3558257449995,,,,,
453,5936.833804495609,33.75899097365462,116.28027564588093,1750.0678590428056,3421.6146730798882,-1.6606018114156824,2.9027125040792217,20.332898231702274,0.0,2.8284645683359577,0.187059572329123,0.187059572329123,1.9590132125808337e-17,12514262.076402549,20.159612100105733,1.0,2.0834800984776147,3.234621528598572,33.75899097365462,242.2676401536842,5660.80717336827,,,,,
454,5853.441322539677,29.453859607554556,100.28153462306265,1735.922682655534,3367.4010430821263,-1.6491940515064687,2.510354800604932,20.890289150407725,0.0008693383512202099,3.716591738701066,0.187059572329123,0.187059572329123,1.721396910113864e-17,3673799.0191450813,20.19691210007295,1.0,2.0834800984776147,3.234621528598572,29.453859607554556,208.93458163194492,5615.052881300177,,,,,
455,6181.533725243953,32.493610025843985,78.49937029546301,1850.4446923834555,3538.1486121877283,-1.68679961700408,2.703859442408914,21.376505584967624,8.728943839882847e-05,2.2739998582510834,0.187059572329123,0.1870595723291242,1.511630022378942e-17,113323833.23315221,20.235210000071675,1.0,2.0834800984776147,3.234621528598572,32.493610025843985,163.55187575362203,5985.488239464487,,,,,
456,5674.555563717945,11.587139679942032,69.99327438767509,1705.6520464743048,3199.5712119676264,-0.061405389072314874,1.5074111666340668,18.866514645215663,0.00020652655977390633,3.673962050796537,0.187059572329123,0.187059572329123,1.3276143847412438e-17,0.0074983125363633045,20.26951269991696,1.0,2.0834800984776147,3.234621528598572,11.587139679942032,145.829594214004,5517.138829823999,,,,,
457,7074.024817768217,29.98118067963947,56.6584788197376,2141.207792881533,10426.560893533127,-1.5487958934897592,2.614195733990465,19.452285409651886,6.40527744211819e-05,3.5873142189799196,0.187059572329123,0.18705957233549952,1.1655036979490138e-17,387242863.36326754,20.306157999904826,1.0,2.0834800984776147,3.234621528598572,29.98118067963947,118.04681303093875,6925.996824057639,,,,,
458,5675.109163236103,30.905358766173947,71.66402463541401,1698.7747057214278,2789.110708222744,-1.4480073642853646,2.7688550578709905,21.05991995634529,0.0006333147495092561,3.6945243161672687,0.187059572329123,0.187059572329123,1.0243939170036377e-17,6156048.378912331,20.338744099950418,1.0,2.0834800984776147,3.234621528598572,30.905358766173947,149.3105691046946,5494.893235365234,,,,,
459,5629.45391176372,39.127767599735705,81.76057074425445,1675.6147741731045,3459.442665205431,-2.060114867145318,3.223403934657699,21.64258511755683,0.0,3.194536278310085,0.187059572329123,0.187059572329123,9.003505481468441e-18,41802.90561406484,20.371743800118566,1.0,2.0834800984776147,3.234621528598572,39.127767599735705,170.34652198582526,5419.979622178159,,,,,
460,9075.369079881222,27.27749795505421,82.93251573713573,1664.0193654403756,4514.714613675581,-1.363751756278977,2.4311738105677048,22.011303470474594,0.00030041420332881097,3.4987055152202684,0.187059572329123,0.187059572329123,7.908691128655678e-18,535.3124757960483,20.419639999978244,1.0,2.2593966432045267,5.324886427576056,27.27749795505421,187.37744766899107,8860.714134257178,30.091512397057656,5.371747178648957,0.6681075971197895,5.601810993015859,45.039919508148245
461,8992.377638304291,21.176834905797914,75.35861430985419,1652.7931483407324,4413.836317721878,-0.6833194930351609,1.9878570773626605,21.683160514214116,0.0,3.39891532777543,0.187059572329123,0.187059572329123,6.894925661533506e-18,16254.669646770342,20.45189019991085,1.0,2.2593966432045267,5.324886427576056,21.176834905797914,170.26500020822917,8800.935803190265,,,,,
462,8874.68026235157,1.5982245618845574,61.770599909106316,1640.1322113609683,4241.3763708210545,0.5294153001587,0.8494693144387647,9.27789972156321,0.0,3.482370009849876,0.187059572329123,0.187059572329123,5.972248396961906e-18,6.997672575617222e-13,20.484208799898624,1.0,2.2593966432045267,5.324886427576056,1.5982245618845574,139.56428608336466,8733.517751706322,,,,,
463,9388.131625025251,35.40364432481368,45.96362118499435,1736.9155295760406,7662.406889165223,-1.9349376250507764,2.935691160406917,22.4334456212496,0.0006726014307374684,3.6014896901301183,0.187059572329123,0.187059572329123,5.144690371637425e-18,69741067.65211502,20.51850840006955,1.0,2.2593966432045267,5.324886427576056,35.40364432481368,103.8500514149007,9248.877929285536,,,,,
464,8725.332164401229,12.704274968300137,46.93024620633663,1616.296228238502,3947.4050059122096,-0.06837518986614306,1.3973289923547803,22.35848345802469,0.0003879800640728681,3.7145064558209695,0.187059572329123,0.187059572329123,4.4147770798825646e-18,335.4900759067509,20.555955399991944,1.0,2.2593966432045267,5.324886427576056,12.704274968300137,106.03404074335896,8606.59384868957,,,,,
465,8839.021499137085,11.716082850524165,43.96055924566314,1639.0924379332882,3802.61608097722,-0.5501105526161987,1.5637634637937643,19.981170926618688,0.0,3.7298367407500908,0.187059572329123,0.187059572329123,3.773443133713956e-18,44892647.489334255,20.591479199938476,1.0,2.2593966432045267,5.324886427576056,11.716082850524165,99.32433999304503,8727.981076293516,,,,,
466,10705.615128690959,37.50726161795816,44.428528904909,1984.591848433709,19381.31575861655,-2.3165558190321645,3.1975019215597538,20.04981001175782,0.0002965638072779317,3.668012877249049,0.187059572329123,0.1870595723293018,3.215218622435656e-18,234123556.77373812,20.624628399964422,1.0,2.2593966432045267,5.324886427576056,37.50726161795816,100.38166907026668,10567.726198002734,,,,,
467,8598.717185458267,4.530018257961381,85.56891821520405,1577.658632701841,4656.38651525249,0.3740909796005035,1.025969756349596,15.551333446870654,0.0007952000199808809,3.652261016136841,0.187059572329123,0.187059572329123,2.7384453650632527e-18,1.6204388916445258e-10,20.65828530001454,1.0,2.2593966432045267,5.324886427576056,4.530018257961381,193.33412657807472,8400.85304062223,,,,,
468,9295.707636360761,24.70550938642359,129.4680248457738,1686.1359633397055,6018.540870485492,-1.1700189938537804,2.356169106693618,22.85698135885105,0.00010128603217726684,3.55588452239545,0.187059572329123,0.18705957232912326,2.3272311391294143e-18,119127111.01823895,20.692426200024784,1.0,2.2593966432045267,5.324886427576056,24.70550938642359,292.5196207388616,8978.482506235476,,,,,
469,9042.539687536355,15.074594577676708,200.39604519983698,1610.3049441048818,3400.3923508144308,-0.25903129359279586,1.7014853498855627,21.005502684106297,0.0008383692320045738,3.270524652240886,0.187059572329123,0.187059572329123,1.975899821373882e-18,46185829.867052235,20.726117300102487,1.0,2.2593966432045267,5.324886427576056,15.074594577676708,452.7741518359743,8574.690941122704,,,,,
470,8953.655074945458,43.493738916090116,283.83024664609746,1612.218731407703,3305.255207620151,-2.3442753907175864,3.4412355518047493,22.768294088079266,0.0002963264392656373,3.426770282630683,0.187059572329123,0.187059572329123,1.67597038127949e-18,75962369.75330487,20.769879299914464,1.0,2.193449228815212,5.140489896909194,43.493738916090116,622.5672356203139,8287.594100409055,10.403843724232711,11.062642264503623,6.355604490809316,0.9404483554182368,1.6369558142388272
471,8994.926519849165,44.016373300789446,377.2307744362003,1580.2917150290098,3374.277778133176,-2.5137662935814564,3.390786272261126,23.17019065616793,8.453281293254594e-05,3.70887878637847,0.187059572329123,0.187059572329123,1.4230950557277635e-18,54460752.82355947,20.80161190009676,1.0,2.193449228815212,5.140489896909194,44.016373300789446,827.4365512724487,8123.473595275927,,,,,
472,9018.43031288744,42.569056698449266,458.89378623974676,1550.2999119685076,4542.555961728395,-2.334863146606374,3.432403984662331,23.447950711750696,0.00010920670362876694,3.1574816654120443,0.187059572329123,0.187059572329123,1.2076053054832346e-18,64577364.5200481,20.836747700115666,1.0,2.193449228815212,5.140489896909194,42.569056698449266,1006.5602215356652,7969.301034653326,,,,,
473,8852.407878280901,10.432117033675194,514.0571929651974,1500.7163835511524,7642.085176048452,-0.11349940357865257,1.6151584042854887,17.734083691511707,4.445901665324492e-07,2.4066049545493655,0.187059572329123,0.187059572329123,1.0260705682544898e-18,5.11475966366506e-05,20.877005100017413,1.0,2.193449228815212,5.140489896909194,10.432117033675194,1127.5583534764248,7714.417407770801,,,,,
474,8811.842450765136,15.745069305759005,521.5892312221793,1488.5775554344877,7681.028004699435,-0.3400197228753175,1.7419832839906815,24.595517219509194,4.0028986974829234e-05,3.7013903174262066,0.187059572329123,0.187059572329123,8.725362488136666e-19,10727.401799759145,20.90616560005583,1.0,2.193449228815212,5.140489896909194,15.745069305759005,1144.0794969826084,7652.01788447677,,,,,
475,8704.485773604129,16.208775556363488,486.78777346574367,1482.4526231098382,7272.519765810309,-0.15732042647110997,1.7928856929523238,23.85510737947103,0.00038977092330179375,3.2525144722592882,0.187059572329123,0.187059572329123,7.427313795458445e-19,16383763.527859833,20.93841219996102,1.0,2.193449228815212,5.140489896909194,16.208775556363488,1067.7442663051095,7620.532731742656,,,,,
476,8441.314191391062,0.5937096817695353,419.003536989038,1463.2180293073552,7576.2341312108465,0.6576471943134929,0.7031289906629392,1.1964875014710978,0.0007052768845200452,3.6049998946582913,0.187059572329123,0.187059572329123,6.328327409910183e-19,8.159117989260508e-19,20.96929630008526,1.0,2.193449228815212,5.140489896909194,0.5937096817695353,919.0629850794516,7521.65749662984,,,,,
477,8175.034289088211,2.2298892763361806,325.1420132120391,1451.1499976221578,7204.402004166991,0.540695260713774,0.8306967923734854,18.089423260609408,0.0016372566811774583,3.653256478288513,0.187059572329123,0.187059572329123,5.396014504903143e-19,9.116370091537983e-12,20.99847840005532,1.0,2.193449228815212,5.140489896909194,2.2298892763361806,713.1824981353726,7459.621901676503,,,,,
478,7924.341195740118,36.532394049975274,219.67344581082372,1440.7121499914188,6327.969592485492,-1.3085623935053037,2.685028002599791,25.433381827457026,8.11706981014848e-05,3.520120745569259,0.187059572329123,0.187059572329123,4.603992787588165e-19,870428.5361310008,21.02715259999968,1.0,2.193449228815212,5.140489896909194,36.532394049975274,481.84255030493154,7405.966251385211,,,,,
479,8300.971518481254,21.430383253409328,123.68604930137386,1557.8752660495716,6266.996093438873,-0.8315697005283382,1.9078015234041974,23.09518857040539,0.0,3.661286469442687,0.187059572329123,0.1870595723291247,3.9302675201868686e-19,352316446.9037794,21.055708300089464,1.0,2.193449228815212,5.140489896909194,21.430383253409328,271.29906945529876,8008.242065772545,,,,,
480,8703.133235949592,54.44812185856086,76.57363783522253,1425.6972429286664,4303.5500438142435,-2.4260057991578483,3.6485819870101577,26.106109002622993,8.817070426116874e-05,3.5480663970640927,0.187059572329123,0.187059572329123,3.358785376235779e-19,15146437.657307094,21.09357520006597,1.0,2.3099439807769326,5.942218337242899,54.44812185856086,176.88081380366506,8471.804300287366,24.511561943031488,5.41890258412729,1.157567602817723,4.523344268049627,21.175058703583304
481,8556.192137775657,35.267670004086185,43.98881043659847,1416.8635856265844,3611.2335440145876,-1.449408851869606,2.6093147194962976,26.225943131983307,9.872230324866477e-05,3.463462968624324,0.187059572329123,0.187059572329123,2.865356228624058e-19,41992877.77584276,21.122334399959072,1.0,2.3099439807769326,5.942218337242899,35.267670004086185,101.61168788955816,8419.312779882013,,,,,
482,13811.413974193643,27.607266130135383,26.771804809107092,2309.232774684103,27248.978870389303,-1.4316958169285343,2.5980390869734817,25.23853463564684,0.0008596019405177555,3.1542731444045393,0.187059572329123,0.18705957361079834,2.4405338682488486e-19,1992321147.4881656,21.152532000094652,1.0,2.3099439807769326,5.942218337242899,27.607266130135383,61.841369373331865,13721.965338690175,,,,,
483,10699.656821881521,36.576085480907686,34.537532086414686,1781.0353594239023,16031.208100729114,-1.6621894379835214,2.9152625111016537,23.972527497511827,1.462911854617499e-05,3.5809986232687328,0.187059572329123,0.18705957256478636,2.0840431643625753e-19,1414829322.53454,21.187388400081545,1.0,2.3099439807769326,5.942218337242899,36.576085480907686,79.77976435390377,10583.300972046709,,,,,
484,8280.225545481542,3.1762282087787668,64.42285360297737,1367.8790769811185,4481.127732231521,0.48985549812564294,0.9778150405277675,12.693913846287431,0.0,2.589306105220323,0.187059572329123,0.187059572329123,1.7801504369788017e-19,2.7573189619530955e-12,21.22439970006235,1.0,2.3099439807769326,5.942218337242899,3.1762282087787668,148.8131829046711,8128.236134368093,,,,,
485,8374.010495142684,53.232465863974355,102.24444990796368,1360.5355136440667,5028.577622314781,-2.5552611515647867,3.6071345824554517,26.01003989847183,0.0002040521680163332,3.4527346204254528,0.187059572329123,0.187059572329123,1.5187440426866138e-19,2270940.480420536,21.253804000094533,1.0,2.3099439807769326,5.942218337242899,53.232465863974355,236.17895163274932,8084.599077645959,,,,,
486,8622.748624484653,29.192345532574564,137.80110854428395,1392.618542112576,3969.0868463476118,-1.2977695704220942,2.4255617660989093,23.66845730429138,0.00012817651744716912,3.6840937429195924,0.187059572329123,0.187059572329123,1.2948023461946386e-19,114904256.97912864,21.285986199975014,1.0,2.3099439807769326,5.942218337242899,29.192345532574564,318.31284122625743,8275.243437725821,,,,,
487,8355.09165556642,13.181695868580634,181.874405388922,1333.1368559890227,6523.334582226385,-0.07402744768826812,1.3507551848605854,25.34082060657071,0.0005065406561346186,3.2887998646692953,0.187059572329123,0.187059572329123,1.103851095262652e-19,74.1361065792513,21.328169099986553,1.0,2.3099439807769326,5.942218337242899,13.181695868580634,420.11968798552414,7921.790271712316,,,,,
488,8361.982088204706,25.37885195877183,208.79261774032722,1321.7797697602418,6809.978081505235,-0.7004388958519547,2.0302512476041157,25.616325511788293,0.00011787305912387691,2.8807526579411835,0.187059572329123,0.187059572329123,9.409962851545035e-20,6310.6204373398,21.36326300003566,1.0,2.3099439807769326,5.942218337242899,25.37885195877183,482.29925057992784,7854.303985666006,,,,,
489,8817.652944070827,23.389454202654445,214.8948505941301,1396.4260402939674,4920.516646235838,-0.8640129622718189,2.0966350972124896,23.139881263931617,0.00013438830609670965,3.6549982679571196,0.187059572329123,0.187059572329123,8.021849362255503e-20,135684275.69205126,21.395248299930245,1.0,2.3099439807769326,5.942218337242899,23.389454202654445,496.39506662986906,8297.868423238304,,,,,
490,8682.084058227434,43.05515914773547,233.38647551635194,1424.884751608722,5112.65851943021,-1.9170978091276647,2.9947434407138758,25.554390177204183,0.0009214300717723181,3.490405625500445,0.187059572329123,0.187059572329123,6.84551597217802e-20,115868497.65913622,21.444778400007635,1.0,2.2316086770107884,5.697444376504723,43.05515914773547,520.8272838592569,8118.201615220442,7.9885148064087765,10.748260749064665,7.631810672640615,0.7432379054540478,1.0467391224794025
491,8640.46430444293,46.52366406446356,266.0002314968285,1404.1966339636863,4668.5825148383365,-2.30904099229283,3.3461917469734326,25.60293114835516,0.0004401453082533979,2.753617271237453,0.187059572329123,0.187059572329123,5.85299476508919e-20,124796131.98141779,21.476416599936783,1.0,2.2316086770107884,5.697444376504723,46.52366406446356,593.6084246952009,8000.3322156832655,,,,,
492,7964.353467578555,1.1362640022447004,311.5012968406702,1275.6716391332955,7660.845295460428,0.803070439277073,0.9310548210131625,5.752234579340704,3.825817081501426e-05,3.5598288767723067,0.187059572329123,0.187059572329123,5.011685272903012e-20,1.7954194157562473e-17,21.50711020012386,1.0,2.2316086770107884,5.697444376504723,1.1362640022447004,695.1489969297529,7268.068206646557,,,,,
493,8260.345404464724,21.100752198110523,326.97145607573816,1318.059785668347,3015.3200883756954,-0.4517667006477045,1.8841363480366253,23.049962679554078,0.0003914191840296219,3.6465034011012207,0.187059572329123,0.187059572329123,4.296537525017098e-20,64086891.11024995,21.53628210001625,1.0,2.2316086770107884,5.697444376504723,21.100752198110523,729.6723385134692,7509.572313753145,,,,,
494,7923.664674766189,14.350643516123634,340.8942876112331,1254.6978800798652,7861.046104876713,-0.14030285064586087,1.5027564787650969,24.191387840967497,0.0005970963647663058,2.4575798833878078,0.187059572329123,0.187059572329123,3.688060912049043e-20,7500.694446290395,21.565543200122193,1.0,2.2316086770107884,5.697444376504723,14.350643516123634,760.742650176639,7148.571381073426,,,,,
495,7994.466685336736,46.25102284816141,324.5775355472081,1267.9168308494075,5715.1508207496445,-2.4030899127699916,3.4934992800723483,24.863696217539328,0.00011609275253191692,3.0182747839637956,0.187059572329123,0.187059572329123,3.1694489839051646e-20,28911958.262806077,21.59657940012403,1.0,2.2316086770107884,5.697444376504723,46.25102284816141,724.3300446899271,7223.885617798647,,,,,
496,7863.6236149977185,43.423903676256266,291.36527676706123,1258.4565917091222,5172.233781301251,-1.9867590417317622,3.2378018570622173,24.85515845235575,0.0003404751628744637,3.7104439210791353,0.187059572329123,0.187059572329123,2.7266182951096515e-20,28888719.828717116,21.62589249992743,1.0,2.2316086770107884,5.697444376504723,43.423903676256266,650.2132798130237,7169.986431508439,,,,,
497,7538.829013477554,20.39506488936728,247.58039802629173,1222.6414026648908,7123.159217932421,-0.5004755845820156,1.8520701038934784,24.274906710934417,0.0013351383528520597,3.2507730530784933,0.187059572329123,0.187059572329123,2.3480496696303407e-20,0.8672333442659724,21.65860419999808,1.0,2.2316086770107884,5.697444376504723,20.39506488936728,552.5025644932573,6965.93138409493,,,,,
498,7330.034810044217,0.6724233815555235,190.7549587754901,1211.713798198012,6529.401221253827,0.6931770657846109,0.7172475792571401,1.1970413336914836,0.0011805588010145238,3.7338076622951233,0.187059572329123,0.187059572329123,2.02390709634542e-20,3.349260696152234e-20,21.686689600115642,1.0,2.2316086770107884,5.697444376504723,0.6724233815555235,425.69042118621894,6903.671965476443,,,,,
499,7173.546923336068,30.85758022074974,131.72618774953426,1202.0701891863794,5522.6025730918045,-1.0995379660815945,2.4454325128128174,24.40888278300549,6.271481791288863e-05,3.7275231217501434,0.187059572329123,0.187059572329123,1.7458306127320476e-20,153.46175790567796,21.716675400035456,1.0,2.2316086770107884,5.697444376504723,30.85758022074974,293.9613035714129,6848.728039543906,,,,,
500,12665.914293333557,46.00575376551694,81.27546891536909,1192.6701243730772,6818.801636815301,-2.104425275595037,3.207192931476095,24.724102338942334,3.4350498041065686e-05,3.6912930523321714,0.187059572329123,0.187059572329123,1.5070248345283242e-20,3225.405342274172,21.75419140001759,1.0,2.6203314975338543,10.402658383778942,46.00575376551694,212.9686711757753,12406.939868392265,58.613092073587794,5.857756426846865,0.5872953834647788,10.00606508747211,99.80172452198907
501,12778.414777117687,59.39384255950816,44.951645045346794,1211.3473554826362,6479.680545186409,-2.8833351290074596,3.748643740858565,24.434376020883153,0.0006453276921214654,3.6421950420946114,0.187059572329123,0.187059572329123,1.2889763337604983e-20,9768926.04295649,22.026562199927866,1.0,2.6203314975338543,10.402658383778942,59.39384255950816,117.78821137828383,12601.232723179895,,,,,
502,12252.078798000906,13.072889519036552,27.091202483769308,1169.7027363968232,5885.005791131388,-0.3757135926914031,1.617665409637702,20.34774167254018,0.000599321074895437,3.279479881636936,0.187059572329123,0.187059572329123,1.0939833756708777e-20,2.3488358193012398e-07,22.058097700122744,1.0,2.6203314975338543,10.402658383778942,13.072889519036552,70.98793117428811,12168.017977307582,,,,,
503,13133.001887935858,20.04595791734591,17.0549872388816,1256.24294556707,17643.117471729314,-0.5206706836100787,1.9543386178746194,22.892029547449297,0.00021754650683127041,3.4384027611430215,0.187059572329123,0.187059572329123,9.226446314757546e-21,56862275.59238553,22.08627220010385,1.0,2.6203314975338543,10.402658383778942,20.04595791734591,44.689720252079404,13068.266209766432,,,,,
504,12102.419257764155,63.93460166956851,16.831226442300604,1153.0111651084076,5633.097259980531,-2.813135310531489,3.8553006028064547,25.599707009712414,0.0015758411855696097,3.685456341698538,0.187059572329123,0.187059572329123,7.745454643737576e-21,156337.00068662778,22.115554899908602,1.0,2.6203314975338543,10.402658383778942,63.93460166956851,44.103392788884946,11994.381263305702,,,,,
505,11838.740362502267,0.9170899858261942,16.697208417680862,1133.755489824545,5667.549525238636,0.709487098911215,0.8224305877725818,5.61393904317668,0.0003395725190275464,3.166622105325623,0.187059572329123,0.187059572329123,6.47501832065247e-21,6.590070284850833e-19,22.150333900004625,1.0,2.6203314975338543,10.402658383778942,0.9170899858261942,43.75222113773657,11794.071051378703,,,,,
506,11738.674822694604,26.362747553270054,16.29803242254221,1121.7907381860537,5605.592278251198,-0.954946016814989,2.446677409691641,19.42641082935588,0.00015468531946331854,3.6577326051345467,0.187059572329123,0.187059572329123,5.394331603778779e-21,1.6949939807979325e-08,22.181874600006267,1.0,2.6203314975338543,10.402658383778942,26.362747553270054,42.70624770461534,11669.605827436719,,,,,
507,19280.24491692859,28.937388423312168,15.742922357367545,1846.6487261701907,43973.66511125751,-1.2346298570263186,2.541008955073511,23.83233365332966,0.0002471965155580458,2.850130706320273,0.187059572329123,0.187059610703262,4.4825023112733145e-21,963773836.8750923,22.21371729997918,1.0,2.6203314975338543,10.402658383778942,28.937388423312168,41.251675316240096,19210.05585318904,,,,,
508,11508.57951611314,5.1240518718592964,34.39825822093892,1097.1542276695016,5872.315118652744,0.1514409447514417,1.0809675814472055,15.097218936116251,0.00023816658106157185,3.733273908904365,0.187059572329123,0.187059572329123,3.73008692325354e-21,8.376971708772767e-13,22.243616299936548,1.0,2.6203314975338543,10.402658383778942,5.1240518718592964,90.1348394766291,11413.32062476465,,,,,
509,11561.461386200212,71.77865248670015,69.55879138075593,1086.9736585179028,6411.609497970792,-3.001625048515687,4.228752613065782,26.155658469907646,8.951971521412722e-05,3.7142769503380135,0.187059572329123,0.187059572329123,3.0982474909861945e-21,58008.611790176656,22.274312200024724,1.0,2.6203314975338543,10.402658383778942,71.77865248670015,182.26709198538114,11307.41564172813,,,,,
510,14258.273336677052,12.617977585363152,114.52723504464645,1395.9303570747384,18911.774841259463,-0.008401385576117899,1.4949323493616637,22.163144628170297,0.0001127628160815311,3.72429221612085,0.187059572329123,0.18705957233052362,2.5702856786547514e-21,289916261.6029975,22.31693540001288,1.0,2.623778726331599,9.989868882441204,12.617977585363152,300.4941228957221,13945.161236195967,20.647002297535117,7.677531697498851,9.617265180690547,2.689276073488749,2.1468683570241955
511,11296.129394116753,36.72344359716105,210.7556779133374,1071.7287496310637,7540.918408925079,-1.4870009241114672,2.714865908120404,25.19734355077092,0.00013546584200169187,2.9035977753147013,0.187059572329123,0.187059572329123,2.1345527665093498e-21,8304510.510946798,22.34796899999492,1.0,2.623778726331599,9.989868882441204,36.72344359716105,552.9762641626091,10706.429686356983,,,,,
512,11299.074639123744,16.62080145145406,308.81422895771624,1048.2813895336603,10364.095690820128,-0.10574330099709513,1.6524563463489312,22.415872005162328,3.539036318336505e-05,3.6827103901182374,0.187059572329123,0.187059572329123,1.772875007559876e-21,0.0005647032182929708,22.37872779997997,1.0,2.623778726331599,9.989868882441204,16.62080145145406,810.2602043277515,10472.19363334454,,,,,
513,11793.435995534674,60.699885877180286,380.87756334750077,1074.4282820843596,5093.1078133339,-2.6916424510195935,3.945165104395734,25.705155824818103,0.00029287161442907717,2.7341337202757554,0.187059572329123,0.187059572329123,1.473375676606975e-21,24947661.85936758,22.40892000007443,1.0,2.623778726331599,9.989868882441204,60.699885877180286,999.3384480481885,10733.397661609304,,,,,
514,11440.854583178098,24.86309096916792,446.3793153101983,1025.5180584832729,11521.285839770544,-0.66379217694629,2.054233629075136,26.135011942907152,0.0,3.041007349679843,0.187059572329123,0.187059572329123,1.2258701888891467e-21,62570.15407101172,22.44428940000944,1.0,2.623778726331599,9.989868882441204,24.86309096916792,1171.2005513853633,10244.790940823566,,,,,
515,11369.21646870478,16.086781687220583,470.4317354718929,1012.9082800156269,11745.914054771101,-0.13963308692433254,1.5739730789176871,24.070717390260782,4.433841339846617e-05,3.6264708322743644,0.187059572329123,0.187059572329123,1.0209609202434187e-21,0.19923449714278596,22.47517849993892,1.0,2.623778726331599,9.989868882441204,16.086781687220583,1234.3087797224068,10118.820907295154,,,,,
516,11222.003280440942,22.57674070006689,454.3899143527939,1001.735665078813,11602.474449139976,-0.6610648996887178,1.85230703439331,25.74134532592011,0.0010929861474467256,2.7621911665588654,0.187059572329123,0.187059572329123,8.514452378275106e-22,4.76655390633746,22.506042999913916,1.0,2.623778726331599,9.989868882441204,22.57674070006689,1192.2185907384978,10007.207949002377,,,,,
517,10949.503632486187,0.7604924056460856,404.4635688597137,989.754755431192,11393.85018063313,0.8192238000721718,0.8192238000721718,1.1969522428186623,0.0009926517368899768,3.7098040788432534,0.187059572329123,0.187059572329123,7.110295622436981e-22,7.783512417463865e-22,22.537787599954754,1.0,2.623778726331599,9.989868882441204,0.7604924056460856,1061.2229075502726,9887.520232530269,,,,,
518,10745.29623066636,43.439100818922334,329.6193415556206,984.698500995993,9757.852241329985,-1.6216940441239336,2.854283881350834,25.352626293303242,0.0,3.243335524979442,0.187059572329123,0.187059572329123,5.94544083656514e-22,3539041.8512921007,22.571659399894997,1.0,2.623778726331599,9.989868882441204,43.439100818922334,864.8482161610666,9837.00891368637,,,,,
519,14536.769112460726,63.35700979998014,245.7035787981045,1384.2764547123304,37328.39947424232,-3.2421247602013548,4.234006497562481,25.51148262950639,7.998570097555308e-05,3.733802041772228,0.187059572329123,0.18705957232912387,4.977632700714732e-22,129450036.86756597,22.607116400031373,1.0,2.623778726331599,9.989868882441204,63.35700979998014,644.6718230340064,13828.74027962674,,,,,
520,11267.548028707462,15.195860634751568,271.4540527889791,956.8740369490363,9991.443317108617,-0.11397572570442174,1.5330214189704328,24.108063093732707,0.0001694125860211837,3.7286884691798434,0.187059572329123,0.187059572329123,4.1795038640881256e-22,0.06258202015462712,22.65356589993462,1.0,2.5511226171718593,11.035767704754024,15.195860634751568,692.5125735929283,10559.839594479783,14.921125413726516,12.745946282199021,0.48276174722125975,1.1706565431368048,30.907845328697622
521,11154.504714195313,14.479895959926823,274.40570235741484,946.0132275322437,9989.42785796238,-0.04533849992946291,1.5339567215064676,22.38994707706911,0.00017440864783387078,3.333122110403976,0.187059572329123,0.187059572329123,3.5074723707767463e-22,0.003307006427320937,22.68654639995657,1.0,2.5511226171718593,11.035767704754024,14.479895959926823,700.0425935649304,10439.982224670455,,,,,
522,11030.994326795395,46.48687356908156,256.5021902840658,936.0598365792406,9591.501546189438,-1.861416799372946,2.888027065309756,25.405350997822218,0.0019864457759043302,2.7904979541936634,0.187059572329123,0.187059572329123,2.9428931099202475e-22,0.060048811053970315,22.719099200097844,1.0,2.5511226171718593,11.035767704754024,46.48687356908156,654.3685389878002,10330.138914238512,,,,,
523,10784.348735428488,12.929277076774707,222.97870962895806,924.5005605431858,9272.703166714264,0.014235634747919921,1.4325437518719382,21.481595693749192,0.0001271495588767782,3.6750747747302177,0.187059572329123,0.187059572329123,2.469265742393541e-22,3.058795861595968e-06,22.749463699990883,1.0,2.5511226171718593,11.035767704754024,12.929277076774707,568.8460292822315,10202.573429069482,,,,,
524,10668.127961800243,83.84135778744215,179.93196848093535,917.4946737332139,8088.092291276777,-3.828358725770389,4.895698196260769,25.89048171715092,0.00014509330252816116,3.64272309066315,0.187059572329123,0.187059572329123,2.0723194460540965e-22,198791.80808958673,22.77845390001312,1.0,2.5511226171718593,11.035767704754024,83.84135778744215,459.0285143439683,10125.258089668832,,,,,
525,10401.47707958478,43.336906849554225,135.6823475742866,907.2316611715638,7276.09187460259,-1.691757064937091,3.0764221893345725,24.792948407759326,0.0,3.540117437773976,0.187059572329123,0.187059572329123,1.7398854493835269e-22,863442.6170210699,22.80745350010693,1.0,2.5511226171718593,11.035767704754024,43.336906849554225,346.14230564773595,10011.99786708749,,,,,
526,10576.84185371662,33.77193284571439,95.89522331760162,933.1865007769451,7202.657734172335,-1.675793493216336,2.935341101939469,24.876200782237404,0.00012105275251061975,3.669323232120087,0.187059572329123,0.187059572329123,1.461452062417438e-22,18064777.189914156,22.83747430006042,1.0,2.5511226171718593,11.035767704754024,33.77193284571439,244.64047308427976,10298.429447786626,,,,,
527,11253.120850305164,19.809142827005175,72.38547229750219,1001.1670948080722,16414.366085908212,-0.3220455412945215,1.7944759661724516,24.141225989857656,5.906839650952206e-05,3.1816159610487538,0.187059572329123,0.187059572329123,1.228260167227154e-22,72684047.4712198,22.866089599905536,1.0,2.5511226171718593,11.035767704754024,19.809142827005175,184.6642155328249,11048.647491945334,,,,,
528,12848.049486903607,39.59037762285088,69.6269252742522,1144.535896674259,22798.689965935053,-1.6181521119359497,2.7404268165597463,25.69683584270911,0.00021219369734549326,3.7264929940075375,0.187059572329123,0.18705957232913276,1.0335727236725954e-22,227566524.95638776,22.90096429991536,1.0,2.5511226171718593,11.035767704754024,39.59037762285088,177.62682383127975,12630.832285449476,,,,,
529,9747.428170839197,0.843117661008186,91.45890676843094,862.0390010095336,6803.9027415632245,0.8398221628435328,0.8555100475049071,1.1960573456014874,0.0005953426000943271,3.4932656715773693,0.187059572329123,0.187059572329123,8.710793896473047e-23,8.81143123307445e-23,22.929563600104302,1.0,2.5511226171718593,11.035767704754024,0.843117661008186,233.3228855987566,9513.262167579433,,,,,
530,17014.336670399047,72.24546600737429,108.986420951132,1563.7401149534603,62507.251530745554,-3.70890420199735,4.605376800850269,25.278330945213504,0.0006019064329003676,3.5226452051150705,0.187059572329123,0.18705957232922585,7.349212252453853e-23,363305745.5322903,22.96643800009042,1.0,2.9156975868559427,10.631127001764714,72.24546600737429,317.77144456728155,16624.31975982439,73.29653384114198,7.446850418548773,24.905772459743574,9.84262201085353,2.9429536449678393
531,9927.38394980327,30.030288795679915,218.1424978276004,871.150923600442,5289.029793891417,-0.8480703483351709,2.170486584640943,25.24893808649335,9.176991385243666e-05,3.565489290997185,0.187059572329123,0.187059572329123,6.222758918488659e-23,26792093.274852216,22.995628900127485,1.0,2.9156975868559427,10.631127001764714,30.030288795679915,636.0375545066622,9261.316106500928,,,,,
532,9881.782888913644,0.86880281618522,351.9525175737714,832.9057661008001,12392.724657468447,0.777911155551403,0.8541575986849373,2.7762770444759886,0.001114226432945932,2.911169442151526,0.187059572329123,0.187059572329123,5.277226411428333e-23,3.8295316098362492e-22,23.021440099924803,1.0,2.9156975868559427,10.631127001764714,0.86880281618522,1026.187106177719,8854.72697991974,,,,,
533,10145.261716410454,22.374364736362818,468.418148660594,823.7246798510854,13639.453023909275,-0.3183438476652841,1.771517149633701,24.486747041087533,0.0007701451238868937,3.733675170245218,0.187059572329123,0.187059572329123,4.4830882342803124e-23,0.00039174356187662813,23.051941799931228,1.0,2.9156975868559427,10.631127001764714,22.374364736362818,1365.7656656892223,8757.121685984868,,,,,
534,10873.051523104066,17.149195930760893,548.5925724600502,870.6858911522675,4492.91659186886,-0.404125943217697,1.755748716299287,22.820279885019502,1.1210732276764612e-05,3.4920882626804888,0.187059572329123,0.187059572329123,3.815006244353221e-23,77496202.33497415,23.079413800034672,1.0,2.9156975868559427,10.631127001764714,17.149195930760893,1599.5300396888622,9256.372287484442,,,,,
535,10463.126724129545,63.675303620461506,623.2782991629391,807.2672244697509,14414.053867497778,-3.213290067731179,4.1370016114138135,26.671869781847743,5.543977244736736e-06,3.110577885293097,0.187059572329123,0.187059572329123,3.253925958236202e-23,275578.04873319797,23.114719199948013,1.0,2.9156975868559427,10.631127001764714,63.675303620461506,1817.291032809058,8582.160387700025,,,,,
536,10703.848944297994,78.23522798901439,652.9970125697826,820.390152529207,9563.723836738576,-3.8130792089735093,4.701034333699309,26.38155132877467,0.0004743873409962379,3.672286154443843,0.187059572329123,0.187059572329123,2.781027655925266e-23,27906468.648286294,23.152213199995458,1.0,2.9156975868559427,10.631127001764714,78.23522798901439,1903.9418137738546,8721.671902535125,,,,,
537,10315.699474480572,25.07101170296593,655.3548345877668,788.233641799658,14984.102247458148,-0.5262464154896236,2.047221954784382,26.724323475111046,0.000208186603966376,3.7083590608353036,0.187059572329123,0.187059572329123,2.3815785087763867e-23,3985.558650072794,23.186633300036192,1.0,2.9156975868559427,10.631127001764714,25.07101170296593,1910.8165097419273,8379.81195303568,,,,,
538,10639.4731504973,52.707243215442766,616.8689998078326,826.644480089188,4957.320350049806,-1.9033035369449272,3.4255351474619307,26.546803029795846,0.0003988453343247364,2.4887280700751706,0.187059572329123,0.187059572329123,2.0435467450477366e-23,68042415.81097083,23.224716499913484,1.0,2.9156975868559427,10.631127001764714,52.707243215442766,1798.6034541459364,8788.162453135921,,,,,
539,9930.722230672498,52.96826595673178,575.9415366665978,771.1771870212779,14527.422605904696,-2.1117589920770103,3.182909784127861,25.7878563562476,0.0012202767550207189,3.67653360810913,0.187059572329123,0.187059572329123,1.7570511567363473e-23,0.005385230789722055,23.26422440004535,1.0,2.9156975868559427,10.631127001764714,52.96826595673178,1679.2713486289026,8198.482616086863,,,,,
540,10815.125154843823,26.672365666323945,503.6111670086612,762.7315363253956,13962.385075016437,-0.46225028284165803,1.8460998005652633,26.857050406340267,0.0010914842422223917,3.588152938906089,0.187059572329123,0.187059572329123,1.5130797405921216e-23,2.665167701373858,23.30702259996906,1.0,2.8246104467551003,12.279481022725955,26.672365666323945,1422.5053634351918,9365.947425742308,19.157658717556075,17.512294825214198,0.43941390829598603,1.0939547848390996,43.59820742098954
541,10420.033551838953,0.9179889837188767,410.5873663215201,754.0519164858233,13162.563616797097,0.9114163020554887,0.9163950135957596,1.1968169214259168,0.0003570236695918036,2.8692812675949004,0.187059572329123,0.187059572329123,1.3021987966356047e-23,1.487005626022853e-23,23.340563700068742,1.0,2.8246104467551003,12.279481022725955,0.9179889837188767,1159.749364217429,9259.366198637805,,,,,
542,10179.556584112903,60.357327824552755,309.0581641930459,752.9821757077094,10448.902138482199,-2.1787992221180894,3.48279168103292,27.053170922326224,0.00038935494656542474,2.982090467964403,0.187059572329123,0.187059572329123,1.1200887992372233e-23,7778436.975804322,23.377885000081733,1.0,2.8246104467551003,12.279481022725955,60.357327824552755,872.9689192346306,9246.23033705372,,,,,
543,10708.486730885372,93.59073071283754,215.29313839570213,814.918540435507,11046.479511050422,-4.529790009701781,5.387526485992254,27.648465930263175,0.00012353135986365588,3.035186249461429,0.187059572329123,0.187059572329123,9.630027656071325e-24,162810029.66673094,23.407963200006634,1.0,2.8246104467551003,12.279481022725955,93.59073071283754,608.1192478271919,10006.776752345342,,,,,
544,9495.263053994075,30.228018575181324,161.00954891895074,733.7643801753187,8171.586931619256,-1.0554992916020034,2.3984553127280734,27.324228401083204,0.0002743735323810087,3.0451487072337855,0.187059572329123,0.187059572329123,8.279104541397115e-24,3325445.8543815273,23.43765960005112,1.0,2.8246104467551003,12.279481022725955,30.228018575181324,454.78925390379464,9010.2457815151,,,,,
545,9190.019074593398,11.055376576611913,113.75142972511841,721.338320804339,7690.848526220651,0.07787573461486424,1.336145199409985,20.675895387300564,5.5466839841845916e-05,3.7287792886211273,0.187059572329123,0.187059572329123,7.114711518492054e-24,1.6917665714241317e-09,23.469485000008717,1.0,2.8246104467551003,12.279481022725955,11.055376576611913,321.30347673489814,8857.660221281887,,,,,
546,9037.484139516075,46.751099977944435,76.22930218220812,714.6405405899911,6513.039242279676,-1.6016311332286228,2.8241570545720664,27.774530790582354,8.148975650734691e-05,3.467268706053946,0.187059572329123,0.187059572329123,6.1131467492010335e-24,9562.759073188165,23.499347399920225,1.0,2.8246104467551003,12.279481022725955,46.751099977944435,215.3180832927164,8775.414956245413,,,,,
547,8819.987357205935,18.850721890596034,49.9803433831831,705.2384070007174,5856.131143554121,-0.746285803310471,1.8296056271886163,19.380979688717282,0.000160129787084691,3.64130615613987,0.187059572329123,0.187059572329123,5.2524502270102715e-24,4.207629466821326e-12,23.530200500041246,1.0,2.8246104467551003,12.279481022725955,18.850721890596034,141.17500005254612,8659.961635262793,,,,,
548,8691.601698393159,29.847506515815816,33.81200326499458,697.6067179366573,5397.276487772894,-0.8112575567828553,2.0602758229788005,27.940875154016336,0.00045066271492118226,3.7316663857725962,0.187059572329123,0.187059572329123,4.51347811177368e-24,19.525933929903452,23.55954940011725,1.0,2.8246104467551003,12.279481022725955,29.847506515815816,95.50573764802125,8566.248454229322,,,,,
549,14343.51895949553,54.519306040045386,25.3973315602745,1157.8064300191818,32471.385515604892,-2.410035251022967,3.5837561141855105,28.447306114226567,3.655863975000895e-05,3.6420380176278915,0.187059572329123,0.18705957270426743,3.8794953208505045e-24,3111226448.6720366,23.590285500045866,1.0,2.8246104467551003,12.279481022725955,54.519306040045386,71.73756804485436,14217.26208541063,,,,,
550,14144.920931074796,63.6095810919315,24.983497627211037,1188.6438727088391,31802.28238568528,-2.925632325611967,3.8491571429485254,28.088208668468027,9.87558368960792e-05,3.2603412988020324,0.187059572329123,0.18705957342228868,3.340442861614215e-24,3356850567.594734,23.630128199933097,1.0,3.5702170301161322,11.771494526274926,63.6095810919315,89.19650870053482,13992.11484128233,22.86792935143596,1.2892970537930464,10.788025735352914,17.736742113975733,2.1197510937053647
551,8063.89852345859,22.452768988103937,30.93826618812945,673.7453270645245,5210.356944137065,-0.7771886899058211,2.0235558685627013,20.916149727157677,9.503900772729612e-05,3.731523886533106,0.187059572329123,0.187059572329123,2.8830046512848347e-24,9.019504966035407e-10,23.919116500066593,1.0,3.5702170301161322,11.771494526274926,22.452768988103937,110.45632482712588,7930.98942964336,,,,,
552,8058.555612251126,30.51168227686762,39.385538246083485,670.0448267620073,5254.301323197886,-0.753774375891532,2.198236437738368,27.993215532773092,5.104129855340589e-05,3.7338838691248815,0.187059572329123,0.187059572329123,2.4902010748068522e-24,2048786.9229162983,23.947409299900755,1.0,3.5702170301161322,11.771494526274926,30.51168227686762,140.61491938645753,7887.429010587801,,,,,
553,9410.061544476644,80.68754814199552,49.05403934639802,777.6616987104865,22411.544290925962,-3.445044138421456,4.6424277563261205,28.04374453443962,0.0004951139658850578,3.695358137250757,0.187059572329123,0.187059572329123,2.1527622832839398e-24,87195715.23022737,23.973987499950454,1.0,3.5702170301161322,11.771494526274926,80.68754814199552,175.13356667049703,9154.240429664153,,,,,
554,7931.891441208382,2.6032534930389115,74.2368808441621,651.0852461729135,7115.354046359567,0.6124218109773191,1.0598494622376669,10.910183159316063,0.0007881293566662229,3.5210031984972217,0.187059572329123,0.187059572329123,1.863272583986031e-24,3.2150469358494715e-21,24.00183940003626,1.0,3.5702170301161322,11.771494526274926,2.6032534930389115,265.0417762525296,7664.246411462814,,,,,
555,8008.678700440601,60.22351202432485,100.59008264823915,644.7207485289784,7965.8091163572035,-2.3272037570882476,3.596768202559139,27.990324795481992,0.00017735288659154885,2.8851099730403083,0.187059572329123,0.187059572329123,1.6141293908651144e-24,1827.5919368691186,24.03025839990005,1.0,3.5702170301161322,11.771494526274926,60.22351202432485,359.12842613153265,7589.326762284743,,,,,
556,7932.511579333785,0.6967905712523248,122.94928731854333,636.5257302386339,9077.693302117379,0.7313661859204472,0.7496145622403548,1.1898627903403995,0.0,3.717574860041947,0.187059572329123,0.187059572329123,1.399681329381298e-24,1.4090866422787037e-24,24.05769390007481,1.0,3.5702170301161322,11.771494526274926,0.6967905712523248,438.9556394253048,7492.859149337229,,,,,
557,8353.019809239071,22.440234163097966,136.78338816962554,666.2053977675725,5262.147611045085,-0.40294242242586636,1.963552530477336,26.90250555167757,0.0,3.733901674036719,0.187059572329123,0.187059572329123,1.214973569155516e-24,40772605.55727503,24.089036700082943,1.0,3.5702170301161322,11.771494526274926,22.440234163097966,488.3463818801826,7842.233193195791,,,,,
558,7972.393814095964,58.65619370077275,152.5935702160577,625.9991406253063,9458.571888442419,-2.2181388345230677,3.442973862314036,28.14776969576011,4.7820867143194556e-05,2.993463714880311,0.187059572329123,0.187059572329123,1.0557500828725045e-24,1328761.2049377703,24.11994310002774,1.0,3.5702170301161322,11.771494526274926,58.65619370077275,544.7921630715911,7368.945457323601,,,,,
559,8051.265299023839,74.71758610331783,157.1220623058543,629.9614576311445,7337.612540662011,-3.1550508341517753,4.25663535990088,28.470523081372136,0.0,2.8740540171031688,0.187059572329123,0.187059572329123,9.18407940851651e-25,14765742.994183114,24.151043700054288,1.0,3.5702170301161322,11.771494526274926,74.71758610331783,560.9598626513291,7415.587850269192,,,,,
560,7589.588546747825,21.01296488694496,153.79232235062713,617.8095097665971,8100.8122907770385,-0.4873777101921217,1.7686233311756834,28.078027611214054,0.0,3.6912699334276065,0.187059572329123,0.187059572329123,7.99804188136661e-25,8542993.766751029,24.192256399895996,1.0,3.4153793970087927,11.40046623003151,21.01296488694496,525.2591291744668,7043.316452686413,4.529165221581245,9.566010724326503,1.0409651907680189,0.47346436796934716,4.350928601406594
561,7348.3914229264965,0.6411182157988949,142.3172087017978,601.8774060481395,9532.576140406096,0.7297813780145569,0.7461728350147957,1.1966613060262643,0.0,3.58443938758619,0.187059572329123,0.187059572329123,6.974665828005302e-25,1.3399971057755785e-24,24.22303569992073,1.0,3.4153793970087927,11.40046623003151,0.6411182157988949,486.0672624399207,6861.683042270777,,,,,
562,7380.087805982388,27.657926738684395,122.81500071724686,608.1303971487872,6426.359269845991,-0.6848437615088121,2.0280582374654768,28.384079991260595,9.31559320397346e-05,3.7319662275723204,0.187059572329123,0.187059572329123,6.09192145308187e-25,9745840.709230147,24.25291909999214,1.0,3.4153793970087927,11.40046623003151,27.657926738684395,419.45982309330503,6932.970056150399,,,,,
563,7133.903111111716,60.001365110128184,101.98608664709478,589.9390806639807,7893.128673182437,-1.9656917601362272,3.2594530119782954,29.52932608776124,8.828547233104972e-06,3.3350910948008634,0.187059572329123,0.187059572329123,5.3255771090897455e-25,18090.435680451286,24.28335930011235,1.0,3.4153793970087927,11.40046623003151,60.001365110128184,348.32117911604104,6725.580566885546,,,,,
564,6964.905881014599,45.509776662651916,79.82422372243984,583.0258132565631,7107.301177390485,-1.5038797868163973,2.827273871243115,29.5408926310745,0.0,3.7249352421355515,0.187059572329123,0.187059572329123,4.662618812732538e-25,940.9442029335,24.313428499968722,1.0,3.4153793970087927,11.40046623003151,45.509776662651916,272.6300090838415,6646.766095268105,,,,,
565,6769.195195692117,0.7402936523011964,59.21854962103151,575.9589963475777,6337.959544585496,0.7382761168833036,0.7754509560822601,1.1955787176684631,0.00011628872603831192,3.4511869340073877,0.187059572329123,0.187059572329123,4.0869539772673137e-25,6.54725764729916e-25,24.347361899912357,1.0,3.4153793970087927,11.40046623003151,0.7402936523011964,202.25381429641385,6566.201087743401,,,,,
566,6880.5028393247,44.50050940534859,42.04388836568669,587.0291937882045,4429.597675696051,-1.7393117754652545,3.1254347197537093,29.72262055952406,0.0003390740663485117,2.888317812345476,0.187059572329123,0.187059572329123,3.5864739918459412e-25,3277926.5826285523,24.37775050010532,1.0,3.4153793970087927,11.40046623003151,44.50050940534859,143.595830094304,6692.406499825048,,,,,
567,6529.146639316107,0.7765151320531642,30.511985212903365,563.4997717552391,5049.200991867612,0.7800220000668002,0.8238574205881598,1.1970611519039078,0.00012516141052008184,3.3482244688486693,0.187059572329123,0.187059572329123,3.150622660587284e-25,3.15787083699114e-25,24.409339200006798,1.0,3.4153793970087927,11.40046623003151,0.7765151320531642,104.2100056579871,6424.160118526067,,,,,
568,6445.053473010228,12.988438454855695,22.113511271167045,557.5683376018155,4639.408477142002,0.024737892508374434,1.4042852777906223,22.463379133642007,0.0009103771914386188,3.4986313583833315,0.187059572329123,0.187059572329123,2.7706542103578873e-25,3.0411551627991945e-14,24.442047300050035,1.0,3.4153793970087927,11.40046623003151,12.988438454855695,75.52603079106564,6356.5390037643065,,,,,
569,8967.663158304704,72.99293208115971,16.543824654010365,775.2460829251615,25732.26215592752,-2.6458854869830883,3.745766745276735,31.034654033155523,0.0007586199889994469,3.483609129209222,0.187059572329123,0.187059572329123,2.4391211659562834e-25,66415116.17779416,24.47460630000569,1.0,3.4153793970087927,11.40046623003151,72.99293208115971,56.50343787103312,8838.166788352512,,,,,
570,7773.861765005018,136.70069775658206,16.68053907749364,680.6477062233962,21169.650396926394,-5.473695463331092,6.432174022890544,31.28736093440851,0.0006396071508326731,2.373367254972698,0.187059572329123,0.187059572329123,2.1508049166877723e-25,32657078.651089326,24.517606199951842,1.0,4.772361367871859,11.103476053556632,136.70069775658206,79.60556028870755,7557.5555069597285,42.3800348361693,1.387007322554046,7.760969164424923,30.55501881427012,5.460662700533948
571,6123.2568190854145,24.947042125486163,21.07451074673731,540.1672923952696,4800.287669298726,-0.3827929749786649,1.793500405531194,29.549179734621774,0.0,3.7294632604997533,0.187059572329123,0.187059572329123,1.8998873731113708e-25,2.6141375980584516,24.54887790000066,1.0,4.772361367871859,11.103476053556632,24.947042125486163,100.57518093452947,5997.734596025399,,,,,
572,6431.091502865055,31.99909219218689,25.86664819084058,565.1966454343252,7611.197772320636,-0.6084121530075107,2.196520168648051,30.571402561532413,2.7156704616115857e-05,2.8580554866492127,0.187059572329123,0.187059572329123,1.6805056134098514e-25,13655434.409652594,24.58004459994845,1.0,4.772361367871859,11.103476053556632,31.99909219218689,123.4449925423001,6275.647418130568,,,,,
573,6314.404451475463,79.81979280916684,33.78408584388136,546.9777899499043,4122.528309508149,-2.9746892386146495,4.024294328082781,31.86935791397149,0.0012441305626669022,3.24169822593362,0.187059572329123,0.187059572329123,1.4878740769178658e-25,3101424.5489132702,24.611846799962223,1.0,4.772361367871859,11.103476053556632,79.81979280916684,161.22986613020595,6073.354792536091,,,,,
574,11425.300603322972,13.562903534759148,43.053746689691,1009.2577863267092,25308.92941184713,-0.1401754628298836,1.5366383848327474,24.02777401337359,0.0005645040608276627,3.106329672047457,0.187059572329123,0.18705957236992843,1.318734971208575e-25,230436724.0611624,24.64205119991675,1.0,4.772361367871859,11.103476053556632,13.562903534759148,205.4680374440223,11206.269662344192,,,,,
575,6105.705294640771,18.244660719136505,70.94623126029,517.7549402484153,8887.179116806246,-0.11994371412827458,1.3931824035049793,28.48922334619385,0.0002487629900494309,3.53596349170017,0.187059572329123,0.187059572329123,1.171339068245769e-25,5.145087877743287e-05,24.670476800063625,1.0,4.772361367871859,11.103476053556632,18.244660719136505,338.5810532627109,5748.879580658924,,,,,
576,6275.083435041379,87.4863742614957,98.53107073646581,514.9172347186495,10619.624091237254,-2.825679601385316,4.286202354169827,32.37245639446517,0.0,2.931942800227951,0.187059572329123,0.187059572329123,1.0414430652587696e-25,153818.9768084013,24.69926859997213,1.0,4.772361367871859,11.103476053556632,87.4863742614957,470.2258755177589,5717.3711852621245,,,,,
577,6217.995557160348,20.607330198293372,118.11992800250668,507.3796006415958,12176.578077706696,-0.2551730511367355,1.3005129935503281,31.751342370306034,0.0005587175090542157,3.7121191077033746,0.187059572329123,0.187059572329123,9.269095191147198e-26,1.260246224430003,24.727564200060442,1.0,4.772361367871859,11.103476053556632,20.607330198293372,563.7109811749683,5633.677245787086,,,,,
578,9640.940757929407,60.910832602343774,124.21842040445972,809.4055133060783,28932.3905030143,-2.2570714706117223,3.421138753300703,31.32862459829243,0.00011993198828342405,3.692359433358915,0.187059572329123,0.18705957232912598,8.257727799236115e-26,71058454.66952646,24.764784700004384,1.0,4.772361367871859,11.103476053556632,60.910832602343774,592.8151907163091,8987.214734610754,,,,,
579,8272.72633981495,136.68019017098933,166.61141645248006,661.1367671629566,21617.889177546964,-5.87357363310388,6.646362462850516,32.582851705158625,0.0011425139499985429,3.7319376970762104,0.187059572329123,0.187059572329123,7.370049886123716e-26,16735974.465642208,24.803596100071445,1.0,4.772361367871859,11.103476053556632,136.68019017098933,795.1298873242257,7340.916262319735,,,,,
580,8074.95854480495,131.35454968545946,247.58075245645068,608.9212779453158,4549.443178089308,-5.013799406034477,5.92824561224363,32.770234287932645,0.0,3.5208336728778553,0.187059572329123,0.187059572329123,6.589081982808598e-26,29489232.73068404,24.848777699982747,1.0,4.810070365936951,11.089648857957588,131.35454968545946,1190.8808405671452,6752.7231545523455,79.82657304063574,14.44421895829216,7.3729632731417185,5.526541329173688,10.826932141575766
581,7078.209523960596,22.933302030549836,344.13681075024317,486.9364229542227,23333.430626788708,-0.3662055613547086,1.8800896940707537,26.78382023059305,5.886804935575918e-05,3.0398358178056646,0.187059572329123,0.187059572329123,5.896204361509988e-26,1.5411584797164666e-08,24.885501200100407,1.0,4.810070365936951,11.089648857957588,22.933302030549836,1655.3222752177974,5399.953946712249,,,,,
582,8387.554769282544,95.41287003848937,391.81657989817484,577.7889508913773,5991.948300573527,-3.623002553509867,4.5176159795265916,33.035559135741565,0.0004450937040828412,3.2602235098972288,0.187059572329123,0.187059572329123,5.284566474542495e-26,17705412.403546914,24.91452579991892,1.0,4.810070365936951,11.089648857957588,95.41287003848937,1884.6653198509782,6407.476579393076,,,,,
583,7360.246510748619,11.72861858723877,427.17110069275077,477.36361244078955,26289.5898660015,-0.05080168709136583,1.3916075475738139,20.94843565435388,1.041732884719121e-05,2.923776018400097,0.187059572329123,0.187059572329123,4.743805983404452e-26,1.3339875785795465e-14,24.943590899929404,1.0,4.810070365936951,11.089648857957588,11.72861858723877,2054.7230526268695,5293.79483953451,,,,,
584,7234.78457114153,73.08417750576453,398.4396696800439,472.97958781898694,25506.485291429173,-2.15734641468807,3.6653657844770327,30.844561343467177,0.0009285735231174264,3.5032345086525165,0.187059572329123,0.187059572329123,4.263922212124473e-26,4.9370696033846434e-05,24.97977939993143,1.0,4.810070365936951,11.089648857957588,73.08417750576453,1916.5228477416865,5245.177545894079,,,,,
585,6937.8419720159945,63.20285098606482,319.97978026396925,481.1255911366928,20048.53563999007,-1.9983800037648163,3.3671203330064583,32.45998433100206,0.0,3.708872794225259,0.187059572329123,0.187059572329123,3.837060856809791e-26,4508369.426951311,25.009837900055572,1.0,4.810070365936951,11.089648857957588,63.20285098606482,1539.1252587467357,5335.513862283195,,,,,
586,6213.406318038267,0.709209563972998,223.04424007130498,463.4807363919548,19126.52903317097,0.750406021446342,0.7688790724716811,1.1848020131260186,0.0,3.5535376216866412,0.187059572329123,0.187059572329123,3.4558312656924905e-26,3.508714714979842e-26,25.05080289999023,1.0,4.810070365936951,11.089648857957588,0.709209563972998,1072.858489459911,5139.838619014384,,,,,
587,5723.279154437324,6.425481353192555,130.04262595847266,459.1073673175207,13800.549801361407,0.41261661655084925,1.1544567917034947,17.973590699501337,0.0,3.6386743924996026,0.187059572329123,0.187059572329123,3.114361968787312e-26,5.547751956769526e-18,25.08678109990433,1.0,4.810070365936951,11.089648857957588,6.425481353192555,625.5141814314726,5091.339491652659,,,,,
588,5343.123218671419,0.811167724555203,62.55300320827486,454.6066127510259,8835.349116176008,0.8565801662374022,0.8565801662374022,1.196990051358765,0.0,3.1494105563998063,0.187059572329123,0.187059572329123,2.807878712706591e-26,3.1760647693089736e-26,25.120096399914473,1.0,4.810070365936951,11.089648857957588,0.811167724555203,300.8843470324819,5041.427703914382,,,,,
589,5427.975220433571,93.09852475222442,25.119987967788656,470.1724872220237,3933.9474152287326,-3.1472304420022277,4.269537375769669,33.36713963124232,4.577646384548717e-05,3.156190790650587,0.187059572329123,0.187059572329123,2.5319619357435177e-26,1676344.9715006428,25.15008069993928,1.0,4.810070365936951,11.089648857957588,93.09852475222442,120.82890971655297,5214.047785964794,,,,,
590,5408.485957084305,98.62773977304464,10.680529889622091,491.977926715468,12025.127886163338,-3.1033310051759173,4.446492391488838,33.63356398892285,1.7672972148358168e-05,2.7963130812809758,0.187059572329123,0.187059572329123,2.2839115032257779e-26,5584726.372229346,25.188463900005445,1.0,5.201326165103555,10.679961462535267,98.62773977304464,55.55291957206197,5254.305297739198,13.36876457536951,1.0580583622451218,4.616444004283412,12.63518634926903,2.8959009495111765
591,10410.312572863328,43.689600032243725,7.69123512262318,966.9153195515776,59801.599872002735,-1.564856213258894,2.886453477037439,32.13904194629237,0.00019960845070308986,3.198083810361491,0.187059572329123,0.18705957232912343,2.0614804941680094e-26,35593300.588688575,25.21854709996842,1.0,5.201326165103555,10.679961462535267,43.689600032243725,40.00462248526339,10326.618350345821,,,,,
592,4856.555203967088,69.55897666987335,8.033371660909935,444.3098467844919,3711.9234114824662,-2.5305142545366213,3.505810053398152,33.76912967710896,0.0,3.6505141366991185,0.187059572329123,0.187059572329123,1.8638009631254734e-26,129388.81295230029,25.25394620001316,1.0,5.201326165103555,10.679961462535267,69.55897666987335,41.78418621389225,4745.212041083323,,,,,
593,11528.541767869077,6.934629558226248,8.69150706449457,1074.5731448058787,27598.17263431941,0.1230875729870389,1.2751847499785556,19.751850623962888,0.00028964578201245983,3.6926953157206213,0.187059572329123,0.18705962903535217,1.68575948139975e-26,197296295.22256833,25.283785900101066,1.0,5.201326165103555,10.679961462535267,6.934629558226248,45.207363108737994,11476.399775202113,,,,,
594,10223.781826240256,60.595214401860744,12.927762971243721,945.3166226728293,55238.54345367678,-1.929838618966631,3.2494246174446393,33.42574933814469,2.2448962116599497e-05,2.9739934536682835,0.187059572329123,0.1870595723294949,1.5277903547113858e-26,62958034.64293548,25.315540800103918,1.0,5.201326165103555,10.679961462535267,60.595214401860744,67.24151179858684,10095.94510003981,,,,,
595,5394.358233667544,91.05849385799341,38.421838722176474,477.85333707945966,9433.628792958809,-2.916455206426781,4.218798735881259,33.48916640016396,0.0004136846490822785,3.714420371955597,0.187059572329123,0.187059572329123,1.386351840433902e-26,4600545.3026170535,25.350099900038913,1.0,5.201326165103555,10.679961462535267,91.05849385799341,199.8445150570454,5103.455224752504,,,,,
596,4995.593496337778,0.9084738601940086,95.78185428265995,421.0214028794488,12618.758156896789,0.8887769909393637,0.9092359650133394,1.1938338174010505,0.000631805481723681,3.2057486824896726,0.187059572329123,0.187059572329123,1.2585368887339764e-26,1.434471458372371e-26,25.3813911001198,1.0,5.201326165103555,10.679961462535267,0.9084738601940086,498.19266482253516,4496.492357655048,,,,,
597,5399.46476362718,55.32625597008824,168.99254129904836,418.0870124442421,18044.167056328402,-1.1358218506623101,2.8141545137146857,33.50400437123506,0.000723179635065109,2.544111035239997,0.187059572329123,0.187059572329123,1.1430191785476888e-26,8.695227377417865,25.41115999990143,1.0,5.201326165103555,10.679961462535267,55.32625597008824,878.9853267660833,4465.153180891009,,,,,
598,5678.774043290077,51.62821766196164,232.1425623148623,413.83076687399097,21765.02017711441,-1.6390229328924897,2.9470551582668283,31.260322039147255,0.00016211738644816148,2.6493378856420606,0.187059572329123,0.187059572329123,1.0387753358796375e-26,0.0008703133868285523,25.44104880001396,1.0,5.201326165103555,10.679961462535267,51.62821766196164,1207.4491834024757,4419.69664222564,,,,,
599,5806.80131888649,45.57432202316898,263.68241580692666,411.02477416683297,23480.758610016623,-1.1107121188328541,2.6372889327548408,33.355368130780484,0.0006845791697512385,2.991301743676313,0.187059572329123,0.187059572329123,9.44753543333422e-27,707.5048076521952,25.46897100005299,1.0,5.201326165103555,10.679961462535267,45.57432202316898,1371.4982486142828,4389.728748249037,,,,,
600,12200.69771738286,36.54818629625392,255.8252240190683,405.9591373937438,24847.67650955588,-0.9749016423482737,2.2584310782857786,29.900580804474195,0.00033286568286874235,3.0027155624440667,0.187059572329123,0.187059572329123,8.59961280495015e-27,3.280216416354685e-07,25.51350690005347,1.0,5.275204592581056,26.639674140291447,36.54818629625392,1349.5303966434665,10814.619134443139,106.99415687503341,16.019740008820143,0.32434834856463635,6.678894714653584,329.87421501765886
601,12047.629131983187,95.59316183190873,214.49361547416368,406.18132968665043,20731.468962668278,-3.328046056153758,4.490100188574492,34.26317829027725,0.0004711306544347635,3.6155889442404705,0.187059572329123,0.187059572329123,7.735251389415607e-27,57227.12620161166,25.803094200091437,1.0,5.275204592581056,26.639674140291447,95.59316183190873,1131.4977054286232,10820.538264722656,,,,,
602,14234.009656760205,83.48985109799418,158.12207489303734,499.87073565053487,36868.34445021462,-2.670033929281884,3.9781641655766338,34.420309522477496,0.00020244515025765603,3.502342188113949,0.187059572329123,0.187059572329123,6.885772812636013e-27,9819305.076526562,25.835666100028902,1.0,5.275204592581056,26.639674140291447,83.48985109799418,834.1262956641962,13316.393509998015,,,,,
603,11279.679763206212,26.700655980176336,153.0851065094912,392.1002860358986,19096.41121965687,-0.40027816098476476,1.8118741437892303,31.975319031398904,1.1022308489642973e-06,2.4067747419922605,0.187059572329123,0.187059572329123,6.076399850673521e-27,0.0032011263611503686,25.876267299987376,1.0,5.275204592581056,26.639674140291447,26.700655980176336,807.555256914628,10445.423850311407,,,,,
604,24611.38486792156,66.67994242787631,130.50884501603326,895.5156110866625,126300.91598287721,-2.2864604272622637,3.4998170582594064,34.02497578700586,0.0005680908831853515,3.1443823429201236,0.187059572329123,0.18705957232914952,5.321512949888008e-27,51726036.08725829,25.907667000079527,1.0,5.275204592581056,26.639674140291447,66.67994242787631,688.4608586010279,23856.244066892654,,,,,
605,15616.940733360121,187.08482680193612,243.20547626486663,531.0461827244455,70563.08511395146,-6.681659186635628,7.6177112580641175,34.781748563837745,0.00036853190013526327,3.7134035015922775,0.187059572329123,0.187059572329123,4.6362767507795866e-27,7955708.837609596,25.940075000049546,1.0,5.275204592581056,26.639674140291447,187.08482680193612,1282.9586453332874,14146.897261224898,,,,,
606,12664.066666654047,39.674579571434954,494.2436375598017,376.0239606393169,35684.230730851086,-0.7226706388921758,2.095749936556367,33.61731261631566,0.00011416690372728633,3.382824720426148,0.187059572329123,0.187059572329123,4.018478476725394e-27,0.7567069268885448,25.971594700124115,1.0,5.275204592581056,26.639674140291447,39.674579571434954,2607.236306709433,10017.15578037318,,,,,
607,13644.14618742804,0.8424533764736295,718.8197727449399,369.8011588185894,41508.42194793565,0.8326226112947483,0.8572010555931555,2.371694726878689,0.0,2.8988418193285868,0.187059572329123,0.187059572329123,3.468812331133618e-27,1.460981470887684e-26,26.003259599907324,1.0,5.275204592581056,26.639674140291447,0.8424533764736295,3791.921366422178,9851.382367629387,,,,,
608,14245.272726660312,32.430852072284786,854.1442072838238,364.3834522328619,43518.912590928136,-0.5417218374101554,1.8175657176192817,32.657054144153236,0.0018609573116412786,3.6458019890448505,0.187059572329123,0.187059572329123,2.9857626369671095e-27,1.328908710237017e-07,26.035265400074422,1.0,5.275204592581056,26.639674140291447,32.430852072284786,4505.785444990132,9707.056429597895,,,,,
609,14336.28156212325,87.74672709381538,885.8917968457248,359.43661733071883,43644.973299118494,-2.8721874931979747,4.0695861765230905,35.10509003443193,0.00016484746650483745,3.6571745697455813,0.187059572329123,0.187059572329123,2.565068867719371e-27,171.20197290030055,26.066807300085202,1.0,5.275204592581056,26.639674140291447,87.74672709381538,4673.260475250451,9575.274359778983,,,,,
610,13880.082857190613,12.956158467357849,822.6013196649626,352.6508590007822,41714.72487903524,0.0682382837768821,1.0690814199649223,29.852010363869255,0.00021085882359209857,3.714305540943848,0.187059572329123,0.187059572329123,2.200351669379121e-27,1.080437901173893e-08,26.109322800068185,1.0,5.034418049502384,27.579141009368463,12.956158467357849,4141.318931265768,9725.807767457487,13.32522757654888,29.001065082276792,0.2933197780485537,0.4594737310076321,45.42901152183176
611,13318.376282806457,39.3445679678391,685.6282339034074,356.33062521739134,34084.72105781108,-0.8028012981951311,2.3348911920053865,36.0678237051239,0.00025699657784083313,3.718499474396144,0.187059572329123,0.187059572329123,1.8840679803996626e-27,1942281.0064258887,26.1436926999595,1.0,5.034418049502384,27.579141009368463,39.3445679678391,3451.739156011756,9827.292558826863,,,,,
612,12074.92163224838,30.646101639903925,512.4234281414817,343.1768151071157,34527.88909356237,-0.7821243228676157,2.0596094344419438,36.197757322477116,0.0009931317288264171,3.705942542738584,0.187059572329123,0.187059572329123,1.6103670967000371e-27,6050.912293376995,26.176509300014004,1.0,5.034418049502384,27.579141009368463,30.646101639903925,2579.7537556233633,9464.521774985114,,,,,
613,11034.039822556082,46.044376871186955,330.3041136742418,338.121714915295,27643.976553066404,-1.0075668038815901,2.2809852586074517,36.82148393086678,0.0003228781271772674,3.618846928108502,0.187059572329123,0.187059572329123,1.3741679423529231e-27,73660.42858839547,26.20963290007785,1.0,5.034418049502384,27.579141009368463,46.044376871186955,1662.8889917064903,9325.106453978406,,,,,
614,10550.606845419285,219.1337966138559,178.69462486896842,341.99214547008904,14430.291706084876,-7.334542262687516,8.301921447217227,36.94746281627462,0.0,2.4342961952223328,0.187059572329123,0.187059572329123,1.1708522939205386e-27,973319.4043947756,26.243220000062138,1.0,5.034418049502384,27.579141009368463,219.1337966138559,899.6234447893922,9431.849604016037,,,,,
615,15024.433103240124,51.1683216346385,82.68220910201825,527.8267358212727,62149.04615678491,-1.005834303502059,2.4743583633100625,36.72963767306245,3.240317880305946e-05,3.662153119165007,0.187059572329123,0.18705957232912301,9.960795074789565e-28,73952622.32878704,26.276776199927554,1.0,5.034418049502384,27.579141009368463,51.1683216346385,416.256805875931,14557.007975729555,,,,,
616,9055.147848856166,8.392415142801283,56.501740636337956,317.7148283135063,11439.567425613757,0.058893979063803836,1.291259851366525,19.007002709846386,0.0003296324858468036,2.429734826636884,0.187059572329123,0.187059572329123,8.469228569576074e-28,2.7853353417569072e-21,26.309704100014642,1.0,5.034418049502384,27.579141009368463,8.392415142801283,284.4533828878821,8762.302050825483,,,,,
617,10895.536722644896,101.05427222147915,36.85163815479904,384.6731808847625,44208.81932056024,-3.1141613512518735,4.380835659034751,37.72173522167019,0.0,3.710655777619459,0.187059572329123,0.187059572329123,7.1950038299010345e-28,24518878.407488417,26.34276370005682,1.0,5.034418049502384,27.579141009368463,101.05427222147915,185.52655228025102,10608.955898143166,,,,,
618,8610.904937358933,0.8256412915567205,33.86738703546958,306.0130374843674,9419.668027395566,0.8723920446170359,0.8723920446170359,1.1969886530559466,4.832880561116831e-06,2.5300983553991583,0.187059572329123,0.187059572329123,6.1093874295901005e-28,6.468268911913231e-28,26.37595840007998,1.0,5.034418049502384,27.579141009368463,0.8256412915567205,170.50258458085108,8439.576711486525,,,,,
619,8804.654205230303,58.40542100998185,30.218498940248313,311.6165302177939,8132.621380731362,-1.2544584360566937,2.9433600415047674,38.06593124020962,4.178631869351801e-05,3.2657888901211267,0.187059572329123,0.187059572329123,5.186655275611519e-28,3124096.3122760453,26.408197700046003,1.0,5.034418049502384,27.579141009368463,58.40542100998185,152.13255649365476,8594.116227726667,,,,,
620,14030.33006996488,41.89980762747551,27.754289102711244,295.0940254379747,13931.287648834767,-0.7696309233003463,2.1146114811904604,34.840708622971356,0.0015513341368278213,3.680002242169212,0.187059572329123,0.187059572329123,4.403131970750659e-28,6.843106979180061e-08,26.449517600005493,1.0,6.748930131198164,46.768546004476676,41.89980762747551,187.31175799527276,13801.118504342132,116.34606985227938,2.9586033493721247,0.282827746794987,39.32465968341798,411.3672409115327
621,13842.177168620465,102.21869783586776,24.833822654183486,290.2026660290402,13260.915159698843,-2.9698893215110815,4.239776517615732,38.10159038022085,0.0,3.67301333409448,0.187059572329123,0.187059572329123,3.7040060766083153e-28,146.6553741551418,26.482119099935517,1.0,6.748930131198164,46.768546004476676,102.21869783586776,167.6017339836505,13572.356736800946,,,,,
622,13446.728337449204,53.65234104636671,22.034911218370116,283.189559044131,13089.332032948563,-1.5698212623812386,2.910358664457456,35.08442242532098,0.0,3.5433382520831542,0.187059572329123,0.187059572329123,3.0927185155266434e-28,0.0011453782918680367,26.51683559990488,1.0,6.748930131198164,46.768546004476676,53.65234104636671,148.71207625993452,13244.363920142903,,,,,
623,30384.17859612677,90.32018837358466,19.508971024454887,644.9247689353107,157931.566141982,-3.2010586029817274,4.409631852817561,34.962923739066184,0.0007380650025468685,3.0662010629666874,0.187059572329123,0.18705957232913784,2.566959591708608e-28,204551209.39314604,26.54892580001615,1.0,6.748930131198164,46.768546004476676,90.32018837358466,131.6646823756155,30162.19372537757,,,,,
624,35314.531233203765,27.74026339600264,44.40805722560246,748.090053750676,155871.26868585535,-0.826683946061274,2.153638791198749,32.24033941736664,0.0,1.9491543015679427,0.187059572329123,0.18705957243655183,2.1233994574849366e-28,458639738.1702591,26.581208999967203,1.0,6.748930131198164,46.768546004476676,27.74026339600264,299.7068754778408,34987.08409432992,,,,,
625,22383.003845840358,49.06577382557172,172.38675206125504,452.66559975550143,96061.80015890596,-1.276043122980223,2.654911059067842,38.45198257002696,0.000575618101232217,3.3057952108807296,0.187059572329123,0.187059572329123,1.7533155042003707e-28,83081441.42390454,26.615331399952993,1.0,6.748930131198164,46.768546004476676,49.06577382557172,1163.4261452055914,21170.511926809195,,,,,
626,15477.037081392864,0.8086160561192075,507.88760015740127,257.6203787951682,49792.97601743309,0.7969421679760941,0.8119589328910229,1.1968949546618068,5.033572912773593e-05,3.731194024981414,0.187059572329123,0.187059572329123,1.4444289510063565e-28,1.4641651767725316e-28,26.64762459998019,1.0,6.748930131198164,46.768546004476676,0.8086160561192075,3427.697927964211,12048.530537372533,,,,,
627,18286.62031406214,67.03047435753248,878.172435521354,262.84472106638066,47256.13245797109,-1.4153379578425742,3.031127340653255,38.04439311915266,0.00047163596311184525,1.6440762558439082,0.187059572329123,0.187059572329123,1.1880652549093748e-28,5311557.191801693,26.68072529998608,1.0,6.748930131198164,46.768546004476676,67.03047435753248,5926.724410477743,12292.865429226864,,,,,
628,19447.913319960448,10.337521249037822,1180.3997890926594,245.27467871560484,63789.762343238785,-0.11313398139567653,1.4945568285520092,16.2672448705594,0.0,3.658404727329683,0.187059572329123,0.187059572329123,9.768098948953599e-29,1.7802098744590754e-22,26.713718299986795,1.0,6.748930131198164,46.768546004476676,10.337521249037822,7966.435703467407,11471.140095244002,,,,,
629,20328.567217722535,0.764374378336625,1354.6274374651546,239.16751470138038,64574.710885071974,0.7556549714482608,0.7961773401920588,1.1968178269806333,0.00015055364426869167,3.6749510463388146,0.187059572329123,0.187059572329123,8.038673813607742e-29,1.7641196477947146e-28,26.745339599903673,1.0,6.748930131198164,46.768546004476676,0.764374378336625,9142.285929256339,11185.51691408786,,,,,
630,19366.549804169088,0.7100687253329856,1404.4072662077501,233.20720194507575,61180.2420915121,0.7689377718964524,0.7689377718964524,1.1928389859032098,0.00010030182196400089,3.412720329448347,0.187059572329123,0.187059572329123,6.62600571124872e-29,6.635912940811742e-29,26.78801629994996,1.0,6.411533624638255,44.43016870425284,0.7100687253329856,9004.40440997728,10361.435325466477,7.808200721833626e-05,33.2634027246725,0.2320261108888602,0.001,0.001
631,18896.544745924708,90.24198924375693,1350.3345628198203,228.41658266490117,59903.04669600703,-2.596151987918833,3.8103201354182725,36.88665175668831,0.0,3.4888340596266607,0.187059572329123,0.187059572329123,5.476109993818636e-29,19598.970994939278,26.821195899974555,1.0,6.411533624638255,44.43016870425284,90.24198924375693,8657.715454030476,10148.587302650474,,,,,
632,17654.401415651453,30.680048714451168,1211.0252999094052,221.90309476219713,59326.59355519178,-0.4078972218036125,1.8286769910981007,31.124501871239353,0.0019166091696390525,3.7076539008306533,0.187059572329123,0.187059572329123,4.537675938092715e-29,2.0458332162936004e-12,26.854233999969438,1.0,6.411533624638255,44.43016870425284,30.680048714451168,7764.529430656779,9859.191936280224,,,,,
633,16161.270986645302,79.82611585529493,1005.9123192846351,216.78972853723926,56621.82813943465,-2.2304009374386213,3.5174170835166607,36.28421924016324,0.0018461389930305577,3.687810205477337,0.187059572329123,0.187059572329123,3.7688182793624583e-29,0.05965035178646256,26.904221900040284,1.0,6.411533624638255,44.43016870425284,79.82611585529493,6449.440658531291,9632.004212258717,,,,,
634,14408.396432344744,119.24939705587317,762.1724490247246,211.62316112686653,51401.514275627625,-3.7532336124770875,4.8596948688686,36.464097389722276,0.0,3.7247264097525816,0.187059572329123,0.187059572329123,3.1365975442710887e-29,550.233294394677,26.935680800117552,1.0,6.411533624638255,44.43016870425284,119.24939705587317,4886.694284694909,9402.452750593962,,,,,
635,12630.51409562397,105.15726051768571,516.4533432640883,207.38383688220765,42259.989756539515,-3.2775853187989012,4.60898998257179,36.96421237601623,0.0003211590582228793,2.7594887612451617,0.187059572329123,0.187059572329123,2.614588879172258e-29,8603.441593043823,26.96478720009327,1.0,6.411533624638255,44.43016870425284,105.15726051768571,3311.257975894545,9214.09885921174,,,,,
636,10881.822285897315,0.7261539618699595,307.53129367836397,200.52475967833342,33409.4744649265,0.7411529389557333,0.7740193702563147,1.1967382474417698,0.0001917377168324727,3.733482464716314,0.187059572329123,0.187059572329123,2.1822152170378796e-29,2.307592357705033e-29,26.993330999976024,1.0,6.411533624638255,44.43016870425284,0.7261539618699595,1971.7472300473328,8909.348901888112,,,,,
637,15538.182930870213,203.20035487863473,157.49201030318446,322.4209512161864,109933.87111896691,-7.315509827035863,8.22112057897826,36.370113048738304,0.000345456192261992,3.728253821229794,0.187059572329123,0.187059572329123,1.8232281399008447e-29,44027462.728417,27.0212628999725,1.0,6.411533624638255,44.43016870425284,203.20035487863473,1009.7653196707416,14325.217256320837,,,,,
638,13733.386028840821,60.33677352524775,111.7062916237168,291.6225841214562,63212.60625681085,-1.7708010671050693,3.061208925418808,36.1245205014762,0.00017507646939331906,2.9640263680927466,0.187059572329123,0.187059572329123,1.523658372702722e-29,71343116.3642608,27.04893680009991,1.0,6.411533624638255,44.43016870425284,60.33677352524775,716.2086448291069,12956.840610486466,,,,,
639,9043.016795903803,103.4196952527321,99.50809045009147,186.84596243750337,16851.436157433833,-3.687170424496536,4.631545421743143,37.41343705500051,0.00012399931449778162,3.6868244834293997,0.187059572329123,0.187059572329123,1.2747500241916364e-29,19369.0594232164,27.074949000030756,1.0,6.411533624638255,44.43016870425284,103.4196952527321,637.9994678443063,8301.597632806765,,,,,
640,8625.833295336864,56.56339123836208,85.16718628055861,181.3469785597582,15674.282922421959,-1.1543742704432987,2.618371134130058,37.638145431365295,0.00014477211379002042,3.4974735554172987,0.187059572329123,0.187059572329123,1.0679928915427878e-29,360.9764308807464,27.11139960004948,1.0,6.1628731583031975,44.35913629049527,56.56339123836208,524.874566296663,8044.395337801839,10.170058358232145,7.07076865267339,0.2364606314315194,1.4383242979371051,43.00952042910138
641,8332.853942321424,61.90581292872933,70.42921815558404,176.6693954530526,14098.24943699056,-1.3480911737785335,2.7799691038964323,37.77276713158622,0.00011557994160306395,3.3333077515925957,0.187059572329123,0.187059572329123,8.960891408965017e-30,627.8181142035945,27.139758799923584,1.0,6.1628731583031975,44.35913629049527,61.90581292872933,434.0463381313291,7836.901791261366,,,,,
642,32157.315838267765,209.5294460100603,56.781743908924575,712.3188219877524,271899.94225204526,-7.137842746141499,7.869469076257375,38.036131419490644,0.0001240045035157955,3.5055119293502925,0.187059572329123,0.18705957232916479,7.531384951451127e-30,463082214.2154558,27.167277900036424,1.0,6.1628731583031975,44.35913629049527,209.5294460100603,349.93868541795734,31597.847706839748,,,,,
643,12547.242910043382,99.98578844214543,110.37418214739954,265.26745155758715,64202.29693255342,-2.9563319112466635,4.153344718728538,37.020442880990366,0.0,3.7219229093174726,0.187059572329123,0.187059572329123,6.347863821841971e-30,127201780.9903381,27.19556779996492,1.0,6.1628731583031975,44.35913629049527,99.98578844214543,680.2220845258765,11767.03503707536,,,,,
644,8717.219153634502,82.51345481600612,213.89508069958424,164.93777965757238,24291.763270510208,-2.5461152838955323,3.7363313163706184,39.05659507458198,0.00010711027868360451,3.6862099232389864,0.187059572329123,0.187059572329123,5.359522804629391e-30,1159426.7710731998,27.224588900106028,1.0,6.1628731583031975,44.35913629049527,82.51345481600612,1318.208251536564,7316.497447281931,,,,,
645,9290.149762241457,54.691176644131566,334.22030164297087,161.76377314134908,30471.856146051035,-1.3449981174444285,2.6439232845719074,38.91670802074127,0.00019692282614683365,3.721891694949247,0.187059572329123,0.187059572329123,4.5341016447295976e-30,3605421.9057437703,27.257754100020975,1.0,6.1628731583031975,44.35913629049527,54.691176644131566,2059.7573259554633,7175.701259641862,,,,,
646,10587.059389663365,111.02563283019121,448.46087489981124,173.85880143965832,13877.062792130622,-3.0751279574061323,4.497489887630907,38.86473798982136,8.875843139227041e-06,3.1598807155835003,0.187059572329123,0.187059572329123,3.843992117241203e-30,44851150.64121241,27.28874949994497,1.0,6.1628731583031975,44.35913629049527,111.02563283019121,2763.807488469215,7712.226268363959,,,,,
647,15663.22481727448,138.72429365111054,558.3229207617964,272.40447384869805,44918.30380095242,-3.933026569788561,5.178790808462041,39.935529107556945,0.0002005742230136373,2.934364790399985,0.187059572329123,0.187059572329123,3.266230729976129e-30,176576688.6309582,27.323536300100386,1.0,6.1628731583031975,44.35913629049527,138.72429365111054,3440.873342028318,12083.627181595051,,,,,
648,10875.82721306549,4.111538820991247,709.8404720241446,146.46495459204277,48963.74376927861,0.5247246771780406,0.9630768145198602,17.481745631607254,7.458195216763358e-05,2.520380329632275,0.187059572329123,0.187059572329123,2.78270899271195e-30,6.739212776934431e-23,27.364378300029784,1.0,6.1628731583031975,44.35913629049527,4.111538820991247,4374.656791714872,6497.058882529626,,,,,
649,11453.42137825389,107.10662347879936,811.4138192100264,143.05225121006262,51215.05125461411,-3.299272568284075,4.36613580197055,38.51281683377428,0.00035807105211551477,3.4607136083972905,0.187059572329123,0.187059572329123,2.377546234633738e-30,2.9406322976580586,27.409840600099415,1.0,6.1628731583031975,44.35913629049527,107.10662347879936,5000.640446685755,6345.674308089335,,,,,
650,12141.582902892806,68.88178653683708,855.6359314422797,164.99133497345073,17629.86300397088,-1.724296375597313,2.869460331424464,39.36622103744263,9.89072001784802e-05,3.7133557557509187,0.187059572329123,0.187059572329123,2.0375315196512835e-30,61568360.67606721,27.460408699931577,1.0,5.898435664913529,42.58276729069354,68.88178653683708,5046.913494200649,7025.787622155319,25.08059554428569,28.69228610721243,2.839819703813177,0.8741232905098189,8.83175629446075
651,12406.978826768971,70.55034805329095,879.9450995599302,167.81739128230137,13477.276672221582,-1.5952725977831244,3.027294860364033,39.43886247034097,0.0010194612262047903,3.7081350657587366,0.187059572329123,0.187059572329123,1.7517184658373096e-30,37981838.78451598,27.75083649996668,1.0,5.898435664913529,42.58276729069354,70.55034805329095,5190.299558410178,7146.128920305502,,,,,
652,11049.148920934225,87.91117195588846,890.4753679900618,134.06423402986354,49858.26008928137,-2.533524473664769,3.6363531798847446,40.60097102666997,0.0,3.7137536655547407,0.187059572329123,0.187059572329123,1.5106585611389683e-30,4320326.4263428645,27.786302299937233,1.0,5.898435664913529,42.58276729069354,87.91117195588846,5252.41166927958,5708.826079698757,,,,,
653,10524.586667607444,32.7353937003052,849.0714738019756,128.77645488228583,50997.39094065996,-0.7176685884728932,2.1521776651485234,28.79485893786159,0.0002937668474937982,3.3435193186750545,0.187059572329123,0.187059572329123,1.3069365191133329e-30,2.1445018392513887e-13,27.819232000038028,1.0,5.898435664913529,42.58276729069354,32.7353937003052,5008.193463134266,5483.657810772874,,,,,
654,9870.239512244678,25.104867524873438,762.5124381013061,125.57906461028867,49216.91413687474,-0.22128258460871403,1.5962970870795334,31.850175460443516,0.0007758222671472789,3.73065861799285,0.187059572329123,0.187059572329123,1.1341228155443712e-30,2.9071092648775878e-12,27.85678720008582,1.0,5.898435664913529,42.58276729069354,25.104867524873438,4497.630559836914,5347.504084882891,,,,,
655,9867.82207474424,65.20447345834901,643.3344627703704,141.08877942571362,21026.127953140607,-1.4221465801420683,2.915746290393566,40.382401680132624,0.0,3.6467360349029527,0.187059572329123,0.187059572329123,9.868520508197769e-31,57616926.23749487,27.8923436999321,1.0,5.898435664913529,42.58276729069354,65.20447345834901,3794.666939672737,6007.950661613154,,,,,
656,8219.349822486889,22.78659406941348,527.329561671739,119.44136227617241,41958.91428828391,-0.16822465898444808,1.782836520607077,25.633757865240494,8.518694757117529e-05,2.580115551313171,0.187059572329123,0.187059572329123,8.605240803487887e-31,9.607301494503246e-16,27.92522060009651,1.0,5.898435664913529,42.58276729069354,22.78659406941348,3110.419493727804,5086.143734689672,,,,,
657,7337.798058071294,0.7412383933138348,402.9556024029023,116.48489374179417,36794.461074888975,0.7935733745969793,0.793719262341261,1.1931996648554934,0.0,3.721113173903632,0.187059572329123,0.187059572329123,7.520174362273578e-31,8.45596586140089e-31,27.960371799999848,1.0,5.898435664913529,42.58276729069354,0.7412383933138348,2376.8076965899945,4960.249123087985,,,,,
658,6528.486634450119,7.056115150179941,285.1084414395888,113.65481925836423,30412.53998167285,0.3692491071410161,1.282001897123092,18.798133507941177,0.0004117377682985382,2.3678135438526793,0.187059572329123,0.187059572329123,6.584692338314624e-31,4.203084058298561e-24,27.993244499899447,1.0,5.898435664913529,42.58276729069354,7.056115150179941,1681.6937993551808,4839.736719944758,,,,,
659,18706.49875119946,189.48037807999336,185.80967168450698,409.10990729757157,135722.64395443082,-6.0771067635762455,7.064280771237389,40.61674841846606,0.0004919138782468052,3.3546992443512025,0.187059572329123,0.1870595723291231,5.77544600727113e-31,468507917.8792339,28.027184800012037,1.0,5.898435664913529,42.58276729069354,189.48037807999336,1095.9863943497694,17421.031978769697,,,,,
660,17880.572397190535,45.148356135151744,169.44737350505636,409.45813090872866,96698.13763093583,-0.647368591001903,2.237413580540882,39.57103214384044,1.4071913967909216e-05,3.713393919067033,0.187059572329123,0.18705957232913778,5.073455195701669e-31,692212969.7851257,28.071136000100523,1.0,6.088072743035811,41.039155988297956,45.148356135151744,1031.607936015142,16803.81610504024,116.36777046726849,12.00759904986056,9.937010429726778,9.691177227359189,11.710541242781815
661,5564.886392734983,39.436907540273516,195.72473100954218,105.60312415862722,24982.89934512034,-0.5999889772331854,2.1045704875171443,34.1614284066348,0.0006133612178488568,2.6198098028901993,0.187059572329123,0.187059572329123,4.467603663364048e-31,3.7736300749647263e-10,28.10390940005891,1.0,6.088072743035811,41.039155988297956,39.436907540273516,1191.5863999972098,4333.8630851974995,,,,,
662,5599.9845782083175,81.49024880893165,210.36898282742214,103.26120401394112,25742.83780146245,-2.6428605639021967,3.605179463739754,36.8091084739594,0.0,3.7338060905940846,0.187059572329123,0.187059572329123,3.941585924935935e-31,0.0014252525441618008,28.137468799948692,1.0,6.088072743035811,41.039155988297956,81.49024880893165,1280.7416703317974,4237.752659067589,,,,,
663,5467.313912847731,45.96705016029916,212.45241585578367,100.58494140817066,26179.84228693963,-1.4101921798397385,2.7504941923159376,31.818822775053242,2.425740748120478e-05,3.524186490003208,0.187059572329123,0.187059572329123,3.4840750055406976e-31,6.659293468844489e-10,28.170807499904186,1.0,6.088072743035811,41.039155988297956,45.96705016029916,1293.4257621637057,4127.921100523727,,,,,
664,10862.11622346672,134.72774835036827,202.694586948072,231.32466681000614,73265.55980584509,-3.8236017661968997,5.18019026277796,40.5713105084211,0.00033668211281362437,3.403295189116646,0.187059572329123,0.187059572329123,3.0854039396736027e-31,140304844.98153752,28.203971500042826,1.0,6.088072743035811,41.039155988297956,134.72774835036827,1234.0193899594594,9493.369085156894,,,,,
665,16530.888020135168,119.98856380394226,227.20426252230936,366.17866563465975,89065.02576440082,-3.784180929326552,4.799982851329603,39.04474587217099,0.00014177557653487216,3.6497047576311803,0.187059572329123,0.18705957232912354,2.7351274895234016e-31,433813041.62390137,28.236859400058165,1.0,6.088072743035811,41.039155988297956,119.98856380394226,1383.2360777636245,15027.663378567602,,,,,
666,7390.074737976905,163.65190365663025,299.5723476896148,131.6451193909641,11418.215462060994,-4.582705493716304,5.865309423467613,40.78269287633912,0.00016346433800075444,3.725336240926231,0.187059572329123,0.187059572329123,2.4296383319782063e-31,38397493.20114627,28.268076699925587,1.0,6.088072743035811,41.039155988297956,163.65190365663025,1823.8182445363907,5402.604589783884,,,,,
667,15857.942021261257,59.50314040068861,380.8409100095767,328.4631808958742,72770.38491957326,-1.2552371180106987,2.5861651777206256,38.86864409673088,1.5409563981647056e-05,3.6695768375689934,0.187059572329123,0.18705957232912312,2.1610471310479096e-31,365295759.96300924,28.298681899905205,1.0,6.088072743035811,41.039155988297956,59.50314040068861,2318.5871636622583,13479.85171719831,,,,,
668,7090.589223872639,115.17320240984142,519.4936757019476,92.90397529933246,40167.85732035616,-3.0948887180581233,4.420497134130901,40.35800959959268,0.000239760443663313,3.37815258401179,0.187059572329123,0.187059572329123,1.9260650998879674e-31,1221677.518218388,28.329050099942833,1.0,6.088072743035811,41.039155988297956,115.17320240984142,3162.7152872205124,3812.7007342422853,,,,,
669,7400.16670644903,0.6588733543961972,630.2103956230059,86.8132157040532,49041.05630198691,0.6984343515268265,0.7087722339702826,1.1967164163647046,0.00028229159294078376,3.729926302975307,0.187059572329123,0.187059572329123,1.7201129370594683e-31,1.722653730797842e-31,28.36044880002737,1.0,6.088072743035811,41.039155988297956,0.6588733543961972,3836.766731970237,3562.741101124397,,,,,
670,11919.10403845755,85.6681619691151,695.0095218410054,85.08668899807766,52374.1192344152,-2.3355839154017537,3.6278966611442245,36.25703734140424,0.0007284324247884902,3.477336939406845,0.187059572329123,0.187059572329123,1.5396490807737345e-31,7.25271001979632e-06,28.401136900065467,1.0,6.132016447906449,88.98719818888306,85.6681619691151,4261.809819380642,7571.626057107793,195.5066852768357,28.062032014047592,0.15682168031266977,6.9669468404485775,1000.0
671,22190.72618701141,58.3764619124299,709.4250024104473,199.82811352277776,116180.41194360926,-1.4099114096889185,2.7346028827680104,38.26951497955034,5.499200741635596e-05,3.5367655634913078,0.187059572329123,0.187059572329123,1.3664929785480325e-31,124411702.7441366,28.432179300114512,1.0,6.132016447906449,88.98719818888306,58.3764619124299,4350.205783336935,17782.143941762046,,,,,
672,17927.47098194604,94.97535197071083,831.479275938317,143.09756114356497,59561.06189327968,-2.719381991395402,4.055955489933729,38.74324118811904,0.0002855512746076025,3.7150753414484248,0.187059572329123,0.187059572329123,1.2029185184768832e-31,46326270.65512644,28.46251989994198,1.0,6.132016447906449,88.98719818888306,94.97535197071083,5098.6445961471045,12733.851033828227,,,,,
673,19203.872179955077,65.94846480017735,1008.8528655172726,145.54477063986766,59209.561385082845,-1.3966920350422642,2.9711254207731583,38.312117045125284,0.00023246022070609607,3.0970293542366956,0.187059572329123,0.187059572329123,1.051635557397195e-31,56733441.328408845,28.493093699915335,1.0,6.132016447906449,88.98719818888306,65.94846480017735,6186.302364869468,12951.621350285432,,,,,
674,14410.545231218537,48.340990804644186,1244.837450329437,75.61582628707234,66450.21301898913,-1.3608288329383345,2.661161444436365,35.19078990740217,7.856458362869023e-05,2.903038092886443,0.187059572329123,0.187059572329123,9.143482874202407e-32,9.977442516719474e-05,28.52497690008022,1.0,6.132016447906449,88.98719818888306,48.340990804644186,7633.363720390034,6728.840520023859,,,,,
675,15225.431666937664,83.10252100741123,1392.596260335864,74.20062780538929,66600.02379059936,-1.8081552226533646,3.326625453781175,40.05376883066627,0.00030034748945244327,3.29876247609953,0.187059572329123,0.187059572329123,7.927384717481655e-32,19740.337008243132,28.560090800048783,1.0,6.132016447906449,88.98719818888306,83.10252100741123,8539.423173672529,6602.905972257723,,,,,
676,15500.541117365206,59.00100131781005,1449.9728352896,73.60927160702909,62849.78346674794,-1.4066780459572774,2.8692882946624967,40.248454719356715,0.0003477203328869638,3.635077830985889,0.187059572329123,0.187059572329123,6.85933231613405e-32,615429.7784311234,28.594530900008976,1.0,6.132016447906449,88.98719818888306,59.00100131781005,8891.257275013375,6550.28284103402,,,,,
677,14814.999756137451,0.778283793383611,1427.6731407815685,68.09638256027546,69408.98662722569,0.7870893678142488,0.8116703593256666,1.1970214863511777,0.0003038915034141512,3.444165572093152,0.187059572329123,0.187059572329123,5.926358733004086e-32,6.367064934765555e-32,28.628097499953583,1.0,6.132016447906449,88.98719818888306,0.778283793383611,8754.515181506837,6059.706290837232,,,,,
678,14339.909926633816,132.55705543118302,1328.1668566106184,68.13352914014493,63086.392862840185,-3.7483253899239175,5.075004586923972,40.850035749782215,0.0011759994911146945,3.3418139393530075,0.187059572329123,0.187059572329123,5.116541906529057e-32,42176.490090816296,28.661123000085354,1.0,6.132016447906449,88.98719818888306,132.55705543118302,8144.341010300518,6063.011860902116,,,,,
679,12823.961803024471,0.7642041062290765,1172.2827664950617,63.32079791087502,65659.23368929523,0.8206885745240455,0.8206885745240455,1.1925218735986118,0.00018371312844593646,2.908492944925126,0.187059572329123,0.187059572329123,4.4146083905416574e-32,4.5702245771983694e-32,28.69397070002742,1.0,6.132016447906449,88.98719818888306,0.7642041062290765,7188.457205744993,5634.740393173248,,,,,
680,13573.28761892825,35.02772742516986,973.3479129051699,61.06040125048986,60528.00200516699,-0.9208924644644636,2.2117963488423062,29.729108113167932,7.089283010985187e-05,3.7233251274106536,0.187059572329123,0.187059572329123,3.80794771026168e-32,3.908401755710499e-12,28.737775400048122,1.0,5.980427163046232,126.38671603896037,35.02772742516986,5821.036297432436,7717.223594070643,101.82977863590872,32.845870783278585,0.12166369098480831,3.100230750702124,836.9775551904293
681,12143.283543100339,126.38120158766765,756.8466341129711,59.267590830465586,52928.236791323274,-3.6736660893976385,4.8183111958324165,40.433449934836744,0.00014625821922342047,2.8758788627345933,0.187059572329123,0.187059572329123,3.26387934898025e-32,65.16294823070166,28.771619699895382,1.0,5.980427163046232,126.38671603896037,126.38120158766765,4526.266168909326,7490.636172603346,,,,,
682,10376.607057486026,0.7929382063512108,547.5039527373187,56.188710578294476,47073.04419974291,0.8248857106245034,0.8302621153512685,1.1935873526235126,0.0,2.740292338019107,0.187059572329123,0.187059572329123,2.7823231817836703e-32,3.328702732851456e-32,28.80504160001874,1.0,5.980427163046232,126.38671603896037,0.7929382063512108,3274.3075108254416,7101.506608454233,,,,,
683,8969.458147865498,0.6528895189853825,363.54934629157566,53.760593562555584,38541.804258020486,0.6483744747079175,0.6919730288708742,2.655431928658208,0.0,3.7286615269560586,0.187059572329123,0.187059572329123,2.361396951960557e-32,8.19298006018171e-32,28.836026099976152,1.0,5.980427163046232,126.38671603896037,0.6528895189853825,2174.1803856698402,6794.6248726766735,,,,,
684,7796.49622601101,0.6901095811621074,218.88512141358467,51.32485275384272,29887.20125671324,0.7491655416061505,0.7491655416061505,1.1954072834796001,0.0011332136470789816,3.2244841642135453,0.187059572329123,0.187059572329123,1.9969920008317998e-32,2.00164803645031e-32,28.87210480007343,1.0,5.980427163046232,126.38671603896037,0.6901095811621074,1309.0265256884743,6486.779590741373,,,,,
685,7531.762085378369,107.38287057119553,119.0739945006196,53.10895064014564,14929.900012020194,-3.053694772568037,4.182025150041695,42.17500839785862,0.0001827145574547842,3.2141179744352923,0.187059572329123,0.187059572329123,1.6841807772792884e-32,1262132.5168858797,28.90555669995956,1.0,5.980427163046232,126.38671603896037,107.38287057119553,712.1133511239232,6712.26586368325,,,,,
686,6264.364251882338,6.652389316746756,62.75079885090434,46.54314523688909,17026.170596740158,0.310272359748013,1.1229188975740116,18.514121983612743,5.412880367001299e-06,3.483359897825789,0.187059572329123,0.187059572329123,1.4168364091485313e-32,9.50185435419934e-25,28.93407370010391,1.0,5.980427163046232,126.38671603896037,6.652389316746756,375.27658195079863,5882.435280614793,,,,,
687,7922.941668553629,78.73544395664909,34.856692510112914,60.4157505883904,60338.88177318353,-1.8526135330531524,3.212551870436829,42.494724895608066,0.00024699000276513783,3.7302673580357046,0.187059572329123,0.187059572329123,1.1905438631699087e-32,12587095.430007001,28.962673000060022,1.0,5.980427163046232,126.38671603896037,78.73544395664909,208.45791070142943,7635.74831389555,,,,,
688,5457.306431238864,2.817565927988253,26.91886139660548,41.88337778935998,13260.48142811746,0.49803793238041244,0.9230644863986197,14.223513990138327,0.0001950306183053016,3.381679044603943,0.187059572329123,0.187059572329123,9.985911902005418e-33,5.744593326480387e-29,28.99623170006089,1.0,5.980427163046232,126.38671603896037,2.817565927988253,160.98628989453604,5293.50257541634,,,,,
689,5383.4592426010595,136.75168282463318,25.21935916265287,40.31978343067799,12940.973369410003,-3.657959658372782,4.987697115640846,42.2344032484846,6.945979288020682e-05,2.642647011368784,0.187059572329123,0.187059572329123,8.378311879563003e-33,10.673164685766196,29.031647100113332,1.0,5.980427163046232,126.38671603896037,136.75168282463318,150.82254057094812,5095.885019205478,,,,,
690,13566.286627622298,67.35066580910858,26.872668950314974,109.95469352109046,185419.64667247675,-1.4715853578750213,2.898636921506189,41.627615062195,7.25033140803466e-05,3.2737101154446933,0.187059572329123,0.187059572329123,7.034664737829607e-33,151613783.7845028,29.06926989997737,1.0,8.839877810009689,120.6077196633711,67.35066580910858,237.5511099496257,13261.384851863564,54.28519178685716,0.859358444509427,5.023249196590579,63.16944010231538,10.80678852717521
691,62617.42793231601,351.75722946743485,26.477118825668317,514.3254211322903,568438.4973427324,-9.890923990479052,10.809266138173182,44.78658092181359,1.7822398164741432e-05,3.295449181318731,0.187059572329123,0.18705957234335505,5.9068705825988044e-33,2079723179.724266,29.095536699984223,1.0,8.839877810009689,120.6077196633711,351.75722946743485,234.05449518001515,62031.61620766856,,,,,
692,4389.574037303489,0.6723814832795677,41.78153971287079,33.327534599471534,14195.864238319153,0.7458990575814762,0.7458990575814762,1.1956403302374916,0.002275214254314595,3.709760019159949,0.187059572329123,0.187059572329123,4.966842870570008e-33,6.769388615002558e-33,29.123944099992514,1.0,8.839877810009689,120.6077196633711,0.6723814832795677,369.3437057758451,4019.5579500443637,,,,,
693,5031.896561765382,116.80832173907896,112.4995580296501,32.507089134152665,23783.45476892519,-2.411451582740422,3.9072701847298967,45.48792683175265,0.002222873408762746,3.594015035255113,0.187059572329123,0.187059572329123,4.188660576468214e-33,3594.4438034793707,29.153524900088087,1.0,8.839877810009689,120.6077196633711,116.80832173907896,994.4823466622013,3920.6058933641016,,,,,
694,11163.94916589242,72.74880501570323,237.23272532554725,74.57310428857083,99207.69812381762,-1.4672025765888597,2.933317194624681,44.392117144550426,0.0,2.816611550209238,0.187059572329123,0.187059572329123,3.54282673417173e-33,220903590.06645525,29.182460099924356,1.0,8.839877810009689,120.6077196633711,72.74880501570323,2097.108304413429,8994.092056463289,,,,,
695,7805.070813560109,206.47036819757776,451.9675698900038,29.87588492266473,55286.9565911009,-5.741361338869956,6.694893424753344,45.97145586135963,0.0037190592080165313,3.204747749220452,0.187059572329123,0.187059572329123,3.0021631053575094e-33,104923.22103531947,29.20929650007747,1.0,8.839877810009689,120.6077196633711,206.47036819757776,3995.338091914648,3603.2623534478835,,,,,
696,9323.010334087776,117.91728849941013,682.9775188356975,26.26411676581291,76966.96767680778,-3.0062597829527786,4.197777840071785,45.1175557137664,0.000868200610108262,3.73391235277511,0.187059572329123,0.187059572329123,2.553512955016989e-33,2.1438683429721257,29.23757559992373,1.0,8.839877810009689,120.6077196633711,117.91728849941013,6037.437813491157,3167.655232097208,,,,,
697,10912.401011576005,95.32836854265146,880.0023766055803,25.18876212734277,85443.12943867022,-1.9399664247338193,3.3408715035308267,46.93909145200036,6.460883315847349e-05,2.9842055809036907,0.187059572329123,0.187059572329123,2.1816863302863428e-33,3874178.319128149,29.26419929997064,1.0,8.839877810009689,120.6077196633711,95.32836854265146,7779.113481711458,3037.959161321896,,,,,
698,11877.548544010471,115.7612846546065,1013.8639049569687,23.21040669179616,92255.02975337901,-2.1142801036285155,3.743246058693102,46.796828834145536,0.0028547952071206056,3.7138376712421337,0.187059572329123,0.187059572329123,1.872802792881717e-33,1.6593469762289963,29.293364899931476,1.0,8.839877810009689,120.6077196633711,115.7612846546065,8962.43303579888,2799.354223556984,,,,,
699,12084.638435518564,0.7317410151360514,1072.005127888187,21.619779890921485,94751.65033480985,0.761168289552874,0.7851622292566856,1.1913311037881058,0.0,3.539886980973336,0.187059572329123,0.187059572329123,1.6156744923521277e-33,1.6215009466762846e-33,29.320163100026548,1.0,8.839877810009689,120.6077196633711,0.7317410151360514,9476.394342235382,2607.5123522680465,,,,,
700,11797.608983432994,86.16624595216496,1055.6737055297979,21.350428340575252,87305.49599776327,-1.7539465509335763,3.382246881939296,47.46858782060883,0.00012000335866051148,3.2271138982593914,0.187059572329123,0.187059572329123,1.4008105291945973e-33,17011647.84837188,29.36176829994656,1.0,8.466065080123075,129.92902993983387,86.16624595216496,8937.40229438995,2774.0404430908793,46.73138056957623,34.270009595634164,0.15220266144940808,1.3636232122774072,307.03392519262655
701,11101.66796682818,166.77301890863774,979.277652771736,20.351622799526304,84060.9610203936,-4.340985464946628,5.560783926090357,47.113786386665495,9.009686527394756e-05,3.716972077955704,0.187059572329123,0.187059572329123,1.218959117898281e-33,23581445.493276417,29.650431500049308,1.0,8.466065080123075,129.92902993983387,166.77301890863774,8290.628339875684,2644.2666080438585,,,,,
702,9748.553694599279,86.26515946896708,856.7744825438843,18.539197960921037,81843.68052064003,-1.8504698697984683,3.437096336405672,45.172574818453676,0.00030988704400054107,3.2819344850618,0.187059572329123,0.187059572329123,1.0644285009086656e-33,4104170.934326056,29.683805499924347,1.0,8.466065080123075,129.92902993983387,86.26515946896708,7253.508528205296,2408.7800069250166,,,,,
703,8146.448701386136,2.340837962393854,703.8457435484928,16.819212713175283,76313.87605397023,0.48552543842256096,0.7927059908488078,20.330223299109417,0.00013191269832495828,3.733755797686284,0.187059572329123,0.187059572329123,9.326202122095798e-34,2.336066260977155e-26,29.720510999904945,1.0,8.466065080123075,129.92902993983387,2.340837962393854,5958.803871249156,2185.303992174586,,,,,
704,12843.607299517429,177.51676769669604,539.7622858285956,62.31423336223672,96146.49041590237,-4.361805155781621,5.5549354499644386,46.50089784953278,0.0,3.633000209400817,0.187059572329123,0.187059572329123,8.198227729401806e-34,290952217.63885605,29.754144200123847,1.0,8.466065080123075,129.92902993983387,177.51676769669604,4569.662639620883,8096.427892199849,,,,,
705,5785.644668045743,0.7928277176532458,456.49636352210416,14.778251779449018,60759.043614320486,0.821546722510428,0.8277691221704192,1.1963850659041424,0.0010369744537065892,2.313244765722631,0.187059572329123,0.187059572329123,7.215361588208052e-34,9.643436086518952e-34,29.787677499931306,1.0,8.466065080123075,129.92902993983387,0.7928277176532458,3864.727922417655,1920.1239179104346,,,,,
706,4873.908916090744,0.7685333405354746,363.2761788162026,13.83540392525237,53354.072264554874,0.7892396815819238,0.8189583725356594,1.1961508803447904,5.350510065364744e-05,3.54537863979755,0.187059572329123,0.187059572329123,6.369926577704216e-34,8.881313103261384e-34,29.82258959999308,1.0,8.466065080123075,129.92902993983387,0.7685333405354746,3075.519771916399,1797.6206108338101,,,,,
707,4004.1086056768722,20.54102842408926,271.66519765714816,12.958092080441963,44689.66301760723,-0.00505189786248966,1.3150829696894948,35.069559200440445,0.00018116205820673664,3.723195101729527,0.187059572329123,0.187059572329123,5.6401752311843046e-34,3.063878421465766e-14,29.858933000126854,1.0,8.466065080123075,129.92902993983387,20.54102842408926,2299.935243369915,1683.632333882868,,,,,
708,24586.034758281923,327.0383144793981,190.9182205922096,174.26952524599554,386355.34128316597,-8.527131134881875,9.568897758826118,47.37165732578096,0.0025420206206939744,2.5980288177821893,0.187059572329123,0.187059572329123,5.008194848468634e-34,235374157.00328806,29.895161000080407,1.0,8.466065080123075,129.92902993983387,327.0383144793981,1616.3260805149398,22642.670363287587,,,,,
709,3453.518924379382,43.48868655680221,229.42239676275867,11.296361534222996,40260.98560752627,-0.6426907805732327,2.291401936540714,34.62461929994712,0.00044201007540857484,3.5689080946465603,0.187059572329123,0.187059572329123,4.442599301228412e-34,3.1371494502766473e-16,29.929073699982837,1.0,8.466065080123075,129.92902993983387,43.48868655680221,1942.3049418313324,1467.7252959912473,,,,,
710,3965.999094260307,22.709219936428077,256.2545905134403,10.526756542080363,42928.71709044572,-0.35686857232999664,1.6786076248001887,26.875622079087833,0.0,3.6333010337354197,0.187059572329123,0.187059572329123,3.953756392169201e-34,1.2539721635475663e-21,29.975636600051075,1.0,8.26368550256179,173.43257844284216,22.709219936428077,2117.6073445908246,1825.6825297330545,71.33909020103148,16.14564164172642,0.04987966457053114,4.418473528897383,1000.0
711,3916.6200210339816,0.8105770134459588,268.80998370614566,9.77006911814221,44542.86983069109,0.8422004535364643,0.8422004535364643,1.1959721752680232,0.0004948047686446633,3.3079257288629895,0.187059572329123,0.187059572329123,3.520229295581981e-34,3.5220329767129164e-34,30.01073360000737,1.0,8.26368550256179,173.43257844284216,0.8105770134459588,2221.361165296347,1694.4482787241886,,,,,
712,20715.549427917427,90.5437144499461,266.4826246339574,106.22500845576037,294799.30753170484,-2.417169279437698,3.7600965153720685,46.96082817159511,0.0013636444650325166,3.4903785831685155,0.187059572329123,0.187059572329123,3.1368528597463807e-34,215078564.22441438,30.045013499911875,1.0,8.26368550256179,173.43257844284216,90.5437144499461,2202.1286018722494,18422.877111595233,,,,,
713,33480.20730879088,89.24756456707345,363.6695384855624,175.2018526399957,386939.6568160419,-1.8969731240909558,3.311747196393995,46.668823531679564,0.00026167137155863607,3.503715760708771,0.187059572329123,0.187059572329123,2.7908903579026285e-34,488032817.651439,30.078969300026074,1.0,8.26368550256179,173.43257844284216,89.24756456707345,3005.250692906479,30385.709051317328,,,,,
714,22999.36370454199,192.92800114542842,633.1799859926732,101.33064727760171,253707.17662618286,-4.708198855025148,5.986704385654013,48.57733193002014,5.3368782864625375e-05,3.3772983420569225,0.187059572329123,0.187059572329123,2.4829626385325025e-34,348045530.99879366,30.111792699899524,1.0,8.26368550256179,173.43257844284216,192.92800114542842,5232.400270759931,17574.03543263663,,,,,
715,14906.815976556753,137.2611519100907,1088.8957847338036,33.27669210916627,52978.92114760515,-3.561739979674385,4.755960858929375,46.193649232938306,1.3394747134323065e-05,3.598403103369247,0.187059572329123,0.187059572329123,2.20877168459766e-34,158278222.60572863,30.14607989997603,1.0,8.26368550256179,173.43257844284216,137.2611519100907,8998.292310105377,5771.262514541286,,,,,
716,14538.520879654221,0.8147759681529201,1623.301427604545,6.4766011102851735,107355.19296054453,0.8104105274779776,0.8241520132063148,1.1889108463037603,0.00025191528571092553,3.6864968645733502,0.187059572329123,0.187059572329123,1.9676814001895647e-34,3.761512383671673e-34,30.178714399924502,1.0,8.26368550256179,173.43257844284216,0.8147759681529201,13414.452473583537,1123.253630102532,,,,,
717,18132.559422827344,0.9008996353168403,2069.807955014021,5.924011171835271,111204.55183263087,0.9152749539638522,0.9152749539638522,1.196711744005035,0.00025725426672522367,3.247792942041363,0.187059572329123,0.187059572329123,1.7620473221287273e-34,1.766719113851668e-34,30.21298939990811,1.0,8.26368550256179,173.43257844284216,0.9008996353168403,17104.241990936433,1027.416532255594,,,,,
718,20859.56549182074,83.41578863125196,2399.0559827099482,5.484007489103975,111448.46192524914,-1.5654119202352097,3.0571276955304705,45.54155347070185,8.529145502931407e-05,3.7305721910939216,0.187059572329123,0.187059572329123,1.587150280758425e-34,6.1022440864896845,30.246195999905467,1.0,8.26368550256179,173.43257844284216,83.41578863125196,19825.044144154326,951.105559035159,,,,,
719,22436.99679450686,0.554177325311496,2610.565188785234,4.979185115495057,111726.58079910546,0.6080170353322262,0.6708584362302896,1.1969918520405838,0.0,3.695508471568935,0.187059572329123,0.187059572329123,1.4385211012692703e-34,1.637320599227299e-34,30.278685299912468,1.0,8.26368550256179,173.43257844284216,0.554177325311496,21572.889704057023,863.5529131245286,,,,,
720,22845.337538463922,114.52368807993383,2712.0796225879585,4.81599598653573,106414.06981264747,-3.0447466069354476,4.295897182129577,47.18461366931144,0.0,1.6356541309950219,0.187059572329123,0.187059572329123,1.3121281773560777e-34,492216.96870866406,30.32205620012246,1.0,7.999959071527602,214.76094952070005,114.52368807993383,21696.525979427694,1034.2878709562938,132.84314411685375,44.4416768227269,0.05083195820807283,2.9891568818780367,1000.0
721,22654.147927478276,0.6504790809426698,2718.750360838478,4.207495999646401,107392.8532643355,0.6703003295770823,0.7100494124638669,1.1934853873150513,0.0009811168925651648,3.7338858558418893,0.187059572329123,0.187059572329123,1.2017238894838844e-34,1.3418750442887025e-34,30.35526750003919,1.0,7.999959071527602,214.76094952070005,0.6504790809426698,21749.891612408726,903.6058359886081,,,,,
722,22052.60621016941,86.1040157236203,2641.1006912090606,3.9011038219929874,106442.94953452317,-2.3045120363909164,3.636774497290781,42.52187808288781,0.0001241362932895146,3.7087419323717676,0.187059572329123,0.187059572329123,1.1053050360569337e-34,0.0003295847697167902,30.388671699911356,1.0,7.999959071527602,214.76094952070005,86.1040157236203,21128.697433455745,837.804760990046,,,,,
723,21034.07211262242,173.2556372435617,2491.4633801639147,4.326724238887582,101881.62794499115,-4.342861975597055,5.642265570838994,47.90286411855812,0.0,3.2492790910827285,0.187059572329123,0.187059572329123,1.0207216479739328e-34,7221037.146794834,30.421232599997893,1.0,7.999959071527602,214.76094952070005,173.2556372435617,19931.605069521134,929.2114058577254,,,,,
724,19845.367964789166,96.33969320037274,2284.263870612735,6.868151781828094,72185.56582994053,-2.0832760712273033,3.527454173226533,47.24426147804236,0.000347936997744977,3.7263079515460484,0.187059572329123,0.187059572329123,9.455545508785174e-35,32008803.891010955,30.45544210006483,1.0,7.999959071527602,214.76094952070005,96.33969320037274,18274.017473471104,1475.0107981176893,,,,,
725,17055.033114974205,0.849132454573989,2050.836874630028,3.0153197056777077,103477.606343475,0.8484535826123378,0.8642031619894859,1.1968835756917113,9.09948959294457e-06,3.701463143344642,0.187059572329123,0.187059572329123,8.774367330260497e-35,8.793388946569486e-35,30.48817509994842,1.0,7.999959071527602,214.76094952070005,0.849132454573989,16406.611059419807,647.5729230998223,,,,,
726,14929.956191515215,82.97068767828745,1779.6604470274358,2.839318636660025,99599.12405661576,-2.2240112803257457,3.5221946338358308,45.96822074316591,1.9540146921164653e-05,3.716873859881804,0.187059572329123,0.187059572329123,8.167960321884953e-35,1641.1800729194824,30.520958699984476,1.0,7.999959071527602,214.76094952070005,82.97068767828745,14237.210737436002,609.7747664009265,,,,,
727,12451.91739180248,0.8378265494253399,1487.994028025358,2.5478945012764274,94138.87185894662,0.8007867177862268,0.858863816405418,1.1828255185517698,0.00016064831974748478,3.6467343132574537,0.187059572329123,0.187059572329123,7.623315211774834e-35,1.4874474098179615e-34,30.554987699957564,1.0,7.999959071527602,214.76094952070005,0.8378265494253399,11903.89132288036,547.1882423726961,,,,,
728,10065.946836005587,0.7652557745889529,1195.3503628986534,2.3394737359255133,85599.43491937476,0.7604729643307802,0.7860494203724373,1.1958733222953786,8.917979680159865e-05,3.7337050277671096,0.187059572329123,0.187059572329123,7.13075689052577e-35,1.6083517698458444e-34,30.589559300104156,1.0,7.999959071527602,214.76094952070005,0.7652557745889529,9562.753979324894,502.4276009061027,,,,,
729,7823.672731504313,0.6596544430471396,920.3009693622811,2.1449103745531715,75391.15823868252,0.7419370151177486,0.7537878495811993,1.1952990340216745,0.0004321664803552186,3.316578222587773,0.187059572329123,0.187059572329123,6.681916075944407e-35,1.419845405743335e-34,30.622795100091025,1.0,7.999959071527602,214.76094952070005,0.6596544430471396,7362.370088385426,460.6429886758395,,,,,
730,6256.162346213077,255.076049938254,675.6341117185128,2.5395388550467852,59673.95774752458,-6.926457407209497,7.992228203130062,49.0310252494126,0.0,3.0936697337251293,0.187059572329123,0.187059572329123,6.270185200823963e-35,4428509.850652868,30.669219400035217,1.0,7.927345842319014,254.02290204466505,255.076049938254,5355.985266460653,645.1010298141704,166.95211863074252,25.497847975824314,0.0752655431483498,6.547694487355855,1000.0
731,4183.5625926223565,0.7585636732706583,470.43506794690734,1.7852821353067096,53131.257783321504,0.8017538487394321,0.8017538487394321,1.1966884223063716,0.0002565374518011254,3.440788436472176,0.187059572329123,0.187059572329123,5.8795093675578e-35,5.885782208797787e-35,30.702201300067827,1.0,7.927345842319014,254.02290204466505,0.7585636732706583,3729.301479969979,453.50254897910673,,,,,
732,2844.58796629653,0.8824728906501416,306.8456433801793,1.618885363533107,41889.25427577473,0.9026291622411643,0.9026291622411643,1.1970375434069784,0.00017446877827950735,3.689572551015867,0.187059572329123,0.187059572329123,5.513756921708301e-35,6.256478775222225e-35,30.734420499997213,1.0,7.927345842319014,254.02290204466505,0.8824728906501416,2432.4715352835674,411.2339581223124,,,,,
733,10819.78003902747,96.73342088620761,186.40682380609488,36.39567607505133,163375.57853924346,-2.2668713062067734,3.5245462811551747,47.350591183256775,0.0,3.5031677275525164,0.187059572329123,0.187059572329123,5.171543366110693e-35,331299800.55276144,30.766145500121638,1.0,7.927345842319014,254.02290204466505,96.73342088620761,1477.7113596791394,9245.335258462123,,,,,
734,1375.5998071807746,2.37863999389231,131.67255169913147,1.296762257559426,24093.760152692954,0.5076713053677918,0.8204851631124761,16.15494764359132,0.00017539299734722208,3.7254240354562276,0.187059572329123,0.187059572329123,4.82301040086414e-35,2.233177856287378e-28,30.796472700079903,1.0,7.927345842319014,254.02290204466505,2.37863999389231,1043.8138552596454,329.4073119272368,,,,,
735,86907.9939575862,88.24518760359626,91.31071339233955,338.9296652892909,761002.5959612426,-2.3028766575159225,3.67495931157001,45.01028206283642,3.0143579737074155e-05,3.725234263234492,0.187059572329123,0.1870595723293797,4.503341609311561e-35,1650357746.744201,30.824669199995697,1.0,7.927345842319014,254.02290204466505,88.24518760359626,723.8516041699461,86095.89716581265,,,,,
736,1430.700857006288,7.068681195291371,147.32685163018428,1.0066858894224482,25776.48970166735,0.2712770719655535,1.0779390876882498,20.157529655362154,0.0007532176101353177,2.7751777308734784,0.187059572329123,0.187059572329123,4.2117746555690244e-35,3.13357390596775e-28,30.853660099906847,1.0,7.927345842319014,254.02290204466505,7.068681195291371,1167.9109047324916,255.72127107850505,,,,,
737,1908.8673588246354,9.005646265259703,211.38655395603564,0.8823117566558786,32576.04161801445,0.007756768390141324,1.3653989683282861,18.24885922857802,0.0,2.742278491787035,0.187059572329123,0.187059572329123,3.945785225495987e-35,5.464440175222748e-28,30.896124599967152,1.0,7.927345842319014,254.02290204466505,9.005646265259703,1675.734319625523,224.12739293385258,,,,,
738,2377.081635406375,0.7106184118827084,275.2949690103339,0.7637602257018798,38125.14762194658,0.7366818629789642,0.7875085895544254,1.1922728985554407,0.0008330889098961888,3.7337977513193574,0.187059572329123,0.187059572329123,3.7036997759942146e-35,3.7055348650033857e-35,30.925664300099015,1.0,7.927345842319014,254.02290204466505,0.7106184118827084,2182.358427995412,194.0125889990799,,,,,
739,2804.491192911327,0.794406481660301,332.49685150532673,0.6608823523921219,42249.96996900084,0.7858682348856971,0.8099743437858383,1.1968513082858276,0.0005449619810741213,3.2725165865851364,0.187059572329123,0.187059572329123,3.4839781461642885e-35,3.513760833356365e-35,30.95515780011192,1.0,7.927345842319014,254.02290204466505,0.794406481660301,2635.8175333649147,167.8792530647518,,,,,
740,3264.3726425285613,52.86295506030889,378.60509866822554,0.5745271186554495,45465.36213794303,-1.5992438602479835,2.990212455963898,33.76143062644948,0.0007472344142955903,3.2113680984425415,0.187059572329123,0.187059572329123,3.2850184026971783e-35,5.600309325509795e-16,30.993408899987116,1.0,8.040402647926499,291.32175694243176,52.86295506030889,3044.137437850474,167.3722496177785,182.69708672978524,17.931727959694104,0.01176985505979878,10.1884819544687,1000.0
741,3786.1426051410294,234.23907366290717,411.1420821428564,0.8449614204109338,43669.24559311065,-6.359515083238701,7.747819731833479,47.954980373473674,0.00026094147575912024,2.8305387381058327,0.187059572329123,0.187059572329123,3.1033086806400144e-35,1196322.1801732096,31.02061580005102,1.0,8.040402647926499,291.32175694243176,234.23907366290717,3305.7478859354364,246.15564554268596,,,,,
742,3594.9349808045213,15.898789981616444,430.1515280558583,0.4134421915379061,48607.557771308275,-0.18350730993616016,1.47195371046423,22.185062433902303,0.0,3.7332752267833413,0.187059572329123,0.187059572329123,2.935547347801728e-35,1.8890583677463817e-22,31.052818699972704,1.0,8.040402647926499,291.32175694243176,15.898789981616444,3458.5914851899524,120.4447056329522,,,,,
743,8099.635645121026,106.30194382932173,434.9150560430548,15.434623147451939,78395.93822652109,-2.261965399343471,3.7936720283904566,45.960218863634566,0.0007231485974713153,2.714242530849063,0.187059572329123,0.187059572329123,2.783382247491593e-35,61464805.294308975,31.091550800018013,1.0,8.040402647926499,291.32175694243176,106.30194382932173,3496.892168231679,4496.441533060025,,,,,
744,33455.919547332385,158.69497866299696,456.6364166724826,101.69403145804395,484115.5694910853,-4.401707991391374,5.605353479651647,44.79373058081038,0.00016001849469200746,3.6676356020556296,0.187059572329123,0.187059572329123,2.631162075643567e-35,354412674.29053295,31.12277220003307,1.0,8.040402647926499,291.32175694243176,158.69497866299696,3671.540653753097,29625.683914916288,,,,,
745,4917.706462373821,0.8132517258049493,603.7335653571066,0.21499339344231544,58187.83775412784,0.784743005646162,0.840372299427782,1.196817268036597,0.0007355154900992172,3.537472770671211,0.187059572329123,0.187059572329123,2.457218869752959e-35,2.4601615504363134e-35,31.151864300016314,1.0,8.040402647926499,291.32175694243176,0.8132517258049493,4854.260957539385,62.63225310863082,,,,,
746,5974.5134312818345,2.509340224594338,736.9267756640775,0.1607023559490141,64557.906064997725,0.6164570235946131,0.8984134371529092,15.379898683010698,0.0002662159321987073,2.9743914444388224,0.187059572329123,0.187059572329123,2.306175561712442e-35,1.7826071168113894e-31,31.18317750003189,1.0,8.040402647926499,291.32175694243176,2.509340224594338,5925.187998377385,46.81609267985484,,,,,
747,6988.933141006366,139.84391916992817,847.2496723226461,0.12652921438291345,68953.77924710762,-3.8423169964591413,4.903377282947475,45.979756763865225,0.0007116392893955006,3.694596050080655,0.187059572329123,0.187059572329123,2.1754146818757306e-35,0.0062209408432145254,31.213038299931213,1.0,8.040402647926499,291.32175694243176,139.84391916992817,6812.228508797862,36.86071303857595,,,,,
748,7496.178346409322,0.7360086368369271,929.2018114271722,0.08336360788923314,73142.15175331081,0.765589774484096,0.7869089761389175,1.1969946931604607,0.00018212291534045605,3.692697592858852,0.187059572329123,0.187059572329123,2.0623741470558682e-35,2.1146028428691528e-35,31.241257099900395,1.0,8.040402647926499,291.32175694243176,0.7360086368369271,7471.156705057134,24.285632715351362,,,,,
749,8071.578559132158,94.98314456516903,979.5831817008963,0.344472062808098,71476.18153479218,-1.982757704552661,3.468891794994907,49.458406565581036,0.00035500958699150736,3.06566632168574,0.187059572329123,0.187059572329123,1.9651228241979968e-35,15478595.90569792,31.269737099995837,1.0,8.040402647926499,291.32175694243176,94.98314456516903,7876.243208012151,100.35220655483882,,,,,
750,10017.919998259795,199.08472591931087,999.4132085799918,7.470655067856572,15526.63764395446,-4.843620876563662,6.0453444790765385,50.11271770806444,0.0,3.7330565358003223,0.187059572329123,0.187059572329123,1.8801055424379713e-35,235910194.00145817,31.306569300126284,1.0,7.733155158269512,279.7904392830102,199.08472591931087,7728.617409173047,2090.2178631674365,56.51725010840029,29.817280849624606,0.9311619432908994,1.8954528547867848,60.69540375399989
751,7906.820690497314,1.642311153185706,1021.396596540419,0.023446191319026026,75032.04560013425,0.6615588841630088,0.8947603217287494,11.65248251879126,0.0,3.40533539076981,0.187059572329123,0.187059572329123,1.7995971195331196e-35,4.057021222686978e-33,31.570134399924427,1.0,7.733155158269512,279.7904392830102,1.642311153185706,7898.618359175464,6.560020168663792,,,,,
752,7836.987470379085,0.8509439955389875,1012.8470844048524,0.012984257393625622,75305.15634684532,0.8204141847976231,0.8664196736849592,3.4263089977523977,5.778774820270477e-05,2.585414424955508,0.187059572329123,0.187059572329123,1.7312392963484502e-35,8.538358552888388e-35,31.604360400000587,1.0,7.733155158269512,279.7904392830102,0.8509439955389875,7832.50365530362,3.632871079926186,,,,,
753,7571.9565678289255,17.9117692290823,976.5944855010883,0.006748320329957385,74409.67634640794,-0.2856377164546038,1.5812668150584022,23.433167155514695,0.0003176896554132336,3.696348914077328,0.187059572329123,0.187059572329123,1.6734059537413649e-35,1.460663404833652e-23,31.63471690006554,1.0,7.733155158269512,279.7904392830102,17.9117692290823,7552.156683090302,1.888115509541245,,,,,
754,14992.601134347382,194.4017941987056,916.7760045025444,27.551435537633843,143129.6708761557,-5.415008271199273,6.458048510366323,46.65303320915479,6.377893884662589e-05,3.696558587077163,0.187059572329123,0.187059572329123,1.6246642818070618e-35,482340904.39399946,31.666201499989256,1.0,7.733155158269512,279.7904392830102,194.4017941987056,7089.571088196565,7708.628251952111,,,,,
755,27571.21888495342,107.66481167009674,915.9104251463336,72.84264857933519,355333.94704938144,-1.9901159162940083,3.4266279551419907,48.683165350717076,0.00076980476490391,3.2626131644350878,0.187059572329123,0.187059572329123,1.5739390245359897e-35,582334715.454649,31.696805200073868,1.0,7.733155158269512,279.7904392830102,107.66481167009674,7082.877428733192,20380.67664455013,,,,,
756,8214.18731039129,97.986022825337,1047.7801491616501,0.048446338548497656,77332.95585521086,-2.324957257919891,3.6664726799564757,51.77526475749122,0.0005983625497338815,3.6661954781285613,0.187059572329123,0.187059572329123,1.5224447779744354e-35,7885010.708302637,31.730234100017697,1.0,7.733155158269512,279.7904392830102,97.986022825337,8102.646465221814,13.55482234413759,,,,,
757,8875.842803462025,36.72934693337497,1143.0151439644235,0.0,81242.71050508441,-0.5655696774466472,1.9580396010347316,33.51215284650473,0.0009895464673063611,3.5769353190977617,0.187059572329123,0.187059572329123,1.4793708247817787e-35,1.0925594380884942e-19,31.762560799950734,1.0,7.733155158269512,279.7904392830102,36.72934693337497,8839.11345652865,0.0,,,,,
758,9356.052036746922,84.8596443764579,1198.8558553805417,0.0009080021228370776,83310.76502253168,-1.5996971000513285,3.018673867945774,51.889711967397666,0.0,3.609647090927904,0.187059572329123,0.187059572329123,1.444216669206253e-35,353420.4172291098,31.795587199972942,1.0,7.733155158269512,279.7904392830102,84.8596443764579,9270.938342057645,0.2540503128184917,,,,,
759,22419.056781069394,99.00376205514596,1215.8222892510746,46.169950068546434,238012.44044097073,-1.9439456422574495,3.4089606150827594,49.950634343362026,0.0021739530621441155,3.73086352155566,0.187059572329123,0.187059572329123,1.4159369832390318e-35,349971502.3479161,31.827776100020856,1.0,7.733155158269512,279.7904392830102,99.00376205514596,9402.142407660995,12917.910611353253,,,,,
760,10233.24177497653,106.87607842592574,1329.6665633488853,0.3893979471666429,77198.53630460365,-2.055167873398388,3.5238197825028603,52.245788611711696,0.0005102702432439529,3.7338103482963554,0.187059572329123,0.187059572329123,1.3853006126347576e-35,79370006.38030119,31.87639190000482,1.0,7.523234578779546,315.80091731885966,106.87607842592574,10003.393467633297,122.97222891730668,123.0087358308824,34.79990371242695,0.07578734146877145,3.534743568470171,1000.0
761,10661.354171485813,90.61996611606968,1402.1458884899941,0.0698597482729073,84891.43544925899,-1.788596616118272,3.1301727258444965,52.891900733704155,0.00017455155552652257,3.7335311354037497,0.187059572329123,0.187059572329123,1.3594513126443945e-35,48037876.52031969,31.90945990011096,1.0,7.523234578779546,315.80091731885966,90.61996611606968,10548.672432781494,22.061772588248743,,,,,
762,10774.96820232049,5.011330799424501,1431.5593590421072,0.0,86762.24918090478,0.46579723338437434,1.0186264954292137,18.62571114094887,0.0,3.041849012529605,0.187059572329123,0.187059572329123,1.3387920689410077e-35,1.1289523638904361e-28,31.94193510012701,1.0,7.523234578779546,315.80091731885966,5.011330799424501,10769.956871521064,0.0,,,,,
763,10692.368515480628,5.618834579631133,1420.4993303072908,0.0,86520.7261741251,0.4216806844111637,1.0976060397508753,18.110355530135326,0.0002454236850267244,3.7129927996527265,0.187059572329123,0.187059572329123,1.3233608399485716e-35,2.8250889912739e-30,31.97360899997875,1.0,7.523234578779546,315.80091731885966,5.618834579631133,10686.749680900997,0.0,,,,,
764,10350.862687590776,17.656783232955732,1373.5057435938838,0.0,85377.04778285116,-0.24474019833679658,1.6960317407390584,23.097734809517693,8.259730205081167e-05,2.393898115050153,0.187059572329123,0.187059572329123,1.3124998766454932e-35,4.791100669439763e-24,32.00482110003941,1.0,7.523234578779546,315.80091731885966,17.656783232955732,10333.20590435782,0.0,,,,,
765,9751.837174476976,0.7913998905036889,1296.1241168912657,0.0,83653.33801801123,0.8327580333327038,0.8330435671793506,1.197083155298915,0.0005612218107703265,3.3274789236473046,0.187059572329123,0.187059572329123,1.3055658475316182e-35,1.307569861724718e-35,32.03665319993161,1.0,7.523234578779546,315.80091731885966,0.7913998905036889,9751.045774586471,0.0,,,,,
766,9208.357897728745,146.36306443888486,1194.5121134390952,0.2387580040424484,76039.34232008815,-4.09177251998393,5.210403579901918,52.65729360980377,0.007542092748913237,3.731949611181941,0.187059572329123,0.187059572329123,1.3019203702314222e-35,77426.29262663306,32.06881089997478,1.0,7.523234578779546,315.80091731885966,146.36306443888486,8986.594836596036,75.3999966938252,,,,,
767,8104.825323141136,0.7203437440668912,1077.2101939046217,0.0,77293.98719525976,0.7644624767363518,0.7719965523628751,1.196672280779625,0.0002875974976895429,3.6952165711777574,0.187059572329123,0.187059572329123,1.2998095621950476e-35,2.4517328549905825e-35,32.099959400016814,1.0,7.523234578779546,315.80091731885966,0.7203437440668912,8104.10497939707,0.0,,,,,
768,7138.454994047094,0.7515065752095961,948.7546098329685,0.0,72922.72950829501,0.7975939447612574,0.8039626147371312,1.1967923817840231,0.0,3.5964112126217542,0.187059572329123,0.187059572329123,1.3000364417895128e-35,1.300568595942906e-35,32.13156450004317,1.0,7.523234578779546,315.80091731885966,0.7515065752095961,7137.703487471885,0.0,,,,,
769,6136.33578026572,0.71078661557592,815.5567833756812,0.0,67902.10418039352,0.7141494620867314,0.7662288879345702,1.1934581514719196,0.0019372067277318716,3.2289078356455616,0.187059572329123,0.187059572329123,1.3021112160177238e-35,1.3120617685068305e-35,32.163916300050914,1.0,7.523234578779546,315.80091731885966,0.71078661557592,6135.6249936501445,0.0,,,,,
770,4987.011188202428,17.518988303567337,683.3575628440991,0.0,60140.482952911334,-0.08208519786061581,1.4920962068604413,29.691442682719433,0.0,3.1209019714498876,0.187059572329123,0.187059572329123,1.3055879436659137e-35,1.05545372515891e-18,32.20590419997461,1.0,7.2721697543173285,350.01087145291666,17.518988303567337,4969.49219989886,0.0,63.92366954137611,25.54966080445723,1e-12,2.5019380895352,1000.0
771,68613.46233742317,210.6156217062825,557.7245039334223,183.84280231028924,858281.2926691592,-5.159866182192403,6.272568200761082,53.06712903450302,7.819813574412582e-05,3.096266156646052,0.187059572329123,0.18705957232912304,1.3100408071696662e-35,1062901682.7764124,32.23848389997147,1.0,7.2721697543173285,350.01087145291666,210.6156217062825,4055.8672687462695,64346.97944697062,,,,,
772,4959.594693618144,17.399924492842832,679.6038783598566,0.0,59468.88025579335,-0.18089599663868083,1.628166269309077,23.048783810554333,0.0007676790435179673,3.5602101980057994,0.187059572329123,0.187059572329123,1.3071875029351616e-35,4.919304638974205e-25,32.27164370007813,1.0,7.2721697543173285,350.01087145291666,17.399924492842832,4942.194769125302,0.0,,,,,
773,5687.076811822242,4.449159093829453,781.4212050474703,0.0,63220.33580281107,0.3439770959903591,0.9863659659568589,17.00613997821504,0.0,3.67393876280718,0.187059572329123,0.187059572329123,1.3059125221491655e-35,7.834284314195064e-30,32.30531299998984,1.0,7.2721697543173285,350.01087145291666,4.449159093829453,5682.627652728413,0.0,,,,,
774,6344.459463995744,91.52063310968089,859.3226035125526,0.010853904066141718,65607.50655033221,-1.8605834585480852,3.3776215777709324,50.722842731334225,0.0004875909760996208,3.7299517062340675,0.187059572329123,0.187059572329123,1.3062078488192354e-35,106400.1917705271,32.33928749989718,1.0,7.2721697543173285,350.01087145291666,91.52063310968089,6249.139846465207,3.7989844208566184,,,,,
775,6677.53790754907,45.84489743253696,911.9276961569059,0.0,66915.51152377181,-1.0306913935087763,2.2938877469638537,42.15421271129191,0.00018118140300576319,3.720672118195159,0.187059572329123,0.187059572329123,1.3078103700679452e-35,7.75829368288916e-06,32.372052300022915,1.0,7.2721697543173285,350.01087145291666,45.84489743253696,6631.6930101165335,0.0,,,,,
776,6907.393797734864,74.28972753518882,939.6238400709789,0.0,67656.06417634699,-1.4302232540257405,2.8804681144259408,46.3545866461581,7.805919881945927e-05,3.0190541234158728,0.187059572329123,0.187059572329123,1.3109711898236878e-35,0.0875471300146278,32.40680140000768,1.0,7.2721697543173285,350.01087145291666,74.28972753518882,6833.104070199675,0.0,,,,,
777,7599.4481088991515,232.7370022634462,943.9135164620853,1.4354176470098627,38572.628269444605,-6.435339872978325,7.612768862195219,49.77924967826671,0.0002256414698888487,2.917748148471312,0.187059572329123,0.187059572329123,1.3156110847972827e-35,25474466.961307313,32.439120600000024,1.0,7.2721697543173285,350.01087145291666,232.7370022634462,6864.299325106888,502.4117815288172,,,,,
778,6830.718330582179,25.76764036560112,935.7524535475299,0.0,66917.81204688986,-0.33642774846023105,1.8077900879466742,29.77569459020855,0.00012685707394882728,3.0124576707509254,0.187059572329123,0.187059572329123,1.318297300409628e-35,2.921871543336051e-17,32.47117409994826,1.0,7.2721697543173285,350.01087145291666,25.76764036560112,6804.950690216578,0.0,,,,,
779,6705.369528801892,93.44972722559704,908.1861207710194,0.02124551955668077,65313.17600938364,-2.410091142128289,3.704768518603149,49.2637984589323,2.338072787553061e-05,3.5662152313565616,0.187059572329123,0.187059572329123,1.322502289374826e-35,184930.61625433576,32.503139100037515,1.0,7.2721697543173285,350.01087145291666,93.44972722559704,6604.483638761792,7.436162814503819,,,,,
780,33456.63603012489,273.9196780780849,864.4424039769269,80.09679151516367,461011.9219698184,-7.500505560928426,8.507813753980908,48.26438088553998,0.00014121302831667654,3.7294219246379225,0.187059572329123,0.187059572329123,1.327625561359224e-35,343601837.4084308,32.54514389997348,1.0,7.34371223128427,335.02590539647827,273.9196780780849,6348.216255326136,26834.50009672067,240.86653150666316,27.676203324314862,4.787499688536729,8.703019293656165,50.31155032414897
781,7043.640081142631,11.3158118476439,957.5980168908624,0.0,68320.4422870056,0.0031368985656694726,1.4101777545813718,20.440733517745656,0.0,3.45118909923164,0.187059572329123,0.187059572329123,1.3098759406492899e-35,1.1735854598540523e-26,32.577063699951395,1.0,7.34371223128427,335.02590539647827,11.3158118476439,7032.324269294987,0.0,,,,,
782,17516.85835789587,108.54088342923366,1024.3491105872456,29.5075462007716,148231.89860124845,-2.391286781218736,3.777681877628195,47.574662016407245,0.00024422533470928875,3.7338397924794826,0.187059572329123,0.187059572329123,1.2959105295661486e-35,227893718.25034648,32.6126065000426,1.0,7.34371223128427,335.02590539647827,108.54088342923366,7522.525092524719,9885.792381941917,,,,,
783,13028.350285143042,204.46693411579534,1132.2676028190635,13.458170948846771,67600.79581810135,-4.972171026385736,6.39741839161207,49.648127287529356,0.00026667029417214855,3.7338892365777423,0.187059572329123,0.187059572329123,1.2746445106032607e-35,136787683.46123394,32.64356740005314,1.0,7.34371223128427,335.02590539647827,204.46693411579534,8315.047443909276,4508.83590711797,,,,,
784,9224.879370093293,0.7911981684504735,1256.0525087884241,0.0,78765.48650783426,0.8033558844763616,0.8282892087337378,1.1904088300454863,5.173939630835622e-06,3.719269315800719,0.187059572329123,0.187059572329123,1.2498689272503538e-35,1.2559917864784285e-35,32.67626040009782,1.0,7.34371223128427,335.02590539647827,0.7911981684504735,9224.088171924843,0.0,,,,,
785,9884.191474367377,0.7784347999153572,1345.8333780378875,0.0,81720.5544143833,0.8253398042470352,0.8253398042470352,1.1966011367979923,3.733179013689844e-05,1.630635746930721,0.187059572329123,0.187059572329123,1.230220851435103e-35,1.2475868064680675e-35,32.70794120011851,1.0,7.34371223128427,335.02590539647827,0.7784347999153572,9883.413039567462,0.0,,,,,
786,21862.872360250556,196.54883425919624,1399.9349793341994,33.98424931283476,257435.10123392625,-4.900276751923619,6.1057488233206865,49.71992459262934,0.0,2.553499258950651,0.187059572329123,0.187059572329123,1.2151461213960943e-35,351090572.9061692,32.739580400055274,1.0,7.34371223128427,335.02590539647827,196.54883425919624,10280.719630739251,11385.60389525211,,,,,
787,11335.402148796762,1.5584992031361848,1543.3398385780104,0.0,87184.79177461145,0.666663350533358,0.8969497938811192,11.727144190825529,0.0008851104372501958,3.4114921614897664,0.187059572329123,0.187059572329123,1.1885966452750536e-35,7.720738960690754e-34,32.80912719992921,1.0,7.34371223128427,335.02590539647827,1.5584992031361848,11333.843649593626,0.0,,,,,
788,12261.41594061339,184.3632329671366,1644.0377492559805,0.011081470663153233,88629.77570831002,-4.217412240061507,5.5466193233841885,52.754500196950644,0.000624396970691117,3.347324042636409,0.187059572329123,0.187059572329123,1.1678584280533813e-35,3060319.111144694,32.849711399991065,1.0,7.34371223128427,335.02590539647827,184.3632329671366,12073.340127904206,3.7125797420474242,,,,,
789,12612.02624296017,113.62138016664214,1701.9192023279763,0.0,90177.64439737196,-2.0450300082927493,3.575437712426302,52.48438311491314,0.00014925768429121383,3.346888459923953,0.187059572329123,0.187059572329123,1.1520532073848089e-35,60158.595712967246,32.896891799988225,1.0,7.34371223128427,335.02590539647827,113.62138016664214,12498.404862793528,0.0,,,,,
790,11993.685097300664,0.7118293847743062,1719.0341225546697,0.0,86039.69140053474,0.782417700034818,0.7967309827264442,1.1944468035516325,0.0005759002483948297,3.577292222737606,0.187059572329123,0.187059572329123,1.1409807081258038e-35,1.1442657205173424e-35,32.94001529994421,1.0,6.976576619720056,368.27461012665435,0.7118293847743062,11992.97326791589,0.0,0.00019913862329202454,38.045155299702046,1e-12,0.001,1000.0
791,11871.383941961229,5.854231174480342,1700.7667739572346,0.0,85799.8708523116,0.33783779409065784,0.9461766166473273,23.705230673242973,4.0886115753022145e-05,3.717425674902677,0.187059572329123,0.187059572329123,1.1338825962648164e-35,1.1571980457422485e-23,32.972970200004056,1.0,6.976576619720056,368.27461012665435,5.854231174480342,11865.529710786748,0.0,,,,,
792,11520.140598905506,0.8590859047143546,1651.1366736000982,0.0,85278.5641589858,0.7980500399651704,0.858574679013549,3.515200200872706,1.9520198024647328e-07,3.7267255553234095,0.187059572329123,0.187059572329123,1.1302999508845087e-35,5.595065179806015e-35,33.00487449998036,1.0,6.976576619720056,368.27461012665435,0.8590859047143546,11519.281513000791,0.0,,,,,
793,11089.015172685302,105.44262781272627,1574.3498772487221,0.0,84301.98390497478,-2.078542053188098,3.5049480661163215,53.83493788565258,0.0005343697702270486,3.191702239772587,0.187059572329123,0.187059572329123,1.129714465971081e-35,344164.88164818345,33.037085300078616,1.0,6.976576619720056,368.27461012665435,105.44262781272627,10983.572544872575,0.0,,,,,
794,10289.790310251798,0.5649307864660845,1474.8243931531852,0.0,82760.1165955686,0.5897794556112621,0.6536187029817906,1.1912898547160344,0.0018743388136188421,3.7338296358071665,0.187059572329123,0.187059572329123,1.131793186348803e-35,1.1472623274625309e-35,33.06998599995859,1.0,6.976576619720056,368.27461012665435,0.5649307864660845,10289.225379465332,0.0,,,,,
795,9469.903256145504,0.8043063128568207,1357.2701148393044,0.0,80599.67463674185,0.8079962612934886,0.8289253718684751,1.1954908039493053,1.7809311205242706e-06,3.490263769868285,0.187059572329123,0.187059572329123,1.1360724913058034e-35,1.1517452741434034e-35,33.10161940008402,1.0,6.976576619720056,368.27461012665435,0.8043063128568207,9469.098949832647,0.0,,,,,
796,8558.895086681769,0.8346577398940589,1226.684790467517,0.0,77688.6993949937,0.8686156252745809,0.8734721777557343,1.196509423412121,0.00020938824520048277,3.0432073781418825,0.187059572329123,0.187059572329123,1.1421575865040656e-35,1.336366443522879e-35,33.13365489989519,1.0,6.976576619720056,368.27461012665435,0.8346577398940589,8558.060428941875,0.0,,,,,
797,7795.758768548012,202.61887081558834,1088.2979286249754,0.0014826262322735046,73888.03364667472,-5.173062041608024,6.157997172207047,55.58176874964123,3.6862568697101916e-05,3.7332762008675697,0.187059572329123,0.187059572329123,1.1496766097798073e-35,25801819.426125955,33.16498750005849,1.0,6.976576619720056,368.27461012665435,202.61887081558834,7592.59388413477,0.5460135976540754,,,,,
798,6610.029485057786,0.8111211113908428,947.3440519903008,0.0,69546.3783648022,0.8223874913650323,0.8447715928657431,1.1970653492864374,0.001215243038401627,3.7090576116926646,0.187059572329123,0.187059572329123,1.1581798478830989e-35,1.1734284074114915e-35,33.197690200060606,1.0,6.976576619720056,368.27461012665435,0.8111211113908428,6609.218363946395,0.0,,,,,
799,7289.0637119521125,166.92791743334146,808.6251110853404,4.020643046483762,24506.408702130044,-3.0854960014621953,4.432491378418717,54.23644922096495,0.00016189824717091628,3.6797171450631905,0.187059572329123,0.187059572329123,1.167482106672137e-35,368811293.7054369,33.23017130000517,1.0,6.976576619720056,368.27461012665435,166.92791743334146,5641.43504411652,1480.7007504022513,,,,,
800,4847.713921932483,41.714129322404084,698.6492128101777,0.0,59015.9921677836,-0.5486843025587234,2.0993016857266382,39.01944453610908,0.000326416835188012,3.0070861573412078,0.187059572329123,0.187059572329123,1.1727405788707481e-35,7.000539550937464e-16,33.271556599996984,1.0,6.878988345637575,399.8608796203216,41.714129322404084,4805.999792610079,0.0,131.4660671236243,26.163384754418495,1e-12,5.0248111380704366,1000.0
801,4082.9125042425253,9.822407391424534,592.1059743376537,0.0,54425.550279154726,0.1504649442519135,1.1716365038752525,20.903343357282406,8.20510005185987e-06,3.1282490040578925,0.187059572329123,0.187059572329123,1.1786406018997084e-35,2.4783837194632325e-28,33.51830579992384,1.0,6.878988345637575,399.8608796203216,9.822407391424534,4073.090096851101,0.0,,,,,
802,3527.916916685414,143.91118013221887,491.9336342093411,0.0,48950.323205481094,-3.3017936942902604,4.376641428993493,55.902070610984765,0.0020067980288359794,3.335563243960027,0.187059572329123,0.187059572329123,1.1849722307613996e-35,19.53249819622072,33.55923389992677,1.0,6.878988345637575,399.8608796203216,143.91118013221887,3384.005736553195,0.0,,,,,
803,16655.298876326582,207.9561680824215,400.6073988540895,34.24083169464139,457536.4758949555,-5.072106299772003,6.271238726698537,53.31883763898972,3.105822867299074e-05,2.4367101681780965,0.187059572329123,0.187059572329123,1.1915560131644138e-35,654457447.1936737,33.59339080005884,1.0,6.878988345637575,399.8608796203216,207.9561680824215,2755.7736278934653,13691.569080350695,,,,,
804,2930.9968565902873,107.08608911574399,410.5111253938698,2.3808619528825454e-05,44856.596647470855,-1.9709717566460359,3.314118108921415,57.07398619075678,0.0003645223752022919,3.7297886007774017,0.187059572329123,0.187059572329123,1.1829676083517303e-35,1770486.0094420575,33.6287553999573,1.0,6.878988345637575,399.8608796203216,107.08608911574399,2823.9012473389957,0.009520135547341713,,,,,
805,3288.2334423664456,265.6097503517566,410.7836821832311,0.49229004318968206,31718.611416195956,-5.69627643357586,6.854008110163624,57.06320432548789,0.0,3.3278001348094635,0.187059572329123,0.187059572329123,1.1759485486567154e-35,264505920.2545436,33.662868099985644,1.0,6.878988345637575,399.8608796203216,265.6097503517566,2825.7761623165366,196.84752969815239,,,,,
806,4063.3392428376847,153.82376450117667,404.7163249100266,2.8146704350268874,32258.86953918159,-3.478170390719478,4.894614080177074,55.782463974168564,0.00010059471809799325,3.3369925323268146,0.187059572329123,0.187059572329123,1.1679526216425546e-35,388006052.7681748,33.696487199980766,1.0,6.878988345637575,399.8608796203216,153.82376450117667,2784.038882345343,1125.4765959911645,,,,,
807,2784.362617773264,0.7342395154160191,404.6566498434515,0.0,45355.40680969046,0.7903424499221013,0.7984710496493093,1.1951677194359132,0.00012998140831588234,3.557509615859998,0.187059572329123,0.187059572329123,1.1572723498203443e-35,1.160347178180213e-35,33.72963620000519,1.0,6.878988345637575,399.8608796203216,0.7342395154160191,2783.628378257848,0.0,,,,,
808,2738.567935465233,16.2925303959681,395.737755072029,0.0,44923.30606801525,0.10131481058332538,1.464695918739576,26.21739643517567,1.3392537136218408e-05,3.728779502469641,0.187059572329123,0.187059572329123,1.1483749115827208e-35,3.93947485630335e-24,33.76179230003618,1.0,6.878988345637575,399.8608796203216,16.2925303959681,2722.2754050692647,0.0,,,,,
809,2608.5926700674872,0.6168358740566448,379.1220021251122,0.0,44169.05535877502,0.6784399690407584,0.7067173422139528,1.191561313159581,0.0,3.1674380558891966,0.187059572329123,0.187059572329123,1.1410851225098675e-35,1.2178469897117672e-35,33.79544320004061,1.0,6.878988345637575,399.8608796203216,0.6168358740566448,2607.9758341934307,0.0,,,,,
810,2529.140931088191,103.81121971885977,356.18622671761096,0.0,42161.705768737724,-1.7657712771533185,3.0072189449568536,59.36268345273948,0.0,3.4785671257209803,0.187059572329123,0.187059572329123,1.1351458947249536e-35,16531160.61001698,33.83879519999027,1.0,6.809161976081023,429.8678356393055,103.81121971885977,2425.329711369331,0.0,102.45885234358919,18.688478257080725,1e-12,5.482460954506522,1000.0
811,2253.5790793737137,16.064274023374008,328.603551099269,0.0,40444.30498866466,0.1475880843381905,1.4133619098355648,26.231843589123223,2.9126273290023402e-05,3.334396103977608,0.187059572329123,0.187059572329123,1.1304516095683747e-35,6.5247333318980475e-25,33.88337799999863,1.0,6.809161976081023,429.8678356393055,16.064274023374008,2237.51480535034,0.0,,,,,
812,2029.3995275268821,0.756537955896909,297.9284376986667,0.0,38322.464952312876,0.8011297424298444,0.8011297424298444,1.1737551127175099,0.0006735506474431566,3.6843923131476783,0.187059572329123,0.187059572329123,1.1267672841998408e-35,1.1610570442160352e-35,33.919042099965736,1.0,6.809161976081023,429.8678356393055,0.756537955896909,2028.6429895709853,0.0,,,,,
813,30108.01654092934,129.14595680227717,265.6811393217879,65.53131529508536,697285.2389777331,-2.1490292638627806,3.646184763255401,56.12877326255399,0.0,3.6813052504046038,0.187059572329123,0.187059572329123,1.1239475950398499e-35,939187054.8217442,33.95299019990489,1.0,6.809161976081023,429.8678356393055,129.14595680227717,1809.0659116318027,28169.804672495262,,,,,
814,23433.620500193472,205.5149428802658,347.47948998481826,48.531338465028924,573760.8336005833,-4.4669276613350375,5.794802023081983,58.07352524565903,1.3229182963189756e-05,2.671124105384227,0.187059572329123,0.187059572329123,1.112126140365804e-35,856770363.6449484,33.985579299973324,1.0,6.809161976081023,429.8678356393055,205.5149428802658,2366.044130672651,20862.061426640557,,,,,
815,3906.4652239938873,129.81149690658467,547.5270507041328,0.11271685978755644,52179.926302995846,-2.344503911806284,3.9734759903391774,57.21462772618319,0.00010396098695177047,3.0403178974467315,0.187059572329123,0.187059572329123,1.0918965534730987e-35,204010305.3989238,34.01776510011405,1.0,6.809161976081023,429.8678356393055,129.81149690658467,3728.200374530367,48.453352556935954,,,,,
816,5172.1968542092945,0.8087074887068341,759.4749786958296,0.0,66064.42865507436,0.8568938406706653,0.8568938406706653,1.1959939712117473,1.5942461035443889e-06,3.2223408325390115,0.187059572329123,0.187059572329123,1.0738307679185237e-35,1.5228075094954248e-35,34.05043440009467,1.0,6.809161976081023,429.8678356393055,0.8087074887068341,5171.388146720587,0.0,,,,,
817,6606.095055596843,56.108396390855205,961.9372666143856,0.0,73517.3730914163,-1.718671745696748,2.930174731610905,36.03098355140813,0.0,3.7271429905058984,0.187059572329123,0.187059572329123,1.0589419094641476e-35,1.4016043648489095e-18,34.081479700049385,1.0,6.809161976081023,429.8678356393055,56.108396390855205,6549.986659205988,0.0,,,,,
818,7813.428223234345,49.36122997430202,1140.2382584719494,0.0,79143.62935571506,-0.7844340509178003,2.1629577030222515,47.79201353959222,0.0006411340277923394,3.3579319205286495,0.187059572329123,0.187059572329123,1.0471143894501893e-35,1.3319962237072637e-12,34.1139674000442,1.0,6.809161976081023,429.8678356393055,49.36122997430202,7764.066993260043,0.0,,,,,
819,14544.210668511263,349.8686249906105,1285.516966880753,12.657492238136912,204680.17232473896,-7.96383838373811,9.122920098882505,60.919039929901466,0.001301626164409507,3.6730661108832927,0.187059572329123,0.187059572329123,1.0382639639479019e-35,383363204.9121031,34.146166699938476,1.0,6.809161976081023,429.8678356393055,349.8686249906105,8753.29325049143,5441.048793029223,,,,,
820,9753.34806041529,14.436973363448535,1491.2719848320603,0.0,83206.60690346823,0.057760910952758,1.3014128588307934,24.835600349298083,0.0,3.4871312394919625,0.187059572329123,0.187059572329123,1.0232584090685502e-35,1.3912731157337631e-25,34.189115799963474,1.0,6.530606881982424,458.3744438573402,14.436973363448535,9738.911087051842,0.0,47.26500577409834,38.17666525154608,1e-12,1.238060094109037,1000.0
821,12409.499669395662,303.4997747729413,1654.7741150230268,2.834627210000725,14830.875910756218,-6.585797946876795,7.742525619562305,58.856879950591306,0.0,2.960496152503711,0.187059572329123,0.187059572329123,1.011992180036738e-35,517738291.5245888,34.22141140000895,1.0,6.530606881982424,458.3744438573402,303.4997747729413,10806.679223695754,1299.3206709269664,,,,,
822,11825.811652408236,0.8172848568919204,1810.7037494747751,0.0,86676.15694778699,0.8066624985583998,0.8489120208654436,1.1917729724943602,0.00017456547466430244,2.7796388114947046,0.187059572329123,0.187059572329123,1.0002899574941633e-35,1.0012221066453081e-35,34.25420550000854,1.0,6.530606881982424,458.3744438573402,0.8172848568919204,11824.994367551344,0.0,,,,,
823,12645.926707133864,96.2710909667969,1921.667594292172,0.0,86832.91146610245,-1.9027765731321393,3.381016869145094,51.41702465216253,0.0005408957484070998,3.684550291740168,0.187059572329123,0.187059572329123,9.923274753164144e-36,2.2695122678621266e-10,34.28725629998371,1.0,6.530606881982424,458.3744438573402,96.2710909667969,12549.655616167067,0.0,,,,,
824,12999.973683667547,0.8500462164034701,1990.4924415700161,0.0,87773.90291658214,0.803408736857655,0.8194300909238764,1.1970912119621933,0.00020950708663249745,3.5835051164946417,0.187059572329123,0.187059572329123,9.878562238588779e-36,1.1311181045129765e-35,34.32084870012477,1.0,6.530606881982424,458.3744438573402,0.8500462164034701,12999.123637451145,0.0,,,,,
825,13198.02322359632,4.738697054389767,2020.2233521269604,0.0,87919.55981070096,0.5383363089581712,1.112767364182475,17.368220341075155,0.00017532830639310076,3.4239053419809062,0.187059572329123,0.187059572329123,9.86551328156043e-36,5.041308438523083e-32,34.35388910002075,1.0,6.530606881982424,458.3744438573402,4.738697054389767,13193.28452654193,0.0,,,,,
826,13155.981981321893,0.7389482572635417,2014.3982436546905,0.0,88070.0546277618,0.7673774400032997,0.8042282765835999,1.1970905686047,0.00014712366525587717,3.566007115566003,0.187059572329123,0.187059572329123,9.881369154571646e-36,1.4024462984539273e-35,34.387347700074315,1.0,6.530606881982424,458.3744438573402,0.7389482572635417,13155.24303306463,0.0,,,,,
827,12908.479738171905,0.7744598678145773,1976.493993830148,0.0,88032.33835140355,0.8057847299819653,0.8057847299819653,1.1949122930793337,0.0002506837172226786,3.73105843375152,0.187059572329123,0.187059572329123,9.923287561493831e-36,9.947771377752597e-36,34.42047069990076,1.0,6.530606881982424,458.3744438573402,0.7744598678145773,12907.70527830409,0.0,,,,,
828,12686.113959855891,212.77911159497216,1909.9809671095263,0.0,87017.39739042422,-4.584220970396028,6.0584879350637015,59.51023917411556,0.0003051891997406797,2.717054702072726,0.187059572329123,0.187059572329123,9.989202872740348e-36,480.6607416452404,34.45339910010807,1.0,6.530606881982424,458.3744438573402,212.77911159497216,12473.334848260918,0.0,,,,,
829,15354.154111668735,254.18271948208752,1818.6623961048601,7.031374186263966,99581.7590440068,-5.108730344980959,6.40119930968502,62.865693441511056,0.0,3.2868257541297554,0.187059572329123,0.187059572329123,1.0074713990269886e-35,598452479.5245788,34.48583479993977,1.0,6.530606881982424,458.3744438573402,254.18271948208752,11876.969160005045,3223.0022321816036,,,,,
830,11310.000807402801,98.20213529321735,1772.5134531423362,0.2059544977829618,76077.53487203179,-1.9663119203757033,3.2649399661609912,56.54829384822476,0.00017758848937839827,3.7338914509077274,0.187059572329123,0.187059572329123,1.012229530119106e-35,273573624.6990367,34.52910190005787,1.0,6.268960533449905,485.4557216644732,98.20213529321735,11111.816882758312,99.98178935127186,51.77330245461087,39.89682047359901,0.047603864818822686,1.297679911332055,1000.0
831,10781.323243805005,99.31835569359481,1703.9515293028876,0.0,82392.37486551287,-2.105474994970264,3.529639237276342,47.662239656396636,7.318229961963268e-05,3.3687079811468563,0.187059572329123,0.187059572329123,1.0175090415581356e-35,3.967508358830157e-09,34.561979999998584,1.0,6.268960533449905,485.4557216644732,99.31835569359481,10682.00488811141,0.0,,,,,
832,10117.121946159934,0.7720126918352445,1613.7204692052699,0.0,82137.85015840147,0.8135984419416523,0.8225006007087213,1.190259469106515,4.467485463306026e-06,3.009481862254996,0.187059572329123,0.187059572329123,1.0246507993056231e-35,1.2102776699545025e-35,34.59514410002157,1.0,6.268960533449905,485.4557216644732,0.7720126918352445,10116.349933468098,0.0,,,,,
833,9454.497341601076,18.464301397689553,1505.198986315933,0.0,80643.04282026387,-0.044306462471782646,1.3577930518940475,30.759271267253023,8.217441099396539e-05,3.7333481473125882,0.187059572329123,0.187059572329123,1.0332814819311595e-35,9.950034141760779e-23,34.62820139992982,1.0,6.268960533449905,485.4557216644732,18.464301397689553,9436.033040203387,0.0,,,,,
834,8666.696415769882,0.7402341694244897,1382.359345757669,0.0,78894.37081477743,0.7828197747865957,0.7828197747865957,1.1962661444651004,0.0,3.678286134328299,0.187059572329123,0.187059572329123,1.0432248176177769e-35,1.0447016049469171e-35,34.66105050011538,1.0,6.268960533449905,485.4557216644732,0.7402341694244897,8665.956181600457,0.0,,,,,
835,7832.776227634474,0.8352091092551351,1249.3205176098281,0.0,76300.00276253888,0.8205858760963033,0.8611253803881145,1.1962775996745552,0.00020871860630122807,3.1916753087276133,0.187059572329123,0.187059572329123,1.0541683351649786e-35,1.0564982013475178e-35,34.69177530007437,1.0,6.268960533449905,485.4557216644732,0.8352091092551351,7831.941018525219,0.0,,,,,
836,6963.219363023795,1.6950288160640876,1110.4750615452826,0.0,72967.13591287802,0.6175422875564878,0.8200718723864249,14.180602072913667,0.0001886740750886573,3.6565457185385437,0.187059572329123,0.187059572329123,1.0658730108486273e-35,4.9310255633515156e-33,34.7212219000794,1.0,6.268960533449905,485.4557216644732,1.6950288160640876,6961.524334207731,0.0,,,,,
837,31492.77395129548,97.49939406191336,970.1969350828865,52.14306296511279,673388.1083281178,-1.7070905993075591,3.169233282156756,59.48533634384871,0.00046640252393690546,3.6837188763502446,0.187059572329123,0.187059572329123,1.0781025461465581e-35,734883816.2591304,34.75102799991146,1.0,6.268960533449905,485.4557216644732,97.49939406191336,6082.126295708675,25313.148261524893,,,,,
838,6622.558363084606,93.906359330227,1041.4249649393728,0.0,70142.64968085013,-2.3485134465743043,3.424666368067858,50.62719070534938,0.0010281964196306587,3.6396455407677593,0.187059572329123,0.187059572329123,1.0799699354473356e-35,1.3958719793538636e-14,34.78184020007029,1.0,6.268960533449905,485.4557216644732,93.906359330227,6528.652003754379,0.0,,,,,
839,7046.839266997436,234.46758923610798,1086.6828147045896,0.0,71164.87127827301,-4.811646657685221,6.239221081314144,63.0612110460423,0.000338366528261802,3.3065867811213536,0.187059572329123,0.187059572329123,1.0831577636447627e-35,257408.61975793648,34.81731009995565,1.0,6.268960533449905,485.4557216644732,234.46758923610798,6812.371677761328,0.0,,,,,
840,6863.900938310857,30.66471896574443,1107.131416271061,0.0,70912.56259352979,-0.24738329308840293,1.7233077902867058,36.446145559667706,0.0010400951098140238,3.6026890470783903,0.187059572329123,0.187059572329123,1.087648549217384e-35,1.137905791760477e-22,34.86136529990472,1.0,6.172019074628191,511.18293558124947,30.66471896574443,6833.236219345113,0.0,148.33835057419913,34.257240333797895,1e-12,4.330131357015638,1000.0
841,6982.908286919326,163.44407428401215,1104.900054613996,0.0,70650.44735936276,-2.988705989001412,4.493136028520277,62.84577728828227,9.11212366912148e-05,3.2014708372544396,0.187059572329123,0.187059572329123,1.0932614301468853e-35,901227.956811103,34.89294539997354,1.0,6.172019074628191,511.18293558124947,163.44407428401215,6819.464212635314,0.0,,,,,
842,6695.98609786824,15.138657349503148,1082.4411525204494,0.0,70153.95800875909,0.02314685293850651,1.434164691425182,28.288277152905156,2.1234594475498525e-05,3.5289329918801653,0.187059572329123,0.187059572329123,1.0999495894223805e-35,2.4357197645156798e-23,34.92205010005273,1.0,6.172019074628191,511.18293558124947,15.138657349503148,6680.847440518737,0.0,,,,,
843,7250.364379567296,128.7628540104175,1042.4369154206947,1.3452346540125761,25975.281527513616,-2.400557201082138,3.8037716182784833,61.53130031462734,0.0007440103993737734,3.7321866599103344,0.187059572329123,0.187059572329123,1.1075433790938044e-35,171902558.29933968,34.951038300059736,1.0,6.172019074628191,511.18293558124947,128.7628540104175,6433.940526073103,687.6609994837751,,,,,
844,6238.590877299468,67.67212488794307,999.821724106267,0.0,67551.70271344946,-1.1358686535543365,2.593957895380564,48.84534015774102,0.00016813032667720856,3.4666495997133637,0.187059572329123,0.187059572329123,1.1119025789164041e-35,3.340507159063473e-11,34.980273799970746,1.0,6.172019074628191,511.18293558124947,67.67212488794307,6170.918752411525,0.0,,,,,
845,5988.049704602926,162.27713563247968,943.6203572345185,0.0033837688841555262,65618.10512302806,-3.1585211262788477,4.4816613304041075,62.76632334797863,0.000384442266197306,2.9435274405969034,0.187059572329123,0.187059572329123,1.1172378884350296e-35,6181976.049749838,35.00801270012744,1.0,6.172019074628191,511.18293558124947,162.27713563247968,5824.042844058916,1.7297249115311109,,,,,
846,5412.407682041183,0.6365722496404513,876.8234583133645,0.0,64245.18663946923,0.7068102941539486,0.7152848075808385,1.1970635370727434,0.000125250438353805,3.7335078297439726,0.187059572329123,0.187059572329123,1.1232845508749867e-35,1.4417995825918452e-35,35.0362424000632,1.0,6.172019074628191,511.18293558124947,0.6365722496404513,5411.771109791543,0.0,,,,,
847,5178.513859139816,129.95396288847772,802.1282966486375,0.19133805577002028,54832.02458364399,-3.229029214688617,4.441473239565218,62.159960306608575,0.0,3.702352439245668,0.187059572329123,0.187059572329123,1.129959375125876e-35,121583655.74182725,35.063495399896055,1.0,6.172019074628191,511.18293558124947,129.95396288847772,4950.751147214411,97.8087490369278,,,,,
848,4571.993076358728,103.31202398529346,724.022560257987,0.0,58685.96651020939,-1.666514807714909,3.1135109326994885,56.73006906534966,0.0,3.581548431455143,0.187059572329123,0.187059572329123,1.1355528345993388e-35,0.03450661052348597,35.09090599999763,1.0,6.172019074628191,511.18293558124947,103.31202398529346,4468.681052373435,0.0,,,,,
849,4896.859946781162,154.6024710886013,643.2693565007384,1.51019661164628,11613.401072578421,-3.570242487536957,4.901524139320594,61.264995849320805,1.3469252589000391e-05,3.5114789131037405,0.187059572329123,0.187059572329123,1.1417027343960646e-35,227019985.46686167,35.12342269998044,1.0,6.172019074628191,511.18293558124947,154.6024710886013,3970.2707384463592,771.9867372462015,,,,,
850,3823.26736890106,223.16264439788003,572.0060251553838,0.008222450434579743,52935.60265608053,-4.5515040175519,5.76740985691866,62.27086513356302,0.00025132170525182795,3.1956206636219195,0.187059572329123,0.187059572329123,1.1437527744112135e-35,4373297.021536155,35.16310220002197,1.0,6.286123618140929,535.6237888021869,223.16264439788003,3595.7005844481723,4.40414005500779,214.5086869431174,25.37330225672714,0.002786435198184337,8.45410994488293,1000.0
851,79089.08983379745,237.42229766556693,500.38853898508205,141.34204810483132,1376337.8587781996,-5.428534957124243,6.471157901349994,58.795431843680085,0.0,3.7221080119441123,0.187059572329123,0.187059572329123,1.1461521865850237e-35,929391747.6519299,35.50654259999283,1.0,6.286123618140929,535.6237888021869,237.42229766556693,3145.504213161157,75706.16332297072,,,,,
852,28071.678395317438,119.39358111506105,707.2754329012297,43.885773003992334,619631.2726664454,-2.210551015312863,3.5875111851610444,58.37462837591006,0.0001816817420674799,3.443164405157448,0.187059572329123,0.187059572329123,1.138514444207536e-35,589537884.7722085,35.54234479996376,1.0,6.286123618140929,535.6237888021869,119.39358111506105,4446.02080329127,23506.264010911105,,,,,
853,6678.635256663245,0.9043158134111073,1062.2971081222104,0.0,70887.36030340426,0.8392836113633992,0.868697439296471,2.6599525922528118,1.4834632214019011e-05,3.66191180856288,0.187059572329123,0.187059572329123,1.1197273159554813e-35,3.8301032959799567e-35,35.57570119993761,1.0,6.286123618140929,535.6237888021869,0.9043158134111073,6677.730940849834,0.0,,,,,
854,8968.923886686522,94.19154572379956,1411.7972983145619,0.0,78535.14675139353,-1.6073519594902639,2.8909245798309553,55.75158303399513,0.0,3.4423103270342934,0.187059572329123,0.187059572329123,1.1045408552189575e-35,0.08526629438060852,35.60847350000404,1.0,6.286123618140929,535.6237888021869,94.19154572379956,8874.732340962722,0.0,,,,,
855,10888.285565297307,0.7992829441899848,1731.9873015117391,0.0,83702.1566727713,0.8089766556372238,0.8230050835774295,1.1939504708578175,0.00028794331096399645,3.1697185401352446,0.187059572329123,0.187059572329123,1.093061981060078e-35,1.094405572002611e-35,35.64126110007055,1.0,6.286123618140929,535.6237888021869,0.7992829441899848,10887.486282353117,0.0,,,,,
856,13225.1329197304,170.89682344818777,2009.0737544794208,0.7933742424181177,58843.832355298095,-2.9246523587989333,4.405967652345135,59.873165149699986,0.0005419577545628593,2.6259046623376436,0.187059572329123,0.187059572329123,1.0852581745105874e-35,79203810.10016441,35.675033000065014,1.0,6.286123618140929,535.6237888021869,170.89682344818777,12629.285978620157,424.9501176620569,,,,,
857,14210.636642412763,88.81146977802936,2246.5077097562953,0.0,87034.96076467342,-2.1053659467707946,3.179353660160175,55.48025947849798,2.6168613462759782e-06,3.538681686366706,0.187059572329123,0.187059572329123,1.0779315724271704e-35,29406.999168218368,35.70880499994382,1.0,6.286123618140929,535.6237888021869,88.81146977802936,14121.825172634733,0.0,,,,,
858,15602.230687272886,272.4389861965151,2434.6075186634216,0.047697428002378,86026.00437246311,-5.818488385141875,7.15873348938781,60.14691511381802,0.0,3.7205441711389238,0.187059572329123,0.187059572329123,1.0745706139706439e-35,46024733.72779675,35.74294880009256,1.0,6.286123618140929,535.6237888021869,272.4389861965151,15304.243823973617,25.54787710275323,,,,,
859,16211.282678020598,17.003407715305627,2576.1948466254667,0.0,87492.23646746471,-0.4106405423610024,1.8458262420660336,17.149363066522344,0.00015518716516337017,2.9213776330028445,0.187059572329123,0.187059572329123,1.0742238841711541e-35,1.3435245906994308e-30,35.778145000105724,1.0,6.286123618140929,535.6237888021869,17.003407715305627,16194.279270305293,0.0,,,,,
860,15971.852290923478,0.8375816728204408,2674.375289992756,0.0,83053.64425835252,0.8416696601239352,0.8416696601239352,1.1961830648023903,1.8380791389528695e-06,3.5743125313469903,0.187059572329123,0.187059572329123,1.0775763913971512e-35,1.0780797531732162e-35,35.82246969989501,1.0,5.971867437233882,558.8425993620776,0.8375816728204408,15971.014709250658,0.0,3.7044138957330756e-05,42.8030561280461,1e-12,0.001,1000.0
861,16334.870284329125,4.664716322781542,2734.522448738473,0.0,82704.39100125986,0.44336063530256703,1.0725246935250945,16.244019384836136,0.0,3.67554236878731,0.187059572329123,0.187059572329123,1.0842648256239601e-35,1.6017073962729323e-29,35.85909090004861,1.0,5.971867437233882,558.8425993620776,4.664716322781542,16330.205568006344,0.0,,,,,
862,16693.04865763659,138.85501207907723,2760.4841964043553,0.12337635343173348,77255.92966628168,-2.8229347092154797,4.147023574475477,59.47644793612377,0.0007814928752197456,3.5605090663125094,0.187059572329123,0.187059572329123,1.0940456029156995e-35,14402725.929935886,35.89529459993355,1.0,5.971867437233882,558.8425993620776,138.85501207907723,16485.24568350591,68.94796205160432,,,,,
863,16468.924690683958,0.7129721157747057,2757.6318281767017,0.0,82042.33744772739,0.7559342043318753,0.76792136524645,1.1955191445940516,0.0007417452231986629,3.7331779484090384,0.187059572329123,0.187059572329123,1.1054242310360465e-35,1.1095777306181653e-35,35.92877419991419,1.0,5.971867437233882,558.8425993620776,0.7129721157747057,16468.211718568182,0.0,,,,,
864,16289.326556841206,0.7505582858562717,2727.551502064165,0.0,81654.24582968776,0.7607494892729707,0.7912021653277059,1.1960741096640413,0.0006596821307956746,3.645274700729561,0.187059572329123,0.187059572329123,1.1196456873772097e-35,1.593423185206227e-35,35.962618000106886,1.0,5.971867437233882,558.8425993620776,0.7505582858562717,16288.57599855535,0.0,,,,,
865,16195.419958030392,227.83096767326697,2673.538689888271,0.002809997001336347,80652.79589702353,-5.474596410345391,6.730530790921463,59.22592640672958,2.850852185481631e-05,3.1503284425716154,0.187059572329123,0.187059572329123,1.1365123442064672e-35,5021280.179552866,35.996153299929574,1.0,5.971867437233882,558.8425993620776,227.83096767326697,15966.018644328698,1.5703460284264477,,,,,
866,15537.323932388133,16.994080446770848,2598.9072957604444,0.0,80583.43890279983,-0.07535417435178941,1.6558664301056658,25.375047614986894,0.0004765069606962394,3.583195758412321,0.187059572329123,0.187059572329123,1.1556907935765212e-35,3.00098597162062e-24,36.0303172999993,1.0,5.971867437233882,558.8425993620776,16.994080446770848,15520.329851941362,0.0,,,,,
867,14968.910464073315,0.8102411630265749,2506.4354459018914,0.0,80064.73286267543,0.8468761425638903,0.8658121116901314,1.1964654311713767,0.00032161513344036025,3.4026362243888917,0.187059572329123,0.187059572329123,1.1770117028253197e-35,1.4660132385988596e-35,36.06627850001678,1.0,5.971867437233882,558.8425993620776,0.8102411630265749,14968.100222910289,0.0,,,,,
868,14327.011656391189,0.8955297406843643,2398.934048222316,0.0,79239.29477861019,0.8463791928977936,0.8807788871681878,2.357055064897337,4.669362844779423e-05,3.2803816122022376,0.187059572329123,0.187059572329123,1.2003619101370096e-35,3.6616278055767255e-35,36.10099030006677,1.0,5.971867437233882,558.8425993620776,0.8955297406843643,14326.116126650504,0.0,,,,,
869,13611.869567896358,0.6453879779988623,2279.2240991576605,0.0,78165.95523917026,0.7115337164871608,0.746270703759221,1.1362850162030917,0.0001872548917084202,3.7093397565380593,0.187059572329123,0.187059572329123,1.2254735055130467e-35,1.2260304755963842e-35,36.134726099902764,1.0,5.971867437233882,558.8425993620776,0.6453879779988623,13611.22417991836,0.0,,,,,
870,12199.11195437211,0.7639575129026981,2150.123605896812,0.0,72938.55943457602,0.7477501255844977,0.7794936427719414,1.196307599548776,4.8074878441724256e-05,3.7117236975227104,0.187059572329123,0.187059572329123,1.252129123534869e-35,1.256059691226339e-35,36.18111320002936,1.0,5.673324065372187,580.9004693939737,0.7639575129026981,12198.347996859207,0.0,0.00034779917765190125,39.17575320426014,1e-12,0.001,1000.0
871,12655.432392170296,219.3234215575615,2015.5693612370214,1.7234119454651657,21944.324956921504,-5.073511759479958,6.268349670136752,58.52004597332105,3.307476053857408e-05,3.622844830539196,0.187059572329123,0.187059572329123,1.2798668979099774e-35,136551443.80969495,36.21481649996713,1.0,5.673324065372187,580.9004693939737,219.3234215575615,11434.97816253284,1001.1308080798962,,,,,
872,10910.33951632217,118.36201160936633,1892.8461841040978,0.09166406156060448,66259.72640340585,-2.2553043036537663,3.4841696593899343,58.846020509307905,0.0,3.7336766059910826,0.187059572329123,0.187059572329123,1.3021823463745809e-35,27620880.618286412,36.24825230007991,1.0,5.673324065372187,580.9004693939737,118.36201160936633,10738.72980832569,53.247696387113244,,,,,
873,20502.40183385401,111.12286061653116,1767.6663872638758,17.839088217013803,176610.2624009946,-2.010896806398826,3.4842557342966956,56.61663355187632,0.0011395935201070212,3.4943223740410496,0.187059572329123,0.187059572329123,1.3240940873018146e-35,241616559.3891169,36.28160530002788,1.0,5.673324065372187,580.9004693939737,111.12286061653116,10028.544254413659,10362.734718823824,,,,,
874,9693.712748624072,25.446973880474456,1704.162438693572,0.0,66424.20792576234,-0.5597371557130514,1.8161261617563234,33.49656762102645,0.0,3.0990651863218206,0.187059572329123,0.187059572329123,1.329701196226041e-35,1.6270025370676335e-18,36.314593099989,1.0,5.673324065372187,580.9004693939737,25.446973880474456,9668.265774743597,0.0,,,,,
875,9346.004174512007,93.45953197788798,1630.8859737112734,0.0,65197.937957089474,-1.7964450946592903,3.253563444953443,57.69053091946161,4.8559258516885084e-06,3.258356065389844,0.187059572329123,0.187059572329123,1.3374853936473002e-35,2447.770093526375,36.34727449994534,1.0,5.673324065372187,580.9004693939737,93.45953197788798,9252.54464253412,0.0,,,,,
876,8794.268525251002,1.2791168260183983,1549.8831561718898,0.0,63971.80583432195,0.7093114224019293,0.8766092133861447,8.876370234922737,2.4991648826386964e-05,3.389388391863662,0.187059572329123,0.187059572329123,1.3471093244675024e-35,7.017711743884669e-34,36.38110419991426,1.0,5.673324065372187,580.9004693939737,1.2791168260183983,8792.989408424983,0.0,,,,,
877,8336.957461737114,36.762052061319324,1463.0215573859127,0.0,62179.846789170966,-0.5548985988902797,2.2263161234988758,33.17604440825299,9.35466828608511e-05,3.7178984395394035,0.187059572329123,0.187059572329123,1.3583386743822368e-35,3.759826572735987e-19,36.413725699996576,1.0,5.673324065372187,580.9004693939737,36.762052061319324,8300.195409675795,0.0,,,,,
878,7910.809947204388,114.01227207102762,1372.1292592400882,0.021111581985894513,59796.83507479392,-2.038359361578598,3.359613166684725,60.05040024765821,0.0013206642505076416,3.7266825564802257,0.187059572329123,0.187059572329123,1.3709036020082946e-35,195384.96398791118,36.44604770001024,1.0,5.673324065372187,580.9004693939737,114.01227207102762,7784.533947248105,12.263727885255483,,,,,
879,12560.632844951733,137.5453703439132,1278.933086214725,8.895302880329716,105333.09939463566,-3.6463489774218707,4.868703269395036,58.173599902866556,0.0007780203308012656,3.336641279170335,0.187059572329123,0.187059572329123,1.3838221561937479e-35,233084418.21770707,36.479453100124374,1.0,5.673324065372187,580.9004693939737,137.5453703439132,7255.801856022722,5167.285618585098,,,,,
880,6576.902425775921,0.8204257343803883,1220.118449513686,0.0,55045.076259902744,0.8075959144778899,0.8287395522678724,1.1967395490158486,0.0,3.47656219911741,0.187059572329123,0.187059572329123,1.384104015861955e-35,1.3984890821032783e-35,36.52295299991965,1.0,5.389707862103577,601.855445924275,0.8204257343803883,6576.082000041541,0.0,0.0015096812530000522,30.650408582430906,1e-12,0.001,1000.0
881,6395.752544839863,105.3553291241756,1156.05718353588,0.09900504344448958,50605.34506801056,-2.0466962777605016,3.368196242674968,60.6138111643589,6.532753612781966e-05,3.7335876667157537,0.187059572329123,0.187059572329123,1.386242473535733e-35,52287287.22569287,36.55655899993144,1.0,5.389707862103577,601.855445924275,105.3553291241756,6230.810491144652,59.586724571035504,,,,,
882,5880.010311297204,11.884325225106398,1088.7651309141263,0.0,52631.73973776232,0.1678029492580917,1.395450994815503,19.838075068215847,5.5297450143695914e-05,3.658906078745052,0.187059572329123,0.187059572329123,1.3882751907637355e-35,1.5641604269544777e-26,36.589639300014824,1.0,5.389707862103577,601.855445924275,11.884325225106398,5868.1259860720975,0.0,,,,,
883,5491.010329038033,0.8320062531690907,1018.6411700321868,0.0,51289.86384589244,0.8503380108974784,0.8503380108974784,1.197053100194328,0.00012631870984110283,3.492119476268647,0.187059572329123,0.187059572329123,1.3917795247975043e-35,1.3990971314365533e-35,36.620248900027946,1.0,5.389707862103577,601.855445924275,0.8320062531690907,5490.178322784864,0.0,,,,,
884,5138.709047649267,35.68570542611213,946.808894430777,0.0,49599.84781844855,-0.47804325570442935,1.8227391287206964,47.74993532244397,0.00033134472555942235,2.4220037362694593,0.187059572329123,0.187059572329123,1.3965485537701573e-35,4.1109083313339934e-11,36.65054620010778,1.0,5.389707862103577,601.855445924275,35.68570542611213,5103.023342223155,0.0,,,,,
885,4713.3243095053995,0.8381455725595589,874.3490898769379,0.0,48160.65879108354,0.7149444699018849,0.8210120339514051,3.1785665154639293,0.0,3.538720890999686,0.187059572329123,0.187059572329123,1.4023563736410734e-35,4.4419728782899556e-35,36.680126199964434,1.0,5.389707862103577,601.855445924275,0.8381455725595589,4712.48616393284,0.0,,,,,
886,32942.01262986095,88.8827658265443,802.1606899540805,47.402940822285174,634232.5450993149,-1.7535725099156658,3.0423616039365333,56.74000798236672,0.00012325185504778735,3.530112256904678,0.187059572329123,0.187059572329123,1.408943852802237e-35,736198640.2449484,36.71020490000956,1.0,5.389707862103577,601.855445924275,88.8827658265443,4323.411777315938,28529.718086718465,,,,,
887,4708.187371652368,83.79744297449014,858.003818944094,0.0,47520.365968128135,-1.8262024177980107,3.059179030517123,59.64320442484257,0.000631470378807418,3.384605500702292,0.187059572329123,0.187059572329123,1.39644010571962e-35,63.147941798366304,36.73763069999404,1.0,5.389707862103577,601.855445924275,83.79744297449014,4624.389928677878,0.0,,,,,
888,4980.587310446956,127.51316647752375,900.4336168371286,0.0,48208.32808272764,-3.268147468779272,4.600818860505952,52.73737925067192,3.72686545246706e-05,3.6577034824533734,0.187059572329123,0.187059572329123,1.3866383511189283e-35,0.0015634080240318872,36.76510150008835,1.0,5.389707862103577,601.855445924275,127.51316647752375,4853.074143969432,0.0,,,,,
889,5064.906307863711,53.01534914193908,929.9003001557222,0.0,49118.33466149608,-1.0665178460418465,2.3863703693391245,47.579094402720926,5.101828380906642e-05,3.539188329606258,0.187059572329123,0.187059572329123,1.3792668109484913e-35,7.217036676171176e-10,36.79183449991979,1.0,5.389707862103577,601.855445924275,53.01534914193908,5011.890958721772,0.0,,,,,
890,37098.19477165953,184.09903056220892,947.0290046841675,55.858241418198155,724728.5411484097,-4.065450207233016,5.286838206074072,61.17364920468279,0.00010987710246290056,3.7152405447337333,0.187059572329123,0.187059572329123,1.3741382226810507e-35,816099023.7088275,36.82840820006095,1.0,5.216354368221233,572.4143124431406,184.09903056220892,4940.038885416464,31974.056855680858,52.97930575329232,27.5555284882524,4.065082107397468,1.9226379844566837,13.032776301586326
891,5778.823089613555,5.1864191394890815,1106.8336740402215,0.0,51354.68951474973,0.3808923746932479,1.0414437475330078,19.07014048226059,0.000869894021063404,3.7325884277893504,0.187059572329123,0.187059572329123,1.3540734092469037e-35,2.081578826312672e-30,36.86679590004496,1.0,5.216354368221233,572.4143124431406,5.1864191394890815,5773.636670474066,0.0,,,,,
892,8599.5146898105,156.57284270185963,1248.0456378415909,3.376389252332298,39414.75354232719,-3.749270785705565,5.241892837823133,60.31028413291747,0.002179646731435822,3.4590518844833458,0.187059572329123,0.187059572329123,1.3378645401449992e-35,146485853.08732715,36.902532499982044,1.0,5.216354368221233,572.4143124431406,156.57284270185963,6510.248314694438,1932.6935324142019,,,,,
893,7247.54626646003,0.9917225515096554,1389.199052130268,0.0,56217.997070888036,0.8117294416943585,0.8942006443700492,4.333931745722994,0.0001901657703787113,1.8087943568518725,0.187059572329123,0.187059572329123,1.3170562073306372e-35,7.220789148332276e-35,36.93167610000819,1.0,5.216354368221233,572.4143124431406,0.9917225515096554,7246.55454390852,0.0,,,,,
894,8003.993661293789,103.92899662288887,1508.2704293552713,0.05658772211051984,55542.758616098276,-2.1331186194239082,3.476442523193986,62.88988260332256,6.879596294549761e-07,2.7230299144010166,0.187059572329123,0.187059572329123,1.3005746651725757e-35,158881773.3573735,36.96096850000322,1.0,5.216354368221233,572.4143124431406,103.92899662288887,7867.673042626284,32.391622044616724,,,,,
895,8472.352142970958,98.75347447006575,1605.258783704197,0.0,58998.257213452685,-1.8239722605731785,3.267027585811454,60.44935795803872,0.00034485316768101404,3.200899755004906,0.187059572329123,0.187059572329123,1.286904186522855e-35,68.65506626343134,36.98853569990024,1.0,5.216354368221233,572.4143124431406,98.75347447006575,8373.598668500892,0.0,,,,,
896,8763.499202060088,0.7725255868825502,1679.8564778990042,0.0,60110.9256546086,0.7663926226241362,0.8012044215122798,1.1922935994807002,0.0012867984446340297,3.591222103356684,0.187059572329123,0.187059572329123,1.2770080145887516e-35,1.2775200314305928e-35,37.027848300058395,1.0,5.216354368221233,572.4143124431406,0.7725255868825502,8762.726676473205,0.0,,,,,
897,9040.534794990419,0.8910516590214128,1732.942799745773,0.0,60638.90337666568,0.9019207208948751,0.9019207208948751,1.1970512475687194,5.3102582498021356e-05,3.6990538291202277,0.187059572329123,0.187059572329123,1.2705161414755594e-35,1.2751262373445485e-35,37.0647261000704,1.0,5.216354368221233,572.4143124431406,0.8910516590214128,9039.643743331397,0.0,,,,,
898,9291.231750240053,79.67709058435726,1765.8989419456982,0.0,60509.15176897967,-1.2933050423683903,2.5499190171896946,59.32310168550637,0.00020298586281033287,3.5670467561008943,0.187059572329123,0.187059572329123,1.2672944258151557e-35,11.053471940491706,37.10220759990625,1.0,5.216354368221233,572.4143124431406,79.67709058435726,9211.554659655696,0.0,,,,,
899,9521.843570956813,233.31948516855257,1780.4527905974276,0.0018367712351487907,60559.62715385157,-5.069364968193284,6.453231749476492,63.59347548857645,6.179097254691707e-05,2.679873589807561,0.187059572329123,0.187059572329123,1.2666089508849375e-35,48765846.04072982,37.14154740003869,1.0,5.216354368221233,572.4143124431406,233.31948516855257,9287.472691644576,1.0513941436830332,,,,,
900,13386.723778595275,258.53778638111214,1778.3236042162741,5.5115710258465604,67272.54045563586,-6.069837280501027,7.188182374934884,63.395362915821295,0.0002589121204257805,3.5090703072271485,0.187059572329123,0.187059572329123,1.2684740841758526e-35,502137437.64201015,37.19633760000579,1.0,5.591733827351556,577.7433917856821,258.53778638111214,9943.91225367388,3184.273738540283,444.85481361097897,34.962023513696074,0.6551656852030266,12.723943550827682,678.9958992939697
901,10028.487814047343,0.8895912161926351,1793.2896186477776,0.0,65471.317730729366,0.8728361949063299,0.883413828503985,1.196564637574293,0.0003260672859862618,3.31628634579986,0.187059572329123,0.187059572329123,1.2631238610016728e-35,1.3108809035097935e-35,37.51624460006133,1.0,5.591733827351556,577.7433917856821,0.8895912161926351,10027.59822283115,0.0,,,,,
902,10011.52482324286,0.721367417995078,1790.2861196392707,0.0,65447.75332367629,0.7787948443187105,0.7857402777888397,1.197088304124104,2.7181639293667736e-05,3.730687353741462,0.187059572329123,0.187059572329123,1.2610185202818445e-35,1.2635204101988804e-35,37.546957900049165,1.0,5.591733827351556,577.7433917856821,0.721367417995078,10010.803455824866,0.0,,,,,
903,10013.366522438724,109.67532085869284,1771.1306559580596,0.0,65335.83871356039,-1.9142923012132587,3.352060740439171,57.10958059950792,8.512687378301603e-05,2.656854464233172,0.187059572329123,0.187059572329123,1.26181230198312e-35,26296.649594606908,37.57519090012647,1.0,5.591733827351556,577.7433917856821,109.67532085869284,9903.691201580032,0.0,,,,,
904,9776.540766974711,60.217882685865604,1737.6225665038212,0.0,64424.481430280044,-1.0410658871242087,2.495460751289073,48.99057694005341,0.0007874560351111629,3.134462201639198,0.187059572329123,0.187059572329123,1.2652455996392722e-35,1.5417829769347568e-14,37.603169000009075,1.0,5.591733827351556,577.7433917856821,60.217882685865604,9716.322884288846,0.0,,,,,
905,9743.065358108046,278.9572205208714,1691.7413626699033,0.007513253942450886,63266.09554299584,-6.572424788385453,7.639486572764133,64.43868672190844,0.0,3.6418194361074603,0.187059572329123,0.187059572329123,1.2710017938325384e-35,130389988.4747399,37.632781699998304,1.0,5.591733827351556,577.7433917856821,278.9572205208714,9459.767404771115,4.340732816058723,,,,,
906,9155.706413513233,10.904305235716715,1635.4144153905156,0.0,63522.49704178626,0.24832104728747126,1.2464571403838491,28.284804563179783,0.00025946892018297724,3.682688480293125,0.187059572329123,0.187059572329123,1.278449749650135e-35,4.1850363817349737e-23,37.66212629992515,1.0,5.591733827351556,577.7433917856821,10.904305235716715,9144.802108277516,0.0,,,,,
907,8786.406052894026,6.741619235897715,1570.1148704026368,0.0,62651.90420215285,0.33929710711601707,1.168114524384378,19.14912664630092,0.00010438139236818023,3.733621651951633,0.187059572329123,0.187059572329123,1.2877166644700464e-35,3.962240549567918e-29,37.69217150006443,1.0,5.591733827351556,577.7433917856821,6.741619235897715,8779.664433658128,0.0,,,,,
908,8374.928597501017,1.0003884387327187,1497.5548671687177,0.0,61574.43249159309,0.8609177209567376,0.9209775256530963,4.925267998466048,0.0,2.1943710376878407,0.187059572329123,0.187059572329123,1.2985514675251238e-35,7.316423413443046e-35,37.723230000119656,1.0,5.591733827351556,577.7433917856821,1.0003884387327187,8373.928209062284,0.0,,,,,
909,7964.241905123797,27.367525970691773,1419.3941672134797,0.0,60077.12630004517,-0.43078824100597485,1.877525991632577,31.647079875564415,0.0006792426467647772,3.523432147159148,0.187059572329123,0.187059572329123,1.3107377305466197e-35,1.0324013144381287e-22,37.75397550011985,1.0,5.591733827351556,577.7433917856821,27.367525970691773,7936.874379153105,0.0,,,,,
910,7490.745653801376,90.28889032654351,1337.2645487501106,0.0,57873.53118521722,-1.6354559185591635,2.9415953368330467,62.143154032105556,0.0004402869442776819,3.7190537061585194,0.187059572329123,0.187059572329123,1.3240389288101762e-35,731425.7992122817,37.796499100048095,1.0,5.534025986400187,598.856222196398,90.28889032654351,7400.456763474832,0.0,138.78800560926803,31.27562752126296,1e-12,4.437577008324197,1000.0
911,6933.632709978261,0.7759604304618241,1252.769099130583,0.0,56531.80139602615,0.7895993735563542,0.7895993735563542,1.196925428500234,2.7241480894626968e-05,3.7245209395634316,0.187059572329123,0.187059572329123,1.338273690625067e-35,1.5440559797229805e-35,37.82659439998679,1.0,5.534025986400187,598.856222196398,0.7759604304618241,6932.856749547799,0.0,,,,,
912,6557.108887700269,95.92681298048117,1167.1171818909827,0.0038828367724193747,54663.86113941078,-1.7590258446176086,3.1231342361957584,63.53921526841964,0.001008465054876402,3.641929345657913,0.187059572329123,0.187059572329123,1.3532285308234834e-35,4139757.9471558216,37.85856120008975,1.0,5.534025986400187,598.856222196398,95.92681298048117,6458.856813758852,2.3252609609363217,,,,,
913,5987.189762147501,2.4350406490494114,1081.4468049492225,0.0,52946.11301416284,0.5722348777281658,0.9094396968116714,15.825306818113724,5.075650942473059e-05,3.6032452453738117,0.187059572329123,0.187059572329123,1.368396481670207e-35,5.554724816398987e-31,37.89238759991713,1.0,5.534025986400187,598.856222196398,2.4350406490494114,5984.7547214984515,0.0,,,,,
914,5516.30350567964,0.699796413432638,996.6710895143514,0.0,51088.276954134446,0.7594668926964642,0.7829075083274274,1.1956092261711113,1.286358280355726e-05,3.7285749915826916,0.187059572329123,0.187059572329123,1.3839634991754855e-35,1.3957729705334e-35,37.9247350001242,1.0,5.534025986400187,598.856222196398,0.699796413432638,5515.603709266207,0.0,,,,,
915,5130.551247433723,74.83159914408904,913.5699146903203,0.0,48827.85755834238,-1.2315861165666087,2.4524156298152353,62.09155549151747,0.003036490740071257,3.636684346912362,0.187059572329123,0.187059572329123,1.399804702552339e-35,0.002780635698479348,37.95794610003941,1.0,5.534025986400187,598.856222196398,74.83159914408904,5055.719648289634,0.0,,,,,
916,4642.150552237333,33.07921753801297,832.8604430167235,0.0,46976.48959427644,-0.4238200873149576,2.047690435177737,37.780583416985415,0.00016630317604871686,2.5853976609269655,0.187059572329123,0.187059572329123,1.4157159784160731e-35,2.7889108337379633e-18,37.9922134000808,1.0,5.534025986400187,598.856222196398,33.07921753801297,4609.07133469932,0.0,,,,,
917,11771.047483452901,338.1853905560557,755.0547914713226,12.113707742957148,246316.10322191843,-7.725353690818308,8.880114721728614,62.77236335989292,0.0004966618576203244,2.865751583194811,0.187059572329123,0.187059572329123,1.4316175914558644e-35,420987662.4697097,38.02512350003235,1.0,5.534025986400187,598.856222196398,338.1853905560557,4178.492837158274,7254.369255738573,,,,,
918,4160.098141257787,141.40141402196085,726.1795909725997,0.0,44050.03935440394,-2.8007856079576117,4.283746657276855,57.44433778090969,1.858470404830087e-06,1.892582084696384,0.187059572329123,0.187059572329123,1.4229541757044028e-35,0.2757562032918223,38.05938050011173,1.0,5.534025986400187,598.856222196398,141.40141402196085,4018.6967272358256,0.0,,,,,
919,56358.73898188922,86.75055473017981,693.227375494939,87.55966486307878,1101227.3225847788,-1.579036843375008,2.86174174167664,58.19618282103694,3.751102895560576e-05,3.6039197189705323,0.187059572329123,0.187059572329123,1.4164136312616442e-35,1006264833.1488023,38.09314629994333,1.0,5.534025986400187,598.856222196398,86.75055473017981,3836.338310472993,52435.65011668605,,,,,
920,4445.170087944398,1.1057752456137586,843.4868319914467,0.0,45526.16694171892,0.6516780496967378,0.8170910498999069,7.480959248302357,6.203885965850447e-05,3.5340325461441053,0.187059572329123,0.187059572329123,1.3951540015698169e-35,2.598985167479987e-34,38.13635620009154,1.0,5.2686825023770485,618.9134110865781,1.1057752456137586,4444.064312698784,0.0,5.812279374699182,25.58713635843505,1e-12,0.22715630593742106,1000.0
921,5181.91557968532,9.908665935200988,981.6508987620126,0.0,48605.45284472557,0.24890048136626391,1.221452018301972,22.036834547134205,0.00013672486193926775,3.547683766862468,0.187059572329123,0.187059572329123,1.3774975774202006e-35,6.453740994055988e-27,38.16888020001352,1.0,5.2686825023770485,618.9134110865781,9.908665935200988,5172.00691375012,0.0,,,,,
922,16901.32269093809,111.59693434409324,1104.744598004086,17.72328249316261,249697.14899117564,-2.5487723693411417,3.7499243191969027,60.25626590490823,0.00014366098611443,3.7087808609108657,0.187059572329123,0.187059572329123,1.3632956189764607e-35,694705620.073141,38.201553399907425,1.0,5.2686825023770485,618.9134110865781,111.59693434409324,5820.5485330996935,10969.177223494304,,,,,
923,6697.0362993300105,0.9199643341060397,1270.9280416830672,0.0,54656.787691396494,0.8924634688143889,0.9099121976919458,1.197085460646455,0.0004909905976585305,3.3880760923210316,0.187059572329123,0.187059572329123,1.334946373788945e-35,1.336830281820513e-35,38.23431809991598,1.0,5.2686825023770485,618.9134110865781,0.9199643341060397,6696.116334995904,0.0,,,,,
924,7473.539817919,0.885206593319754,1418.3156050785515,0.0,57327.61831761443,0.7585166376634339,0.8375279325045587,5.517615273750247,0.00028990950806780796,2.4660118499743415,0.187059572329123,0.187059572329123,1.3117625435905908e-35,9.462814347804916e-35,38.26541480002925,1.0,5.2686825023770485,618.9134110865781,0.885206593319754,7472.65461132568,0.0,,,,,
925,8280.576027689007,143.69709006394984,1544.370415693865,0.0001317652333301291,59081.07649890744,-2.330557412637495,3.927157882276493,65.07845678928611,0.0004579044735603874,2.4968785718529305,0.187059572329123,0.187059572329123,1.2932826750346165e-35,12453388.937947981,38.29390779999085,1.0,5.2686825023770485,618.9134110865781,143.69709006394984,8136.797386355035,0.08155127002296908,,,,,
926,8764.411824176255,81.8158409565936,1647.9634100749804,0.0,60418.40449142979,-1.3661491006265727,2.814382165484901,63.540193485616946,0.00012228672689523767,3.594354413037865,0.187059572329123,0.187059572329123,1.2790199981849637e-35,50200.39284596439,38.32041219994426,1.0,5.2686825023770485,618.9134110865781,81.8158409565936,8682.595983219662,0.0,,,,,
927,9110.885493267899,0.675854811952041,1729.1248114392417,0.0,61468.076356197016,0.7348754445277664,0.7413789632281177,1.1885659265485795,0.0001355667692727186,3.7167008872452993,0.187059572329123,0.187059572329123,1.2686966441460614e-35,1.2718190457030633e-35,38.35093319998123,1.0,5.2686825023770485,618.9134110865781,0.675854811952041,9110.209638455946,0.0,,,,,
928,9529.228766504293,105.2111426502457,1788.685808947921,0.0,61648.72697836018,-1.8037925445804353,3.267010801040696,62.44234303619,1.3144575672231762e-05,3.678968719619954,0.187059572329123,0.187059572329123,1.2619263309273836e-35,35419.90675182678,38.37826090003364,1.0,5.2686825023770485,618.9134110865781,105.2111426502457,9424.017623854048,0.0,,,,,
929,9640.482146491844,8.818718260950629,1828.0971426699973,0.0,62238.02090886395,0.21528285799219588,1.0706560459764607,22.272533323121763,0.0,3.699686600341029,0.187059572329123,0.187059572329123,1.2584235664768989e-35,1.3148950190621844e-26,38.406766100088134,1.0,5.2686825023770485,618.9134110865781,8.818718260950629,9631.663428230893,0.0,,,,,
930,10136.264117417288,195.5194258026873,1848.8800466451153,0.0,63214.14899646352,-4.173180012576445,5.492120749636686,65.3493066354484,0.0,2.0537476647571933,0.187059572329123,0.187059572329123,1.2579100659327608e-35,40362802.84369322,38.465352500090376,1.0,5.376630414532611,637.9677405322492,195.5194258026873,9940.7446916146,0.0,261.45469897465995,35.200234897396285,1e-12,7.427640745488303,1000.0
931,10085.568351695412,125.31735161044344,1852.5080268048905,0.0,63244.784317411024,-2.766088330152712,4.119298054719244,63.96422118970031,0.00015046972827745253,3.2498812742573016,0.187059572329123,0.187059572329123,1.2601454919213112e-35,1120416.2917144573,38.49622690002434,1.0,5.376630414532611,637.9677405322492,125.31735161044344,9960.251000084969,0.0,,,,,
932,10441.913327757327,218.58357651693203,1840.6721085736237,0.5121201094415865,40481.84743033578,-4.975112901006883,6.227131089404469,61.222337004880714,0.00037601757662075047,3.5089248553337344,0.187059572329123,0.187059572329123,1.264894920338427e-35,381377871.3013369,38.52520260005258,1.0,5.376630414532611,637.9677405322492,218.58357651693203,9896.613642138818,326.7161091015771,,,,,
933,9789.691089561877,0.7656112101953765,1820.6431767921003,0.0,63427.83486927905,0.800773948894837,0.800773948894837,1.19691071112027,0.0007329162745799839,3.54391716480873,0.187059572329123,0.187059572329123,1.268222208928918e-35,1.2792864576312305e-35,38.55385909997858,1.0,5.376630414532611,637.9677405322492,0.7656112101953765,9788.92547835168,0.0,,,,,
934,9612.334419419562,0.7973379880550954,1787.6506920491083,0.0,63132.574811648854,0.8070712537187871,0.8217612519368754,1.1969079618880007,7.672761538106421e-05,2.831687491243025,0.187059572329123,0.187059572329123,1.2739288146671648e-35,1.2758892067799914e-35,38.58259249990806,1.0,5.376630414532611,637.9677405322492,0.7973379880550954,9611.537081431507,0.0,,,,,
935,9378.14155565943,5.1433111261913185,1743.2848311832547,0.0,62654.923766320106,0.5593029876733199,1.1098328904799302,20.243330723713413,0.0001509500289269758,2.5439951159267364,0.187059572329123,0.187059572329123,1.2816983166690472e-35,2.00894899323255e-28,38.609715200029314,1.0,5.376630414532611,637.9677405322492,5.1433111261913185,9372.998244533237,0.0,,,,,
936,9191.477304095477,109.7507680839852,1689.1111785300131,0.0,62075.27458471843,-1.8008034325658078,3.2360682919377397,59.4580283936672,0.0006819281489182996,3.14910948076651,0.187059572329123,0.187059572329123,1.2913400739260013e-35,49.20148705791533,38.63754580006935,1.0,5.376630414532611,637.9677405322492,109.7507680839852,9081.726536011492,0.0,,,,,
937,8836.318946389607,90.43747471331297,1626.6473232076469,0.0,61153.71838265421,-2.2820151247223692,3.584010513373825,53.72267946227891,0.0004662460770286786,3.1643986182734953,0.187059572329123,0.187059572329123,1.302666108924327e-35,7140986.964003154,38.66688950010575,1.0,5.376630414532611,637.9677405322492,90.43747471331297,8745.881471676294,0.0,,,,,
938,8535.633615518025,161.63751133991727,1557.4339772891576,0.0003906361448984269,60630.21980249859,-2.6120356837971426,4.155432694397791,64.55125509820311,0.0001716472705788688,3.243158500662328,0.187059572329123,0.187059572329123,1.3154597844043425e-35,36448773.16673027,38.6952380000148,1.0,5.376630414532611,637.9677405322492,161.63751133991727,8373.746890919378,0.24921325873107772,,,,,
939,18406.6066448227,236.29919131410705,1482.8488276594453,15.98447178230841,255496.76862090649,-4.829826534864811,6.164054608549504,61.53950233180977,6.087665319540192e-05,3.7183302074573503,0.187059572329123,0.187059572329123,1.3295295147212994e-35,734146403.5144821,38.72661689994857,1.0,5.376630414532611,637.9677405322492,236.29919131410705,7972.7301069478,10197.57734656079,,,,,
940,8058.952568105637,71.34563889180522,1472.6613534196697,0.0,59280.17601176123,-1.3768971909132577,2.6170635762663954,64.83057272792745,0.001626670147405307,3.5549568963676776,0.187059572329123,0.187059572329123,1.323743299174662e-35,892.4940585521363,38.7670603999868,1.0,5.423926492445663,656.0693535056367,71.34563889180522,7987.606929213832,0.0,205.65897386515994,32.52784235702987,1e-12,6.322551972793646,1000.0
941,16324.05687923366,345.0045163809851,1450.6595358239806,12.362689449886602,207763.0009771053,-8.113620359752664,9.130884729843832,64.54390439440608,4.998811492243349e-05,3.642597942606019,0.187059572329123,0.187059572329123,1.3209777065649018e-35,729553268.2831314,38.80215110001154,1.0,5.423926492445663,656.0693535056367,345.0045163809851,7868.270687874617,8110.781674978059,,,,,
942,12487.15360085911,176.96854714865017,1476.112684063607,6.560066154264909,124929.305955362,-3.8130740098886817,4.953666703574934,62.64281199457025,0.0006546619430146672,3.7185944919831337,0.187059572329123,0.187059572329123,1.3052462837373986e-35,561994378.5153419,38.835966899991035,1.0,5.423926492445663,656.0693535056367,176.96854714865017,8006.326692927673,4303.858360782788,,,,,
943,8283.176582443692,0.7594800606435914,1527.0149980680296,0.0,60893.02661175164,0.7406470931903995,0.7872957590756109,2.76153896536742,0.0,3.724725787795675,0.187059572329123,0.187059572329123,1.281756178673802e-35,3.3381823371519873e-35,38.87691630003974,1.0,5.423926492445663,656.0693535056367,0.7594800606435914,8282.417102383048,0.0,,,,,
944,8476.359445132732,14.682842776181467,1560.0647638093558,0.0,61355.83130151883,0.1735621631650181,1.4927129014195173,24.792287213782814,0.0002151397879370312,3.291143242128701,0.187059572329123,0.187059572329123,1.263193734601273e-35,9.475342944268019e-26,38.90941850002855,1.0,5.423926492445663,656.0693535056367,14.682842776181467,8461.67660235655,0.0,,,,,
945,8934.204232578053,113.26475326482642,1576.3832889513185,0.41268868096765604,42065.199588095755,-2.552720871576749,3.613650221178105,65.16845440341493,5.033064107146795e-05,3.596465038144137,0.187059572329123,0.187059572329123,1.249251620677913e-35,568986535.876951,38.9383111000061,1.0,5.423926492445663,656.0693535056367,113.26475326482642,8550.187083191682,270.75239612154405,,,,,
946,8687.438537879725,107.21119050830198,1581.9217607985274,0.0,61240.192603614305,-2.180063441415686,3.6243838813954956,58.957044705973146,0.001031396031738907,2.4513188373311996,0.187059572329123,0.187059572329123,1.2352372929751839e-35,5.446865595335224e-08,38.966887899907306,1.0,5.423926492445663,656.0693535056367,107.21119050830198,8580.227347371423,0.0,,,,,
947,8649.13967892321,116.3857881865326,1573.1691612378831,0.0,61615.90366787161,-1.9569282427301091,3.4066615130723172,63.9094074747443,0.0,3.48296802683371,0.187059572329123,0.187059572329123,1.2253220870928027e-35,2267240.3248077086,38.998499599983916,1.0,5.423926492445663,656.0693535056367,116.3857881865326,8532.753890736676,0.0,,,,,
948,8508.577630464799,93.49275622298266,1551.4747270196565,0.0,61695.86557359224,-1.2216609673112817,2.4440296626420346,67.87306227362386,0.0002331504438958451,3.725383974854539,0.187059572329123,0.187059572329123,1.2187654061304934e-35,4229622.040821952,39.02950929990038,1.0,5.423926492445663,656.0693535056367,93.49275622298266,8415.084874241817,0.0,,,,,
949,8333.920397709262,99.09458759467731,1518.2406733542362,0.0,61194.64662007156,-1.737407389493687,3.1180764464656696,67.9064559963701,3.3265793516517456e-05,3.7171303569337906,0.187059572329123,0.187059572329123,1.215099741083991e-35,28776179.71129915,39.05963009991683,1.0,5.423926492445663,656.0693535056367,99.09458759467731,8234.825810114584,0.0,,,,,
950,9097.095617298692,402.0557950825971,1474.9475202072153,1.3399249277407579,7547.337874398737,-8.68266722429662,9.743644873993667,67.85511229285594,0.00011539472917945076,3.5311086104026552,0.187059572329123,0.187059572329123,1.2140100134966105e-35,717184405.0090687,39.09994100010954,1.0,5.312207352139404,641.6872643762738,402.0557950825971,7835.227060864551,859.8127613515433,105.0569351194315,32.937920107508255,0.2851494931759754,3.189543686320485,368.427570918379
951,7734.734469803494,99.30124702377334,1437.3371965054557,0.0,58700.44622192427,-1.8877031110038376,3.2474531867113487,61.830468562053845,0.0,3.7308237759562726,0.187059572329123,0.187059572329123,1.209838838801604e-35,1505.3046606756348,39.369117999915034,1.0,5.312207352139404,641.6872643762738,99.30124702377334,7635.43322277972,0.0,,,,,
952,7389.873915359947,0.7920599870020287,1390.9626197849966,0.0,58806.80561014264,0.8266412706271149,0.8266412706271149,1.1929796710853229,0.0014079084038176523,3.703437847138759,0.187059572329123,0.187059572329123,1.2081326314482322e-35,1.2086314899846855e-35,39.40514439996332,1.0,5.312207352139404,641.6872643762738,0.7920599870020287,7389.081855372945,0.0,,,,,
953,7103.161603431042,0.7211511926314215,1337.0036185387266,0.0,58094.13025149141,0.7790723492016125,0.7790723492016125,1.1954324841752784,2.870568842023788e-05,3.726167449352933,0.187059572329123,0.187059572329123,1.2085354039046624e-35,1.2162110697160704e-35,39.43900900008157,1.0,5.312207352139404,641.6872643762738,0.7211511926314215,7102.44045223841,0.0,,,,,
954,6783.479931806488,0.9214832641172311,1276.787218369932,0.0,57199.11040768519,0.9331924846011151,0.9331924846011151,1.1966943178997809,6.207058420373834e-05,2.9098644535974825,0.187059572329123,0.187059572329123,1.2107567343492391e-35,1.2136318312539789e-35,39.473078599898145,1.0,5.312207352139404,641.6872643762738,0.9214832641172311,6782.558448542371,0.0,,,,,
955,6861.138370569157,405.56852169931614,1211.6188888649735,0.029919682867658552,54037.01824963224,-8.627511427975838,9.74419402929507,67.88075290426386,0.00043028771404383936,3.6975044907207115,0.187059572329123,0.187059572329123,1.2145575049502668e-35,399479664.42985165,39.50686320010573,1.0,5.312207352139404,641.6872643762738,405.56852169931614,6436.370769419487,19.199079450353484,,,,,
956,6221.875706231934,148.92962372738901,1143.2057673838287,0.0,55040.290120445294,-3.0009945559408395,4.444204889270333,68.16525034294438,0.00023438196802325756,3.4368530009470946,0.187059572329123,0.187059572329123,1.2189258614766998e-35,26319809.500370316,39.539466799935326,1.0,5.312207352139404,641.6872643762738,148.92962372738901,6072.946082504544,0.0,,,,,
957,5696.628079139763,0.7211466462450371,1072.2297822579508,0.0,53392.4382568398,0.7470553430981296,0.7908897016533772,1.1540788813886818,5.1883878117914284e-05,2.894281298344203,0.187059572329123,0.187059572329123,1.2245514075092603e-35,1.2289898656269885e-35,39.57327160006389,1.0,5.312207352139404,641.6872643762738,0.7211466462450371,5695.906932493518,0.0,,,,,
958,5523.875926876734,212.25023478482711,999.8905050181708,0.0,51325.550391741024,-4.107355598783472,5.443831186260408,69.37563856459379,0.0001631099085306828,3.3017341675928678,0.187059572329123,0.187059572329123,1.23115979517718e-35,22530884.846761134,39.60752129997127,1.0,5.312207352139404,641.6872643762738,212.25023478482711,5311.625692091908,0.0,,,,,
959,4930.765852252835,4.637361219912164,927.3223284571161,0.0,49980.998043361586,0.556410359806731,0.9955015627456955,21.25685895777756,0.0003338022890559539,3.5199808537921156,0.187059572329123,0.187059572329123,1.2386540753295986e-35,3.374562874315307e-31,39.641168399946764,1.0,5.312207352139404,641.6872643762738,4.637361219912164,4926.128491032923,0.0,,,,,
960,15242.74289067155,183.87772166348063,855.3619554162968,17.12824507621408,346750.8291891106,-4.0081903325329415,5.171732181387116,64.37923686215032,0.0,3.563226082021805,0.187059572329123,0.187059572329123,1.246779329066774e-35,996055131.1583359,39.68536620005034,1.0,5.321089827721722,613.4549874939519,183.87772166348063,4551.457799985818,10507.40736902225,144.85139482443478,26.38527714264414,1.880168072197963,5.489856863785772,77.04172672983427
961,4537.400176345221,0.8192324246472236,852.5661266393159,0.0,48255.842229871785,0.8433906886126254,0.8433906886126254,1.1960386151603126,0.0010355972713639236,3.719721910569445,0.187059572329123,0.187059572329123,1.2424026180328403e-35,1.6337049009306116e-35,39.7241165000014,1.0,5.321089827721722,613.4549874939519,0.8192324246472236,4536.580943920573,0.0,,,,,
962,4634.543055253913,156.13655039099734,841.6333213416904,0.0,47525.78013910706,-3.1075545385185266,4.3398476650864195,68.40730093043206,0.00015615989655210633,3.677293102172207,0.187059572329123,0.187059572329123,1.2397360262601756e-35,384820.485407331,39.75759600009769,1.0,5.321089827721722,613.4549874939519,156.13655039099734,4478.406504862915,0.0,,,,,
963,6891.662501343899,138.9300149513056,823.6104288258696,3.8637348458840295,96783.35978142326,-2.987912802358379,4.432077600150492,65.9434085491014,0.00029259119504851383,3.718798453390034,0.187059572329123,0.187059572329123,1.2385290260013866e-35,772459251.4244487,39.79185159993358,1.0,5.321089827721722,613.4549874939519,138.9300149513056,4382.5050748308595,2370.2274115617333,,,,,
964,4575.310288942901,191.88819637617905,823.7827652767756,0.0,47689.97566645413,-3.6246530238347456,4.986571332205145,69.54531531355975,0.0004694482205108638,3.620801215660049,0.187059572329123,0.187059572329123,1.2306862451703061e-35,1506310.7536030828,39.825699700042605,1.0,5.321089827721722,613.4549874939519,191.88819637617905,4383.422092566722,0.0,,,,,
965,95134.06456404169,380.7676485794769,815.7015924553614,147.38306365189177,1618799.1889623925,-7.539686537702786,8.731195297512462,70.22906434461564,0.0009200334236786623,3.719293618445109,0.187059572329123,0.187059572329123,1.2248909181280308e-35,1239996511.5539296,39.8593464998994,1.0,5.321089827721722,613.4549874939519,380.7676485794769,4340.4214460706335,90412.87546939158,,,,,
966,5781.694272120709,77.62495874784203,1071.9738809249009,0.0,53562.176053495234,-1.0414124647788485,2.5885696593423595,57.085395988709806,0.0003885855095813462,3.6697910867668506,0.187059572329123,0.187059572329123,1.2104875422666644e-35,1.2445778768437964e-08,39.89447980001569,1.0,5.321089827721722,613.4549874939519,77.62495874784203,5704.069313372866,0.0,,,,,
967,7010.61543827071,0.7767867831559129,1317.368974860717,0.0,58374.81321921324,0.7108587598985426,0.7990742374433457,3.683704632255923,0.0,3.4667598518430536,0.187059572329123,0.187059572329123,1.1991479202812782e-35,4.1417270060423753e-35,39.92767080012709,1.0,5.321089827721722,613.4549874939519,0.7767867831559129,7009.838651487554,0.0,,,,,
968,8310.263806865014,107.31160015450527,1541.5925068535603,0.0,60970.58107052364,-1.588361123696725,2.862182886022779,66.0771964935469,2.1754751211626455e-05,3.718905842396927,0.187059572329123,0.187059572329123,1.1908203905720847e-35,330847.66417299985,39.96043230011128,1.0,5.321089827721722,613.4549874939519,107.31160015450527,8202.952206710508,0.0,,,,,
969,9560.806927141362,307.860669709959,1738.9128795521015,5.6438945212483604e-05,62616.3503269061,-6.864751384686068,7.84820523014665,67.71224977490748,6.35834282690026e-05,3.5791176064196657,0.187059572329123,0.187059572329123,1.1855087705866979e-35,217790926.11946374,39.99381810007617,1.0,5.321089827721722,613.4549874939519,307.860669709959,9252.911634678974,0.034622752429495966,,,,,
970,10107.835198911569,40.811826969656586,1907.3396416957805,0.0,62782.966311272576,-0.4161004312912133,2.118117692798591,41.22362416266884,0.00011426741131734253,3.192366393519219,0.187059572329123,0.187059572329123,1.1831725788750645e-35,3.543931999649747e-17,40.03784570004791,1.0,5.278044429984954,632.7822381192542,40.811826969656586,10067.023371941912,0.0,156.79872662294977,35.15523157757774,1e-12,4.4601818729863565,1000.0
971,10934.34573855726,127.97612648744267,2047.4192203987611,0.0,62988.10972677132,-1.8260264002469107,3.303500720335176,62.15134690578958,0.0,3.583984491118488,0.187059572329123,0.187059572329123,1.1837171666633085e-35,162.6670178942718,40.07042929995805,1.0,5.278044429984954,632.7822381192542,127.97612648744267,10806.369612069817,0.0,,,,,
972,11446.37862970271,41.99313369997067,2160.7217686940257,0.0,63256.365043479025,-0.45574923700434206,1.9391102888223106,45.00845738588418,0.0003926426922400972,3.6596197432902016,0.187059572329123,0.187059572329123,1.1869278391159174e-35,1.8262662640877767e-16,40.10334419994615,1.0,5.278044429984954,632.7822381192542,41.99313369997067,11404.38549600274,0.0,,,,,
973,12041.011322179418,115.91253412748553,2249.2062346633984,0.08484490566442549,59597.932826857475,-1.9366620400560526,3.3581571771523073,64.65949223299972,5.788584274545733e-05,3.708549454673098,0.187059572329123,0.187059572329123,1.1928463121979165e-35,428773356.75149035,40.13604809995741,1.0,5.278044429984954,632.7822381192542,115.91253412748553,11871.41043875258,53.68834929935215,,,,,
974,12228.657212929538,5.5841288778928355,2315.833685410354,0.0,63568.67264511594,0.44203166838302405,1.1693615177403398,18.672675158749357,0.0014865084980287963,3.6337273769375065,0.187059572329123,0.187059572329123,1.1998508532425252e-35,5.084381286523519e-33,40.169326999923214,1.0,5.278044429984954,632.7822381192542,5.5841288778928355,12223.073084051646,0.0,,,,,
975,12560.376078189773,95.61634575662919,2361.624631581337,0.0,63289.67471901044,-2.052309665173011,3.3556688519268545,58.24619191645196,0.00011836686169405114,3.543771590025647,0.187059572329123,0.187059572329123,1.2094103825270565e-35,0.03313846071348742,40.20205070008524,1.0,5.278044429984954,632.7822381192542,95.61634575662919,12464.759732433144,0.0,,,,,
976,12730.490613313807,123.41682385059299,2388.5880379940554,0.0,63398.119654698654,-2.005617047489722,3.52129626332918,64.65873476354719,3.790044305133217e-05,3.4064997774901293,0.187059572329123,0.187059572329123,1.2214243405073167e-35,714840.088252619,40.23465729993768,1.0,5.278044429984954,632.7822381192542,123.41682385059299,12607.073789463213,0.0,,,,,
977,12660.02983290352,0.7064423087420089,2398.487462264668,0.0,63551.07645606591,0.6496339333643083,0.7552479535006006,2.8210905222679004,0.00010101407169675614,3.649844339762653,0.187059572329123,0.187059572329123,1.2357718967681703e-35,3.97022690595649e-35,40.267530099954456,1.0,5.278044429984954,632.7822381192542,0.7064423087420089,12659.323390594778,0.0,,,,,
978,12772.940750006937,142.80953552194134,2392.956592546342,0.0,63299.015388229374,-3.114731006929793,4.289285163635802,63.65340327367008,0.001499450693673389,3.6650050840568142,0.187059572329123,0.187059572329123,1.2522765828715593e-35,11.085211321895876,40.301022300031036,1.0,5.278044429984954,632.7822381192542,142.80953552194134,12630.131214484996,0.0,,,,,
979,12592.274917805744,64.32632983014227,2373.59665197273,0.0,63483.05663059075,-0.8781851416628181,2.1703395777834826,59.58471440211231,9.817662935256155e-05,3.246490440013165,0.187059572329123,0.187059572329123,1.2708836906838184e-35,328.7936109970572,40.334177900105715,1.0,5.278044429984954,632.7822381192542,64.32632983014227,12527.948587975601,0.0,,,,,
980,11742.946673148623,0.8046745576013603,2341.773907456887,0.0,60177.37186574349,0.8458247351943591,0.8458247351943591,1.1967907048305708,0.002018205559605496,3.3958982612407365,0.187059572329123,0.187059572329123,1.2913926328596533e-35,1.405421238102356e-35,40.37691730004735,1.0,5.014208229582128,651.1431262132915,0.8046745576013603,11742.141998591022,0.0,0.04730904590911053,35.82873389893597,1e-12,0.0013204219284599253,1000.0
981,12379.959737914933,117.354031121557,2299.5591728691343,1.124387478432921,13604.442600119863,-2.043943574040137,3.5146891739352775,61.32640508204382,0.0007317877524503635,2.9863510464960625,0.187059572329123,0.187059572329123,1.3135044937347797e-35,333699520.37494886,40.409130699932575,1.0,5.014208229582128,651.1431262132915,117.354031121557,11530.468529011485,732.1371777818921,,,,,
982,12224.072349933467,88.45876645521781,2259.4629715266174,1.2381237315700595,11226.761793877256,-1.533662154847302,3.138324934629655,62.12790320967122,0.0005048532840468689,3.6016904363947218,0.187059572329123,0.187059572329123,1.331386749164298e-35,364052880.88443905,40.44162290007807,1.0,5.014208229582128,651.1431262132915,88.45876645521781,11329.417826264855,806.1957572133947,,,,,
983,11286.57340655922,134.58453824649857,2222.2313012665945,0.01421867035686076,59298.79284759023,-2.2373265439348007,3.7434622189062567,63.9008516888571,0.0001292640567183423,3.544900835713047,0.187059572329123,0.187059572329123,1.3450044299718407e-35,163277378.19114032,40.474326400086284,1.0,5.014208229582128,651.1431262132915,134.58453824649857,11142.73047884596,9.258389466762573,,,,,
984,10909.685549440585,0.6216383505354283,2175.630410945096,0.0,59550.871510971505,0.6763367457712253,0.6946271623052734,1.1968750193914728,0.0017826463273263385,3.73069162415784,0.187059572329123,0.187059572329123,1.3600207785598614e-35,1.4463596635646534e-35,40.506513100117445,1.0,5.014208229582128,651.1431262132915,0.6216383505354283,10909.063911090048,0.0,,,,,
985,10737.448464470634,100.65505496764968,2120.6783986638407,0.005022445133872967,59097.37967631504,-1.737101799410638,3.2102751119548976,64.10699092662672,0.00026896221232688977,3.7265844999414233,0.187059572329123,0.187059572329123,1.3769607564581406e-35,76554383.89432707,40.53579180012457,1.0,5.014208229582128,651.1431262132915,100.65505496764968,10633.523078877279,3.270330625704777,,,,,
986,10417.602061874897,95.68836726730008,2058.515215397289,0.00013785117107217084,59367.43255022935,-1.6499257820435511,3.1259503882873405,63.85195061485822,0.00012625106369335698,3.3663278807854926,0.187059572329123,0.187059572329123,1.3952112232227247e-35,14661057.60647862,40.564166700001806,1.0,5.014208229582128,651.1431262132915,95.68836726730008,10321.823933765114,0.08976084248409656,,,,,
987,9979.302146495398,0.835540204418648,1990.0383369444871,0.0,58526.410053539024,0.815404948765658,0.8548221138934713,1.196894278872687,0.0,2.574253415002412,0.187059572329123,0.187059572329123,1.4149785047983632e-35,1.4158830945329697e-35,40.593238699948415,1.0,5.014208229582128,651.1431262132915,0.835540204418648,9978.46660629098,0.0,,,,,
988,9612.34488820153,3.183547234752706,1916.3865761050733,0.0,57911.8430735851,0.5884465866722153,1.0403666011921002,17.920492243378373,0.0033614254943420407,2.4490322336628108,0.187059572329123,0.187059572329123,1.4361462875278008e-35,2.7841269081810883e-33,40.62108730012551,1.0,5.014208229582128,651.1431262132915,3.183547234752706,9609.161340966777,0.0,,,,,
989,9306.230208214578,87.142777556233,1838.5928562497375,0.0,56712.42956800303,-1.4521231437165378,2.946362823552453,56.15520685247943,0.0006211269529219077,3.7334203361029523,0.187059572329123,0.187059572329123,1.4585059939689443e-35,0.0002535007391254474,40.6481898999773,1.0,5.014208229582128,651.1431262132915,87.142777556233,9219.087430658345,0.0,,,,,
990,9446.811360119242,82.99941253998382,1757.7787953886555,0.0,59225.25420739976,-2.212905100328271,3.409424686552211,44.20234523885971,0.00202212952368995,3.62901486548999,0.187059572329123,0.187059572329123,1.481940261592966e-35,1.1146955912224343e-18,40.687732100021094,1.0,5.327070716829795,668.5859699026269,82.99941253998382,9363.811947579257,0.0,376.081920304532,33.365862797357586,1e-12,11.271457974535453,1000.0
991,9318.350701404253,152.89144116349974,1674.2550302868126,0.3688146730491613,43290.61644850864,-3.6851756447731674,4.899944262735542,61.12048732757472,0.00014467020480208453,3.7177880041594276,0.187059572329123,0.187059572329123,1.5064787997408575e-35,293660229.4350291,40.716888800030574,1.0,5.327070716829795,668.5859699026269,152.89144116349974,8918.87494434586,246.58431589489373,,,,,
992,8491.888457868654,9.962993076790186,1592.2306865562998,0.0,57549.23033921496,0.24884158405341064,1.2258757353106635,22.862080037117707,0.00027177561920710414,3.1795311335394785,0.187059572329123,0.187059572329123,1.5277936255548773e-35,4.863735346149686e-27,40.74820500006899,1.0,5.327070716829795,668.5859699026269,9.962993076790186,8481.925464791864,0.0,,,,,
993,8039.326534995535,0.8872085167744861,1508.9760989302317,2.5333273846388633e-05,56200.27508470215,0.7488005526992286,0.8402765551517001,3.7461335196394137,0.001389950195032963,3.102152528496513,0.187059572329123,0.187059572329123,1.5501074924390525e-35,5.294981060699536e-35,40.774259499972686,1.0,5.327070716829795,668.5859699026269,0.8872085167744861,8038.422389007296,0.016937471465396595,,,,,
994,7596.657732961453,2.743901115906629,1425.486892626125,0.0003654711932624551,54621.28018362953,0.6697825628905844,0.9427402869381043,17.373327976069223,0.00013133411860219435,2.891353582548569,0.187059572329123,0.187059572329123,1.5731174265516008e-35,9.856753138663925e-32,40.801571999909356,1.0,5.327070716829795,668.5859699026269,2.743901115906629,7593.669482933327,0.24434891221884894,,,,,
995,7250.103506938646,96.66228652203465,1342.6621221654796,0.0014734781713727878,52497.630993878556,-1.7137339274804693,3.0322762834629136,57.187432615126795,0.0,3.411882991813191,0.187059572329123,0.187059572329123,1.5962940675589838e-35,6.625453068321008,40.83224879996851,1.0,5.327070716829795,668.5859699026269,96.66228652203465,7152.456073584274,0.9851468323376243,,,,,
996,6810.3166295622705,84.67936642443286,1261.331126143508,0.009628016624018642,50793.52181752219,-2.013918593447253,3.3079992483696254,63.07760142285883,0.00028557934815973823,3.2819857679167916,0.187059572329123,0.187059572329123,1.619133513765194e-35,9223279.058141591,40.87026280001737,1.0,5.327070716829795,668.5859699026269,84.67936642443286,6719.200106305029,6.437156832808119,,,,,
997,6300.038909922008,0.7300736405343501,1182.0544077655638,0.0036216957623359538,49468.13402152156,0.7398067284563679,0.7648951758687221,1.1966101252484327,0.0030581597666825555,3.7201375585367247,0.187059572329123,0.187059572329123,1.640710220524865e-35,1.645795316665827e-35,40.90522650000639,1.0,5.327070716829795,668.5859699026269,0.7300736405343501,6296.8874213075205,2.4214149739536173,,,,,
998,6011.044197026943,114.32373273954383,1105.1625550501078,0.01412141499850723,47263.07786769155,-2.010777661709342,3.4279008653377687,62.53405191413412,0.00033756842450353985,3.478682843198967,0.187059572329123,0.187059572329123,1.6611955322667965e-35,5706760.784220077,40.94562599994242,1.0,5.327070716829795,668.5859699026269,114.32373273954383,5887.279084344225,9.441379943174459,,,,,
999,5497.617312283954,0.5392329476119518,1031.0270441146097,0.0070658144000717345,46028.96914355998,0.6248616413879392,0.6554804129848111,1.1969441728102717,0.0,3.676601043571011,0.187059572329123,0.187059572329123,1.679636485779703e-35,1.899629146885896e-35,40.97765929996967,1.0,5.327070716829795,668.5859699026269,0.5392329476119518,5492.353974962518,4.724104373823908,,,,,
1000,4863.394536763169,0.7972813268700931,959.7375109104917,0.008798702711498524,42166.697950171634,0.8453334770561508,0.8453334770561508,1.1917545489212413,0.0,3.6348736788621236,0.187059572329123,0.187059572329123,1.6963875079934536e-35,1.71055753715569e-35,41.017777299974114,1.0,5.060767180988305,635.2252190284834,0.7972813268700931,4857.008097579221,5.58915785707816,0.0020009731414628753,24.737276286890175,0.0014595496624298693,0.001,1.3709524197564062
1001,4520.0226522825915,0.6106519200035994,891.7220659716398,0.010412424022365951,40667.748698930875,0.670161436763807,0.6753736591568626,1.1968120053426612,0.0015512946244119197,3.6559134036786816,0.187059572329123,0.187059572329123,1.711163166003074e-35,1.716542896810886e-35,41.285187100060284,1.0,5.060767180988305,635.2252190284834,0.6106519200035994,4512.797766032363,6.614234330224853,,,,,
1002,4251.181570073757,58.15889788014339,826.9535172825636,0.01259939229020445,38973.288036884645,-0.9205819899027593,2.2940662478104255,46.32320123974016,0.00016445157678456057,3.4837831474022805,0.187059572329123,0.187059572329123,1.7238765432231222e-35,8.044092834219905e-11,41.32028830004856,1.0,5.060767180988305,635.2252190284834,58.15889788014339,4185.019220466443,8.003451727170907,,,,,
1003,3882.8415365748883,0.7336657210295604,765.4186715586095,0.013384509713554782,37837.617801672364,0.8091594018178309,0.8091594018178309,1.1969411983064933,0.0005170212237881264,3.182367225918267,0.187059572329123,0.187059572329123,1.7341889436251264e-35,1.7649437257239206e-35,41.353564999997616,1.0,5.060767180988305,635.2252190284834,0.7336657210295604,3873.605692739477,8.5021781143817,,,,,
1004,3588.144646229709,0.9608649031566657,707.0122444596659,0.014419166200931033,36488.98188682619,0.9514125866284239,0.9514125866284239,1.1967432303746834,0.0001444372992056575,3.311807751191722,0.187059572329123,0.187059572329123,1.7422262105411593e-35,1.746222970821851e-35,41.38880680012517,1.0,5.060767180988305,635.2252190284834,0.9608649031566657,3578.0243633183577,9.15941800819452,,,,,
1005,74784.83872220048,112.85518151488655,651.6709331477985,112.3601937255687,1239987.230636845,-2.4334727688701414,3.704236440637801,54.72412458477127,0.0004079986960822263,3.6987116905853625,0.187059572329123,0.187059572329123,1.7478962971735608e-35,763307523.6886393,41.42165539995767,1.0,5.060767180988305,635.2252190284834,112.85518151488655,3297.9548712784017,71374.0286694072,,,,,
1006,3841.485799108286,0.7188919946205445,757.3011951258591,0.012974725263746215,37317.96444778894,0.7686968671454082,0.7924729212150722,1.1953870671559772,0.005908430622800859,3.6759539373772165,0.187059572329123,0.187059572329123,1.730409210978119e-35,1.774664750607059e-35,41.45622680010274,1.0,5.060767180988305,635.2252190284834,0.7188919946205445,3832.5250344161677,8.241872697497586,,,,,
1007,4322.382998432162,0.8416330909507189,852.5758867519381,0.01078876933677727,39068.3273235504,0.8713019993206045,0.8713019993206045,1.1905757296081758,0.00016043265449542515,2.0751349102826264,0.187059572329123,0.187059572329123,1.7135081371654272e-35,1.7173169213449066e-35,41.48964869999327,1.0,5.060767180988305,635.2252190284834,0.8416330909507189,4314.6880669762095,6.853298365002126,,,,,
1008,12572.06479709032,184.55440130316435,936.5330853193572,12.039721132907825,188076.71542674422,-4.624444324191906,5.82881012671134,57.9078176269921,0.00029981195467264354,3.0896951007411557,0.187059572329123,0.187059572329123,1.697549182541815e-35,376349037.3324625,41.52411310002208,1.0,5.060767180988305,635.2252190284834,184.55440130316435,4739.575902093922,7647.934493693233,,,,,
1009,47058.31270608298,333.6161444929408,1040.3403063155022,65.26783767454639,705561.6567553862,-8.456180410476914,9.23880035263817,58.757976535397226,0.00010990248618245047,3.658016633073546,0.187059572329123,0.187059572329123,1.662714376941808e-35,662892741.7117032,41.558088900055736,1.0,5.060767180988305,635.2252190284834,333.6161444929408,5264.9200792608135,41459.776482329224,,,,,
1010,20984.068985622995,241.91752297149088,1243.4614750160379,23.674311636672048,254601.23006106162,-5.784646699655607,6.926379064898446,60.65018379699551,7.205689697738216e-05,3.7326385897659162,0.187059572329123,0.187059572329123,1.5850694648590168e-35,549564256.1157873,41.60192929999903,1.0,5.088869785901062,608.8598542473472,241.91752297149088,6327.813530141084,14414.33793251042,154.35270410177938,27.45112308189768,1.4302786713327191,5.622819279243458,107.91792340576197
1011,7745.308056906871,116.7257184002515,1486.856587897059,0.10209701289333961,48073.409276441205,-2.328369762447123,3.6385151746430786,61.0190235744455,0.0003752316947740614,3.7005919914875633,0.187059572329123,0.187059572329123,1.4974738989668622e-35,112902626.91949627,41.63569990010001,1.0,5.088869785901062,608.8598542473472,116.7257184002515,7566.419566117291,62.16277238932829,,,,,
1012,8849.29837820619,106.72610990268703,1717.7102178870553,0.0022478728971670006,55046.31218715293,-2.4777025749202144,3.472973130667051,62.81540291673105,0.0007193099700411876,3.678047412450537,0.187059572329123,0.187059572329123,1.4233221165604078e-35,6007536.564146432,41.66871770005673,1.0,5.088869785901062,608.8598542473472,106.72610990268703,8741.203628738966,1.3686395645356622,,,,,
1013,9804.921825765145,0.680678296135505,1926.604837606985,0.0,57297.5113642418,0.6954423498064504,0.7373296001235669,1.4729925016341745,0.0,3.4686128833049343,0.187059572329123,0.187059572329123,1.3619789579806292e-35,2.35757185099087e-35,41.70201930007897,1.0,5.088869785901062,608.8598542473472,0.680678296135505,9804.241147469009,0.0,,,,,
1014,10786.347534073824,57.26150572391312,2108.3435968582485,0.0,57865.037741338754,-0.8651516351044972,2.3251695393898473,46.25253602683806,0.00021687367190706408,3.6693674687318025,0.187059572329123,0.187059572329123,1.3116683362884845e-35,9.208856788949042e-12,41.73542440007441,1.0,5.088869785901062,608.8598542473472,57.26150572391312,10729.086028349911,0.0,,,,,
1015,11645.744516063936,135.67815078305685,2261.811924755871,0.0,58242.01595813941,-2.78837601840228,3.9249328525858598,63.967887027994884,0.00020004598274635937,3.733835664981075,0.187059572329123,0.187059572329123,1.2708352190127953e-35,3118438.012880867,41.76793730002828,1.0,5.088869785901062,608.8598542473472,135.67815078305685,11510.06636528088,0.0,,,,,
1016,12195.389054315228,42.515677577483814,2388.1281872072686,0.0,58053.822561304136,-0.9446251658764436,1.989325865764416,41.28258365172765,0.002820530621667733,3.7318793044617653,0.187059572329123,0.187059572329123,1.238217457062809e-35,2.4462840055879347e-20,41.80036700004712,1.0,5.088869785901062,608.8598542473472,42.515677577483814,12152.873376737745,0.0,,,,,
1017,12690.230240264002,21.630671313313915,2489.4721425275216,0.0,57945.41072029303,-0.11064753671293824,1.5099501714778627,32.521557763962335,0.000373941097748548,3.032080751349043,0.187059572329123,0.187059572329123,1.212672547757159e-35,3.274623079716263e-21,41.83344310009852,1.0,5.088869785901062,608.8598542473472,21.630671313313915,12668.599568950687,0.0,,,,,
1018,13141.973654455793,72.5539904793326,2568.2362123286907,0.0,57495.06203974047,-1.111557344728969,2.6907096706088987,55.10043382113553,9.740953597944801e-06,3.42177735595448,0.187059572329123,0.187059572329123,1.193337159953794e-35,0.006033951174061989,41.87775869993493,1.0,5.088869785901062,608.8598542473472,72.5539904793326,13069.41966397646,0.0,,,,,
1019,13368.173112907643,0.6042689614289045,2626.8246990680823,0.0,57611.38381466762,0.6318725200652495,0.6788080864294543,1.1970246113914875,0.000518141565112179,2.949595077740483,0.187059572329123,0.187059572329123,1.179521852541691e-35,1.1897423868638365e-35,41.91102900006808,1.0,5.088869785901062,608.8598542473472,0.6042689614289045,13367.568843946214,0.0,,,,,
1020,13538.209389663663,99.49866832662457,2667.331257330705,0.00017943896896855665,56458.1542673311,-1.8901698768995387,3.1422086804487774,65.16871758069614,0.0003167757190854423,3.7176874380244143,0.187059572329123,0.187059572329123,1.1704495874328501e-35,188476132.9052202,41.95389180001803,1.0,5.038218602181348,628.4168615349798,99.49866832662457,13438.597958863322,0.11276247371629301,138.29626413322023,33.93068834046184,0.00025167809226956213,4.075846111506792,1000.0
1021,13563.309990545553,0.8310143322997509,2691.9195150328014,0.0,56560.818589826915,0.8322144113549292,0.8452272967430412,1.1970110361148714,0.0003069775140539313,3.652269115278888,0.187059572329123,0.187059572329123,1.1656828117536242e-35,1.1679898458564153e-35,41.98716289992444,1.0,5.038218602181348,628.4168615349798,0.8310143322997509,13562.478976213253,0.0,,,,,
1022,13615.528461834232,0.8528310687368724,2702.279655922608,0.0,56362.444137608225,0.8363047637072977,0.8575247092788766,1.1966206436985667,0.00015650387325438775,3.6698368692269847,0.187059572329123,0.187059572329123,1.1647925506405438e-35,1.2079760776657304e-35,42.020752399927005,1.0,5.038218602181348,628.4168615349798,0.8528310687368724,13614.675630765496,0.0,,,,,
1023,13603.775247633237,0.6857677643483079,2699.980003642417,0.0,56190.95969137796,0.7218229135774715,0.7432949668983491,1.1957591029653534,0.0,3.7336068806058154,0.187059572329123,0.187059572329123,1.1673250652790196e-35,1.3328562497854826e-35,42.05439650011249,1.0,5.038218602181348,628.4168615349798,0.6857677643483079,13603.08947986889,0.0,,,,,
1024,13633.31062287625,98.5604116756987,2686.4158306550144,0.0,55543.81701661571,-1.5946725784006044,3.3022545562953423,58.1475928369281,0.0017833472354592053,3.620429700593562,0.187059572329123,0.187059572329123,1.1730295028598124e-35,2.863433488488322e-10,42.08847870002501,1.0,5.038218602181348,628.4168615349798,98.5604116756987,13534.750211200551,0.0,,,,,
1025,13484.539607785417,68.04508916728165,2662.944103459371,0.0,55691.70258961416,-0.8427909701944923,2.113894555933274,63.29953240305858,0.0008803521686141375,3.665760687665356,0.187059572329123,0.187059572329123,1.1816477978629027e-35,11.498329331721829,42.121686399914324,1.0,5.038218602181348,628.4168615349798,68.04508916728165,13416.494518618136,0.0,,,,,
1026,13254.3501573107,0.84122685788735,2630.5942589935603,0.0,55810.044205045015,0.8639045583798657,0.86543142997193,1.196865848015965,0.0,3.6517032885511913,0.187059572329123,0.187059572329123,1.1928909638456614e-35,1.1945819796166838e-35,42.155855499906465,1.0,5.038218602181348,628.4168615349798,0.84122685788735,13253.508930452814,0.0,,,,,
1027,13051.28416697945,0.7911870048558721,2590.2990740267305,0.0,55712.0181988913,0.7816165534159476,0.8140245376724976,2.4342945991361997,0.0004786368611973263,3.3818712387724212,0.187059572329123,0.187059572329123,1.2065210324205047e-35,3.1096729685355926e-35,42.190114700002596,1.0,5.038218602181348,628.4168615349798,0.7911870048558721,13050.492979974595,0.0,,,,,
1028,12925.152144890235,113.22976906493915,2542.946899977354,0.0,55540.45318397342,-1.7520581954818983,3.3180678581408527,63.11075965101278,0.0004351288114637919,2.811287349738811,0.187059572329123,0.187059572329123,1.2223458992758755e-35,8378.22420582431,42.22477620001882,1.0,5.038218602181348,628.4168615349798,113.22976906493915,12811.922375825296,0.0,,,,,
1029,12640.839154556947,98.94718164686313,2489.3504953278416,0.0,55262.84277226034,-1.9397453167710255,3.2428943749119377,55.50330686855827,0.0,3.589390576831659,0.187059572329123,0.187059572329123,1.2402093513947553e-35,0.007088838847911524,42.25830370001495,1.0,5.038218602181348,628.4168615349798,98.94718164686313,12541.891972910083,0.0,,,,,
1030,11654.74355921144,1.0522225089722126,2430.2810608326995,0.0,52747.368764549894,0.5880423999768615,0.7532840320416253,7.33297779023499,3.319607788104459e-05,3.608010972825881,0.187059572329123,0.187059572329123,1.259950148122406e-35,1.912085829270101e-34,42.302372799953446,1.0,4.795203124658143,646.9960184582308,1.0522225089722126,11653.691336702468,0.0,5.852632461920358,32.89676610283976,1e-12,0.17790905171724883,1000.0
1031,11404.300658010343,54.687982044036566,2366.867968033249,0.0,52384.83294124569,-0.7563513751181044,2.18559192440455,55.67596456654924,0.0011097558007009053,3.594405594155224,0.187059572329123,0.187059572329123,1.2811854686078908e-35,9.432935643284365e-11,42.33513409993611,1.0,4.795203124658143,646.9960184582308,54.687982044036566,11349.612675966306,0.0,,,,,
1032,11043.53684283168,15.919853388123556,2299.718427512855,0.0,52382.86242219537,-0.04610883974494255,1.5050339047383454,24.862540911395442,0.001162684511104413,3.502761462118837,0.187059572329123,0.187059572329123,1.3038171017938285e-35,9.529504899986906e-28,42.368260900024325,1.0,4.795203124658143,646.9960184582308,15.919853388123556,11027.616989443555,0.0,,,,,
1033,10775.499102101945,85.4607646528052,2229.319188269266,0.0,51980.81008690742,-1.478953936185218,3.020106794742662,53.02607891562015,0.0005157238485909502,3.1894807555285136,0.187059572329123,0.187059572329123,1.327661924438093e-35,1.1559172682157428e-09,42.40173640009016,1.0,4.795203124658143,646.9960184582308,85.4607646528052,10690.03833744914,0.0,,,,,
1034,10556.739665772513,118.3868202703288,2156.2168803901945,0.15279062064409032,45471.85736818789,-2.047731578091678,3.2885381177489306,64.73130953925136,8.355136116494633e-06,3.2251883628071596,0.187059572329123,0.187059572329123,1.3526417248822209e-35,503753725.56532264,42.439277600031346,1.0,4.795203124658143,646.9960184582308,118.3868202703288,10339.497922287695,98.8549232144884,,,,,
1035,10005.81161605459,21.21532313838398,2082.205077314222,0.0,51680.79493961462,0.03147494525899172,1.5161963777201497,34.38938792410198,2.936562653148983e-05,2.5627205700101863,0.187059572329123,0.187059572329123,1.376382518244085e-35,9.204816717078925e-19,42.47221909998916,1.0,4.795203124658143,646.9960184582308,21.21532313838398,9984.596292916207,0.0,,,,,
1036,9621.34074830302,0.9641924038021231,2006.2500598627025,0.0,51496.48408742216,0.9101688867797314,0.9101688867797314,1.196541023100391,0.0,3.5553502356715296,0.187059572329123,0.187059572329123,1.4011250152059518e-35,1.4027644352061867e-35,42.5052426001057,1.0,4.795203124658143,646.9960184582308,0.9641924038021231,9620.376555899218,0.0,,,,,
1037,9309.060303576536,60.01090170619291,1928.8128493054653,0.0,50708.71413380695,-0.8883171734303439,2.534698846855204,50.93814819682089,0.0002484911037518578,3.2520884543262163,0.187059572329123,0.187059572329123,1.4267369052853396e-35,5.0002121910999746e-08,42.53828729991801,1.0,4.795203124658143,646.9960184582308,60.01090170619291,9249.049401870343,0.0,,,,,
1038,8874.184915177633,0.7902190722922521,1850.4731635821868,0.0,50494.11602408505,0.8216398553777037,0.8426367796442343,1.1968696538722112,0.0001050194839424326,3.4620359399379366,0.187059572329123,0.187059572329123,1.4531044313260822e-35,2.0837675808952692e-35,42.571338600013405,1.0,4.795203124658143,646.9960184582308,0.7902190722922521,8873.39469610534,0.0,,,,,
1039,8616.362179626452,111.64881372043573,1771.6771766497204,0.014159951975577689,50160.353868738755,-1.760144795727482,3.396903906376224,62.845155538861,0.0002513504199024366,3.5303888566533996,0.187059572329123,0.187059572329123,1.4800724784702255e-35,253070838.91130242,42.6048340999987,1.0,4.795203124658143,646.9960184582308,111.64881372043573,8495.551933356257,9.161432549758523,,,,,
1040,8170.477381561986,47.80871730390391,1692.905413700154,0.0,48755.885997640886,-0.7430969300966273,2.405859633340711,43.8582925968573,0.0005483608970041076,3.7314423724755303,0.187059572329123,0.187059572329123,1.5068323917786064e-35,8.754843948687437e-17,42.64726640004665,1.0,4.798064084693607,664.6462175353192,47.80871730390391,8122.668664258082,0.0,146.5384366465717,30.19902778876039,1e-12,4.852422325367409,1000.0
1041,7753.623020235631,5.809233683582098,1614.7791379586806,0.0,48037.93077482891,0.4473187106569823,1.1530184044175666,20.468598521983026,5.2789786527979166e-05,3.5703580610033816,0.187059572329123,0.187059572329123,1.5340277592571652e-35,2.709776082594185e-28,42.68016030010767,1.0,4.798064084693607,664.6462175353192,5.809233683582098,7747.813786552048,0.0,,,,,
1042,7480.292463143724,101.63814837869289,1537.743280596667,0.0006973765034843114,46841.41404390713,-2.0601724947221864,3.1914011358902643,65.67715043356785,0.00030645827391658637,3.256779723893043,0.187059572329123,0.187059572329123,1.5614812845873063e-35,5054287.897547505,42.711447699926794,1.0,4.798064084693607,664.6462175353192,101.63814837869289,7378.190806109792,0.463508655238854,,,,,
1043,7017.3051567439115,0.7245822729014584,1462.2693671143852,0.0007800269649458436,45925.504210016414,0.7876282258236461,0.7876282258236461,1.1968589212273344,0.004176489348542159,3.679901380383176,0.187059572329123,0.187059572329123,1.588821758524262e-35,1.594626582911852e-35,42.74062189995311,1.0,4.798064084693607,664.6462175353192,0.7245822729014584,7016.062132499183,0.51844197182681,,,,,
1044,7517.683536963494,198.8149000657948,1388.6929918955886,0.986736478016464,8458.796176104936,-4.445578332769793,5.579705752138374,63.01441400819258,0.00033980332206115516,3.732993929456549,0.187059572329123,0.187059572329123,1.6156456523466545e-35,462452152.1482514,42.770126400049776,1.0,4.798064084693607,664.6462175353192,198.8149000657948,6663.037969079934,655.8306678177655,,,,,
1045,6356.762150973968,2.952222274692441,1323.7847500838648,0.0033188535473226747,43574.85118456625,0.5522700356186404,1.0678357556854545,13.401068747682894,0.00013082139484223154,2.8422355135511848,0.187059572329123,0.187059572329123,1.6347819724128213e-35,3.986190656737136e-33,42.7980468000751,1.0,4.798064084693607,664.6462175353192,2.952222274692441,6351.604065242494,2.2058634567816924,,,,,
1046,6050.324504608481,0.9288293798467316,1260.1578687486028,0.004630228925902153,42501.079958011636,0.8584471159338815,0.8793971881114554,1.1951300591488903,0.0023316773655114864,3.6935315466072076,0.187059572329123,0.187059572329123,1.6531069843553687e-35,1.663738354127573e-35,42.82641809992492,1.0,4.798064084693607,664.6462175353192,0.9288293798467316,6046.318211086711,3.07746414192349,,,,,
1047,7124.04725056747,239.53113411869597,1198.0620724196094,1.7093868671242098,24976.418137143773,-4.954808084244252,6.245627692628982,64.7571065716149,0.0,2.803551281448864,0.187059572329123,0.187059572329123,1.6703467738593333e-35,550558016.7089545,42.85823279991746,1.0,4.798064084693607,664.6462175353192,239.53113411869597,5748.378600910119,1136.1375155386554,,,,,
1048,5567.7303356682505,60.39361768460396,1146.8553180155184,0.006998319031697474,40060.44913746947,-1.3981042909457928,2.7817939267804976,44.6428939953382,0.00017184755246970468,3.713993521544907,0.187059572329123,0.187059572329123,1.6752285907795284e-35,1.6462318553944986e-13,42.892451599938795,1.0,4.798064084693607,664.6462175353192,60.39361768460396,5502.685311710124,4.651406273523164,,,,,
1049,5379.857872596626,115.46003346842258,1096.0369152946569,0.008338993299463677,39196.416807260706,-1.774130871075178,3.103467741951354,65.4796466951701,0.0001363044358611079,3.708737864727926,0.187059572329123,0.187059572329123,1.679650737047706e-35,1972312.4054824752,42.920467500109226,1.0,4.798064084693607,664.6462175353192,115.46003346842258,5258.855358773662,5.5424803545409045,,,,,
1050,24460.152159877995,171.4585776912221,1045.8515969921798,29.758200974280232,326213.6083815522,-4.112462702674181,5.312015416517097,64.39409873227956,0.0005723671974484437,3.7321050947405623,0.187059572329123,0.187059572329123,1.6834779937087155e-35,717686540.4615049,42.95851460006088,1.0,5.055565835326856,638.523881065047,171.4585776912221,5287.371602575696,19001.32197961108,236.62908273344374,23.786361637297407,1.6640642371182501,9.948099097358607,142.19948812987357
1051,5294.883679423748,1.5710014855263164,1046.3830394526965,0.005096650434228392,40856.43510100235,0.40810302230160045,0.6491886132228573,14.61957379706157,0.0004178295853507902,3.6954020816478623,0.187059572329123,0.187059572329123,1.6584113293469035e-35,3.847496915351758e-33,43.24538720003329,1.0,5.055565835326856,638.523881065047,1.5710014855263164,5290.058344922526,3.2543330156953703,,,,,
1052,5268.817052328599,2.6057663220575873,1041.240502509854,0.0033692947483318185,40857.7789538292,0.5105148738067578,0.9181171915083262,12.791277291682324,9.967928188660963e-05,3.6060120635231336,0.187059572329123,0.187059572329123,1.636422129914388e-35,2.8597952810489667e-33,43.27948780008592,1.0,5.055565835326856,638.523881065047,2.6057663220575873,5264.059910847385,2.1513751591569137,,,,,
1053,8208.516197076038,109.16001496189789,1030.980092943208,4.521629547375115,87874.98575715949,-2.3637661189916086,3.730132010079146,63.331018646590074,7.46026971840813e-06,3.3310606436994092,0.187059572329123,0.187059572329123,1.6174121642602524e-35,647978286.7181109,43.31561099993996,1.0,5.055565835326856,638.523881065047,109.16001496189789,5212.18773478579,2887.1684473283503,,,,,
1054,5225.864250717257,0.8188541476674618,1033.4221785207874,0.0008011248850906827,41062.462304972425,0.8291083435011947,0.8291083435011947,1.195337297163462,0.0002319271291969932,3.663576866979028,0.187059572329123,0.187059572329123,1.5890112561026966e-35,1.682750719156438e-35,43.352883599931374,1.0,5.055565835326856,638.523881065047,0.8188541476674618,5224.533859198744,0.5115373708458926,,,,,
1055,5477.833242354186,105.42495485617668,1029.9857372798442,0.25879624573548543,31018.714314918943,-1.7077099376917275,3.0664729494697625,65.2420387299598,0.0,2.122571872015311,0.187059572329123,0.187059572329123,1.5649866909267524e-35,532611432.5749257,43.390539299929515,1.0,5.055565835326856,638.523881065047,105.42495485617668,5207.160704265923,165.2475832320858,,,,,
1056,5249.830224456372,79.81601671849599,1022.6300041350848,6.404874366025034e-05,41315.55619450981,-1.3014803503425272,2.684615916094933,63.27836537121251,0.00013216533943921638,3.5551294232410067,0.187059572329123,0.187059572329123,1.5419022628903863e-35,3521.0086942274506,43.425704800058156,1.0,5.055565835326856,638.523881065047,79.81601671849599,5169.973311085497,0.040896652379283374,,,,,
1057,5238.612631851185,130.92157892796314,1010.2742039790061,0.00028707301380416446,41045.21056940219,-2.5518801620175653,3.6866549405178195,67.80557816223968,0.0006946032808384517,3.1400862638248452,0.187059572329123,0.187059572329123,1.5230957005736478e-35,2821873.1507911095,43.46098540001549,1.0,5.055565835326856,638.523881065047,130.92157892796314,5107.507749948299,0.1833029749232749,,,,,
1058,16051.591865706352,242.28179445101094,993.4938333231864,16.89308248253268,244925.9314441226,-5.206361601631993,6.27559471075767,63.57472581998054,0.0002950209909806656,3.716412135358086,0.187059572329123,0.187059572329123,1.5078999245800076e-35,786080907.5327187,43.49594520009123,1.0,5.055565835326856,638.523881065047,242.28179445101094,5022.673481356615,10786.636589898726,,,,,
1059,5414.871301332293,297.32967697522736,1012.2379568478489,0.00016599613446488924,40979.735933709926,-6.573611014774803,7.550006107644775,64.0224013800343,4.383316383826594e-05,3.4761525555536883,0.187059572329123,0.187059572329123,1.4770994727783686e-35,71290614.20742977,43.529068500036374,1.0,5.055565835326856,638.523881065047,297.32967697522736,5117.435631861045,0.10599249602031649,,,,,
1060,4917.631146775086,0.7684634423636709,1023.738983210246,0.0,39989.92790124475,0.8023583064932597,0.8164837545232234,1.1940971132645575,4.561413569155459e-05,3.498546828757499,0.187059572329123,0.187059572329123,1.45149539808984e-35,1.55471125893058e-35,43.57680819998495,1.0,4.802847956335899,656.5976870117946,0.7684634423636709,4916.862683332722,0.0,0.029393934156913222,24.327581351105312,1e-12,0.0012082555077172817,1000.0
1061,5035.5667144466015,95.2964263216148,1028.6126758619957,0.0,40016.493816964954,-1.812992473982585,3.1117289472238987,54.21467853741145,0.00016631746093326294,2.8381707045002287,0.187059572329123,0.187059572329123,1.430393678216375e-35,0.7522376488317607,43.61090980004519,1.0,4.802847956335899,656.5976870117946,95.2964263216148,4940.270288124987,0.0,,,,,
1062,4950.085784290711,15.776239542031057,1027.3715906911766,0.0,40341.18681063422,0.010490359321146177,1.3269098203248035,27.736733501079573,0.0001180500063516221,3.730273572637763,0.187059572329123,0.187059572329123,1.413096431732216e-35,5.435459175136544e-24,43.6446183999069,1.0,4.802847956335899,656.5976870117946,15.776239542031057,4934.309544748679,0.0,,,,,
1063,5001.0654027826395,99.7328267550715,1020.505462714419,0.0,39985.11421549397,-1.4865584356328032,2.9233610621551507,58.296915357483485,0.0013355490146580787,3.709587404250166,0.187059572329123,0.187059572329123,1.3992462829369044e-35,8.294736985836654e-12,43.67692010011524,1.0,4.802847956335899,656.5976870117946,99.7328267550715,4901.332576027568,0.0,,,,,
1064,46459.21697297432,155.69556739442396,1008.6180841822253,63.1425954147431,925595.6904587268,-2.6383029498199093,3.8867036965018786,61.5732750667806,2.3212098975954054e-06,3.6032046668776117,0.187059572329123,0.187059572329123,1.3883642067815983e-35,1130311131.3292258,43.711054699961096,1.0,4.802847956335899,656.5976870117946,155.69556739442396,4844.239304338031,41459.282101241864,,,,,
1065,5444.531884721951,23.060338743152727,1128.8034922752058,0.0,42523.28803633254,-0.14046337904174527,1.6616481581968898,29.416341066591396,8.994327796662399e-05,3.7008444791728516,0.187059572329123,0.187059572329123,1.3631235013568013e-35,4.0482247841682865e-23,43.74447529995814,1.0,4.802847956335899,656.5976870117946,23.060338743152727,5421.4715459787985,0.0,,,,,
1066,5937.372171173486,1.0187673861543862,1236.006939581778,0.0,44519.73939945376,0.8910440086194255,0.9505086629911623,3.0570780740629817,0.0008807541560889587,3.438407118497201,0.187059572329123,0.187059572329123,1.3423654096469264e-35,3.8666811356660006e-35,43.77860959991813,1.0,4.802847956335899,656.5976870117946,1.0187673861543862,5936.353403787331,0.0,,,,,
1067,6710.881696641739,177.15637455952236,1329.2007613242783,0.22810948767947026,35218.42334909707,-2.608463883607288,4.153864193175717,66.86715560519336,9.511219258390852e-05,2.547243919030734,0.187059572329123,0.187059572329123,1.3255965541494653e-35,644841307.4830455,43.81478979997337,1.0,4.802847956335899,656.5976870117946,177.15637455952236,6383.949160086431,149.77616199578563,,,,,
1068,6877.916774300169,106.34534239804559,1409.9075160122634,0.0,46824.35777654661,-1.7897798965780336,3.3823403253569713,67.84061273119606,0.0002326207556662338,3.487910561907298,0.187059572329123,0.187059572329123,1.3098959481856443e-35,34712587.65266714,43.84770009992644,1.0,4.802847956335899,656.5976870117946,106.34534239804559,6771.571431902124,0.0,,,,,
1069,8310.83204562611,119.59422645662957,1476.3421553738847,1.6762028516858183,26567.10265751852,-1.7671322934390643,3.298451349067442,65.3711463866696,5.164864409968467e-05,3.266780796917744,0.187059572329123,0.187059572329123,1.2978867980465363e-35,737911543.0737549,43.89449330000207,1.0,4.802847956335899,656.5976870117946,119.59422645662957,7090.646903789999,1100.5909153794826,,,,,
1070,7083.367871235254,2.2371209110420134,1541.843466230064,0.0,46384.9280745767,0.6407473398834773,0.8934103330958116,16.25945343678203,0.002715632697707096,3.6535324113251377,0.187059572329123,0.187059572329123,1.2827281621377715e-35,1.063796757084493e-33,43.94014870002866,1.0,4.592639204573839,673.7678026612049,2.2371209110420134,7081.1307503242115,0.0,17.652356948352416,29.485811578172193,1e-12,0.5986729210947048,1000.0
1071,7340.136653942407,20.882717898728277,1593.6923433380935,0.0,46725.86583093893,-0.30822178486759183,1.6123876229677907,26.903031597677415,0.0,3.607075120123336,0.187059572329123,0.187059572329123,1.271221159839193e-35,4.787945202103976e-24,43.97455590008758,1.0,4.592639204573839,673.7678026612049,20.882717898728277,7319.253936043679,0.0,,,,,
1072,7663.475301116296,164.94530564207628,1632.7278633179774,0.0,47429.62859380274,-2.623413330771142,4.122780998738587,68.53966128669636,0.000245763931276434,3.7075541404840084,0.187059572329123,0.187059572329123,1.2629075366001608e-35,247241612.76792035,44.00779920001514,1.0,4.592639204573839,673.7678026612049,164.94530564207628,7498.5299954742195,0.0,,,,,
1073,7807.974732915903,151.14619919686362,1659.8060112925514,0.05037102416513852,44812.554525722786,-3.2518607528650145,4.578034902241083,67.57231343225652,0.0009908518986071618,3.299927066156299,0.187059572329123,0.187059572329123,1.257578997476791e-35,427156726.0133729,44.0406194999814,1.0,4.592639204573839,673.7678026612049,151.14619919686362,7622.890159449499,33.938374269539835,,,,,
1074,7770.311664753834,70.90054621970462,1676.4676639232266,0.0,47150.728530905435,-1.2924538143431459,2.745001802984457,54.91446469665408,0.00026236883619171203,3.4128067235429844,0.187059572329123,0.187059572329123,1.2536586181024326e-35,167686529.00885832,44.07379249995574,1.0,4.592639204573839,673.7678026612049,70.90054621970462,7699.411118534129,0.0,,,,,
1075,7907.717672158355,177.42637315870692,1683.1915059430319,0.0,47641.710112010594,-3.4525526244276783,4.693783279661889,68.83103152064855,6.882889233846695e-05,3.6162229278202074,0.187059572329123,0.187059572329123,1.252258451947711e-35,284232630.7088948,44.10645779990591,1.0,4.592639204573839,673.7678026612049,177.42637315870692,7730.291298999648,0.0,,,,,
1076,7804.125081213928,84.62295858286666,1680.8422736415173,0.0,47455.55590649495,-1.5913094516310047,3.109195061727344,69.41177681470299,0.00016569298751168554,2.7417887577213396,0.187059572329123,0.187059572329123,1.2532077218623664e-35,11116406.499421984,44.13941289996728,1.0,4.592639204573839,673.7678026612049,84.62295858286666,7719.502122631061,0.0,,,,,
1077,7678.373373790741,6.987675241995761,1670.3654166669055,0.0,47381.35332692128,0.34458114004178253,1.2016950228653198,20.048216596208825,3.305897112929057e-05,3.7320889840226923,0.187059572329123,0.187059572329123,1.256086088547145e-35,4.62464378750667e-30,44.1719424999319,1.0,4.592639204573839,673.7678026612049,6.987675241995761,7671.3856985487455,0.0,,,,,
1078,7590.81607488111,0.8544057996639667,1652.6361708367062,0.0,47317.436005437674,0.8653844469589075,0.8803066408248192,1.1970759162313604,0.0003097173024141503,3.033489773086935,0.187059572329123,0.187059572329123,1.2608326486208503e-35,1.5274705274145919e-35,44.20419769990258,1.0,4.592639204573839,673.7678026612049,0.8544057996639667,7589.9616690814455,0.0,,,,,
1079,7683.149677633114,200.87627178554092,1628.4637270703017,0.004937976651501474,46832.85708975912,-3.9567877111829044,5.217141129030412,65.83799782841311,0.0002952381946413618,3.430772529498845,0.187059572329123,0.187059572329123,1.267272537091369e-35,396992847.26485085,44.23673060000874,1.0,4.592639204573839,673.7678026612049,200.87627178554092,7478.946356169499,3.327049678074482,,,,,
1080,6975.72822137359,0.5584934490466185,1598.6885656760276,0.0,44464.11308155963,0.6547639924976245,0.6787332677270553,1.168308162689283,0.0006406890928066233,3.208404533451118,0.187059572329123,0.187059572329123,1.274709832065532e-35,1.275601517815882e-35,44.278671300038695,1.0,4.363057244345146,690.0794125281446,0.5584934490466185,6975.169727924544,0.0,4.742060031709729e-05,29.76015104562368,1e-12,0.001,1000.0
1081,6932.080077333162,106.46196497868951,1564.4117714020354,0.0,44071.9751204207,-1.8004681838495813,3.200621091322395,62.27803678597416,0.00019727385028953798,3.533198168601194,0.187059572329123,0.187059572329123,1.283446717294407e-35,78114860.25736386,44.31113129993901,1.0,4.363057244345146,690.0794125281446,106.46196497868951,6825.618112354473,0.0,,,,,
1082,13655.036021919352,225.81977789874105,1526.3038361823635,9.810269820529177,189123.24209748642,-4.670561102517501,5.871466313613176,62.89274722785865,6.12624021674793e-06,3.2060731373047227,0.187059572329123,0.187059572329123,1.2933210000193617e-35,809577462.7548347,44.34329260000959,1.0,4.363057244345146,690.0794125281446,225.81977789874105,6659.351009527249,6769.865234493362,,,,,
1083,6654.237062627367,1.006642941192295,1524.9010148352434,0.0,43708.91140690015,0.6930481316224484,0.8081149131046609,7.692417332266761,0.000488577111970763,3.522660833452426,0.187059572329123,0.187059572329123,1.2898514376785928e-35,1.4410514913899537e-34,44.3744431999512,1.0,4.363057244345146,690.0794125281446,1.006642941192295,6653.230419686174,0.0,,,,,
1084,7992.11431886029,287.620388540144,1516.2235005256352,1.578258940250587,30427.896138070922,-6.385105836708654,7.5075840496654775,69.65040791588392,1.9194221099499975e-05,3.5244043205666027,0.187059572329123,0.187059572329123,1.2885929503261138e-35,705699338.2713827,44.40343750012107,1.0,4.363057244345146,690.0794125281446,287.620388540144,6615.369928014729,1089.1240023054172,,,,,
1085,6830.741468372871,223.13781368575317,1513.8000413858954,0.004068252982827968,43088.7141045206,-4.499114492726725,5.677981505032194,68.45440557738385,8.164170494789208e-05,3.5916452137630555,0.187059572329123,0.187059572329123,1.282814862430657e-35,428774903.5331653,44.432611299911514,1.0,4.363057244345146,690.0794125281446,223.13781368575317,6604.796237058713,2.8074176284057963,,,,,
1086,6835.760346502259,272.3126461744414,1504.323077317985,0.0,42986.4558617586,-5.661461571540348,6.788529756006543,68.91221557295287,0.0007038939469455191,3.0403341829221495,0.187059572329123,0.187059572329123,1.2791385524102195e-35,59430714.294220865,44.46211350010708,1.0,4.363057244345146,690.0794125281446,272.3126461744414,6563.447700327818,0.0,,,,,
1087,6513.990039030224,19.445425640228745,1488.5306906773726,0.0,43392.09954448059,-0.12150919444534508,1.6036938810620887,26.198216972814393,1.3597464589419628e-05,3.5892871905404107,0.187059572329123,0.187059572329123,1.2777704575120457e-35,3.6362711462914546e-24,44.4897863001097,1.0,4.363057244345146,690.0794125281446,19.445425640228745,6494.544613389995,0.0,,,,,
1088,6404.294701636715,3.4541239803781125,1467.0539988794126,0.0,43276.67901324097,0.5651368044694641,0.9014528878398566,26.996081672086476,0.0005491637974631425,2.5331683945328716,0.187059572329123,0.187059572329123,1.278352513019987e-35,3.7527645712703387e-26,44.51860640011728,1.0,4.363057244345146,690.0794125281446,3.4541239803781125,6400.840577656337,0.0,,,,,
1089,6635.735210661378,350.42039425386395,1440.5758312141697,0.0,42379.363198852385,-7.9410038719197775,9.077026022129836,68.94482286079304,2.9833081713281917e-05,3.633439301832486,0.187059572329123,0.187059572329123,1.280650085456644e-35,262624485.22605494,44.54585719993338,1.0,4.363057244345146,690.0794125281446,350.42039425386395,6285.314816407514,0.0,,,,,
1090,5893.208246999668,7.3583267829044035,1409.871273156682,0.0,40802.18785051223,0.3953553882438347,0.9986412786760339,23.1751101201557,0.00032651584870706934,3.4582109966804833,0.187059572329123,0.187059572329123,1.2846459619981095e-35,8.355150692657611e-30,44.589606299996376,1.0,4.174742781330971,705.5754419017373,7.3583267829044035,5885.849920216763,0.0,16.99081989985528,28.471399863335098,1e-12,0.5967679840616379,1000.0
1091,5835.288196963637,91.82145643684456,1375.7654163056459,0.0,40019.34918947691,-1.7489728376409508,3.005294674702063,66.57349911530488,0.0005626013553917675,3.6846918544097047,0.187059572329123,0.187059572329123,1.2898455970274008e-35,278.080216230112,44.62417829991318,1.0,4.174742781330971,705.5754419017373,91.82145643684456,5743.466740526793,0.0,,,,,
1092,5718.884874931186,129.37928078741996,1338.8862229164085,0.0,40062.83676523396,-2.631231601653192,4.022984514032717,69.44257304871289,0.00036677059060644807,3.616386194608203,0.187059572329123,0.187059572329123,1.2962377786603146e-35,31733213.006093793,44.66213440010324,1.0,4.174742781330971,705.5754419017373,129.37928078741996,5589.505594143766,0.0,,,,,
1093,5585.87775018554,157.34075550653333,1299.6723643529326,0.0038821837305773217,39391.25269137126,-2.322690303001543,3.7897186209362945,68.6293495775619,0.0005667617570174199,3.7336873135672604,0.187059572329123,0.187059572329123,1.3036294734601588e-35,309507674.5041123,44.70294420002028,1.0,4.174742781330971,705.5754419017373,157.34075550653333,5425.797821177761,2.739173501245829,,,,,
1094,7089.06694079332,64.36551704576627,1258.6573575975935,2.508775959062369,67618.30801687596,-1.037765769579971,2.4796463455269264,65.97772748716733,4.377345673378663e-06,3.0849327647615916,0.187059572329123,0.187059572329123,1.3115683682600168e-35,738788839.8441912,44.73853829992004,1.0,4.174742781330971,705.5754419017373,64.36551704576627,5254.570717799668,1770.1307059478859,,,,,
1095,5185.037879159159,38.067320220199264,1232.8832765351901,0.0,38274.50238443584,-0.3951296561595189,1.9706143259372588,42.35233084281482,1.2784172475816674e-05,2.428641650255005,0.187059572329123,0.187059572329123,1.3117780193317134e-35,2.7501168056845782e-15,44.76872200006619,1.0,4.174742781330971,705.5754419017373,38.067320220199264,5146.97055893896,0.0,,,,,
1096,5070.664392813963,44.43906684463786,1203.9604807381425,0.0,37829.41109232392,-0.4540670568385606,1.9692017834312487,44.37184289979672,0.0001202547503509066,2.8783529743901086,0.187059572329123,0.187059572329123,1.313457407951081e-35,2.383441553712427e-15,44.800821400014684,1.0,4.174742781330971,705.5754419017373,44.43906684463786,5026.225325969325,0.0,,,,,
1097,4895.178324818643,0.6623611003634889,1172.411384386617,0.0,37699.98162350389,0.7256284111485015,0.729790884841402,1.1896573475414698,0.00031049232324077,3.7175220648527465,0.187059572329123,0.187059572329123,1.3164245248617115e-35,1.317417045569689e-35,44.8292590000201,1.0,4.174742781330971,705.5754419017373,0.6623611003634889,4894.51596371828,0.0,,,,,
1098,4754.486263195506,0.8482704025292963,1138.6660787943072,0.0,37193.00660290904,0.8267547781878873,0.8505575745697503,1.1970728691152965,0.0004760954955488339,3.7270935854790443,0.187059572329123,0.187059572329123,1.3205325681159398e-35,1.3546279828963965e-35,44.863163199974224,1.0,4.174742781330971,705.5754419017373,0.8482704025292963,4753.637992792977,0.0,,,,,
1099,4615.853247388222,10.363775502174585,1103.1792168085979,0.0,36507.651707335164,0.0534077880882077,1.4145103625355075,21.257799461860863,4.833295717974334e-05,3.73391912606953,0.187059572329123,0.187059572329123,1.3256056030950902e-35,1.2423649951622673e-29,44.89567720005289,1.0,4.174742781330971,705.5754419017373,10.363775502174585,4605.489471886048,0.0,,,,,
1100,4529.795696426859,39.611011404672126,1066.3882221601853,0.0,36101.09346419438,-0.3202523110376216,1.7685057771314434,50.111485279647255,0.0003113367001867928,3.3375783859562076,0.187059572329123,0.187059572329123,1.3315074895028984e-35,5.780578695642248e-13,44.93676319997758,1.0,4.2106472968413025,720.2966698066505,39.611011404672126,4490.184685022186,0.0,122.67017985808005,25.07140087615992,1e-12,4.8928330915376,1000.0
1101,4356.717166833457,25.466704165439037,1028.6424289009406,0.0,35488.77296962678,-0.11219041398813064,1.6327230010713993,35.777034239759516,0.00010485286034663671,3.271397216931134,0.187059572329123,0.187059572329123,1.338195460929834e-35,3.1418923360848195e-20,45.21976929996163,1.0,4.2106472968413025,720.2966698066505,25.466704165439037,4331.2504626680175,0.0,,,,,
1102,6769.461320463878,125.17740612731225,990.2791604595196,3.435483944266553,101065.65418248514,-2.5580921017367424,3.7213518175617035,65.31898106562466,1.4188998680095266e-05,3.5282175349162292,0.187059572329123,0.187059572329123,1.3456159421533717e-35,751477290.0050349,45.25177110009827,1.0,4.2106472968413025,720.2966698066505,125.17740612731225,4169.716270107151,2474.5676442294143,,,,,
1103,6997.647660924817,259.3597334854999,970.0255485803756,3.684388092693434,108459.32960426837,-5.395456102421995,6.565734123284736,70.26015323784364,0.0006831222770976378,3.2316812992748423,0.187059572329123,0.187059572329123,1.3434501589039405e-35,657755974.1987337,45.28414579993114,1.0,4.2106472968413025,720.2966698066505,259.3597334854999,4084.43545399696,2653.852473442357,,,,,
1104,4541.834785140459,471.7124893633814,966.6262711745906,0.0,34469.10185632233,-10.144904047546207,11.241748846624986,70.1901718847968,0.0006013273850497478,3.6877514066255834,0.187059572329123,0.187059572329123,1.3321605146748916e-35,39983299.43402462,45.315597699955106,1.0,4.2106472968413025,720.2966698066505,471.7124893633814,4070.1222957770774,0.0,,,,,
1105,4226.46970960154,121.63202087003219,958.8134677812403,0.09386736781879318,30307.012900761354,-2.682885209565785,4.094239858282732,68.17015626969062,0.0011931554423846719,2.785966481866972,0.187059572329123,0.187059572329123,1.323572921266658e-35,419999125.3838804,45.3476807998959,1.0,4.2106472968413025,720.2966698066505,121.63202087003219,4037.2253362881147,67.61235244339268,,,,,
1106,35013.306110847916,110.57188700698494,947.627063828218,42.91649841643287,749867.6121879199,-1.857661057970549,3.217740714129983,63.22625423847437,0.0004341716552952665,3.707953361406741,0.187059572329123,0.187059572329123,1.315158047048495e-35,933000752.929072,45.37992159998976,1.0,4.2106472968413025,720.2966698066505,110.57188700698494,3990.1233347219463,30912.610889118987,,,,,
1107,4531.077364867061,142.51264792444906,1041.4281959213265,0.00482842567229653,36263.33785402952,-3.282365023668169,4.4386621386889225,69.24628229426604,0.0008406895270298073,3.296331531196138,0.187059572329123,0.187059572329123,1.290353634502812e-35,311766649.53009,45.41218170011416,1.0,4.2106472968413025,720.2966698066505,142.51264792444906,4385.086818010448,3.477898932164128,,,,,
1108,5193.798871630705,198.34907464775816,1124.661221402774,0.36082086189692314,17300.79600128818,-4.401546719011552,5.623204258807347,68.55174163934754,0.00016943659302181419,3.5514117757025976,0.187059572329123,0.187059572329123,1.2691573426117924e-35,670504686.690573,45.447434399975464,1.0,4.2106472968413025,720.2966698066505,198.34907464775816,4735.551731761828,259.89806522111905,,,,,
1109,6057.664161303242,168.4248529932223,1200.0567353343404,1.1609433927311492,26231.478954671664,-3.5209929436764007,4.8796693604995935,66.40188684857479,0.00016884913021349146,2.4171734580508666,0.187059572329123,0.187059572329123,1.2477632609537578e-35,722884663.1655158,45.48244270007126,1.0,4.2106472968413025,720.2966698066505,168.4248529932223,5053.0156486917385,836.2236596182811,,,,,
1110,29471.154509578966,78.82927812992844,1274.4337395126192,34.898963222418864,600340.1793843348,-1.1960192971850068,2.7819109845381536,56.43068508766012,0.000534769548788408,3.2702838402126178,0.187059572329123,0.187059572329123,1.2245451461455434e-35,912747915.8985095,45.52685560006648,1.0,4.254141994826806,686.8600361504613,78.82927812992844,5421.622090884801,23970.703140564237,141.59530474569578,27.870122019599304,2.746011051403714,5.080541256551396,51.563996682866474
1111,19873.37335115876,356.7284525392499,1439.0724353676674,19.501245832841043,467057.2503273996,-6.843097648065144,7.977234906682485,65.87888758783629,0.0009104074601324272,3.612372964948538,0.187059572329123,0.187059572329123,1.1897377803287614e-35,761843394.1930596,45.5605733001139,1.0,4.254141994826806,686.8600361504613,356.7284525392499,6122.018480895279,13394.626417724232,,,,,
1112,7119.240048418228,0.6989804085176032,1673.3200435401825,0.0,44955.295066726794,0.7258175133883304,0.7524973099949959,1.1949079222356165,0.00016295927108959246,3.215645668968536,0.187059572329123,0.187059572329123,1.138036847229541e-35,1.2552673950914267e-35,45.59351560007781,1.0,4.254141994826806,686.8600361504613,0.6989804085176032,7118.54106800971,0.0,,,,,
1113,8158.14152802534,146.29624911897042,1883.3046213899465,0.0,45510.31713508688,-2.157489117099158,3.7458582287944067,65.01836002355466,0.00084260515164266,3.701479552591466,0.187059572329123,0.187059572329123,1.0950994446307296e-35,1.0462149257290123,45.62640730012208,1.0,4.254141994826806,686.8600361504613,146.29624911897042,8011.84527890637,0.0,,,,,
1114,8915.338894149365,123.19940039776765,2066.7245015430053,0.0,46034.9272796512,-1.9864114526924823,3.5493079408159844,67.29989212396819,4.306857579536305e-05,3.6240060110273573,0.187059572329123,0.187059572329123,1.0597445079218687e-35,2572.269358885684,45.65893879998475,1.0,4.254141994826806,686.8600361504613,123.19940039776765,8792.139493751598,0.0,,,,,
1115,9812.884116838042,351.14979323962643,2224.1228278473623,0.0,45070.69335274566,-6.703739288141623,8.090178159118754,73.24151596366413,0.0002309315134503831,1.4035799204361334,0.187059572329123,0.187059572329123,1.0308603097109865e-35,12831617.34673247,45.69075910001993,1.0,4.254141994826806,686.8600361504613,351.14979323962643,9461.734323598415,0.0,,,,,
1116,10146.66179428341,117.47149634477755,2357.511881393357,0.0,45542.72780095374,-1.8934779565261912,3.3035484085063485,73.11521159945325,0.00025314942295883575,3.699703774017697,0.187059572329123,0.187059572329123,1.0077727098369012e-35,19998766.61804658,45.72283950005658,1.0,4.254141994826806,686.8600361504613,117.47149634477755,10029.190297938632,0.0,,,,,
1117,10657.833838206945,97.098388657086,2468.932503169687,0.08378126895450756,39126.83741628889,-1.5506945571803,2.930464444532211,70.32436822489383,0.00027682996768660373,3.7281459808317363,0.187059572329123,0.187059572329123,9.895549349825295e-36,736243751.4319434,45.75661149993539,1.0,4.254141994826806,686.8600361504613,97.098388657086,10503.189444127034,57.546005422824585,,,,,
1118,10898.77978641929,0.7308894855357232,2561.7501508379796,0.0,45290.86184108845,0.7946709485696517,0.7946709485696517,1.1970840057940555,0.00024708758750744547,1.7155213815871824,0.187059572329123,0.187059572329123,9.744673758258416e-36,9.75397270920013e-36,45.792369599919766,1.0,4.254141994826806,686.8600361504613,0.7308894855357232,10898.048896933755,0.0,,,,,
1119,11338.504809184362,121.81403298691372,2636.651712575029,0.0,45151.952275067284,-1.7193062209646959,3.1347455700424525,73.68393666422574,0.00024110873388363124,3.7338208792321095,0.187059572329123,0.187059572329123,9.633856852710308e-36,493491509.13062423,45.82907330011949,1.0,4.254141994826806,686.8600361504613,121.81403298691372,11216.690776197449,0.0,,,,,
1120,11465.449590014285,163.63854252813863,2695.4907529809448,0.0,44061.05088568842,-3.31198865760991,4.598296741385219,72.45059133694993,3.432597046791261e-05,3.4540114724844138,0.187059572329123,0.187059572329123,9.559391059423158e-36,46625206.19575161,45.88668580004014,1.0,4.192858400640947,702.5170343429381,163.63854252813863,11301.811047486146,0.0,94.58065214479782,31.23050539539375,1e-12,3.028470111109624,1000.0
1121,11489.694502190454,0.7651698239419937,2740.1186099225865,0.0,44111.57546446237,0.7904364070971843,0.7904364070971843,1.1966199120123302,1.532373875676174e-05,3.0327669238066965,0.187059572329123,0.187059572329123,9.51618278002572e-36,9.614751909504203e-36,45.920627099927515,1.0,4.192858400640947,702.5170343429381,0.7651698239419937,11488.929332366512,0.0,,,,,
1122,11947.696963025119,325.0898093112066,2772.000874615085,0.0,43486.519556115076,-6.500231466613443,7.83382849299287,74.73999881498715,0.0013020243181637164,2.835909911691838,0.187059572329123,0.187059572329123,9.501845148367748e-36,175539.97330534522,45.95414080005139,1.0,4.192858400640947,702.5170343429381,325.0898093112066,11622.607153713912,0.0,,,,,
1123,11709.604073184342,0.8075219325143174,2792.5571131765255,0.0,43871.13422024486,0.8467244554683331,0.8467244554683331,1.196472960731512,0.0006302329574311913,2.7677901610752174,0.187059572329123,0.187059572329123,9.514051119052061e-36,9.529279606593237e-36,45.987599400104955,1.0,4.192858400640947,702.5170343429381,0.8075219325143174,11708.796551251828,0.0,,,,,
1124,11772.802377890266,20.673862530134816,2802.8918204258043,0.0,43627.92490769656,0.09033911968373452,1.1995773989712677,54.60606620526593,0.001691897594657557,3.4867913437784552,0.187059572329123,0.187059572329123,9.549976574949861e-36,4.903728296838845e-18,46.02148430002853,1.0,4.192858400640947,702.5170343429381,20.673862530134816,11752.128515360131,0.0,,,,,
1125,11885.708953218504,128.48698649128704,2804.1066125509824,0.0,44049.92157710401,-1.9134416796044942,3.3377349596101915,72.82717081812967,0.00013600058858490027,3.479410302299824,0.187059572329123,0.187059572329123,9.606968569690994e-36,683271985.4974453,46.05503390007652,1.0,4.192858400640947,702.5170343429381,128.48698649128704,11757.221966727217,0.0,,,,,
1126,11728.390328158635,0.7437870803240892,2797.0528504577087,0.0,43652.73219989617,0.7539221364543389,0.7931009977489663,1.1965406953259745,0.00023203367901622474,3.6920225877084922,0.187059572329123,0.187059572329123,9.684281611792073e-36,9.691466627410407e-36,46.08801400009543,1.0,4.192858400640947,702.5170343429381,0.7437870803240892,11727.646541078311,0.0,,,,,
1127,11668.260031504624,0.9597624926941497,2782.660217485139,0.0,43610.433726215546,0.9113597092534892,0.9173953075484159,1.1957674487781156,0.00015807491602364,2.556723306319973,0.187059572329123,0.187059572329123,9.779825412064835e-36,9.82044761711015e-36,46.1208568001166,1.0,4.192858400640947,702.5170343429381,0.9597624926941497,11667.30026901193,0.0,,,,,
1128,11580.154273382026,0.7630885458368931,2761.693832318804,0.0,43580.5196212845,0.8078902903609007,0.8078902903609007,1.196996980247822,0.0,2.8726870455740188,0.187059572329123,0.187059572329123,9.892088650659156e-36,9.959876290232859e-36,46.15378930000588,1.0,4.192858400640947,702.5170343429381,0.7630885458368931,11579.39118483619,0.0,,,,,
1129,11507.58926520571,40.79622980973226,2734.83908582343,0.0,43251.4956073092,-0.3370639882972737,1.9809533101918122,44.73909077625189,0.0,3.616398914780206,0.187059572329123,0.187059572329123,1.0019957218752404e-35,3.716721700822378e-16,46.18540560011752,1.0,4.192858400640947,702.5170343429381,40.79622980973226,11466.793035395978,0.0,,,,,
1130,11135.612907543478,19.175282853106896,2702.778949049702,0.0,42552.54275687611,-0.2027521743949851,1.5159730560386129,26.826560279593483,0.00010160861889546569,3.1818412597626065,0.187059572329123,0.187059572329123,1.0162436271480571e-35,5.226474699411639e-26,46.22657199995592,1.0,4.112965889644403,717.3911826257912,19.175282853106896,11116.437624690372,0.0,79.72300624801848,30.72167819764026,1e-12,2.595008180710064,1000.0
1131,10966.850711795707,0.9559025129425224,2666.1769398313318,0.0,42720.50828973395,0.9302368475612521,0.9302368475612521,1.1970704378773416,0.0003383967051818135,3.7085802356731596,0.187059572329123,0.187059572329123,1.0318136862862487e-35,1.0334572461354839e-35,46.25883219996467,1.0,4.112965889644403,717.3911826257912,0.9559025129425224,10965.894809282765,0.0,,,,,
1132,10799.328470427763,0.8596925706056107,2625.470054357968,0.0,42724.67990556087,0.8604384234006281,0.8815010061982804,1.1939273471486804,5.903555266503768e-05,3.1725251555376417,0.187059572329123,0.187059572329123,1.0485708680518562e-35,1.0514376060550556e-35,46.289178600069135,1.0,4.112965889644403,717.3911826257912,0.8596925706056107,10798.468777857157,0.0,,,,,
1133,10725.065231991324,109.13493858154267,2581.0888245240494,0.0,42460.90458676549,-1.780951856292564,3.4266925115623015,64.00096265727693,7.384881592308046e-05,3.699397677049107,0.187059572329123,0.187059572329123,1.0664549612393398e-35,374.4119025097286,46.31833570008166,1.0,4.112965889644403,717.3911826257912,109.13493858154267,10615.930293409781,0.0,,,,,
1134,10420.836502073635,0.7701314001571188,2533.467733566439,0.0,42743.907623308005,0.8134201799254609,0.8134201799254609,1.1966115896509415,0.0,2.6632333793834113,0.187059572329123,0.187059572329123,1.0854315881139102e-35,1.0864942018194863e-35,46.34748989995569,1.0,4.112965889644403,717.3911826257912,0.7701314001571188,10420.066370673478,0.0,,,,,
1135,10212.866206216318,0.7688500142903589,2482.903488675648,0.0,42755.28281494282,0.8189981689965202,0.8225981735940617,1.1966753035457283,0.0,2.4279221975287943,0.187059572329123,0.187059572329123,1.105364003813518e-35,1.4068763621227232e-35,46.374270600033924,1.0,4.112965889644403,717.3911826257912,0.7688500142903589,10212.097356202028,0.0,,,,,
1136,10092.010972953623,98.68581208168395,2429.712530457328,5.596101201351422e-07,42288.94571916605,-2.1679740786629464,3.464872612819848,73.19997634544619,9.711587499298957e-05,3.677967511955839,0.187059572329123,0.187059572329123,1.1261789758336232e-35,615661654.2516425,46.40227540000342,1.0,4.112965889644403,717.3911826257912,98.68581208168395,9993.324759412575,0.00040145936589311074,,,,,
1137,10161.686725750973,207.66806252889418,2374.273450384519,0.26305445853335596,25906.092202768916,-3.5686461614298075,4.923664134598609,72.18867158820137,0.00010720345071063564,3.72066689286742,0.187059572329123,0.187059572329123,1.147854060449077e-35,761952397.7754018,46.4283195999451,1.0,4.112965889644403,717.3911826257912,207.66806252889418,9765.305714119848,188.7129491022314,,,,,
1138,9657.163589726444,115.10792375379809,2319.9938735202177,0.0,42095.62435725795,-2.299788349237563,3.7978299459045526,57.33403379370301,6.957563152194118e-05,3.3769524748431152,0.187059572329123,0.187059572329123,1.1665870323342478e-35,1.4905777435684083e-07,46.457393599906936,1.0,4.112965889644403,717.3911826257912,115.10792375379809,9542.055665972646,0.0,,,,,
1139,9311.285950266938,0.8359665458025277,2263.682761669121,0.0,42749.19882073,0.8739449743334091,0.8739449743334091,1.1970151858088236,0.00016102586655069445,2.4555626145403857,0.187059572329123,0.187059572329123,1.1862677250366337e-35,1.1998867792086219e-35,46.488514200085774,1.0,4.112965889644403,717.3911826257912,0.8359665458025277,9310.449983721135,0.0,,,,,
1140,9469.630488317174,152.5239876463025,2205.447732473119,0.0,43505.88718401317,-2.6492673018591555,3.8875038469374674,73.66618566606704,0.0,3.6550869196702678,0.187059572329123,0.187059572329123,1.20680636352021e-35,3851714.174429003,46.524398300098255,1.0,4.224587308728902,731.5216234945016,152.5239876463025,9317.106500670872,0.0,192.29338192962194,30.30440248580239,1e-12,6.345394271334383,1000.0
1141,9074.524839402264,11.120238116537903,2145.394079691238,0.0,43684.183512743635,0.13955145811839925,1.3279140155404185,26.9857253067261,0.0008395862809666976,3.7327291674390572,0.187059572329123,0.187059572329123,1.2282009813827155e-35,1.9791806890203513e-28,46.55188830010593,1.0,4.224587308728902,731.5216234945016,11.120238116537903,9063.404601285725,0.0,,,,,
1142,8803.508782958115,0.6111246970437649,2083.7296083507144,0.0,43768.56617691872,0.6846928568091375,0.6888953604082824,1.1883800135478897,0.0010253852619310708,2.9866030223249345,0.187059572329123,0.187059572329123,1.250338102299758e-35,1.9300823244101064e-35,46.5813521000091,1.0,4.224587308728902,731.5216234945016,0.6111246970437649,8802.897658261072,0.0,,,,,
1143,8630.856058180247,94.376180305968,2020.6659855830378,0.0,43225.27565826071,-1.3614194960168289,2.8188639744520394,70.27533577653037,5.100828899401444e-07,2.504241799910425,0.187059572329123,0.187059572329123,1.2731475704609676e-35,22807.84339163958,46.61029260000214,1.0,4.224587308728902,731.5216234945016,94.376180305968,8536.479877874279,0.0,,,,,
1144,8266.367142615398,0.8410848115084809,1956.5286390757135,0.0,43531.55948173169,0.8626821020606451,0.8626821020606451,1.1970396710904037,0.000714291808892778,3.38705308293311,0.187059572329123,0.187059572329123,1.296539486495157e-35,1.3233254967178237e-35,46.638101200107485,1.0,4.224587308728902,731.5216234945016,0.8410848115084809,8265.526057803889,0.0,,,,,
1145,7993.426008674841,2.7327107095162697,1891.4731106290174,0.0,43324.44500819779,0.6088110994505891,0.9090059403262577,20.179988746339447,1.2750066277752992e-05,3.3855464713958803,0.187059572329123,0.187059572329123,1.3203993934908897e-35,2.4989112848829472e-30,46.66800420009531,1.0,4.224587308728902,731.5216234945016,2.7327107095162697,7990.693297965325,0.0,,,,,
1146,7806.697636775549,93.62811193216362,1825.7569227901936,0.0,43177.14624507136,-1.5202691315021943,2.953604517432521,73.24065521323438,0.00012743402687968863,3.2526337322314247,0.187059572329123,0.187059572329123,1.3446998028968855e-35,176639608.63650325,46.710208599921316,1.0,4.224587308728902,731.5216234945016,93.62811193216362,7713.069524843385,0.0,,,,,
1147,7440.849424547881,7.173344415431008,1759.6218368532436,0.0,42727.400305869814,0.46661693042731617,1.157614623244763,21.534508303210423,0.0005373060051646131,2.7797303987471347,0.187059572329123,0.187059572329123,1.3693620470868472e-35,1.0233669629171287e-31,46.74746050010435,1.0,4.224587308728902,731.5216234945016,7.173344415431008,7433.676080132451,0.0,,,,,
1148,7673.3592409829,239.48824271211586,1693.3716179515975,0.3828659920848449,21267.445121417626,-4.053325625418015,5.402023807755063,75.62195708719382,0.00010562376814769042,3.2094408393324767,0.187059572329123,0.187059572329123,1.39430303787935e-35,708801139.6255996,46.783565500052646,1.0,4.224587308728902,731.5216234945016,239.48824271211586,7153.7962461600455,280.0747521107387,,,,,
1149,14149.114327900763,263.88270081377686,1631.097540619316,9.561600686900643,278028.4473316874,-4.876284397584089,6.1558832679150575,70.34383192297415,7.131779187188186e-05,3.2084444986751977,0.187059572329123,0.187059572329123,1.4154300752228912e-35,816183363.6438249,46.82456430001184,1.0,4.224587308728902,731.5216234945016,263.88270081377686,6890.713969399287,6994.5176576877,,,,,
1150,6627.840459808535,7.7100569330335675,1623.1280012482375,0.0,40419.09836689027,0.38787420806191814,1.2068819672628535,20.422906615332398,0.00019651403057893702,3.6044243470497586,0.187059572329123,0.187059572329123,1.4123190680023976e-35,2.583602424921931e-31,46.87202759995125,1.0,4.078624974607307,744.9455423197765,7.7100569330335675,6620.130402875502,0.0,37.44867921520222,28.688817662433856,1e-12,1.305340626297013,1000.0
1151,6687.268553577377,109.14810094551932,1609.2342025433225,0.019676128406304692,39361.8554214012,-1.5993210453734326,3.1252116889250723,72.90984857845072,4.348780425742285e-05,3.729911923786181,0.187059572329123,0.187059572329123,1.4116546543273922e-35,621403717.4853125,47.14818369993009,1.0,4.078624974607307,744.9455423197765,109.14810094551932,6563.462808485469,14.657644146388208,,,,,
1152,6580.926118707151,76.51956248427632,1590.247716016642,0.02467630829486675,39195.76550588003,-1.1743139810623773,2.4635017356660884,73.68135514032201,9.308168199467781e-06,3.676238249596637,0.187059572329123,0.187059572329123,1.4121941794152063e-35,642875918.9144111,47.18317380012013,1.0,4.078624974607307,744.9455423197765,76.51956248427632,6486.024050357705,18.38250586516951,,,,,
1153,28383.416568056942,302.36535085515885,1566.7636900231023,29.117309211919043,654620.5436838277,-5.558100187967346,6.816540019468404,69.23462987526774,0.0004178930697326805,3.7337143792512015,0.187059572329123,0.187059572329123,1.4136506450570086e-35,855107895.9150324,47.217817600117996,1.0,4.078624974607307,744.9455423197765,302.36535085515885,6390.241515436127,21690.809701765655,,,,,
1154,6872.816345350181,133.10943853370645,1652.4422432360961,1.973896986372781e-05,40710.98882281462,-2.548183339956438,3.836565926842799,75.03780646336483,0.0006081931547122083,3.0217359369211167,0.187059572329123,0.187059572329123,1.3822428081593328e-35,332097450.83233595,47.25300860009156,1.0,4.078624974607307,744.9455423197765,133.10943853370645,6739.692202358865,0.014704457609968438,,,,,
1155,10245.838010531003,217.86910337162175,1723.6887837701488,4.024037483181779,114109.3295676488,-4.498249695281815,5.4973305214836286,74.64320225198801,0.0,3.7279635601888947,0.187059572329123,0.187059572329123,1.3566640996236716e-35,871512812.6252557,47.28869630000554,1.0,4.078624974607307,744.9455423197765,217.86910337162175,7030.280121935423,2997.688785223959,,,,,
1156,7374.71719363491,1.3101449461975623,1807.8168732340066,0.0,41263.54256773947,0.7036409069705364,0.8742358093675574,10.913309722412256,0.0,3.4038320618384184,0.187059572329123,0.187059572329123,1.3257391774397509e-35,5.528275542816677e-34,47.323898599948734,1.0,4.078624974607307,744.9455423197765,1.3101449461975623,7373.407048688712,0.0,,,,,
1157,7668.759112138015,13.310276099454812,1876.9680673510884,0.0,41252.96023545706,0.24143467709266062,1.3383060980266899,34.077249401797665,0.0011995629108551148,3.7191562551998154,0.187059572329123,0.187059572329123,1.300555209435761e-35,1.490461690825867e-25,47.35773480008356,1.0,4.078624974607307,744.9455423197765,13.310276099454812,7655.448836038559,0.0,,,,,
1158,7957.910332211211,76.61046279980229,1932.342374814744,0.0,41515.089178843795,-1.0262166565215882,2.4407282390799443,75.18440960273936,0.00010234628585507194,3.683074196605998,0.187059572329123,0.187059572329123,1.280507269188215e-35,244496492.31780252,47.39178630011156,1.0,4.078624974607307,744.9455423197765,76.61046279980229,7881.299869411409,0.0,,,,,
1159,8226.083173969906,170.28896479409522,1975.1250137802701,0.0,41310.54848872158,-2.3536386278844663,3.6980496366048774,78.89714561803846,0.0006466225052084301,3.592943994203495,0.187059572329123,0.187059572329123,1.2649965449953534e-35,173984201.21604425,47.4247858999297,1.0,4.078624974607307,744.9455423197765,170.28896479409522,8055.794209175811,0.0,,,,,
1160,7978.073007915785,117.99543913236461,2006.5512811818978,0.0016796149077551819,39604.2783175871,-1.8121003410936707,3.0280565214739634,75.92403462700214,0.00019927864658982053,3.733563452311481,0.187059572329123,0.187059572329123,1.2534325364250975e-35,657558137.9649484,47.46836939989589,1.0,3.9165731776626287,757.6982652037876,117.99543913236461,7858.804927481604,1.272641301816521,24.631707668452716,29.40786784232821,0.000824961857329286,0.8375890357137376,1000.0
1161,8081.66958196736,138.71860337767143,2028.0358921647828,0.0,39463.756549021025,-1.8437694729992395,3.2747005537606304,75.16518089285395,1.897393159523003e-05,3.6665388564617056,0.187059572329123,0.187059572329123,1.2450981931124578e-35,1540827.4878376767,47.50157169997692,1.0,3.9165731776626287,757.6982652037876,138.71860337767143,7942.950978589688,0.0,,,,,
1162,8285.348228572722,293.2198658457412,2040.5921197409114,0.0,40129.886987300175,-4.774629929928478,6.1174402947278,78.48849290731532,0.000647515678879905,3.7233626490041933,0.187059572329123,0.187059572329123,1.239887013805893e-35,399640227.1993773,47.5346176000312,1.0,3.9165731776626287,757.6982652037876,293.2198658457412,7992.12836272698,0.0,,,,,
1163,8015.923218752214,6.566933211881331,2044.990843327032,0.0,39632.10203207112,0.4150443112207489,1.0911823484951901,22.45145155851261,0.00034959494039333433,3.6616107426994,0.187059572329123,0.187059572329123,1.2375347278179668e-35,3.9433734965496175e-31,47.56674759997986,1.0,3.9165731776626287,757.6982652037876,6.566933211881331,8009.3562855403325,0.0,,,,,
1164,7999.026936417652,0.7728642664231619,2042.1561679908418,0.0,39665.826344299785,0.8145841733026449,0.8145841733026449,1.1896605141706376,0.0006381623528132624,3.7312933443641363,0.187059572329123,0.187059572329123,1.2376318056050217e-35,1.2414438269852004e-35,47.599325499963015,1.0,3.9165731776626287,757.6982652037876,0.7728642664231619,7998.254072151229,0.0,,,,,
1165,7967.9935542656385,6.324517056814277,2032.81508503826,0.0,39570.38936896195,0.46761489872441087,1.0864764046370503,22.90669941147632,0.0003090052060014947,2.7319557393409046,0.187059572329123,0.187059572329123,1.2399407691853967e-35,1.1256080511220444e-30,47.6319665000774,1.0,3.9165731776626287,757.6982652037876,6.324517056814277,7961.669037208824,0.0,,,,,
1166,7903.10061196231,0.8311005410678137,2017.6488866568905,0.0,39604.28585806409,0.8656020821562808,0.8656020821562808,1.1960367199804887,0.00043352428450679076,3.6634777281166446,0.187059572329123,0.187059572329123,1.2442796119202064e-35,1.2727620103011463e-35,47.66505379998125,1.0,3.9165731776626287,757.6982652037876,0.8311005410678137,7902.269511421242,0.0,,,,,
1167,7974.312962603742,151.94851851289357,1997.2471058894287,0.0,39260.718181096236,-2.546630142862917,3.8478954846524305,78.04466260811888,0.00017589765264194174,2.204878696596945,0.187059572329123,0.187059572329123,1.2503512338601136e-35,5306150.497058377,47.697758900001645,1.0,3.9165731776626287,757.6982652037876,151.94851851289357,7822.364444090848,0.0,,,,,
1168,7753.899282200399,29.602565730738952,1972.2079394618747,0.0,39309.81373763619,-0.020522667968977976,1.491610616175952,45.95695376767371,6.466249449069844e-05,3.1832886926368227,0.187059572329123,0.187059572329123,1.258141039316576e-35,1.4349111037881405e-17,47.730353200109676,1.0,3.9165731776626287,757.6982652037876,29.602565730738952,7724.29671646966,0.0,,,,,
1169,7749.007392673133,139.05537442447562,1943.0128515536126,0.0,39237.73661236708,-1.9221613082698028,3.3928514888356025,80.25212274927722,3.813707020311821e-05,3.075795701550194,0.187059572329123,0.187059572329123,1.267420277279828e-35,401835124.858739,47.76224870001897,1.0,3.9165731776626287,757.6982652037876,139.05537442447562,7609.952018248658,0.0,,,,,
1170,7107.827924987251,0.7125750773078549,1910.106917766917,0.0,37464.74542350612,0.7924475478885744,0.7924475478885744,1.1968601535540806,0.0007187770364612961,3.087609733521272,0.187059572329123,0.187059572329123,1.2780693740525358e-35,1.2893795947763843e-35,47.80404939991422,1.0,3.720794518779497,769.8133519435983,0.7125750773078549,7107.115349909944,0.0,0.0018865044289754366,29.05393485768903,1e-12,0.001,1000.0
1171,6974.359389790401,0.8500704415983887,1874.198987380864,0.0,37398.68413084741,0.7927181333701679,0.8708151506363341,1.7256285318267452,8.430464494883771e-06,3.6152355481022416,0.187059572329123,0.187059572329123,1.289787000384621e-35,2.9584055713927997e-35,47.836699699983,1.0,3.720794518779497,769.8133519435983,0.8500704415983887,6973.509319348803,0.0,,,,,
1172,6836.410904819514,6.375264517435527,1835.6390297367138,0.0,37250.28649403503,0.36368276607003897,0.9584200153299832,25.3711546690517,0.0,3.7207903636470925,0.187059572329123,0.187059572329123,1.3024933534028005e-35,3.6979168198381045e-27,47.88093280000612,1.0,3.720794518779497,769.8133519435983,6.375264517435527,6830.035640302079,0.0,,,,,
1173,6791.236727030674,113.28193937448788,1794.7658098159916,0.0,37075.48959046985,-1.685130155428274,3.2130187604749074,75.23439045813285,0.00010889079323911366,3.3190102444573926,0.187059572329123,0.187059572329123,1.316071375615151e-35,3188815.932640684,47.914453899953514,1.0,3.720794518779497,769.8133519435983,113.28193937448788,6677.954787656186,0.0,,,,,
1174,6614.581420926145,96.15777710078723,1751.890251107859,0.0,36806.590262325044,-1.3806568807801034,2.6848998259055485,75.62637398096192,0.0003976344171862864,3.3100713384951455,0.187059572329123,0.187059572329123,1.330475882840573e-35,409805116.6260626,47.948501700069755,1.0,3.720794518779497,769.8133519435983,96.15777710078723,6518.423643825358,0.0,,,,,
1175,6650.696705554741,296.34184190273055,1707.326388422564,0.0022657386200661375,37444.085516401545,-4.954940938729172,6.3934418440298835,79.43039204019503,0.0004660002397533364,2.417933240857104,0.187059572329123,0.187059572329123,1.3456334752738868e-35,593636547.7471733,47.98148890002631,1.0,3.720794518779497,769.8133519435983,296.34184190273055,6352.61066781027,1.7441958417411763,,,,,
1176,6363.075415665667,182.01106615653805,1661.2216337968202,0.0,36508.597463094186,-2.895507006832708,4.303275159589577,79.16661739475717,0.007693092222417874,3.293463471177218,0.187059572329123,0.187059572329123,1.3611143667400884e-35,0.007105025078574425,48.053126299986616,1.0,3.720794518779497,769.8133519435983,182.01106615653805,6181.064349509129,0.0,,,,,
1177,6668.596926851674,388.9919409504457,1613.979094217262,0.3563466624998749,15709.166014865186,-6.660423128330505,7.736444764576161,77.77944078864566,5.363595390239784e-05,3.658133067857692,0.187059572329123,0.187059572329123,1.3772390299758896e-35,809218154.760294,48.0874336999841,1.0,3.720794518779497,769.8133519435983,388.9919409504457,6005.284567188285,274.32041871294285,,,,,
1178,5864.109271058533,24.28031048784981,1569.5112780606537,0.0,36044.43497876409,-0.30302853596400803,1.7652823099390769,30.43047156881363,0.000463431602231508,2.247231288878719,0.187059572329123,0.187059572329123,1.3889153011732002e-35,3.211027312610087e-26,48.12325159995817,1.0,3.720794518779497,769.8133519435983,24.28031048784981,5839.828960570683,0.0,,,,,
1179,10989.353408822008,402.8473510016589,1523.9667848647564,6.386143843155553,204237.94586898384,-7.494645786745021,8.609445989044817,79.04572659355371,0.00014022653126914003,3.4352369958035185,0.187059572329123,0.187059572329123,1.4013757853797362e-35,897345819.0677978,48.15659400005825,1.0,3.720794518779497,769.8133519435983,402.8473510016589,5670.367259926798,4916.138797893549,,,,,
1180,6078.0200814087675,110.52141677918237,1516.620055998629,0.0,37551.29591870817,-1.5149797981362658,3.1386771655723265,69.81141617910161,0.00019124138613948322,3.24361912670895,0.187059572329123,0.187059572329123,1.3964272965474647e-35,0.35146202224130524,48.19981650006957,1.0,3.934735427654782,781.3226843464183,110.52141677918237,5967.498664629585,0.0,221.61924524704642,27.703746876390664,1e-12,7.999612696285208,1000.0
1181,5918.608146478071,0.8358023821187117,1503.982276039108,0.0,37931.85550702808,0.8563544044614594,0.8672731201098994,1.1956999433283069,0.00028638477599790546,1.8930567209723481,0.187059572329123,0.187059572329123,1.3939652742445614e-35,1.3962784400052395e-35,48.23225559992716,1.0,3.934735427654782,781.3226843464183,0.8358023821187117,5917.772344095953,0.0,,,,,
1182,5961.564713180623,112.36693893083005,1486.5542758324889,0.0,37436.25800962631,-1.7785881143061029,3.1306139576955214,80.24287070758113,0.0004349022631660038,3.5662184135424364,0.187059572329123,0.187059572329123,1.3934879489641234e-35,43322430.06373752,48.26491730008274,1.0,3.934735427654782,781.3226843464183,112.36693893083005,5849.197774249793,0.0,,,,,
1183,5995.96324948312,149.20067375260285,1464.9439302097435,0.1057127812377517,31359.5893061268,-2.180573399910229,3.650753338224328,76.10654505324804,0.0006629774067796329,3.163538496093398,0.187059572329123,0.187059572329123,1.3950200807835752e-35,690501726.2532021,48.294437899952754,1.0,3.934735427654782,781.3226843464183,149.20067375260285,5764.166781724112,82.59579400640584,,,,,
1184,5669.652969168927,0.9319008415165333,1440.6867177105562,0.0,37488.5597272273,0.8986162799441477,0.9022264047346704,1.196296068076017,0.0007099718715170636,3.6280187869553058,0.187059572329123,0.187059572329123,1.395908072697825e-35,1.398919833993278e-35,48.325056799920276,1.0,3.934735427654782,781.3226843464183,0.9319008415165333,5668.72106832741,0.0,,,,,
1185,5671.902538624674,111.55779106075438,1413.0468167570214,0.0004855570468561575,37235.22096400516,-1.6756390000134145,2.861532997491199,78.02429793088567,0.0002591845616291555,3.568530325548652,0.187059572329123,0.187059572329123,1.398474319935986e-35,539705277.0234885,48.359079299960285,1.0,3.934735427654782,781.3226843464183,111.55779106075438,5559.965370828667,0.3793767352529726,,,,,
1186,21666.362628041323,196.59725846638506,1382.491568411736,20.516525550925838,527528.5568258058,-3.570121030264239,4.82016806818587,78.10815258991433,0.0,3.4553726732047796,0.187059572329123,0.187059572329123,1.402518802303697e-35,1052009579.1091008,48.392852999968454,1.0,3.934735427654782,781.3226843464183,196.59725846638506,5439.738552663682,16030.026816911255,,,,,
1187,5822.3862470891,159.37216043417357,1435.7700753655276,0.017455918560737818,36215.694103613234,-3.327512439207691,4.595473188033273,77.09841016152286,0.0,3.7339162815861653,0.187059572329123,0.187059572329123,1.3901390202583282e-35,717957576.1071352,48.431845099898055,1.0,3.934735427654782,781.3226843464183,159.37216043417357,5649.375381507318,13.638705147608139,,,,,
1188,5983.308142998754,165.66147344083632,1478.535666888639,0.0,37635.22987727344,-2.81688519656094,4.311747247554296,80.7145889067576,4.7449432519233725e-05,3.6982146532959006,0.187059572329123,0.187059572329123,1.3800063062283362e-35,377205897.67312145,48.46609880006872,1.0,3.934735427654782,781.3226843464183,165.66147344083632,5817.646669557917,0.0,,,,,
1189,6117.495638574,170.85241924332144,1511.3197135277408,0.0,37982.84269209372,-2.6155568108714364,3.9533420675122475,79.94421482736902,0.0005408781874454288,3.603850511724093,0.187059572329123,0.187059572329123,1.3727728100066825e-35,116731703.60861877,48.50424030004069,1.0,3.934735427654782,781.3226843464183,170.85241924332144,5946.643219330678,0.0,,,,,
1190,6936.962005028546,170.64853890566675,1534.8907938409411,0.0,41776.27169125727,-2.3590798689770875,3.881906341764916,78.79809700171145,0.00014657373483011743,1.6355127172572492,0.187059572329123,0.187059572329123,1.3682552638236703e-35,463586555.83721596,48.54039250011556,1.0,4.408335428992132,792.2565501290974,170.64853890566675,6766.313466122879,0.0,371.7399780379785,27.727852115999376,1e-12,13.40673545440179,1000.0
1191,6969.0453379269065,100.58571020834498,1549.4524929171835,0.047905325169451334,39809.430530781545,-1.4821041407757225,3.063238616676809,74.78992246279752,0.0006620849547209345,3.7107242936898723,0.187059572329123,0.187059572329123,1.3663449586852726e-35,652004726.5214775,48.56938249990344,1.0,4.408335428992132,792.2565501290974,100.58571020834498,6830.506320067,37.95330765156213,,,,,
1192,9123.276955826477,147.49569334034533,1556.221147791659,2.6701406772650262,79127.63088442893,-2.315917405043769,3.7781649056925737,73.78212316371273,0.00015526774776342817,2.865630053261417,0.187059572329123,0.187059572329123,1.3651861294724498e-35,839709948.4411957,48.59903519996442,1.0,4.408335428992132,792.2565501290974,147.49569334034533,6860.34482115677,2115.436441329361,,,,,
1193,7056.2633914603675,110.69298989912407,1575.55397347547,0.0,43002.525575357555,-1.6852501619879294,3.245044621407338,75.12723605278819,0.0,3.493775872449887,0.187059572329123,0.187059572329123,1.356311216082187e-35,1428284.890020161,48.62719130003825,1.0,4.408335428992132,792.2565501290974,110.69298989912407,6945.570401561244,0.0,,,,,
1194,7089.64709018513,97.89073380925154,1586.030933670215,0.0,43063.5376077434,-1.424005580554183,2.7585887765879376,78.2888467212346,0.0037055532224948007,3.6767494439585944,0.187059572329123,0.187059572329123,1.3505259319943351e-35,5.675951090928887,48.65703579992987,1.0,4.408335428992132,792.2565501290974,97.89073380925154,6991.756356375879,0.0,,,,,
1195,7146.862404374143,144.33660490102565,1588.4739063683478,0.0,43343.991844231125,-2.175118268823704,3.5596975935799415,80.36568861316123,7.68977712736485e-05,3.6989819704836475,0.187059572329123,0.187059572329123,1.347549960348506e-35,523978100.4797736,48.68955729994923,1.0,4.408335428992132,792.2565501290974,144.33660490102565,7002.525799473117,0.0,,,,,
1196,6982.087787956554,0.9441969415930886,1583.6235022186243,0.0,42902.48769787993,0.7385106684611573,0.8407942748344743,5.802226776529817,0.0,3.6682641705222974,0.187059572329123,0.187059572329123,1.3470687813262702e-35,8.84328129545867e-35,48.730168000096455,1.0,4.408335428992132,792.2565501290974,0.9441969415930886,6981.143591014961,0.0,,,,,
1197,6931.941244700277,0.7245337801488142,1572.2979393391572,0.0,42825.06036500345,0.7469472467107683,0.7514464129106421,1.197146888668776,0.0,3.304974542536902,0.187059572329123,0.187059572329123,1.3487696396237065e-35,1.4713558667574072e-35,48.76666110008955,1.0,4.408335428992132,792.2565501290974,0.7245337801488142,6931.216710920128,0.0,,,,,
1198,7037.462622263839,181.64943970316352,1555.193177332267,0.0,42914.95101027526,-2.8805258748902767,4.364325219839462,80.67276463791102,0.00011864436600901584,2.9690401003991704,0.187059572329123,0.187059572329123,1.352473446664244e-35,378191195.9246444,48.80774560011923,1.0,4.408335428992132,792.2565501290974,181.64943970316352,6855.813182560675,0.0,,,,,
1199,6758.50563567861,0.8472525922749848,1532.9274489058841,0.0,42517.770228731395,0.7929446785018914,0.8327434044679922,1.1971201052221094,0.0,3.271009665683867,0.187059572329123,0.187059572329123,1.3579730533384297e-35,1.3851799023745865e-35,48.844117200002074,1.0,4.408335428992132,792.2565501290974,0.8472525922749848,6757.658383086335,0.0,,,,,
1200,7191.456858922352,160.4407730837387,1506.1628538680745,0.00735455247239127,44958.010713887685,-2.2590451808906185,3.5540706681262693,78.76440019459292,0.0024432448106034843,3.595694571771489,0.187059572329123,0.187059572329123,1.3650675278623352e-35,410406176.09548,48.89144150004722,1.0,4.664245292215448,802.6437226226425,160.4407730837387,7025.11300046395,5.9030853746636875,262.05183524057907,27.507577381277606,0.001979420524287428,9.526532693458442,1000.0
1201,6971.054760826253,90.94406230412251,1475.0748014914498,0.0,44190.56361127763,-1.2518353129985254,2.579943446681879,76.97536142808455,0.0002091781443398985,3.2220512808154123,0.187059572329123,0.187059572329123,1.3731070355061408e-35,546678.4176670254,49.178117299918085,1.0,4.664245292215448,802.6437226226425,90.94406230412251,6880.11069852213,0.0,,,,,
1202,7198.305761282817,433.5890056668573,1440.3286070422607,0.05814638507775806,40472.825523052605,-7.776253339463375,8.991093114823428,79.87087815888901,0.0003747903074697301,3.572078319364249,0.187059572329123,0.187059572329123,1.382641472281066e-35,661683319.23605,49.21610449999571,1.0,4.664245292215448,802.6437226226425,433.5890056668573,6718.045924640098,46.6708309758614,,,,,
1203,6847.87077301927,301.60332735055806,1403.0703451785046,0.002495744333767153,44582.674621801256,-5.18578787337267,6.302925899131671,80.92469982277765,0.0,2.9638698649478106,0.187059572329123,0.187059572329123,1.3917668706355262e-35,608731047.1076698,49.245620500063524,1.0,4.664245292215448,802.6437226226425,301.60332735055806,6544.264252145943,2.0031935227692346,,,,,
1204,9074.223046910503,378.95598278037176,1363.0049751440142,2.9127213727024532,82991.58229011564,-6.591264256517591,7.555831402307446,78.44921222912254,0.0,3.706221625612196,0.187059572329123,0.187059572329123,1.4017720251916092e-35,833517314.1194961,49.275922999950126,1.0,4.664245292215448,802.6437226226425,378.95598278037176,6357.389538581701,2337.87752554843,,,,,
1205,6363.90608009852,112.06330313859668,1340.376070571192,0.0,42762.18728650489,-1.3909878229870758,2.8794162571731623,74.70606012636514,0.001065887811129769,3.5396045554713416,0.187059572329123,0.187059572329123,1.401858079547363e-35,0.493913025819646,49.305461100069806,1.0,4.664245292215448,802.6437226226425,112.06330313859668,6251.842776959923,0.0,,,,,
1206,6127.795205542708,0.7747867513573776,1313.6145367434367,0.0,42616.72401597137,0.6611994978319337,0.7506671606601689,5.528273877633432,0.0,3.4636834373711682,0.187059572329123,0.187059572329123,1.403958766048477e-35,8.493528556352463e-35,49.33677490008995,1.0,4.664245292215448,802.6437226226425,0.7747867513573776,6127.0204187913505,0.0,,,,,
1207,6198.907498600907,213.2092619892345,1283.2766989684976,0.00022542360075608722,41858.37064362627,-4.118663603366602,5.343421446288473,80.43512182718692,3.855134780086922e-07,3.585687544261771,0.187059572329123,0.187059572329123,1.407910703239302e-35,517321476.9622792,49.366949500050396,1.0,4.664245292215448,802.6437226226425,213.2092619892345,5985.517301773595,0.18093483807786617,,,,,
1208,6111.136615058092,280.75643593334945,1249.972271913964,0.0002527827035454623,42220.354553228564,-4.758711874656282,5.955932028533444,81.30659604859487,0.00018309915742936722,3.7111604140553367,0.187059572329123,0.187059572329123,1.413303421900023e-35,471574762.9155519,49.39990420010872,1.0,4.664245292215448,802.6437226226425,280.75643593334945,5830.177284674554,0.2028944501883457,,,,,
1209,27669.184124008236,344.4229542919139,1214.091638748947,26.988238179428986,696502.2419543343,-6.612220633004323,7.711416110801456,78.84840153538495,0.0005614101868425952,3.4252308524657074,0.187059572329123,0.187059572329123,1.4201244052024915e-35,871960038.0231758,49.43324930011295,1.0,4.664245292215448,802.6437226226425,344.4229542919139,5662.821210352914,21661.939959363408,,,,,
1210,6294.495839751979,269.41383667127843,1282.875644646713,0.0011690332151751306,42789.000068531095,-4.309591313815728,5.69147652157655,79.99063272015665,0.0013564846301055908,3.239129006266427,0.187059572329123,0.187059572329123,1.4017104664837274e-35,364049121.98021036,49.47755720000714,1.0,4.695803662065621,812.5115364915104,269.41383667127843,6024.132150106829,0.9498529738715559,137.29598482756245,25.927343700159113,0.0004584364042546605,5.295412689218907,1000.0
1211,6425.248824806226,134.3999031890289,1339.6746061674005,0.0,42580.92631686195,-1.6974611512936741,3.3374948340419768,73.88767476029982,0.0003393207928968564,2.834911255108363,0.187059572329123,0.187059572329123,1.3871308796565877e-35,40.59947929808716,49.51111699989997,1.0,4.695803662065621,812.5115364915104,134.3999031890289,6290.848921617197,0.0,,,,,
1212,6554.02928304112,49.80014933943525,1385.115222394235,0.0,43475.36629621838,-0.462843428269248,2.0645361005513396,57.30082515250115,0.0003302531374304099,3.7327680438697857,0.187059572329123,0.187059572329123,1.3760585500211197e-35,4.198794500906417e-14,49.54556869994849,1.0,4.695803662065621,812.5115364915104,49.80014933943525,6504.229133701685,0.0,,,,,
1213,6827.527552463017,160.50522077827878,1419.7830257562355,0.0,44155.35081842553,-2.401670673742174,3.680971801207194,80.7967169158094,0.00019977573841161583,3.3605510148717204,0.187059572329123,0.187059572329123,1.368231232931645e-35,420485896.7268941,49.579862399958074,1.0,4.695803662065621,812.5115364915104,160.50522077827878,6667.022331684738,0.0,,,,,
1214,6880.166924154455,97.68488971158966,1444.370872920897,0.0,44028.963879710245,-1.1820240338357522,2.5645517871508106,72.40879979391356,0.0014515238987707138,3.69633507636782,0.187059572329123,0.187059572329123,1.3633439380476014e-35,1.441400950329026,49.61442989995703,1.0,4.695803662065621,812.5115364915104,97.68488971158966,6782.482034442865,0.0,,,,,
1215,6888.4624963301585,33.81955009319365,1459.737978742855,0.0,44255.74755859415,-0.2776082919794832,1.7367178059871666,47.397540590118076,0.0,3.7261038130078785,0.187059572329123,0.187059572329123,1.3611371245654011e-35,5.925266553372395e-17,49.649007299914956,1.0,4.695803662065621,812.5115364915104,33.81955009319365,6854.642946236965,0.0,,,,,
1216,7664.8308175499515,305.7651474842802,1466.677960759011,0.5807104387711053,11250.157568818408,-5.653324521091362,6.728954938384079,76.14037236564856,0.0,3.0334068574264257,0.187059572329123,0.187059572329123,1.3612714911061276e-35,743531702.4741293,49.684984100051224,1.0,4.695803662065621,812.5115364915104,305.7651474842802,6887.231739203101,471.8339308625699,,,,,
1217,6911.593389916552,0.9131836642981379,1471.6714546818039,0.0,44634.65883778299,0.8847653027141335,0.9085657696938354,1.1972605402793584,0.00010114619699855276,2.9618576967774874,0.187059572329123,0.187059572329123,1.3581583234587381e-35,1.3857903997057198e-35,49.71880339994095,1.0,4.695803662065621,812.5115364915104,0.9131836642981379,6910.680206252254,0.0,,,,,
1218,6991.342824426357,92.46596629767387,1469.1578597845294,0.0,44315.30425732137,-1.5306209239367397,3.005118751035774,81.16022775927996,7.416839347205995e-05,3.4768014365256574,0.187059572329123,0.187059572329123,1.3575267295045313e-35,175420312.45836005,49.75375430006534,1.0,4.695803662065621,812.5115364915104,92.46596629767387,6898.876858128683,0.0,,,,,
1219,9293.085078585882,219.90159036797283,1459.9413849883786,2.729297107292823,74778.66466644642,-4.2688308897485365,5.4359115120775074,80.71144583070765,0.0,3.564722877543055,0.187059572329123,0.187059572329123,1.3589476580033788e-35,782519082.0398853,49.79043629998341,1.0,4.695803662065621,812.5115364915104,219.90159036797283,6855.598102029582,2217.585386188326,,,,,
1220,6659.689109830634,9.341313990649398,1463.821952994678,0.0,43054.480025960336,0.1808017972191431,1.2414287479665267,20.995043374699865,8.986704766282549e-07,3.7337403324707052,0.187059572329123,0.187059572329123,1.351871502720829e-35,1.146464504408803e-29,49.836210699984804,1.0,4.5431398143980175,821.8859596669348,9.341313990649398,6650.347795839984,0.0,44.72210400899425,27.227626663082408,1e-12,1.6425267087135575,1000.0
1221,6636.401310275839,0.879919106072186,1460.558482074582,0.0,43160.93309283535,0.9010756371134535,0.9010756371134535,1.194503682072742,0.0004152009196699419,2.293645659204695,0.187059572329123,0.187059572329123,1.3474784450416287e-35,1.3515371919335043e-35,49.888720700051636,1.0,4.5431398143980175,821.8859596669348,0.879919106072186,6635.5213911697665,0.0,,,,,
1222,25570.3934634019,214.30785824105925,1450.839882004531,22.831290585026956,571281.3994879257,-3.708480884131694,4.985644716442024,72.70948146938333,0.0014250604155920388,3.7338875939466027,0.187059572329123,0.187059572329123,1.3455787751038858e-35,766736753.4619739,49.92418100009672,1.0,4.5431398143980175,821.8859596669348,214.30785824105925,6591.368432251307,18764.71717290953,,,,,
1223,6953.700903680622,3.2438347908389935,1529.8796323332488,0.0,43797.65063316695,0.623019906755448,0.953101795126888,21.578374989085233,0.00071569050402185,3.371145887089893,0.187059572329123,0.187059572329123,1.3269058422281284e-35,7.413786368241257e-32,49.957359000109136,1.0,4.5431398143980175,821.8859596669348,3.2438347908389935,6950.457068889783,0.0,,,,,
1224,7247.492577005661,0.5785263161062123,1595.1333982112537,0.0,44349.39229983914,0.6525776598316301,0.676547969129468,1.1950211657926129,0.00010130409465931162,3.7248593195025697,0.187059572329123,0.187059572329123,1.3120472645930925e-35,1.3156006052038045e-35,49.9869496000465,1.0,4.5431398143980175,821.8859596669348,0.5785263161062123,7246.914050689555,0.0,,,,,
1225,7488.120755859726,4.088661352749842,1647.3259464277874,0.0,44663.289945796336,0.5035637994968216,0.97440174941724,19.574724194310924,0.0,3.695904724620715,0.187059572329123,0.187059572329123,1.3010822154771562e-35,3.3554384400668443e-31,50.01598210004158,1.0,4.5431398143980175,821.8859596669348,4.088661352749842,7484.032094506976,0.0,,,,,
1226,7666.720527251384,0.8371956870690115,1687.3536022971973,0.0,44935.6581347197,0.8309274600661214,0.8754361991229193,1.1961896667495904,0.0010886824978088086,2.7971447518246064,0.187059572329123,0.187059572329123,1.2939879588313767e-35,1.29698604418969e-35,50.05080409999937,1.0,4.5431398143980175,821.8859596669348,0.8371956870690115,7665.883331564315,0.0,,,,,
1227,8007.733505422682,210.9662481525716,1716.1627367400777,0.0,43914.78900397966,-3.9139331347737363,4.995579637055298,82.12182904460306,2.405540773997572e-05,3.028037610027786,0.187059572329123,0.187059572329123,1.289576908530888e-35,387621397.3571578,50.07954109995626,1.0,4.5431398143980175,821.8859596669348,210.9662481525716,7796.76725727011,0.0,,,,,
1228,8020.5444873074475,138.58728419074816,1734.9140737728071,0.0,45547.56577525105,-1.771011907566287,3.1530719405770187,81.86913886256256,0.0001319129772690622,3.62230565877321,0.187059572329123,0.187059572329123,1.2880048867524652e-35,181546516.6789259,50.10864380002022,1.0,4.5431398143980175,821.8859596669348,138.58728419074816,7881.957203116699,0.0,,,,,
1229,8049.820853665134,125.43290590896994,1744.2535936583704,0.0,44836.647812238014,-1.5724994798924328,3.1016380829150516,69.21450670575777,7.312142968608076e-05,3.249944473585062,0.187059572329123,0.187059572329123,1.2884631375759283e-35,0.7412944645802899,50.136275900062174,1.0,4.5431398143980175,821.8859596669348,125.43290590896994,7924.387947756164,0.0,,,,,
1230,7676.637235803448,14.239747811143564,1745.212574160398,0.0,43566.27951979414,0.2386202521987831,1.3811886454545612,24.700435711641113,5.133796929144424e-05,2.464321722108142,0.187059572329123,0.187059572329123,1.2918609753247683e-35,5.762840003361912e-27,50.17621639999561,1.0,4.390523883131313,830.791661683588,14.239747811143564,7662.397487992304,0.0,42.653880071703114,28.610996667202652,1e-12,1.4908211890639271,1000.0
1231,7922.442058634244,288.0444767525366,1738.8352244736839,0.0,42768.76833559791,-5.270459676861361,6.520548388632643,81.83139572441019,5.0709060060070976e-05,3.683570470247133,0.187059572329123,0.187059572329123,1.2964130703060374e-35,423214774.1094658,50.207008300116286,1.0,4.390523883131313,830.791661683588,288.0444767525366,7634.397581881707,0.0,,,,,
1232,7896.525977236519,318.43888417231614,1726.0097643881911,0.0,43190.045651316366,-5.514270232695333,6.484060660484794,81.27195025937793,0.0003289514874314087,3.7324669405397493,0.187059572329123,0.187059572329123,1.304519326628418e-35,431754158.44924444,50.23531490005553,1.0,4.390523883131313,830.791661683588,318.43888417231614,7578.087093064203,0.0,,,,,
1233,7503.274143982848,7.1456732690583795,1707.3426019875253,0.0,43250.99381191916,0.1044852863596802,1.212635828492794,20.226031638611477,0.0,3.714666937419219,0.187059572329123,0.187059572329123,1.312297508608936e-35,2.380983119565102e-30,50.26313350000419,1.0,4.390523883131313,830.791661683588,7.1456732690583795,7496.128470713789,0.0,,,,,
1234,14025.7302508276,276.71571904362617,1683.4829077214777,7.65251134767747,182904.19766062577,-5.610739551427579,6.720142236335163,81.4880934560128,2.865122509154716e-05,3.1761944282765144,0.187059572329123,0.187059572329123,1.323618971565613e-35,779506258.5413378,50.29218590003438,1.0,4.390523883131313,830.791661683588,276.71571904362617,7391.371913194495,6357.642618589479,,,,,
1235,7805.197699638834,302.88016640598386,1692.7694140688798,0.08446520995050685,38112.11193805853,-4.999848965960193,6.374916114539533,80.33426934093984,0.00015806801267351234,3.7331045707984774,0.187059572329123,0.187059572329123,1.317020327191854e-35,632289774.7147071,50.320487699937075,1.0,4.390523883131313,830.791661683588,302.88016640598386,7432.144541103616,70.17299212923473,,,,,
1236,7442.611909472104,0.8305350888173025,1694.964330560895,0.0,43257.38407916253,0.8451749553703246,0.8481463593233446,1.197135717922912,0.00017429380265575334,3.634493376796936,0.187059572329123,0.187059572329123,1.313045142914521e-35,1.316564872013225e-35,50.35421789996326,1.0,4.390523883131313,830.791661683588,0.8305350888173025,7441.781374383287,0.0,,,,,
1237,7552.373954224141,133.20154132636236,1689.814839956283,0.0,43438.06388314564,-1.7111766501368788,3.2724558091378984,80.97840486586765,2.0195489431964336e-05,3.5968859629566725,0.187059572329123,0.187059572329123,1.3112600117855323e-35,231383713.85164583,50.38614509999752,1.0,4.390523883131313,830.791661683588,133.20154132636236,7419.1724128977785,0.0,,,,,
1238,7526.12100417489,158.68277209240387,1678.0316946660232,0.0,42706.37538231718,-3.312920517173988,4.628623464625916,82.03796444544814,0.0007734005861106466,3.4962156870338372,0.187059572329123,0.187059572329123,1.3125647569887968e-35,308417434.5614405,50.41804019990377,1.0,4.390523883131313,830.791661683588,158.68277209240387,7367.438232082486,0.0,,,,,
1239,8038.14967868574,370.3807236284586,1660.4425329960563,0.45445371539470036,17544.101896465658,-6.745840191600412,8.097545711650858,79.20806647432357,0.00026624568920131236,2.9586269591506618,0.187059572329123,0.187059572329123,1.314453924441835e-35,650786790.4603349,50.45094670006074,1.0,4.390523883131313,830.791661683588,370.3807236284586,7290.212597686238,377.5563573710435,,,,,
1240,7828.736325603015,233.00893236143708,1642.3779136753622,0.23259247306103809,29657.612990929345,-3.9183944914185607,5.071434771837386,80.22768940843044,0.0008005059232948641,3.347025227806307,0.187059572329123,0.187059572329123,1.31138117447885e-35,606859537.0082358,50.492098700022325,1.0,4.505981001776511,839.2520785994086,233.00893236143708,7400.523676758524,195.20371648305317,188.1694566844914,28.08639258932973,0.05029734690784098,6.699666256035267,1000.0
1241,7499.126038637318,192.4663391780954,1621.5469387417584,0.0,42876.523386453824,-3.715180494603528,4.843758622107446,80.18848522146003,0.0,2.421314550859024,0.187059572329123,0.187059572329123,1.3083348946407546e-35,71489813.99843034,50.52314230008051,1.0,4.505981001776511,839.2520785994086,192.4663391780954,7306.659699459223,0.0,,,,,
1242,7294.312870254745,103.21370388029035,1595.9009067147242,0.0,43510.461424107176,-1.3140013277854605,2.7533366217410857,81.49026725634693,0.00029919479670463545,3.4977953650488205,0.187059572329123,0.187059572329123,1.3068112380337885e-35,369570545.78327817,50.56031460012309,1.0,4.505981001776511,839.2520785994086,103.21370388029035,7191.099166374454,0.0,,,,,
1243,7149.352337859222,93.41769211072555,1565.9042155230238,0.0,43209.98445947216,-1.6711118543797916,3.0505981821640527,60.895690263017045,3.9298393481681376e-05,3.612401920986845,0.187059572329123,0.187059572329123,1.3066701928467085e-35,0.9291132626140522,50.59342600009404,1.0,4.505981001776511,839.2520785994086,93.41769211072555,7055.934645748496,0.0,,,,,
1244,7194.949241082079,192.3339092697207,1532.1527045140347,0.1176813927186712,36116.28548274896,-3.486045583241513,4.673772859345412,79.07333445107926,0.0,3.4755372108268245,0.187059572329123,0.187059572329123,1.3104456591054604e-35,657283472.4622449,50.62374610011466,1.0,4.505981001776511,839.2520785994086,192.3339092697207,6903.850978360741,98.76435345161812,,,,,
1245,7146.520460561987,403.720022701824,1496.4111999588488,0.0,42260.92015954931,-6.822731788165385,8.014207134180428,82.68773010382299,0.000267902056272043,3.3702670761138354,0.187059572329123,0.187059572329123,1.3115549716888545e-35,179850161.97325662,50.655193499987945,1.0,4.505981001776511,839.2520785994086,403.720022701824,6742.800437860164,0.0,,,,,
1246,6856.167045559991,287.00788957732664,1457.875466716955,0.0,42775.17284004631,-4.677830822308274,6.030770079080917,81.5671860508368,0.001758680926755185,3.7212183398163985,0.187059572329123,0.187059572329123,1.3146689364798317e-35,203055698.76949117,50.68808369990438,1.0,4.505981001776511,839.2520785994086,287.00788957732664,6569.159155982664,0.0,,,,,
1247,6538.549028969219,153.24249538405348,1416.90128563174,0.0009249415707462379,41070.612065008405,-2.600887990904437,3.94416998343814,77.53989565809113,0.0,3.7179972196864073,0.187059572329123,0.187059572329123,1.3180323902646169e-35,557611342.8172516,50.7190376999788,1.0,4.505981001776511,839.2520785994086,153.24249538405348,6384.530274449334,0.7762591358317821,,,,,
1248,6192.62122075084,0.6274916305799971,1374.172178417758,0.0,41412.66885242394,0.7244660732805867,0.7471933136285719,1.1976967531544216,0.0005100332568868937,3.366721212867525,0.187059572329123,0.187059572329123,1.3247033347914267e-35,1.3303696593483222e-35,50.75084610003978,1.0,4.505981001776511,839.2520785994086,0.6274916305799971,6191.99372912026,0.0,,,,,
1249,6036.492281883303,43.61784536216698,1329.982180164188,0.0,40449.294475863346,-0.34135066088634575,1.792368210698202,55.96626669615005,0.0010119949417439489,2.6542752936855925,0.187059572329123,0.187059572329123,1.333428680356848e-35,2.076782677380642e-18,50.784089900087565,1.0,4.505981001776511,839.2520785994086,43.61784536216698,5992.874436521136,0.0,,,,,
1250,12837.367586115322,111.96116787060474,1284.8043604103839,8.175153111955044,187718.38482633227,-1.2750509851488145,2.8319674488063726,75.31898288144397,0.0008786668030844047,2.2110632340118794,0.187059572329123,0.187059572329123,1.3414369696201233e-35,704731098.7487509,50.829350899904966,1.0,4.738370738909374,811.9147055419065,111.96116787060474,6087.879386591737,6637.52703165298,233.92383984666216,25.55490175613119,0.7997269987956858,9.15377574443379,292.50461744936666
1251,33670.551864610774,254.98005217940948,1272.5347119428016,33.729935401079665,802382.8596379248,-4.1717028990253375,5.42866648792857,76.27382516862356,0.0014711201393101114,3.726346722495274,0.187059572329123,0.187059572329123,1.3346775457593204e-35,754064022.0095787,51.12234269990586,1.0,4.738370738909374,811.9147055419065,254.98005217940948,6029.741243316241,27385.830569115125,,,,,
1252,6789.936676584372,265.08329057862994,1377.024666395682,0.0,42614.53519890782,-4.632402821939244,6.084891287519223,76.83068520220202,0.0,2.829271226824408,0.187059572329123,0.187059572329123,1.3085029761867037e-35,79614.67217327129,51.151573200011626,1.0,4.738370738909374,811.9147055419065,265.08329057862994,6524.853386005742,0.0,,,,,
1253,6953.83997614754,0.7100627646558539,1467.409431745579,0.0,44656.59888041946,0.7381806726338405,0.7567663654739714,1.1981684387259623,0.0,3.5346523186864545,0.187059572329123,0.187059572329123,1.289089114155317e-35,1.2940876374121276e-35,51.18503549997695,1.0,4.738370738909374,811.9147055419065,0.7100627646558539,6953.129913382884,0.0,,,,,
1254,7337.486755348585,23.43715926020785,1543.5790061821638,0.0,45222.64038340956,-0.04985262748870194,1.5556894547283855,37.04917781944573,0.00011769966534739412,3.6827865905842407,0.187059572329123,0.187059572329123,1.2741781979818888e-35,1.937199629630293e-22,51.21954940003343,1.0,4.738370738909374,811.9147055419065,23.43715926020785,7314.049596088377,0.0,,,,,
1255,8001.490303897423,377.2199439449669,1606.0334893633508,0.017598238025628207,45302.36556282495,-5.876537801724332,7.19043007279578,82.60396948858917,0.0,2.7343670646052356,0.187059572329123,0.187059572329123,1.2645127421632283e-35,625241881.337607,51.25380710000172,1.0,4.738370738909374,811.9147055419065,377.2199439449669,7609.982091707821,14.288268244634308,,,,,
1256,7962.929785272228,116.8071131650241,1655.6076910766162,0.0015268027392455832,46636.24435799658,-1.824598962242942,3.3244367526603362,80.73335043931218,0.0,3.714957155947583,0.187059572329123,0.187059572329123,1.2539348280947011e-35,579431662.8794553,51.287220699945465,1.0,4.738370738909374,811.9147055419065,116.8071131650241,7844.883038510749,1.239633596455154,,,,,
1257,8022.793222929273,0.7458093402523583,1692.9969931891499,0.0,46584.52849339619,0.7845397288643594,0.7865623886879634,1.1981774876654931,0.0016202327395411845,3.456354087856414,0.187059572329123,0.187059572329123,1.2481920800563295e-35,1.5162017145066379e-35,51.32030909997411,1.0,4.738370738909374,811.9147055419065,0.7458093402523583,8022.047413589021,0.0,,,,,
1258,8319.011722366122,172.7889589702416,1719.2033321712788,0.0,46134.173919300665,-3.199753737962582,4.599428695722942,82.86592779617419,0.00010031508745296513,3.080725892470451,0.187059572329123,0.187059572329123,1.2463594340783022e-35,258575425.91286358,51.353987799957395,1.0,4.738370738909374,811.9147055419065,172.7889589702416,8146.222763395881,0.0,,,,,
1259,10536.554052328625,109.9313967567597,1735.2904575683974,2.714784093545827,68286.08479640199,-1.6809137125032203,3.061260828094027,76.86540917659799,8.240890282393276e-05,3.6983744433643184,0.187059572329123,0.187059572329123,1.2455328248536467e-35,713777792.8085046,51.38730729999952,1.0,4.738370738909374,811.9147055419065,109.9313967567597,8222.449527650753,2204.1731279211117,,,,,
1260,7930.72178780958,0.7411848396933207,1761.6298398144095,0.0,44629.34936532698,0.7773276910354967,0.7805575565627255,1.196011754316444,0.0,2.1537403701672,0.187059572329123,0.187059572329123,1.2384932102449667e-35,1.24023874583998e-35,51.43455450003967,1.0,4.5015022019639055,821.3189702648111,0.7411848396933207,7929.980602969887,0.0,0.0007377912935343482,28.534890805276202,1e-12,0.001,1000.0
1261,8249.879515348262,242.6167841893677,1778.0411918626737,0.004147463932854201,45223.49808373803,-3.9748170089936004,5.410382852928453,80.87896871418621,4.8223958447689286e-05,3.657690796976125,0.187059572329123,0.187059572329123,1.2324788656576864e-35,580400249.9328872,51.46825019991957,1.0,4.5015022019639055,821.3189702648111,242.6167841893677,8003.856340352353,3.4063908065422557,,,,,
1262,8164.0927835002385,119.32893936784689,1785.3423221636717,0.009790897257223331,44151.47421450086,-1.9013384584619868,3.1593270809211997,80.17356213002103,0.0008220531818615845,3.414693875601582,0.187059572329123,0.187059572329123,1.2290137364428284e-35,515508689.79872954,51.50058600003831,1.0,4.5015022019639055,821.3189702648111,119.32893936784689,8036.72239447912,8.04144965327123,,,,,
1263,8271.117453254772,237.71532286347667,1784.6047319240454,0.0,44790.958973656656,-3.919697128183604,5.325347410919535,81.99430023395017,3.830982179710979e-05,3.638576224803164,0.187059572329123,0.187059572329123,1.2287763607505786e-35,233034500.69911,51.53488539997488,1.0,4.5015022019639055,821.3189702648111,237.71532286347667,8033.402130391296,0.0,,,,,
1264,8139.423660699835,142.52737768975402,1776.4950285976117,0.0,43956.56588458052,-2.5560567256649325,3.9551033153003536,82.86862471908398,0.00010221654026291993,2.0762802185032516,0.187059572329123,0.187059572329123,1.2313901599652303e-35,250488518.43768653,51.56917449994944,1.0,4.5015022019639055,821.3189702648111,142.52737768975402,7996.896283010081,0.0,,,,,
1265,8102.301313872634,171.04530616852537,1761.9131685071434,0.0,44332.87902207233,-2.3521455637870585,3.8052895448250386,83.06395589740721,4.645269038994898e-05,2.834276347589297,0.187059572329123,0.187059572329123,1.2347313309364602e-35,370867417.71971524,51.60503039998002,1.0,4.5015022019639055,821.3189702648111,171.04530616852537,7931.256007704108,0.0,,,,,
1266,7840.047436161963,0.7381473638386039,1741.4873828958714,0.0,44455.245038593705,0.7650192962225397,0.7650192962225397,1.1970460770157119,0.00012360955720851913,3.703611030216601,0.187059572329123,0.187059572329123,1.2419932910314982e-35,1.2710767305686348e-35,51.638565100030974,1.0,4.5015022019639055,821.3189702648111,0.7381473638386039,7839.309288798124,0.0,,,,,
1267,7752.158086672533,28.244076988741107,1715.8525450268623,0.0,44068.59128030484,-0.230257455525487,1.5390453019686778,42.57796440232915,0.0,2.9896727444361124,0.187059572329123,0.187059572329123,1.2469546354899147e-35,1.369215664469968e-19,51.67180150002241,1.0,4.5015022019639055,821.3189702648111,28.244076988741107,7723.914009683792,0.0,,,,,
1268,7720.7592910419435,132.6509420956696,1685.6830406531328,2.958208774697669e-06,43866.28962296487,-1.8950367992026997,3.284857875909557,81.78024544342765,2.576829573462322e-05,3.547496830616155,0.187059572329123,0.187059572329123,1.2560059151915586e-35,511017935.97542447,51.705374399898574,1.0,4.5015022019639055,821.3189702648111,132.6509420956696,7588.105919313289,0.0024296329846630184,,,,,
1269,7438.505993506958,3.9774413384032354,1651.5661258423988,0.0,43675.92565948129,0.5419554498730954,0.9693561394525483,20.85769026357223,0.0015700891540411516,3.732473718878331,0.187059572329123,0.187059572329123,1.2667789295972968e-35,1.297209737630348e-32,51.740953699918464,1.0,4.5015022019639055,821.3189702648111,3.9774413384032354,7434.528552168555,0.0,,,,,
1270,8131.10801663104,412.12253493935947,1614.0628035951545,0.0,45564.24238613406,-7.093911612550713,8.272714514691367,83.24943259596077,0.0013940780456467086,1.867343368562351,0.187059572329123,0.187059572329123,1.279721456368027e-35,33536720.565680172,51.78364529996179,1.0,4.7823327967774585,830.2530217515705,412.12253493935947,7718.98548169168,0.0,280.22901706257255,27.695775550846612,1e-12,10.118114098234972,1000.0
1271,7598.062012137839,73.74408407211146,1573.3572396166023,0.0,45273.186349181095,-0.9297430329188956,2.2925410010354743,62.887053350349206,0.000577908835810298,1.8427156841823717,0.187059572329123,0.187059572329123,1.2910387305571604e-35,7.601706811542554e-08,51.815267300000414,1.0,4.7823327967774585,830.2530217515705,73.74408407211146,7524.317928065728,0.0,,,,,
1272,7317.593546951732,0.6256365772514205,1529.9997347120986,0.0,45113.430448411,0.6632385004838588,0.7058614865375324,1.1984077125496253,9.39572765828317e-06,3.47194920479119,0.187059572329123,0.187059572329123,1.3051132159945168e-35,1.312569707395547e-35,51.84574420005083,1.0,4.7823327967774585,830.2530217515705,0.6256365772514205,7316.96791037448,0.0,,,,,
1273,7397.402071224313,298.15430541630036,1484.4738054599193,0.0,43662.73833072091,-4.996819437303194,6.292432541201997,81.46312884214456,0.0009566800341571022,3.6878393542823935,0.187059572329123,0.187059572329123,1.3240214222129006e-35,72301824.16663863,51.87835430004634,1.0,4.7823327967774585,830.2530217515705,298.15430541630036,7099.247765808012,0.0,,,,,
1274,6876.234839440706,1.99324872000229,1437.4243455731194,0.0,43842.28874506975,0.6041054863926585,0.8435765592624012,15.880555992961728,9.519201167679237e-05,3.7258782612563963,0.187059572329123,0.187059572329123,1.3361005876906576e-35,1.0094361512869346e-32,51.912680600071326,1.0,4.7823327967774585,830.2530217515705,1.99324872000229,6874.241590720704,0.0,,,,,
1275,6750.95206832416,107.39876079258555,1389.1867399960718,0.0,42667.588140175976,-2.46338632799777,3.6372027955765036,54.56042795045102,0.0007158384327281692,3.5246978937848805,0.187059572329123,0.187059572329123,1.3558220092674644e-35,3536.6554406295545,51.942517099902034,1.0,4.7823327967774585,830.2530217515705,107.39876079258555,6643.553307531574,0.0,,,,,
1276,6436.813024035697,27.231961881362743,1340.2624481661724,0.0,42159.42543338354,-0.06808001316271775,1.7367494321421426,38.33157210921113,3.511571078198411e-05,2.918068958069866,0.187059572329123,0.187059572329123,1.3703802938276637e-35,3.525829392985391e-21,51.97227429994382,1.0,4.7823327967774585,830.2530217515705,27.231961881362743,6409.581062154334,0.0,,,,,
1277,9613.637452141465,80.33703623420926,1290.9915338490089,4.046175292601699,105537.10539207626,-1.0398917437796351,2.525819881150579,72.68815807668508,0.0,3.6272510290854774,0.187059572329123,0.187059572329123,1.3875178240511255e-35,684905947.1840113,52.00239669997245,1.0,4.7823327967774585,830.2530217515705,80.33703623420926,6173.9511526881515,3359.3492632191055,,,,,
1278,6044.467722076433,6.90956735098168,1262.4713526406647,0.0,41160.51487895762,0.4228369043265253,0.9314623863233326,27.6911500828262,0.0009326036601148904,3.6423556030551145,0.187059572329123,0.187059572329123,1.393094894355905e-35,1.2342542462119698e-27,52.032089800108224,1.0,4.7823327967774585,830.2530217515705,6.90956735098168,6037.5581547254515,0.0,,,,,
1279,8563.606424480811,503.78593664361466,1231.214267580679,2.6157617728919393,70334.92673331244,-9.349420946017553,10.348779924291595,82.14346357392905,5.874987417411187e-06,3.6797588648022597,0.187059572329123,0.187059572329123,1.4027514045795063e-35,670649772.6845536,52.0623053999152,1.0,4.7823327967774585,830.2530217515705,503.78593664361466,5888.076371711419,2171.744116125778,,,,,
1280,5913.553296324974,83.63951413502166,1213.033944461878,0.0,40565.78737866607,-1.176493265509531,2.489694590249755,81.72180851070948,5.6018011187985994e-05,3.4310379803064754,0.187059572329123,0.187059572329123,1.39371843631639e-35,70879688.79598086,52.10526939993724,1.0,4.806059887117338,838.7403706639919,83.63951413502166,5829.913782189953,0.0,128.20347481693008,24.387774958478587,1e-12,5.256874603575067,1000.0
1281,5765.665399937314,41.296487440057824,1191.0731549229024,0.0,40347.735375145785,-0.8372607929760796,2.2905151890793447,32.80392137373764,0.00010960709943234892,2.615731252050929,0.187059572329123,0.187059572329123,1.3956132852377366e-35,6.998796193624863e-24,52.13658439996652,1.0,4.806059887117338,838.7403706639919,41.296487440057824,5724.368912497256,0.0,,,,,
1282,5682.1254215132485,79.09326034992556,1165.8265383213954,0.0,39889.72676031097,-1.020519298757499,2.5042081358173647,57.45858834103956,0.00018815501849647753,3.6740041110951,0.187059572329123,0.187059572329123,1.3902619064311895e-35,5.233321875893167e-13,52.16564349993132,1.0,4.806059887117338,838.7403706639919,79.09326034992556,5603.032161163323,0.0,,,,,
1283,5469.1800800930305,0.8938328662542748,1137.7898685541847,0.0,39965.375197892994,0.8788731448948368,0.8941378348089669,1.198789461037336,8.354477452503922e-05,3.1210745707327994,0.187059572329123,0.187059572329123,1.3929746556507546e-35,1.400234939034618e-35,52.19765159999952,1.0,4.806059887117338,838.7403706639919,0.8938328662542748,5468.286247226776,0.0,,,,,
1284,5439.9900448760845,118.01600048752577,1107.3465935483098,0.0,38598.4369125245,-1.8745034264787164,3.1857259784596064,75.51208305418102,0.00029723238577482325,3.5358858271438733,0.187059572329123,0.187059572329123,1.3985914096922812e-35,2320.5859608320643,52.22839149995707,1.0,4.806059887117338,838.7403706639919,118.01600048752577,5321.9740443885585,0.0,,,,,
1285,5167.516362906104,0.743201392273812,1075.0538451181988,0.0,39050.53345577147,0.7647582585133491,0.7870065944486054,1.1908863139347667,0.00023378499400965314,3.722665263370291,0.187059572329123,0.187059572329123,1.4001005358191344e-35,1.6011045838132039e-35,52.259545899927616,1.0,4.806059887117338,838.7403706639919,0.743201392273812,5166.773161513831,0.0,,,,,
1286,5004.8179645318205,0.9254955705898896,1041.1631537039693,0.0,38517.109059742535,0.8998336216202673,0.9207548174376272,1.1983718281660913,0.0007104103194625275,3.1810804059663003,0.187059572329123,0.187059572329123,1.408947966591102e-35,1.467398273068265e-35,52.290020199958235,1.0,4.806059887117338,838.7403706639919,0.9254955705898896,5003.89246896123,0.0,,,,,
1287,25693.03764815552,159.76047666274616,1006.0399987496791,24.67770649012705,547369.6552541002,-2.337749840180275,3.6942602354276772,72.649658590545,0.0,3.5318548620723234,0.187059572329123,0.187059572329123,1.4167415235993297e-35,794696384.2159574,52.31895800004713,1.0,4.806059887117338,838.7403706639919,159.76047666274616,4835.08848282641,20698.188688666363,,,,,
1288,5938.557866372297,409.5725088517725,1045.3141268336278,0.6022639195350068,8290.091932440171,-8.13848817680881,9.206698717787091,80.63047615566178,0.0010543786678656325,3.701103020998865,0.187059572329123,0.187059572329123,1.4022167098100528e-35,570456224.1477572,52.34958230005577,1.0,4.806059887117338,838.7403706639919,409.5725088517725,5023.842294412184,505.14306310834024,,,,,
1289,5336.610657338937,141.32759742974974,1080.985918181162,0.0,39666.77844977616,-1.9436516332527818,3.395686501389454,82.39345724004555,0.0005677954353984355,3.0015645489581364,0.187059572329123,0.187059572329123,1.377942349694366e-35,110858532.938901,52.37898849998601,1.0,4.806059887117338,838.7403706639919,141.32759742974974,5195.283059909188,0.0,,,,,
1290,5814.9133117069705,124.93728088903786,1108.3867752142135,0.0003889038074669145,42109.467614436,-1.6709167123023883,2.9799877175973637,82.60253564136401,9.605245729089884e-05,3.4531507705029383,0.187059572329123,0.187059572329123,1.360154154620056e-35,470197044.70018286,52.417654500110075,1.0,5.133268307600024,846.8033521307923,124.93728088903786,5689.646705770114,0.32932504781941146,270.0349691940948,23.79114870058739,0.00024977959495202595,11.350228296771052,1000.0
1291,6011.772918280486,211.7823274058118,1127.6912620877029,0.013283809533927929,42308.508937903774,-3.5164290135260567,4.855483195467666,81.04668525466062,6.136970688956633e-06,3.7311141445231493,0.187059572329123,0.187059572329123,1.3502565276306285e-35,581639384.8246434,52.44816190004349,1.0,5.133268307600024,846.8033521307923,211.7823274058118,5788.741816432277,11.248774442397147,,,,,
1292,5852.7947562213685,3.6061056545170582,1139.4667685511154,0.0,43459.89050217128,0.5906459915742441,1.0243048953984115,19.12275043476068,0.0,3.694543160041688,0.187059572329123,0.187059572329123,1.3351321423368585e-35,6.197079820776502e-32,52.48107960005291,1.0,5.133268307600024,846.8033521307923,3.6061056545170582,5849.188650566852,0.0,,,,,
1293,32888.51013888958,296.6202956666992,1144.1465732349168,31.552400486317516,773887.1795559524,-5.198547005877926,6.432667418891812,83.58015126548943,0.0002811215981576298,2.7131805889699363,0.187059572329123,0.187059572329123,1.3295690793030138e-35,787072455.4410967,52.513045199913904,1.0,5.133268307600024,846.8033521307923,296.6202956666992,5873.211343635968,26718.678499586913,,,,,
1294,7360.0727045195,182.2511764578248,1254.6036809734446,0.8710454582712075,10791.114853537121,-3.405582801227464,4.631200004208672,72.29008880281192,0.0,3.168384971198854,0.187059572329123,0.187059572329123,1.3014102214984148e-35,682585944.1574718,52.54595710011199,1.0,5.133268307600024,846.8033521307923,182.2511764578248,6440.217314139314,737.6042139223607,,,,,
1295,6978.750169099262,0.6798369772400844,1359.3815701763901,0.0,47266.258114845805,0.6732538267207888,0.7140446306423087,1.1956251632737394,0.000113053947762079,3.6798943597831073,0.187059572329123,0.187059572329123,1.278168146018596e-35,1.2796998561399708e-35,52.575529699912295,1.0,5.133268307600024,846.8033521307923,0.6798369772400844,6978.070332122022,0.0,,,,,
1296,7747.734767999707,306.04419119951086,1449.6983463308268,0.0,48977.498471581726,-4.642803950541115,5.9567228053467804,82.12255768616942,0.0,2.738407166263334,0.187059572329123,0.187059572329123,1.2552827670971273e-35,260607924.29112494,52.61132899997756,1.0,5.133268307600024,846.8033521307923,306.04419119951086,7441.690576800196,0.0,,,,,
1297,7916.657874118623,86.54243021153253,1525.3664867496345,0.0,48853.85755596556,-1.1969144211060117,2.7650449302039872,66.20020929540256,0.00017497068590778542,3.513945648466808,0.187059572329123,0.187059572329123,1.2337092583597263e-35,0.00010189666159495889,52.64750949991867,1.0,5.133268307600024,846.8033521307923,86.54243021153253,7830.115443907091,0.0,,,,,
1298,8299.579675668272,153.40131452063488,1586.9379648608801,0.0,50079.00365756451,-2.288717690890986,3.628252450234883,79.84322387233603,0.0024677741560858446,3.3274248888807385,0.187059572329123,0.187059572329123,1.22143106065477e-35,0.5924814299470093,52.67646250012331,1.0,5.133268307600024,846.8033521307923,153.40131452063488,8146.178361147637,0.0,,,,,
1299,8671.040297456431,186.70037932187208,1635.0053938125989,0.1079572336259819,43644.31091167644,-3.5995303028383403,4.890611976129038,80.1649556308142,7.565075823404155e-05,3.732306468076585,0.187059572329123,0.187059572329123,1.2105275237956286e-35,629928857.1965997,52.706403699936345,1.0,5.133268307600024,846.8033521307923,186.70037932187208,8392.92137081331,91.41854732124857,,,,,
1300,8153.064804937896,0.7606357517774501,1671.69961619363,0.0,48316.91480195851,0.8233451542631876,0.8258970078116327,1.1964902272675169,8.535356782864156e-05,3.63972694837277,0.187059572329123,0.187059572329123,1.2043205676088223e-35,1.5484767551571812e-35,52.744865299900994,1.0,4.876656123035116,854.4631845242526,0.7606357517774501,8152.304169186119,0.0,0.02903672011153669,28.339115880180255,1e-12,0.00102461630187427,1000.0
1301,10882.926776090962,173.92174605118223,1697.046391728952,2.84751104179501,82759.3627842321,-3.9370628166701227,5.1165112283431124,77.64602250545676,0.00028518765030616927,3.2313727631934626,0.187059572329123,0.187059572329123,1.196663535694061e-35,670705903.6487981,53.024545500054955,1.0,4.876656123035116,854.4631845242526,173.92174605118223,8275.911677299644,2433.093352740136,,,,,
1302,8459.140827746702,2.0989677162091476,1734.1886831190036,0.0,48763.98568574377,0.49886433969225275,0.7525617739151825,19.96973600824635,0.0014954003197454949,3.7110984667200344,0.187059572329123,0.187059572329123,1.1842417159889019e-35,4.710550803564831e-33,53.05620329990052,1.0,4.876656123035116,854.4631845242526,2.0989677162091476,8457.041860030493,0.0,,,,,
1303,9008.76432315244,426.9331371147594,1759.7778005098603,0.0,47736.93554564213,-8.401558968417298,9.393247245226759,83.5725426310279,0.0,3.553433392997241,0.187059572329123,0.187059572329123,1.1795313718221091e-35,306407053.44168377,53.085005700122565,1.0,4.876656123035116,854.4631845242526,426.9331371147594,8581.83118603768,0.0,,,,,
1304,8656.742837921378,0.7862723049177464,1774.9778428562227,0.0,49087.45652884445,0.8028476185130786,0.8163066485764856,1.199135635612706,0.0,3.708489275773521,0.187059572329123,0.187059572329123,1.168873597995127e-35,1.1845657594319685e-35,53.11572170001455,1.0,4.876656123035116,854.4631845242526,0.7862723049177464,8655.95656561646,0.0,,,,,
1305,8797.73208479519,114.70191546199547,1780.529516592013,0.0,48553.25557185377,-1.528431444345645,3.077049829342055,76.16171803848208,0.00025755068452008867,2.4341113930230094,0.187059572329123,0.187059572329123,1.1671217145899815e-35,2869.1890717984115,53.14491629996337,1.0,4.876656123035116,854.4631845242526,114.70191546199547,8683.030169333195,0.0,,,,,
1306,8960.578370718882,292.5486507362926,1777.4535463016841,0.0,48705.209688123774,-5.435448008672084,6.52500732177198,84.8513543324332,0.0,3.7066191112237683,0.187059572329123,0.187059572329123,1.1709944636910504e-35,467900786.7842737,53.175271099898964,1.0,4.876656123035116,854.4631845242526,292.5486507362926,8668.029719982589,0.0,,,,,
1307,8679.176086263633,64.1794980376632,1766.57864956535,0.0,48698.804004007914,-0.7105852657540479,2.186420253266624,60.00694164917584,1.18231116812903e-05,3.1941190251108296,0.187059572329123,0.187059572329123,1.1680955794917411e-35,6.643800958363503e-09,53.216078700032085,1.0,4.876656123035116,854.4631845242526,64.1794980376632,8614.99658822597,0.0,,,,,
1308,8650.54683021628,122.59406151946251,1748.7295707430812,0.0,48907.006249831284,-1.9238438443749644,3.2009387483723466,81.52226757634436,0.00014107757980237612,2.8358996894045987,0.187059572329123,0.187059572329123,1.173742402731594e-35,1369188.9649137962,53.2505405000411,1.0,4.876656123035116,854.4631845242526,122.59406151946251,8527.952768696818,0.0,,,,,
1309,9486.91360987736,154.28418410294194,1724.6207394752118,1.0793292834644057,17873.985565227176,-1.979603750609638,3.5845100865518083,79.39626188275665,0.0001393424480615607,3.4777593661680335,0.187059572329123,0.187059572329123,1.1838091797563968e-35,659294718.0611992,53.28578560007736,1.0,4.876656123035116,854.4631845242526,154.28418410294194,8410.382289075142,922.2471366992759,,,,,
1310,8444.490796932487,164.7284887730096,1706.0635823854857,0.0,48689.21821798659,-2.128348722359369,3.708756434953809,82.97667059647509,0.0,3.5525332953344955,0.187059572329123,0.187059572329123,1.1804874369544764e-35,20887176.488956634,53.330671600066125,1.0,4.853138179400316,861.7400252980399,164.7284887730096,8279.762308159477,0.0,125.63358891646911,28.51228180459218,1e-12,4.406297250339136,1000.0
1311,8269.518021430018,99.30877029743992,1681.4083307573162,0.011723124928537913,47159.147306109495,-1.459725205541208,2.9084577961324647,82.0779757586277,0.00028684446112182266,3.731117914941062,0.187059572329123,0.187059572329123,1.1896010020032492e-35,566000463.3605402,53.364540100097656,1.0,4.853138179400316,861.7400252980399,99.30877029743992,8160.1069651600865,10.102285972490343,,,,,
1312,8016.986852619751,1.3702902586102002,1651.6357593905557,0.0,47973.40916919338,0.7018792643867431,0.9414126867227485,8.164861553884544,1.4949697057529965e-05,3.384604166298476,0.187059572329123,0.187059572329123,1.1902186969894028e-35,2.0213467570851273e-34,53.397950399899855,1.0,4.853138179400316,861.7400252980399,1.3702902586102002,8015.6165623611405,0.0,,,,,
1313,8090.487100246283,241.9393967973015,1617.2108465328708,0.0,47402.72443441983,-3.9694209699959515,5.408286203895343,83.76661042926175,9.028230052896685e-05,3.6539752268419043,0.187059572329123,0.187059572329123,1.2001707477857001e-35,60173397.50766902,53.43245969992131,1.0,4.853138179400316,861.7400252980399,241.9393967973015,7848.547703448981,0.0,,,,,
1314,7919.427931738798,257.1607214546799,1578.8273333752295,0.0,46412.409451421474,-4.9412968018643895,6.11074291526592,83.77114472984294,0.00019761808731156433,3.3345483086028613,0.187059572329123,0.187059572329123,1.204347230204529e-35,23601946.802710906,53.465722399996594,1.0,4.853138179400316,861.7400252980399,257.1607214546799,7662.267210284118,0.0,,,,,
1315,7577.857671321477,117.56605148962936,1537.2098102415225,0.0,46790.81157847505,-1.8676958868839832,3.2292474089574923,84.3773451940926,4.997609480932724e-05,3.5298680086101837,0.187059572329123,0.187059572329123,1.2171937001244495e-35,436139272.90980065,53.49927260004915,1.0,4.853138179400316,861.7400252980399,117.56605148962936,7460.291619831848,0.0,,,,,
1316,7359.129004944735,114.33425910342848,1492.806196327284,0.0,45867.63159405064,-1.7330099985418812,2.877195803341815,74.98873827761358,0.0,3.462241034631821,0.187059572329123,0.187059572329123,1.2247758618352892e-35,22879796.95509009,53.53226440004073,1.0,4.853138179400316,861.7400252980399,114.33425910342848,7244.794745841306,0.0,,,,,
1317,7020.01301063655,1.1389139333942535,1446.2547401793638,0.0,45651.24906909849,0.6587241931466201,0.7806569808483367,11.33668001965818,8.693752754367762e-05,3.5060698341254657,0.187059572329123,0.187059572329123,1.2405381145752904e-35,6.06275180876054e-34,53.565027999924496,1.0,4.853138179400316,861.7400252980399,1.1389139333942535,7018.874096703155,0.0,,,,,
1318,6785.646334457521,0.8045853263070605,1398.031850387081,0.0,44950.3751795407,0.8264214430406486,0.8310692215862975,1.1913091324673248,0.000560375125088941,3.675013956784935,0.187059572329123,0.187059572329123,1.25133872086822e-35,1.2584884693945012e-35,53.59741139994003,1.0,4.853138179400316,861.7400252980399,0.8045853263070605,6784.841749131214,0.0,,,,,
1319,6944.652584589283,398.2829806780034,1348.6475397662546,0.0013887461209066245,45516.87307131498,-7.1017180512663405,8.269305448820974,82.81745449429486,0.0,3.0576588842362447,0.187059572329123,0.187059572329123,1.2659632372734264e-35,532155700.9806853,53.6296814000234,1.0,4.853138179400316,861.7400252980399,398.2829806780034,6545.172865793917,1.1967381173626293,,,,,
1320,6315.845738342184,144.18335355266836,1298.3756673685814,0.0029810900943639867,42298.58411321876,-1.858214340260863,3.428620689007559,80.95696489597255,0.0002404072796563239,3.729573159380698,0.187059572329123,0.187059572329123,1.280987069429553e-35,502430384.20541865,53.67255300004035,1.0,4.751377437908239,868.6530240331379,144.18335355266836,6169.072851864131,2.589532925384509,71.74905112484423,25.461675930993163,0.0011605327887071462,2.8179233495587725,1000.0
1321,6000.298505520504,70.52736238216382,1248.0109653736286,0.0,41144.04827167426,-0.7154437652658747,2.2693308701908705,61.98790493765998,0.00014402190306679608,3.725725876881315,0.187059572329123,0.187059572329123,1.2935149154906956e-35,5.866466590422346e-10,53.70438180002384,1.0,4.751377437908239,868.6530240331379,70.52736238216382,5929.7711431383395,0.0,,,,,
1322,5994.046080700926,226.10526180111773,1197.92053795189,0.08768541680157803,35624.23714813958,-4.158001440094256,5.398126019921182,84.11569938614615,0.0,3.732702246809763,0.187059572329123,0.187059572329123,1.3098204523911993e-35,599694397.7497936,53.736426499905065,1.0,4.751377437908239,868.6530240331379,226.10526180111773,5691.772616431511,76.16820246829687,,,,,
1323,5476.7517101457015,17.2038406570517,1149.0452907256674,0.0,39551.71548083021,0.11765021058217336,1.5435487642901113,26.39529994589377,0.0005356602728033566,3.5418090449067794,0.187059572329123,0.187059572329123,1.3213490393405387e-35,3.546077117856198e-29,53.76662739994936,1.0,4.751377437908239,868.6530240331379,17.2038406570517,5459.54786948865,0.0,,,,,
1324,5231.029994128657,0.7456727592514589,1100.7932730496782,0.0,38776.60762526914,0.7639788811761713,0.8047101921978527,1.1748363616868402,0.0,3.4822145072981168,0.187059572329123,0.187059572329123,1.334420741317738e-35,1.7201739587450114e-35,53.79486329993233,1.0,4.751377437908239,868.6530240331379,0.7456727592514589,5230.284321369405,0.0,,,,,
1325,75710.59558537105,77.65650917678505,1053.3334605533676,81.30767093770322,1714631.5466784483,-1.2702851381575155,2.5939005000618423,72.9648877973452,0.0004927786339375614,3.689580434708524,0.187059572329123,0.18705957232912304,1.3467663377172353e-35,760484824.6728598,53.82292969990522,1.0,4.751377437908239,868.6530240331379,77.65650917678505,5004.784839067079,70628.15423712718,,,,,
1326,5959.467193280445,161.14912474795122,1220.3446567455105,0.0,40492.612473025874,-2.189419021694231,3.6347790343998962,83.27681967952901,0.00118276674980098,3.7067745165419415,0.187059572329123,0.187059572329123,1.3420867392538937e-35,4605820.27003329,53.853083699941635,1.0,4.751377437908239,868.6530240331379,161.14912474795122,5798.318068532493,0.0,,,,,
1327,6540.826968322677,14.242496789655018,1373.6194517954998,0.0,42404.77651086047,0.15572645403792168,1.1273757715032535,44.70610473999764,0.0004544061023627477,3.720936577936632,0.187059572329123,0.187059572329123,1.344336361403411e-35,1.1908243915077768e-20,53.889044699957594,1.0,4.751377437908239,868.6530240331379,14.242496789655018,6526.584471533022,0.0,,,,,
1328,7231.951243037972,50.07408452110621,1511.5358130080774,0.0,43772.724902643655,-0.6364220889041325,1.988498546300175,55.596460414805115,0.0035473816582787393,3.7000872549370794,0.187059572329123,0.187059572329123,1.341489049949261e-35,7.305871500246069e-20,53.92824909999035,1.0,4.751377437908239,868.6530240331379,50.07408452110621,7181.877158516866,0.0,,,,,
1329,7981.240644133598,221.32342110368796,1633.193179122844,0.0,44709.00038825902,-4.2876217956962295,5.451255905112696,75.17094742485396,0.0,3.6372434069641515,0.187059572329123,0.187059572329123,1.3339755428694283e-35,161681.22480969626,53.96152779995464,1.0,4.751377437908239,868.6530240331379,221.32342110368796,7759.91722302991,0.0,,,,,
1330,7847.708648090241,0.7425800780352514,1738.4164685832354,0.0,44033.19052039757,0.8143283635228908,0.8143283635228908,1.1868102547585628,1.768357098162754e-05,2.174691254181845,0.187059572329123,0.187059572329123,1.3487414541382882e-35,1.351320827282671e-35,54.00012840004638,1.0,4.513858566012827,875.220372831481,0.7425800780352514,7846.966068012205,0.0,0.0006344576110259147,28.135359448583998,1e-12,0.001,1000.0
1331,8251.288005955057,0.8459464585109582,1827.8025194715642,0.0,44613.36270021686,0.8690597461228542,0.8690597461228542,1.197750111227364,0.0,3.642663749442441,0.187059572329123,0.187059572329123,1.3467707901044952e-35,1.3580088972974475e-35,54.02991069993004,1.0,4.513858566012827,875.220372831481,0.8459464585109582,8250.442059496547,0.0,,,,,
1332,8586.661766228077,0.9021141319703061,1902.088762094304,0.0,45003.10068669138,0.8897970915914946,0.8897970915914946,1.1923039884925375,0.0005592991558060062,3.7142691120084743,0.187059572329123,0.187059572329123,1.3633897572034593e-35,1.3647676932006785e-35,54.05816329992376,1.0,4.513858566012827,875.220372831481,0.9021141319703061,8585.759652096107,0.0,,,,,
1333,8960.021318941692,102.79435960144433,1962.2296157063683,0.0,44902.27749730245,-1.6983409515590078,2.976516183247325,79.99732989904976,0.0005141827288420442,3.0345994849194255,0.187059572329123,0.187059572329123,1.359879653048106e-35,138158473.43075475,54.08700429997407,1.0,4.513858566012827,875.220372831481,102.79435960144433,8857.226959340247,0.0,,,,,
1334,9275.442089750672,205.37193371482894,2009.3327627808146,0.0002585095073979515,44647.448063804695,-3.533570618150488,4.89930845155976,79.68931979787492,0.0001343870657063012,2.2331340818682044,0.187059572329123,0.187059572329123,1.3731015183403764e-35,279635289.81831366,54.11734170001,1.0,4.513858566012827,875.220372831481,205.37193371482894,9069.843903248398,0.22625278744531757,,,,,
1335,9229.559218365835,0.7263362606807214,2044.5551731713097,0.0,45485.57922743459,0.771242408493232,0.8118191621067876,1.1972248293971017,0.000285534759127494,3.3475146281369748,0.187059572329123,0.187059572329123,1.394627375087745e-35,1.4002445919937514e-35,54.145490099908784,1.0,4.513858566012827,875.220372831481,0.7263362606807214,9228.832882105155,0.0,,,,,
1336,9491.836562641809,153.51774517336932,2068.810681792617,0.0,45248.462400896206,-2.2529197498145623,3.598800755281887,79.17613759249998,0.002027958131330651,3.411336235824071,0.187059572329123,0.187059572329123,1.4004549846940197e-35,1790512.6054838728,54.18958989996463,1.0,4.513858566012827,875.220372831481,153.51774517336932,9338.31881746844,0.0,,,,,
1337,9418.026755143019,14.957428509319092,2083.155506340909,0.0,45372.74071148435,0.14125778550934923,1.4600064902759664,25.014954477107253,5.208963956295637e-05,3.097410839438457,0.187059572329123,0.187059572329123,1.4163221264390287e-35,1.1516312961903972e-25,54.2311805000063,1.0,4.513858566012827,875.220372831481,14.957428509319092,9403.0693266337,0.0,,,,,
1338,9740.156580408797,275.52870360042,2088.535927710718,0.042585947771331414,43251.2375371427,-5.451354153748767,6.684300415792969,78.97611765172508,0.0015964385810956216,3.667820492549999,0.187059572329123,0.187059572329123,1.44056899786495e-35,215284812.41766214,54.26948289992288,1.0,4.513858566012827,875.220372831481,275.52870360042,9427.35578772257,37.272089085806655,,,,,
1339,9675.41052891959,244.41143266830773,2086.2932614095507,0.01572905230531529,44109.585489128265,-5.063251701829517,6.157349011440074,78.74052518341303,4.470965532239052e-05,3.686570834288505,0.187059572329123,0.187059572329123,1.449729745453921e-35,355424146.7806744,54.30378989991732,1.0,4.513858566012827,875.220372831481,244.41143266830773,9417.232709228338,13.766387022943913,,,,,
1340,9830.094604268448,186.64335766629569,2077.027809514268,1.5074588262503996e-05,45965.349638024054,-3.4520066911648293,4.622473151340352,77.90244847744313,0.00016784418356672465,3.625966473772676,0.187059572329123,0.187059572329123,1.4759647125615894e-35,47884799.08441085,54.35217209998518,1.0,4.642902668318401,881.4593541899069,186.64335766629569,9643.437958965318,0.013287636834545523,207.1968666172162,29.204290606922847,2.728368661030189e-05,7.0947406121243155,1000.0
1341,9669.625302605486,99.58093548669277,2061.1444646282766,0.0003984670476249016,46768.49640935188,-1.6391619161819904,3.218796559630046,76.59907142626149,0.00025695570671735446,3.2211623875569293,0.187059572329123,0.187059572329123,1.4842658182259934e-35,92992501.3950665,54.38755979994312,1.0,4.642902668318401,881.4593541899069,99.58093548669277,9569.693134612327,0.3512325064654046,,,,,
1342,9468.895340050463,0.7956787634997943,2039.263008008778,0.0,45881.858030736854,0.8174575829529795,0.8303641014020592,1.1993423209965872,0.00086198361050948,3.60152593983918,0.187059572329123,0.187059572329123,1.5219551812005483e-35,1.529334593516756e-35,54.4215057999827,1.0,4.642902668318401,881.4593541899069,0.7956787634997943,9468.099661286964,0.0,,,,,
1343,9343.32901162441,0.6407853471633795,2012.2494106356141,1.1422324782049975e-05,45532.211980561624,0.6795945128731301,0.7179485203858913,1.1798968997130586,0.00025309135913222786,3.450270552290999,0.187059572329123,0.187059572329123,1.5494434623553247e-35,1.5522651376601425e-35,54.46893740002997,1.0,4.642902668318401,881.4593541899069,0.6407853471633795,9342.678157962222,0.010068315025733141,,,,,
1344,9278.783225610436,81.67515427274664,1980.8209673004787,0.00039606681306487155,44747.313377292056,-1.1922408722835665,2.8713829801631343,56.4066099018953,0.0,3.367699364204679,0.187059572329123,0.187059572329123,1.5496597260990314e-35,3.01225041686341e-07,54.51237859996036,1.0,4.642902668318401,881.4593541899069,81.67515427274664,9196.758954540428,0.34911679726021627,,,,,
1345,9035.764659139748,0.8450028197035144,1945.7300046597206,0.0012304887946281244,44618.32770406551,0.8282864288050913,0.8604017182916738,1.2019110520169098,0.00011823058871423403,3.604339333438935,0.187059572329123,0.187059572329123,1.5815178720134043e-35,1.7625634345605603e-35,54.5539579000324,1.0,4.642902668318401,881.4593541899069,0.8450028197035144,9033.835030461792,1.0846258582508235,,,,,
1346,8860.672662775056,1.7610779198612803,1907.5623882058048,0.0025923857518545543,44032.105683025395,0.6472147148039337,0.9214933673452534,9.896517362343637,0.0,3.1851321260522547,0.187059572329123,0.187059572329123,1.5985844524870876e-35,4.882514497189176e-34,54.59022059990093,1.0,4.642902668318401,881.4593541899069,1.7610779198612803,8856.626502184552,2.285082670640832,,,,,
1347,8672.564900954345,0.7441234934138821,1866.9384910142148,0.004319060120703853,43425.21088664124,0.7836906968917583,0.8072152673153836,1.1836676920406868,5.667757030736881e-05,3.1965094492872383,0.187059572329123,0.187059572329123,1.6215795033991115e-35,2.179176785515877e-35,54.62670039990917,1.0,4.642902668318401,881.4593541899069,0.7441234934138821,8668.013701516227,3.807075944702999,,,,,
1348,8543.008100759585,66.71247577721186,1824.4262459362785,0.006423596899606182,42386.520534538395,-0.9395815505454677,2.4484010219939645,61.75946556727162,0.0004845686138648872,3.6784786409457433,0.187059572329123,0.187059572329123,1.6453981948851862e-35,4.676590390722467e-09,54.65568309999071,1.0,4.642902668318401,881.4593541899069,66.71247577721186,8470.63348540767,5.662139574703153,,,,,
1349,8391.5017404108,116.08031689470677,1780.6064603955933,0.009346928229020567,41640.34931413467,-2.632745232229096,3.8772583895938175,68.40277020944856,5.024202649156484e-05,3.4969209079535384,0.187059572329123,0.187059572329123,1.673165331699266e-35,2139563.7920293794,54.684045100118965,1.0,4.642902668318401,881.4593541899069,116.08031689470677,8267.182486195683,8.23893732041188,,,,,
1350,7669.426320444861,0.902474674666668,1735.9398292471024,0.010793071505301555,39133.87575291241,0.8475356307601358,0.8892629312514729,2.610349992284785,0.00013896831229074508,3.643311676763459,0.187059572329123,0.187059572329123,1.690281742949533e-35,4.903595764040814e-35,54.72376379999332,1.0,4.412168644152508,858.3805848150439,0.902474674666668,7659.259282739523,9.264563030671335,0.7359469250359129,26.076893940770177,0.0017527388121838445,0.028222185000541394,419.8839666926481
1351,7660.765246992316,185.53093044842905,1691.074341048657,0.016227224012924438,38698.54171584354,-2.6203795565365686,4.205027455691401,77.64433855892862,0.0008694192894037403,3.5121673098068924,0.187059572329123,0.187059572329123,1.70260537841169e-35,6273243.979111255,55.00254989997484,1.0,4.412168644152508,858.3805848150439,185.53093044842905,7461.305182505748,13.929134038138802,,,,,
1352,7357.432490639924,77.00790777981133,1646.2661211685422,0.019595996702702,37055.617336865515,-1.3987955639660576,2.7042402477569194,72.7907104894739,0.00015265146306474298,3.634908144830345,0.187059572329123,0.187059572329123,1.7163435133367296e-35,63248957.41042832,55.03161760000512,1.0,4.412168644152508,858.3805848150439,77.00790777981133,7263.603759750415,16.820823109699017,,,,,
1353,15813.786149953543,239.2501737926393,1601.887949590917,9.910215053807468,202690.6790538217,-5.157741841237536,6.361794056316225,73.63004344086157,5.033554253054684e-06,2.832149046492883,0.187059572329123,0.187059572329123,1.7332389235549606e-35,471260533.682441,55.06104260007851,1.0,4.412168644152508,858.3805848150439,239.2501737926393,7067.799782630797,8506.736193530107,,,,,
1354,7219.776182089026,186.35322429207193,1590.2609158553591,0.019715740474647768,36640.79728950889,-2.570165702994244,4.0811676736645515,77.91645374094765,0.00041544499769326226,3.722240853213369,0.187059572329123,0.187059572329123,1.7048808603496367e-35,57367372.52399031,55.095236599911004,1.0,4.412168644152508,858.3805848150439,186.35322429207193,7016.499348958265,16.923608838689784,,,,,
1355,7016.729094358578,59.24909720536072,1574.9451840719892,0.009967885904164768,36429.914758098545,-0.9740434694233913,2.2940712924614477,60.05926334901738,5.3634715806140376e-05,2.666673911427254,0.187059572329123,0.187059572329123,1.6853069674443058e-35,7.042926952284272e-06,55.129905600100756,1.0,4.412168644152508,858.3805848150439,59.24909720536072,6948.92375742143,8.556239731786587,,,,,
1356,6889.8434379009805,16.538999894724093,1556.3550109954876,0.007460163283765818,36342.05064143504,-0.040640556900297005,1.5079734463561498,25.050190265031965,0.0012533137654484258,3.6216084112206604,0.187059572329123,0.187059572329123,1.6641943862883834e-35,1.6465614527617875e-26,55.16283129993826,1.0,4.412168644152508,858.3805848150439,16.538999894724093,6866.900778683922,6.403659322334621,,,,,
1357,6875.474294033033,98.44292676893983,1534.8786637477706,0.005694274292716413,35822.968487834674,-2.313484555184068,3.8732168334815142,55.22884559387089,4.471724490098805e-05,3.128689521090133,0.187059572329123,0.187059572329123,1.65682041003521e-35,1.8295984454467912e-07,55.19436389999464,1.0,4.412168644152508,858.3805848150439,98.44292676893983,6772.143512766614,4.887854497479185,,,,,
1358,6670.755006115845,0.680462220811435,1510.9476543255703,0.004099207957655712,36033.627245499534,0.7524605981116744,0.7604355559541269,1.19931352057042,0.0003532049133772794,3.56020047225576,0.187059572329123,0.187059572329123,1.6313095560951334e-35,1.6520990020264923e-35,55.22678659996018,1.0,4.412168644152508,858.3805848150439,0.680462220811435,6666.555863371063,3.518680523970992,,,,,
1359,6633.451202741884,79.28800315624937,1484.8537794637898,0.0031896255956778098,35611.49463834014,-1.0498686449287953,2.4133000322480824,70.34595807969319,0.0012356040308728194,3.6611055509065764,0.187059572329123,0.187059572329123,1.6257122801374722e-35,6.083136046449439e-05,55.258615100057796,1.0,4.412168644152508,858.3805848150439,79.28800315624937,6551.425286901476,2.737912684158951,,,,,
1360,6358.221974865915,33.31747993099283,1456.9603590993581,0.0022611356871537073,34628.74469294699,-0.4690856226477206,2.0365639081206646,36.66491135916187,0.00015696161174879458,2.8773397758105785,0.187059572329123,0.187059572329123,1.6107979483601796e-35,3.0689678163381896e-20,55.301813300000504,1.0,4.339821278894903,865.4615555742917,33.31747993099283,6322.947568925754,1.9569260091685923,69.72721378832627,23.51501146684419,0.0007808815591601232,2.965221339000433,1000.0
1361,6604.127732585298,196.38011306630224,1427.6717274024454,0.24484909386946016,23486.967946794026,-4.035867705827624,5.324035010682855,75.492626053729,2.3072539038247047e-05,3.6759883430959928,0.187059572329123,0.187059572329123,1.595576495294488e-35,405100617.7349,55.333970699924976,1.0,4.339821278894903,865.4615555742917,196.38011306630224,6195.840141857777,211.90747766121873,,,,,
1362,6184.553724084653,107.16475123792974,1398.7281162323977,0.008271806629273492,33497.31989396879,-1.7379107891815833,3.004547544139757,77.43993635160069,0.000951743786034201,3.7304897299997966,0.187059572329123,0.187059572329123,1.5836856829489519e-35,57981336.43056446,55.368110900046304,1.0,4.339821278894903,865.4615555742917,107.16475123792974,6070.230042213943,7.158930632780774,,,,,
1363,5941.485842766989,0.722122680289236,1368.7767934325902,0.0005974452441944861,33601.81177023545,0.7598279029276825,0.7850303185033741,1.1983796168835874,0.00022308916972526432,3.5522053125546855,0.187059572329123,0.187059572329123,1.5732572062119453e-35,1.5867737489225287e-35,55.40032220003195,1.0,4.339821278894903,865.4615555742917,0.722122680289236,5940.246654196289,0.5170658904110225,,,,,
1364,5807.711539442822,0.8243259194008541,1337.9765719065786,0.00035589807359057,33179.16175102328,0.833841096249618,0.8573933078125154,1.1977737408234481,0.0016418299608292122,2.6624737060767067,0.187059572329123,0.187059572329123,1.5670191215628865e-35,1.578390753191077e-35,55.43258080002852,1.0,4.339821278894903,865.4615555742917,0.8243259194008541,5806.579197423026,0.3080161003955884,,,,,
1365,5680.200042028689,9.801826626475606,1306.5486878022994,0.00024312826401746922,32666.099235815596,0.37959412572901885,1.2552349788843034,25.20729577577601,0.0005689555025995899,3.315326302704033,0.187059572329123,0.187059572329123,1.5659910641234217e-35,3.603137615192696e-27,55.465440599946305,1.0,4.339821278894903,865.4615555742917,9.801826626475606,5670.187797236633,0.21041816558063597,,,,,
1366,5913.880937293193,375.75143968725666,1274.698390453054,0.00712486707811959,31927.37742065175,-6.913912249942181,8.081632158040392,78.48681385077752,0.0013264887458241462,3.6503867556701595,0.187059572329123,0.187059572329123,1.5637513317910773e-35,34969906.755983286,55.49757619993761,1.0,4.339821278894903,865.4615555742917,375.75143968725666,5531.963199061247,6.166298544689439,,,,,
1367,5613.1508568126055,130.59446369476655,1242.6441171076353,0.10364759823563627,27288.16898657829,-1.9236744611832455,3.4512091260736666,77.44990169403378,0.0,3.644447617147027,0.187059572329123,0.187059572329123,1.5516349095635795e-35,395319753.4754642,55.529959900071844,1.0,4.339821278894903,865.4615555742917,130.59446369476655,5392.853381517286,89.70301160055297,,,,,
1368,5363.72905052815,106.4730941326362,1211.0235999055417,0.001883351456846847,31247.199154598733,-1.5034470094311077,2.8653737807145863,77.93603068859511,0.00013494079847453655,3.7291205748494987,0.187059572329123,0.187059572329123,1.5504551142101417e-35,73474396.5604967,55.56265740003437,1.0,4.339821278894903,865.4615555742917,106.4730941326362,5255.625988113978,1.6299682815357805,,,,,
1369,6584.536236013542,204.80806223784313,1179.3452961558696,1.457696594641575,41823.08488816099,-3.7267733470231783,5.039833648083601,74.10531359918984,0.0001263285034243805,3.716265937860793,0.187059572329123,0.187059572329123,1.5492017256065167e-35,474608682.10266423,55.59491760004312,1.0,4.339821278894903,865.4615555742917,204.80806223784313,5118.147811421854,1261.5803623538452,,,,,
1370,5070.429193095647,73.75898703265376,1155.219971512103,0.18998731316369538,20858.459974796002,-1.5742809613469924,2.8170665221970252,66.75107616842494,1.4618214335643948e-05,3.7036370992368832,0.187059572329123,0.187059572329123,1.5361035952639626e-35,425882800.04482055,55.63643640000373,1.0,4.183738584997008,860.751354211542,73.75898703265376,4833.13836897433,163.5318370886631,25.262375070618518,20.738016015850395,0.03275478571427301,1.2181674009370078,771.2575283192999
1371,15177.273627562005,339.69311004907553,1131.3328036273308,11.739022849124819,247196.54922358264,-6.87128438895108,8.068183407748533,76.61096578681251,0.0,3.3639308382176765,0.187059572329123,0.187059572329123,1.5235589189104326e-35,579122858.77903,55.66580309998244,1.0,4.183738584997008,860.751354211542,339.69311004907553,4733.200703008507,10104.379814504422,,,,,
1372,4895.294255725336,137.58021263694422,1135.9468758967384,0.006052000809422053,30194.999069105885,-2.1562508972698424,3.6022818129545455,78.57853905302555,0.0,3.3533164591807387,0.187059572329123,0.187059572329123,1.4856686575584012e-35,270509422.40314686,55.69606369989924,1.0,4.183738584997008,860.751354211542,137.58021263694422,4752.504775195993,5.20926789239938,,,,,
1373,34339.64423623357,73.96007184139641,1136.9623820350125,34.2827584674702,347818.33907789853,-1.339332083964226,2.6212511753270706,71.01769602274106,0.00015005912384879333,3.7048477264024497,0.187059572329123,0.187059572329123,1.4565442379209983e-35,669757178.4621453,55.72641199990176,1.0,4.183738584997008,860.751354211542,73.96007184139641,4756.753387409991,29508.930776982183,,,,,
1374,4933.412282708523,6.06415039400602,1177.7380522731778,0.0,31074.965614916266,0.3971804955769142,1.0553157853560884,19.83371782840033,6.569098077024299e-05,3.709699602593984,0.187059572329123,0.187059572329123,1.3935344184229283e-35,2.062587819647916e-31,55.75529849994928,1.0,4.183738584997008,860.751354211542,6.06415039400602,4927.348132314517,0.0,,,,,
1375,5101.913350039945,27.356150605817177,1212.9240621370604,0.0,31963.536181803593,-0.27368785534703116,1.5354455630758965,47.714400900541655,0.0007501020826657517,3.728604537815929,0.187059572329123,0.187059572329123,1.3423445932935088e-35,4.986639852581994e-19,55.785160599974915,1.0,4.183738584997008,860.751354211542,27.356150605817177,5074.557199434128,0.0,,,,,
1376,5263.290231568721,65.55262259460187,1242.3667261652859,0.0,32925.52547682975,-0.6441403267840077,1.957184846519166,67.24926590108038,0.0001154208017229777,3.6176179533384674,0.187059572329123,0.187059572329123,1.2954543887223777e-35,0.019033092624791758,55.81409809994511,1.0,4.183738584997008,860.751354211542,65.55262259460187,5197.737608974118,0.0,,,,,
1377,5403.577513773512,107.09529210435007,1265.9687296578425,0.0,33277.14553219386,-1.3308573419408576,2.8872018317057937,64.7031661849635,0.00024639259176972156,3.6982356435995793,0.187059572329123,0.187059572329123,1.2603356292971535e-35,2.517752333123233e-06,55.843892300035805,1.0,4.183738584997008,860.751354211542,107.09529210435007,5296.482221669162,0.0,,,,,
1378,21435.071580764918,130.2322996322955,1283.808075298948,18.51141078409239,309598.823259909,-1.6201501850832387,3.149672885881334,73.8429628374952,0.0,3.692975203960947,0.187059572329123,0.187059572329123,1.2291475873765295e-35,753326534.3046542,55.88078129990026,1.0,4.183738584997008,860.751354211542,130.2322996322955,5371.117380358954,15933.721900773668,,,,,
1379,5946.3487049590285,172.92802372964005,1341.823078046921,0.1854004580814324,24031.478846166563,-2.96813243580269,4.213884926800289,81.36093313145116,0.0,3.708367739838552,0.187059572329123,0.187059572329123,1.178714644455218e-35,629805133.9805377,55.909755599917844,1.0,4.183738584997008,860.751354211542,172.92802372964005,5613.8369858643555,159.58369536503318,,,,,
1380,6185.205135387303,71.77660890140596,1393.7916706090282,0.0,38526.72216298656,-0.8534646376327825,2.179122480538901,63.955714210017796,0.00044230389630966344,3.7202467129339487,0.187059572329123,0.187059572329123,1.1358507750145777e-35,7.524005983679428e-10,55.950426700059325,1.0,4.386185292537002,867.7137865009648,71.77660890140596,6113.428526485897,0.0,209.29672679379723,25.422694853852747,1e-12,8.232672735796884,1000.0
1381,6484.46529518967,148.79661478255247,1437.1725327425513,0.03683663317426127,37424.288404536055,-3.0170286470495187,4.173139302926104,75.43225875938624,7.324985608669898e-05,3.7332822655499895,0.187059572329123,0.187059572329123,1.0991591450097199e-35,637555770.0430639,55.97993399994448,1.0,4.386185292537002,867.7137865009648,148.79661478255247,6303.705025953532,31.963654453585303,,,,,
1382,6578.445667261171,121.30504877608949,1472.15409013198,0.0,40553.53704982247,-1.6628274042103253,3.0092672608235813,83.51672120643337,0.0010859384626912688,3.733727825350229,0.187059572329123,0.187059572329123,1.0675043953433511e-35,110733047.7581717,56.00765429995954,1.0,4.386185292537002,867.7137865009648,121.30504877608949,6457.140618485082,0.0,,,,,
1383,17899.949270449513,252.63312238830287,1498.4675984247783,12.763148147231714,277972.45945835375,-5.8511123491458905,7.043187228679489,65.2653717953316,0.00020157344482449324,3.37678813449797,0.187059572329123,0.187059572329123,1.0411574289095693e-35,834125966.3599535,56.0354190999642,1.0,4.386185292537002,867.7137865009648,252.63312238830287,6572.556541554005,11074.759606507205,,,,,
1384,6899.136225612173,36.18601162588108,1564.6740290847838,0.0,41852.395870987915,-0.36560270063335676,1.9837946227329022,41.543376638292166,4.171535018724151e-05,3.733793954747145,0.187059572329123,0.187059572329123,1.003925909580367e-35,1.92644208156784e-20,56.06312830001116,1.0,4.386185292537002,867.7137865009648,36.18601162588108,6862.950213986292,0.0,,,,,
1385,7103.4461953859045,0.916457879728735,1619.2954159029657,0.0,42772.42838669865,0.8794504925046063,0.8990091368745399,1.1927031225405262,0.0009736971115951384,3.733529461787171,0.187059572329123,0.187059572329123,9.728760334825647e-36,9.830785146879201e-36,56.09038110007532,1.0,4.386185292537002,867.7137865009648,0.916457879728735,7102.5297375061755,0.0,,,,,
1386,7293.385970756001,0.8567721539842887,1662.6131164613807,0.0,43161.67790110534,0.8606365522970687,0.8644535678247691,1.1971795844769269,0.00046750712308470804,2.2502828005616182,0.187059572329123,0.187059572329123,9.47277985664218e-36,9.49283206820619e-36,56.11943729990162,1.0,4.386185292537002,867.7137865009648,0.8567721539842887,7292.5291986020175,0.0,,,,,
1387,7607.845489103112,172.01013551050482,1695.2852781309805,0.0,43295.93086230166,-2.313246169711751,3.8143576222917392,85.0187115835762,0.00014069004457909623,3.2829787555113796,0.187059572329123,0.187059572329123,9.263276343568775e-36,516270684.0857275,56.15681970003061,1.0,4.386185292537002,867.7137865009648,172.01013551050482,7435.835353592607,0.0,,,,,
1388,7536.716082735284,0.673491752737959,1718.1313803146795,0.0,43551.08179713747,0.7184766255021288,0.7302028043841124,1.1956174127238537,4.5679632765714684e-05,3.731812446493126,0.187059572329123,0.187059572329123,9.094598873755595e-36,9.205260799412125e-36,56.18976039998233,1.0,4.386185292537002,867.7137865009648,0.673491752737959,7536.042590982545,0.0,,,,,
1389,7671.563633211228,74.71770356569239,1731.9938449867593,0.0,43238.76904038933,-0.8287485667519798,2.346322890776126,64.52099324966076,0.0001300114901147953,2.4087480545868933,0.187059572329123,0.187059572329123,8.960788346532585e-36,2.754638931636256e-08,56.2213665000163,1.0,4.386185292537002,867.7137865009648,74.71770356569239,7596.845929645536,0.0,,,,,
1390,7650.2817351710955,25.59359574409212,1737.7751661079574,0.0,43419.00145417675,-0.14839126660204752,1.592950144938739,41.98743225835713,0.00042100440353320945,3.7149346871395585,0.187059572329123,0.187059572329123,8.85914403360257e-36,2.5495094992202265e-23,56.26159860007465,1.0,4.387614858430615,874.3280971759166,25.59359574409212,7624.688139427003,0.0,124.35394862867446,28.167665003812427,1e-12,4.414776610409256,1000.0
1391,7841.310323949607,223.33803215574696,1736.2445286546176,0.0,44169.40280052811,-2.696503186035585,4.275924233610554,86.31536587355139,0.00033669405210883657,3.1743335080027006,0.187059572329123,0.187059572329123,8.781109092556124e-36,63657086.87939225,56.2931967000477,1.0,4.387614858430615,874.3280971759166,223.33803215574696,7617.97229179386,0.0,,,,,
1392,7588.102867544412,6.2456106545715,1728.0133971471141,0.0,43607.08387822278,0.5534443500993088,1.039463132822634,26.13568248965686,0.00016971183748535484,3.7337819394188165,0.187059572329123,0.187059572329123,8.728602828175982e-36,9.48466921412902e-31,56.32592470012605,1.0,4.387614858430615,874.3280971759166,6.2456106545715,7581.857256889841,0.0,,,,,
1393,7520.404619538755,0.6219036507221637,1713.8657239796448,0.0,43634.99542497723,0.690365804452008,0.7126232069923643,1.1944387721442322,0.0005533589596180138,3.366540219044125,0.187059572329123,0.187059572329123,8.696697825371701e-36,8.713361050663142e-36,56.356925199972466,1.0,4.387614858430615,874.3280971759166,0.6219036507221637,7519.782715888033,0.0,,,,,
1394,7712.595916630549,278.1556173972962,1694.4149701171455,0.0,43945.699285119306,-4.411968477082137,5.819125010688884,86.99310516835938,0.000423969999976459,3.634480375835502,0.187059572329123,0.187059572329123,8.683146300376935e-36,588595592.4676578,56.38674290012568,1.0,4.387614858430615,874.3280971759166,278.1556173972962,7434.440299233253,0.0,,,,,
1395,7329.048500504923,0.9855161308387702,1670.1700629656507,0.0,43478.96536884833,0.7544526860782212,0.8773264663408433,5.838077103986679,0.0018911759284461344,2.8209829865747746,0.187059572329123,0.187059572329123,8.686533087550034e-36,3.8227069636795876e-35,56.41596810007468,1.0,4.387614858430615,874.3280971759166,0.9855161308387702,7328.062984374084,0.0,,,,,
1396,7557.486386656459,354.18276527057185,1641.7356248908327,0.0,43023.274066955615,-6.926570024735499,7.945553740652977,84.28087979385256,4.344437614586805e-06,3.469102426584317,0.187059572329123,0.187059572329123,8.70427015338025e-36,724342698.1970022,56.44734860002063,1.0,4.387614858430615,874.3280971759166,354.18276527057185,7203.303621385888,0.0,,,,,
1397,7113.899441652328,51.428377945713024,1609.6378765188058,0.0,42856.8108354366,-0.3119890341764832,2.037471757593275,59.48312182275348,0.00013403718408321053,2.036813590851672,0.187059572329123,0.187059572329123,8.7357702764788e-36,2.1122198968028751e-13,56.477701399941,1.0,4.387614858430615,874.3280971759166,51.428377945713024,7062.4710637066155,0.0,,,,,
1398,6997.068006504655,89.42056299863926,1574.351365465286,0.0,42690.638835635844,-0.9885704884225334,2.484951915349068,64.74057953383524,0.0,3.4549664985153066,0.187059572329123,0.187059572329123,8.778951425370501e-36,4.5386456194284814e-07,56.507599300006405,1.0,4.387614858430615,874.3280971759166,89.42056299863926,6907.647443506016,0.0,,,,,
1399,11533.399638876224,257.7843004632984,1536.296608586842,5.186768589810397,194494.82512198188,-4.327561737843273,5.566720899907972,80.33698367962522,0.0,3.664005068024251,0.187059572329123,0.187059572329123,8.831985103817451e-36,1031628126.5942653,56.53821239992976,1.0,4.387614858430615,874.3280971759166,257.7843004632984,6740.67782679219,4534.937511620737,,,,,
1400,6964.074604032867,451.28916251120353,1531.5218551834823,0.0,41472.829738875815,-8.06903570234285,9.213005286701966,87.98080368013564,0.0,3.7318332617691343,0.187059572329123,0.187059572329123,8.810106810462641e-36,715043826.544226,56.57659909990616,1.0,4.2524926559023255,880.6116923171207,451.28916251120353,6512.785441521663,0.0,46.24531941221223,27.44251158184179,1e-12,1.6851708078648282,1000.0
1401,6655.822235662453,187.84846783614566,1520.9841124237955,0.0,40742.743203958344,-3.284717508132081,4.554603900369622,85.58539134687551,0.0003932824567410287,3.620850851014628,0.187059572329123,0.187059572329123,8.804976101693983e-36,656879514.1583694,56.87556739989668,1.0,4.2524926559023255,880.6116923171207,187.84846783614566,6467.973767826307,0.0,,,,,
1402,6538.379705033312,136.70961965002573,1505.3923906248187,0.0,41287.10880522695,-1.739340451615934,3.2726086124601816,78.56231976913148,3.3220001393417103e-05,3.6087539407686178,0.187059572329123,0.187059572329123,8.814579987587218e-36,9494.677481245217,56.908355300081894,1.0,4.2524926559023255,880.6116923171207,136.70961965002573,6401.670085383286,0.0,,,,,
1403,6316.664134915526,0.7917761620330579,1485.216523534088,0.0,41218.505102868556,0.812457133923824,0.836286510452699,1.189213354322003,0.00015848625520212267,2.8695480497641825,0.187059572329123,0.187059572329123,8.835936420543228e-36,8.90504842773794e-36,56.93948270007968,1.0,4.2524926559023255,880.6116923171207,0.7917761620330579,6315.872358753493,0.0,,,,,
1404,6221.826340234494,9.001488727326178,1460.9842636374603,0.0,40929.73728027853,0.30620279533507994,1.1563465750263817,27.072796609155173,5.8231572343400706e-05,3.4535191114967745,0.187059572329123,0.187059572329123,8.868444162751137e-36,6.994657816678116e-30,56.974408299895,1.0,4.2524926559023255,880.6116923171207,9.001488727326178,6212.824851507167,0.0,,,,,
1405,6095.539021301742,0.8043106695440311,1433.2146352264474,0.0,40830.67455387015,0.790414348281152,0.8337410324669476,1.197247374861036,0.0,3.3583924318473484,0.187059572329123,0.187059572329123,8.911129525872328e-36,1.1086753769429172e-35,57.008694499963894,1.0,4.2524926559023255,880.6116923171207,0.8043106695440311,6094.734710632198,0.0,,,,,
1406,6155.141840734617,191.61856508853222,1402.3594531947995,0.0,40273.75811745896,-3.0865759918178353,4.406674208841328,87.01352600109047,0.0,3.7338519012183657,0.187059572329123,0.187059572329123,8.962056699615968e-36,333102115.1620853,57.039663000032306,1.0,4.2524926559023255,880.6116923171207,191.61856508853222,5963.5232756460855,0.0,,,,,
1407,24189.009505392318,332.2673096975677,1368.9046203217033,20.48063352837145,618542.0318079613,-5.876913386540756,6.9521539879420535,85.22656219795365,9.543162715597991e-05,3.675725658127655,0.187059572329123,0.187059572329123,9.02174185036214e-36,1080580530.858861,57.07329860003665,1.0,4.2524926559023255,880.6116923171207,332.2673096975677,5821.256844548805,18035.485351145944,,,,,
1408,6338.292331445704,273.1817546077276,1426.2483365890814,0.0,39823.54324401726,-4.1009771228924,5.307785124546893,87.21650471503385,0.0,3.558286956900604,0.187059572329123,0.187059572329123,8.9612896400894e-36,627027801.209346,57.10283420002088,1.0,4.2524926559023255,880.6116923171207,273.1817546077276,6065.110576837977,0.0,,,,,
1409,6383.253013503466,121.1875152171816,1472.563506863377,0.0,41144.00938514832,-1.5522857776852392,2.920235185044435,86.84031334793819,0.00017238758263234122,3.7218159657863397,0.187059572329123,0.187059572329123,8.920917927101034e-36,624681768.9671825,57.13418629998341,1.0,4.2524926559023255,880.6116923171207,121.1875152171816,6262.065498286284,0.0,,,,,
1410,6095.046716563036,0.8275756281724637,1508.470083596052,0.0,39230.231417968906,0.8456315332890901,0.8456315332890901,1.197075367872215,0.0003582629440499821,3.367710065369674,0.187059572329123,0.187059572329123,8.897973802143379e-36,1.0104659727536499e-35,57.17461000010371,1.0,4.040000002125871,886.5811077012646,0.8275756281724637,6094.219140934863,0.0,0.07205300265422913,27.297142903760857,1e-12,0.002639580373237598,1000.0
1411,6202.550318179273,0.6996755318792348,1535.1115444019663,0.0,39372.60947481431,0.7507345114087394,0.7721571359035216,1.1953251089531052,0.0010434523391025033,3.7265653465567468,0.187059572329123,0.187059572329123,8.889945910245762e-36,9.352182765128415e-36,57.20739539992064,1.0,4.040000002125871,886.5811077012646,0.6996755318792348,6201.850642647393,0.0,,,,,
1412,6429.562682209414,154.31109947463017,1553.2800939189876,0.0,38988.97676057672,-2.731896508335691,4.141857148270965,82.48548986101552,0.0,3.4239720192033305,0.187059572329123,0.187059572329123,8.895631919933953e-36,459173893.59527904,57.23932150006294,1.0,4.040000002125871,886.5811077012646,154.31109947463017,6275.251582734783,0.0,,,,,
1413,6318.460876700166,0.6752868642659583,1563.808313492932,0.0,39495.98390533884,0.7296136767726292,0.7296136767726292,1.1971651288377405,0.0012018000482804311,3.1258038985363146,0.187059572329123,0.187059572329123,8.91406821520764e-36,9.154469297320898e-36,57.271192600019276,1.0,4.040000002125871,886.5811077012646,0.6752868642659583,6317.7855898359,0.0,,,,,
1414,6340.859611327962,8.750477680961973,1567.3537451274772,0.0,39401.05533429886,0.4470755706866791,1.1109849992583614,33.908937027108756,0.0010894250052058893,3.7132418462572194,0.187059572329123,0.187059572329123,8.943825401113112e-36,7.274258660777544e-29,57.3033269001171,1.0,4.040000002125871,886.5811077012646,8.750477680961973,6332.109133647,0.0,,,,,
1415,6725.464359531,404.4056235268499,1564.618498187617,0.0,38819.60077517048,-7.415930657206254,8.599099301458763,87.64867330166594,6.078305890215574e-05,2.3351495456169564,0.187059572329123,0.187059572329123,8.984720012692471e-36,503532839.0022039,57.33477549999952,1.0,4.040000002125871,886.5811077012646,404.4056235268499,6321.05873600415,0.0,,,,,
1416,6538.072879175387,250.5530090478193,1556.3167987175839,0.0,38481.75435374963,-3.80533077201823,5.171526084753471,84.3138470258277,0.00010978651734801226,2.9920132764020106,0.187059572329123,0.187059572329123,9.034675292083854e-36,480402095.39912903,57.366654499899596,1.0,4.040000002125871,886.5811077012646,250.5530090478193,6287.519870127568,0.0,,,,,
1417,6330.35733865042,96.29093561060805,1543.0857425147055,0.0,39442.002288627344,-1.2481965128289125,2.6945559452247614,83.67906642366148,3.906695977497557e-05,2.666891889463085,0.187059572329123,0.187059572329123,9.094591349936132e-36,385388185.1100847,57.39972610003315,1.0,4.040000002125871,886.5811077012646,96.29093561060805,6234.066403039812,0.0,,,,,
1418,6189.717746112716,27.437529959951018,1525.3168843836972,0.0,38862.11072115332,-0.06999862417102708,1.6789406594478689,42.71920419045642,3.0193939194553265e-05,3.13904735576175,0.187059572329123,0.187059572329123,9.157475757355548e-36,1.8085548964416812e-21,57.43215860007331,1.0,4.040000002125871,886.5811077012646,27.437529959951018,6162.280216152764,0.0,,,,,
1419,6075.26796094805,0.6690707296299006,1503.6135858965176,0.0,38925.154943173846,0.6910126722996757,0.7152295390665686,1.1940444226108076,0.00154521414936791,3.6657339419897883,0.187059572329123,0.187059572329123,9.237477377798468e-36,1.1689570068118962e-35,57.46371089993045,1.0,4.040000002125871,886.5811077012646,0.6690707296299006,6074.59889021842,0.0,,,,,
1420,6213.934229680512,139.59510296283926,1478.431020490852,0.0,38984.519173549124,-2.434404721393252,3.764792166258645,79.9637205865863,0.00014422547685685738,3.723883554974032,0.187059572329123,0.187059572329123,9.318806938799357e-36,513571137.4526801,57.5058665999677,1.0,4.108638849245018,892.2520523162013,139.59510296283926,6074.339126717672,0.0,146.00698906588798,26.97450690518663,1e-12,5.412776944508813,1000.0
1421,5959.061117199629,0.751475742684054,1450.1906495266217,0.0,39058.66914888285,0.8057037461562636,0.8087593077707798,1.1979735311698219,6.461315498659109e-05,3.633431997623987,0.187059572329123,0.187059572329123,9.397899603200514e-36,9.429493456272766e-36,57.53660889994353,1.0,4.108638849245018,892.2520523162013,0.751475742684054,5958.3096414569445,0.0,,,,,
1422,5832.3502693499695,0.9684918294854451,1419.2977264458345,0.0,38720.224853688596,0.9062031238856256,0.9371655082778263,1.197114191179892,0.0003266020184718721,3.7121419878616804,0.187059572329123,0.187059572329123,9.499072384376248e-36,9.50912338874481e-36,57.564854100113735,1.0,4.108638849245018,892.2520523162013,0.9684918294854451,5831.381777520484,0.0,,,,,
1423,5841.284221293367,145.9525332451792,1386.1845484654198,0.0,37666.340304296915,-1.581445462696247,3.1496914247760888,83.9294800038229,4.87484750907527e-06,3.7330802542050514,0.187059572329123,0.187059572329123,9.584753813685095e-36,22302681.513111044,57.59339500009082,1.0,4.108638849245018,892.2520523162013,145.9525332451792,5695.331688048188,0.0,,,,,
1424,5552.999242396941,0.7893469054557658,1351.3501914415597,0.0,37888.07687215413,0.7664681438951911,0.8090777028905839,1.6082260017672914,9.091294255002963e-05,3.712591840551873,0.187059572329123,0.187059572329123,9.693319139812704e-36,2.023383622512089e-35,57.62364950007759,1.0,4.108638849245018,892.2520523162013,0.7893469054557658,5552.2098954914845,0.0,,,,,
1425,5424.202800845567,21.043996643743114,1315.0727047218277,0.0,37163.2226190204,0.03967144392202806,1.7813159115207418,32.15034857135818,0.0001138513176608194,1.8193897663722267,0.187059572329123,0.187059572329123,9.803686318673407e-36,3.517084423432948e-26,57.65223830007017,1.0,4.108638849245018,892.2520523162013,21.043996643743114,5403.158804201824,0.0,,,,,
1426,5250.578034406882,0.8027480917098699,1277.7407503898385,0.0,36861.656528314954,0.8407517604225219,0.8531137926924911,1.1975573028494366,3.311334983032224e-05,2.6833821109689535,0.187059572329123,0.187059572329123,9.912468738684008e-36,9.924842506720727e-36,57.678548800060526,1.0,4.108638849245018,892.2520523162013,0.8027480917098699,5249.775286315172,0.0,,,,,
1427,5543.249686690414,123.2061863586569,1239.6420153342995,0.36626663522321795,8457.330073131834,-1.8180492924956893,3.2275850253649603,72.17000729041135,6.219836797292239e-05,3.5796669314104888,0.187059572329123,0.187059572329123,1.0023395509765484e-35,733259953.4939717,57.706913199974224,1.0,4.108638849245018,892.2520523162013,123.2061863586569,5093.241343358892,326.8021569728657,,,,,
1428,4952.310193735732,0.780158800215986,1205.1509554911072,0.0,35753.99061720689,0.8335602397137353,0.8335602397137353,1.1983122325824882,0.0002844589028475966,3.485320184002849,0.187059572329123,0.187059572329123,1.0082617724667947e-35,1.0606017614425067e-35,57.734952999977395,1.0,4.108638849245018,892.2520523162013,0.780158800215986,4951.530034935517,0.0,,,,,
1429,4958.180778955179,151.656667249636,1169.858020640769,0.0,34881.346120824775,-2.2435441127294355,3.584063814275262,78.07691683158194,6.656151530268911e-05,2.9557949457182575,0.187059572329123,0.187059572329123,1.0182512990868659e-35,7566.775602185179,57.761825599940494,1.0,4.108638849245018,892.2520523162013,151.656667249636,4806.524111705544,0.0,,,,,
1430,4427.328507839227,0.7160291513946435,1134.0817641277008,0.0,32871.81544008299,0.763071367730901,0.7841491393973244,1.1808128053962954,0.002222510262568242,3.715258282623425,0.187059572329123,0.187059572329123,1.0252500870054809e-35,1.0300992668648268e-35,57.79918220010586,1.0,3.903256906782767,897.6394497003912,0.7160291513946435,4426.612478687833,0.0,0.001213988355441546,23.76439347753389,1e-12,0.001,1000.0
1431,4393.119518495714,106.39408918283293,1098.2432188523776,0.0,32640.593020541546,-1.4067955465975444,2.891273621115815,76.38195856189026,0.0,3.662952687945311,0.187059572329123,0.187059572329123,1.0353759167749348e-35,484.40152423660976,57.82626880006865,1.0,3.903256906782767,897.6394497003912,106.39408918283293,4286.725429312881,0.0,,,,,
1432,4231.000646882828,83.8638169841784,1062.4753492586206,2.516001108588937e-05,31507.664531430833,-1.1659787196836728,2.663240054285177,81.07535320148448,0.0001347326541482341,3.701864885658536,0.187059572329123,0.187059572329123,1.0425085878147387e-35,608657093.619451,57.858314000070095,1.0,3.903256906782767,897.6394497003912,83.8638169841784,4147.114245280143,0.022584618505593478,,,,,
1433,4009.609898890203,0.9562872669236344,1027.002246420768,0.0,31120.25523546256,0.9228481386499523,0.9272783341383164,1.1982833876575971,9.144185774265928e-05,1.9994630072233655,0.187059572329123,0.187059572329123,1.0523346615422675e-35,1.057565598474114e-35,57.891291399952024,1.0,3.903256906782767,897.6394497003912,0.9562872669236344,4008.6536116232796,0.0,,,,,
1434,3995.1525716475735,123.4354982711236,991.9196111966114,0.0,30099.237439305627,-1.674554592911635,3.185183920448793,73.36293236693413,0.00023499134836593716,3.641299250727006,0.187059572329123,0.187059572329123,1.0620202035978874e-35,0.013489131939239408,57.92147279996425,1.0,3.903256906782767,897.6394497003912,123.4354982711236,3871.71707337645,0.0,,,,,
1435,58820.20836684365,121.55700747668482,957.378818271969,61.22921167611806,1467981.5105171162,-1.5238979782150501,3.021213227871229,73.55433379449677,0.0005645195536065697,3.73350854151479,0.187059572329123,0.18705957232912301,1.0707310621401619e-35,841148214.3554697,57.95063260011375,1.0,3.903256906782767,897.6394497003912,121.55700747668482,3736.895484827586,54961.75587453938,,,,,
1436,7102.360912051255,102.16704069418444,1093.4249088472443,3.043845215094668,118265.19827993444,-2.106874204424986,3.294505082242147,77.32261360334009,3.390665505156876e-05,3.7295933785459905,0.187059572329123,0.187059572329123,1.0656471792904886e-35,723943495.4522226,57.97967380005866,1.0,3.903256906782767,897.6394497003912,102.16704069418444,4267.918327506323,2732.2755438507465,,,,,
1437,4832.426082603535,0.7337179843727024,1237.8617344461838,0.0,33866.36720704378,0.7789744347608731,0.7959708340217686,1.1945196556849125,2.3976525720892372e-05,3.3452936100475594,0.187059572329123,0.187059572329123,1.048363147536753e-35,1.051537824704203e-35,58.02251249994151,1.0,3.903256906782767,897.6394497003912,0.7337179843727024,4831.692364619163,0.0,,,,,
1438,5350.059585533476,0.6926986788734691,1370.4880346356147,0.0,35496.68092598361,0.77124454888606,0.7714662435395077,1.1977520560304376,3.1010751782207385e-05,3.7272553597448814,0.187059572329123,0.187059572329123,1.0344277010518274e-35,1.0403301373313168e-35,58.058982300106436,1.0,3.903256906782767,897.6394497003912,0.6926986788734691,5349.366886854603,0.0,,,,,
1439,5816.917729236201,1.589839400274686,1489.865522233629,0.0,36707.10547802934,0.6162328678553679,0.8826936592487683,12.303462929137034,0.00010744681551388968,3.1501151132274776,0.187059572329123,0.187059572329123,1.0260320802148796e-35,6.05547328841581e-34,58.09699260001071,1.0,3.903256906782767,897.6394497003912,1.589839400274686,5815.327889835927,0.0,,,,,
1440,6125.732059761622,101.79426081177036,1595.2671439514834,0.0,36368.95669695351,-1.7839086329960367,3.171711465585807,69.12247949828155,0.00021177332685334144,3.337095583483609,0.187059572329123,0.187059572329123,1.0188457797264878e-35,538780749.2600386,58.14421780011617,1.0,3.7761310522753777,902.7574772153716,101.79426081177036,6023.937798949852,0.0,37.18598221328808,27.32776814398387,1e-12,1.360739816634988,1000.0
1441,6477.769420715385,108.18612482174979,1686.801439811133,0.0,37251.01036501939,-1.3434692540859556,2.8660734733968547,75.88588827280054,5.7854050452291195e-05,2.9438385981205974,0.187059572329123,0.187059572329123,1.0125228900798875e-35,1918627.1530078265,58.17910629999824,1.0,3.7761310522753777,902.7574772153716,108.18612482174979,6369.583295893635,0.0,,,,,
1442,10265.842352982087,124.97554900576426,1764.8446482729894,3.8510698752830814,132511.5693316812,-2.675583914627874,4.073989164964791,66.78137872027752,0.0,3.7126994599199135,0.187059572329123,0.187059572329123,1.0105383899712718e-35,681508560.2034721,58.21178509993479,1.0,3.7761310522753777,902.7574772153716,124.97554900576426,6664.284678785652,3476.5821251906705,,,,,
1443,7089.344454878593,77.50710975736799,1856.8840032435082,0.0,37461.35755003076,-1.0623051223403577,2.640452432206823,68.89357348941178,8.727034350286544e-06,3.6925465865250073,0.187059572329123,0.187059572329123,9.94163661253247e-36,0.0031948791359105878,58.24111149995588,1.0,3.7761310522753777,902.7574772153716,77.50710975736799,7011.837345121225,0.0,,,,,
1444,7307.222310832701,0.9147158415887264,1934.8660027539458,0.0,38075.92426860732,0.9014248031725375,0.9014248031725375,1.196559090778913,0.00012204549493784883,1.7093570638871518,0.187059572329123,0.187059572329123,9.896205939774608e-36,9.905624518498746e-36,58.27233140007593,1.0,3.7761310522753777,902.7574772153716,0.9147158415887264,7306.307594991112,0.0,,,,,
1445,7738.82204772516,187.9050124982714,1999.6437969696374,0.0,38658.66587103493,-2.2164594575058434,3.7673628821525518,85.85218248457076,0.00044911426059466436,3.61473402826233,0.187059572329123,0.187059572329123,9.790321824652915e-36,228252515.95192385,58.3016357999295,1.0,3.7761310522753777,902.7574772153716,187.9050124982714,7550.917035226888,0.0,,,,,
1446,8027.213870387873,277.9332433040996,2052.174704692598,0.0,37486.664300898854,-4.993602015772041,6.252052369516166,77.28310207350611,0.0005581327448909226,3.733644544400594,0.187059572329123,0.187059572329123,9.76089807692275e-36,342689.5161410914,58.33145820000209,1.0,3.7761310522753777,902.7574772153716,277.9332433040996,7749.280627083773,0.0,,,,,
1447,7907.0089002918485,0.8482605650136312,2093.7198763170127,0.0,38360.73946725546,0.8551290978305535,0.8818152774487253,1.5870357379615339,0.000540658834656392,2.142370668502918,0.187059572329123,0.187059572329123,9.73973040558898e-36,1.8760340462999475e-35,58.35983230010606,1.0,3.7761310522753777,902.7574772153716,0.8482605650136312,7906.160639726835,0.0,,,,,
1448,8163.807109523294,138.9799599664055,2125.1452977833965,0.0,38170.96616217891,-1.7916323508948984,3.265443853947304,79.79214427588211,0.0,3.1893769061791195,0.187059572329123,0.187059572329123,9.764748816078724e-36,271218.4885129192,58.38973550009541,1.0,3.7761310522753777,902.7574772153716,138.9799599664055,8024.827149556888,0.0,,,,,
1449,8109.660545373683,0.6674621137073371,2147.4342312282174,0.0,38390.762351816724,0.6586974294943354,0.7274087856915185,1.199065733937415,6.921774855823959e-05,3.661272805490932,0.187059572329123,0.187059572329123,9.750682644159034e-36,1.2649031374221637e-35,58.41947240009904,1.0,3.7761310522753777,902.7574772153716,0.6674621137073371,8108.993083259976,0.0,,,,,
1450,8438.547262436316,165.7224729247435,2161.4326638362427,0.0,38581.55497094998,-2.148144804131847,3.6102963409010993,85.61140119710714,0.0006795883212691173,3.513425671057939,0.187059572329123,0.187059572329123,9.837396182774815e-36,262866096.66416475,58.45809160009958,1.0,3.827472827595961,907.619603354603,165.7224729247435,8272.824789511573,0.0,139.67937211746977,29.081895618205806,1e-12,4.802966558687044,1000.0
1451,8475.769554018558,178.1471420683241,2167.911513864875,0.0,38425.0832340875,-3.0979929854540527,4.343232859155755,80.84595917665033,0.000184791717626219,3.30305056680616,0.187059572329123,0.187059572329123,9.890828197901474e-36,238777.1953732939,58.747131699929014,1.0,3.827472827595961,907.619603354603,178.1471420683241,8297.622411950233,0.0,,,,,
1452,8297.348107446476,0.7555262838612582,2167.6424510043385,0.0,38882.356376903634,0.8106462274723144,0.8271320433011768,1.1926824114242116,9.935896720138226e-06,2.985580829645079,0.187059572329123,0.187059572329123,9.943421237697719e-36,1.63862376223979e-35,58.780100899981335,1.0,3.827472827595961,907.619603354603,0.7555262838612582,8296.592581162615,0.0,,,,,
1453,8517.261193042077,245.2330557889615,2161.2245232969512,0.0,39188.49933202546,-4.109637837531133,5.382023182085977,85.73856172089268,0.0,3.702771723790775,0.187059572329123,0.187059572329123,9.984393578547324e-36,320734995.7119456,58.81304639996961,1.0,3.827472827595961,907.619603354603,245.2330557889615,8272.028137253115,0.0,,,,,
1454,8227.419586065222,1.3292781920735894,2149.222392530991,0.0,38813.27147424071,0.659467507449412,0.8381580004092064,11.686368494774541,1.370748952140427e-05,2.586253659635268,0.187059572329123,0.187059572329123,1.0076387736461696e-35,5.664559925857906e-34,58.84493619995192,1.0,3.827472827595961,907.619603354603,1.3292781920735894,8226.090307873148,0.0,,,,,
1455,8203.99219027498,42.794185203063314,2132.2680454397823,0.0,38599.3948719932,-0.4523140248288006,1.7869666674688016,55.752328496725895,0.00021555221220421333,3.6546545162714223,0.187059572329123,0.187059572329123,1.0176950536772702e-35,3.160951990882789e-05,58.8887076000683,1.0,3.827472827595961,907.619603354603,42.794185203063314,8161.198005071917,0.0,,,,,
1456,8080.239194650752,0.8054868693219647,2110.905569212396,0.0,38739.000046244655,0.8433141891996712,0.8433141891996712,1.1983956338315256,0.00043196161807627226,1.37904067989681,0.187059572329123,0.187059572329123,1.0293698550861117e-35,1.0792854258262746e-35,58.922197700012475,1.0,3.827472827595961,907.619603354603,0.8054868693219647,8079.433707781431,0.0,,,,,
1457,8071.015138043085,88.52733035760505,2085.576610794462,0.0,39170.12985501257,-1.2526592179168674,2.5720619696887144,84.0092044295587,0.0002721520004639946,3.7084473623556073,0.187059572329123,0.187059572329123,1.0428175655092488e-35,430457903.61711884,58.95576820010319,1.0,3.827472827595961,907.619603354603,88.52733035760505,7982.48780768548,0.0,,,,,
1458,8137.197762276832,265.47345495664297,2056.637541765235,0.0,38227.08896159157,-4.213140081603993,5.378394904107044,84.503374153577,9.342029882841024e-05,3.653281255017439,0.187059572329123,0.187059572329123,1.0598852262413124e-35,402770706.72914916,58.9891872999724,1.0,3.827472827595961,907.619603354603,265.47345495664297,7871.724307320189,0.0,,,,,
1459,7750.035677899847,0.8142667034265821,2024.631332540044,0.0,38489.05125604018,0.8291593469652586,0.8291593469652586,1.196681265192067,0.0002943909052714605,3.7312020416183067,0.187059572329123,0.187059572329123,1.0711630671010796e-35,1.0769155433612949e-35,59.02372800000012,1.0,3.827472827595961,907.619603354603,0.8142667034265821,7749.22141119642,0.0,,,,,
1460,7461.884147653293,39.732742634664824,1989.8838080910082,0.0,37262.36350541583,-0.3323811154933046,1.823808613832281,56.55570321814383,7.321577933773471e-05,3.6187899354156885,0.187059572329123,0.187059572329123,1.0830561286581519e-35,0.009906837462322113,59.06634850008413,1.0,3.729942107594241,912.2386231868728,39.732742634664824,7422.151405018629,0.0,53.75640846719114,28.641695973325042,1e-12,1.8768584275615614,1000.0
1461,7540.473867053137,256.19341416886846,1952.9205126410193,0.0,36846.716628307746,-4.270646850679695,5.6839495150566135,84.47186669550427,0.00011792301753003193,3.216876433136169,0.187059572329123,0.187059572329123,1.0993982233356616e-35,71416671.34950994,59.09740770002827,1.0,3.729942107594241,912.2386231868728,256.19341416886846,7284.280452884269,0.0,,,,,
1462,7303.374550716147,148.52814392763818,1914.0928933083278,0.016871381894705766,35324.30521948409,-1.934573025205876,3.3328513141579825,82.05026025829977,0.00010302210913920584,3.6199996216785317,0.187059572329123,0.187059572329123,1.1210560281591976e-35,518969016.59811234,59.129887300077826,1.0,3.729942107594241,912.2386231868728,148.52814392763818,7139.455680597623,15.39072619088632,,,,,
1463,6990.540065056187,0.814747570319384,1873.9500817598857,0.0,36830.472415619726,0.804317625784736,0.8206002101667095,2.4423876572960173,0.0007280424162732987,3.7338423945585046,0.187059572329123,0.187059572329123,1.1360402112403768e-35,2.6367190583779803e-35,59.1611931999214,1.0,3.729942107594241,912.2386231868728,0.814747570319384,6989.725317485868,0.0,,,,,
1464,6920.540733675139,85.65495187955297,1832.4374975900066,0.0,36235.34044177921,-1.0995096532117783,2.478062075171882,59.31405946168228,0.0,3.717888030750166,0.187059572329123,0.187059572329123,1.1472034189129275e-35,2.9961923443222576e-09,59.193402300123125,1.0,3.729942107594241,912.2386231868728,85.65495187955297,6834.885781795586,0.0,,,,,
1465,6757.812227946536,81.62965688177424,1789.889059530418,0.0,35755.78302841764,-1.0898408507675112,2.543722914811666,60.81674130522667,0.0,3.6672474858954733,0.187059572329123,0.187059572329123,1.1634887994535733e-35,1.5059367600294375e-07,59.229262799955904,1.0,3.729942107594241,912.2386231868728,81.62965688177424,6676.182571064762,0.0,,,,,
1466,6515.488597688324,0.788928109884453,1746.595384500573,0.0,35936.74274168114,0.7886867964028088,0.8249133677760226,1.2004615773639933,0.0003143676570285525,3.5984181329240896,0.187059572329123,0.187059572329123,1.1790859383545201e-35,1.1910953884107034e-35,59.26272760005668,1.0,3.729942107594241,912.2386231868728,0.788928109884453,6514.69966957844,0.0,,,,,
1467,6354.415290667366,3.3503628248023793,1702.7247996454587,0.0,35494.6514514026,0.5342515444803052,1.0157843901004153,17.63218925168437,0.0002745064255718424,3.7319430335823824,0.187059572329123,0.187059572329123,1.1955601511031028e-35,6.007587271025812e-33,59.29542229999788,1.0,3.729942107594241,912.2386231868728,3.3503628248023793,6351.0649278425635,0.0,,,,,
1468,6404.552338477787,218.31646542082837,1658.5340186545125,0.0,34812.47384879585,-3.515876649670675,4.790541849578478,84.52828025397383,4.7830426250471125e-05,2.935662663200573,0.187059572329123,0.187059572329123,1.213443141654322e-35,284055453.2059501,59.33200290007517,1.0,3.729942107594241,912.2386231868728,218.31646542082837,6186.235873056959,0.0,,,,,
1469,6429.3630660644885,408.1688065362831,1614.2862505208664,0.0,34223.26057277411,-6.26778373155771,7.65492880285147,84.07520429349486,0.0003620535102164882,3.552154500941602,0.187059572329123,0.187059572329123,1.241786002437191e-35,305874016.6604924,59.3654970000498,1.0,3.729942107594241,912.2386231868728,408.1688065362831,6021.194259528205,0.0,,,,,
1470,8863.503758213137,135.8733131918658,1570.2023675993823,3.2431564894033214,108235.3125025022,-2.092931056632647,3.449377896462325,77.89341818646123,9.639294795443787e-05,3.254378234188766,0.187059572329123,0.187059572329123,1.2491390773229507e-35,562399816.2266241,59.410185399930924,1.0,3.744460735069951,878.1782016184795,135.8733131918658,5879.56111158976,2848.06933343151,105.06001496554478,26.132286630795136,0.45474582407761405,4.020314657108446,231.03019181900962
1471,5936.5288988955635,143.0138841929746,1546.9071990764714,0.0013456801381863505,33808.38341113694,-1.9630746882612176,3.38750456596248,81.2026648592938,0.0,3.5644090294763178,0.187059572329123,0.187059572329123,1.2549807910830845e-35,448933146.603684,59.443925299914554,1.0,3.744460735069951,878.1782016184795,143.0138841929746,5792.333267738883,1.1817469637061964,,,,,
1472,5697.659414669334,0.938250133505937,1521.372920586763,0.0,33776.380378686496,0.8952757195316364,0.8967383745417421,1.1962692157778596,0.0,1.75580012095756,0.187059572329123,0.187059572329123,1.2711034083629919e-35,1.2747079023379738e-35,59.476496800081804,1.0,3.744460735069951,878.1782016184795,0.938250133505937,5696.721164535828,0.0,,,,,
1473,5594.5028995515595,0.6170430647601243,1493.9096046849852,0.0,33474.88459072218,0.6537796082467311,0.7147440503250146,2.1157831523103194,9.230594372008905e-05,2.394787589630895,0.187059572329123,0.187059572329123,1.2765909296758786e-35,3.0615085569616247e-35,59.50947430008091,1.0,3.744460735069951,878.1782016184795,0.6170430647601243,5593.8858564868,0.0,,,,,
1474,5717.0162171553775,231.96261429495868,1464.8447375848773,0.0,31579.442571312076,-4.959391475630812,6.244642814216283,60.81812700105723,0.0003354065119081026,3.6314568239326785,0.187059572329123,0.187059572329123,1.2784948638509877e-35,2.41924110780674e-12,59.54279140010476,1.0,3.744460735069951,878.1782016184795,231.96261429495868,5485.053602860419,0.0,,,,,
1475,5373.058518459057,0.8703946813802657,1434.7027526454535,0.0,32770.2277310255,0.875963765208892,0.875963765208892,1.1995588474758823,0.00014588526689481712,3.7321780978285792,0.187059572329123,0.187059572329123,1.2888109789703405e-35,1.3032425586442853e-35,59.57671059994027,1.0,3.744460735069951,878.1782016184795,0.8703946813802657,5372.188123777677,0.0,,,,,
1476,7004.98685398297,193.1404985640725,1403.5144872327633,1.7723526546268897,68240.79329516487,-5.119084270229549,6.123772524063832,78.34858219146835,0.0,3.5846099342842725,0.187059572329123,0.187059572329123,1.309593447885802e-35,561384301.8413328,59.61061229999177,1.0,3.744460735069951,878.1782016184795,193.1404985640725,5255.404888544917,1556.4414668739803,,,,,
1477,5186.938742899828,0.7455208912861507,1385.03073979,0.0,32213.19534147773,0.7801242283416985,0.8115660719987154,1.2008173735699774,3.691283137758489e-05,3.487703099353359,0.187059572329123,0.187059572329123,1.2954439167395556e-35,1.3103673848424456e-35,59.6443777999375,1.0,3.744460735069951,878.1782016184795,0.7455208912861507,5186.193222008542,0.0,,,,,
1478,13405.30661960418,361.82294016675905,1364.244854751989,9.03589086266658,222203.56422160735,-5.14523590254367,6.665599678448276,82.10932946844544,0.0003119156090305511,2.9612671438671807,0.187059572329123,0.187059572329123,1.2956781233989434e-35,579420256.3467898,59.67823070008308,1.0,3.744460735069951,878.1782016184795,361.82294016675905,5108.361291640031,7935.122387797389,,,,,
1479,5360.466837425221,210.57917383007282,1375.3349355121336,0.0,31603.28988175146,-4.0989845748625156,5.227570075799463,82.65357370031118,0.00028663692856222,3.53062149905153,0.187059572329123,0.187059572329123,1.279193292511418e-35,190367175.90084356,59.71194460010156,1.0,3.744460735069951,878.1782016184795,210.57917383007282,5149.887663595147,0.0,,,,,
1480,6157.358369807466,208.187480459483,1381.3742785757763,0.0,36737.800384586626,-3.6450896386927485,4.941398219426257,83.69736648966409,0.00026730506996765907,3.331578529928102,0.187059572329123,0.187059572329123,1.2611574564922287e-35,194386016.57349902,59.75480580003932,1.0,4.30670454895229,884.2692915375555,208.187480459483,5949.170889347984,0.0,371.87202981924173,24.80910459907272,1e-12,14.989337012716735,1000.0
1481,5952.699587405445,0.6565014380621533,1382.0411914291547,0.0,37764.05513885591,0.7471236982692349,0.7471236982692349,1.181900994575471,0.0009583773337511134,3.7244152939008286,0.187059572329123,0.187059572329123,1.2491340636136434e-35,1.2627218127997037e-35,59.78796470002271,1.0,4.30670454895229,884.2692915375555,0.6565014380621533,5952.0430859673825,0.0,,,,,
1482,5953.064980386181,19.947801619384588,1377.6466695887395,0.0,37712.79690834509,0.09858652684041826,1.3375682534496496,40.15090039792018,0.0004081504973662761,3.716890929876846,0.187059572329123,0.187059572329123,1.2414515997142566e-35,9.844974759135687e-23,59.821045299991965,1.0,4.30670454895229,884.2692915375555,19.947801619384588,5933.117178766796,0.0,,,,,
1483,6057.4913314159685,163.06328627600604,1368.6632036492788,0.0,38117.083207305965,-2.8435530140723873,3.9795776251575408,77.63598381615944,0.0,3.6852087277556906,0.187059572329123,0.187059572329123,1.2413844786690797e-35,47679962.17354985,59.851664500078186,1.0,4.30670454895229,884.2692915375555,163.06328627600604,5894.428045139963,0.0,,,,,
1484,5998.7100356482015,161.01310091381208,1355.4904610660024,0.0,37534.29929252316,-2.0300743205083682,3.42942951643217,77.20566970663305,0.00033977892610916743,3.6479196336669486,0.187059572329123,0.187059572329123,1.23102597820284e-35,32.6660435821455,59.88808310008608,1.0,4.30670454895229,884.2692915375555,161.01310091381208,5837.696934734389,0.0,,,,,
1485,6016.857962872962,251.64658148550743,1338.6595982745048,0.0,37165.15327537118,-4.375744073555208,5.680872198924063,81.48997211513489,2.9765655627574106e-05,3.5883326490775054,0.187059572329123,0.187059572329123,1.2347862517442125e-35,5534162.104729724,59.92929859994911,1.0,4.30670454895229,884.2692915375555,251.64658148550743,5765.211381387455,0.0,,,,,
1486,9975.942213561662,323.17808008469433,1318.6404983321106,4.493844962056544,146965.80150982112,-5.38163876092069,6.7756952219904045,85.49677395968152,0.00018399488179476897,3.456450567833198,0.187059572329123,0.187059572329123,1.2301933239633723e-35,613616847.5429666,59.96043030009605,1.0,4.30670454895229,884.2692915375555,323.17808008469433,5678.995032599615,3973.769100877353,,,,,
1487,5871.084656801364,183.58448417051338,1320.6153586770824,0.0,36281.52530102378,-3.143872833790535,4.7225644830805384,68.44134268613543,0.001135312896881742,3.342358228842971,0.187059572329123,0.187059572329123,1.2182095978987675e-35,1.1520459564231164e-13,59.9912851001136,1.0,4.30670454895229,884.2692915375555,183.58448417051338,5687.500172630851,0.0,,,,,
1488,5675.368304920389,0.6623703247791749,1317.6445865031815,0.0,37827.87208454706,0.7123455651989615,0.7297298321233094,1.1828164706849145,0.0015496252124755916,3.721279357896321,0.187059572329123,0.187059572329123,1.2090511838030667e-35,1.221178327831619e-35,60.021114100003615,1.0,4.30670454895229,884.2692915375555,0.6623703247791749,5674.70593459561,0.0,,,,,
1489,6020.176818987658,378.5718937032769,1309.9586612359649,0.0,37539.29379769052,-6.575755098921379,7.62255883238009,85.72868594663915,0.0002839542023043429,3.535724152443431,0.187059572329123,0.187059572329123,1.2091519765972805e-35,327228127.3101872,60.054595900001004,1.0,4.30670454895229,884.2692915375555,378.5718937032769,5641.604925284381,0.0,,,,,
1490,5511.394505268397,89.67376155333913,1298.0472914791287,0.0,36574.18038645313,-1.305327673434235,2.5188080353295543,79.75630361549707,0.0005265153934894476,3.55628910393572,0.187059572329123,0.187059572329123,1.1997357817772883e-35,34869593.74876118,60.09521989990026,1.0,4.17682836311533,890.0558269606777,89.67376155333913,5421.720743715057,0.0,42.38166841325934,24.79648005318535,1e-12,1.709180832213119,1000.0
1491,9449.977968453133,274.86385247918736,1282.4893959876542,4.290041046590167,203730.8450082269,-5.432610746611772,6.5702239404182095,79.47167016754183,0.0016837952197892997,3.726760085922261,0.187059572329123,0.187059572329123,1.2019385338132226e-35,559050585.0878923,60.125821999972686,1.0,4.17682836311533,890.0558269606777,274.86385247918736,5356.738084555883,3818.376031418062,,,,,
1492,5415.437803461587,0.824994737454385,1296.3455373314855,0.0,37026.64108117459,0.8383825138774686,0.8516597506388407,1.198211776707527,0.00024079333083663196,3.4510338690127678,0.187059572329123,0.187059572329123,1.1824779820113526e-35,1.187759428364483e-35,60.15609949990176,1.0,4.17682836311533,890.0558269606777,0.824994737454385,5414.612808724132,0.0,,,,,
1493,5841.545498138267,375.7341623963305,1304.1170767759597,0.021052770032462396,36267.2008180397,-6.373115340293325,7.557352459005964,83.53196762162872,0.0,3.7232521451001936,0.187059572329123,0.187059572329123,1.1623683225649198e-35,600181334.3964832,60.18618909991346,1.0,4.17682836311533,890.0558269606777,375.7341623963305,5447.073195100881,18.73814064105629,,,,,
1494,7115.318798608245,300.0860946871343,1306.3700239544123,1.5265888880076912,61592.16044388563,-5.452911990105208,6.488727632405052,86.27042901708313,0.000200832311836735,3.701316908718465,0.187059572329123,0.187059572329123,1.151747021242863e-35,644827868.7303021,60.21610719989985,1.0,4.17682836311533,890.0558269606777,300.0860946871343,5456.483368776443,1358.749335144667,,,,,
1495,5687.554664515052,118.74195047483134,1317.238625442491,0.07520097085317962,31872.431020430668,-1.847807260176931,3.342452080203582,82.22547412671283,0.0017347142914202335,3.732670755114007,0.187059572329123,0.187059572329123,1.1343729589684225e-35,533330546.5813921,60.245938800042495,1.0,4.17682836311533,890.0558269606777,118.74195047483134,5501.8796517392475,66.93306230097261,,,,,
1496,5708.51330910955,182.97883446670227,1322.9019711314093,0.0,38167.542337996994,-2.736965133682469,4.254369323388886,81.42127138529473,0.0007412363097777791,3.202628168221292,0.187059572329123,0.187059572329123,1.1219436503925524e-35,148966.1324671203,60.27617600001395,1.0,4.17682836311533,890.0558269606777,182.97883446670227,5525.534474642848,0.0,,,,,
1497,8533.81088054406,148.4226951061684,1322.8108614809962,3.213544783964891,128209.58850399674,-2.522575963653296,3.9156403286635735,80.30168563738518,9.540704362050179e-05,2.9454316408716403,0.187059572329123,0.187059572329123,1.1043128044223183e-35,697338265.1875747,60.3074864000082,1.0,4.17682836311533,890.0558269606777,148.4226951061684,5525.153925270849,2860.2342601670434,,,,,
1498,5663.506820918414,61.76195034980872,1341.147967686775,0.0,38344.38934400684,-1.2314425930795452,2.5688666102272992,39.62223398596973,0.00048728246398586916,3.722761104092825,0.187059572329123,0.187059572329123,1.0854724743248072e-35,2.9867231383444977e-25,60.34082969999872,1.0,4.17682836311533,890.0558269606777,61.76195034980872,5601.744870568605,0.0,,,,,
1499,5970.644326606182,162.46305452497384,1352.5259984473319,0.1785419690562089,21672.403956890135,-2.6306517733678314,3.9421628862114253,82.44206224997757,0.0002860654787776584,3.727840711431873,0.187059572329123,0.187059572329123,1.0689043841151961e-35,657937974.6959898,60.37511699995957,1.0,4.17682836311533,890.0558269606777,162.46305452497384,5649.268952165697,158.91231991551174,,,,,
1500,6494.835162723886,186.0323097865394,1360.0037181730575,0.6208008496011242,15699.436311805017,-3.0746024409795285,4.4361835614677165,88.27559973148165,0.0003659786984182914,3.7032220163936644,0.187059572329123,0.187059572329123,1.0514159316577863e-35,676632245.2487859,60.4198757999111,1.0,4.234339633114194,886.0896505665905,186.0323097865394,5758.717645042844,550.0852078945027,140.1926078335311,26.31710023368386,0.1729209604610578,5.327053763092613,810.7322990789356
1501,5798.452916728053,0.7080227664516355,1369.2205624274836,0.0,40121.17847577467,0.7231969147164519,0.7655373603681622,3.1871701881357026,0.00020173809228370143,3.6250049246504426,0.187059572329123,0.187059572329123,1.034642971468009e-35,3.1228689313424227e-35,60.72926470008679,1.0,4.234339633114194,886.0896505665905,0.7080227664516355,5797.7448939616015,0.0,,,,,
1502,6375.542825649874,566.5810737544103,1371.869584212638,0.0,41211.1113189226,-9.524502833856854,10.914604674306823,86.44487349998292,0.0003666668547632826,3.408203135867095,0.187059572329123,0.187059572329123,1.0215572881858696e-35,528972343.4272387,60.768077000044286,1.0,4.234339633114194,886.0896505665905,566.5810737544103,5808.961751895464,0.0,,,,,
1503,19829.79592889634,282.42963776461244,1368.3706182434191,15.521251535575942,456903.0775978796,-4.555815295586768,5.580687715518569,88.75022992993155,6.939878695889912e-05,3.119019353574013,0.187059572329123,0.187059572329123,1.0118748087608937e-35,822970844.7364885,60.798416499979794,1.0,4.234339633114194,886.0896505665905,282.42963776461244,5794.145941617083,13753.220349514644,,,,,
1504,6054.352926947734,0.6100126454938791,1429.6781644437776,0.0,40996.727398805975,0.68011723924497,0.68011723924497,1.195516030038057,0.00014987975508656132,3.695023032087586,0.187059572329123,0.187059572329123,9.88680343494465e-36,1.0036823694690691e-35,60.828864299925044,1.0,4.234339633114194,886.0896505665905,0.6100126454938791,6053.74291430224,0.0,,,,,
1505,8372.428940098196,214.1516859057802,1479.73534918455,2.1358732916133696,101643.60002713963,-3.438709105027086,4.728312812157598,81.9116585759604,0.0,3.5932791920437324,0.187059572329123,0.187059572329123,9.726977013438157e-36,781049969.1639585,60.86114819999784,1.0,4.234339633114194,886.0896505665905,214.1516859057802,6265.702035572212,1892.5752186202042,,,,,
1506,6524.57289099902,0.7723423332676341,1540.6890126732108,0.0,41894.52741307526,0.8174585814773886,0.8365827652646847,1.1846653360340123,2.8415843374561545e-05,2.545789698272416,0.187059572329123,0.187059572329123,9.496572849948584e-36,9.56307340252285e-36,60.89962369995192,1.0,4.234339633114194,886.0896505665905,0.7723423332676341,6523.800548665753,0.0,,,,,
1507,7150.227536728391,418.12120438170183,1589.8834093748599,0.0,41736.52949709869,-6.103800042222955,7.579875754090332,88.70022432234549,0.00017421759576258938,2.0324839252066087,0.187059572329123,0.187059572329123,9.360817678149469e-36,563074405.2766488,60.93332810001448,1.0,4.234339633114194,886.0896505665905,418.12120438170183,6732.106332346689,0.0,,,,,
1508,7052.898547171128,158.54367739677627,1628.200727182533,0.0,42171.764050496575,-1.9188893942345358,3.4058298666856284,90.67087812447934,0.0,3.542182410421055,0.187059572329123,0.187059572329123,9.2017996265807e-36,468994222.24084187,60.96711040008813,1.0,4.234339633114194,886.0896505665905,158.54367739677627,6894.354869774351,0.0,,,,,
1509,7044.10418950239,29.98252782226352,1656.4853718456943,0.0,42179.21994641689,-0.0574273779508939,1.6693346787883157,45.60076400048314,0.0012265248238509593,3.694511289306789,0.187059572329123,0.187059572329123,9.100384893849933e-36,7.255290040683948e-26,61.00155939999968,1.0,4.234339633114194,886.0896505665905,29.98252782226352,7014.121661680127,0.0,,,,,
1510,7779.135140253929,353.16567330713735,1675.6461288647724,0.0,44119.03795600486,-5.182415385161877,6.422646112611766,90.97479641307777,3.0210891018466607e-05,3.732983529248258,0.187059572329123,0.187059572329123,9.019468461803197e-36,191618107.59946424,61.04658280010335,1.0,4.431705083207387,891.785168038261,353.16567330713735,7425.969466946792,0.0,229.3207619316866,28.028673946140707,1e-12,8.181648634978037,1000.0
1511,7473.668505069835,0.8101418062175125,1686.2264575275476,0.0,44635.08441787954,0.8454724548745866,0.8454724548745866,1.1874127560676482,0.0005270536297858064,2.7176742903647932,0.187059572329123,0.187059572329123,8.964301513148936e-36,9.008993578348998e-36,61.08013530005701,1.0,4.431705083207387,891.785168038261,0.8101418062175125,7472.858363263617,0.0,,,,,
1512,7590.0848880225385,105.0082666232238,1688.9834681828809,0.0,43773.05532743971,-1.9102771899933078,3.171013823940976,60.35052653654447,0.0,3.0719717626128165,0.187059572329123,0.187059572329123,8.929622083283007e-36,7.976866997467577e-11,61.11341709992848,1.0,4.431705083207387,891.785168038261,105.0082666232238,7485.076621399315,0.0,,,,,
1513,7874.766844118425,406.50694752038777,1684.8200949039403,0.0018324118642700459,43287.26945083099,-6.712862859366694,7.821662145050753,86.52538677061101,0.0,3.706602744336439,0.187059572329123,0.187059572329123,8.927990161225061e-36,736567176.1495876,61.14689509989694,1.0,4.431705083207387,891.785168038261,406.50694752038777,7466.625778875744,1.6341177222933658,,,,,
1514,7421.63511609325,0.762395346484584,1674.4960644754838,0.0,44655.42487730944,0.8107740167592307,0.8227705404611243,1.1982186507535981,6.997434791968654e-05,3.6855782279650358,0.187059572329123,0.187059572329123,8.919733826452183e-36,9.930212911780325e-36,61.18062620004639,1.0,4.431705083207387,891.785168038261,0.762395346484584,7420.8727207467655,0.0,,,,,
1515,7350.445491485256,0.8074952975370163,1658.4221779641794,0.0,44619.74887067782,0.8404919600697234,0.8643990877061786,1.1987690858753863,0.0006232883250026702,2.8822175278877347,0.187059572329123,0.187059572329123,8.943039358973734e-36,8.989150613802524e-36,61.21497400011867,1.0,4.431705083207387,891.785168038261,0.8074952975370163,7349.637996187719,0.0,,,,,
1516,7389.960378418854,134.38570315867562,1637.19709209735,0.0,44752.987075492005,-1.6363626909047637,3.1322445203185656,84.56963668837292,6.886277309111483e-05,3.720492087523237,0.187059572329123,0.187059572329123,8.97770031616163e-36,2111823.4121252494,61.24816740001552,1.0,4.431705083207387,891.785168038261,134.38570315867562,7255.574675260178,0.0,,,,,
1517,7280.156674745394,139.17143403104072,1611.3403547029718,0.0,44347.9416014699,-1.7268768513820745,3.1121192958738755,86.53687153381514,0.0006533520547514701,3.468525081725395,0.187059572329123,0.187059572329123,9.011068526581049e-36,360909512.38914955,61.28091400000267,1.0,4.431705083207387,891.785168038261,139.17143403104072,7140.9852407143535,0.0,,,,,
1518,7425.53684720581,417.1458006389596,1581.4209012064093,0.0,43640.9274646263,-6.434932984251523,7.580370167855957,91.39623485986397,5.457352538613264e-05,3.717894339755874,0.187059572329123,0.187059572329123,9.084391457544116e-36,594632331.4038733,61.31324669998139,1.0,4.431705083207387,891.785168038261,417.1458006389596,7008.3910465668505,0.0,,,,,
1519,6948.830341056441,88.54349485004116,1548.0016646868928,0.0,43670.38479197081,-1.2134369440207775,2.567251756867563,78.22983274238996,0.0,3.240027452470897,0.187059572329123,0.187059572329123,9.145482685348825e-36,43.43788911531268,61.346361600095406,1.0,4.431705083207387,891.785168038261,88.54349485004116,6860.2868462064,0.0,,,,,
1520,6365.231887292001,0.755086254438157,1511.51559295767,0.0,41770.11841474848,0.7654722498044034,0.8287390398627403,2.540583230874001,4.946515356881592e-05,3.12481760402033,0.187059572329123,0.187059572329123,9.232984495461679e-36,2.4532864646464585e-35,61.390445600030944,1.0,4.210659043605249,897.1959096363479,0.755086254438157,6364.476801037563,0.0,0.2972359155849412,27.561933468539234,1e-12,0.010784291164631947,1000.0
1521,9264.153531082677,139.25765713559906,1472.643778960292,3.2591488621967875,152423.36948197763,-2.239762482069561,3.449560326713791,82.85058406563626,0.00016561662246659947,3.69454389095035,0.187059572329123,0.187059572329123,9.297264507258431e-36,767211290.933878,61.423202600097284,1.0,4.210659043605249,897.1959096363479,139.25765713559906,6200.800845888162,2924.095028058915,,,,,
1522,6487.790585870161,337.7762239348994,1460.582369231563,0.0,41125.075212042146,-5.527961110579595,6.67207254821801,89.01634974209041,7.470275694161643e-05,3.552640315721174,0.187059572329123,0.187059572329123,9.337275905690417e-36,529505219.0062931,61.454791700001806,1.0,4.210659043605249,897.1959096363479,337.7762239348994,6150.014361935261,0.0,,,,,
1523,6079.579948266943,0.7866176008527379,1443.6679074972803,0.0,41331.58322656709,0.8391368255409574,0.8391368255409574,1.1980063255680866,0.0011871293091268859,2.991848359906341,0.187059572329123,0.187059572329123,9.344840720803405e-36,9.42618347249063e-36,61.48404120001942,1.0,4.210659043605249,897.1959096363479,0.7866176008527379,6078.79333066609,0.0,,,,,
1524,6364.822660698923,375.5383907426385,1422.4101756831258,0.0,40862.388603524516,-5.4631938522526236,6.7968914399657026,91.4482684226279,3.3893979630564286e-05,3.717417446338128,0.187059572329123,0.187059572329123,9.380400005999099e-36,504325313.1390939,61.51413509994745,1.0,4.210659043605249,897.1959096363479,375.5383907426385,5989.284269956284,0.0,,,,,
1525,6057.783558323802,173.96110992265847,1397.3637825976284,0.0,40306.76507863808,-2.064421509457431,3.706193419165132,86.42086044854092,0.0004252455346160436,3.567939588619761,0.187059572329123,0.187059572329123,9.432090354879044e-36,20226.7311471506,61.541685099946335,1.0,4.210659043605249,897.1959096363479,173.96110992265847,5883.822448401143,0.0,,,,,
1526,5849.678401535674,84.95671502525185,1369.078243289572,0.0,40286.37918557845,-1.0340704015236322,2.5726427540026076,81.45126936366178,6.58100926687194e-05,2.9533309512572945,0.187059572329123,0.187059572329123,9.518704512348685e-36,176.75959516257726,61.570108599960804,1.0,4.210659043605249,897.1959096363479,84.95671502525185,5764.721686510423,0.0,,,,,
1527,23224.483745257196,286.080397752869,1337.9807089439391,19.287451702977656,726075.191263627,-4.394866139399924,5.724679386704263,82.13133428061633,0.00011779027925593738,3.7198934331815967,0.187059572329123,0.187059572329123,9.568943137526974e-36,789874045.479787,61.59745140001178,1.0,4.210659043605249,897.1959096363479,286.080397752869,5633.7805722841595,17304.622775220167,,,,,
1528,6203.778231902327,252.95672686277243,1413.2755569646752,0.0,40065.965421533234,-3.79206806145034,5.112507939717941,89.54406159962639,9.142554443881956e-05,3.6602313108233933,0.187059572329123,0.187059572329123,9.427809713177963e-36,505655234.16216016,61.626189599977806,1.0,4.210659043605249,897.1959096363479,252.95672686277243,5950.821505039555,0.0,,,,,
1529,6360.687238710467,144.42391943837953,1476.3160006300582,0.0,41059.820877158396,-1.6913251338403597,3.1923276631893795,84.79423638863946,0.0015615688294905727,3.414890406604301,0.187059572329123,0.187059572329123,9.316283247005819e-36,7.757125378267264e-05,61.66592340008356,1.0,4.210659043605249,897.1959096363479,144.42391943837953,6216.263319272087,0.0,,,,,
1530,8160.709735436842,128.44645761097215,1527.64900418,1.555642631803695,74392.9547290545,-1.9565626556601845,3.255273102982596,84.21310375441703,0.0005532973352674123,3.7018867934212483,0.187059572329123,0.187059572329123,9.176316295036431e-36,704220527.9408048,61.71512999990955,1.0,4.362427775445659,879.3824512722427,128.44645761097215,6664.258446966734,1368.0048308591363,200.5266534721158,27.673988600709077,0.37070944690102564,7.246033680413449,540.9267423542451
1531,7123.580076081113,206.2121090327917,1585.6693389821571,0.0,44562.861979092086,-2.954667478627114,4.338020130649165,90.37648422520863,0.0,3.727971117680054,0.187059572329123,0.187059572329123,9.045204590204832e-36,592191995.8954953,61.75123389996588,1.0,4.362427775445659,879.3824512722427,206.2121090327917,6917.367967048321,0.0,,,,,
1532,7255.927431923917,138.17480027354074,1631.603546931671,0.0,43142.30910802673,-2.0821050783073245,3.6873452140353122,82.789094835809,0.0,2.573630147773622,0.187059572329123,0.187059572329123,8.980430192973921e-36,5311.014846442801,61.787994500016794,1.0,4.362427775445659,879.3824512722427,138.17480027354074,7117.752631650376,0.0,,,,,
1533,7433.811992680425,163.15582542630452,1666.6536482684487,0.0,43126.465707151896,-2.4003202641033914,3.7070760472222455,84.9117629757474,0.00028852496513951525,2.7977720836724105,0.187059572329123,0.187059572329123,8.903151931638137e-36,361576253.3810765,61.817075700033456,1.0,4.362427775445659,879.3824512722427,163.15582542630452,7270.65616725412,0.0,,,,,
1534,7380.89179236572,0.6706281845159706,1691.7692496186373,0.0,44316.61636902588,0.7431509570668,0.7431509570668,1.1989447608206807,0.0009414861161958776,3.7328880057754326,0.187059572329123,0.187059572329123,8.81848693956806e-36,1.0420449215636163e-35,61.84344379999675,1.0,4.362427775445659,879.3824512722427,0.6706281845159706,7380.221164181204,0.0,,,,,
1535,7613.3356243439775,163.67077831954313,1707.6878356486686,0.0,44139.31617327709,-2.0515363938403275,3.5424854759042135,89.47817338330549,0.00047975216899045353,3.05014144322348,0.187059572329123,0.187059572329123,8.786706864363781e-36,560666489.2343518,61.87413419992663,1.0,4.362427775445659,879.3824512722427,163.67077831954313,7449.664846024434,0.0,,,,,
1536,7717.504495400421,234.64682454730868,1715.296632066,0.0,44299.55546910742,-3.5178971818724056,4.783614045432423,82.54336849106764,5.681952624642106e-05,3.7215236613818297,0.187059572329123,0.187059572329123,8.776987697232212e-36,1575044.4157028343,61.90727149997838,1.0,4.362427775445659,879.3824512722427,234.64682454730868,7482.857670853112,0.0,,,,,
1537,7673.087905670314,189.88775077041853,1715.3751397375108,0.0,44626.04874701334,-2.1110406564411437,3.601048678143282,92.90160099769415,0.0,2.0015104627261198,0.187059572329123,0.187059572329123,8.786240778807109e-36,107915281.64398934,61.93621170008555,1.0,4.362427775445659,879.3824512722427,189.88775077041853,7483.200154899896,0.0,,,,,
1538,8564.685163267095,143.10811846802477,1708.6192958664305,1.1006005060127353,48877.608545352225,-2.2570229083456503,3.4853641335595813,83.37099781152907,0.00030935329670149503,3.607011065859654,0.187059572329123,0.187059572329123,8.856283344267724e-36,709970556.2937437,61.96581179997884,1.0,4.362427775445659,879.3824512722427,143.10811846802477,7453.728273950121,967.8487708489499,,,,,
1539,8533.834072010646,160.17042037806806,1710.2673209092516,1.0379397338899747,44031.55602621242,-1.914781960314769,3.522776744439105,85.79834261778863,0.00014830767287767055,3.2652121137728876,0.187059572329123,0.187059572329123,8.859024168647522e-36,723006809.440233,61.99332570005208,1.0,4.362427775445659,879.3824512722427,160.17042037806806,7460.917664171553,912.7459874610253,,,,,
1540,9048.137927245734,264.65581329598285,1718.7489717190433,0.0,50931.7512173311,-3.8235296600677096,5.335068386319192,93.39479565049244,0.0,1.7087113492417603,0.187059572329123,0.187059572329123,8.802882801762723e-36,372219354.5831107,62.03049900010228,1.0,5.110392650978441,885.4133287086306,264.65581329598285,8783.48211394975,0.0,547.303281662329,28.3257976996506,1e-12,19.321725286101298,1000.0
1541,8783.531362194599,0.8860570914077486,1718.585225231501,0.0,52111.81330037986,0.8794505667817926,0.9020074682634497,1.199313006560232,6.586672582943598e-07,3.4481753030470355,0.187059572329123,0.187059572329123,8.742953097819733e-36,8.948163007161192e-36,62.05726270005107,1.0,5.110392650978441,885.4133287086306,0.8860570914077486,8782.645305103191,0.0,,,,,
1542,9010.547856749718,269.4713108033083,1710.4510637304618,0.0,51882.42567237188,-3.548165632097505,4.7383436603302815,93.23770478395471,0.00014143832664541972,3.6394934363939626,0.187059572329123,0.187059572329123,8.77003120003985e-36,83937665.14230077,62.08899660012685,1.0,5.110392650978441,885.4133287086306,269.4713108033083,8741.07654594641,0.0,,,,,
1543,8761.394409102368,98.37172475429017,1695.1775090490253,0.0,51937.46443745106,-1.5392064069250702,2.9687120107481917,77.57608365901496,0.0003775461358336493,3.6996391288588746,0.187059572329123,0.187059572329123,8.79969391691858e-36,627456455.9570422,62.11647760006599,1.0,5.110392650978441,885.4133287086306,98.37172475429017,8663.022684348078,0.0,,,,,
1544,8580.91151798639,28.693745627663798,1673.4952392985515,0.0,51608.727610531656,-0.1127362345360691,1.644371358557008,43.2047563500864,0.0001354175188149065,2.497520912574041,0.187059572329123,0.187059572329123,8.807414343305686e-36,1.717321028249329e-24,62.14495830005035,1.0,5.110392650978441,885.4133287086306,28.693745627663798,8552.217772358725,0.0,,,,,
1545,8581.1106521,168.6634009414004,1646.1449883988744,0.0,52118.52500492314,-2.1840820625176476,3.38366242126688,90.68634049352134,0.0004101814810879359,3.6571661507760065,0.187059572329123,0.187059572329123,8.873903254451107e-36,571734594.4317586,62.174376599956304,1.0,5.110392650978441,885.4133287086306,168.6634009414004,8412.4472511586,0.0,,,,,
1546,8327.248150137239,80.7738642827068,1613.6674516146336,0.0,51567.27230796091,-0.6334203104674213,1.9343409788198116,81.70475024841673,0.0008466647889644949,3.6286693591574206,0.187059572329123,0.187059572329123,8.999570016246986e-36,7.709891959723766e-07,62.20215880009346,1.0,5.110392650978441,885.4133287086306,80.7738642827068,8246.474285854532,0.0,,,,,
1547,8172.837425102335,115.05286325724536,1576.7447067501435,0.0,50823.172767950724,-1.7300135227659132,2.921397863718888,74.93700593500603,0.00024841514762592026,3.6686018508712284,0.187059572329123,0.187059572329123,9.030965865066461e-36,4.739610216087945e-07,62.23073359997943,1.0,5.110392650978441,885.4133287086306,115.05286325724536,8057.78456184509,0.0,,,,,
1548,7972.605405163541,122.82337947833662,1536.042836978931,0.0,51023.75995802959,-1.3736836434615396,2.759626832092681,81.25890940600826,5.001993334424748e-05,3.3306928966795484,0.187059572329123,0.187059572329123,9.116704434271907e-36,9.694138598137268,62.269138500094414,1.0,5.110392650978441,885.4133287086306,122.82337947833662,7849.782025685205,0.0,,,,,
1549,7625.638364685833,0.7327246160070741,1492.0390977413358,0.0,50770.51485906645,0.7663207153530823,0.7847542533244344,1.199999194803884,0.00026078949373303795,3.7338291174115317,0.187059572329123,0.187059572329123,9.236328832254924e-36,9.30530795313011e-36,62.30875269998796,1.0,5.110392650978441,885.4133287086306,0.7327246160070741,7624.905640069826,0.0,,,,,
1550,7912.218345544496,130.65444872091848,1445.2696693630412,0.19336693860275284,31578.51403545503,-1.8794594647976388,3.173120034728542,86.6891558003126,0.0,3.0451599957062006,0.187059572329123,0.187059572329123,9.299472659240085e-36,690769225.1558985,62.34874180005863,1.0,5.264931887566039,891.142662273199,130.65444872091848,7609.2463683615015,172.3175284620754,223.6190167569506,27.266696758423443,0.06269744100920555,8.201177382730398,1000.0
1551,7536.515680812417,165.13960490299985,1399.1732146112988,0.005413725858216802,50300.6353844482,-2.8901045145915334,4.227926175354947,87.33501774971697,6.095572419977796e-05,3.730570502932582,0.187059572329123,0.187059572329123,9.403714372318251e-36,642627304.7391686,62.64641990000382,1.0,5.264931887566039,891.142662273199,165.13960490299985,7366.551673835308,4.82440207410858,,,,,
1552,34380.02250496991,406.9825238824439,1350.9355101307801,30.14158975088994,897033.5336008787,-6.85459657756307,8.017706372915763,93.02290891097518,0.0,3.5565536354323957,0.187059572329123,0.18705957232912326,9.48918106020032e-36,804596634.9059575,62.67944439989515,1.0,5.264931887566039,891.142662273199,406.9825238824439,7112.583445332838,26860.456535754627,,,,,
1553,9436.487370010354,104.93638231481607,1431.287139507993,2.0153021089300562,79968.41851895473,-1.1617190937144541,2.7585462671613654,83.51526332545392,0.00023274821651858568,3.6559871340581056,0.187059572329123,0.187059572329123,9.444172622851916e-36,676580057.7192029,62.71261709998362,1.0,5.264931887566039,891.142662273199,104.93638231481607,7535.629301058815,1795.9216866367228,,,,,
1554,8184.735198316242,174.77506500717558,1516.88817830872,0.026535811223767015,49297.59733636514,-2.086815922604243,3.642421958644339,88.05266309267316,9.077236586669396e-05,3.4060702935427773,0.187059572329123,0.187059572329123,9.382531301992757e-36,634943879.2092941,62.745929500088096,1.0,5.264931887566039,891.142662273199,174.77506500717558,7986.312939849539,23.647193459526772,,,,,
1555,8488.347308347631,128.62644457168813,1587.8117784427054,0.0,53081.46992402404,-1.5845389786122204,2.956237095017908,92.76594783553205,0.0005405905295146757,3.5770854986196245,0.187059572329123,0.187059572329123,9.326497149783874e-36,11775357.491797475,62.77917620004155,1.0,5.264931887566039,891.142662273199,128.62644457168813,8359.720863775943,0.0,,,,,
1556,8680.139543811954,22.832020051628486,1644.3341924718748,0.0,53062.89350999226,0.19800311258547507,1.492430504142959,46.60619641763803,0.0012538940696934023,3.2554269594429703,0.187059572329123,0.187059572329123,9.33399995954646e-36,1.4352833379692683e-25,62.81413249997422,1.0,5.264931887566039,891.142662273199,22.832020051628486,8657.307523760326,0.0,,,,,
1557,8943.6175388767,58.80282163198346,1687.5459943228511,0.0,53659.95088413121,-1.02548432792508,2.2614691170710035,73.44491676523555,1.427791123562172e-05,3.404440333655929,0.187059572329123,0.187059572329123,9.285263821277143e-36,23794314.97892716,62.84812989993952,1.0,5.264931887566039,891.142662273199,58.80282163198346,8884.814717244717,0.0,,,,,
1558,9048.341756169317,0.7365415601106012,1718.465767045637,0.0,53646.072534292,0.7855021081004963,0.7878201371730288,1.200599629430817,8.285003031019422e-05,3.670003494119541,0.187059572329123,0.187059572329123,9.199957338782607e-36,9.35303427768279e-36,62.892026599962264,1.0,5.264931887566039,891.142662273199,0.7365415601106012,9047.605214609206,0.0,,,,,
1559,9369.928727372686,95.70870869430452,1738.1964918581173,0.1377264124310649,40330.350000568484,-1.4621936410314262,2.815074705852419,85.81980373309334,8.421759286454666e-05,3.733888026596161,0.187059572329123,0.187059572329123,9.24216910312837e-36,625027366.1167624,62.92733919993043,1.0,5.264931887566039,891.142662273199,95.70870869430452,9151.486136839225,122.73388183915579,,,,,
1560,8808.917273485295,2.158189189725028,1749.998346708615,0.0,51350.96329223365,0.6899960063786004,1.0027161509160687,12.843392574367396,0.00019058593083162712,3.2487149112455374,0.187059572329123,0.187059572329123,9.231345916290833e-36,4.320483085631546e-34,62.97483900003135,1.0,5.0324385167901795,896.585529159539,2.158189189725028,8806.759084295569,0.0,17.502378600498822,28.456169061751428,1e-12,0.6150644720488451,1000.0
1561,8821.511980393643,0.8370319337002705,1752.7635795312208,0.0,51380.65380950213,0.8579412275841668,0.862541931492907,1.2023411110087787,0.00047545236751989767,3.733738530750242,0.187059572329123,0.187059572329123,9.269823863086245e-36,9.432722567241673e-36,63.009339899988845,1.0,5.0324385167901795,896.585529159539,0.8370319337002705,8820.674948459942,0.0,,,,,
1562,8794.343785789131,0.7799301768908794,1747.3763119556213,0.0,51330.802822950565,0.8115465357308225,0.827988080993872,1.1988167105632292,0.00031062870343594867,3.6915703452457644,0.187059572329123,0.187059572329123,9.322875367785427e-36,9.486869133757024e-36,63.04407489998266,1.0,5.0324385167901795,896.585529159539,0.7799301768908794,8793.563855612241,0.0,,,,,
1563,8910.675473116653,181.05252933817022,1734.6705607337383,0.0,50711.20259576846,-2.33218206533476,3.838384525008576,92.52562233094928,4.615038917409747e-05,3.724893843630053,0.187059572329123,0.187059572329123,9.478921552545596e-36,438627458.55403256,63.07889600005001,1.0,5.0324385167901795,896.585529159539,181.05252933817022,8729.622943778482,0.0,,,,,
1564,8739.890106755773,106.72160216896847,1715.5040197278481,0.0,50727.99529195548,-1.0753497363022633,2.3656864758444702,85.65629196260923,0.0005376085144308193,3.3569522920576413,0.187059572329123,0.187059572329123,9.496533429155967e-36,110.86266830848231,63.116494100075215,1.0,5.0324385167901795,896.585529159539,106.72160216896847,8633.168504586803,0.0,,,,,
1565,8615.71904417527,107.97359990049047,1690.5811001743232,0.0,50164.17520670927,-1.5314054716296444,2.853978525769012,90.24040971643144,0.00031818025800472993,3.344920599641646,0.187059572329123,0.187059572329123,9.579837306892037e-36,331978816.68359065,63.14962840010412,1.0,5.0324385167901795,896.585529159539,107.97359990049047,8507.74544427478,0.0,,,,,
1566,8359.466041778456,2.400510279844545,1660.6393706780875,0.0,50608.57488475552,0.5978139363091064,0.8464452324141062,21.43733810674923,0.0005027397537040526,3.680437694521581,0.187059572329123,0.187059572329123,9.655734643605045e-36,7.425306523368498e-33,63.18346400000155,1.0,5.0324385167901795,896.585529159539,2.400510279844545,8357.065531498612,0.0,,,,,
1567,8317.55963623986,133.64305414785645,1626.2328004181793,0.0,50075.91499237518,-2.1314172701861622,3.305322034502662,90.08408306993482,0.0005504952244148806,3.6355666755755767,0.187059572329123,0.187059572329123,9.927497836746703e-36,70404981.11327825,63.2173605998978,1.0,5.0324385167901795,896.585529159539,133.64305414785645,8183.9165820920025,0.0,,,,,
1568,7993.502114873961,1.8731334061115057,1588.0231730213206,0.0,49868.55662518591,0.7258546988578426,0.9380078931965998,13.016125724088127,0.0015053019823696237,3.2224651302123353,0.187059572329123,0.187059572329123,9.993632302665442e-36,2.4297376770448194e-34,63.250154699897394,1.0,5.0324385167901795,896.585529159539,1.8731334061115057,7991.628981467849,0.0,,,,,
1569,7866.733415549592,83.59250753865956,1546.5943363328406,0.0,48655.01694274955,-1.633018812925576,2.993610496765954,62.86978000507444,0.0,3.7326828871251063,0.187059572329123,0.187059572329123,1.003253548130923e-35,1.6805706332341348e-09,63.28368999995291,1.0,5.0324385167901795,896.585529159539,83.59250753865956,7783.140908010932,0.0,,,,,
1570,23341.028573121614,350.67208762224703,1502.6442286465422,16.609593614239984,383249.6020390663,-6.037230495234191,7.313731454370133,91.02631408130198,9.364628441838052e-06,2.9227709129104134,0.187059572329123,0.187059572329123,1.0191469862984096e-35,656455963.3906785,63.32680290006101,1.0,5.690522131862742,869.3485573115343,350.67208762224703,8550.830239428966,14439.526246070402,492.2698230031151,27.05654746862184,1.3991055575631315,18.19411081824142,351.84609219944616
1571,14706.196662956416,342.75662507975494,1518.8735030468245,6.579934716839864,175498.4479499878,-5.327786099636939,6.544089153391051,90.09153520100317,0.0,3.7339017835342228,0.187059572329123,0.187059572329123,1.0288751842203895e-35,626970368.3220905,63.359432799974456,1.0,5.690522131862742,869.3485573115343,342.75662507975494,8643.183284587845,5720.256753288814,,,,,
1572,9200.110794446755,224.63039889965904,1560.078298977788,0.11252138966874607,45790.32788780102,-3.002189337287695,4.378010574594829,86.61134665847189,2.280811221263765e-05,3.6794725136064614,0.187059572329123,0.187059572329123,1.0147408483017479e-35,574097945.412737,63.39333379990421,1.0,5.690522131862742,869.3485573115343,224.63039889965904,8877.660087771883,97.82030777521338,,,,,
1573,9126.670229736666,73.58021041373519,1590.9067409881918,0.0,55979.74153794624,-0.7131431161074543,2.272339849807222,68.67620667607946,0.000166888213945518,3.5867765882234304,0.187059572329123,0.187059572329123,1.0033950302534686e-35,1.6411016175995837e-09,63.424924599938095,1.0,5.690522131862742,869.3485573115343,73.58021041373519,9053.090019322932,0.0,,,,,
1574,9203.152039283174,38.482690737324155,1610.5146656456068,0.0,56168.79467751932,-0.5266747109428404,2.0487606654454886,41.05523715350772,0.00020652795225838128,3.4701308592813196,0.187059572329123,0.187059572329123,9.813730454507405e-36,9.436285194687868e-25,63.4549233999569,1.0,5.690522131862742,869.3485573115343,38.482690737324155,9164.669348545849,0.0,,,,,
1575,9218.692560046624,0.8909165620154388,1619.8516462789405,0.0,56673.38854868247,0.854693540055742,0.8750493110280206,1.1984687750239527,0.0,3.7037734638338913,0.187059572329123,0.187059572329123,9.913108780855849e-36,9.956475823440156e-36,63.48425489990041,1.0,5.690522131862742,869.3485573115343,0.8909165620154388,9217.801643484609,0.0,,,,,
1576,10837.20827588575,212.87993731018412,1619.8017481685397,1.6182354356727775,42013.03745628045,-3.43057576860752,4.7734333915192,82.34077574624769,0.00045534859846662473,3.733817262388408,0.187059572329123,0.187059572329123,9.84937652675917e-36,583312632.1084523,63.51527550001629,1.0,5.690522131862742,869.3485573115343,212.87993731018412,9217.517697183035,1406.8106413925311,,,,,
1577,9352.626314350582,96.9444132133187,1626.5083742161808,0.0,56146.80132088497,-1.4691402833744922,2.8130742895168197,62.504283781179744,0.0,3.112829329702212,0.187059572329123,0.187059572329123,9.811969527591358e-36,2.3692313365108567e-12,63.542810899904,1.0,5.690522131862742,869.3485573115343,96.9444132133187,9255.681901137263,0.0,,,,,
1578,9464.675563694018,222.3755582144583,1624.1509017506228,3.836617951469529e-05,55984.796396688325,-3.414701746975091,4.567537218282359,88.06250693331185,0.0,3.7328976023281335,0.187059572329123,0.187059572329123,9.631191285958674e-36,556254259.071667,63.571075400104746,1.0,5.690522131862742,869.3485573115343,222.3755582144583,9242.266651896749,0.03335358281065569,,,,,
1579,9265.041558350817,82.56238841429283,1613.6443997856345,0.0,56774.72373147614,-0.8730774707334001,2.0388856924765895,86.76672585522846,0.0007775517070990612,3.719728474711235,0.187059572329123,0.187059572329123,9.665487947238304e-36,912072.6778514105,63.59793670009822,1.0,5.690522131862742,869.3485573115343,82.56238841429283,9182.479169936523,0.0,,,,,
1580,8668.300997091696,1.5566694077712309,1595.7277073457515,0.0,53938.99769736032,0.48515320214657964,0.7501453036702741,12.267841384268388,0.0008812690740187673,3.6247046893257524,0.187059572329123,0.187059572329123,9.64928853938452e-36,2.340977683043865e-34,63.635454500094056,1.0,5.4312175490765435,875.8811294459575,1.5566694077712309,8666.744327683924,0.0,13.954682112482056,27.66423277851778,1e-12,0.5044304761387904,1000.0
1581,8536.77998106349,0.8451603919679839,1571.642959159842,0.0,53728.20965672876,0.8266170372917323,0.8727548839283672,1.2038179045913735,0.0005075054812229904,3.3481612301564794,0.187059572329123,0.187059572329123,9.669478293427966e-36,9.869761337759142e-36,63.66416010004468,1.0,5.4312175490765435,875.8811294459575,0.8451603919679839,8535.934820671522,0.0,,,,,
1582,8485.489783675355,109.78664552019812,1542.1409771330661,0.0,52823.43493531595,-1.6504597535522711,3.01541806377068,74.80363808633369,6.515950259750047e-05,3.0264081205672224,0.187059572329123,0.187059572329123,9.751750818499856e-36,0.00039609685364901456,63.69299519993365,1.0,5.4312175490765435,875.8811294459575,109.78664552019812,8375.703138155157,0.0,,,,,
1583,8442.519473639197,252.07756174596537,1508.0305360417449,0.0,51906.89378211075,-3.809706432524526,5.058987993628309,83.9830186319201,0.0002849350727209127,3.733901633994102,0.187059572329123,0.187059572329123,9.773802593491114e-36,2.588966769918064,63.722127800108865,1.0,5.4312175490765435,875.8811294459575,252.07756174596537,8190.441911893232,0.0,,,,,
1584,16552.476378499192,163.03811867587942,1470.06529941026,9.596272284909926,252571.34300716076,-2.2326000076183306,3.6245040649331015,84.58266665613813,2.104258989842761e-05,3.722894089188587,0.187059572329123,0.187059572329123,9.838461789662388e-36,647671515.7410605,63.74968310003169,1.0,5.4312175490765435,875.8811294459575,163.03811867587942,7984.244452445468,8405.193807377846,,,,,
1585,8236.62950703151,235.80872481702772,1473.1173461418134,0.0,51646.85814215359,-4.1782721997200545,5.4790522898143506,83.21609149637347,0.00044745965812680033,3.7310993047183434,0.187059572329123,0.187059572329123,9.860134314076619e-36,19861562.471153975,63.77793510002084,1.0,5.4312175490765435,875.8811294459575,235.80872481702772,8000.820782214482,0.0,,,,,
1586,8314.096086310963,338.85294961453206,1468.4079701525566,0.0,51823.75331527579,-5.333029609528161,6.470354908157685,92.20590144423713,0.0006467750227002259,3.499067704643925,0.187059572329123,0.187059572329123,9.787651365702946e-36,20496524.044137254,63.80534099997021,1.0,5.4312175490765435,875.8811294459575,338.85294961453206,7975.24313669643,0.0,,,,,
1587,11056.227878794987,309.7167255666485,1456.7013458396084,3.236568461903084,104718.97182309862,-4.460589087074109,5.786275238198482,91.33718667360716,0.0003799985980944831,3.664341967228974,0.187059572329123,0.187059572329123,9.93483817948199e-36,603368159.0352886,63.83339309995063,1.0,5.4312175490765435,875.8811294459575,309.7167255666485,7911.6619132875,2834.8492399408387,,,,,
1588,7940.477204584981,0.7210376656521311,1461.8740816724062,0.0,52624.30862266753,0.7633526027846115,0.7729068005041089,1.2040059163109815,0.0002102364732670739,3.690678767131326,0.187059572329123,0.187059572329123,9.682140282269149e-36,9.993000797071804e-36,63.8604667999316,1.0,5.4312175490765435,875.8811294459575,0.7210376656521311,7939.756166919329,0.0,,,,,
1589,8139.319135329851,215.4263795921603,1458.9532980657293,0.0,51640.385774946684,-2.343093064740211,3.852228048996833,93.62341796938416,9.317641724958248e-05,3.616460653286654,0.187059572329123,0.187059572329123,9.639432396712464e-36,478856087.3240033,63.898509999969974,1.0,5.4312175490765435,875.8811294459575,215.4263795921603,7923.89275573769,0.0,,,,,
1590,8553.911980083907,197.76509983212785,1448.861356823928,0.0,56603.60318444174,-2.333284461844259,3.784811165719155,95.31872485667496,0.0009510250643467374,3.7304605367438124,0.187059572329123,0.187059572329123,9.659536612276896e-36,236611842.13628617,63.93726760009304,1.0,5.7673888815486265,882.0870729736596,197.76509983212785,8356.14688025178,0.0,326.6347062858187,26.87324293093163,1e-12,12.154644198518213,1000.0
1591,8767.97494657634,408.21938446888237,1431.6394699168657,0.11669369620818704,46250.81855234896,-6.389418581633622,7.43079947396739,90.99595828986216,0.0,3.4988511031736977,0.187059572329123,0.187059572329123,9.593205507232747e-36,604922663.1731151,63.96788299991749,1.0,5.7673888815486265,882.0870729736596,408.21938446888237,8256.8215611847,102.93400092275714,,,,,
1592,8349.405630656354,183.36100175998212,1409.6936878624658,0.040577544128884244,52509.33153973077,-3.183347656684104,4.5945506675341825,89.85002158186123,0.004972199305528072,3.733221993569579,0.187059572329123,0.187059572329123,9.60947410625457e-36,436380835.4737864,63.99768880009651,1.0,5.7673888815486265,882.0870729736596,183.36100175998212,8130.251701767265,35.79292712910701,,,,,
1593,7975.115679618524,0.9306016074687253,1382.6335004949194,0.0,55049.59057373766,0.9255060277724202,0.9263955429543046,1.193460105275214,0.001094590594501281,3.658831476901052,0.187059572329123,0.187059572329123,9.653976861101041e-36,9.802934679706958e-36,64.02541929995641,1.0,5.7673888815486265,882.0870729736596,0.9306016074687253,7974.185078011055,0.0,,,,,
1594,7827.402556224378,37.497630312808546,1350.681406421803,0.0,54240.51618413911,-0.22883856326498073,1.5438264880195798,57.97481984571613,0.0005881208431227775,2.7381998524200126,0.187059572329123,0.187059572329123,9.624185817815199e-36,2.63955419263711e-21,64.0590445001144,1.0,5.7673888815486265,882.0870729736596,37.497630312808546,7789.904925911569,0.0,,,,,
1595,7798.225297379287,213.63184469631247,1314.619759485636,0.003026989560552179,53893.971375226196,-2.4202321146007377,4.190859646909525,91.09292700961589,0.0003626406893163514,1.0483997055186753,0.187059572329123,0.187059572329123,9.778911129335496e-36,552967269.8283241,64.09625139995478,1.0,5.7673888815486265,882.0870729736596,213.63184469631247,7581.923384321586,2.6700683613892955,,,,,
1596,7417.215438562702,63.0797110335745,1275.123956190455,0.0,52725.16331730078,-0.5593988796522379,1.9996803635515918,62.56033670958742,0.00019057391924027361,3.585290715455478,0.187059572329123,0.187059572329123,9.720693279937122e-36,3.113092236210949e-17,64.1334653000813,1.0,5.7673888815486265,882.0870729736596,63.0797110335745,7354.1357275291275,0.0,,,,,
1597,7111.616656727289,0.8886359676624206,1232.9198128998532,0.0,52444.60870263769,0.8748334322804755,0.8796832163751986,1.2044530259342898,0.0004414125876591249,3.5757931685811073,0.187059572329123,0.187059572329123,9.761955772035662e-36,9.988456711130551e-36,64.16353069990873,1.0,5.7673888815486265,882.0870729736596,0.8886359676624206,7110.728020759627,0.0,,,,,
1598,14839.337093470243,262.41921237005425,1188.5619021658363,8.754259548872508,260891.89916755504,-3.72805957344579,5.171672583776792,93.8095565538893,0.0004851768327749917,2.8019614609054493,0.187059572329123,0.187059572329123,9.834991139774788e-36,626759120.2195995,64.1966099999845,1.0,5.7673888815486265,882.0870729736596,262.41921237005425,6854.89869958353,7722.01918151666,,,,,
1599,6827.840108957488,0.6714622511216969,1183.7538246377403,0.0,51529.259022259655,0.7259782416315397,0.7396427025675509,1.2013314463014326,0.00027173961952153824,3.4413413915599436,0.187059572329123,0.187059572329123,9.898861404433502e-36,1.0000642800475457e-35,64.2293269999791,1.0,5.7673888815486265,882.0870729736596,0.6714622511216969,6827.168646706366,0.0,,,,,
1600,7002.4026957234955,198.26520973709515,1172.65266558,0.0,52064.82120482633,-2.182119316312399,3.6265624267527263,94.74596953070625,4.085078048012697e-05,2.9889041627891584,0.187059572329123,0.187059572329123,9.742322525422519e-36,257317415.8243682,64.27145399991423,1.0,5.80234683781752,887.9827193249765,198.26520973709515,6804.1374859864,0.0,159.43043461650612,24.654643319083977,1e-12,6.466548006926495,1000.0
1601,6903.11408781286,196.3366129943802,1155.8732461676057,0.0,51985.88006710323,-2.1287710775490623,3.5343981709944954,91.59173052633022,0.00010346215165511763,3.6861650107367163,0.187059572329123,0.187059572329123,9.830470468355157e-36,833861.1535028736,64.66090080002323,1.0,5.80234683781752,887.9827193249765,196.3366129943802,6706.777474818479,0.0,,,,,
1602,6661.756207169988,81.31503917987116,1134.099934375048,0.0,50541.10780061847,-0.7198951987411145,2.074473642662741,82.37403937258055,0.0011542080317343273,3.705259005397175,0.187059572329123,0.187059572329123,9.888996285696288e-36,9.420331260149404e-11,64.69014180009253,1.0,5.80234683781752,887.9827193249765,81.31503917987116,6580.441167990117,0.0,,,,,
1603,7322.170865644544,318.9311348092826,1108.1617197987105,0.6456218884603963,7412.285033453608,-4.768055074969785,6.05310192883839,92.23286953356425,4.642025964163993e-05,2.837957787893133,0.187059572329123,0.187059572329123,9.777681447397385e-36,616648766.957568,64.72415799996816,1.0,5.80234683781752,887.9827193249765,318.9311348092826,6429.938650664472,573.3010801707893,,,,,
1604,6393.841003509216,98.18177633752799,1085.0194590469741,0.0,49245.69988478917,-0.9827661897501951,2.4625400663227066,76.38940616389814,0.0006768270558630482,3.725572936842681,0.187059572329123,0.187059572329123,9.820277180906689e-36,2.168541850606557e-10,64.75913650006987,1.0,5.80234683781752,887.9827193249765,98.18177633752799,6295.659227171687,0.0,,,,,
1605,6140.622299871289,0.8209930008192461,1058.1582725895578,0.0,49441.98601841414,0.8322433229898523,0.8322433229898523,1.198873542750326,0.0001642136157668575,3.733562717469077,0.187059572329123,0.187059572329123,9.952329483058956e-36,9.9900319049085e-36,64.79422600008547,1.0,5.80234683781752,887.9827193249765,0.8209930008192461,6139.80130687047,0.0,,,,,
1606,6257.445341457473,158.00544713359932,1028.0912497998502,0.15101406721269078,35984.8629315337,-2.5166254839508553,4.112205229168758,70.2627232148067,0.00022661286605014236,1.4771591796570775,0.187059572329123,0.187059572329123,9.893186312430572e-36,591341935.8084633,64.82855030009523,1.0,5.80234683781752,887.9827193249765,158.00544713359932,5965.342012264023,134.09788205984995,,,,,
1607,6052.896911066296,244.42546330329748,997.0253309321165,0.02633460212248435,45468.133328986085,-3.5662863044138136,4.983191697355889,90.70393001783418,9.502020188904836e-05,3.596047431878073,0.187059572329123,0.187059572329123,9.79621487227284e-36,584138896.4160409,64.86158929998055,1.0,5.80234683781752,887.9827193249765,244.42546330329748,5785.086776157933,23.384671605064952,,,,,
1608,5594.153545638985,0.8156685558425234,963.9785475469794,0.0,47318.006495713205,0.812631420075244,0.8366344702768741,1.204439340510754,0.0003870871853887056,2.8052938266206873,0.187059572329123,0.187059572329123,9.807514185860389e-36,1.0067899295718015e-35,64.90196410007775,1.0,5.80234683781752,887.9827193249765,0.8156685558425234,5593.337877083142,0.0,,,,,
1609,5540.975427241032,150.14765457331262,929.0771343643792,0.0,46373.91770348566,-2.738485215137888,4.022042970890934,82.03777141504135,0.0,3.720914596534934,0.187059572329123,0.187059572329123,9.819535713432014e-36,472879084.80137837,64.9349275000859,1.0,5.80234683781752,887.9827193249765,150.14765457331262,5390.827772667719,0.0,,,,,
1610,5156.211946328234,155.22388280065815,892.8008368856921,0.013344843611182197,42433.81064171339,-1.7673895350477429,3.2551552120950547,91.43932591934441,2.9230926782669586e-05,3.7339147489325626,0.187059572329123,0.187059572329123,9.862718304693028e-36,582050687.9543631,64.97938970010728,1.0,5.588103330813631,893.5835833587277,155.22388280065815,4989.0633303541335,11.92473317344201,32.95976640107093,21.720113692792957,0.005414854844300965,1.5174766977397292,1000.0
1611,4921.247163618129,138.2610952950663,855.9229823022362,0.0,42362.325692307,-1.3962159442999564,2.910440620620652,87.02584949908439,0.00012832882141007584,2.81014970239789,0.187059572329123,0.187059572329123,9.907888533999268e-36,140.3497847570002,65.01325540011749,1.0,5.588103330813631,893.5835833587277,138.2610952950663,4782.986068323063,0.0,,,,,
1612,4579.287221115022,4.638889227908751,818.6406122202184,0.0,41997.58868861068,0.4317140791236588,1.1413916636498924,19.25411545737052,0.00044722425993305726,3.210391951580529,0.187059572329123,0.187059572329123,9.934337708787957e-36,2.7326946761219843e-33,65.04752829996869,1.0,5.588103330813631,893.5835833587277,4.638889227908751,4574.648331887112,0.0,,,,,
1613,4400.752337047489,35.46557555513439,781.1750254190032,0.0,40799.236465315334,-0.05980297855859275,1.7079563324746512,49.76711741969335,0.00015899384908604763,3.7333774104370154,0.187059572329123,0.187059572329123,1.0101210259906919e-35,4.0617552076840914e-23,65.08058950002305,1.0,5.588103330813631,893.5835833587277,35.46557555513439,4365.286761492354,0.0,,,,,
1614,4416.849117216305,260.4130901855602,743.8008535224357,0.0,40277.880461239874,-3.432995228522494,4.733812932387492,94.28658200805069,1.762193585730376e-05,3.651946136901253,0.187059572329123,0.187059572329123,1.0138060484529313e-35,46637651.63500959,65.11373570002615,1.0,5.588103330813631,893.5835833587277,260.4130901855602,4156.436027030744,0.0,,,,,
1615,4486.067762970708,237.0250090404157,706.6803620238102,0.3357714652239815,13617.371629132205,-3.5939586728860067,4.881215092616715,89.60707180251904,0.00015133246100541842,3.7291521998950494,0.187059572329123,0.187059572329123,1.0130125445339683e-35,595274981.4053026,65.14675229997374,1.0,5.588103330813631,893.5835833587277,237.0250090404157,3949.0028848458364,300.0398690844558,,,,,
1616,4182.579619672614,187.22497076701094,672.6330766104086,0.2647894584121646,17439.572691881123,-2.1853679559105585,3.6832408787004427,89.3411720721142,0.0009639672875410982,3.3069952331036827,0.187059572329123,0.187059572329123,1.0150734057002146e-35,556135686.752864,65.17816779995337,1.0,5.588103330813631,893.5835833587277,187.22497076701094,3758.743135822044,236.61151308355883,,,,,
1617,3776.527491649463,195.45376428399234,640.8388527139251,0.0,36845.65389139148,-2.0973038341440065,3.603900026049352,94.1112557609942,0.00019762116621572373,1.9757762610350666,0.187059572329123,0.187059572329123,1.0385429522853666e-35,5729434.565014186,65.20990790007636,1.0,5.588103330813631,893.5835833587277,195.45376428399234,3581.073727365471,0.0,,,,,
1618,4020.5553445396604,317.51870784402087,609.1395059912038,0.33472205611900774,12456.509749160796,-4.414203222782078,5.666308658584015,89.21417417590969,0.0,3.643032904465259,0.187059572329123,0.187059572329123,1.0414328004201285e-35,606271117.6600645,65.24152350006625,1.0,5.588103330813631,893.5835833587277,317.51870784402087,3403.9345023596156,299.10213433602405,,,,,
1619,3305.2822527680596,64.33305963961212,579.9730250615397,0.0,35628.15936399113,-0.6704074867245556,2.0041780677115315,67.50655133557139,0.0,2.8699743873470176,0.187059572329123,0.187059572329123,1.0257963263721295e-35,9.125042278034908e-09,65.27425720007159,1.0,5.588103330813631,893.5835833587277,64.33305963961212,3240.9491931284474,0.0,,,,,
1620,264090.29139448644,275.93269831497327,550.830586695668,306.9185480651625,2980924.3046451015,-3.7983712627477493,5.246059090940529,95.79035249885892,0.0,3.6252249060143154,0.187059572329123,0.18705957235410142,1.017545528168772e-35,847931527.0804371,65.31532689998858,1.0,5.629637381293883,849.4546317845767,275.93269831497327,3100.9764616219736,260713.3822345495,112.31980498866064,17.498610177847873,10.206667773231015,6.418784340418667,11.004551875710241
1621,180372.87793152666,571.0564032689164,772.4308488470278,206.54818913462495,2929351.7311320314,-9.122315643327765,10.292756578159954,91.34840128369252,0.00018742091327157012,2.175502862205024,0.187059572329123,0.1870595723293412,1.0372877359520488e-35,689474388.7343162,65.34567740000784,1.0,5.629637381293883,849.4546317845767,571.0564032689164,4348.505581133793,175453.31594712395,,,,,
1622,6961.818679338441,0.7570350713236599,1236.5026684307022,0.0,51752.25815671483,0.6521294960372815,0.7320489456363112,4.934680018360656,0.0,3.298367218386614,0.187059572329123,0.187059572329123,1.0361795567291247e-35,4.3246960227098497e-35,65.37596000009216,1.0,5.629637381293883,849.4546317845767,0.7570350713236599,6961.061644267117,0.0,,,,,
1623,9890.403588244259,169.15708737609276,1726.7979875879485,0.0,57462.59279399199,-1.6914368350765585,3.2207779963710026,81.71741702937118,0.0024480728265128954,3.123245592931126,0.187059572329123,0.187059572329123,1.039896362872074e-35,1.0285964758042298e-11,65.40575730009004,1.0,5.629637381293883,849.4546317845767,169.15708737609276,9721.246500868167,0.0,,,,,
1624,12484.112868516333,130.86305825666432,2194.324247474083,0.0,59589.42399105406,-1.682703294494036,2.8821134811277034,77.95951987193128,0.0,3.7023570567264414,0.187059572329123,0.187059572329123,1.0414796704684401e-35,90.14642476252229,65.43634169991128,1.0,5.629637381293883,849.4546317845767,130.86305825666432,12353.24981025967,0.0,,,,,
1625,14719.215052518872,1.0877928883402035,2614.400584402792,0.0,59480.58941723367,0.5632078799049149,0.7140792377493036,9.74291257675059,0.0006782566017480215,3.731584752358334,0.187059572329123,0.187059572329123,1.0527797542027064e-35,1.3817856599330198e-34,65.46464999997988,1.0,5.629637381293883,849.4546317845767,1.0877928883402035,14718.127259630532,0.0,,,,,
1626,16797.937118855545,0.8455532983372649,2983.6897881505574,0.0,58524.110989767265,0.8688034229712857,0.8688034229712857,1.209827601919871,0.0003725345481529335,3.7020893518556095,0.187059572329123,0.187059572329123,1.0892636752851685e-35,1.1237355931231938e-35,65.49236720008776,1.0,5.629637381293883,849.4546317845767,0.8455532983372649,16797.091565557206,0.0,,,,,
1627,18613.67942779011,4.893523800887013,3305.5034709379966,0.0,57414.12460355969,0.4856868420596328,1.0896900057584913,18.839522383834282,8.33532829186065e-06,3.4960748559419628,0.187059572329123,0.187059572329123,1.0830247881117042e-35,1.2094134241621826e-32,65.52006489993073,1.0,5.629637381293883,849.4546317845767,4.893523800887013,18608.785903989225,0.0,,,,,
1628,20179.93420603388,0.8186277717436493,3584.4432263635927,0.0,56555.421421661595,0.8151965753494851,0.8493509319489109,1.210225590191149,2.6233683575793698e-05,3.4667384978705607,0.187059572329123,0.187059572329123,1.1006067138508235e-35,1.1917552505897599e-35,65.55069079995155,1.0,5.629637381293883,849.4546317845767,0.8186277717436493,20179.115578262135,0.0,,,,,
1629,21535.45732968637,2.224153056739523,3824.976942241448,0.0,55674.00649945474,0.6958248406503948,0.953357908984935,16.43646507530475,0.0,2.9477742423196096,0.187059572329123,0.187059572329123,1.1216904816647218e-35,2.7433096071030674e-33,65.57842370006256,1.0,5.629637381293883,849.4546317845767,2.224153056739523,21533.23317662963,0.0,,,,,
1630,21560.378573983246,0.7209743893521168,4031.194678345036,0.0,52209.99532325712,0.7519533639466416,0.7856269419825903,1.2063338131747041,0.0,3.4912663431012714,0.187059572329123,0.187059572329123,1.2039025329083157e-35,1.2322368370263325e-35,65.6164438999258,1.0,5.348205512229189,856.9819001953479,0.7209743893521168,21559.657599593895,0.0,0.0011553908659942677,29.35346595242593,1e-12,0.001,1000.0
1631,22501.493238588257,0.7818243857060777,4207.15160678708,0.0,51576.884735315594,0.7637758838604337,0.7983122500656062,1.1942048499028388,0.0,3.398282643790461,0.187059572329123,0.187059572329123,1.2598080406032518e-35,1.2701846825892547e-35,65.64765210007317,1.0,5.348205512229189,856.9819001953479,0.7818243857060777,22500.71141420255,0.0,,,,,
1632,23332.015340786034,34.89162990751409,4356.063666141362,0.0,50736.552810069195,-0.19774386735706861,1.7741492223754052,45.43305054223502,1.0052037027641347e-05,2.871048661069437,0.187059572329123,0.187059572329123,1.2083319381218008e-35,4.335389755915551e-17,65.67432729993016,1.0,5.348205512229189,856.9819001953479,34.89162990751409,23297.12371087852,0.0,,,,,
1633,23965.25887218618,0.7503561629964103,4480.850345265532,0.0,50504.762743186606,0.7504313850408264,0.7961436504115893,1.2222524688411849,0.0007054237644417843,3.6607728144675806,0.187059572329123,0.187059572329123,1.2681037712749916e-35,1.3599193843797725e-35,65.70157640008256,1.0,5.348205512229189,856.9819001953479,0.7503561629964103,23964.508516023183,0.0,,,,,
1634,24617.81068475215,101.5437184691721,4584.017369980297,0.0,49775.786526503915,-2.226176021257376,3.5286035997142835,52.11160099576738,6.953535460138549e-07,3.2609195109884292,0.187059572329123,0.187059572329123,1.2965574164630434e-35,57735409.842085734,65.73027119995095,1.0,5.348205512229189,856.9819001953479,101.5437184691721,24516.266966282976,0.0,,,,,
1635,25026.34314027759,61.494275193536744,4667.892587149,0.0,49298.83588546412,-0.7100554045841085,2.1071738429298508,59.97342148377771,0.0003551392369918749,2.1534706366108844,0.187059572329123,0.187059572329123,1.3337881033786163e-35,3.7053950657895425e-09,65.75738770002499,1.0,5.348205512229189,856.9819001953479,61.494275193536744,24964.84886508405,0.0,,,,,
1636,25322.259016507964,0.813893275357692,4734.568457650454,0.0,49239.560278834186,0.7842961568396171,0.8296779392024395,1.2114065380011976,0.00014530724499333542,3.590808840329487,0.187059572329123,0.187059572329123,1.3798125881694373e-35,1.9106401220827934e-35,65.78480949997902,1.0,5.348205512229189,856.9819001953479,0.813893275357692,25321.445123232606,0.0,,,,,
1637,25657.994087264662,61.167719431005935,4785.834809725986,0.0013982300425852668,48590.557686112785,-0.8056745242688521,2.2829340763687043,55.74923284393523,0.00011566136488571493,3.730717475438178,0.187059572329123,0.187059572329123,1.431594641288188e-35,5.530596698213471e-09,65.8123713999521,1.0,5.348205512229189,856.9819001953479,61.167719431005935,25595.62810999485,1.198257838804944,,,,,
1638,25805.17475915464,2.303160999052859,4823.489928880352,0.006833484271229068,48430.936031077894,0.5627221333748799,0.8344526862800048,19.148310056773074,0.00022123629037858195,3.7336298097220255,0.187059572329123,0.187059572329123,1.4923708969669248e-35,1.4851350556889475e-32,65.83956420002505,1.0,5.348205512229189,856.9819001953479,2.303160999052859,25797.015425819875,5.856172335712908,,,,,
1639,25983.675645100866,35.449130100486144,4849.098666639602,0.016628468736624734,47906.550055999454,-0.3478218724158736,1.7665058757354082,49.368128744041414,0.0001177938606459969,2.4260495456750535,0.187059572329123,0.187059572329123,1.59670046923106e-35,4.052883852633876e-14,65.86801690002903,1.0,5.348205512229189,856.9819001953479,35.449130100486144,25933.97621826513,14.2502967352516,,,,,
1640,25064.320448832088,18.81376453217953,4864.147220279448,0.027521062419676313,45891.75954975054,-0.1260662344277503,1.4918384443644015,27.211801421617466,0.0,3.7236754614745826,0.187059572329123,0.187059572329123,1.6102405582006403e-35,3.202122602069363e-24,65.90737679996528,1.0,5.1441133868460485,864.1328051855804,18.81376453217953,25021.724831429507,23.78185287040235,35.47502642092411,28.01331552880549,0.003426995578977683,1.2663630045663785,1000.0
1641,25109.009474261853,20.44445154554134,4870.203535565415,0.0412966832588227,45503.54802641791,0.003383950425088642,1.5271171466179823,35.044992321172565,0.0,3.7336007169880427,0.187059572329123,0.187059572329123,1.6668151612155866e-35,2.4519659614380522e-20,65.9364998000674,1.0,5.1441133868460485,864.1328051855804,20.44445154554134,25052.879203967008,35.685818749306854,,,,,
1642,25164.32720114653,75.5734125511833,4868.40777745363,0.05220513293789515,44969.406544415615,-1.0509025163804577,2.3892712215810534,61.14222705013662,0.00043127898037378237,3.6799670618329494,0.187059572329123,0.187059572329123,1.750510262720483e-35,6.098998051805704e-07,65.96564340009354,1.0,5.1441133868460485,864.1328051855804,75.5734125511833,25043.641620624636,45.11216797070948,,,,,
1643,25165.185850253092,112.55817949417144,4859.772058522845,0.06180666579334768,45073.1960135801,-1.728481956937098,3.2189275473908165,74.39234572885388,7.497060480383261e-06,2.323848029409606,0.187059572329123,0.187059572329123,1.7964200435206229e-35,2818169.7856953572,65.99590010009706,1.0,5.1441133868460485,864.1328051855804,112.55817949417144,24999.218503267748,53.40916749117319,,,,,
1644,24987.894935152395,0.8638189922374526,4845.060849417546,0.07347104543038196,45004.54707121367,0.8410751885197311,0.8410751885197311,1.2267714968567989,0.00014225115635161517,3.4878907811576316,0.187059572329123,0.187059572329123,1.839835493672165e-35,2.0318723923577482e-35,66.02988489996642,1.0,5.1441133868460485,864.1328051855804,0.8638189922374526,24923.542375572484,63.488740587673185,,,,,
1645,24927.213311473603,39.54169006252654,4825.022540078924,0.07777575478426914,44949.69232689573,-0.3327454767433642,1.6317064063027145,65.06229354195015,0.0,3.714640550644252,0.187059572329123,0.187059572329123,1.949580409845265e-35,6802.359649979045,66.07249290007167,1.0,5.1441133868460485,864.1328051855804,39.54169006252654,24820.46304025392,67.20858115715632,,,,,
1646,24783.202801388412,18.494622793903922,4800.270933378828,0.0828231601473951,44459.16461713519,0.03950991190752317,1.4413908231611494,37.51108267069471,0.00016048743763238948,3.5690254710625062,0.187059572329123,0.187059572329123,1.9282563901848872e-35,1.695738676350355e-19,66.10474169999361,1.0,5.1441133868460485,864.1328051855804,18.494622793903922,24693.137968882005,71.5702097125031,,,,,
1647,24623.348111792944,2.4102635745131855,4771.446705418592,0.08803620901284759,44454.203384492976,0.6497863261987942,0.8877411753450557,20.32504065297655,1.2801359881881025e-05,3.3508372036259275,0.187059572329123,0.187059572329123,1.9615409748765585e-35,6.160511899665654e-30,66.13420219998807,1.0,5.1441133868460485,864.1328051855804,2.4102635745131855,24544.862871966252,76.07497625217607,,,,,
1648,24468.156913914747,10.292638737211973,4739.035917685205,0.09226147854865559,44240.24742987491,0.2573089837082296,1.128453361789263,25.565353544970627,1.2235222656822864e-05,3.7337957003412514,0.187059572329123,0.187059572329123,2.025651784124701e-35,1.7042311555868358e-26,66.16426260001026,1.0,5.1441133868460485,864.1328051855804,10.292638737211973,24378.138104908714,79.726170268819,,,,,
1649,24279.522137377986,0.6817204773336083,4703.508352757722,0.09658253203282663,44165.55183928719,0.7493198578410982,0.7493198578410982,1.2086882438186508,0.00040557510615837206,3.7338826068632436,0.187059572329123,0.187059572329123,2.032226071237728e-35,2.1107421826109593e-35,66.19299130002037,1.0,5.1441133868460485,864.1328051855804,0.6817204773336083,24195.3802825632,83.46013433745266,,,,,
1650,22882.06754092295,0.8359847160006464,4665.260295833279,0.10025129710136216,41830.19818120122,0.8284997995893605,0.8397407868274795,1.204099020539874,0.0,2.283228662058888,0.187059572329123,0.187059572329123,2.0826367830246502e-35,2.1229443937462062e-35,66.2395891000051,1.0,4.886957717503746,820.9544584494312,0.8359847160006464,22798.92980688625,82.3017493207018,0.0030469656848580093,26.771406322787236,0.005384563935146696,0.001,0.565870462595779
1651,22687.739664170975,0.6763270880055046,4624.973109210497,0.10355666736984341,41712.60924703626,0.7287875086607604,0.7534584441282577,1.200724248437362,7.165167695727392e-05,3.7338079265105266,0.187059572329123,0.187059572329123,2.0925744774647074e-35,3.665339736932469e-35,66.54864750010893,1.0,4.886957717503746,820.9544584494312,0.6763270880055046,22602.048029303533,85.01530777943768,,,,,
1652,22484.947490475366,0.7521287110030657,4582.928931663886,0.10672388644288393,41603.87440972095,0.7421926181605958,0.8029795136463092,1.1877391483160165,8.010367915520233e-06,3.7336052491391096,0.187059572329123,0.187059572329123,2.1088944493260417e-35,2.1441842797022882e-35,66.58287849999033,1.0,4.886957717503746,820.9544584494312,0.7521287110030657,22396.579911366025,87.61545039833636,,,,,
1653,22423.974885588425,150.06239802574694,4539.376773671153,0.10983572826132973,40817.89902627528,-2.8429598084811536,4.201761682404386,73.10831274398471,0.0,3.4787078073459514,0.187059572329123,0.187059572329123,2.1170399726007174e-35,3045771.6966561535,66.6169517999515,1.0,4.886957717503746,820.9544584494312,150.06239802574694,22183.7423567495,90.17013081317883,,,,,
1654,22061.708635148934,4.791389739814331,4494.64117566229,0.11181602542187179,41389.715152779565,0.525801754676577,0.9625857774421345,24.211384897058707,0.0009723354928925648,2.9647810738751765,0.187059572329123,0.187059572329123,2.142339895706276e-35,5.701061428874897e-31,66.64871270000003,1.0,4.886957717503746,820.9544584494312,4.791389739814331,21965.12138081294,91.79586459618058,,,,,
1655,21905.23043192993,70.41366142893935,4448.79676252835,0.1141781950175809,41205.69972731031,-1.0995801293760075,2.6175039302094945,75.9959096060135,6.302022966705317e-05,3.7025234776436524,0.187059572329123,0.187059572329123,2.1436854924416467e-35,10276643.689419566,66.68234080006368,1.0,4.886957717503746,820.9544584494312,70.41366142893935,21741.0816722436,93.73509825739167,,,,,
1656,21607.187027090346,0.7360624823871156,4402.016802834288,0.11447769903494584,41253.23706386292,0.7671395038320182,0.7798797204297888,1.198469479977928,0.0,3.463788517215332,0.187059572329123,0.187059572329123,2.1538360301918388e-35,2.1975642001096477e-35,66.71631200006232,1.0,4.886957717503746,820.9544584494312,0.7360624823871156,21512.469987192188,93.98097741577094,,,,,
1657,21375.12400457775,0.9578591547651698,4354.43157446861,0.11479705879133162,41184.5639408538,0.9096732638171242,0.9334114818187467,1.1986125950144313,0.00039389873251374774,3.6979087586754273,0.187059572329123,0.187059572329123,2.1612129111090815e-35,2.1699404391213892e-35,66.74945600004867,1.0,4.886957717503746,820.9544584494312,0.9578591547651698,21279.92298819136,94.24315723162516,,,,,
1658,21257.093101094164,117.93066620666472,4306.163753848287,0.11586787087236347,40630.0664757906,-2.606489986835576,3.866394365374228,76.33010057660083,0.0005750339566815907,3.042898438405575,0.187059572329123,0.187059572329123,2.1676106860692075e-35,3773019.277642714,66.78311889991164,1.0,4.886957717503746,820.9544584494312,117.93066620666472,21044.04018970379,95.12224518370978,,,,,
1659,20904.61170389108,5.697328526144886,4257.391323796951,0.11355439774090736,40969.81920663923,0.3408614174132406,1.2382138031740666,17.65115207286011,0.0,3.613253486594842,0.187059572329123,0.187059572329123,2.162384345502323e-35,3.905433569877774e-32,66.81660560006276,1.0,4.886957717503746,820.9544584494312,5.697328526144886,20805.691386263,93.22298910193791,,,,,
1660,19624.9860113572,0.8712693101687343,4208.138960084896,0.11175163080736787,38969.41580071867,0.8542789680876247,0.878567587850247,1.1881006030536705,1.5249858066716804e-05,3.709447220753628,0.187059572329123,0.187059572329123,2.151843006912101e-35,2.1603879136673342e-35,66.86146980011836,1.0,4.642659831628558,779.9172640258565,0.8712693101687343,19536.95771589732,87.15702614970996,0.0011020610424793131,25.919915606712852,0.005233704506494883,0.001,0.2105699779404217
1661,19414.389186061835,21.107089837265708,4158.735317201384,0.10986894717054423,38876.36984977938,-0.23635725071454625,1.635038258699459,25.091051879622118,0.0001192234009814927,3.710580588180109,0.187059572329123,0.187059572329123,2.146384152355281e-35,2.2946216540801626e-26,66.90207899990492,1.0,4.642659831628558,779.9172640258565,21.107089837265708,19307.593407545915,85.68868867865223,,,,,
1662,19287.473507209277,126.02496768670498,4109.218587750818,0.10737608545569832,38162.76648408676,-2.4892571612022567,3.8539688566500363,60.13761364196212,0.0007230239498228555,3.666875518137749,0.187059572329123,0.187059572329123,2.141395803319109e-35,2.9643695144513573e-10,66.93690280010924,1.0,4.642659831628558,779.9172640258565,126.02496768670498,19077.704076732156,83.7444627904148,,,,,
1663,18929.537328412236,0.7896667283427433,4059.714527264283,0.10369574031176661,38867.13197411045,0.8154114352920734,0.8496121410947092,1.1931697255092653,0.00014344169901429893,3.3074770198829655,0.187059572329123,0.187059572329123,2.1304865655106418e-35,2.133798240077757e-35,66.97044189996086,1.0,4.642659831628558,779.9172640258565,0.7896667283427433,18847.873563608806,80.87409807508872,,,,,
1664,18766.34236379075,70.2188845688013,4010.1165243035507,0.10067294995194087,38772.35186640797,-0.9763047209408252,2.3790574623366236,65.0399241300072,0.0,3.4197581643189814,0.187059572329123,0.187059572329123,2.1196568613975494e-35,48.39482001840028,67.00395200005732,1.0,4.642659831628558,779.9172640258565,70.2188845688013,18617.60690753402,78.51657168792971,,,,,
1665,18470.49573279224,8.031493837133805,3960.446867421776,0.09674956018715714,38771.90078008937,0.43830588419350525,1.1912035453086673,24.17352908432074,0.00013063682353511158,3.42129573794183,0.187059572329123,0.187059572329123,2.1082975193809417e-35,7.102269843847179e-27,67.0366684999317,1.0,4.642659831628558,779.9172640258565,8.031493837133805,18387.00758667823,75.45665227687253,,,,,
1666,18229.240021130587,0.7914941752857465,3910.7126860710086,0.09275320553848869,38812.479070153764,0.813307175339408,0.8243585046946358,1.1971903790629912,1.1478256842691742e-05,3.3611373216585685,0.187059572329123,0.187059572329123,2.0947539822370457e-35,2.2646096485985823e-35,67.06996469991282,1.0,4.642659831628558,779.9172640258565,0.7914941752857465,18156.108700662095,72.33982629320602,,,,,
1667,17996.417922736902,2.3205022075980657,3860.9084949747044,0.08874356359225409,38770.853237008494,0.6577752336070851,0.9501012331640065,14.722805749702486,5.927149734077236e-05,3.6271983826683822,0.187059572329123,0.187059572329123,2.081379984645634e-35,7.52361497312613e-33,67.10294799995609,1.0,4.642659831628558,779.9172640258565,2.3205022075980657,17924.884783212532,69.21263731677543,,,,,
1668,17762.627625830268,3.1888514200936453,3811.041205472643,0.0847152077901227,38796.02910486923,0.6425207986703831,0.9427130460278522,19.35096964937908,6.718990160647226e-05,3.641902292833854,0.187059572329123,0.187059572329123,2.067321152896521e-35,1.707420632088872e-27,67.13662620005198,1.0,4.642659831628558,779.9172640258565,3.1888514200936453,17693.367921329118,66.07085308105442,,,,,
1669,17525.29843749918,0.934284034276796,3761.101988740341,0.08058165985123428,38788.65653544713,0.6325123307631809,0.787006926045752,7.039233008233652,3.4779949419187772e-06,3.614794888665725,0.187059572329123,0.187059572329123,2.0525856907521035e-35,2.7008344862309892e-34,67.17027859995142,1.0,4.642659831628558,779.9172640258565,0.934284034276796,17461.517125783066,62.84702768183685,,,,,
1670,16425.54639820329,0.8546708578259133,3711.0882277998844,0.07646061034925947,36861.0453250892,0.8601865200076894,0.8624477157525176,1.193045376458436,0.00016160174002021604,3.7187577150952698,0.187059572329123,0.187059572329123,2.037691806075293e-35,2.042504088479229e-35,67.21434019994922,1.0,4.4105768400471295,740.9297176804001,0.8546708578259133,16368.039788905717,56.651938439747894,0.0007087916188572704,25.48282119981517,0.004261175333506993,0.001,0.1663371167301692
1671,16411.77485294053,208.75253127649407,3661.2478095556753,0.07397129020020037,36771.95766975785,-4.092398554781429,5.531718389368737,76.2393578873849,7.683246597580545e-05,3.6124114514201504,0.187059572329123,0.187059572329123,2.0231443356388006e-35,9521744.779385109,67.24617250007577,1.0,4.4105768400471295,740.9297176804001,208.75253127649407,16148.214794499545,54.80752716448941,,,,,
1672,15980.73776285511,0.8053561844860808,3611.5477408256615,0.06872930460914843,36874.46520101462,0.8178615118681614,0.833397011293119,1.197086910687783,0.0007360275687115017,3.732459864662741,0.187059572329123,0.187059572329123,2.0089073198822713e-35,2.02301288750887e-35,67.27575660008006,1.0,4.4105768400471295,740.9297176804001,0.8053561844860808,15929.008822410196,50.92358426042657,,,,,
1673,15875.851600472182,117.00226841344964,3561.9565377105073,0.06554781164717564,37102.872989364674,-1.7672698708628911,3.275979751449637,68.91112879257398,0.0,3.6206436507259445,0.187059572329123,0.187059572329123,1.9949158522388983e-35,9171.173873474629,67.30505149997771,1.0,4.4105768400471295,740.9297176804001,117.00226841344964,15710.283010480423,48.566321578309896,,,,,
1674,15553.49648988939,15.902818029269534,3512.4105430184227,0.06186427267245277,36782.673435169854,0.037012012535949726,1.3725900225996592,32.5479385739134,0.0009288272771711403,3.731072665215376,0.187059572329123,0.187059572329123,1.9814094647699154e-35,1.4107822341978916e-21,67.336184799904,1.0,4.4105768400471295,740.9297176804001,15.902818029269534,15491.756593774417,45.83707808570372,,,,,
1675,15317.652721959541,0.8110914778448526,3462.9362842881137,0.05843341872859688,36908.50881191004,0.8383550569539132,0.8420827701878353,1.1967590634725123,0.00013723594736420736,3.6896293751356737,0.187059572329123,0.187059572329123,1.9683871397198013e-35,1.9689988636129744e-35,67.36560910008848,1.0,4.4105768400471295,740.9297176804001,0.8110914778448526,15273.546574040016,43.29505644167989,,,,,
1676,15097.312178895669,0.7567447458853712,3413.4911609752585,0.055457859046819456,36921.526963103206,0.769529411677787,0.7929941840607995,1.195627058815599,0.0005289810080474494,3.7264330560593404,0.187059572329123,0.187059572329123,1.955921380834114e-35,2.0699774901863642e-35,67.39277129992843,1.0,4.4105768400471295,740.9297176804001,0.7567447458853712,15055.465058303063,41.09037584671936,,,,,
1677,14877.273165780956,0.8644038394940661,3364.05232634345,0.05263317388113311,36934.25369761233,0.8572712677777226,0.8768287900277261,1.1970200069660935,1.9636934986744237e-05,2.309183292503852,0.187059572329123,0.187059572329123,1.9440522851548397e-35,1.970150079161879e-35,67.42019540001638,1.0,4.4105768400471295,740.9297176804001,0.8644038394940661,14837.41127927709,38.99748266437136,,,,,
1678,14678.530396262548,22.066881505456738,3314.5992843808717,0.0501649159739358,36759.427272236004,-0.14567319365110828,1.5365509582129542,41.1229999681289,0.0001731905797375463,3.7010136520504737,0.187059572329123,0.187059572329123,1.932785956355037e-35,2.9368477266850754e-17,67.44641859992407,1.0,4.4105768400471295,740.9297176804001,22.066881505456738,14619.294837727062,37.168677030029244,,,,,
1679,14633.89219460685,195.24228652626147,3265.139832407912,0.0506117960341564,36690.24431722934,-4.00951659110489,5.173976116157863,74.45650769505622,3.635591886765738e-05,3.411934452273338,0.187059572329123,0.187059572329123,1.9221610803140667e-35,60548355.830872394,67.47482010000385,1.0,4.4105768400471295,740.9297176804001,195.24228652626147,14401.150124333702,37.4997837468855,,,,,
1680,13789.596643062956,11.046683552232082,3215.671580835056,0.04544530008282335,35715.35688145667,0.06670225889197429,1.4579065387152073,21.40343861894936,0.0003932320912484327,3.6938640492624466,0.187059572329123,0.187059572329123,1.9120988102035813e-35,1.2332881951987926e-29,67.51142930006608,1.0,4.274158341208826,753.8832317963801,11.046683552232082,13744.289509814327,34.26044969639517,42.545300684445856,25.291360779174973,0.003276280280827925,1.6822068632810718,1000.0
1681,13679.28582120179,111.1633023341332,3166.320028373972,0.046120350194856316,35885.03550628674,-2.2174112705639217,3.599921354236999,79.10950277535348,2.5168953523887344e-05,3.5691110634160066,0.187059572329123,0.187059572329123,1.9023744386822523e-35,69808506.37759686,67.53946879995055,1.0,4.274158341208826,753.8832317963801,111.1633023341332,13533.35316021118,34.769358656479085,,,,,
1682,13354.391697829282,0.7070781417741676,3117.0382068688473,0.04108032467922969,35816.81646825779,0.7047952856467277,0.7363824164952743,1.1957609674443224,0.0,3.713925918771255,0.187059572329123,0.187059572329123,1.8929071049653186e-35,1.8937487571735997e-35,67.57096779998392,1.0,4.274158341208826,753.8832317963801,0.7070781417741676,13322.714851755087,30.96976793242227,,,,,
1683,13230.028335581903,87.83131454571046,3067.8137478249764,0.039628552851308806,35425.83919523695,-1.2745835457074042,2.7293380769294497,69.17040101655533,0.0005363312372936094,3.7208351295977233,0.187059572329123,0.187059572329123,1.8838554265617268e-35,1.9069377374557757,67.60113959992304,1.0,4.274158341208826,753.8832317963801,87.83131454571046,13112.321719541234,29.875301494958336,,,,,
1684,13030.383644771046,65.79396181442706,3018.6842157310375,0.08257958286993178,34285.48438670023,-0.9429583907665197,2.3917699031466837,60.751358479210225,0.0003858481843792977,3.304060262335062,0.187059572329123,0.187059572329123,1.875246010140984e-35,154545327.6610083,67.6393271998968,1.0,4.274158341208826,753.8832317963801,65.79396181442706,12902.334320142238,62.25536281438116,,,,,
1685,12812.589047305235,91.21187303620763,2969.88551573735,0.03663196577426342,35061.35494463987,-1.8608111075370288,3.0609652302171724,74.55399312060088,0.00456281419277281,2.5997950059799044,0.187059572329123,0.187059572329123,1.8656181435957746e-35,3.921265256147655e-10,67.68039690004662,1.0,4.274158341208826,753.8832317963801,91.21187303620763,12693.760949524072,27.616224744956092,,,,,
1686,12511.663501760633,0.7462768824686012,2921.1834662722144,0.03358152196745495,35702.52845272759,0.7564343682152801,0.7618545608790025,1.1963623016173373,0.0005246955004915704,3.699526132832497,0.187059572329123,0.187059572329123,1.8565554677319994e-35,1.8571695165380698e-35,67.71436399989761,1.0,4.274158341208826,753.8832317963801,0.7462768824686012,12485.600678568699,25.316546309466073,,,,,
1687,12465.534710623222,163.5120805702927,2872.498685144207,0.03250956354876243,35197.24195060027,-3.149879478544032,4.575395142616394,67.55990269706788,0.0,3.171350385133027,0.187059572329123,0.187059572329123,1.8480945058800655e-35,2076.5313559306046,67.74624800006859,1.0,4.274158341208826,753.8832317963801,163.5120805702927,12277.514215220497,24.508414832430816,,,,,
1688,12116.046574476042,23.169493407526073,2823.9059606457267,0.030582805947708337,35448.76335378516,-0.3016884130028876,1.7574137381698052,27.750534624923493,0.0001378600174294503,3.7154401531600105,0.187059572329123,0.187059572329123,1.8402744984033282e-35,3.547064960439035e-21,67.77716169995256,1.0,4.274158341208826,753.8832317963801,23.169493407526073,12069.821216483257,23.055864585259915,,,,,
1689,11911.338894254934,26.777006141981133,2775.395000623765,0.029293921281398082,35258.581266676876,-0.3417346347800403,1.5492217281620286,45.607246890783806,0.0003167866644743708,3.7214885278095857,0.187059572329123,0.187059572329123,1.833007322540539e-35,3.1593919462802724e-16,67.80772099993192,1.0,4.274158341208826,753.8832317963801,26.777006141981133,11862.477692065342,22.08419604760914,,,,,
1690,12148.199049428333,210.4942944491185,2727.0241520582554,0.06772655710937085,34686.6467873475,-4.4378682060316414,5.6693690179754075,78.71005796620116,0.0028459257476689814,3.73284990787443,0.187059572329123,0.187059572329123,1.8262673473099078e-35,26451800.204020176,67.84570830012672,1.0,4.35852883744661,766.189070206561,210.4942944491185,11885.813407159294,51.89134781992041,147.87876232609037,24.805345796399386,0.007256194982086309,5.9615682659644955,1000.0
1691,11965.174498511968,164.19539505819424,2679.000014854373,0.1624667957708309,32001.228721690863,-2.4470089786671583,3.979840313916227,78.9401507012392,0.00011095199147456714,2.977480116689379,0.187059572329123,0.187059572329123,1.818665769547401e-35,191745726.48030707,67.8747894000262,1.0,4.35852883744661,766.189070206561,164.19539505819424,11676.498820262681,124.48028319109217,,,,,
1692,11506.641410998152,16.318888594281898,2631.919593736315,0.02483078394507498,35543.37482945302,0.006991444634415344,1.657012307561028,23.63847115101808,0.0002546375784577004,3.6810469142675957,0.187059572329123,0.187059572329123,1.808868832704538e-35,4.684454301585976e-24,67.90834580012597,1.0,4.35852883744661,766.189070206561,16.318888594281898,11471.297447140494,19.025075263377,,,,,
1693,11685.745630828273,107.27499967190988,2584.9760915907623,0.4069201767181858,22593.17705718668,-1.5512166499065598,3.0639939609637565,78.36546098532794,0.0,3.733057996671051,0.187059572329123,0.187059572329123,1.8000241309088645e-35,222926760.8746944,67.93690999993123,1.0,4.35852883744661,766.189070206561,107.27499967190988,11266.692839308365,311.7777918479963,,,,,
1694,11157.69359645395,60.23776036021348,2540.7253685194296,0.03084232115614448,34221.931234071126,-1.8855172756494654,3.103711926964517,53.69358903314735,0.0004955785691656556,3.6888749218077965,0.187059572329123,0.187059572329123,1.7870370636942963e-35,46697261.160206676,67.96521029993892,1.0,4.35852883744661,766.189070206561,60.23776036021348,11073.824786724099,23.631049369638486,,,,,
1695,13097.180018340165,105.57797257645534,2496.645034975505,2.7537624145255055,49423.15784192239,-1.4214117170169691,3.0431830489923692,75.5446260424769,0.00045111853529952034,2.4021385823159362,0.187059572329123,0.187059572329123,1.7749958291875266e-35,224347219.9221187,67.99529869994149,1.0,4.35852883744661,766.189070206561,105.57797257645534,10881.699381808638,2109.9026639550716,,,,,
1696,10865.430932411444,103.50744105322062,2466.31880296347,0.016186430722373503,34483.64637727374,-1.4858525789777275,3.0488173622208916,68.38904997656704,0.0004716843991561803,3.1828404398003087,0.187059572329123,0.187059572329123,1.7513941519349423e-35,0.16320777262159641,68.02561890007928,1.0,4.35852883744661,766.189070206561,103.50744105322062,10749.521625053087,12.401866305138268,,,,,
1697,10730.53499205345,106.0967507294812,2434.615949439004,0.017090321561340053,34341.019295947466,-1.8549180166107426,3.154455854278098,78.63978398464322,0.00019872631344144964,3.536907935904298,0.187059572329123,0.187059572329123,1.730966092370789e-35,31404345.06524904,68.05526920012198,1.0,4.35852883744661,766.189070206561,106.0967507294812,10611.343823737356,13.094417586614277,,,,,
1698,10480.331172246244,3.979736650509746,2401.7718909736573,0.010649313773392791,34188.49605951467,0.5038830927137504,0.9980307800218895,15.004564695558525,1.992780220776147e-06,3.6656451798986796,0.187059572329123,0.187059572329123,1.7133029995229746e-35,1.2881597402333249e-31,68.08477979991585,1.0,4.35852883744661,766.189070206561,3.979736650509746,10468.19204777736,8.159387818373746,,,,,
1699,10577.963822286072,160.74209080224125,2367.977164107393,0.12571958939684066,30978.44763540848,-3.3821303253396553,4.8224238902400005,79.56211351719509,0.0005294245044114784,3.229052748215776,0.187059572329123,0.187059572329123,1.6985969172214974e-35,138951953.67559597,68.11428639991209,1.0,4.35852883744661,766.189070206561,160.74209080224125,10320.896756177115,96.32497530671598,,,,,
1700,9992.092944571852,72.11132701550702,2334.0785193298607,0.012459532931777298,32559.163235963028,-0.9930689327414244,2.314188086139437,79.0417913252601,5.9118276625767796e-05,3.533674364826988,0.187059572329123,0.187059572329123,1.6831610837921378e-35,60659520.47389322,68.15652560000308,1.0,4.245910974623301,777.8796166962329,72.11132701550702,9910.28960085516,9.692016701185016,48.82426899232208,23.181524920962914,0.001957595127770873,2.1061715809804467,1000.0
1701,9977.84768263445,174.40285038534518,2299.7062513369365,0.05026076072522125,31375.770811454422,-3.238945858259181,4.6072703990049835,77.40957694309917,0.001008036990502649,3.7324611684848046,0.187059572329123,0.187059572329123,1.6702459929777032e-35,78966298.90877432,68.44814489991404,1.0,4.245910974623301,777.8796166962329,174.40285038534518,9764.348010961308,39.09682128779619,,,,,
1702,10019.328524729397,95.65957130206473,2265.2320384921286,0.39298546274245355,19293.95024215992,-1.7747687806337622,3.019487959759168,78.62870570502376,0.0006302649006882863,3.68125545698885,0.187059572329123,0.187059572329123,1.658589250139644e-35,180041237.74540722,68.47773939999752,1.0,4.245910974623301,777.8796166962329,95.65957130206473,9617.97357230204,305.6953811252915,,,,,
1703,30161.83248580885,202.77198291810993,2232.8219256496163,26.326306725160748,369380.4934214216,-4.362360415035994,5.307197322851782,76.07276743537142,0.00014488155947190579,3.542857991860061,0.187059572329123,0.187059572329123,1.6447190979327322e-35,326813026.0949668,68.50687859999016,1.0,4.245910974623301,777.8796166962329,202.77198291810993,9480.363118495237,20478.697384395502,,,,,
1704,9784.200973640887,174.4190251065986,2256.0422743077415,0.03962990696152541,31926.642405808307,-3.612090028870307,4.983461477353309,78.55117792507018,1.5567792743260978e-05,3.7105342923632825,0.187059572329123,0.187059572329123,1.5852652421109945e-35,165330773.35753405,68.53496850002557,1.0,4.245910974623301,777.8796166962329,174.4190251065986,9578.95465169735,30.827296836938757,,,,,
1705,10115.349401532634,162.06994512100107,2273.6647977566836,0.38502247979435356,19647.672335841922,-3.1471903890627972,4.409206343820666,80.2935861682074,8.441282523825172e-06,3.692321568700736,0.187059572329123,0.187059572329123,1.5341215703806913e-35,258088601.68511704,68.5630638001021,1.0,4.245910974623301,777.8796166962329,162.06994512100107,9653.77831740977,299.50113900186483,,,,,
1706,9715.542563107882,0.8562049675560021,2288.009903222763,0.0,33039.65197841169,0.8688388209027281,0.8927487626412074,1.1967729826309454,0.0003474474091996402,3.6136290860266156,0.187059572329123,0.187059572329123,1.487329832618382e-35,1.580214981163559e-35,68.59782709996216,1.0,4.245910974623301,777.8796166962329,0.8562049675560021,9714.686358140325,0.0,,,,,
1707,9753.733174420071,0.9280572411773133,2296.9876607090587,0.0,33261.50207902706,0.722452794804673,0.8369908887208225,5.39105755726793,6.877815213700983e-06,3.1422092301897555,0.187059572329123,0.187059572329123,1.449434530731695e-35,1.4758379887163105e-34,68.63010070007294,1.0,4.245910974623301,777.8796166962329,0.9280572411773133,9752.805117178894,0.0,,,,,
1708,9944.08412612294,168.3928586958122,2300.992243364422,0.0075629296317411,33973.27723549618,-2.360863652318199,3.9513805749975495,80.32838525337206,7.942847982148754e-05,3.297349561361167,0.187059572329123,0.187059572329123,1.4191224518854541e-35,196369554.5073142,68.66261010011658,1.0,4.245910974623301,777.8796166962329,168.3928586958122,9769.808218624088,5.883048803039348,,,,,
1709,9768.020717658841,0.6816475422685337,2300.4107077358435,0.0,33518.72132895248,0.7499556424709558,0.7499556424709558,1.197026114821729,2.4219019340940978e-05,3.6859873655298383,0.187059572329123,0.187059572329123,1.3947580734360853e-35,1.4212511640225584e-35,68.69309889990836,1.0,4.245910974623301,777.8796166962329,0.6816475422685337,9767.339070116572,0.0,,,,,
1710,9787.584538180667,59.19766046787941,2295.689265064128,0.0,33264.97498328373,-0.8979733337962184,2.40295591744658,63.92174782214124,0.0004660244458395621,3.6793755292226638,0.187059572329123,0.187059572329123,1.3760685877565313e-35,0.02387442652604313,68.73398620006628,1.0,4.2376758151722385,788.9856358614212,59.19766046787941,9728.386877712786,0.0,95.74678889031439,23.460405331013984,1e-12,4.081207785602062,1000.0
1711,9693.430316503782,0.7576739467600346,2287.2614766457937,0.0,33522.1673101626,0.7681532818548701,0.7896010402672079,1.195187295446729,0.0,3.732061006271958,0.187059572329123,0.187059572329123,1.3623461512480473e-35,1.963421536430226e-35,68.76447970001027,1.0,4.2376758151722385,788.9856358614212,0.7576739467600346,9692.672642557021,0.0,,,,,
1712,9644.476186800488,1.733923185702982,2275.4789852236163,0.0,33488.67599361352,0.6581202754280432,0.8601584224701733,15.095527897841418,0.0002782887201545625,3.3628056164697,0.187059572329123,0.187059572329123,1.352919476718118e-35,7.66356004619475e-33,68.79769970010966,1.0,4.2376758151722385,788.9856358614212,1.733923185702982,9642.742263614786,0.0,,,,,
1713,9687.569544254826,106.38435547170488,2260.6994093106005,0.001361211820103032,33263.10347098257,-1.6272827524209024,3.0578685132903343,76.64147440404638,0.00047079229342533724,3.511171420499431,0.187059572329123,0.187059572329123,1.3472985022164992e-35,158554730.63555726,68.83132550003938,1.0,4.2376758151722385,788.9856358614212,106.38435547170488,9580.111212209697,1.0739765734260731,,,,,
1714,9519.879717647067,13.579893978842305,2243.2815152194094,0.0,33323.48136019341,0.0531267226385889,1.4742329631640152,22.075813917981712,0.0,3.6056517060034015,0.187059572329123,0.187059572329123,1.3448279580151972e-35,4.8305073792105865e-27,68.86433249991387,1.0,4.2376758151722385,788.9856358614212,13.579893978842305,9506.299823668225,0.0,,,,,
1715,9488.058802308831,65.56147811353475,2223.5059346587423,0.0,33110.0895513474,-1.3936180129106874,2.7017294446324707,64.81932401239726,0.00010785889855362274,3.5711940920878003,0.187059572329123,0.187059572329123,1.345372725829128e-35,181583.90681147715,68.90699500008486,1.0,4.2376758151722385,788.9856358614212,65.56147811353475,9422.497324195296,0.0,,,,,
1716,9345.699835988149,15.757232221294373,2201.6650189150073,0.0,33060.04882494003,-0.034545057038253106,1.57163213633158,24.427083536388263,0.0005580585236418106,3.6088678146685496,0.187059572329123,0.187059572329123,1.3486526955680047e-35,1.959507020391362e-25,68.94085619994439,1.0,4.2376758151722385,788.9856358614212,15.757232221294373,9329.942603766855,0.0,,,,,
1717,9230.579462568465,0.8319672173698281,2178.021136563972,0.0,33004.071868578554,0.7681516425710507,0.8450141493756953,2.3383478122996713,0.0005557197754097395,2.7801234473037595,0.187059572329123,0.187059572329123,1.354331783495782e-35,3.6922993485089605e-35,68.97557169990614,1.0,4.2376758151722385,788.9856358614212,0.8319672173698281,9229.747495351095,0.0,,,,,
1718,9322.866622582746,106.15144468339072,2152.809571322921,0.1188945889116005,27828.674398346782,-1.588920685536985,3.0847000182760453,75.85927287849965,0.0,3.086599616495522,0.187059572329123,0.187059572329123,1.3622008120717384e-35,313604280.67005855,69.00934419990517,1.0,4.2376758151722385,788.9856358614212,106.15144468339072,9122.909055066455,93.8061228329014,,,,,
1719,9151.120938079237,137.2784294885748,2127.0722211260745,0.0,32424.555216417135,-1.8874619195178275,3.4275542821489036,78.68761814873065,0.0012280012576111193,3.0568406045670042,0.187059572329123,0.187059572329123,1.3696419305503198e-35,38689.872632422885,69.04368870006874,1.0,4.2376758151722385,788.9856358614212,137.2784294885748,9013.842508590662,0.0,,,,,
1720,8794.120295177217,118.0707835884879,2100.1337022867783,0.0,31743.034860163472,-1.8490147278174907,3.1412579296276517,78.41123335181098,0.0,3.73107972585322,0.187059572329123,0.187059572329123,1.3791292152842258e-35,22214972.607148904,69.08802999998443,1.0,4.131189124836012,799.5363540683501,118.0707835884879,8676.04951158873,0.0,47.646782163513905,22.60345966471886,1e-12,2.1079420084476936,1000.0
1721,8578.71179199784,17.793915611699347,2072.264817148977,0.0,31205.757431647417,-0.12005163675202576,1.5331926924897399,26.136881123528354,0.0005169316397896362,2.52176186623133,0.187059572329123,0.187059572329123,1.390397035181149e-35,9.76397342121137e-23,69.12148490012623,1.0,4.131189124836012,799.5363540683501,17.793915611699347,8560.91787638614,0.0,,,,,
1722,8631.459919007139,107.95834835852735,2043.6879084713564,0.10085883925422598,27424.086172308747,-1.6076098680991935,3.014205078282426,78.17085611548757,0.0,3.417906226344381,0.187059572329123,0.187059572329123,1.4032353595824624e-35,310122332.1744651,69.15414209989831,1.0,4.131189124836012,799.5363540683501,107.95834835852735,8442.861262035722,80.64030861288963,,,,,
1723,8436.871732589461,111.87424206772293,2015.1576795342676,0.0,30828.905819445194,-1.5670411138682216,2.986933392593101,78.07188095242832,6.961329568382774e-05,3.547933036272141,0.187059572329123,0.187059572329123,1.4151765992908117e-35,11019584.096688598,69.18750020000152,1.0,4.131189124836012,799.5363540683501,111.87424206772293,8324.997490521739,0.0,,,,,
1724,9953.59211735431,236.7512746131812,1986.1464089784265,1.8907137742333666,43368.397121445094,-5.4706657059344135,6.471343053279401,80.06451807654338,8.318137282654209e-05,3.6558191919171015,0.187059572329123,0.187059572329123,1.428649351534151e-35,360044091.52634287,69.21584459999576,1.0,4.131189124836012,799.5363540683501,236.7512746131812,8205.146445103774,1511.6943976373555,,,,,
1725,8222.38792898347,98.89545881828734,1966.3811616195726,0.0,30391.32300869832,-1.928990113438743,3.204800969094836,78.22595023536765,4.402395680101756e-05,3.733103875611109,0.187059572329123,0.187059572329123,1.432689851856655e-35,19366658.4440116,69.24348170007579,1.0,4.131189124836012,799.5363540683501,98.89545881828734,8123.492470165183,0.0,,,,,
1726,8050.891474270708,14.866447702080784,1945.208699901295,0.0,30069.916284819,0.11269661025672884,1.3577871342005539,26.084088930380897,0.0006527036417338372,3.7240622136404378,0.187059572329123,0.187059572329123,1.43892149936964e-35,3.1207359033458566e-24,69.27069139992818,1.0,4.131189124836012,799.5363540683501,14.866447702080784,8036.025026568627,0.0,,,,,
1727,8277.407265804506,181.86053732162986,1922.8605266116654,0.18991785876360148,22713.87285300979,-3.8872854890861968,5.1488229825562195,78.59242847456096,0.0,3.397387253692821,0.187059572329123,0.187059572329123,1.4470866890731781e-35,322624829.5323486,69.2991055001039,1.0,4.131189124836012,799.5363540683501,181.86053732162986,7943.7004961145585,151.84623236831777,,,,,
1728,8223.021820735114,192.34447838899914,1900.5967181739618,0.22382077890048202,20533.626520934587,-3.6921169974413792,4.953376537693561,79.37348132692497,0.00011813598070103265,3.7153586854243414,0.187059572329123,0.187059572329123,1.4535014689719368e-35,310920222.16003317,69.32728679990396,1.0,4.131189124836012,799.5363540683501,192.34447838899914,7851.724492819285,178.95284952682968,,,,,
1729,7762.118059260845,0.8829326090913863,1878.6927666885347,0.0,29461.697559076976,0.8749396992984486,0.8784723773550576,1.197053875734932,0.0,2.376411254290179,0.187059572329123,0.187059572329123,1.4582819162700577e-35,1.9234214157959786e-35,69.35947809997015,1.0,4.131189124836012,799.5363540683501,0.8829326090913863,7761.2351266517535,0.0,,,,,
1730,9581.015039831695,180.21381456210224,1855.870936616871,1.7368858588567473,39056.90832780902,-3.514667151995023,4.911774093513883,77.94266502038654,0.00038550944056982284,2.948197576903695,0.187059572329123,0.187059572329123,1.4650724641628588e-35,331093514.6394735,69.3969157000538,1.0,4.324075835312129,792.1502427868932,180.21381456210224,8024.9266704831,1375.8745547864937,166.97307473936584,20.9005729246714,0.25616670068074104,7.988923334358357,651.8141284392125
1731,8171.897381076821,211.6618009998807,1840.5962202577218,0.0017142473994659312,30665.685789882078,-3.6682277847332836,5.0418896397021395,80.77051376578511,6.720143253592659e-05,3.7197824009521243,0.187059572329123,0.187059572329123,1.464532098408588e-35,182212201.5256501,69.42502199998125,1.0,4.324075835312129,792.1502427868932,211.6618009998807,7958.877638583256,1.3579414936837375,,,,,
1732,7885.855177784952,0.6658371765495252,1823.5548220997416,0.0,30325.75862638163,0.7291974348338593,0.7291974348338593,1.1968898800300931,0.00019559396107861338,2.7005537713672165,0.187059572329123,0.187059572329123,1.466360586372631e-35,1.4762658934958623e-35,69.45373290008865,1.0,4.324075835312129,792.1502427868932,0.6658371765495252,7885.189340608402,0.0,,,,,
1733,10737.6799622111,238.02214512686183,1804.9997321973276,3.40175631691354,93972.23194253985,-4.4931560646912185,5.6121292747960325,78.71184182773364,0.00011904158008425175,3.728929353613176,0.187059572329123,0.187059572329123,1.4705365591045286e-35,381336367.64196664,69.48064099997282,1.0,4.324075835312129,792.1502427868932,238.02214512686183,7804.9557247393295,2694.702092344908,,,,,
1734,7784.691408889963,0.9857502502281211,1800.0853720175041,0.0,30276.141627479494,0.9701272343967692,0.9701272343967692,1.1965194066230753,0.0010497262732441018,2.9232303882819974,0.187059572329123,0.187059572329123,1.459784508283818e-35,1.674618144722932e-35,69.50884080003016,1.0,4.324075835312129,792.1502427868932,0.9857502502281211,7783.705658639735,0.0,,,,,
1735,13098.396897382678,160.1249870761714,1792.421826271127,6.548888991550943,135930.7792829165,-3.351857677062733,4.496982625518802,79.58435562298146,7.704521050938551e-05,3.731647969678062,0.187059572329123,0.187059572329123,1.4526292732551496e-35,440656643.3551938,69.53813050012104,1.0,4.324075835312129,792.1502427868932,160.1249870761714,7750.567905665016,5187.704004641491,,,,,
1736,7977.403173689022,162.08654671136506,1802.2360124836018,0.028165661844058953,29776.255644528803,-3.20818262095611,4.589315115365224,80.4891481625233,2.5884430186022545e-06,2.6549158177212524,0.187059572329123,0.187059572329123,1.4322590813328634e-35,308170767.0779393,69.57708980003372,1.0,4.324075835312129,792.1502427868932,162.08654671136506,7793.005191109632,22.311435868024834,,,,,
1737,7819.583371148216,0.9663363641763264,1808.159091691707,0.0,31124.535375359217,0.9588787320035006,0.9588787320035006,1.1966210676837248,0.00023978156411403467,2.8046613608810405,0.187059572329123,0.187059572329123,1.41539013656509e-35,1.441781426031218e-35,69.61276719998568,1.0,4.324075835312129,792.1502427868932,0.9663363641763264,7818.61703478404,0.0,,,,,
1738,8098.647316028091,247.30689399871892,1810.2219422410305,0.030049179748275118,30203.100673822908,-5.19142914307654,6.4206456498421165,78.53407650014248,0.0,3.6580785447930437,0.187059572329123,0.187059572329123,1.402762900182951e-35,331726505.85632527,69.6437453001272,1.0,4.324075835312129,792.1502427868932,247.30689399871892,7827.5369569962295,23.803465033143127,,,,,
1739,7822.338926406039,0.689543109002176,1808.8603625825258,0.0,31546.50929981888,0.7112831146075558,0.7585035195784152,1.1967108138692568,0.0002555893972616477,3.607658602867529,0.187059572329123,0.187059572329123,1.392706489550972e-35,1.3946978915165996e-35,69.67344949999824,1.0,4.324075835312129,792.1502427868932,0.689543109002176,7821.649383297036,0.0,,,,,
1740,7962.505583386201,215.20452285037817,1804.1506474751502,0.0,31207.540591263067,-4.184371554430636,5.458972484100786,81.69524853352816,0.0017666732487728182,3.729634142009266,0.187059572329123,0.187059572329123,1.386086388161389e-35,24760583.209934045,69.71350480010733,1.0,4.2941541890517385,802.5427306475484,215.20452285037817,7747.301060535822,0.0,79.80010595910456,21.419150435131222,1e-12,3.7256429101043227,1000.0
1741,7782.454405985227,68.35423530165393,1796.4189991945884,0.0,31332.607244154748,-0.9031126027466081,2.3845238833662474,61.95775115685867,0.0,3.6856365193701293,0.187059572329123,0.187059572329123,1.3825915001493781e-35,0.034259800843984,69.74501470010728,1.0,4.2941541890517385,802.5427306475484,68.35423530165393,7714.100170683573,0.0,,,,,
1742,7670.035154156705,0.8817023712075696,1785.9520441391155,0.0,31466.722185991955,0.8695348385373594,0.8697870652288329,1.1970107524484563,0.0021335233416481247,1.4745565702324095,0.187059572329123,0.187059572329123,1.3818176132177665e-35,1.386837037657968e-35,69.77550620003603,1.0,4.2941541890517385,802.5427306475484,0.8817023712075696,7669.153451785498,0.0,,,,,
1743,7739.008118927393,125.3823502577255,1773.021049891773,0.0,30954.19258996066,-1.7187798847141513,3.1551402082594446,80.2798712054024,0.0,3.138780559016664,0.187059572329123,0.187059572329123,1.3834511301085942e-35,61098472.666511245,69.80611240002327,1.0,4.2941541890517385,802.5427306475484,125.3823502577255,7613.625768669668,0.0,,,,,
1744,7628.13850635593,79.25561714558326,1757.944069278364,0.0,30832.419646998896,-1.4200533370167212,2.796774367486776,60.02352864447746,0.000219915380189388,2.996973438504455,0.187059572329123,0.187059572329123,1.387295471933439e-35,0.02657771461816208,69.83448590012267,1.0,4.2941541890517385,802.5427306475484,79.25561714558326,7548.882889210347,0.0,,,,,
1745,21853.899462964022,85.97542427774997,1740.9844352769119,17.808233614347678,241253.44429710487,-1.799279402945347,3.121786303625503,73.78724885699576,2.304001933435204e-05,3.275071867215999,0.187059572329123,0.187059572329123,1.3931118587350147e-35,698693076.0248369,69.8656045999378,1.0,4.2941541890517385,802.5427306475484,85.97542427774997,7476.0556058182265,14291.868432868047,,,,,
1746,7550.891453070694,13.2693069134499,1755.3217267733341,0.0,31492.81442897781,0.04524663656089016,1.2596784923686313,27.80335638742696,6.658240333801135e-06,3.39622489395566,0.187059572329123,0.187059572329123,1.3759786829041668e-35,1.1401041957681645e-22,69.898683300009,1.0,4.2941541890517385,802.5427306475484,13.2693069134499,7537.622146157244,0.0,,,,,
1747,7580.164712550103,1.0635090712063189,1764.9811510733293,0.0,31870.100037470365,0.9635479532753463,1.0039395013482264,1.1963252470526888,0.00021284446880417973,2.7179268566786994,0.187059572329123,0.187059572329123,1.3628882599544902e-35,1.363861201826574e-35,69.92971169995144,1.0,4.2941541890517385,802.5427306475484,1.0635090712063189,7579.101203478896,0.0,,,,,
1748,7646.805211657747,45.11788701155459,1770.240887955829,0.0,31834.34783521441,-1.0269807626689842,2.305753237298517,41.71477052514046,0.00019673492151362632,2.418149384464774,0.187059572329123,0.187059572329123,1.3534979272557474e-35,7.935810813973576e-18,69.95878920005634,1.0,4.2941541890517385,802.5427306475484,45.11788701155459,7601.687324646193,0.0,,,,,
1749,7607.775890148806,0.8998945018608872,1771.4491983173855,0.0,32226.522581019024,0.8979520641133574,0.8979520641133574,1.1966589303785415,3.5223390959831374e-05,3.446265350673801,0.187059572329123,0.187059572329123,1.3473660197139504e-35,1.348293338613984e-35,69.98840919998474,1.0,4.2941541890517385,802.5427306475484,0.8998945018608872,7606.875995646945,0.0,,,,,
1750,7285.357947647236,2.7288381715795245,1768.9165045696054,0.0,30933.305256726482,0.5700581151117967,0.9394233970922444,16.10015826835285,0.00030714975631578045,3.4158561816211392,0.187059572329123,0.187059572329123,1.3441094691640943e-35,4.220175717958785e-33,70.02851670002565,1.0,4.116999920947422,812.415594115171,2.7288381715795245,7282.629109475656,0.0,16.39307869440001,21.826333494140595,1e-12,0.7510688269654098,1000.0
1751,7259.736936178123,0.8971603034752047,1763.138186848498,0.0,31002.13526829056,0.8166696275429135,0.8750162646590061,4.231462209061745,6.504294969200686e-05,3.6949568385376317,0.187059572329123,0.187059572329123,1.343341074842103e-35,7.018529353128949e-35,70.33551770006306,1.0,4.116999920947422,812.415594115171,0.8971603034752047,7258.839775874648,0.0,,,,,
1752,7223.7982140875565,0.833144969440408,1754.4243885863218,0.0,30991.982238382112,0.8370794721200606,0.8592577950459105,1.1966161211688944,0.00048421495304816486,2.979605197150612,0.187059572329123,0.187059572329123,1.3447904790147928e-35,1.3457626467751812e-35,70.3691660000477,1.0,4.116999920947422,812.415594115171,0.833144969440408,7222.965069118116,0.0,,,,,
1753,7177.197453681485,0.9461015228366877,1743.0778455072734,0.0,30940.18986786341,0.9388932516402817,0.9388932516402817,1.1963294039129482,0.00033814507323096793,3.0682223667098323,0.187059572329123,0.187059572329123,1.348250464265502e-35,1.4083281165490556e-35,70.4021149999462,1.0,4.116999920947422,812.415594115171,0.9461015228366877,7176.251352158648,0.0,,,,,
1754,7120.648574053889,0.7632284839598552,1729.3868064810333,0.0,30850.704427565393,0.7606072639608623,0.8056191724012569,2.8615007842377005,7.946520881766533e-05,3.3865705549885594,0.187059572329123,0.187059572329123,1.353513617865609e-35,4.54793257971277e-35,70.43710420001298,1.0,4.116999920947422,812.415594115171,0.7632284839598552,7119.885345569929,0.0,,,,,
1755,7055.778196425969,0.7885538484740922,1713.6239441447378,0.0,30730.619111773372,0.8107428490912778,0.8107428490912778,1.19708492008805,4.40588982942719e-05,3.6336897480168737,0.187059572329123,0.187059572329123,1.3604104994465426e-35,1.360997349593746e-35,70.47383769997396,1.0,4.116999920947422,812.415594115171,0.7885538484740922,7054.989642577495,0.0,,,,,
1756,7034.213707450119,51.59419317292678,1696.0455789055059,0.0,30267.373730324995,-0.9976557161522428,2.212640310412912,57.5966218123187,0.00035656146618330553,3.705726675706462,0.187059572329123,0.187059572329123,1.3687854475276526e-35,9.392567860108306e-12,70.51127910008654,1.0,4.116999920947422,812.415594115171,51.59419317292678,6982.619514277192,0.0,,,,,
1757,6988.980127687658,84.97648699915274,1676.9247680868166,0.00012863248941035079,30207.52677630479,-1.2967616450225035,2.8933714227088987,82.12180499812838,0.0008174630825710169,3.3987052913320612,0.187059572329123,0.187059572329123,1.3785206815008112e-35,228140554.0792218,70.54656119993888,1.0,4.116999920947422,812.415594115171,84.97648699915274,6903.899137648198,0.10450304030682357,,,,,
1758,6886.649309737844,66.97887350288022,1656.4660109747078,0.0,30121.687259505594,-1.3453717710628128,2.543974718451618,76.31567105172797,5.8574833942524884e-05,2.800379244033683,0.187059572329123,0.187059572329123,1.389420122458163e-35,88057576.79963861,70.58161100000143,1.0,4.116999920947422,812.415594115171,66.97887350288022,6819.670436234964,0.0,,,,,
1759,6731.522462271354,0.7648886706924899,1634.8694930389383,0.0,29927.396512712283,0.8009331343551584,0.8009331343551584,1.1967294624852254,0.0,3.3758916491756232,0.187059572329123,0.187059572329123,1.401454343965658e-35,1.402794515296575e-35,70.61701119993813,1.0,4.116999920947422,812.415594115171,0.7648886706924899,6730.757573600661,0.0,,,,,
1760,6612.725339133702,106.0406945288371,1612.32982351341,0.0,29192.33431224093,-1.414981673676081,2.916925728799046,76.43955164852034,0.0003863787573966035,3.714659335599478,0.187059572329123,0.187059572329123,1.4144894722687007e-35,23621.05288878241,70.66533300001174,1.0,4.035579166070513,821.7948144094124,106.0406945288371,6506.684644604865,0.0,51.90029904231809,20.855346602659566,1e-12,2.488584823409242,1000.0
1761,24548.725269855102,101.80607772366517,1589.0792940142703,21.944728274944996,276097.9765543656,-1.24398886358038,2.7998090166323517,72.68722457039812,0.0003088868629237129,3.701684837139572,0.187059572329123,0.187059572329123,1.428436759533428e-35,720441677.6099819,70.70113150007091,1.0,4.035579166070513,821.7948144094124,101.80607772366517,6412.8552921580285,18034.063899973407,,,,,
1762,7517.981906319904,147.54486975584467,1600.5018503802803,1.1091395296368933,30501.455025736526,-1.8895752560305406,3.5167064612939414,76.90823362927621,0.0,2.682883842555218,0.187059572329123,0.187059572329123,1.4147917277812105e-35,540412096.379301,70.73716420005076,1.0,4.035579166070513,821.7948144094124,147.54486975584467,6458.951922651965,911.4851139120938,,,,,
1763,6555.455591076959,38.50341804657953,1614.874075032954,0.0,29246.67087526634,-0.4678517514357558,2.0996498908601198,38.320869904832875,0.00036589033729173687,2.0362085911759364,0.187059572329123,0.187059572329123,1.3974508392751078e-35,4.395300481813841e-20,70.77301739994437,1.0,4.035579166070513,821.7948144094124,38.50341804657953,6516.9521730303795,0.0,,,,,
1764,25737.962900393646,106.96723571826459,1624.8508193876123,23.20990740698408,280346.66798248887,-1.5284997215033282,2.9673436983353554,72.66257231497441,4.60133802854118e-05,3.513733230939964,0.187059572329123,0.187059572329123,1.3840213423264275e-35,1028766462.6631216,70.80867259996012,1.0,4.035579166070513,821.7948144094124,106.96723571826459,6557.214114693251,19073.78154998213,,,,,
1765,6828.922863119094,98.67815382081872,1667.4539915849048,0.0013411139347577943,30597.31517162116,-1.3330087909491517,2.8294694963252027,81.4638338626366,5.7223818884927224e-05,3.7048475003453536,0.187059572329123,0.187059572329123,1.3469066166575496e-35,384481524.62115157,70.84305289993063,1.0,4.035579166070513,821.7948144094124,98.67815382081872,6729.142588821159,1.1021204771161583,,,,,
1766,7079.692308311846,205.73517104280836,1703.3363161554967,1.0449056709451941e-05,30776.63665248058,-3.781500731751871,5.136371040396525,80.5156641797316,0.0017187253161599358,3.6462393457752045,0.187059572329123,0.187059572329123,1.3160586062317964e-35,240031078.23698953,70.87848279997706,1.0,4.035579166070513,821.7948144094124,205.73517104280836,6873.948550288419,0.008586980619297484,,,,,
1767,7038.89362465876,46.502881379979065,1732.6858068026322,0.0,30948.848185883875,-0.7687688506153791,2.1194924807085638,55.84726439071376,0.00046832340873652345,3.204636981585743,0.187059572329123,0.187059572329123,1.2908941871419648e-35,1.0575056700263526e-14,70.9310806998983,1.0,4.035579166070513,821.7948144094124,46.502881379979065,6992.390743278781,0.0,,,,,
1768,7102.775408287134,16.814609920693105,1755.8720834774547,0.0,31402.887612222323,0.2108693056830739,1.4071563530455478,31.961449569218523,5.601787175014972e-05,3.6471945263485144,0.187059572329123,0.187059572329123,1.270617323608161e-35,3.2660635619107145e-22,70.96850550011732,1.0,4.035579166070513,821.7948144094124,16.814609920693105,7085.960798366441,0.0,,,,,
1769,7435.211416804821,278.9313964187076,1773.296898882115,0.0,30962.937144021427,-4.608407070609123,6.08700919061355,83.58581645973561,0.00029691638305680973,2.155143296265359,0.187059572329123,0.187059572329123,1.2545998213345776e-35,49403661.94620511,71.00392200006172,1.0,4.035579166070513,821.7948144094124,278.9313964187076,7156.280020386113,0.0,,,,,
1770,7440.85114524354,146.06452351274874,1785.4726407870994,0.012457520124331836,31022.131001840382,-2.5767034841410834,3.9228341654492267,80.32554393684244,7.110039573309662e-05,3.567707273485906,0.187059572329123,0.187059572329123,1.2424108854578196e-35,518850541.402526,71.0512824000325,1.0,4.079837422401885,830.7050736889418,146.06452351274874,7284.438096557927,10.348525172864553,110.91803992197788,22.540907091346398,0.0034655337619518348,4.920744292697965,1000.0
1771,7576.304686108593,261.51644818162504,1792.9116973540088,0.0,32005.50607833837,-4.097213890973177,5.579226407867165,80.86709174096256,0.000567912972126855,3.30630178251318,0.187059572329123,0.187059572329123,1.2328205391295546e-35,380431958.66374576,71.08362960000522,1.0,4.079837422401885,830.7050736889418,261.51644818162504,7314.788237926969,0.0,,,,,
1772,7604.706659112921,277.70587375780843,1795.9050880614639,0.0,32436.84150954348,-4.5530282333281775,5.970333622830052,84.89672577925799,0.0009986805626405262,2.9658378827967122,0.187059572329123,0.187059572329123,1.2263322017930314e-35,322664629.426078,71.11673239991069,1.0,4.079837422401885,830.7050736889418,277.70587375780843,7327.000785355113,0.0,,,,,
1773,7323.446102005493,0.8371546282365637,1794.8286142898028,0.0,32323.791521836098,0.8219871594872667,0.8474782073005513,1.1967337965825078,2.493031678208954e-05,3.7338519995465607,0.187059572329123,0.187059572329123,1.2226094242644837e-35,1.2412433836669998e-35,71.1499697000254,1.0,4.079837422401885,830.7050736889418,0.8371546282365637,7322.608947377256,0.0,,,,,
1774,7417.9051393019,114.53429496796358,1790.1132050586195,0.0,32971.265289912815,-1.5392782424358546,3.034035368162062,82.09668198907144,0.0002600067647189064,2.778074213881607,0.187059572329123,0.187059572329123,1.2212501529778716e-35,427474685.0254338,71.18334860005416,1.0,4.079837422401885,830.7050736889418,114.53429496796358,7303.3708443339365,0.0,,,,,
1775,7374.965341404071,104.4705886827719,1782.0550183690916,0.0,32489.201751530974,-1.1537819304047223,2.48266102272706,85.17286774307357,0.00017697526721280332,3.5896814863685647,0.187059572329123,0.187059572329123,1.22205085853137e-35,266951827.17254016,71.22080720006488,1.0,4.079837422401885,830.7050736889418,104.4705886827719,7270.494752721299,0.0,,,,,
1776,7455.142848874472,229.55815272008277,1771.047212930494,0.0,31498.955448815355,-4.08833703727256,5.205635292866776,80.95153100962206,0.00011540119448642805,3.726911293132394,0.187059572329123,0.187059572329123,1.2247929906814125e-35,255094821.6147402,71.25485879997723,1.0,4.079837422401885,830.7050736889418,229.55815272008277,7225.584696154389,0.0,,,,,
1777,7198.754346635741,28.445182107125856,1757.4987486406515,0.0,32000.916049472842,-0.05999301436550136,1.4217429304843103,48.26783731520898,0.00018517849258860297,3.4610106075688822,0.187059572329123,0.187059572329123,1.2293284432219886e-35,5.760883225221413e-17,71.2886491001118,1.0,4.079837422401885,830.7050736889418,28.445182107125856,7170.309164528615,0.0,,,,,
1778,7340.746427733826,216.46161874296314,1741.6356066065355,0.02250459948064796,29461.314141808823,-4.613747622937924,5.816750671748326,79.33453163931617,4.409836417266361e-05,3.473899415707395,0.187059572329123,0.187059572329123,1.2354108857621796e-35,574935089.3221731,71.32228900003247,1.0,4.079837422401885,830.7050736889418,216.46161874296314,7105.590124020951,18.694684969911783,,,,,
1779,7139.985305408434,106.20292847782719,1724.0349672535904,0.0,31734.695395098897,-1.4335942879900607,2.8908027806825665,74.98560463385931,0.00023295708266528325,3.58949493648924,0.187059572329123,0.187059572329123,1.2419357741306138e-35,4347.977432872997,71.35585190006532,1.0,4.079837422401885,830.7050736889418,106.20292847782719,7033.782376930607,0.0,,,,,
1780,7372.812915453648,240.84936024045518,1704.5904576802675,0.0,32405.167680827162,-4.7593551743358935,6.006135490392872,82.14059798528268,0.00022324212077817762,3.585108632347829,0.187059572329123,0.187059572329123,1.2498431451215333e-35,424776608.8838416,71.4016241999343,1.0,4.183974821095089,839.1698200044947,240.84936024045518,7131.963555213193,0.0,137.37778164464518,22.292231719480164,1e-12,6.162585396265956,1000.0
1781,7147.898258308734,104.4405000272338,1683.4369372323295,0.0,32233.69486304286,-1.3348707620087241,2.759991407761565,81.50192045033816,0.0,2.2139986367857634,0.187059572329123,0.187059572329123,1.259105477703475e-35,20964524.631445367,71.43515400006436,1.0,4.183974821095089,839.1698200044947,104.4405000272338,7043.4577582815,0.0,,,,,
1782,7068.638900997201,119.88124295456973,1660.8029338531976,0.0,32015.398975972003,-1.9582257813480448,3.3258766869767236,66.59557442476226,4.599810657663489e-05,3.2475696354168835,0.187059572329123,0.187059572329123,1.2695368672633284e-35,0.17301039784877661,71.46801530010998,1.0,4.183974821095089,839.1698200044947,119.88124295456973,6948.757658042631,0.0,,,,,
1783,6906.5204469717955,57.78444907845666,1636.8970394761582,0.0,32098.407761232043,-0.9423783327593179,2.1305570742412168,64.9654009170648,7.001514458310903e-05,3.733205804191844,0.187059572329123,0.187059572329123,1.2810364365918314e-35,124805.09639770375,71.49976160004735,1.0,4.183974821095089,839.1698200044947,57.78444907845666,6848.735997893339,0.0,,,,,
1784,6903.935752502759,159.83481036929456,1611.888510449569,0.0,31635.403000381975,-3.0855066569147582,4.270833030518626,67.86650755481945,0.0001491027207638912,3.593840466214316,0.187059572329123,0.187059572329123,1.2934874312767555e-35,45551989.00438908,71.5300481999293,1.0,4.183974821095089,839.1698200044947,159.83481036929456,6744.100942133465,0.0,,,,,
1785,17346.08835985174,91.00635381959245,1585.9838232263098,12.654608602263915,223093.25565104422,-1.7486286280803889,3.1849050365159077,74.29396312797375,0.0,3.690129068468625,0.187059572329123,0.187059572329123,1.3068426829949346e-35,1116427053.7250845,71.55982830002904,1.0,4.183974821095089,839.1698200044947,91.00635381959245,6635.7163830430045,10619.36562298914,,,,,
1786,6651.194427839197,0.7028757974749007,1589.5151946208562,0.0,31902.56239254518,0.7296707828997706,0.7404986094763347,1.1896058711662088,6.920251876584016e-05,3.6409644250277298,0.187059572329123,0.187059572329123,1.3006930895359358e-35,1.5587270326469868e-35,71.59046539990231,1.0,4.183974821095089,839.1698200044947,0.7028757974749007,6650.491552041722,0.0,,,,,
1787,6770.757491676702,121.75465888801266,1589.1593800386252,0.0,32465.106780501053,-1.6914541217787549,2.9612421094563786,83.00345705576427,0.003758056069471577,3.4352840977810017,0.187059572329123,0.187059572329123,1.29710427500177e-35,180737377.73285678,71.61979590007104,1.0,4.183974821095089,839.1698200044947,121.75465888801266,6649.002832788689,0.0,,,,,
1788,6633.422391773584,0.8485111432314713,1585.2327426039294,0.0,31954.44677577827,0.8561000583229298,0.8561000583229298,1.1968034427333143,0.00019734972019868485,2.9844249380421877,0.187059572329123,0.187059572329123,1.2958547310912242e-35,1.3020848950328854e-35,71.64844539994374,1.0,4.183974821095089,839.1698200044947,0.8485111432314713,6632.5738806303525,0.0,,,,,
1789,7098.28465821247,488.0670290780758,1578.1440818146873,0.008702084592932282,30140.312224331352,-8.370202325324888,9.693775826695777,84.23052682907574,3.3870656175882807e-06,3.711277023283585,0.187059572329123,0.187059572329123,1.296657270538731e-35,520500917.76200795,71.67610129993409,1.0,4.183974821095089,839.1698200044947,488.0670290780758,6602.91510237288,7.302526761514869,,,,,
1790,6982.001326397363,156.17788632494435,1568.4085195024788,0.0,33642.57165609501,-2.1008041123926326,3.5242486698201145,83.62942194287015,0.00032059849197338397,3.009934505057497,0.187059572329123,0.187059572329123,1.2987988205408873e-35,352082271.87943316,71.71408770000562,1.0,4.352069856288249,847.2113290042699,156.17788632494435,6825.823440072419,0.0,163.43962792042052,21.659465144877753,1e-12,7.545875524958305,1000.0
1791,6812.127237230677,40.59140992185647,1555.934544002026,0.0,32798.40774487653,-0.5451678104820009,1.8661724655823597,38.37368882779725,0.00022302425768802592,2.987034790109635,0.187059572329123,0.187059572329123,1.3027966247550937e-35,1.133922728507168e-21,71.74217170011252,1.0,4.352069856288249,847.2113290042699,40.59140992185647,6771.53582730882,0.0,,,,,
1792,6710.046444557741,3.028052667059998,1541.1100035997347,0.0,32901.23705925828,0.5873021763291574,0.8546216524388103,24.583809674185815,0.00024384449327828628,3.721773380065842,0.187059572329123,0.187059572329123,1.3084029072123823e-35,5.54284774427825e-31,71.76939520007,1.0,4.352069856288249,847.2113290042699,3.028052667059998,6707.0183918906805,0.0,,,,,
1793,6858.494192681869,225.0925216173575,1524.1946683093784,0.0,31604.485830435,-3.415756199250946,4.858298350135958,76.23216728140142,0.0015851925884164536,3.7232599320010067,0.187059572329123,0.187059572329123,1.3154533313259533e-35,4.398004724944874e-06,71.7980587000493,1.0,4.352069856288249,847.2113290042699,225.0925216173575,6633.401671064512,0.0,,,,,
1794,6689.512708228954,137.20304536348607,1505.561693454465,0.0,32500.70300281027,-1.9658866173180418,3.291877383601098,83.92418456620268,0.0009063649149403663,3.638172227160604,0.187059572329123,0.187059572329123,1.3239118180781728e-35,282886226.10083824,71.82564970012754,1.0,4.352069856288249,847.2113290042699,137.20304536348607,6552.3096628654675,0.0,,,,,
1795,6516.497908548106,52.21030635952463,1485.3363607774852,0.0,31990.22314691288,-0.8811148838378009,2.13995793585741,60.79427071294586,0.0003784637695716381,3.5712784677474794,0.187059572329123,0.187059572329123,1.3335757864385047e-35,276524794.8006573,71.85391859989613,1.0,4.352069856288249,847.2113290042699,52.21030635952463,6464.287602188581,0.0,,,,,
1796,6464.729915688076,94.2349735653364,1463.7850844508148,0.0,31744.299834830363,-1.7474026027334866,3.1317830190450007,70.55356963380062,0.0005099663294840656,3.6590712772346183,0.187059572329123,0.187059572329123,1.344322405882565e-35,0.007519338333309782,71.8892222000286,1.0,4.352069856288249,847.2113290042699,94.2349735653364,6370.49494212274,0.0,,,,,
1797,6272.6907696453,0.8096332767390464,1441.1260258854534,0.0,31833.002804025826,0.789436047272463,0.8542026256839176,1.1915933951714184,0.00042232744650788634,3.3163640111025945,0.187059572329123,0.187059572329123,1.356048866510924e-35,1.3875520697851763e-35,71.92450709990226,1.0,4.352069856288249,847.2113290042699,0.8096332767390464,6271.881136368561,0.0,,,,,
1798,6169.957709472557,0.800886845504978,1417.5224723733047,0.0,31523.326479226464,0.8146086507959797,0.8353158386753965,1.1967865734556757,7.437946508387361e-05,3.71722686455181,0.187059572329123,0.187059572329123,1.3686347032526466e-35,1.369460875078175e-35,71.95486459997483,1.0,4.352069856288249,847.2113290042699,0.800886845504978,6169.156822627052,0.0,,,,,
1799,6063.892052530872,0.7456738362499755,1393.163845918985,0.0,31184.98314226859,0.7946479588032865,0.8174252001569687,1.1964595787420769,0.0001377301201696754,3.3664767032723026,0.187059572329123,0.187059572329123,1.3819932627452742e-35,1.746905681456419e-35,71.98414040007629,1.0,4.352069856288249,847.2113290042699,0.7456738362499755,6063.146378694622,0.0,,,,,
1800,6664.595641318169,216.9700111950805,1368.2254527028836,0.0,32752.5043614611,-3.2749861924248806,4.6079931246707675,83.73767732614674,0.000632164578340623,3.7244570028363113,0.187059572329123,0.187059572329123,1.396044276472e-35,138473387.9280364,72.02386930002831,1.0,4.7124000049743415,854.8507625540564,216.9700111950805,6447.625630123089,0.0,233.10822434719458,20.16738666933883,1e-12,11.5586728300101,1000.0
1801,6619.488840910867,292.3349609220053,1342.660613129193,0.0,32076.957940712524,-4.9255537263041935,6.174020578585623,84.26872230392325,0.00037262823750307955,1.8829021125089214,0.187059572329123,0.187059572329123,1.4109691037393612e-35,317820340.60897213,72.29941840004176,1.0,4.7124000049743415,854.8507625540564,292.3349609220053,6327.153879988862,0.0,,,,,
1802,6354.522771770165,147.51335735946014,1316.6692827769757,0.0027339037470565765,31873.672708262762,-2.0148353559727443,3.6538345550734874,79.71131017054975,4.00881604722958e-05,1.703790998767846,0.187059572329123,0.187059572329123,1.4267178367345402e-35,413417066.76009274,72.33430989994667,1.0,4.7124000049743415,854.8507625540564,147.51335735946014,6204.672334707783,2.3370797029207067,,,,,
1803,6104.019732206552,23.13293237185064,1290.4012378863858,0.0,31874.19205812561,0.1081662391261727,1.5952017821444555,34.955060491008695,0.0003149846133129325,3.7064587459143126,0.187059572329123,0.187059572329123,1.4427023950126795e-35,1.453143945645971e-23,72.3681928999722,1.0,4.7124000049743415,854.8507625540564,23.13293237185064,6080.886799834701,0.0,,,,,
1804,6040.8990815465,84.62959277254403,1263.956685019651,0.0,31837.818163222797,-1.3499574882577436,2.7323823370299523,84.20889396832006,0.0,2.925624346319106,0.187059572329123,0.187059572329123,1.459289848593326e-35,260964314.59519333,72.40223090001382,1.0,4.7124000049743415,854.8507625540564,84.62959277254403,5956.269488773956,0.0,,,,,
1805,5882.1141067561775,50.85781742106223,1237.428122226408,0.0,30876.182128939872,-0.6096966115844912,1.9691298179153913,64.49121649728836,0.0002420188242718488,3.511321955528457,0.187059572329123,0.187059572329123,1.4763843169311236e-35,1.0386204765035944e-06,72.43483210005797,1.0,4.7124000049743415,854.8507625540564,50.85781742106223,5831.256289335115,0.0,,,,,
1806,34711.04693344649,143.17347916016587,1210.9810066157893,33.761736921725216,346276.7621717165,-2.7309756333246242,4.014890852865303,66.15029276252928,0.0,3.2891412499678627,0.187059572329123,0.18705957232912301,1.4939686638184945e-35,1210088219.1639268,72.46858350001276,1.0,4.7124000049743415,854.8507625540564,143.17347916016587,5706.626901600079,28861.24655268624,,,,,
1807,5873.310982155461,114.53420943592224,1222.0475270861252,0.0,30509.849507251914,-2.055041021019824,3.6171557985649474,77.56853663647728,0.00021951471359332037,2.644754957154595,0.187059572329123,0.187059572329123,1.4761864519089198e-35,11018220.868405657,72.50405819993466,1.0,4.7124000049743415,854.8507625540564,114.53420943592224,5758.776772719539,0.0,,,,,
1808,58721.66479389559,321.6023167408515,1229.2330582772086,61.53989317391288,709413.3289575805,-6.645530625722129,7.625727056627943,82.72280012707897,8.71459908704797e-05,3.321860572013131,0.187059572329123,0.18705957232912304,1.4622890082113752e-35,1204652581.290172,72.53740940010175,1.0,4.7124000049743415,854.8507625540564,321.6023167408515,5792.637869940143,52607.42460721459,,,,,
1809,6283.024515324081,127.90858966828702,1306.1531107627839,0.0,32645.689522289547,-1.680746433997031,3.1912610151472856,84.09734351905423,0.0005365788312418976,3.6752618273515267,0.187059572329123,0.187059572329123,1.3915895275837136e-35,287787603.4851966,72.61309750005603,1.0,4.7124000049743415,854.8507625540564,127.90858966828702,6155.115925655794,0.0,,,,,
1810,6898.484445737489,120.19653532689617,1375.8186325371282,0.1008492601773113,29022.4619844675,-1.3701423307460654,2.913505089051578,78.54353329248924,0.0005621848547791228,1.7360118994179579,0.187059572329123,0.187059572329123,1.3326744940471913e-35,467385191.47161,72.66603969992138,1.0,4.863537079335089,862.1082244263536,120.19653532689617,6691.34493378442,86.9429766261732,158.38166917626998,20.47560078069664,0.023631094722260118,7.735141492189289,1000.0
1811,6994.635802112488,0.7158435672502469,1438.0315898612212,0.0,36147.807715553085,0.7683523394168429,0.7793517346722019,1.1969998060570621,0.0,3.6040150368286485,0.187059572329123,0.187059572329123,1.281423334495671e-35,1.2828040754045419e-35,72.70215200004168,1.0,4.863537079335089,862.1082244263536,0.7158435672502469,6993.919958545238,0.0,,,,,
1812,7258.309933543229,3.382644186800603,1491.6977440517992,0.0,36849.50657719865,0.558361758629153,0.8863146264004087,25.647698675691977,0.0007009199448431147,3.6057620850709435,0.187059572329123,0.187059572329123,1.2388242395860242e-35,1.2659459668901343e-31,72.73521129996516,1.0,4.863537079335089,862.1082244263536,3.382644186800603,7254.927289356428,0.0,,,,,
1813,7475.61090774724,0.7699982970250863,1536.9145515946445,0.0,37409.936656221755,0.7909230835743557,0.8026773308561863,1.1969827271654219,0.0,3.722995129561595,0.187059572329123,0.187059572329123,1.2035557447483166e-35,1.204412639070258e-35,72.76937239989638,1.0,4.863537079335089,862.1082244263536,0.7699982970250863,7474.840909450215,0.0,,,,,
1814,18445.264480195045,61.204494297507665,1574.0417880513824,12.444666552654194,225324.36216665656,-0.9158182950275644,2.2515452084455827,72.20252808565618,0.0002343325444489966,3.6860401967710765,0.187059572329123,0.187059572329123,1.1745415311746865e-35,1004585316.9963974,72.80664610001259,1.0,4.863537079335089,862.1082244263536,61.204494297507665,7655.410600610801,10728.649385286737,,,,,
1815,7944.084373095656,0.7453305355201294,1633.2432369665612,0.0,38238.398369214054,0.7661804939850178,0.785146369785178,1.1968551115771642,0.0006190480175108995,3.725871825691069,0.187059572329123,0.187059572329123,1.1348798518310254e-35,1.1390411254854437e-35,72.84193890006281,1.0,4.863537079335089,862.1082244263536,0.7453305355201294,7943.339042560136,0.0,,,,,
1816,8189.956892134732,5.661776989135785,1682.7866183893677,0.0,38473.7346912769,0.5249021381503197,1.0560387963942242,23.651642873713747,4.454936128839293e-05,3.663395035426658,0.187059572329123,0.187059572329123,1.102205454283391e-35,5.512040785144079e-31,72.87526090000756,1.0,4.863537079335089,862.1082244263536,5.661776989135785,8184.295115145596,0.0,,,,,
1817,8382.324517967929,0.8253972103246279,1723.3340640847891,0.0,38719.7910843906,0.8537279845398635,0.8537279845398635,1.1904888641028197,2.6729594204091822e-05,3.644598047872629,0.187059572329123,0.187059572329123,1.0754691366573566e-35,1.089826854316676e-35,72.92166130011901,1.0,4.863537079335089,862.1082244263536,0.8253972103246279,8381.499120757604,0.0,,,,,
1818,8826.238597303001,92.68120778938535,1755.6148790256523,0.22625851698580365,17828.81834538159,-1.1414082727557573,2.6436190741705183,78.99744264366251,0.00011002887949358026,3.6200698532737094,0.187059572329123,0.187059572329123,1.0538537291002016e-35,782378993.7673322,72.95549249998294,1.0,4.863537079335089,862.1082244263536,92.68120778938535,8538.498061173646,195.05932833997113,,,,,
1819,10434.56890134696,109.5229907412487,1782.9496527981778,1.9180934791968363,60372.005149552766,-1.593853910348618,3.174152688105733,75.22407937706896,0.00019557525924521896,3.2751082476577524,0.187059572329123,0.187059572329123,1.0342224592317374e-35,899069188.4332602,72.98772950004786,1.0,4.863537079335089,862.1082244263536,109.5229907412487,8671.44174697156,1653.6041636341515,,,,,
1820,9592.3368613761,434.73276595816105,1814.7079133275913,0.0,39947.79116400483,-7.446362275019002,8.600562101268206,84.54487010571046,0.0008865112189912552,3.3841525282539817,0.187059572329123,0.187059572329123,1.0127228487651026e-35,407865103.0985334,73.03116780007258,1.0,5.046323999671019,869.0028132050359,434.73276595816105,9157.604095417939,0.0,191.52214947715078,22.481037242037573,1e-12,8.519275486053692,1000.0
1821,9384.337103781503,88.73742507719297,1838.8293384781791,0.018723825050324636,38568.576999867124,-0.9046450880859352,2.4231726589192975,81.76571097038263,0.0,3.4887555428444585,0.187059572329123,0.187059572329123,9.958408334509422e-36,832666431.4920316,73.06323230010457,1.0,5.046323999671019,869.0028132050359,88.73742507719297,9279.32862206162,16.271056642691033,,,,,
1822,9368.210734757724,0.7997310338161994,1856.284099937814,0.0,40508.47635206352,0.8305087212485286,0.8353967259672446,1.194628154424033,0.0009214863189106123,3.7178734452562723,0.187059572329123,0.187059572329123,9.8214038563603e-36,1.5337405390312575e-35,73.09581590001471,1.0,5.046323999671019,869.0028132050359,0.7997310338161994,9367.411003723908,0.0,,,,,
1823,9833.37124828298,409.5151551423887,1867.4694874437218,0.0,40104.7846321702,-6.699864776169011,7.851393813848245,90.73044703975904,0.00040488113065408754,3.6192221540105938,0.187059572329123,0.187059572329123,9.719539816769587e-36,333990511.380616,73.12768750009127,1.0,5.046323999671019,869.0028132050359,409.5151551423887,9423.85609314059,0.0,,,,,
1824,9590.111962537061,138.11510265941348,1873.0459757427075,0.0,40874.806065832745,-1.9069331997237804,2.964491424767495,90.81391853554635,0.0,3.6770105221735547,0.187059572329123,0.187059572329123,9.649424201046919e-36,254484302.3923617,73.159428199986,1.0,5.046323999671019,869.0028132050359,138.11510265941348,9451.996859877647,0.0,,,,,
1825,9699.104417470322,244.7666826438,1873.509853002477,0.0,40690.38464683152,-3.327403222970026,4.571295453282136,91.15555277937,3.6805717339306876e-05,3.640068821376878,0.187059572329123,0.187059572329123,9.606666650992562e-36,202226928.01574692,73.1920060000848,1.0,5.046323999671019,869.0028132050359,244.7666826438,9454.337734826522,0.0,,,,,
1826,9522.023003075325,88.46725767314175,1869.3916098168047,0.0,40365.06240049921,-1.5413116472157766,2.898005485068008,77.37034283467077,0.00016631508163268693,3.607414936655604,0.187059572329123,0.187059572329123,9.588805674723409e-36,542466763.7322412,73.22365910001099,1.0,5.046323999671019,869.0028132050359,88.46725767314175,9433.555745402184,0.0,,,,,
1827,9451.734520739023,59.52036549147551,1861.199192889685,0.0,40076.54544813308,-0.5979251528422895,2.1965465252502017,59.702920636724215,0.00016749453380628804,3.721659811203858,0.187059572329123,0.187059572329123,9.592688690677165e-36,5.6065129875526544e-15,73.25574839999899,1.0,5.046323999671019,869.0028132050359,59.52036549147551,9392.214155247548,0.0,,,,,
1828,9496.897917847271,164.32469200828166,1849.3805047887136,0.0,40042.80381881822,-1.8754435071555247,3.408903685317655,81.49166425943157,4.915661574664276e-06,3.1306118554572304,0.187059572329123,0.187059572329123,9.615937912297277e-36,60795.82420839106,73.29094720003195,1.0,5.046323999671019,869.0028132050359,164.32469200828166,9332.573225838989,0.0,,,,,
1829,9454.315973867884,197.82110538491034,1834.3045093986088,0.0,40716.2867554058,-2.9800478810380713,4.329759325502225,88.85194278043176,3.537872424827157e-05,2.8724275142117524,0.187059572329123,0.187059572329123,9.65708728103495e-36,704155523.679819,73.32370839989744,1.0,5.046323999671019,869.0028132050359,197.82110538491034,9256.494868482974,0.0,,,,,
1830,8708.050737099778,0.9379280076278135,1816.2302527223974,0.0,38359.07986762929,0.9324000114394877,0.9324000114394877,1.1969517576295097,0.00025701575297416845,3.472863874315588,0.187059572329123,0.187059572329123,9.714449225182783e-36,9.716835940253933e-36,73.36638240003958,1.0,4.794057799687468,875.5526725447841,0.9379280076278135,8707.11280909215,0.0,1.802282352895751e-05,22.363905952338396,1e-12,0.001,1000.0
1831,8609.75100936878,0.8876450555522301,1795.7362476677802,0.0,38314.698917977556,0.883859679375927,0.8936787922979155,1.1970881198164902,0.0031825468864890294,2.887710730887815,0.187059572329123,0.187059572329123,9.785015052880029e-36,1.4040088453078598e-35,73.39831260009669,1.0,4.794057799687468,875.5526725447841,0.8876450555522301,8608.863364313227,0.0,,,,,
1832,8723.627350891857,223.37476333306594,1773.0809562022669,0.0,38655.66079112901,-2.8198723975715674,4.148235088213242,83.60949267964428,0.0013362784730948166,3.5662002651061937,0.187059572329123,0.187059572329123,9.867617549749198e-36,139.29076477923564,73.42929599992931,1.0,4.794057799687468,875.5526725447841,223.37476333306594,8500.25258755879,0.0,,,,,
1833,8383.060184759575,0.8941151201328558,1748.4491050954557,0.0,38191.43739834329,0.8714625214150826,0.8952900262247738,1.1970173736735912,0.00029811697411437355,2.9037360490873034,0.187059572329123,0.187059572329123,9.961716152446925e-36,9.970335522622991e-36,73.45737749990076,1.0,4.794057799687468,875.5526725447841,0.8941151201328558,8382.166069639443,0.0,,,,,
1834,8386.39430240684,130.46721044541576,1722.1167196815275,0.0,37871.719054788744,-1.4470620861253687,2.8577500696148848,89.98035474353026,0.0013393247125363245,3.548969903051931,0.187059572329123,0.187059572329123,1.0065717091205925e-35,613361.7586176742,73.48566720006056,1.0,4.794057799687468,875.5526725447841,130.46721044541576,8255.927091961423,0.0,,,,,
1835,8126.872428719319,4.2857730538247205,1694.303029929055,0.0,37932.063072874495,0.5326755474883534,1.1303714382314114,16.778759552563045,0.00033539078798159455,3.7245511170857704,0.187059572329123,0.187059572329123,1.0179349076848456e-35,2.182036375808985e-33,73.5153258999344,1.0,4.794057799687468,875.5526725447841,4.2857730538247205,8122.586655665495,0.0,,,,,
1836,8194.9131130909,211.91275947962433,1665.1865052882133,0.0,37876.96343538519,-2.461846024020462,4.134454336376969,87.08690552995787,2.441380134180285e-05,2.6671850521972087,0.187059572329123,0.187059572329123,1.0301115623769704e-35,6238207.341147891,73.54259170009755,1.0,4.794057799687468,875.5526725447841,211.91275947962433,7983.000353611276,0.0,,,,,
1837,7838.625098279983,0.7023464950235229,1634.9245418559462,0.0,37741.650202296165,0.7264941131302517,0.7445069069287005,1.1972980480035709,0.0003824045090508807,3.609703336708205,0.187059572329123,0.187059572329123,1.0430518365519682e-35,1.0670902375222413e-35,73.56963509996422,1.0,4.794057799687468,875.5526725447841,0.7023464950235229,7837.9227517849595,0.0,,,,,
1838,7689.127739342918,0.9170620952754885,1603.6958665264422,0.0,37569.336833630005,0.8502375497133944,0.9118418570135437,2.9924644335992574,0.0004314658328863491,1.386322495223305,0.187059572329123,0.187059572329123,1.0567044211781963e-35,2.997926144494815e-35,73.59619869990274,1.0,4.794057799687468,875.5526725447841,0.9170620952754885,7688.210677247643,0.0,,,,,
1839,7667.194431292384,132.56300219600408,1571.6605314161156,0.0,37228.03051492523,-1.4747747161320979,2.8968155941122236,87.12673026096856,0.0,3.722289991131537,0.187059572329123,0.187059572329123,1.0709542480112346e-35,8438330.714022057,73.628755700076,1.0,4.794057799687468,875.5526725447841,132.56300219600408,7534.63142909638,0.0,,,,,
1840,8090.728336516847,117.45356147529097,1538.9794707605738,0.00033104553556544683,39130.28464787608,-2.31647193868142,3.5974090476319422,80.96622624915237,0.00027712996873938134,3.5906861217514545,0.187059572329123,0.187059572329123,1.0858046809889707e-35,514114569.0376077,73.667525799945,1.0,5.180694751835285,881.7750389175449,117.45356147529097,7972.9828673515485,0.29190769000670136,270.9851818478367,21.632440060442843,0.00043791942958776954,12.526796842643803,1000.0
1841,7921.749648267636,121.87450476959278,1505.5654728036045,0.0,39540.38241811387,-1.5414125540120016,2.9501483109022484,89.32819151814854,0.0,3.640756867837861,0.187059572329123,0.187059572329123,1.1012237525816136e-35,54051381.11408807,73.69668540009297,1.0,5.180694751835285,881.7750389175449,121.87450476959278,7799.875143498043,0.0,,,,,
1842,7624.395925389097,0.8922931839243239,1471.521484546935,0.0,39537.59547869,0.912241736748349,0.912241736748349,1.1972980709132135,0.0003441033035421828,2.144216719541181,0.187059572329123,0.187059572329123,1.1172537441402366e-35,1.1182660242248196e-35,73.7253113000188,1.0,5.180694751835285,881.7750389175449,0.8922931839243239,7623.503632205173,0.0,,,,,
1843,7549.513913700035,104.88878644941678,1436.9935855829617,0.0,38725.699769914936,-1.4255802352519822,2.8611014495979883,87.74929814681205,0.0,3.0156171777622434,0.187059572329123,0.187059572329123,1.1338093032324069e-35,399005354.3684769,73.75185499992222,1.0,5.180694751835285,881.7750389175449,104.88878644941678,7444.625127250618,0.0,,,,,
1844,7322.652518392895,58.351553510586065,1402.1866396025162,0.0,38603.61983530262,-0.4504433445398414,1.9601387137894597,67.78613290112375,0.0004628468129878466,3.698894673971438,0.187059572329123,0.187059572329123,1.1508611051197034e-35,1.2804032306845927e-07,73.78092020004988,1.0,5.180694751835285,881.7750389175449,58.351553510586065,7264.300964882309,0.0,,,,,
1845,7211.175847606458,127.97144779432381,1367.2306011279427,0.0,38212.865073752175,-1.4547479147324565,2.997111349026508,76.08358844823307,9.226756703925587e-05,3.614139173923195,0.187059572329123,0.187059572329123,1.1683822153464498e-35,9.71611075149331,73.81004830007441,1.0,5.180694751835285,881.7750389175449,127.97144779432381,7083.204399812134,0.0,,,,,
1846,6986.595953462113,61.61229983214481,1332.2633921164181,0.026008549820507015,35858.756068428636,-0.5570750333370952,2.0580067451827992,82.1768624282481,7.154711979593525e-05,3.5950115847413415,0.187059572329123,0.187059572329123,1.1861266468160191e-35,527662773.3309401,73.84653689991683,1.0,5.180694751835285,881.7750389175449,61.61229983214481,6902.049963599801,22.933690030166478,,,,,
1847,6723.497825507614,0.7548738114608841,1297.6527808967303,0.0,37351.02016043445,0.8067433613068432,0.8067433613068432,1.1942954765035108,0.0006607181763744127,3.7191788310793092,0.187059572329123,0.187059572329123,1.2033373486550479e-35,1.2044404741517367e-35,73.88854350009933,1.0,5.180694751835285,881.7750389175449,0.7548738114608841,6722.742951696153,0.0,,,,,
1848,6779.889277393968,235.39806754064332,1263.245862446327,0.0,36201.606283301604,-3.8265078279457003,5.124660225885034,87.84195657543378,5.115784239896615e-05,1.9942648120221333,0.187059572329123,0.187059572329123,1.220393233617987e-35,377916962.3556977,73.92509889998473,1.0,5.180694751835285,881.7750389175449,235.39806754064332,6544.491209853324,0.0,,,,,
1849,6368.999958508807,0.8765912951553628,1229.2025823288884,0.0,36255.82620518607,0.8457270666443245,0.8697100986707695,1.1964107649378672,0.00021254870904927753,3.722815091618436,0.187059572329123,0.187059572329123,1.238614309728924e-35,1.2395221065195934e-35,73.9551242000889,1.0,5.180694751835285,881.7750389175449,0.8765912951553628,6368.123367213651,0.0,,,,,
1850,6129.461726393876,74.37566843689227,1195.5689286321708,0.0,35000.13807319487,-0.8467357377252694,2.3971431676299515,85.45263176817899,4.6668214722954404e-05,3.720946514464713,0.187059572329123,0.187059572329123,1.2566858199494098e-35,11363798.245473685,73.99713420006447,1.0,5.064606408669804,887.6862869716675,74.37566843689227,6055.086057956984,0.0,55.145108313807974,19.28873705948765,1e-12,2.8589278885256753,1000.0
1851,5979.6690578235075,92.10495177959922,1162.491935398046,0.0,34031.24199017834,-0.9484250957318291,2.4090281637024775,72.41958772714783,0.0,3.634623033715958,0.187059572329123,0.187059572329123,1.274080118967618e-35,0.1742936998255022,74.30402370006777,1.0,5.064606408669804,887.6862869716675,92.10495177959922,5887.564106043908,0.0,,,,,
1852,5835.952856309905,112.6149915836976,1130.0656759681776,0.0,33337.02585822963,-1.2082403008454399,2.7586968923241035,75.53267200047247,7.195592391316674e-05,2.3820312951074323,0.187059572329123,0.187059572329123,1.2925017750569706e-35,2.246782586596861,74.3333928999491,1.0,5.064606408669804,887.6862869716675,112.6149915836976,5723.337864726207,0.0,,,,,
1853,5712.2685577130305,149.60102495884485,1098.3415262500519,0.0,32806.842232659255,-1.847745094512479,3.417527033391437,77.89426242607324,2.617638295693281e-05,3.452783413870189,0.187059572329123,0.187059572329123,1.3106739602930968e-35,2456.2394623137216,74.36537589994259,1.0,5.064606408669804,887.6862869716675,149.60102495884485,5562.667532754186,0.0,,,,,
1854,14898.244641372386,334.43096708202734,1067.3438253527827,10.31686242151763,219735.0710675859,-4.867538588978843,6.122348231287708,89.35313821940491,0.0,3.5812306350759138,0.187059572329123,0.187059572329123,1.330004614402864e-35,684800721.1550995,74.39516200008802,1.0,5.064606408669804,887.6862869716675,334.43096708202734,5405.676378135848,9158.137296154511,,,,,
1855,5396.772795877779,28.51215362504171,1059.9561365841034,0.0,32199.954675632234,-0.15923878261576077,1.6454883081501994,42.55047799571935,0.002669558085422019,3.7321480900720325,0.187059572329123,0.187059572329123,1.3309685121664584e-35,3.810129229632091e-26,74.43173180008307,1.0,5.064606408669804,887.6862869716675,28.51215362504171,5368.260642252737,0.0,,,,,
1856,5328.704052428103,8.496338160591115,1050.4681479611443,0.0,32214.64142850576,0.3612618269580378,1.1831698631290264,25.120897142843553,8.580693774191961e-06,3.726231989940909,0.187059572329123,0.187059572329123,1.3325561955285082e-35,1.2280653628096547e-29,74.46509710000828,1.0,5.064606408669804,887.6862869716675,8.496338160591115,5320.207714267512,0.0,,,,,
1857,5377.44141475243,114.72675620312228,1039.1162182988937,0.0,32441.130924779736,-1.5250851538646961,3.0849959090870396,85.63449840862117,0.0,3.6246309729243396,0.187059572329123,0.187059572329123,1.3351997113856436e-35,330875774.1983021,74.4975495999679,1.0,5.064606408669804,887.6862869716675,114.72675620312228,5262.714658549308,0.0,,,,,
1858,5410.425421155078,212.68871236889075,1026.0989515718175,0.001069502525978581,31710.152166214015,-4.006116477049704,5.291214508869431,82.2267067561325,6.182017266942452e-05,3.4791228196688553,0.187059572329123,0.187059572329123,1.339681752360965e-35,398964460.97863686,74.53018620004877,1.0,5.064606408669804,887.6862869716675,212.68871236889075,5196.787326059994,0.9493827261927459,,,,,
1859,105207.03949637471,167.10450207060103,1011.6849646986541,112.55795015083461,1922011.325437551,-3.0811043265389033,4.4880359167764015,76.26461446490954,0.00010423323901821019,2.6999143880295526,0.187059572329123,0.18705957232916987,1.344557599091971e-35,1124040257.7995224,74.56299040000886,1.0,5.064606408669804,887.6862869716675,167.10450207060103,5123.786155767688,99916.14883853642,,,,,
1860,5856.752434335351,189.41010065658114,1146.9185472864826,0.0,32837.01136993805,-2.9590197869087516,4.183374776708427,89.07933554864888,9.32562896250877e-05,3.73376236225036,0.187059572329123,0.187059572329123,1.323408883168166e-35,277349820.2982126,74.60610840003937,1.0,4.941364273066511,893.3019726230841,189.41010065658114,5667.342333678769,0.0,48.73227802336753,18.744887501516455,1e-12,2.599763696603946,1000.0
1861,14136.731963858358,240.7972800569166,1272.5322784863001,8.516592798094438,189862.93878219865,-3.6495536230032584,5.060428764641585,87.06348788867886,0.0,3.5849470605889686,0.187059572329123,0.187059572329123,1.3075023532175553e-35,602048049.5754575,74.63779919990338,1.0,4.941364273066511,893.3019726230841,240.7972800569166,6288.0455372361275,7607.889146565313,,,,,
1862,7040.7431358156355,76.21601465269836,1409.4340623952608,0.0,35851.609054146946,-1.2041900588159897,2.731095046031386,56.913241577239816,2.9306660707557886e-06,2.6870705570798634,0.187059572329123,0.187059572329123,1.2793523946610887e-35,8.815818205700617e-13,74.67028889991343,1.0,4.941364273066511,893.3019726230841,76.21601465269836,6964.527121162937,0.0,,,,,
1863,7591.257029255755,11.107761134580354,1534.019523603567,0.0,37448.34772532668,0.27525183035339057,1.1932644824320207,32.47676100195892,1.2436083462918218e-05,3.6019164451659265,0.187059572329123,0.187059572329123,1.2532204526793323e-35,1.306419011346294e-25,74.70201959996484,1.0,4.941364273066511,893.3019726230841,11.107761134580354,7580.149268121175,0.0,,,,,
1864,21288.852873945245,179.25082584590018,1645.3445223099966,14.529639255758696,303725.1841461124,-2.8523141843646767,4.400966879741818,75.82494589834917,0.0004138226526422262,3.5973008811824183,0.187059572329123,0.187059572329123,1.2338859894850403e-35,514578221.21515816,74.73447160003707,1.0,4.941364273066511,893.3019726230841,179.25082584590018,8130.246639428302,12979.355408671043,,,,,
1865,8794.80432037611,0.7466361154716454,1779.6821279082153,0.0,38988.36975115941,0.752212602556807,0.7918183817169472,1.1986469840490197,6.162901045519975e-05,3.37277790677325,0.187059572329123,0.187059572329123,1.195668049002338e-35,1.199801008964353e-35,74.76667389995418,1.0,4.941364273066511,893.3019726230841,0.7466361154716454,8794.057684260639,0.0,,,,,
1866,9483.04556358187,103.4123418022471,1898.186958792822,0.0,39417.877769499995,-1.1243479757582813,2.612575419306392,79.92559061537922,0.00010817275746218685,3.4062762153696835,0.187059572329123,0.187059572329123,1.1656023779355997e-35,494612.54505411105,74.79989699996077,1.0,4.941364273066511,893.3019726230841,103.4123418022471,9379.633221779624,0.0,,,,,
1867,10151.265016024572,253.53421851695302,2001.4038913342251,0.009028428392145686,38577.89488716516,-3.821470245286323,5.3412140928370055,82.23670947938669,0.0,3.3154518634577945,0.187059572329123,0.187059572329123,1.13865429648979e-35,409248043.4651233,74.83157010003924,1.0,4.941364273066511,893.3019726230841,253.53421851695302,9889.66568461523,8.065112892390001,,,,,
1868,10330.682674371077,0.8065938197392982,2090.4907045318528,0.0,39483.87508398101,0.8544905207473849,0.8544905207473849,1.19378304192894,0.00015098924193503865,3.6272852337211026,0.187059572329123,0.187059572329123,1.1195315793902293e-35,1.1226932503430884e-35,74.8635414999444,1.0,4.941364273066511,893.3019726230841,0.8065938197392982,10329.876080551338,0.0,,,,,
1869,10829.474747401608,123.95162414955787,2166.511621416734,0.0,39245.00655440097,-1.4765761260299484,2.83804831281771,87.99879271173626,0.0003613373129025474,3.0191233576545082,0.187059572329123,0.187059572329123,1.1031667292502267e-35,10791576.170809213,74.90360220009461,1.0,4.941364273066511,893.3019726230841,123.95162414955787,10705.52312325205,0.0,,,,,
1870,10680.583311973918,84.85901688523455,2230.693698666104,0.0,37939.647849052155,-0.9228339842721097,2.363229593051307,89.89736912216118,8.978358751065424e-05,2.9593639513571146,0.187059572329123,0.187059572329123,1.0945823827293183e-35,226010437.48198316,74.9468416001182,1.0,4.749968272840259,898.6368739919299,84.85901688523455,10595.724295088683,0.0,25.148364007840133,22.58610037194108,1e-12,1.113444268541469,1000.0
1871,10862.06343665502,11.598049870093098,2284.323760397847,0.0,37692.19290632057,0.15661079806755254,1.2261634610651333,30.669310019958598,0.0019598531069127956,3.055897094385052,0.187059572329123,0.187059572329123,1.0840577514136484e-35,1.1766914282708862e-30,74.98035999992862,1.0,4.749968272840259,898.6368739919299,11.598049870093098,10850.465386784927,0.0,,,,,
1872,11197.058435146559,136.86504322600337,2328.4773195563002,0.0,38438.594783686276,-1.6630341741841226,3.16819232430525,86.15904522762798,0.00015524570755400674,3.4208939044536804,0.187059572329123,0.187059572329123,1.0826145349577201e-35,33700520.44795988,75.00926740001887,1.0,4.749968272840259,898.6368739919299,136.86504322600337,11060.193391920555,0.0,,,,,
1873,11396.993893589895,167.9925291180594,2364.016077471065,0.0,38299.12893044445,-2.2690831719348528,3.751721413148646,83.97645947705007,0.00143245947405915,3.537100964742278,0.187059572329123,0.187059572329123,1.0791477953641331e-35,309424342.652288,75.03931179991923,1.0,4.749968272840259,898.6368739919299,167.9925291180594,11229.001364471836,0.0,,,,,
1874,11363.856716008648,2.7693903681278917,2391.823833982605,0.0,37617.51253955217,0.67989630865912,0.8690239643286244,24.8580626028719,0.0,3.727903152246502,0.187059572329123,0.187059572329123,1.0795572497297016e-35,8.1217680235878e-30,75.06766170007177,1.0,4.749968272840259,898.6368739919299,2.7693903681278917,11361.08732564052,0.0,,,,,
1875,11600.95776079928,140.46098195190189,2412.752279710394,0.0,37433.08117224621,-3.0427649839623747,4.172765784578096,85.09157000124496,4.17738763482077e-05,3.0725941103246823,0.187059572329123,0.187059572329123,1.0833843885341862e-35,314072405.0938601,75.09456519992091,1.0,4.749968272840259,898.6368739919299,140.46098195190189,11460.496778847377,0.0,,,,,
1876,11543.462970602293,12.889232790275607,2427.5054222451204,0.0,37450.10215079645,0.24958043031154317,1.0820005801568546,36.52818558970132,0.0011968796565117318,3.731625882504537,0.187059572329123,0.187059572329123,1.0909963195195533e-35,4.002194438327705e-27,75.12183850002475,1.0,4.749968272840259,898.6368739919299,12.889232790275607,11530.573737812017,0.0,,,,,
1877,11618.694721882443,44.41450477284714,2436.706847767789,0.0,37209.325531275725,-0.3976108854047789,2.008946023710082,48.355048352943726,0.00043145535934652895,3.4514995396867088,0.187059572329123,0.187059572329123,1.0984993765424522e-35,3.2172893777905103e-21,75.14854239998385,1.0,4.749968272840259,898.6368739919299,44.41450477284714,11574.280217109595,0.0,,,,,
1878,11598.518003253666,4.152177064489303,2440.9354252920702,0.0,37438.75404019036,0.6132394677373848,1.007279170853003,25.929502892590467,0.0,3.4390580438954323,0.187059572329123,0.187059572329123,1.1116270707782203e-35,4.918950628324328e-29,75.18700650008395,1.0,4.749968272840259,898.6368739919299,4.152177064489303,11594.365826189178,0.0,,,,,
1879,11746.911067875804,153.8259037801701,2440.665810418879,0.0,37640.12981903671,-2.0085668950364624,3.4462300341052865,78.84880886500626,8.123797491779022e-05,3.4677460652728915,0.187059572329123,0.187059572329123,1.1219253441314367e-35,317327949.1174349,75.22016860009171,1.0,4.749968272840259,898.6368739919299,153.8259037801701,11593.085164095633,0.0,,,,,
1880,10994.679976993093,0.7517926913866055,2436.316853407718,0.0,35569.67783254061,0.7526638249952861,0.7940680521352645,1.1965941707844627,0.0,3.732499770517507,0.187059572329123,0.187059572329123,1.1333924125277589e-35,1.1394547430403154e-35,75.27278269990347,1.0,4.512519859198245,903.7050302923333,0.7517926913866055,10993.928184301707,0.0,0.0005677855566507403,22.442971848915906,1e-12,0.001,1000.0
1881,10966.780254050811,8.010499246760936,2428.5255459797872,0.0,35486.697682222184,0.43345537955202684,1.1933275821350404,23.282097800592652,0.0,3.7097517071599784,0.187059572329123,0.187059572329123,1.1487021529566384e-35,2.3993976943069532e-30,75.30756320012733,1.0,4.512519859198245,903.7050302923333,8.010499246760936,10958.76975480405,0.0,,,,,
1882,10910.490594035353,0.8283792815138082,2417.643036521106,0.0,35546.55566291411,0.8224399104936183,0.8371000020868312,1.1983502280054132,0.0013928065034565715,2.7506989230691548,0.187059572329123,0.187059572329123,1.16612827415737e-35,1.172035137226111e-35,75.33557699993253,1.0,4.512519859198245,903.7050302923333,0.8283792815138082,10909.662214753838,0.0,,,,,
1883,10848.681213104615,0.7227673413298867,2403.9691312717414,0.0,35538.340536359516,0.7601630112566466,0.7672399631935292,1.1987227904419615,0.001421025040402965,3.6298614020451434,0.187059572329123,0.187059572329123,1.1866997244867821e-35,1.561433280105655e-35,75.3680338000413,1.0,4.512519859198245,903.7050302923333,0.7227673413298867,10847.958445763286,0.0,,,,,
1884,11233.811746730715,251.40741557387932,2387.781930303525,0.22960030571074536,19536.489829378766,-4.381964470009858,5.793328975875728,85.9906420576038,0.0010578125152926263,1.5746218313620748,0.187059572329123,0.187059572329123,1.2087628673457409e-35,318331558.27490616,75.39977129991166,1.0,4.512519859198245,903.7050302923333,251.40741557387932,10774.913379929376,207.4909512274581,,,,,
1885,10822.434213216431,121.52373508787592,2371.382467451306,0.0,35134.43608236246,-1.9013791962857507,3.10519634790267,80.5033054886046,0.0007752593064150118,3.673172957102592,0.187059572329123,0.187059572329123,1.220368904881791e-35,116016825.26486248,75.43233789992519,1.0,4.512519859198245,903.7050302923333,121.52373508787592,10700.910478128555,0.0,,,,,
1886,10721.278028754794,104.3143699088616,2352.779376073989,0.0,35036.34148119891,-1.1788327762338955,2.740540440247172,83.7482642125301,6.588299505872613e-05,2.9492562411123546,0.187059572329123,0.187059572329123,1.245212613349296e-35,300138329.96462494,75.46463540010154,1.0,4.512519859198245,903.7050302923333,104.3143699088616,10616.963658845933,0.0,,,,,
1887,10732.646203349794,208.54684660464818,2332.2001199159263,0.0,35472.862895007005,-3.876457422274864,5.214232092023015,88.10751043207493,5.272685251388187e-05,3.7144725793690236,0.187059572329123,0.187059572329123,1.2591084426945336e-35,257434597.49295235,75.49325480009429,1.0,4.512519859198245,903.7050302923333,208.54684660464818,10524.099356745146,0.0,,,,,
1888,10793.99119279367,370.9924200758462,2309.795656959106,0.0,35803.13902469859,-5.378760304654368,6.858046042697774,88.76438683747205,0.0005182053862493249,2.458298645919612,0.187059572329123,0.187059572329123,1.2854748095377464e-35,175697146.86286998,75.52417250000872,1.0,4.512519859198245,903.7050302923333,370.9924200758462,10422.998772717823,0.0,,,,,
1889,10449.64182931031,135.32141190286788,2285.711916897807,0.0,36340.18145351199,-1.7599419843880655,3.175732624238475,88.3360247024001,0.00034183415698399444,2.8172925977327465,0.187059572329123,0.187059572329123,1.3023653280095511e-35,236569499.8761636,75.55348869995214,1.0,4.512519859198245,903.7050302923333,135.32141190286788,10314.320417407444,0.0,,,,,
1890,10494.793108809707,355.2474413333795,2260.085042715569,0.0,35037.219359889845,-6.619157794570341,7.49819141431159,86.32815069665858,0.0002725676562448237,3.7130351758096896,0.187059572329123,0.187059572329123,1.3263670656436754e-35,270126413.9664517,75.59317920007743,1.0,4.486355812210197,908.5197787777166,355.2474413333795,10139.545667476326,0.0,89.1567872382775,22.349322524621716,1e-12,3.9892389194372937,1000.0
1891,10019.706953929415,0.7827399353366272,2233.198754928506,0.0,35228.59820181078,0.7999867848515388,0.8235260141301811,1.198163904883831,0.0,3.691139251425582,0.187059572329123,0.187059572329123,1.3509928529707903e-35,1.3612935209234994e-35,75.62436909996904,1.0,4.486355812210197,908.5197787777166,0.7827399353366272,10018.924213994078,0.0,,,,,
1892,10066.199482472472,172.97906729636642,2205.179622233802,0.0,34955.396730246226,-3.204399414855167,4.535243528051948,79.58610459360813,0.0,2.6525354280460283,0.187059572329123,0.187059572329123,1.376247037209385e-35,191599720.69696096,75.6544119999744,1.0,4.486355812210197,908.5197787777166,172.97906729636642,9893.220415176105,0.0,,,,,
1893,9763.88080707404,0.8062709771407655,2176.1703584734473,0.0,35155.390140499265,0.8338609933997199,0.83601940186581,1.1982173571831694,0.00040411538740761643,3.448759214347238,0.187059572329123,0.187059572329123,1.4041321163946135e-35,1.4321326993640307e-35,75.69011069997214,1.0,4.486355812210197,908.5197787777166,0.8062709771407655,9763.0745360969,0.0,,,,,
1894,9629.734553340044,0.7841713154031551,2146.274344941212,0.0,35104.55195191,0.8034933781526935,0.8202810216370506,1.1937608391956243,0.0,3.3520267036932774,0.187059572329123,0.187059572329123,1.430021031298824e-35,1.4406005756267906e-35,75.72699130000547,1.0,4.486355812210197,908.5197787777166,0.7841713154031551,9628.950382024641,0.0,,,,,
1895,9719.920681268339,228.5706834408058,2115.6034864634667,0.0,34965.24659195863,-3.667907526958579,5.088563925268642,88.81325685766511,0.0004620914802879808,3.5332084059958326,0.187059572329123,0.187059572329123,1.4592725337926132e-35,97884147.47006914,75.76234179991297,1.0,4.486355812210197,908.5197787777166,228.5706834408058,9491.349997827532,0.0,,,,,
1896,9458.276725702395,107.54730774493926,2084.259432234117,0.0,35092.82311971198,-1.3558118150681824,2.8698314640234357,72.28436438603262,0.0005702812183085021,3.5883265049215236,0.187059572329123,0.187059572329123,1.4868146325261943e-35,2.1583689228512686,75.80172160011716,1.0,4.486355812210197,908.5197787777166,107.54730774493926,9350.729417957456,0.0,,,,,
1897,9337.361702638262,129.89192542759508,2052.3271364592497,0.0,34635.29908486834,-1.8239135123654846,3.177602233679591,85.17982366673613,0.0,3.7080606299367562,0.187059572329123,0.187059572329123,1.519544520916478e-35,168608159.19542325,75.84282830008306,1.0,4.486355812210197,908.5197787777166,129.89192542759508,9207.469777210667,0.0,,,,,
1898,9703.552855667243,89.68189497183153,2019.9425679176738,0.607240363582823,6648.396567019707,-1.5098871375927587,2.986921029368551,77.71518886509922,5.148444530402724e-05,3.257075300756878,0.187059572329123,0.187059572329123,1.546005149527834e-35,320349716.76088625,75.87055750004947,1.0,4.486355812210197,908.5197787777166,89.68189497183153,9062.181079908247,551.6898807871665,,,,,
1899,8935.11936130892,1.3758603660052373,1991.2036959407112,0.0005450914514434932,34640.3233534798,0.5362544700665031,0.7590937253341469,13.361186981546247,0.0003520772843090547,3.7095785368492487,0.187059572329123,0.187059572329123,1.5777131655032148e-35,1.6728853426521395e-33,75.9185548000969,1.0,4.486355812210197,908.5197787777166,1.3758603660052373,8933.248274578036,0.4952263648790669,,,,,
1900,8363.158611202656,0.7596499239018907,1961.7421661026829,0.0014843434191242197,32808.35747269684,0.8220547448679363,0.8220547448679363,1.1972199827188292,2.2543278071818912e-05,3.322474152440649,0.187059572329123,0.187059572329123,1.5978558572148732e-35,1.6073995738427737e-35,75.95685290009715,1.0,4.262088021599687,863.124832825021,0.7596499239018907,8361.117787613268,1.2811736654865122,0.0003852682958629739,21.877936847060827,0.0006205400045946225,0.001,0.6208597238056497
1901,11839.874363753797,243.29069046432016,1931.8659174099273,3.8960773221567906,90589.42175640569,-3.772511418241406,5.149310820732766,86.08825965186647,0.0006458178323673971,3.7339147784404743,0.187059572329123,0.187059572329123,1.617909390305597e-35,305248577.4431567,76.24578489991836,1.0,4.262088021599687,863.124832825021,243.29069046432016,8233.78258592954,3362.8010873599355,,,,,
1902,8169.307239364808,0.7331238797304291,1915.8723664895463,0.003426446840207418,32621.11602894988,0.7723395373800891,0.8007345956089832,1.5714944985063477,0.0002726973218941803,3.730528785818446,0.187059572329123,0.187059572329123,1.6254847299310482e-35,3.4053763076423646e-35,76.27298999996856,1.0,4.262088021599687,863.124832825021,0.7331238797304291,8165.61666412894,2.9574513561378493,,,,,
1903,8094.620752931573,1.2606376792491245,1898.0995992244605,0.0040464014726055335,32540.130218066388,0.7156793890211057,0.9117428059821462,7.521372948358202,0.00035978277614999443,3.722139958493483,0.187059572329123,0.187059572329123,1.635441154728094e-35,1.957927000284039e-34,76.30111459991895,1.0,4.262088021599687,863.124832825021,1.2606376792491245,8089.867565657739,3.49254959458557,,,,,
1904,8084.376756475886,72.89327236269338,1878.757304267481,0.004697445778004747,32075.93995495359,-0.7952153111941846,2.3606003827143827,63.0313589259642,0.00018169670277373706,2.9870986314689447,0.187059572329123,0.187059572329123,1.6427361781536878e-35,1.2884651945913358e-09,76.33696560002863,1.0,4.262088021599687,863.124832825021,72.89327236269338,8007.4290020113485,4.054482101844949,,,,,
1905,8012.926364781664,87.81602297807031,1858.0717600374005,0.006771847887183116,32220.76315372128,-1.487336311519237,2.6508326172891095,84.8945001585492,0.0009968645084016542,3.728403276013713,0.187059572329123,0.187059572329123,1.654633294647606e-35,199824458.7024333,76.37377679999918,1.0,4.262088021599687,863.124832825021,87.81602297807031,7919.265391728052,5.844950075541399,,,,,
1906,7982.76155724704,149.06908582889884,1836.193374323743,0.008891744369220666,31890.051074454117,-2.5406669857670576,3.7939850831987214,80.57144795698508,7.513459557736274e-06,2.8713330174608775,0.187059572329123,0.187059572329123,1.6583384344011805e-35,253173406.73181942,76.40651250001974,1.0,4.262088021599687,863.124832825021,149.06908582889884,7826.017786045935,7.67468537220641,,,,,
1907,7735.298378711283,0.9295130676784644,1813.3051364795588,0.006838829940243531,32144.06326267699,0.829799350379378,0.8873491497654467,3.917698846816857,0.0023876910355051656,3.5509057412121137,0.187059572329123,0.187059572329123,1.6750594392901422e-35,5.224923146787652e-35,76.44796840008348,1.0,4.262088021599687,863.124832825021,0.9295130676784644,7728.466101694713,5.9027639488914465,,,,,
1908,7765.303674175061,117.07869788996342,1789.5157774310333,0.024505397166492932,31613.243830465963,-1.6138193522089204,2.9832055613765145,83.6486603179791,0.00020901767188331866,3.5447793089950053,0.187059572329123,0.187059572329123,1.6735436622872516e-35,267990975.9913001,76.48411149997264,1.0,4.262088021599687,863.124832825021,117.07869788996342,7627.073759452458,21.151216832639957,,,,,
1909,7611.478380204747,81.69418006545102,1765.037485003937,0.008155341338680183,31866.16387385293,-1.1015613930421455,2.619389767503052,76.31880846229299,0.0005060554410928828,2.5706518496472666,0.187059572329123,0.187059572329123,1.687685118107775e-35,84524.88971800137,76.51905800006352,1.0,4.262088021599687,863.124832825021,81.69418006545102,7522.745122509717,7.039077629579316,,,,,
1910,7052.917281151266,0.8710061090951969,1739.9126815669965,0.00863549225464635,30107.15816095424,0.8808807386801012,0.8903544633760134,1.1976695082872855,0.0036109462294885014,3.7310923699767873,0.187059572329123,0.187059572329123,1.6862593115018077e-35,1.69750309631098e-35,76.56336429994553,1.0,4.049033620519702,820.026282230936,0.8710061090951969,7044.964944433359,7.08133060881169,0.001727560916871688,21.103750954954823,0.001497252174933139,0.001,1.1538209433216107
1911,7248.668685200655,299.1466471919399,1714.4236838090933,0.009466650787505223,30075.626038138613,-5.3768700249625985,6.502845055049234,86.93414730305796,0.0010912714561976677,3.732386413163803,0.187059572329123,0.187059572329123,1.6887771544907866e-35,29690759.88181071,76.59638440003619,1.0,4.049033620519702,820.026282230936,299.1466471919399,6941.759135558258,7.76290245045647,,,,,
1912,6956.013654651137,98.36469222982548,1688.6399163344568,0.024742095065929132,29687.73553417076,-1.489039816730884,2.719862118317773,83.89307892678471,0.0021663803329738662,3.581964299770066,0.187059572329123,0.187059572329123,1.6929425871715623e-35,220241227.78476477,76.62990440009162,1.0,4.049033620519702,820.026282230936,98.36469222982548,6837.359794189792,20.28916823151825,,,,,
1913,6741.112428133096,0.7750714870672987,1662.70573539913,0.009738630525706407,29545.46104962057,0.7940728946526796,0.8214888782716165,2.7453911061115788,3.8486251279085115e-06,3.692865339433232,0.187059572329123,0.187059572329123,1.6959152941590447e-35,5.655912537672194e-35,76.66257210006006,1.0,4.049033620519702,820.026282230936,0.7750714870672987,6732.351423662013,7.98593298401573,,,,,
1914,6840.773158826437,205.62226574668182,1636.6572406958962,0.010085896530735872,29743.080268212045,-3.9425271077239903,5.2882070791298705,85.66906768127184,0.0002904096147638008,1.5439991272263422,0.187059572329123,0.187059572329123,1.6962678404718343e-35,20116739.11952705,76.69583029998466,1.0,4.049033620519702,820.026282230936,205.62226574668182,6626.88019284469,8.270700235065233,,,,,
1915,6530.0266116687435,0.8183955446172526,1610.5198469065695,0.009949936559332403,29105.07109503877,0.8414185867419157,0.8599257293011109,1.196766342694667,0.000377032802495611,2.777985375996888,0.187059572329123,0.187059572329123,1.696688993189838e-35,1.7090504873199606e-35,76.72841360000893,1.0,4.049033620519702,820.026282230936,0.8183955446172526,6521.049006638943,8.159209485183021,,,,,
1916,7260.441503988027,205.34313030542,1584.409778326016,0.7801822044286957,7823.265746007341,-3.782508480769902,5.037145806937363,79.64881714394882,2.7805371758574116e-05,3.064063498427874,0.187059572329123,0.187059572329123,1.7072435112948207e-35,318812447.4513393,76.76302880002186,1.0,4.049033620519702,820.026282230936,205.34313030542,6415.328461122207,639.7699125603993,,,,,
1917,21967.57373579067,398.9248357913858,1561.957428299922,18.58992948069843,238620.28692638368,-7.128470097386994,8.335911361399754,84.85912751139583,1.062324654759611e-05,3.732002223143184,0.187059572329123,0.187059572329123,1.6993417651366148e-35,424656748.1624536,76.79544340004213,1.0,4.049033620519702,820.026282230936,398.9248357913858,6324.418141006876,15244.230758992408,,,,,
1918,6507.585014247558,160.25713745526838,1566.5491762114723,0.005265189919096044,28240.533716753456,-3.480797284451604,4.732770537853852,82.97573948402079,9.65001550191566e-06,2.6625788940841844,0.187059572329123,0.187059572329123,1.6561548994537726e-35,82879587.90964183,76.82806789991446,1.0,4.049033620519702,820.026282230936,160.25713745526838,6343.010282677694,4.317594114596131,,,,,
1919,6739.929677992759,324.75525687482696,1568.0080696496902,0.08079866620845463,24736.68706611764,-6.603455666411655,7.66309216558976,81.70089323644123,0.00042149131980923765,1.576563471236987,0.187059572329123,0.187059572329123,1.6242865107288614e-35,282833793.2261571,76.86065250006504,1.0,4.049033620519702,820.026282230936,324.75525687482696,6348.917391257794,66.25702986013741,,,,,
1920,12714.398840877391,278.19688340705704,1567.0448923673434,8.008439331736064,181643.16617185101,-5.717335952756316,6.843586945115268,82.86799880034168,0.0,3.682763371917389,0.187059572329123,0.187059572329123,1.5846915613914122e-35,397672836.46975464,76.91008369997144,1.0,3.9420257897830235,781.5343687761583,278.19688340705704,6177.33137945983,6258.870578010504,38.59003891657148,20.216095012721258,0.768909476700586,1.9088770057861404,50.1880131353856
1921,6251.6253113298635,0.7984781810078041,1585.6889747778418,0.0,28419.731226061675,0.8259080413004332,0.8385009517636544,1.1974074222937041,0.00010034046685723774,3.467261411823187,0.187059572329123,0.187059572329123,1.5364629404183074e-35,1.538209958287852e-35,76.9437718000263,1.0,3.9420257897830235,781.5343687761583,0.7984781810078041,6250.826833148855,0.0,,,,,
1922,6467.108981062822,160.18291358835216,1599.9200420811085,0.0,28436.48427352251,-2.8399271827765977,4.1290407755357075,81.17533078649531,0.0,3.0614681073376095,0.187059572329123,0.187059572329123,1.4892219195346763e-35,1558461.434515546,76.97846150002442,1.0,3.9420257897830235,781.5343687761583,160.18291358835216,6306.92606747447,0.0,,,,,
1923,6347.756178474593,0.8558559963166646,1610.0605782255984,0.0,28811.85161074368,0.8170623151579821,0.8356957388134485,1.1936688977559116,5.85204261606756e-05,2.2945166349690886,0.187059572329123,0.187059572329123,1.4540551342734385e-35,1.4552022244238888e-35,77.01177929993719,1.0,3.9420257897830235,781.5343687761583,0.8558559963166646,6346.900322478276,0.0,,,,,
1924,6613.386324312376,226.09225219987218,1616.412389213297,0.019646924719302003,28258.655325892985,-4.221748637022086,5.645178621474878,82.17111785418483,0.0,3.5646275118025916,0.187059572329123,0.187059572329123,1.4188777045119017e-35,335811645.19577783,77.04189900006168,1.0,3.9420257897830235,781.5343687761583,226.09225219987218,6371.939325203612,15.354746908892393,,,,,
1925,6603.213354692287,219.51855325497363,1619.3944793518674,0.0,29358.48166881793,-3.2977044056131986,4.531152739551117,88.14068273440074,0.00022586710056815562,3.7336245892064106,0.187059572329123,0.187059572329123,1.392495116050516e-35,276940040.26665413,77.07127580000088,1.0,3.9420257897830235,781.5343687761583,219.51855325497363,6383.694801437313,0.0,,,,,
1926,6673.917904050482,291.1451811721365,1619.1605695277974,0.0,28864.60309307207,-4.806492441061336,6.143496276601993,86.41880484578613,2.094561628874017e-05,3.1778209317594928,0.187059572329123,0.187059572329123,1.375271625787005e-35,291719942.4768929,77.10001890012063,1.0,3.9420257897830235,781.5343687761583,291.1451811721365,6382.772722878346,0.0,,,,,
1927,6374.464316625074,3.93218709488558,1616.0554164920457,0.0,29068.437498680538,0.5154357084294001,1.0025683516228412,20.417121132704164,4.6558963116498375e-05,3.5714918540454366,0.187059572329123,0.187059572329123,1.35532633883251e-35,4.478164499471253e-31,77.12863599997945,1.0,3.9420257897830235,781.5343687761583,3.93218709488558,6370.532129530189,0.0,,,,,
1928,6421.084266963629,73.02281138267347,1610.355130611757,0.0,29341.92565862247,-0.953409241628694,2.3057280098517734,73.84256519490319,0.0001627958298376711,3.4598904974950635,0.187059572329123,0.187059572329123,1.343152102357941e-35,150910844.7651516,77.15569859999232,1.0,3.9420257897830235,781.5343687761583,73.02281138267347,6348.061455580955,0.0,,,,,
1929,6513.648208967245,197.37329219084674,1602.2916270986798,0.0,29042.77602424859,-2.8726809404799867,4.396842428822804,85.32623582760236,0.0002592216219259591,3.6943138144075265,0.187059572329123,0.187059572329123,1.3323891903708625e-35,3787472.973739548,77.18295060005039,1.0,3.9420257897830235,781.5343687761583,197.37329219084674,6316.274916776399,0.0,,,,,
1930,7269.074622564036,187.46966314945362,1592.1345166510973,0.0,33622.45717308789,-3.604124728827258,4.615289355596686,87.57194480636394,2.931560159274635e-05,3.363837813546226,0.187059572329123,0.187059572329123,1.3276106865869193e-35,218936485.40840137,77.22057859995402,1.0,4.447868496884334,792.4576503373504,187.46966314945362,7081.6049594145825,0.0,291.6348427050226,20.74381772371336,1e-12,14.05887993180924,1000.0
1931,7274.1124130363405,223.00955264963588,1579.6579572064352,0.03153732778641266,31066.649385115594,-3.38044399732246,4.777111480338717,83.36002736791086,0.0,3.551524551787256,0.187059572329123,0.187059572329123,1.324399108014499e-35,367063668.7679327,77.25037160003558,1.0,4.447868496884334,792.4576503373504,223.00955264963588,7026.110863711165,24.991996675539408,,,,,
1932,7592.7841009828135,612.9382337942772,1565.4230466541921,0.021515362582974103,31571.739350637916,-9.8560786050378,10.989332617554142,84.92346545367559,0.0004897325370334452,3.7128143336882777,0.187059572329123,0.187059572329123,1.3213240904109284e-35,327951222.01580393,77.27971739997156,1.0,4.447868496884334,792.4576503373504,612.9382337942772,6962.795853509877,17.050013678659802,,,,,
1933,7071.298698767685,179.08729845106458,1549.5537705632512,0.0,32000.655368042146,-3.2513860076287777,4.4049080727610095,87.55744239366028,0.0010195086726664249,3.68516531912623,0.187059572329123,0.187059572329123,1.3170227227017222e-35,167170814.08694142,77.3065792999696,1.0,4.447868496884334,792.4576503373504,179.08729845106458,6892.211400316621,0.0,,,,,
1934,6815.533947027192,0.7041025411832632,1532.1563236996992,0.0,32372.569294869736,0.7647275199930688,0.7647275199930688,1.1951455699424338,0.0005742060437739782,3.732346431867615,0.187059572329123,0.187059572329123,1.316823526625951e-35,1.3339024533853352e-35,77.3349276999943,1.0,4.447868496884334,792.4576503373504,0.7041025411832632,6814.829844486008,0.0,,,,,
1935,6941.843948866163,210.46810361665743,1513.3936288729612,0.0,31951.032271316566,-3.3567376829750053,4.499471581958128,82.07484516933803,0.00021092343711282685,3.710922413155643,0.187059572329123,0.187059572329123,1.3193823145141956e-35,236994.68673603455,77.36444690008648,1.0,4.447868496884334,792.4576503373504,210.46810361665743,6731.375845249506,0.0,,,,,
1936,13406.720782172433,117.18037688371236,1493.4709315884872,8.387549914918791,151327.18238467205,-1.6834863806862896,3.195338053016489,75.27265653635331,0.0004051165688393338,3.570614129469665,0.187059572329123,0.187059572329123,1.3229886656009217e-35,440752697.09446234,77.39315939997323,1.0,4.447868496884334,792.4576503373504,117.18037688371236,6642.762307624931,6646.778097663789,,,,,
1937,6791.498437204116,158.16569607227987,1491.3509124153259,0.0,31678.508656525664,-2.609495141052366,3.9083241952381407,85.90780115604865,0.0007156933025972353,2.8225308529559565,0.187059572329123,0.187059572329123,1.3130300420448727e-35,248656110.99264914,77.43161109997891,1.0,4.447868496884334,792.4576503373504,158.16569607227987,6633.332741131836,0.0,,,,,
1938,6988.220262121128,369.7174820802489,1486.3637805948438,0.00927765088777265,31404.469515752313,-5.910097932195629,7.19531497382815,82.67626889086343,0.00014137790732157707,3.624936677429453,0.187059572329123,0.187059572329123,1.3091210747292834e-35,348157560.77214706,77.47403439995833,1.0,4.447868496884334,792.4576503373504,369.7174820802489,6611.150634617704,7.352145423174548,,,,,
1939,6701.828720984522,124.1315494947507,1478.8425458390577,0.0,32339.97735538575,-1.5071493816221286,2.877422193319953,86.69023380169762,0.00014065079344983272,3.729550473379131,0.187059572329123,0.187059572329123,1.3010680937527974e-35,287634308.0101484,77.5116052001249,1.0,4.447868496884334,792.4576503373504,124.1315494947507,6577.697171489772,0.0,,,,,
1940,6910.38399574929,85.50582702174539,1468.9510131018005,0.0,32927.810895302995,-1.4216125844524208,2.7669412761828216,63.715367835217464,0.00030022309663428615,3.7206679196155683,0.187059572329123,0.187059572329123,1.2991249216102316e-35,1.0365547680485383e-10,77.55083049996756,1.0,4.646089697924168,802.8347678204829,85.50582702174539,6824.878168727545,0.0,169.75326162826923,20.179191495241117,1e-12,8.412292517681015,1000.0
1941,6992.419002620769,223.59519379194288,1456.8861664149697,0.0,33343.133482465695,-3.8777797601104353,4.897756384519365,87.7946609208363,0.0002815378860593701,3.6915902903255073,0.187059572329123,0.187059572329123,1.298563894819258e-35,129468204.61085138,77.59175470005721,1.0,4.646089697924168,802.8347678204829,223.59519379194288,6768.823808828826,0.0,,,,,
1942,6704.511394756258,0.9115371938689824,1442.8477049329242,0.0,33164.11828852542,0.8279086387609856,0.8785337443741257,4.187888699499453,0.00016724927172652448,3.7339170697441015,0.187059572329123,0.187059572329123,1.3004884906645072e-35,5.961432438681267e-35,77.62369080004282,1.0,4.646089697924168,802.8347678204829,0.9115371938689824,6703.599857562389,0.0,,,,,
1943,6793.0270535717555,162.64102772436584,1427.0895434519457,0.0,32378.434542005158,-2.9753379912557936,3.9815177032853306,86.56371940849615,0.0,3.7337700550836432,0.187059572329123,0.187059572329123,1.3069374696491053e-35,46628315.51564985,77.65628170012496,1.0,4.646089697924168,802.8347678204829,162.64102772436584,6630.38602584739,0.0,,,,,
1944,6561.98772592816,11.534658544629869,1409.885192339316,0.0,32709.46070185894,0.250449462641219,1.460659001077871,25.09190984242851,0.00010556807037287452,3.3878168356259137,0.187059572329123,0.187059572329123,1.30943410190254e-35,1.677568909231327e-29,77.68919329997152,1.0,4.646089697924168,802.8347678204829,11.534658544629869,6550.453067383531,0.0,,,,,
1945,6465.384655649622,0.8377457715856533,1391.3952011659048,0.0,32627.791286532767,0.5841451996241867,0.6703597089901584,8.845463799595418,0.0,3.7039766082319945,0.187059572329123,0.187059572329123,1.31680572381894e-35,2.7079963033799247e-34,77.72116230009124,1.0,4.646089697924168,802.8347678204829,0.8377457715856533,6464.546909878036,0.0,,,,,
1946,6374.322906254373,0.8307028326064823,1371.7970632959125,0.0,32409.57151455563,0.774085991059305,0.8467279558724575,1.1988947448510348,0.0004529692871353963,3.7310397572567098,0.187059572329123,0.187059572329123,1.3230198076276432e-35,1.3653291067831345e-35,77.75255959993228,1.0,4.646089697924168,802.8347678204829,0.8307028326064823,6373.492203421767,0.0,,,,,
1947,6648.883392719323,222.56730718167907,1351.2656924065225,0.18461391911526365,23065.12498724261,-4.150967964726771,5.54889139989887,81.32197657099685,0.000107141977929201,3.480226154529597,0.187059572329123,0.187059572329123,1.335430013812933e-35,383056867.5543459,77.78230480011553,1.0,4.646089697924168,802.8347678204829,222.56730718167907,6278.101612648312,148.2144728893321,,,,,
1948,27091.122908375623,167.53315177200642,1330.9390418100486,25.833369974981473,440997.38574792503,-3.007374043219399,4.333896188533504,74.9028381254876,0.0,3.683414753568141,0.187059572329123,0.187059572329123,1.3388953058330863e-35,563008262.6323239,77.81163090001792,1.0,4.646089697924168,802.8347678204829,167.53315177200642,6183.6621707187305,20739.927585884885,,,,,
1949,6946.823536050216,264.9536749242695,1355.3770478859901,0.4791353558145711,7860.033183977701,-5.190456909481319,6.276369347390601,80.81326531053088,0.0003764885121484221,3.5763650924842194,0.187059572329123,0.187059572329123,1.3120326964754908e-35,380085229.1084831,77.83929909998551,1.0,4.646089697924168,802.8347678204829,264.9536749242695,6297.203338985971,384.66652213997565,,,,,
1950,6080.456471063581,0.9164609048575022,1377.3826426990836,0.0,31077.796108481787,0.9058065704031666,0.9058065704031666,1.1988056244950487,0.00030916691914018024,2.6680798814751636,0.187059572329123,0.187059572329123,1.281960711825877e-35,1.288111328096357e-35,77.8797625999432,1.0,4.4138352130279594,812.6930294294586,0.9164609048575022,6079.540010158724,0.0,0.002389295199344199,19.722822219879443,1e-12,0.001,1000.0
1951,6368.608052986235,210.21021371593415,1394.5306627457257,0.0038997435455094117,30448.576408585046,-3.8834206248859466,5.046689628914147,81.46262478204197,0.00021058829961827924,3.7096567541452146,0.187059572329123,0.187059572329123,1.2604137692952622e-35,352764716.9749693,78.17445000004955,1.0,4.4138352130279594,812.6930294294586,210.21021371593415,6155.228544874302,3.1692943959980218,,,,,
1952,8718.340192909453,87.65392615978168,1407.240707846469,2.976963736171105,76677.11081101956,-1.6161552463953017,2.9406360630248725,68.64459415876487,0.0018779025131514943,3.436796258576409,0.187059572329123,0.187059572329123,1.2435117803346233e-35,363053954.3996786,78.20774350012653,1.0,4.4138352130279594,812.6930294294586,87.65392615978168,6211.328589499136,2419.357677250535,,,,,
1953,6298.43967382895,0.6375816411085011,1426.8321738879445,0.0,31867.380559831996,0.6909892954431543,0.723204361715842,1.1743327328106834,0.00029149103421929196,3.679454435336837,0.187059572329123,0.187059572329123,1.21908110717893e-35,1.220352072853393e-35,78.23966079996899,1.0,4.4138352130279594,812.6930294294586,0.6375816411085011,6297.8020921878415,0.0,,,,,
1954,6442.184955338317,79.23648268007909,1441.5917599001518,0.0,31826.23663165668,-0.8019030479265092,2.0892298184095632,70.11703796086026,0.00016679609820154095,3.3866571380710235,0.187059572329123,0.187059572329123,1.1991290810685701e-35,0.0006078250762237892,78.2721021999605,1.0,4.4138352130279594,812.6930294294586,79.23648268007909,6362.948472658238,0.0,,,,,
1955,6434.468891393824,26.026294736178205,1451.898924033767,0.0,32037.593906488968,0.0356059188282697,1.6236690193831356,49.262046675399944,0.0,3.7324017648249663,0.187059572329123,0.187059572329123,1.181484822742277e-35,5.5028205957102635e-19,78.30471620010212,1.0,4.4138352130279594,812.6930294294586,26.026294736178205,6408.442596657646,0.0,,,,,
1956,6723.131975798075,221.23562657667435,1458.112820846016,0.08124425042759474,26923.72600791132,-4.314370185386292,5.315484942191662,88.84260578746134,0.000592798051895313,3.408521036716934,0.187059572329123,0.187059572329123,1.1679721626747156e-35,385197554.8456062,78.33653150009923,1.0,4.4138352130279594,812.6930294294586,221.23562657667435,6435.869713217673,66.02663600372756,,,,,
1957,16749.898113721447,263.47418482231507,1461.1962070821642,12.350228553065477,229429.28168345563,-4.621337755589893,5.987159005685837,82.11050249202471,0.0,2.0488401579044213,0.187059572329123,0.18705957232912301,1.1581514624484757e-35,673496006.9996442,78.37285059993155,1.0,4.4138352130279594,812.6930294294586,263.47418482231507,6449.47927196215,10036.944656936983,,,,,
1958,6659.633546152242,96.90920614237831,1486.8530480338738,0.0,32438.435027223753,-1.1041109032477732,2.567981402919135,87.35476369555137,0.0001909223112297534,3.7181693900026462,0.187059572329123,0.187059572329123,1.1331768405843471e-35,240039897.65406367,78.40754889999516,1.0,4.4138352130279594,812.6930294294586,96.90920614237831,6562.724340009864,0.0,,,,,
1959,8845.871393363112,70.11629940097977,1506.921852209176,2.614087093735013,72550.44615898523,-0.7603332401168452,2.291349640677456,79.49288044282977,0.00017764787824507688,2.9758238081040633,0.187059572329123,0.187059572329123,1.1157827124914057e-35,509076421.9898068,78.44114329991862,1.0,4.4138352130279594,812.6930294294586,70.11629940097977,6651.304734562175,2124.450359399957,,,,,
1960,10325.003302972407,267.4541655029524,1532.960969879633,4.571249133301554,109890.21574557837,-4.852644325740491,6.093669026617498,79.22487005916443,5.794399251100868e-05,3.660247918060599,0.187059572329123,0.187059572329123,1.091999758784184e-35,579260867.6988684,78.48494510003366,1.0,4.251446757812273,774.4594724516824,267.4541655029524,6517.301945247524,3540.2471922219315,24.391868559947422,20.918083784154618,0.5079322913775571,1.1660661087142306,48.02188987393286
1961,6799.1566366708785,132.01214808264598,1568.2060409993326,0.0,31893.30138518103,-1.6077088418547092,2.981792776630386,91.64503659913211,0.00011294324195845057,3.1095695469085083,0.187059572329123,0.187059572329123,1.0653338909658671e-35,214258436.40863588,78.51702830009162,1.0,4.251446757812273,774.4594724516824,132.01214808264598,6667.144488588233,0.0,,,,,
1962,6841.315167932633,51.93487781647045,1596.9576186365955,0.0,31977.281941975267,-0.8325777209647831,2.2925074121509375,46.850598099931226,0.0008092486900133714,3.475675316225003,0.187059572329123,0.187059572329123,1.0450263596956296e-35,1.2066476184656798e-24,78.54907399998046,1.0,4.251446757812273,774.4594724516824,51.93487781647045,6789.3802901161625,0.0,,,,,
1963,6886.880985013216,0.6876455638596898,1619.7294078293673,0.0,32604.637520575554,0.7159858511490603,0.7495922513171448,1.1966439983376254,0.0,3.6965825046611682,0.187059572329123,0.187059572329123,1.027568187538107e-35,1.0286483138253128e-35,78.58152809995227,1.0,4.251446757812273,774.4594724516824,0.6876455638596898,6886.193339449356,0.0,,,,,
1964,8808.950937981943,240.47218517584892,1636.9731008522701,2.07754547241617,59965.745229867855,-4.137535779304635,5.40855507907022,86.45718063135921,0.0004104669312238393,3.70736678861841,0.187059572329123,0.187059572329123,1.013156412484106e-35,512028921.08043677,78.6144793999847,1.0,4.251446757812273,774.4594724516824,240.47218517584892,6959.503982244287,1608.974770561808,,,,,
1965,7054.530163141706,0.8625415729071013,1659.1217115931856,0.0,32836.10669991346,0.8424530745886487,0.860749967586573,1.1959395135787807,0.0,2.7172787025773872,0.187059572329123,0.187059572329123,9.962792952362285e-36,9.974417362527743e-36,78.64854099997319,1.0,4.251446757812273,774.4594724516824,0.8625415729071013,7053.6676215687985,0.0,,,,,
1966,7339.3356575318085,215.03587883509908,1675.7353871609487,0.0,32708.250380504087,-3.4944322522899953,4.789791152436452,80.99896196439776,0.00023655153728834727,3.151133585157632,0.187059572329123,0.187059572329123,9.81010413589789e-36,130636765.93196693,78.68365480005741,1.0,4.251446757812273,774.4594724516824,215.03587883509908,7124.299778696709,0.0,,,,,
1967,7293.291426695402,60.72142673486744,1687.3259647167474,0.07617377021201557,26810.119042874143,-0.7034279034211182,2.189544707441135,78.52866556414394,0.0004246097386731637,3.672714426351097,0.187059572329123,0.187059572329123,9.704068650060996e-36,465759627.38386023,78.71638990007341,1.0,4.251446757812273,774.4594724516824,60.72142673486744,7173.576502067482,58.99349789305326,,,,,
1968,7316.400143593059,109.71826100808292,1695.112815265131,0.0,32605.729070044865,-1.3957800859703886,2.95018898262152,86.44931510527054,0.0003707843047138504,3.611935267015684,0.187059572329123,0.187059572329123,9.61725626165265e-36,409133592.13991463,78.7497097000014,1.0,4.251446757812273,774.4594724516824,109.71826100808292,7206.681882584976,0.0,,,,,
1969,7229.265827074813,7.208330376640127,1698.7293756948116,0.0,32968.71252712236,0.5609176035500896,1.1664330739319533,24.588003542816942,0.00018947411550358784,3.4741324873677737,0.187059572329123,0.187059572329123,9.550653659906314e-36,2.3452863182892e-31,78.78269509994425,1.0,4.251446757812273,774.4594724516824,7.208330376640127,7222.057496698173,0.0,,,,,
1970,7920.806710608375,171.59504974386144,1698.558398591865,0.4214464936014791,4074.9564594168896,-2.7197000182631372,3.9150961381003055,82.45880982557645,0.0005693026626947331,3.6752665347124704,0.187059572329123,0.187059572329123,9.508857751285617e-36,482736663.2133446,78.83084179996513,1.0,4.367271549031223,785.7364988290982,171.59504974386144,7418.065768538288,331.14589232622615,141.49800230816467,21.54373314587602,0.11040249503814162,6.567942582191274,1000.0
1971,7736.310813602258,318.99941977023275,1698.385664953072,0.0,34155.29193359949,-5.181668289671495,6.406652147745135,84.67109515674792,5.732914612250478e-05,3.1715840088099627,0.187059572329123,0.187059572329123,9.461666907135176e-36,342014663.87836355,78.86567629990168,1.0,4.367271549031223,785.7364988290982,318.99941977023275,7417.311393832026,0.0,,,,,
1972,7415.575487345632,14.503468026768065,1694.667239311148,0.0,33830.29094157173,0.30152416778766117,1.2476977871099526,39.92049675992436,0.00023530231554558245,3.630887380330583,0.187059572329123,0.187059572329123,9.428706733633758e-36,3.622942217486676e-26,78.90824909997173,1.0,4.367271549031223,785.7364988290982,14.503468026768065,7401.072019318864,0.0,,,,,
1973,7371.67806617935,0.5919353960416089,1687.8011930397165,0.0,33964.7778539226,0.6464886321837041,0.6675144359352728,1.1938032825475933,0.0,3.427082348282086,0.187059572329123,0.187059572329123,9.437308648084394e-36,9.448507620385893e-36,78.94077050010674,1.0,4.367271549031223,785.7364988290982,0.5919353960416089,7371.086130783308,0.0,,,,,
1974,11888.509455327567,174.75718460833386,1678.0936341205042,5.580829823164568,149073.8376819022,-3.2823494375595272,4.683368807615338,90.5596283258365,0.002653650838469024,3.7226596920337274,0.187059572329123,0.187059572329123,9.443288765810123e-36,425411793.121137,78.97104410012253,1.0,4.367271549031223,785.7364988290982,174.75718460833386,7328.690584904889,4385.061685814343,,,,,
1975,7358.158143310026,0.6806200647497144,1684.6851496736815,0.0,33963.556801774364,0.6655277268603266,0.7334732245871834,3.537746115507262,0.000152356498520842,3.63383189761819,0.187059572329123,0.187059572329123,9.366547258729655e-36,3.3290078198160117e-35,79.00053819990717,1.0,4.367271549031223,785.7364988290982,0.6806200647497144,7357.477523245277,0.0,,,,,
1976,7442.411378131467,74.42445392575925,1687.0915493771217,0.0,33579.418548026355,-0.644808017645453,2.3330792610540696,76.31344632557588,0.00041016628807035577,3.586955243565771,0.187059572329123,0.187059572329123,9.353943654399499e-36,2.5880523817651653e-08,79.02876379992813,1.0,4.367271549031223,785.7364988290982,74.42445392575925,7367.986924205708,0.0,,,,,
1977,7527.481611980361,165.3003566815564,1685.7621910256378,0.0,33855.44791646785,-2.746797722639206,3.970311059698209,93.39674598281361,6.81302475272344e-05,3.2710675833021785,0.187059572329123,0.187059572329123,9.317822750034049e-36,333894204.41459984,79.05670000007376,1.0,4.367271549031223,785.7364988290982,165.3003566815564,7362.181255298805,0.0,,,,,
1978,7343.759112114068,2.1968491530196497,1681.040938383967,0.0,33932.48324869705,0.6388122744081678,0.818275369480677,21.391373074334854,0.00038122671765410815,3.7062838381243064,0.187059572329123,0.187059572329123,9.322899363886702e-36,1.4881707234557348e-32,79.08979259990156,1.0,4.367271549031223,785.7364988290982,2.1968491530196497,7341.562262961048,0.0,,,,,
1979,7310.715028999482,3.096861412001674,1673.2685580791292,0.0,33901.269646989946,0.6250056330507144,0.8458562576482793,26.871188466709317,0.0002823199994283765,3.690299159707099,0.187059572329123,0.187059572329123,9.335576060878511e-36,5.720713759675556e-31,79.11603579996154,1.0,4.367271549031223,785.7364988290982,3.096861412001674,7307.61816758748,0.0,,,,,
1980,9269.180155817505,410.48284037662796,1662.7611264262307,0.0,39862.78227178842,-5.246423478332089,6.631333232218958,93.61846250704507,0.0028278340586670447,3.6241262481521668,0.187059572329123,0.187059572329123,9.367984716262103e-36,1.049507373117842,79.15401439997368,1.0,5.327702924160164,796.4496738876433,410.48284037662796,8858.697315440877,0.0,505.81297221659554,21.454663133283677,1e-12,23.57589905161004,1000.0
1981,8787.084379711356,0.8661325083736156,1649.1569391677376,0.0,41267.68001741102,0.8354862390512289,0.8681041478781389,1.197567182318299,6.522707166565361e-05,3.6580456944300126,0.187059572329123,0.187059572329123,9.410726831655215e-36,9.447706609573457e-36,79.18077190010808,1.0,5.327702924160164,796.4496738876433,0.8661325083736156,8786.218247202982,0.0,,,,,
1982,8699.027120088731,0.6499018421924024,1632.669340251871,0.0,41177.82680326922,0.715043271766834,0.7385038532302033,1.1957779689309012,2.7062303662103715e-05,3.732057242785366,0.187059572329123,0.187059572329123,9.466387749483256e-36,9.508069738219865e-36,79.2106576000806,1.0,5.327702924160164,796.4496738876433,0.6499018421924024,8698.377218246538,0.0,,,,,
1983,8822.09343931045,225.19806275105913,1613.6213859774416,0.0,40261.31456008985,-3.331219953851392,4.7276101114776115,82.37101778892715,0.0024479368612503466,3.732962837103331,0.187059572329123,0.187059572329123,9.570956678145507e-36,335617234.9365542,79.23920670012012,1.0,5.327702924160164,796.4496738876433,225.19806275105913,8596.895376559392,0.0,,,,,
1984,8484.693046432905,0.9662971886018304,1592.3798436230643,0.0,40930.118007597994,0.9497386168402647,0.9532400986992462,1.1993444302606096,0.0011951104295102738,2.746018423422507,0.187059572329123,0.187059572329123,9.63302714087951e-36,1.4140104961150055e-35,79.26897309999913,1.0,5.327702924160164,796.4496738876433,0.9662971886018304,8483.726749244304,0.0,,,,,
1985,8360.836787997538,0.8912265359318073,1569.146343267522,0.0,40768.46926977153,0.8837973232382909,0.8955648961832537,1.1968639824295184,0.00035232459895866153,3.685655547080881,0.187059572329123,0.187059572329123,9.754160555487592e-36,9.76716126443611e-36,79.3030930000823,1.0,5.327702924160164,796.4496738876433,0.8912265359318073,8359.945561461605,0.0,,,,,
1986,8227.704447377191,0.7754183193774998,1544.1793857818511,0.0,40579.426462209405,0.7687469511012146,0.7908685100993732,1.1973552789733146,0.0014093585118965454,3.4299527079932965,0.187059572329123,0.187059572329123,9.824887439091107e-36,9.87351323586279e-36,79.33638940006495,1.0,5.327702924160164,796.4496738876433,0.7754183193774998,8226.929029057814,0.0,,,,,
1987,8086.640923373899,0.6796177852715973,1517.7200044169624,0.0,40361.380489706506,0.6873746370148213,0.7476080306809845,1.1969006417713723,0.00040711254789002616,3.7335415754658126,0.187059572329123,0.187059572329123,9.93657559108511e-36,9.989072512173154e-36,79.37430420005694,1.0,5.327702924160164,796.4496738876433,0.6796177852715973,8085.9613055886275,0.0,,,,,
1988,7939.181528555839,0.9399066021642515,1489.9932925980524,0.0,40113.20064599266,0.9404434153086206,0.9404434153086206,1.199447974929465,0.0015295277706990767,3.649710044855098,0.187059572329123,0.187059572329123,1.0075356409222488e-35,1.0112296857481264e-35,79.41969319991767,1.0,5.327702924160164,796.4496738876433,0.9399066021642515,7938.241621953674,0.0,,,,,
1989,7906.304240383634,121.41399180568374,1461.2095230150483,0.0,40017.05464891251,-1.4927389740417536,2.889541507727561,88.79951194406449,0.0,3.7195351961379024,0.187059572329123,0.187059572329123,1.0184136640071839e-35,260808479.42190996,79.45173020008951,1.0,5.327702924160164,796.4496738876433,121.41399180568374,7784.890248577951,0.0,,,,,
1990,7964.578762863704,156.36545752713698,1431.543292146855,0.0,40006.93459035218,-2.1536969727439583,3.5639973643759033,86.87226703517976,0.001281306846950235,3.7267049021343697,0.187059572329123,0.187059572329123,1.0320729305269349e-35,0.0066365908468093045,79.49975030007772,1.0,5.454402495663792,806.6271901932611,156.36545752713698,7808.213305336567,0.0,161.2495926444019,20.510793905080465,1e-12,7.861694354232716,1000.0
1991,7643.207578465783,0.7823610111379857,1401.1480127347247,0.0,40114.18959628798,0.8379802804763548,0.8379802804763548,1.1972915744586392,0.00027672878850421717,3.6323420331438845,0.187059572329123,0.187059572329123,1.0463487730265526e-35,1.0525385135967222e-35,79.5400185000617,1.0,5.454402495663792,806.6271901932611,0.7823610111379857,7642.425217454645,0.0,,,,,
1992,7527.615073960219,54.19452296264159,1370.163011794397,0.0,39532.37845121634,-0.75289918492635,2.06090244317883,64.05348964068665,8.351198689053596e-05,2.6864832968057892,0.187059572329123,0.187059572329123,1.0631624592429703e-35,0.49105230457575855,79.58256769995205,1.0,5.454402495663792,806.6271901932611,54.19452296264159,7473.420550997577,0.0,,,,,
1993,22264.14403915947,274.4952042790512,1338.7733971200214,18.208461176447194,378806.1476896026,-5.457609187104458,6.510536579794609,90.23873554176397,0.00097465052899115,3.5541328967632375,0.187059572329123,0.187059572329123,1.0818047383209384e-35,477338410.6581151,79.61728050000966,1.0,5.454402495663792,806.6271901932611,274.4952042790512,7302.208958379737,14687.43987650068,,,,,
1994,8228.506653728515,243.04074810094792,1345.5184501574902,0.8014442371723008,7090.984184275591,-3.7022652198037456,5.1875127546190605,91.334305212297,2.1674626110506495e-05,3.4186286005166786,0.187059572329123,0.187059572329123,1.0791408025687046e-35,474218496.4549248,79.64755130000412,1.0,5.454402495663792,806.6271901932611,243.04074810094792,7338.999192500692,646.4667131268745,,,,,
1995,7376.974393359016,0.8352789080154056,1352.327614310637,0.0,39370.08803758505,0.8055962096982302,0.8530448072568965,1.1961067981114455,0.0015655336631912112,2.966676321643115,0.187059572329123,0.187059572329123,1.0827876188447744e-35,1.0842762460649209e-35,79.6809219000861,1.0,5.454402495663792,806.6271901932611,0.8352789080154056,7376.139114451001,0.0,,,,,
1996,7679.95386701442,204.18880849669853,1354.7028767209622,0.10744778740625154,32552.713120155146,-3.322367588027598,4.827587191049374,90.92575027671198,0.0001569692138764442,3.0583165617037986,0.187059572329123,0.187059572329123,1.0783725606965188e-35,414781983.5257048,79.71090329997241,1.0,5.454402495663792,806.6271901932611,204.18880849669853,7389.094751669734,86.67030684798753,,,,,
1997,25533.25577156795,459.5551724658635,1353.8455832027662,21.929935026240948,447064.7982771197,-7.548348646249474,8.817532780282908,93.2627294473657,0.00034472063621006355,3.6328365050692244,0.187059572329123,0.18705957232912301,1.077638001297571e-35,549466225.3483711,79.74016029993072,1.0,5.454402495663792,806.6271901932611,459.5551724658635,7384.41872776457,17689.281871337516,,,,,
1998,11427.688659403959,331.7379508702453,1393.7004844629566,4.331799560381741,102439.27155878463,-5.341883038457515,6.514593618772658,93.91317698810569,0.0,3.7338130152634674,0.187059572329123,0.187059572329123,1.0732629755248113e-35,529736230.1940325,79.77829209994525,1.0,5.454402495663792,806.6271901932611,331.7379508702453,7601.803400662587,3494.1473078711274,,,,,
1999,7858.423456885468,1.6502213434417785,1440.4461793547691,0.0,40142.81525764861,0.7582761387663699,1.0070005564043265,8.802365107430774,0.0030310048770123693,2.391724474619173,0.187059572329123,0.187059572329123,1.050164424233235e-35,9.080687470960913e-35,79.80552890012041,1.0,5.454402495663792,806.6271901932611,1.6502213434417785,7856.773235542027,0.0,,,,,
2000,9109.91108604518,422.64003283941815,1479.011685651075,0.0,42860.90938520797,-6.861211540145688,7.779194197044462,95.06528039292952,0.0011153373324731194,3.723632203960852,0.187059572329123,0.187059572329123,1.0420118439704172e-35,309936303.64436626,79.84441810008138,1.0,5.873700077887853,816.295830683598,422.64003283941815,8687.271053205763,0.0,284.7581423893079,20.57448382504498,1e-12,13.840354140145015,1000.0
