t,w,x,x_scaled,t_scaled,log_N,N
0.0,0.001,-6.907755278982137,0.0,0.0,17.803572727379084,53950241.57303129
0.0,0.001110814537795,-6.802661714937222,0.010101010101008117,0.0,17.71141494972032,49200529.80113553
0.0,0.0012339089373767,-6.697568150892323,0.020202020202014698,0.0,17.61872198862291,44844970.00268136
0.0,0.0013706439859533,-6.592474586847349,0.030303030303028534,0.0,17.525471082897482,40852193.85207935
0.0,0.0015225312657382,-6.487381022802441,0.04040404040403597,0.0,17.431638393802338,37193270.18240938
0.0,0.0016912498642295,-6.382287458757476,0.05050505050504887,0.0,17.337199028485582,33841520.661072165
0.0,0.00187866493623,-6.277193894712534,0.06060606060605963,0.0,17.242127076058757,30772348.725598115
0.0,0.00208684832281,-6.172100330667619,0.07070707070706775,0.0,17.146395656776093,27963080.842958767
0.0,0.0023181014551505,-6.067006766622687,0.08080808080807748,0.0,17.049976984701992,25392819.234134838
0.0,0.002574980796465,-5.961913202577741,0.0909090909090886,0.0,16.95284244415206,23042305.275616534
0.0,0.0028603261032564,-5.856819638532781,0.10101010101010106,0.0,16.854962680094673,20893792.851957794
0.0,0.0031772918183317,-5.751726074487876,0.11111111111110823,0.0,16.756307702602278,18930930.98925207
0.0,0.0035293819426201,-5.646632510442922,0.1212121212121201,0.0,16.656847005345035,17138655.14914181
0.0,0.0039204887712936,-5.541538946397998,0.13131313131312908,0.0,16.55654969802628,15503086.60740696
0.0,0.0043549359224151,-5.436445382353058,0.14141414141413966,0.0,16.45538465256828,14011439.38084942
0.0,0.0048375261337845,-5.331351818308116,0.15151515151515035,0.0,16.353320662773903,12651934.2017526
0.0,0.0053735943563712,-5.2262582542631755,0.16161616161616094,0.0,16.25032661710914,11413719.071021652
0.0,0.0059690667312704,-5.121164690218244,0.17171717171717069,0.0,16.146371684177794,10286795.949756585
0.0,0.0066305261021638,-5.016071126173304,0.18181818181818118,0.0,16.041425510389033,9261953.174838094
0.0,0.0073652847875129,-4.910977562128371,0.19191919191919102,0.0,15.935458429248795,8330703.207511313
0.0,0.0081814654169699,-4.80588399808343,0.20202020202020168,0.0,15.828441681631924,7485225.345275578
0.0,0.0090880907256374,-4.700790434038493,0.21212121212121193,0.0,15.720347646306445,6718313.046961098
0.0,0.0100951832988382,-4.595696869993551,0.22222222222222263,0.0,15.611150079869969,6023325.538962338
0.0,0.0112138763700549,-4.490603305948624,0.23232323232323193,0.0,15.500824365106038,5394143.387502057
0.0,0.0124565368968931,-4.385509741903686,0.24242424242424226,0.0,15.389347766545434,4825127.737728611
0.0,0.013836902275649,-4.280416177858747,0.2525252525252527,0.0,15.276699691691103,4311082.93565121
0.0,0.0153702322058399,-4.175322613813814,0.26262626262626254,0.0,15.162861955880299,3847222.263559631
0.0,0.0170734773835322,-4.07022904976888,0.2727272727272725,0.0,15.047819048045994,3429136.5338427518
0.0,0.0189654668883421,-3.9651354857239447,0.2828282828282826,0.0,14.93155839360306,3052765.3001398533
0.0,0.0210671163356406,-3.8600419216790063,0.292929292929293,0.0,14.814070609193134,2714370.458642461
0.0,0.0234016590950486,-3.7549483576340705,0.3030303030303031,0.0,14.695349741900193,2410512.0261889696
0.0,0.0259949031313031,-3.649854793589135,0.3131313131313132,0.0,14.575393482563964,2138025.8956060596
0.0,0.0288755163068248,-3.5447612295442013,0.32323232323232315,0.0,14.45420333866224,1894003.3825621656
0.0,0.0320753432999582,-3.4396676654992664,0.33333333333333315,0.0,14.331784746505216,1675772.391998712
0.0,0.0356297576423598,-3.3345741014543298,0.34343434343434337,0.0,14.208147094663367,1480880.0459514116
0.0,0.0395780527672466,-3.229480537409394,0.3535353535353535,0.0,14.083303619967436,1307076.628207161
0.0,0.0439638763914761,-3.1243869733644574,0.3636363636363637,0.0,13.957271123229257,1152300.7146879674
0.0,0.048835713033475,-3.019293409319523,0.3737373737373737,0.0,13.830069432977718,1014665.371630278
0.0,0.0542474200011699,-2.914199845274587,0.3838383838383838,0.0,13.70172052069075,892445.3164642269
0.0,0.060258822775172,-2.8091062812296523,0.3939393939393938,0.0,13.572247138679694,784064.9487382836
0.0,0.0669363763690749,-2.7040127171847166,0.404040404040404,0.0,13.441670810151141,688087.170467972
0.0,0.0743538999780876,-2.5989191531397813,0.4141414141414141,0.0,13.310008948049806,603202.9269590513
0.0,0.0825933930374168,-2.493825589094845,0.42424242424242425,0.0,13.177270813059922,528221.4106061605
0.0,0.0917459417117808,-2.38873202504991,0.4343434343434343,0.0,13.043451939867513,462060.8816603744
0.0,0.101912725837141,-2.283638461004973,0.44444444444444453,0.0,12.908526563558054,403740.0719253326
0.0,0.113206137446215,-2.1785448969600347,0.4545454545454549,0.0,12.77243746575888,352370.15041692334
0.0,0.125751023242877,-2.0734513329151003,0.46464646464646486,0.0,12.635082537215574,307147.2450683632
0.0,0.139686064760787,-1.9683577688701692,0.47474747474747453,0.0,12.49629723042598,267345.53263195255
0.0,0.155165311463659,-1.8632642048252352,0.48484848484848453,0.0,12.355831973576741,232310.93109145557
0.0,0.172359883735326,-1.7581706407802946,0.49494949494949514,0.0,12.213323572851294,201455.45578947346
0.0,0.19145986458586,-1.6530770767353593,0.5050505050505052,0.0,12.068259707686146,174252.3313173885
0.0,0.212676400986239,-1.5479835126904273,0.5151515151515149,0.0,11.919935924838382,150231.9819647006
0.0,0.236244038061438,-1.442889948645492,0.5252525252525251,0.0,11.767405218417107,128979.04372683118
0.0,0.262423311946047,-1.3377963846005527,0.5353535353535355,0.0,11.609421569752712,110130.52913117775
0.0,0.291503629965987,-1.2327028205556183,0.5454545454545455,0.0,11.4443810130377,93375.19521022016
0.0,0.323806469986239,-1.1276092565106834,0.5555555555555556,0.0,11.270267238804074,78453.9603063937
0.0,0.359688934292802,-1.0225156924657481,0.5656565656565656,0.0,11.084613748075267,65160.826583253765
0.0,0.399547697296443,-0.9174221284208132,0.5757575757575757,0.0,10.88450114426167,53343.165637612794
0.0,0.443823390699414,-0.8123285643758777,0.5858585858585857,0.0,10.666615584426047,42899.50577382325
0.0,0.49300547460239,-0.707235000330941,0.5959595959595959,0.0,10.427400555609658,33772.44646272116
0.0,0.547637648400869,-0.6021414362860068,0.606060606060606,0.0,10.163334596632737,25934.63457446253
0.0,0.608323861287565,-0.49704787224107067,0.6161616161616161,0.0,9.871355394529628,19367.571892749933
0.0,0.67573498880583,-0.39195430819613525,0.6262626262626262,0.0,9.549417827558123,14036.520616896032
0.0,0.750616249262273,-0.2868607441511999,0.6363636363636362,0.0,9.197115922029777,9868.626089007772
0.0,0.833795441985706,-0.18176718010626372,0.6464646464646464,0.0,8.816225058508085,6742.762986188299
0.0,0.926192098504948,-0.07667361606132911,0.6565656565656565,0.0,8.410960959590804,4496.078986499495
0.0,1.02882764781018,0.028419947983610284,0.666666666666667,0.0,7.98775374814584,2944.6750432466342
0.0,1.142836708073,0.1335135120285407,0.6767676767676766,0.0,7.55443849107605,1909.1979112300169
0.0,1.2694796296533,0.23860707607348014,0.686868686868687,0.0,7.118958768305224,1235.1636721098985
0.0,1.41015642805352,0.3437006401184105,0.6969696969696967,0.0,6.687887386869457,802.6248240286976
0.0,1.56642226084696,0.44879420416335164,0.7070707070707073,0.0,6.265175287421402,525.933767453887
0.0,1.74000461967455,0.5538877682082868,0.7171717171717173,0.0,5.851479312854789,347.7484288868665
0.0,1.93282242736499,0.6589813322532224,0.7272727272727274,0.0,5.4442238790164375,231.41760193846838
0.0,2.14700725129329,0.7640748962981553,0.7373737373737373,0.0,5.038323558106932,154.21127196593014
0.0,2.38492686748792,0.8691684603430914,0.7474747474747475,0.0,4.627329867181088,102.24070306107986
0.0,2.64921143598352,0.9742620243880249,0.7575757575757573,0.0,4.2047051230866455,67.00083775284801
0.0,2.94278257678333,1.0793555884329629,0.7676767676767676,0.0,3.7649552611940003,43.16177481039407
0.0,3.26888566786082,1.184449152477898,0.7777777777777777,0.0,3.304437506575715,27.233218773231542
0.0,3.63112572224959,1.289542716522833,0.7878787878787878,0.0,2.8217641085827285,16.806472979202567
0.0,4.0335072408363,1.3946362805677694,0.797979797979798,0.0,2.317821576347532,10.153531503444272
0.0,4.48047848142245,1.4997298446127043,0.808080808080808,0.0,1.7954935858425838,6.022446582683616
0.0,4.97698063344183,1.6048234086576407,0.8181818181818182,0.0,1.259203171574777,3.5226134502238406
0.0,5.52850244195146,1.7099169727025751,0.8282828282828283,0.0,0.7143783007936744,2.0429162079879593
0.0,6.14114088475497,1.8150105367475111,0.8383838383838383,0.0,0.1669092514010746,1.1816470276304187
0.0,6.8216685734332,1.9201041007924453,0.8484848484848483,0.0,-0.3773723830496447,0.6856606979284143
0.0,7.57760862338904,2.0251976648373815,0.8585858585858586,0.0,-0.9131867149254607,0.40124353575906674
0.0,8.41731782058148,2.1302912288823177,0.8686868686868686,0.0,-1.43626760657685,0.237813718637436
0.0,9.35007900434302,2.2353847929272526,0.8787878787878787,0.0,-1.9437819388683497,0.1431614966333802
0.0,10.3862036875563,2.3404783569721936,0.8888888888888893,0.0,-2.4346799319279686,0.08762578877746134
0.0,11.5371460486378,2.445571921017128,0.8989898989898993,0.0,-2.909920864956744,0.05448004097900715
0.0,12.8156295554912,2.550665485062058,0.909090909090909,0.0,-3.372456595448627,0.0343052596003187
0.0,14.2357876212352,2.6557590491069942,0.919191919191919,0.0,-3.826772275451317,0.021779801498550973
0.0,15.8133198466305,2.7608526131519304,0.9292929292929293,0.0,-4.277756730885516,0.013873749758771132
0.0,17.5656655764397,2.865946177196865,0.9393939393939392,0.0,-4.728831425968044,0.008836791453486885
0.0,19.5121966883548,2.9710397412417997,0.9494949494949493,0.0,-5.179674279098725,0.005629839872307316
0.0,21.6744317457404,3.0761333052867346,0.9595959595959593,0.0,-5.624375005090437,0.0036088179241589168
0.0,24.0762738816144,3.1812268693316703,0.9696969696969694,0.0,-6.051034538391049,0.0023554239690628284
0.0,26.744275043632,3.2863204333766105,0.97979797979798,0.0,-6.443308891198177,0.0015911330743044274
0.0,29.707929521255,3.3914139974215445,0.98989898989899,0.0,-6.783392736206677,0.0011324263495784376
0.0,33.0,3.4965075614664802,1.0,0.0,-7.055221892428518,0.0008628912468053435
0.8163265306122449,0.001,-6.907755278982137,0.0,0.020408163265306124,-4.771489275534746,0.00846775993708286
0.8163265306122449,0.001110814537795,-6.802661714937222,0.010101010101008117,0.020408163265306124,-4.968101891777975,0.006956339396473176
0.8163265306122449,0.0012339089373767,-6.697568150892323,0.020202020202014698,0.020408163265306124,-5.168035319118273,0.0056957481612233355
0.8163265306122449,0.0013706439859533,-6.592474586847349,0.030303030303028534,0.020408163265306124,-5.371486522285435,0.00464721798005398
0.8163265306122449,0.0015225312657382,-6.487381022802441,0.04040404040403597,0.020408163265306124,-5.578658291921242,0.0037776305975951506
0.8163265306122449,0.0016912498642295,-6.382287458757476,0.05050505050504887,0.020408163265306124,-5.789758456614868,0.0030587209010033015
0.8163265306122449,0.00187866493623,-6.277193894712534,0.06060606060605963,0.020408163265306124,-6.004998953221923,0.0024663919303727013
0.8163265306122449,0.00208684832281,-6.172100330667619,0.07070707070706775,0.020408163265306124,-6.224594759663548,0.001980126079746045
0.8163265306122449,0.0023181014551505,-6.067006766622687,0.08080808080807748,0.020408163265306124,-6.44876269794978,0.001582478962378765
0.8163265306122449,0.002574980796465,-5.961913202577741,0.0909090909090886,0.020408163265306124,-6.677720119174422,0.0012586442628417743
0.8163265306122449,0.0028603261032564,-5.856819638532781,0.10101010101010106,0.020408163265306124,-6.911683486787291,0.0009960794975104638
0.8163265306122449,0.0031772918183317,-5.751726074487876,0.11111111111110823,0.020408163265306124,-7.150866879713371,0.0007841839933808941
0.8163265306122449,0.0035293819426201,-5.646632510442922,0.1212121212121201,0.020408163265306124,-7.3954804430475445,0.0006140216050566303
0.8163265306122449,0.0039204887712936,-5.541538946397998,0.13131313131312908,0.020408163265306124,-7.645728821313588,0.0004780817469774494
0.8163265306122449,0.0043549359224151,-5.436445382353058,0.14141414141413966,0.020408163265306124,-7.90180961787466,0.0003700732429954142
0.8163265306122449,0.0048375261337845,-5.331351818308116,0.15151515151515035,0.020408163265306124,-8.163911934201556,0.00028474630437771975
0.8163265306122449,0.0053735943563712,-5.2262582542631755,0.16161616161616094,0.020408163265306124,-8.432215054498924,0.00021773865284946915
0.8163265306122449,0.0059690667312704,-5.121164690218244,0.17171717171717069,0.020408163265306124,-8.706887354645838,0.0001654424174266723
0.8163265306122449,0.0066305261021638,-5.016071126173304,0.18181818181818118,0.020408163265306124,-8.988085529334688,0.00012488896076398492
0.8163265306122449,0.0073652847875129,-4.910977562128371,0.19191919191919102,0.020408163265306124,-9.275954247191068,9.364923974143905e-05
0.8163265306122449,0.0081814654169699,-4.80588399808343,0.20202020202020168,0.020408163265306124,-9.570626359657224,6.974768277648094e-05
0.8163265306122449,0.0090880907256374,-4.700790434038493,0.21212121212121193,0.020408163265306124,-9.872223804178207,5.158787961871306e-05
0.8163265306122449,0.0100951832988382,-4.595696869993551,0.22222222222222263,0.020408163265306124,-10.180859353887223,3.788863519065446e-05
0.8163265306122449,0.0112138763700549,-4.490603305948624,0.23232323232323193,0.020408163265306124,-10.496639372133119,2.762914477896772e-05
0.8163265306122449,0.0124565368968931,-4.385509741903686,0.24242424242424226,0.020408163265306124,-10.81966772791572,2.0002211252123158e-05
0.8163265306122449,0.013836902275649,-4.280416177858747,0.2525252525252527,0.020408163265306124,-11.150051014270117,1.4374553763955716e-05
0.8163265306122449,0.0153702322058399,-4.175322613813814,0.26262626262626254,0.020408163265306124,-11.487905182339842,1.0253359168229488e-05
0.8163265306122449,0.0170734773835322,-4.07022904976888,0.2727272727272725,0.020408163265306124,-11.833363655840367,7.258309148994916e-06
0.8163265306122449,0.0189654668883421,-3.9651354857239447,0.2828282828282826,0.020408163265306124,-12.1865869208492,5.0983840527249335e-06
0.8163265306122449,0.0210671163356406,-3.8600419216790063,0.292929292929293,0.020408163265306124,-12.547773492345184,3.5528036971285053e-06
0.8163265306122449,0.0234016590950486,-3.7549483576340705,0.3030303030303031,0.020408163265306124,-12.917172041215698,2.455519914803103e-06
0.8163265306122449,0.0259949031313031,-3.649854793589135,0.3131313131313132,0.020408163265306124,-13.295094325457187,1.6827279100099524e-06
0.8163265306122449,0.0288755163068248,-3.5447612295442013,0.32323232323232315,0.020408163265306124,-13.681928412129976,1.1429151479974193e-06
0.8163265306122449,0.0320753432999582,-3.4396676654992664,0.33333333333333315,0.020408163265306124,-14.078151511666439,7.690179608002017e-07
0.8163265306122449,0.0356297576423598,-3.3345741014543298,0.34343434343434337,0.020408163265306124,-14.48434158811227,5.12307099445718e-07
0.8163265306122449,0.0395780527672466,-3.229480537409394,0.3535353535353535,0.020408163265306124,-14.901186778991347,3.3767336684159305e-07
0.8163265306122449,0.0439638763914761,-3.1243869733644574,0.3636363636363637,0.020408163265306124,-15.329491585069887,2.200322775829078e-07
0.8163265306122449,0.048835713033475,-3.019293409319523,0.3737373737373737,0.020408163265306124,-15.770178808656082,1.416114484023269e-07
0.8163265306122449,0.0542474200011699,-2.914199845274587,0.3838383838383838,0.020408163265306124,-16.2242863694322,8.992531275362607e-08
0.8163265306122449,0.060258822775172,-2.8091062812296523,0.3939393939393938,0.020408163265306124,-16.69295844925363,5.627820781706999e-08
0.8163265306122449,0.0669363763690749,-2.7040127171847166,0.404040404040404,0.020408163265306124,-17.17743094235493,3.466861790434286e-08
0.8163265306122449,0.0743538999780876,-2.5989191531397813,0.4141414141414141,0.020408163265306124,-17.679011921210886,2.0994361795278988e-08
0.8163265306122449,0.0825933930374168,-2.493825589094845,0.42424242424242425,0.020408163265306124,-18.1990587336581,1.2480995199209183e-08
0.8163265306122449,0.0917459417117808,-2.38873202504991,0.4343434343434343,0.020408163265306124,-18.738954322820668,7.274037588935444e-09
0.8163265306122449,0.101912725837141,-2.283638461004973,0.44444444444444453,0.020408163265306124,-19.300086229965252,4.150295792405832e-09
0.8163265306122449,0.113206137446215,-2.1785448969600347,0.4545454545454549,0.020408163265306124,-19.88383225287145,2.3150553211435974e-09
0.8163265306122449,0.125751023242877,-2.0734513329151003,0.46464646464646486,0.020408163265306124,-20.49155660898952,1.2607530837758227e-09
0.8163265306122449,0.139686064760787,-1.9683577688701692,0.47474747474747453,0.020408163265306124,-21.124619466184747,6.694132950630514e-10
0.8163265306122449,0.155165311463659,-1.8632642048252352,0.48484848484848453,0.020408163265306124,-21.78440079910974,3.460628191513122e-10
0.8163265306122449,0.172359883735326,-1.7581706407802946,0.49494949494949514,0.020408163265306124,-22.472336946908456,1.7393543532785875e-10
0.8163265306122449,0.19145986458586,-1.6530770767353593,0.5050505050505052,0.020408163265306124,-23.189965588452274,8.486447119618728e-11
0.8163265306122449,0.212676400986239,-1.5479835126904273,0.5151515151515149,0.020408163265306124,-23.938973000167003,4.01269474865031e-11
0.8163265306122449,0.236244038061438,-1.442889948645492,0.5252525252525251,0.020408163265306124,-24.72123731940645,1.8352830192328286e-11
0.8163265306122449,0.262423311946047,-1.3377963846005527,0.5353535353535355,0.020408163265306124,-25.53886357198666,8.102377555202387e-12
0.8163265306122449,0.291503629965987,-1.2327028205556183,0.5454545454545455,0.020408163265306124,-26.39420998762091,3.4446115080424685e-12
0.8163265306122449,0.323806469986239,-1.1276092565106834,0.5555555555555556,0.020408163265306124,-27.289908994623936,1.4065109318623757e-12
0.8163265306122449,0.359688934292802,-1.0225156924657481,0.5656565656565656,0.020408163265306124,-28.228887713092938,5.499837222160601e-13
0.8163265306122449,0.399547697296443,-0.9174221284208132,0.5757575757575757,0.020408163265306124,-29.214389244555655,2.0528251459023714e-13
0.8163265306122449,0.443823390699414,-0.8123285643758777,0.5858585858585857,0.020408163265306124,-30.2499865296276,7.287822264838408e-14
0.8163265306122449,0.49300547460239,-0.707235000330941,0.5959595959595959,0.020408163265306124,-31.3395665960715,2.451315222052801e-14
0.8163265306122449,0.547637648400869,-0.6021414362860068,0.606060606060606,0.020408163265306124,-32.48724886382224,7.779775883975667e-15
0.8163265306122449,0.608323861287565,-0.49704787224107067,0.6161616161616161,0.020408163265306124,-33.69719199859406,2.3200399290247105e-15
0.8163265306122449,0.67573498880583,-0.39195430819613525,0.6262626262626262,0.020408163265306124,-34.97324337293477,6.476097653341289e-16
0.8163265306122449,0.750616249262273,-0.2868607441511999,0.6363636363636362,0.020408163265306124,-36.31839506575522,1.687024661734303e-16
0.8163265306122449,0.833795441985706,-0.18176718010626372,0.6464646464646464,0.020408163265306124,-37.734032691898776,4.095602712440913e-17
0.8163265306122449,0.926192098504948,-0.07667361606132911,0.6565656565656565,0.020408163265306124,-39.21900568729536,9.276886523746591e-18
0.8163265306122449,1.02882764781018,0.028419947983610284,0.666666666666667,0.020408163265306124,-40.76862216440686,1.969755669622915e-18
0.8163265306122449,1.142836708073,0.1335135120285407,0.6767676767676766,0.020408163265306124,-42.37378080617782,3.956405696529708e-19
0.8163265306122449,1.2694796296533,0.23860707607348014,0.686868686868687,0.020408163265306124,-44.020564243705415,7.622753195415441e-20
0.8163265306122449,1.41015642805352,0.3437006401184105,0.6969696969696967,0.020408163265306124,-45.690652609113194,1.4348341258206377e-20
0.8163265306122449,1.56642226084696,0.44879420416335164,0.7070707070707073,0.020408163265306124,-47.36277820253476,2.6952979378816554e-21
0.8163265306122449,1.74000461967455,0.5538877682082868,0.7171717171717173,0.020408163265306124,-49.01510986435458,5.164261865488431e-22
0.8163265306122449,1.93282242736499,0.6589813322532224,0.7272727272727274,0.020408163265306124,-50.628049503399104,1.029241931537108e-22
0.8163265306122449,2.14700725129329,0.7640748962981553,0.7373737373737373,0.020408163265306124,-52.18667048535479,2.165793167553114e-23
0.8163265306122449,2.38492686748792,0.8691684603430914,0.7474747474747475,0.020408163265306124,-53.68210641559639,4.854644212019287e-24
0.8163265306122449,2.64921143598352,0.9742620243880249,0.7575757575757573,0.020408163265306124,-55.11159097482146,1.1623586469161978e-24
0.8163265306122449,2.94278257678333,1.0793555884329629,0.7676767676767676,0.020408163265306124,-56.477344524230425,2.966203346750494e-25
0.8163265306122449,3.26888566786082,1.184449152477898,0.7777777777777777,0.020408163265306124,-57.784853178602525,8.023375665480713e-26
0.8163265306122449,3.63112572224959,1.289542716522833,0.7878787878787878,0.020408163265306124,-59.041164875157996,2.2842723852813607e-26
0.8163265306122449,4.0335072408363,1.3946362805677694,0.797979797979798,0.020408163265306124,-60.25366877298102,6.794603796834795e-27
0.8163265306122449,4.48047848142245,1.4997298446127043,0.808080808080808,0.020408163265306124,-61.42954697725062,2.0964606825236887e-27
0.8163265306122449,4.97698063344183,1.6048234086576407,0.8181818181818182,0.020408163265306124,-62.57579859321525,6.663094462271341e-28
0.8163265306122449,5.52850244195146,1.7099169727025751,0.8282828282828283,0.020408163265306124,-63.699497363702456,2.1660066963120363e-28
0.8163265306122449,6.14114088475497,1.8150105367475111,0.8383838383838383,0.020408163265306124,-64.8077995538378,7.150398883053826e-29
0.8163265306122449,6.8216685734332,1.9201041007924453,0.8484848484848483,0.020408163265306124,-65.9072409416592,2.3814909834421862e-29
0.8163265306122449,7.57760862338904,2.0251976648373815,0.8585858585858586,0.020408163265306124,-67.00215225697785,7.967737160423045e-30
0.8163265306122449,8.41731782058148,2.1302912288823177,0.8686868686868686,0.020408163265306124,-68.0925954204749,2.677697729983662e-30
0.8163265306122449,9.35007900434302,2.2353847929272526,0.8787878787878787,0.020408163265306124,-69.17281618137555,9.09133444858846e-31
0.8163265306122449,10.3862036875563,2.3404783569721936,0.8888888888888893,0.020408163265306124,-70.23130626173453,3.154505098471553e-31
0.8163265306122449,11.5371460486378,2.445571921017128,0.8989898989898993,0.020408163265306124,-71.25286310065276,1.1357290529940404e-31
0.8163265306122449,12.8156295554912,2.550665485062058,0.909090909090909,0.020408163265306124,-72.22191252824477,4.3094506972721935e-32
0.8163265306122449,14.2357876212352,2.6557590491069942,0.919191919191919,0.020408163265306124,-73.12565945842375,1.745539221516265e-32
0.8163265306122449,15.8133198466305,2.7608526131519304,0.9292929292929293,0.020408163265306124,-73.95583535498437,7.610072614552002e-33
0.8163265306122449,17.5656655764397,2.865946177196865,0.9393939393939392,0.020408163265306124,-74.70862659366135,3.584723969536866e-33
0.8163265306122449,19.5121966883548,2.9710397412417997,0.9494949494949493,0.020408163265306124,-75.38317082088243,1.826017284538209e-33
0.8163265306122449,21.6744317457404,3.0761333052867346,0.9595959595959593,0.020408163265306124,-75.97949205880577,1.0058329558203088e-33
0.8163265306122449,24.0762738816144,3.1812268693316703,0.9696969696969694,0.020408163265306124,-76.49691626771259,5.995306385933826e-34
0.8163265306122449,26.744275043632,3.2863204333766105,0.97979797979798,0.020408163265306124,-76.9337701050501,3.873362747506578e-34
0.8163265306122449,29.707929521255,3.3914139974215445,0.98989898989899,0.020408163265306124,-77.2884219098457,2.7168449221621244e-34
0.8163265306122449,33.0,3.4965075614664802,1.0,0.020408163265306124,-77.56087194646805,2.0689085864947415e-34
1.6326530612244898,0.001,-6.907755278982137,0.0,0.04081632653061225,-18.012628494861666,1.5038857357795787e-08
1.6326530612244898,0.001110814537795,-6.802661714937222,0.010101010101008117,0.04081632653061225,-18.2870155352944,1.1430100856996646e-08
1.6326530612244898,0.0012339089373767,-6.697568150892323,0.020202020202014698,0.04081632653061225,-18.56619908958433,8.64574028771523e-09
1.6326530612244898,0.0013706439859533,-6.592474586847349,0.030303030303028534,0.04081632653061225,-18.8498065611009,6.5107800724920415e-09
1.6326530612244898,0.0015225312657382,-6.487381022802441,0.04040404040403597,0.04081632653061225,-19.137435455709273,4.8833447332059105e-09
1.6326530612244898,0.0016912498642295,-6.382287458757476,0.05050505050504887,0.04081632653061225,-19.428674382877567,3.649504679243344e-09
1.6326530612244898,0.00187866493623,-6.277193894712534,0.06060606060605963,0.04081632653061225,-19.72312654657061,2.718660485327477e-09
1.6326530612244898,0.00208684832281,-6.172100330667619,0.07070707070706775,0.04081632653061225,-20.02043465424785,2.0194620876305382e-09
1.6326530612244898,0.0023181014551505,-6.067006766622687,0.08080808080807748,0.04081632653061225,-20.320305970150095,1.4962468412793414e-09
1.6326530612244898,0.002574980796465,-5.961913202577741,0.0909090909090886,0.04081632653061225,-20.622536112050057,1.105977683131768e-09
1.6326530612244898,0.0028603261032564,-5.856819638532781,0.10101010101010106,0.04081632653061225,-20.927030150378066,8.156545873656685e-10
1.6326530612244898,0.0031772918183317,-5.751726074487876,0.11111111111110823,0.04081632653061225,-21.233819616628708,6.001631286219873e-10
1.6326530612244898,0.0035293819426201,-5.646632510442922,0.1212121212121201,0.04081632653061225,-21.54307415635418,4.4051608479793795e-10
1.6326530612244898,0.0039204887712936,-5.541538946397998,0.13131313131312908,0.04081632653061225,-21.855106756697438,3.2243912516204427e-10
1.6326530612244898,0.0043549359224151,-5.436445382353058,0.14141414141413966,0.04081632653061225,-22.170371723732963,2.352501443800495e-10
1.6326530612244898,0.0048375261337845,-5.331351818308116,0.15151515151515035,0.04081632653061225,-22.489454869289126,1.7098336082297746e-10
1.6326530612244898,0.0053735943563712,-5.2262582542631755,0.16161616161616094,0.04081632653061225,-22.813055687605186,1.2371313131893803e-10
1.6326530612244898,0.0059690667312704,-5.121164690218244,0.17171717171717069,0.04081632653061225,-23.14196166722426,8.903766199495864e-11
1.6326530612244898,0.0066305261021638,-5.016071126173304,0.18181818181818118,0.04081632653061225,-23.477015310493528,6.368861418766269e-11
1.6326530612244898,0.0073652847875129,-4.910977562128371,0.19191919191919102,0.04081632653061225,-23.819074942632632,4.523839500592248e-11
1.6326530612244898,0.0081814654169699,-4.80588399808343,0.20202020202020168,0.04081632653061225,-24.1689709974221,3.1882271995907204e-11
1.6326530612244898,0.0090880907256374,-4.700790434038493,0.21212121212121193,0.04081632653061225,-24.5274601576539,2.2277138166657712e-11
1.6326530612244898,0.0100951832988382,-4.595696869993551,0.22222222222222263,0.04081632653061225,-24.89518045855465,1.5422703196974755e-11
1.6326530612244898,0.0112138763700549,-4.490603305948624,0.23232323232323193,0.04081632653061225,-25.272611135878755,1.0574125009068061e-11
1.6326530612244898,0.0124565368968931,-4.385509741903686,0.24242424242424226,0.04081632653061225,-25.660041472511708,7.1777046363400955e-12
1.6326530612244898,0.013836902275649,-4.280416177858747,0.2525252525252527,0.04081632653061225,-26.05755298974652,4.823347196610464e-12
1.6326530612244898,0.0153702322058399,-4.175322613813814,0.26262626262626254,0.04081632653061225,-26.4650188643002,3.209137635359057e-12
1.6326530612244898,0.0170734773835322,-4.07022904976888,0.2727272727272725,0.04081632653061225,-26.882123303207635,2.1146679715358306e-12
1.6326530612244898,0.0189654668883421,-3.9651354857239447,0.2828282828282826,0.04081632653061225,-27.3084017555951,1.3807396865737375e-12
1.6326530612244898,0.0210671163356406,-3.8600419216790063,0.292929292929293,0.04081632653061225,-27.74330041038231,8.937945907647093e-13
1.6326530612244898,0.0234016590950486,-3.7549483576340705,0.3030303030303031,0.04081632653061225,-28.186250707714166,5.739404740501165e-13
1.6326530612244898,0.0259949031313031,-3.649854793589135,0.3131313131313132,0.04081632653061225,-28.63675199140298,3.657771995007462e-13
1.6326530612244898,0.0288755163068248,-3.5447612295442013,0.32323232323232315,0.04081632653061225,-29.094453418219878,2.314405360209671e-13
1.6326530612244898,0.0320753432999582,-3.4396676654992664,0.33333333333333315,0.04081632653061225,-29.559225251327696,1.4540909919621508e-13
1.6326530612244898,0.0356297576423598,-3.3345741014543298,0.34343434343434337,0.04081632653061225,-30.031210012019777,9.070081864101687e-14
1.6326530612244898,0.0395780527672466,-3.229480537409394,0.3535353535353535,0.04081632653061225,-30.51084577471866,5.614460643433498e-14
1.6326530612244898,0.0439638763914761,-3.1243869733644574,0.3636363636363637,0.04081632653061225,-30.99885707659589,3.446413845391204e-14
1.6326530612244898,0.048835713033475,-3.019293409319523,0.3737373737373737,0.04081632653061225,-31.49621315938827,2.0958897031439817e-14
1.6326530612244898,0.0542474200011699,-2.914199845274587,0.3838383838383838,0.04081632653061225,-32.00405802522892,1.2612878178895311e-14
1.6326530612244898,0.060258822775172,-2.8091062812296523,0.3939393939393938,0.04081632653061225,-32.523621323903825,7.501890616739871e-15
1.6326530612244898,0.0669363763690749,-2.7040127171847166,0.404040404040404,0.04081632653061225,-33.056122521323104,4.404619486984224e-15
1.6326530612244898,0.0743538999780876,-2.5989191531397813,0.4141414141414141,0.04081632653061225,-33.60268230915123,2.550001852802938e-15
1.6326530612244898,0.0825933930374168,-2.493825589094845,0.42424242424242425,0.04081632653061225,-34.16425433858249,1.4542961768345413e-15
1.6326530612244898,0.0917459417117808,-2.38873202504991,0.4343434343434343,0.04081632653061225,-34.74158729125677,8.164326172197278e-16
1.6326530612244898,0.101912725837141,-2.283638461004973,0.44444444444444453,0.04081632653061225,-35.33522295531659,4.509284676355885e-16
1.6326530612244898,0.113206137446215,-2.1785448969600347,0.4545454545454549,0.04081632653061225,-35.94553157249057,2.449367714203812e-16
1.6326530612244898,0.125751023242877,-2.0734513329151003,0.46464646464646486,0.04081632653061225,-36.57278190749994,1.3081050724197199e-16
1.6326530612244898,0.139686064760787,-1.9683577688701692,0.47474747474747453,0.04081632653061225,-37.217239579967384,6.866860404186932e-17
1.6326530612244898,0.155165311463659,-1.8632642048252352,0.48484848484848453,0.04081632653061225,-37.87928144548705,3.541906478447609e-17
1.6326530612244898,0.172359883735326,-1.7581706407802946,0.49494949494949514,0.04081632653061225,-38.55950516701373,1.7939886085818676e-17
1.6326530612244898,0.19145986458586,-1.6530770767353593,0.5050505050505052,0.04081632653061225,-39.258803628981276,8.91493575514377e-18
1.6326530612244898,0.212676400986239,-1.5479835126904273,0.5151515151515149,0.04081632653061225,-39.9783695696156,4.341249041456768e-18
1.6326530612244898,0.236244038061438,-1.442889948645492,0.5252525252525251,0.04081632653061225,-40.71960430661397,2.0687144325675673e-18
1.6326530612244898,0.262423311946047,-1.3377963846005527,0.5353535353535355,0.04081632653061225,-41.483929302770186,9.632930260619184e-19
1.6326530612244898,0.291503629965987,-1.2327028205556183,0.5454545454545455,0.04081632653061225,-42.27253511104217,4.377954717459547e-19
1.6326530612244898,0.323806469986239,-1.1276092565106834,0.5555555555555556,0.04081632653061225,-43.086134126529394,1.9405717387597557e-19
1.6326530612244898,0.359688934292802,-1.0225156924657481,0.5656565656565656,0.04081632653061225,-43.924793686154324,8.38888968422128e-20
1.6326530612244898,0.399547697296443,-0.9174221284208132,0.5757575757575757,0.04081632653061225,-44.78790397534651,3.538836088538404e-20
1.6326530612244898,0.443823390699414,-0.8123285643758777,0.5858585858585857,0.04081632653061225,-45.67428671038878,1.4585096832564805e-20
1.6326530612244898,0.49300547460239,-0.707235000330941,0.5959595959595959,0.04081632653061225,-46.582398657714926,5.881949738690793e-21
1.6326530612244898,0.547637648400869,-0.6021414362860068,0.606060606060606,0.04081632653061225,-47.51055908257572,2.3250182077506138e-21
1.6326530612244898,0.608323861287565,-0.49704787224107067,0.6161616161616161,0.04081632653061225,-48.4571509112516,9.022497086478192e-22
1.6326530612244898,0.67573498880583,-0.39195430819613525,0.6262626262626262,0.04081632653061225,-49.42079975298315,3.4420674469829904e-22
1.6326530612244898,0.750616249262273,-0.2868607441511999,0.6363636363636362,0.04081632653061225,-50.40057841065277,1.2921320877252655e-22
1.6326530612244898,0.833795441985706,-0.18176718010626372,0.6464646464646464,0.04081632653061225,-51.396268813768714,4.77401812776075e-23
1.6326530612244898,0.926192098504948,-0.07667361606132911,0.6565656565656565,0.04081632653061225,-52.40863193110044,1.7346839020194684e-23
1.6326530612244898,1.02882764781018,0.028419947983610284,0.666666666666667,0.04081632653061225,-53.43954392536988,6.187296920873197e-24
1.6326530612244898,1.142836708073,0.1335135120285407,0.6767676767676766,0.04081632653061225,-54.491833230955386,2.160217694053508e-24
1.6326530612244898,1.2694796296533,0.23860707607348014,0.686868686868687,0.04081632653061225,-55.56873618558598,7.358757784861246e-25
1.6326530612244898,1.41015642805352,0.3437006401184105,0.6969696969696967,0.04081632653061225,-56.67304023327045,2.438997493555402e-25
1.6326530612244898,1.56642226084696,0.44879420416335164,0.7070707070707073,0.04081632653061225,-57.80612230350504,7.854527478091751e-26
1.6326530612244898,1.74000461967455,0.5538877682082868,0.7171717171717173,0.04081632653061225,-58.96715634808714,2.4597410243746375e-26
1.6326530612244898,1.93282242736499,0.6589813322532224,0.7272727272727274,0.04081632653061225,-60.15274729780503,7.516121245204053e-27
1.6326530612244898,2.14700725129329,0.7640748962981553,0.7373737373737373,0.04081632653061225,-61.35715114792648,2.2538646452675603e-27
1.6326530612244898,2.38492686748792,0.8691684603430914,0.7474747474747475,0.04081632653061225,-62.57304474301848,6.681468914900168e-28
1.6326530612244898,2.64921143598352,0.9742620243880249,0.7575757575757573,0.04081632653061225,-63.792526536041315,1.9735936480949739e-28
1.6326530612244898,2.94278257678333,1.0793555884329629,0.7676767676767676,0.04081632653061225,-65.00780939433487,5.854193853869681e-29
1.6326530612244898,3.26888566786082,1.184449152477898,0.7777777777777777,0.04081632653061225,-66.21118165805463,1.757313177258409e-29
1.6326530612244898,3.63112572224959,1.289542716522833,0.7878787878787878,0.04081632653061225,-67.39437474522875,5.3826350719595976e-30
1.6326530612244898,4.0335072408363,1.3946362805677694,0.797979797979798,0.04081632653061225,-68.54807104631199,1.698052054041014e-30
1.6326530612244898,4.48047848142245,1.4997298446127043,0.808080808080808,0.04081632653061225,-69.66220622754744,5.572989671460407e-31
1.6326530612244898,4.97698063344183,1.6048234086576407,0.8181818181818182,0.04081632653061225,-70.72695359005574,1.9216501936470975e-31
1.6326530612244898,5.52850244195146,1.7099169727025751,0.8282828282828283,0.04081632653061225,-71.73379638484407,7.02114697164177e-32
1.6326530612244898,6.14114088475497,1.8150105367475111,0.8383838383838383,0.04081632653061225,-72.6764068982115,2.735505041739651e-32
1.6326530612244898,6.8216685734332,1.9201041007924453,0.8484848484848483,0.04081632653061225,-73.55136249291714,1.1403787942720757e-32
1.6326530612244898,7.57760862338904,2.0251976648373815,0.8585858585858586,0.04081632653061225,-74.3585001256098,5.087608835126308e-33
1.6326530612244898,8.41731782058148,2.1302912288823177,0.8686868686868686,0.04081632653061225,-75.10062170993338,2.4222245630862932e-33
1.6326530612244898,9.35007900434302,2.2353847929272526,0.8787878787878787,0.04081632653061225,-75.78269531482381,1.2245981556533456e-33
1.6326530612244898,10.3862036875563,2.3404783569721936,0.8888888888888893,0.04081632653061225,-76.41094897949012,6.533509113326612e-34
1.6326530612244898,11.5371460486378,2.445571921017128,0.8989898989898993,0.04081632653061225,-76.99191085385011,3.6545841385554196e-34
1.6326530612244898,12.8156295554912,2.550665485062058,0.909090909090909,0.04081632653061225,-77.53113483975126,2.131355840495758e-34
1.6326530612244898,14.2357876212352,2.6557590491069942,0.919191919191919,0.04081632653061225,-78.03168600531991,1.2920203506037344e-34
1.6326530612244898,15.8133198466305,2.7608526131519304,0.9292929292929293,0.04081632653061225,-78.49312692835781,8.144569013676364e-35
1.6326530612244898,17.5656655764397,2.865946177196865,0.9393939393939392,0.04081632653061225,-78.9118842402924,5.358017378041009e-35
1.6326530612244898,19.5121966883548,2.9710397412417997,0.9494949494949493,0.04081632653061225,-79.28311467080411,3.696415565409571e-35
1.6326530612244898,21.6744317457404,3.0761333052867346,0.9595959595959593,0.04081632653061225,-79.60314701022725,2.6840618010324933e-35
1.6326530612244898,24.0762738816144,3.1812268693316703,0.9696969696969694,0.04081632653061225,-79.87123127080757,2.0528867718521923e-35
1.6326530612244898,26.744275043632,3.2863204333766105,0.97979797979798,0.04081632653061225,-80.08993064950833,1.6496243664260254e-35
1.6326530612244898,29.707929521255,3.3914139974215445,0.98989898989899,0.04081632653061225,-80.26437584245564,1.3855572597625556e-35
1.6326530612244898,33.0,3.4965075614664802,1.0,0.04081632653061225,-80.40104853751158,1.2085601801076997e-35
2.4489795918367347,0.001,-6.907755278982137,0.0,0.061224489795918366,-26.935835814404733,2.0040803986883172e-12
2.4489795918367347,0.001110814537795,-6.802661714937222,0.010101010101008117,0.061224489795918366,-27.261543683126703,1.4469782736787738e-12
2.4489795918367347,0.0012339089373767,-6.697568150892323,0.020202020202014698,0.061224489795918366,-27.588528481798598,1.0434083707349053e-12
2.4489795918367347,0.0013706439859533,-6.592474586847349,0.030303030303028534,0.061224489795918366,-27.915944358522005,7.520719791986057e-13
2.4489795918367347,0.0015225312657382,-6.487381022802441,0.04040404040403597,0.061224489795918366,-28.24310842773334,5.422179092229197e-13
2.4489795918367347,0.0016912498642295,-6.382287458757476,0.05050505050504887,0.061224489795918366,-28.569535824135556,3.912084627703149e-13
2.4489795918367347,0.00187866493623,-6.277193894712534,0.06060606060605963,0.061224489795918366,-28.894962858376452,2.82538136104097e-13
2.4489795918367347,0.00208684832281,-6.172100330667619,0.07070707070706775,0.061224489795918366,-29.219356656293215,2.0426532032074262e-13
2.4489795918367347,0.0023181014551505,-6.067006766622687,0.08080808080807748,0.061224489795918366,-29.542910698006743,1.4780084074640972e-13
2.4489795918367347,0.002574980796465,-5.961913202577741,0.0909090909090886,0.061224489795918366,-29.86602670105431,1.0699153229028251e-13
2.4489795918367347,0.0028603261032564,-5.856819638532781,0.10101010101010106,0.061224489795918366,-30.18928423995881,7.743912586094013e-14
2.4489795918367347,0.0031772918183317,-5.751726074487876,0.11111111111110823,0.061224489795918366,-30.513400321634656,5.600136543893567e-14
2.4489795918367347,0.0035293819426201,-5.646632510442922,0.1212121212121201,0.061224489795918366,-30.839181822314544,4.043090923820804e-14
2.4489795918367347,0.0039204887712936,-5.541538946397998,0.13131313131312908,0.061224489795918366,-31.167474221193373,2.9116417015769564e-14
2.4489795918367347,0.0043549359224151,-5.436445382353058,0.14141414141413966,0.061224489795918366,-31.49911040631767,2.0898261811388944e-14
2.4489795918367347,0.0048375261337845,-5.331351818308116,0.15151515151515035,0.061224489795918366,-31.834863419064284,1.4938069819053545e-14
2.4489795918367347,0.0053735943563712,-5.2262582542631755,0.16161616161616094,0.061224489795918366,-32.17540676277212,1.0626699257477638e-14
2.4489795918367347,0.0059690667312704,-5.121164690218244,0.17171717171717069,0.061224489795918366,-32.52128525344222,7.519436047517985e-15
2.4489795918367347,0.0066305261021638,-5.016071126173304,0.18181818181818118,0.061224489795918366,-32.8728983150038,5.2903165315235975e-15
2.4489795918367347,0.0073652847875129,-4.910977562128371,0.19191919191919102,0.061224489795918366,-33.23049620258973,3.699805284005621e-15
2.4489795918367347,0.0081814654169699,-4.80588399808343,0.20202020202020168,0.061224489795918366,-33.59418809210076,2.5717543765588176e-15
2.4489795918367347,0.0090880907256374,-4.700790434038493,0.21212121212121193,0.061224489795918366,-33.963959632937105,1.7768049188563973e-15
2.4489795918367347,0.0100951832988382,-4.595696869993551,0.22222222222222263,0.061224489795918366,-34.33969678178868,1.2202791122626013e-15
2.4489795918367347,0.0112138763700549,-4.490603305948624,0.23232323232323193,0.061224489795918366,-34.72121277464812,8.33237653040349e-16
2.4489795918367347,0.0124565368968931,-4.385509741903686,0.24242424242424226,0.061224489795918366,-35.108275971325845,5.65808511789207e-16
2.4489795918367347,0.013836902275649,-4.280416177858747,0.2525252525252527,0.061224489795918366,-35.500637733197536,3.82180855656904e-16
2.4489795918367347,0.0153702322058399,-4.175322613813814,0.26262626262626254,0.061224489795918366,-35.89806091665425,2.568444778679138e-16
2.4489795918367347,0.0170734773835322,-4.07022904976888,0.2727272727272725,0.061224489795918366,-36.30035033068192,1.7177428924698108e-16
2.4489795918367347,0.0189654668883421,-3.9651354857239447,0.2828282828282826,0.061224489795918366,-36.707386118869245,1.1433646571235175e-16
2.4489795918367347,0.0210671163356406,-3.8600419216790063,0.292929292929293,0.061224489795918366,-37.11915937777575,7.574498943408706e-17
2.4489795918367347,0.0234016590950486,-3.7549483576340705,0.3030303030303031,0.061224489795918366,-37.535806825306445,4.993513426996658e-17
2.4489795918367347,0.0259949031313031,-3.649854793589135,0.3131313131313132,0.061224489795918366,-37.957638848593405,3.274966802207723e-17
2.4489795918367347,0.0288755163068248,-3.5447612295442013,0.32323232323232315,0.061224489795918366,-38.38515385734943,2.1356962876302767e-17
2.4489795918367347,0.0320753432999582,-3.4396676654992664,0.33333333333333315,0.061224489795918366,-38.81903245164347,1.3839118033411246e-17
2.4489795918367347,0.0356297576423598,-3.3345741014543298,0.34343434343434337,0.061224489795918366,-39.260107876812405,8.903316048656114e-18
2.4489795918367347,0.0395780527672466,-3.229480537409394,0.3535353535353535,0.061224489795918366,-39.709314240775974,5.681512219447685e-18
2.4489795918367347,0.0439638763914761,-3.1243869733644574,0.3636363636363637,0.061224489795918366,-40.167619898393006,3.592727902958227e-18
2.4489795918367347,0.048835713033475,-3.019293409319523,0.3737373737373737,0.061224489795918366,-40.635958557872144,2.2491966680033308e-18
2.4489795918367347,0.0542474200011699,-2.914199845274587,0.3838383838383838,0.061224489795918366,-41.1151731302432,1.3928591035768095e-18
2.4489795918367347,0.060258822775172,-2.8091062812296523,0.3939393939393938,0.061224489795918366,-41.605985632000355,8.5260922223485985e-19
2.4489795918367347,0.0669363763690749,-2.7040127171847166,0.404040404040404,0.061224489795918366,-42.10900022540498,5.155770338338941e-19
2.4489795918367347,0.0743538999780876,-2.5989191531397813,0.4141414141414141,0.061224489795918366,-42.624737137143434,3.0783065666036196e-19
2.4489795918367347,0.0825933930374168,-2.493825589094845,0.42424242424242425,0.061224489795918366,-43.15368580782168,1.8138124554687753e-19
2.4489795918367347,0.0917459417117808,-2.38873202504991,0.4343434343434343,0.061224489795918366,-43.69635988412847,1.0541733262516024e-19
2.4489795918367347,0.101912725837141,-2.283638461004973,0.44444444444444453,0.061224489795918366,-44.25333702688983,6.03976336374354e-20
2.4489795918367347,0.113206137446215,-2.1785448969600347,0.4545454545454549,0.061224489795918366,-44.82527251794512,3.409035279173651e-20
2.4489795918367347,0.125751023242877,-2.0734513329151003,0.46464646464646486,0.061224489795918366,-45.41288376932143,1.894240734734719e-20
2.4489795918367347,0.139686064760787,-1.9683577688701692,0.47474747474747453,0.061224489795918366,-46.016908404464075,1.035405829247147e-20
2.4489795918367347,0.155165311463659,-1.8632642048252352,0.48484848484848453,0.061224489795918366,-46.6380390184207,5.563614207802503e-21
2.4489795918367347,0.172359883735326,-1.7581706407802946,0.49494949494949514,0.061224489795918366,-47.2768348281509,2.9371864246710996e-21
2.4489795918367347,0.19145986458586,-1.6530770767353593,0.5050505050505052,0.061224489795918366,-47.933609604106366,1.5229928036220336e-21
2.4489795918367347,0.212676400986239,-1.5479835126904273,0.5151515151515149,0.061224489795918366,-48.60830162026395,7.756804247565153e-22
2.4489795918367347,0.236244038061438,-1.442889948645492,0.5252525252525251,0.061224489795918366,-49.30034510408485,3.882685066659589e-22
2.4489795918367347,0.262423311946047,-1.3377963846005527,0.5353535353535355,0.061224489795918366,-50.00857766630922,1.9122764281276818e-22
2.4489795918367347,0.291503629965987,-1.2327028205556183,0.5454545454545455,0.061224489795918366,-50.73122504765996,9.283439289243555e-23
2.4489795918367347,0.323806469986239,-1.1276092565106834,0.5555555555555556,0.061224489795918366,-51.465996359041924,4.452477931859328e-23
2.4489795918367347,0.359688934292802,-1.0225156924657481,0.5656565656565656,0.061224489795918366,-52.210299937185134,2.11521656420174e-23
2.4489795918367347,0.399547697296443,-0.9174221284208132,0.5757575757575757,0.061224489795918366,-52.96155943267065,9.978999144642805e-24
2.4489795918367347,0.443823390699414,-0.8123285643758777,0.5858585858585857,0.061224489795918366,-53.71758228905431,4.685440537732504e-24
2.4489795918367347,0.49300547460239,-0.707235000330941,0.5959595959595959,0.061224489795918366,-54.47691557999418,2.1926846307411442e-24
2.4489795918367347,0.547637648400869,-0.6021414362860068,0.606060606060606,0.061224489795918366,-55.23911869003877,1.023188305439091e-24
2.4489795918367347,0.608323861287565,-0.49704787224107067,0.6161616161616161,0.061224489795918366,-56.004890025438435,4.757571264194487e-25
2.4489795918367347,0.67573498880583,-0.39195430819613525,0.6262626262626262,0.061224489795918366,-56.776014480603656,2.2003420911372143e-25
2.4489795918367347,0.750616249262273,-0.2868607441511999,0.6363636363636362,0.061224489795918366,-57.555158208053406,1.0095140907265763e-25
2.4489795918367347,0.833795441985706,-0.18176718010626372,0.6464646464646464,0.061224489795918366,-58.345611900668494,4.5795489794605774e-26
2.4489795918367347,0.926192098504948,-0.07667361606132911,0.6565656565656565,0.061224489795918366,-59.15111933811708,2.0464223629474238e-26
2.4489795918367347,1.02882764781018,0.028419947983610284,0.666666666666667,0.061224489795918366,-59.97585508952107,8.970509019311792e-27
2.4489795918367347,1.142836708073,0.1335135120285407,0.6767676767676766,0.061224489795918366,-60.824413989747846,3.8396588484034445e-27
2.4489795918367347,1.2694796296533,0.23860707607348014,0.686868686868687,0.061224489795918366,-61.70145481688274,1.5973447092806767e-27
2.4489795918367347,1.41015642805352,0.3437006401184105,0.6969696969696967,0.061224489795918366,-62.610662124016294,6.434798193642307e-28
2.4489795918367347,1.56642226084696,0.44879420416335164,0.7070707070707073,0.061224489795918366,-63.553183378378115,2.507281818380253e-28
2.4489795918367347,1.74000461967455,0.5538877682082868,0.7171717171717173,0.061224489795918366,-64.52643710207023,9.473804745292992e-29
2.4489795918367347,1.93282242736499,0.6589813322532224,0.7272727272727274,0.061224489795918366,-65.5243088517005,3.492643310615347e-29
2.4489795918367347,2.14700725129329,0.7640748962981553,0.7373737373737373,0.061224489795918366,-66.53864075070608,1.2665883486268553e-29
2.4489795918367347,2.38492686748792,0.8691684603430914,0.7474747474747475,0.061224489795918366,-67.56055452096129,4.5585211825656965e-30
2.4489795918367347,2.64921143598352,0.9742620243880249,0.7575757575757573,0.061224489795918366,-68.58039975068476,1.6440341010279766e-30
2.4489795918367347,2.94278257678333,1.0793555884329629,0.7676767676767676,0.061224489795918366,-69.58698260284423,6.008380712042067e-31
2.4489795918367347,3.26888566786082,1.184449152477898,0.7777777777777777,0.061224489795918366,-70.56782423158172,2.2531148829113184e-31
2.4489795918367347,3.63112572224959,1.289542716522833,0.7878787878787878,0.061224489795918366,-71.51101824547489,8.773227286707372e-32
2.4489795918367347,4.0335072408363,1.3946362805677694,0.797979797979798,0.061224489795918366,-72.40735757322979,3.580009315770212e-32
2.4489795918367347,4.48047848142245,1.4997298446127043,0.808080808080808,0.061224489795918366,-73.25118024238287,1.539630932412999e-32
2.4489795918367347,4.97698063344183,1.6048234086576407,0.8181818181818182,0.061224489795918366,-74.0398568739213,6.996788057911789e-33
2.4489795918367347,5.52850244195146,1.7099169727025751,0.8282828282828283,0.061224489795918366,-74.77302803228282,3.361139443313478e-33
2.4489795918367347,6.14114088475497,1.8150105367475111,0.8383838383838383,0.061224489795918366,-75.45240853742342,1.703865564769264e-33
2.4489795918367347,6.8216685734332,1.9201041007924453,0.8484848484848483,0.061224489795918366,-76.08188455929722,9.07940446130607e-34
2.4489795918367347,7.57760862338904,2.0251976648373815,0.8585858585858586,0.061224489795918366,-76.6670242104394,5.057483114544827e-34
2.4489795918367347,8.41731782058148,2.1302912288823177,0.8686868686868686,0.061224489795918366,-77.21351739067627,2.9281644850849793e-34
2.4489795918367347,9.35007900434302,2.2353847929272526,0.8787878787878787,0.061224489795918366,-77.72500598079475,1.7557343123486954e-34
2.4489795918367347,10.3862036875563,2.3404783569721936,0.8888888888888893,0.061224489795918366,-78.20147093496544,1.0902665709352996e-34
2.4489795918367347,11.5371460486378,2.445571921017128,0.8989898989898993,0.061224489795918366,-78.63924761461443,7.037342690489374e-35
2.4489795918367347,12.8156295554912,2.550665485062058,0.909090909090909,0.061224489795918366,-79.03281765417495,4.7477014735162917e-35
2.4489795918367347,14.2357876212352,2.6557590491069942,0.919191919191919,0.061224489795918366,-79.37741096112846,3.3637865661934873e-35
2.4489795918367347,15.8133198466305,2.7608526131519304,0.9292929292929293,0.061224489795918366,-79.67104169621622,2.507876950016895e-35
2.4489795918367347,17.5656655764397,2.865946177196865,0.9393939393939392,0.061224489795918366,-79.91517151817457,1.9646355092054e-35
2.4489795918367347,19.5121966883548,2.9710397412417997,0.9494949494949493,0.061224489795918366,-80.11412109200135,1.6101980160842696e-35
2.4489795918367347,21.6744317457404,3.0761333052867346,0.9595959595959593,0.061224489795918366,-80.27388405603575,1.3724455188076113e-35
2.4489795918367347,24.0762738816144,3.1812268693316703,0.9696969696969694,0.061224489795918366,-80.40096404902694,1.2086622938395768e-35
2.4489795918367347,26.744275043632,3.2863204333766105,0.97979797979798,0.061224489795918366,-80.50155052864304,1.0930016580321551e-35
2.4489795918367347,29.707929521255,3.3914139974215445,0.98989898989899,0.061224489795918366,-80.58107653883793,1.009446050917756e-35
2.4489795918367347,33.0,3.4965075614664802,1.0,0.061224489795918366,-80.64406762787411,9.478212275135363e-36
3.2653061224489797,0.001,-6.907755278982137,0.0,0.0816326530612245,-33.824528853234874,2.04264909553081e-15
3.2653061224489797,0.001110814537795,-6.802661714937222,0.010101010101008117,0.0816326530612245,-34.130982121508524,1.503497819859998e-15
3.2653061224489797,0.0012339089373767,-6.697568150892323,0.020202020202014698,0.0816326530612245,-34.4400453119898,1.103769437191926e-15
3.2653061224489797,0.0013706439859533,-6.592474586847349,0.030303030303028534,0.0816326530612245,-34.75140822075344,8.084537342016286e-16
3.2653061224489797,0.0015225312657382,-6.487381022802441,0.04040404040403597,0.0816326530612245,-35.064771298876536,5.909671162624943e-16
3.2653061224489797,0.0016912498642295,-6.382287458757476,0.05050505050504887,0.0816326530612245,-35.37985486217661,4.312451887304297e-16
3.2653061224489797,0.00187866493623,-6.277193894712534,0.06060606060605963,0.0816326530612245,-35.696409345681325,3.142290970181367e-16
3.2653061224489797,0.00208684832281,-6.172100330667619,0.07070707070706775,0.0816326530612245,-36.01422755837509,2.286755337224255e-16
3.2653061224489797,0.0023181014551505,-6.067006766622687,0.08080808080807748,0.0816326530612245,-36.333159053449954,1.6623004137390417e-16
3.2653061224489797,0.002574980796465,-5.961913202577741,0.0909090909090886,0.0816326530612245,-36.65312566567628,1.2071181470784922e-16
3.2653061224489797,0.0028603261032564,-5.856819638532781,0.10101010101010106,0.0816326530612245,-36.974136243659224,8.75662307792926e-17
3.2653061224489797,0.0031772918183317,-5.751726074487876,0.11111111111110823,0.0816326530612245,-37.29629789117242,6.344883180488634e-17
3.2653061224489797,0.0035293819426201,-5.646632510442922,0.1212121212121201,0.0816326530612245,-37.61982084055138,4.5911279762773916e-17
3.2653061224489797,0.0039204887712936,-5.541538946397998,0.13131313131312908,0.0816326530612245,-37.945014517615924,3.3165731405738833e-17
3.2653061224489797,0.0043549359224151,-5.436445382353058,0.14141414141413966,0.0816326530612245,-38.272273401457745,2.3909079266697797e-17
3.2653061224489797,0.0048375261337845,-5.331351818308116,0.15151515151515035,0.0816326530612245,-38.60205279792475,1.7192596858626637e-17
3.2653061224489797,0.0053735943563712,-5.2262582542631755,0.16161616161616094,0.0816326530612245,-38.93483641003544,1.2325807855395097e-17
3.2653061224489797,0.0059690667312704,-5.121164690218244,0.17171717171717069,0.0816326530612245,-39.27109932369499,8.805991571466795e-18
3.2653061224489797,0.0066305261021638,-5.016071126173304,0.18181818181818118,0.0816326530612245,-39.61127142561467,6.266764847994036e-18
3.2653061224489797,0.0073652847875129,-4.910977562128371,0.19191919191919102,0.0816326530612245,-39.955707020274346,4.440756095025118e-18
3.2653061224489797,0.0081814654169699,-4.80588399808343,0.20202020202020168,0.0816326530612245,-40.30466623510063,3.132606603934261e-18
3.2653061224489797,0.0090880907256374,-4.700790434038493,0.21212121212121193,0.0816326530612245,-40.65831251629397,2.199476016325743e-18
3.2653061224489797,0.0100951832988382,-4.595696869993551,0.22222222222222263,0.0816326530612245,-41.016728127074934,1.5369555540784576e-18
3.2653061224489797,0.0112138763700549,-4.490603305948624,0.23232323232323193,0.0816326530612245,-41.37994634082508,1.068852168618249e-18
3.2653061224489797,0.0124565368968931,-4.385509741903686,0.24242424242424226,0.0816326530612245,-41.74799554517684,7.397345515313766e-19
3.2653061224489797,0.013836902275649,-4.280416177858747,0.2525252525252527,0.0816326530612245,-42.120947527510246,5.094539293746876e-19
3.2653061224489797,0.0153702322058399,-4.175322613813814,0.26262626262626254,0.0816326530612245,-42.4989606077781,3.490888048866753e-19
3.2653061224489797,0.0170734773835322,-4.07022904976888,0.2727272727272725,0.0816326530612245,-42.88230859783213,2.3793043833396346e-19
3.2653061224489797,0.0189654668883421,-3.9651354857239447,0.2828282828282826,0.0816326530612245,-43.271388923501235,1.6124065965430564e-19
3.2653061224489797,0.0210671163356406,-3.8600419216790063,0.292929292929293,0.0816326530612245,-43.66670724106299,1.0859004230484395e-19
3.2653061224489797,0.0234016590950486,-3.7549483576340705,0.3030303030303031,0.0816326530612245,-44.06884067201646,7.2634955077711e-20
3.2653061224489797,0.0259949031313031,-3.649854793589135,0.3131313131313132,0.0816326530612245,-44.47838632465281,4.8226112536111687e-20
3.2653061224489797,0.0288755163068248,-3.5447612295442013,0.32323232323232315,0.0816326530612245,-44.89590509704541,3.1765533691775976e-20
3.2653061224489797,0.0320753432999582,-3.4396676654992664,0.33333333333333315,0.0816326530612245,-45.321872191797766,2.0747271853170027e-20
3.2653061224489797,0.0356297576423598,-3.3345741014543298,0.34343434343434337,0.0816326530612245,-45.756645058068536,1.3432026528645063e-20
3.2653061224489797,0.0395780527672466,-3.229480537409394,0.3535353535353535,0.0816326530612245,-46.20045674829887,8.617803213512684e-21
3.2653061224489797,0.0439638763914761,-3.1243869733644574,0.3636363636363637,0.0816326530612245,-46.653438352032275,5.4785945596130445e-21
3.2653061224489797,0.048835713033475,-3.019293409319523,0.3737373737373737,0.0816326530612245,-47.11566878189496,3.450841695439112e-21
3.2653061224489797,0.0542474200011699,-2.914199845274587,0.3838383838383838,0.0816326530612245,-47.58724428380716,2.153388545381627e-21
3.2653061224489797,0.060258822775172,-2.8091062812296523,0.3939393939393938,0.0816326530612245,-48.06835422814096,1.3310029086654601e-21
3.2653061224489797,0.0669363763690749,-2.7040127171847166,0.404040404040404,0.0816326530612245,-48.55934488202231,8.14600125953849e-22
3.2653061224489797,0.0743538999780876,-2.5989191531397813,0.4141414141414141,0.0816326530612245,-49.060750340383514,4.9338603075022015e-22
3.2653061224489797,0.0825933930374168,-2.493825589094845,0.42424242424242425,0.0816326530612245,-49.57327146828239,2.955301208833223e-22
3.2653061224489797,0.0917459417117808,-2.38873202504991,0.4343434343434343,0.0816326530612245,-50.097691410033654,1.749238649488525e-22
3.2653061224489797,0.101912725837141,-2.283638461004973,0.44444444444444453,0.0816326530612245,-50.634730694552836,1.0223882901876149e-22
3.2653061224489797,0.113206137446215,-2.1785448969600347,0.4545454545454549,0.0816326530612245,-51.18486458846207,5.897877558837518e-23
3.2653061224489797,0.125751023242877,-2.0734513329151003,0.46464646464646486,0.0816326530612245,-51.748145246984244,3.357886948867416e-23
3.2653061224489797,0.139686064760787,-1.9683577688701692,0.47474747474747453,0.0816326530612245,-52.32408356556841,1.887727214227165e-23
3.2653061224489797,0.155165311463659,-1.8632642048252352,0.48484848484848453,0.0816326530612245,-52.911641869673666,1.0489768590794586e-23
3.2653061224489797,0.172359883735326,-1.7581706407802946,0.49494949494949514,0.0816326530612245,-53.50936355766947,5.770038045587606e-24
3.2653061224489797,0.19145986458586,-1.6530770767353593,0.5050505050505052,0.0816326530612245,-54.11562264847175,3.1469054822281977e-24
3.2653061224489797,0.212676400986239,-1.5479835126904273,0.5151515151515149,0.0816326530612245,-54.72892865970885,1.704230300496359e-24
3.2653061224489797,0.236244038061438,-1.442889948645492,0.5252525252525251,0.0816326530612245,-55.34819152054251,9.174572550083857e-25
3.2653061224489797,0.262423311946047,-1.3377963846005527,0.5353535353535355,0.0816326530612245,-55.972856451586786,4.9124405397986995e-25
3.2653061224489797,0.291503629965987,-1.2327028205556183,0.5454545454545455,0.0816326530612245,-56.602865797462435,2.6163011026916555e-25
3.2653061224489797,0.323806469986239,-1.1276092565106834,0.5555555555555556,0.0816326530612245,-57.2384800172235,1.385619466156244e-25
3.2653061224489797,0.359688934292802,-1.0225156924657481,0.5656565656565656,0.0816326530612245,-57.88006284080979,7.294711087688633e-26
3.2653061224489797,0.399547697296443,-0.9174221284208132,0.5757575757575757,0.0816326530612245,-58.52796771171453,3.8161600942684144e-26
3.2653061224489797,0.443823390699414,-0.8123285643758777,0.5858585858585857,0.0816326530612245,-59.18261961098363,1.9829642216960626e-26
3.2653061224489797,0.49300547460239,-0.707235000330941,0.5959595959595959,0.0816326530612245,-59.84475351059432,1.0227130072119075e-26
3.2653061224489797,0.547637648400869,-0.6021414362860068,0.606060606060606,0.0816326530612245,-60.51558280026605,5.228972052989705e-27
3.2653061224489797,0.608323861287565,-0.49704787224107067,0.6161616161616161,0.0816326530612245,-61.19655066030766,2.646523390441137e-27
3.2653061224489797,0.67573498880583,-0.39195430819613525,0.6262626262626262,0.0816326530612245,-61.88846481096393,1.3248943227936192e-27
3.2653061224489797,0.750616249262273,-0.2868607441511999,0.6363636363636362,0.0816326530612245,-62.590345808452476,6.566866613579979e-28
3.2653061224489797,0.833795441985706,-0.18176718010626372,0.6464646464646464,0.0816326530612245,-63.298945268984845,3.233086762292088e-28
3.2653061224489797,0.926192098504948,-0.07667361606132911,0.6565656565656565,0.0816326530612245,-64.00985241224076,1.5880870704698692e-28
3.2653061224489797,1.02882764781018,0.028419947983610284,0.666666666666667,0.0816326530612245,-64.71991565052427,7.807244200259543e-29
3.2653061224489797,1.142836708073,0.1335135120285407,0.6767676767676766,0.0816326530612245,-65.4292165089834,3.8410708228552086e-29
3.2653061224489797,1.2694796296533,0.23860707607348014,0.686868686868687,0.0816326530612245,-66.14077836309728,1.885493016146892e-29
3.2653061224489797,1.41015642805352,0.3437006401184105,0.6969696969696967,0.0816326530612245,-66.85802658299393,9.202969528647995e-30
3.2653061224489797,1.56642226084696,0.44879420416335164,0.7070707070707073,0.0816326530612245,-67.58205170633119,4.461571612700667e-30
3.2653061224489797,1.74000461967455,0.5538877682082868,0.7171717171717173,0.0816326530612245,-68.31091662418329,2.152513363446686e-30
3.2653061224489797,1.93282242736499,0.6589813322532224,0.7272727272727274,0.0816326530612245,-69.04133150765536,1.0368852653242575e-30
3.2653061224489797,2.14700725129329,0.7640748962981553,0.7373737373737373,0.0816326530612245,-69.77087161457096,4.999141852701863e-31
3.2653061224489797,2.38492686748792,0.8691684603430914,0.7474747474747475,0.0816326530612245,-70.49867261546775,2.4144349084110265e-31
3.2653061224489797,2.64921143598352,0.9742620243880249,0.7575757575757573,0.0816326530612245,-71.22423199105624,1.1687162120876752e-31
3.2653061224489797,2.94278257678333,1.0793555884329629,0.7676767676767676,0.0816326530612245,-71.9456571799562,5.680650755798343e-32
3.2653061224489797,3.26888566786082,1.184449152477898,0.7777777777777777,0.0816326530612245,-72.6589483521958,2.783682311225409e-32
3.2653061224489797,3.63112572224959,1.289542716522833,0.7878787878787878,0.0816326530612245,-73.35886046815207,1.3824572167705011e-32
3.2653061224489797,4.0335072408363,1.3946362805677694,0.797979797979798,0.0816326530612245,-74.04064174011933,6.991298669969659e-33
3.2653061224489797,4.48047848142245,1.4997298446127043,0.808080808080808,0.0816326530612245,-74.7013963379158,3.610736365431407e-33
3.2653061224489797,4.97698063344183,1.6048234086576407,0.8181818181818182,0.0816326530612245,-75.34016271517831,1.906264091531723e-33
3.2653061224489797,5.52850244195146,1.7099169727025751,0.8282828282828283,0.0816326530612245,-75.95662831544642,1.0290949774867996e-33
3.2653061224489797,6.14114088475497,1.8150105367475111,0.8383838383838383,0.0816326530612245,-76.54918995986553,5.689959907227884e-34
3.2653061224489797,6.8216685734332,1.9201041007924453,0.8484848484848483,0.0816326530612245,-77.11348090589978,3.236240303608119e-34
3.2653061224489797,7.57760862338904,2.0251976648373815,0.8585858585858586,0.0816326530612245,-77.64232491892962,1.9070704005875451e-34
3.2653061224489797,8.41731782058148,2.1302912288823177,0.8686868686868686,0.0816326530612245,-78.12731231140904,1.1741927032392403e-34
3.2653061224489797,9.35007900434302,2.2353847929272526,0.8787878787878787,0.0816326530612245,-78.56121472467072,7.608480877906982e-35
3.2653061224489797,10.3862036875563,2.3404783569721936,0.8888888888888893,0.0816326530612245,-78.93999000990449,5.209522729186678e-35
3.2653061224489797,11.5371460486378,2.445571921017128,0.8989898989898993,0.0816326530612245,-79.26353238393212,3.769513209066834e-35
3.2653061224489797,12.8156295554912,2.550665485062058,0.909090909090909,0.0816326530612245,-79.5351633524556,2.872879687998722e-35
3.2653061224489797,14.2357876212352,2.6557590491069942,0.919191919191919,0.0816326530612245,-79.76043541354873,2.2934169909938777e-35
3.2653061224489797,15.8133198466305,2.7608526131519304,0.9292929292929293,0.0816326530612245,-79.94587173828543,1.9052372023683715e-35
3.2653061224489797,17.5656655764397,2.865946177196865,0.9393939393939392,0.0816326530612245,-80.0980049758755,1.6363583898929138e-35
3.2653061224489797,19.5121966883548,2.9710397412417997,0.9494949494949493,0.0816326530612245,-80.22280311121936,1.4443727489804767e-35
3.2653061224489797,21.6744317457404,3.0761333052867346,0.9595959595959593,0.0816326530612245,-80.32541477141785,1.3035137246007138e-35
3.2653061224489797,24.0762738816144,3.1812268693316703,0.9696969696969694,0.0816326530612245,-80.41012265013462,1.1976431748973848e-35
3.2653061224489797,26.744275043632,3.2863204333766105,0.97979797979798,0.0816326530612245,-80.48040849363701,1.1163559460222167e-35
3.2653061224489797,29.707929521255,3.3914139974215445,0.98989898989899,0.0816326530612245,-80.53906440043096,1.0527584918323523e-35
3.2653061224489797,33.0,3.4965075614664802,1.0,0.0816326530612245,-80.58831308669255,1.0021675137681134e-35
4.081632653061225,0.001,-6.907755278982137,0.0,0.10204081632653061,-39.30138610715683,8.543284764861647e-18
4.081632653061225,0.001110814537795,-6.802661714937222,0.010101010101008117,0.10204081632653061,-39.59483347958391,6.370628907541073e-18
4.081632653061225,0.0012339089373767,-6.697568150892323,0.020202020202014698,0.10204081632653061,-39.89107087198393,4.737268964866571e-18
4.081632653061225,0.0013706439859533,-6.592474586847349,0.030303030303028534,0.10204081632653061,-40.19003814244524,3.513081355571776e-18
4.081632653061225,0.0015225312657382,-6.487381022802441,0.04040404040403597,0.10204081632653061,-40.491602460987636,2.5984866370891515e-18
4.081632653061225,0.0016912498642295,-6.382287458757476,0.05050505050504887,0.10204081632653061,-40.79558323217449,1.9173584696761715e-18
4.081632653061225,0.00187866493623,-6.277193894712534,0.06060606060605963,0.10204081632653061,-41.101784653954155,1.4116327595502793e-18
4.081632653061225,0.00208684832281,-6.172100330667619,0.07070707070706775,0.10204081632653061,-41.4100321031513,1.0371738588019805e-18
4.081632653061225,0.0023181014551505,-6.067006766622687,0.08080808080807748,0.10204081632653061,-41.720207628871854,7.605784970078663e-19
4.081632653061225,0.002574980796465,-5.961913202577741,0.0909090909090886,0.10204081632653061,-42.03227958823787,5.566893501233635e-19
4.081632653061225,0.0028603261032564,-5.856819638532781,0.10101010101010106,0.10204081632653061,-42.34632197176203,4.0665492720463397e-19
4.081632653061225,0.0031772918183317,-5.751726074487876,0.11111111111110823,0.10204081632653061,-42.66252018799292,2.9641685718011817e-19
4.081632653061225,0.0035293819426201,-5.646632510442922,0.1212121212121201,0.10204081632653061,-42.98116182253518,2.1553539248754517e-19
4.081632653061225,0.0039204887712936,-5.541538946397998,0.13131313131312908,0.10204081632653061,-43.302612881657176,1.5628387595317486e-19
4.081632653061225,0.0043549359224151,-5.436445382353058,0.14141414141413966,0.10204081632653061,-43.62728198047239,1.1295674664721748e-19
4.081632653061225,0.0048375261337845,-5.331351818308116,0.15151515151515035,0.10204081632653061,-43.95557658228039,8.13458949327944e-20
4.081632653061225,0.0053735943563712,-5.2262582542631755,0.16161616161616094,0.10204081632653061,-44.2878565532429,5.834831026095248e-20
4.081632653061225,0.0059690667312704,-5.121164690218244,0.17171717171717069,0.10204081632653061,-44.624390858733044,4.167477768551625e-20
4.081632653061225,0.0066305261021638,-5.016071126173304,0.18181818181818118,0.10204081632653061,-44.965323156058304,2.9635228237108966e-20
4.081632653061225,0.0073652847875129,-4.910977562128371,0.19191919191919102,0.10204081632653061,-45.3106513449472,2.0981384829754825e-20
4.081632653061225,0.0081814654169699,-4.80588399808343,0.20202020202020168,0.10204081632653061,-45.66022487182703,1.4791638886766167e-20
4.081632653061225,0.0090880907256374,-4.700790434038493,0.21212121212121193,0.10204081632653061,-46.01376182929949,1.0386689426381782e-20
4.081632653061225,0.0100951832988382,-4.595696869993551,0.22222222222222263,0.10204081632653061,-46.37088576770032,7.26741883500554e-21
4.081632653061225,0.0112138763700549,-4.490603305948624,0.23232323232323193,0.10204081632653061,-46.73117980412739,5.06881543730558e-21
4.081632653061225,0.0124565368968931,-4.385509741903686,0.24242424242424226,0.10204081632653061,-47.09425328787718,3.5255401726696845e-21
4.081632653061225,0.013836902275649,-4.280416177858747,0.2525252525252527,0.10204081632653061,-47.459814218643125,2.4460457332084598e-21
4.081632653061225,0.0153702322058399,-4.175322613813814,0.26262626262626254,0.10204081632653061,-47.8277391033257,1.6930774504237856e-21
4.081632653061225,0.0170734773835322,-4.07022904976888,0.2727272727272725,0.10204081632653061,-48.19813125957983,1.1690081956600039e-21
4.081632653061225,0.0189654668883421,-3.9651354857239447,0.2828282828282826,0.10204081632653061,-48.57135894982413,8.048720188890667e-22
4.081632653061225,0.0210671163356406,-3.8600419216790063,0.292929292929293,0.10204081632653061,-48.948066265476506,5.522362624442491e-22
4.081632653061225,0.0234016590950486,-3.7549483576340705,0.3030303030303031,0.10204081632653061,-49.32915233813247,3.7724313263243104e-22
4.081632653061225,0.0259949031313031,-3.649854793589135,0.3131313131313132,0.10204081632653061,-49.71571804529719,2.56293734359155e-22
4.081632653061225,0.0288755163068248,-3.5447612295442013,0.32323232323232315,0.10204081632653061,-50.108983592446585,1.729597034637266e-22
4.081632653061225,0.0320753432999582,-3.4396676654992664,0.33333333333333315,0.10204081632653061,-50.51018477789649,1.15799176528482e-22
4.081632653061225,0.0356297576423598,-3.3345741014543298,0.34343434343434337,0.10204081632653061,-50.92045986114601,7.682901518642943e-23
4.081632653061225,0.0395780527672466,-3.229480537409394,0.3535353535353535,0.10204081632653061,-51.34074209810276,5.046601471316171e-23
4.081632653061225,0.0439638763914761,-3.1243869733644574,0.3636363636363637,0.10204081632653061,-51.77167436756573,3.2798010704288704e-23
4.081632653061225,0.048835713033475,-3.019293409319523,0.3737373737373737,0.10204081632653061,-52.213561024297256,2.108329893843981e-23
4.081632653061225,0.0542474200011699,-2.914199845274587,0.3838383838383838,0.10204081632653061,-52.6663675047263,1.340562945248968e-23
4.081632653061225,0.060258822775172,-2.8091062812296523,0.3939393939393938,0.10204081632653061,-53.12977021316889,8.43400728161376e-24
4.081632653061225,0.0669363763690749,-2.7040127171847166,0.404040404040404,0.10204081632653061,-53.60324877375678,5.2529690921138864e-24
4.081632653061225,0.0743538999780876,-2.5989191531397813,0.4141414141414141,0.10204081632653061,-54.08620198390107,3.24086493023945e-24
4.081632653061225,0.0825933930374168,-2.493825589094845,0.42424242424242425,0.10204081632653061,-54.57806080458753,1.9817522483648988e-24
4.081632653061225,0.0917459417117808,-2.38873202504991,0.4343434343434343,0.10204081632653061,-55.07836965267301,1.2016223225184165e-24
4.081632653061225,0.101912725837141,-2.283638461004973,0.44444444444444453,0.10204081632653061,-55.58681332378014,7.226927649204081e-25
4.081632653061225,0.113206137446215,-2.1785448969600347,0.4545454545454549,0.10204081632653061,-56.10318128461298,4.312190623208257e-25
4.081632653061225,0.125751023242877,-2.0734513329151003,0.46464646464646486,0.10204081632653061,-56.627281524825655,2.5531957249911725e-25
4.081632653061225,0.139686064760787,-1.9683577688701692,0.47474747474747453,0.10204081632653061,-57.15883788614135,1.5004865748037274e-25
4.081632653061225,0.155165311463659,-1.8632642048252352,0.48484848484848453,0.10204081632653061,-57.69742093330563,8.756457993497558e-26
4.081632653061225,0.172359883735326,-1.7581706407802946,0.49494949494949514,0.10204081632653061,-58.24246436217418,5.0771397194685944e-26
4.081632653061225,0.19145986458586,-1.6530770767353593,0.5050505050505052,0.10204081632653061,-58.79339691949473,2.9265243737532534e-26
4.081632653061225,0.212676400986239,-1.5479835126904273,0.5151515151515149,0.10204081632653061,-59.349866189648814,1.6775698497572636e-26
4.081632653061225,0.236244038061438,-1.442889948645492,0.5252525252525251,0.10204081632653061,-59.91194888388052,9.56249452839701e-27
4.081632653061225,0.262423311946047,-1.3377963846005527,0.5353535353535355,0.10204081632653061,-60.480162662860174,5.417502132061242e-27
4.081632653061225,0.291503629965987,-1.2327028205556183,0.5454545454545455,0.10204081632653061,-61.05508641482108,3.0486872740474218e-27
4.081632653061225,0.323806469986239,-1.1276092565106834,0.5555555555555556,0.10204081632653061,-61.63655015217291,1.704458318786811e-27
4.081632653061225,0.359688934292802,-1.0225156924657481,0.5656565656565656,0.10204081632653061,-62.22270084573422,9.484716921668425e-28
4.081632653061225,0.399547697296443,-0.9174221284208132,0.5757575757575757,0.10204081632653061,-62.809616118317756,5.273880796207428e-28
4.081632653061225,0.443823390699414,-0.8123285643758777,0.5858585858585857,0.10204081632653061,-63.392127452431446,2.945430986041696e-28
4.081632653061225,0.49300547460239,-0.707235000330941,0.5959595959595959,0.10204081632653061,-63.96583251331341,1.6595559897230081e-28
4.081632653061225,0.547637648400869,-0.6021414362860068,0.606060606060606,0.10204081632653061,-64.52925331558278,9.447162021761837e-29
4.081632653061225,0.608323861287565,-0.49704787224107067,0.6161616161616161,0.10204081632653061,-65.08464599256494,5.421224455644885e-29
4.081632653061225,0.67573498880583,-0.39195430819613525,0.6262626262626262,0.10204081632653061,-65.63667209644868,3.1214436413861067e-29
4.081632653061225,0.750616249262273,-0.2868607441511999,0.6363636363636362,0.10204081632653061,-66.18957133707934,1.7957025888307124e-29
4.081632653061225,0.833795441985706,-0.18176718010626372,0.6464646464646464,0.10204081632653061,-66.74460361045159,1.0308297767163859e-29
4.081632653061225,0.926192098504948,-0.07667361606132911,0.6565656565656565,0.10204081632653061,-67.29950938918034,5.918265408502986e-30
4.081632653061225,1.02882764781018,0.028419947983610284,0.666666666666667,0.10204081632653061,-67.85040149998953,3.411497313644377e-30
4.081632653061225,1.142836708073,0.1335135120285407,0.6767676767676766,0.10204081632653061,-68.39471147346121,1.9794941185106334e-30
4.081632653061225,1.2694796296533,0.23860707607348014,0.686868686868687,0.10204081632653061,-68.93308402860028,1.1554256003151084e-30
4.081632653061225,1.41015642805352,0.3437006401184105,0.6969696969696967,0.10204081632653061,-69.46908702624033,6.7601890563202485e-31
4.081632653061225,1.56642226084696,0.44879420416335164,0.7070707070707073,0.10204081632653061,-70.00727134938285,3.9466476936838235e-31
4.081632653061225,1.74000461967455,0.5538877682082868,0.7171717171717173,0.10204081632653061,-70.55105647534523,2.2912130820698933e-31
4.081632653061225,1.93282242736499,0.6589813322532224,0.7272727272727274,0.10204081632653061,-71.10169854668443,1.321066461962298e-31
4.081632653061225,2.14700725129329,0.7640748962981553,0.7373737373737373,0.10204081632653061,-71.65869594632147,7.568743196973837e-32
4.081632653061225,2.38492686748792,0.8691684603430914,0.7474747474747475,0.10204081632653061,-72.22108405920183,4.31302242309482e-32
4.081632653061225,2.64921143598352,0.9742620243880249,0.7575757575757573,0.10204081632653061,-72.78865084965342,2.445066023786829e-32
4.081632653061225,2.94278257678333,1.0793555884329629,0.7676767676767676,0.10204081632653061,-73.36228790423228,1.377727043839661e-32
4.081632653061225,3.26888566786082,1.184449152477898,0.7777777777777777,0.10204081632653061,-73.94322937077757,7.706612280063154e-33
4.081632653061225,3.63112572224959,1.289542716522833,0.7878787878787878,0.10204081632653061,-74.53147224861023,4.279498458754409e-33
4.081632653061225,4.0335072408363,1.3946362805677694,0.797979797979798,0.10204081632653061,-75.12404064324598,2.3661577228200046e-33
4.081632653061225,4.48047848142245,1.4997298446127043,0.808080808080808,0.10204081632653061,-75.71392135812796,1.3117822525129337e-33
4.081632653061225,4.97698063344183,1.6048234086576407,0.8181818181818182,0.10204081632653061,-76.29036305284923,7.370828454805391e-34
4.081632653061225,5.52850244195146,1.7099169727025751,0.8282828282828283,0.10204081632653061,-76.84067716017161,4.251262516917159e-34
4.081632653061225,6.14114088475497,1.8150105367475111,0.8383838383838383,0.10204081632653061,-77.35288754227157,2.547227771911427e-34
4.081632653061225,6.8216685734332,1.9201041007924453,0.8484848484848483,0.10204081632653061,-77.8180998535727,1.5996635217520463e-34
4.081632653061225,7.57760862338904,2.0251976648373815,0.8585858585858586,0.10204081632653061,-78.2317036032655,1.057798179403274e-34
4.081632653061225,8.41731782058148,2.1302912288823177,0.8686868686868686,0.10204081632653061,-78.59324704846308,7.368625624102426e-35
4.081632653061225,9.35007900434302,2.2353847929272526,0.8787878787878787,0.10204081632653061,-78.90543743047134,5.392671079987021e-35
4.081632653061225,10.3862036875563,2.3404783569721936,0.8888888888888893,0.10204081632653061,-79.17288001993772,4.127195971465051e-35
4.081632653061225,11.5371460486378,2.445571921017128,0.8989898989898993,0.10204081632653061,-79.40098574342672,3.285413474241265e-35
4.081632653061225,12.8156295554912,2.550665485062058,0.909090909090909,0.10204081632653061,-79.59521438623021,2.705438127169023e-35
4.081632653061225,14.2357876212352,2.6557590491069942,0.919191919191919,0.10204081632653061,-79.76064080573191,2.292945989442839e-35
4.081632653061225,15.8133198466305,2.7608526131519304,0.9292929292929293,0.10204081632653061,-79.90175894196008,1.9911638416501574e-35
4.081632653061225,17.5656655764397,2.865946177196865,0.9393939393939392,0.10204081632653061,-80.02243341733633,1.76481317946649e-35
4.081632653061225,19.5121966883548,2.9710397412417997,0.9494949494949493,0.10204081632653061,-80.12593008758424,1.591295027152879e-35
4.081632653061225,21.6744317457404,3.0761333052867346,0.9595959595959593,0.10204081632653061,-80.21498156665007,1.4557142711021338e-35
4.081632653061225,24.0762738816144,3.1812268693316703,0.9696969696969694,0.10204081632653061,-80.29186281353047,1.3479911420124283e-35
4.081632653061225,26.744275043632,3.2863204333766105,0.97979797979798,0.10204081632653061,-80.35846423371221,1.2611374112121266e-35
4.081632653061225,29.707929521255,3.3914139974215445,0.98989898989899,0.10204081632653061,-80.41635692003199,1.1901999696867935e-35
4.081632653061225,33.0,3.4965075614664802,1.0,0.10204081632653061,-80.46684845703048,1.1315968737509276e-35
4.8979591836734695,0.001,-6.907755278982137,0.0,0.12244897959183673,-43.97969046135084,7.940779136997069e-20
4.8979591836734695,0.001110814537795,-6.802661714937222,0.010101010101008117,0.12244897959183673,-44.27338522193024,5.919882720365886e-20
4.8979591836734695,0.0012339089373767,-6.697568150892323,0.020202020202014698,0.12244897959183673,-44.56983831447157,4.401139767330628e-20
4.8979591836734695,0.0013706439859533,-6.592474586847349,0.030303030303028534,0.12244897959183673,-44.86901608926881,3.2631264534922085e-20
4.8979591836734695,0.0015225312657382,-6.487381022802441,0.04040404040403597,0.12244897959183673,-45.17075055501403,2.4131942982966547e-20
4.8979591836734695,0.0016912498642295,-6.382287458757476,0.05050505050504887,0.12244897959183673,-45.47474292337355,1.7806152248181785e-20
4.8979591836734695,0.00187866493623,-6.277193894712534,0.06060606060605963,0.12244897959183673,-45.78058000141967,1.3114348700832046e-20
4.8979591836734695,0.00208684832281,-6.172100330667619,0.07070707070706775,0.12244897959183673,-46.087762824495606,9.645814863519098e-21
4.8979591836734695,0.0023181014551505,-6.067006766622687,0.08080808080807748,0.12244897959183673,-46.39574571646737,7.088978375284555e-21
4.8979591836734695,0.002574980796465,-5.961913202577741,0.0909090909090886,0.12244897959183673,-46.7039828397254,5.208563579022467e-21
4.8979591836734695,0.0028603261032564,-5.856819638532781,0.10101010101010106,0.12244897959183673,-47.011978392683666,3.827870181708343e-21
4.8979591836734695,0.0031772918183317,-5.751726074487876,0.11111111111110823,0.12244897959183673,-47.319336056557965,2.8149680069336385e-21
4.8979591836734695,0.0035293819426201,-5.646632510442922,0.1212121212121201,0.12244897959183673,-47.62580317887787,2.0719367005378186e-21
4.8979591836734695,0.0039204887712936,-5.541538946397998,0.13131313131312908,0.12244897959183673,-47.93130554453541,1.5265059154229777e-21
4.8979591836734695,0.0043549359224151,-5.436445382353058,0.14141414141413966,0.12244897959183673,-48.235969394887924,1.1256014983648159e-21
4.8979591836734695,0.0048375261337845,-5.331351818308116,0.15151515151515035,0.12244897959183673,-48.540128517351604,8.30405150234719e-22
4.8979591836734695,0.0053735943563712,-5.2262582542631755,0.16161616161616094,0.12244897959183673,-48.844315604128646,6.126088419216297e-22
4.8979591836734695,0.0059690667312704,-5.121164690218244,0.17171717171717069,0.12244897959183673,-49.14923851514275,4.516031090232826e-22
4.8979591836734695,0.0066305261021638,-5.016071126173304,0.18181818181818118,0.12244897959183673,-49.45574343407062,3.3238661611869722e-22
4.8979591836734695,0.0073652847875129,-4.910977562128371,0.19191919191919102,0.12244897959183673,-49.76476806391544,2.4402585137558027e-22
4.8979591836734695,0.0081814654169699,-4.80588399808343,0.20202020202020168,0.12244897959183673,-50.07728888962832,1.7852940869246346e-22
4.8979591836734695,0.0090880907256374,-4.700790434038493,0.21212121212121193,0.12244897959183673,-50.39426708488239,1.3003129431355164e-22
4.8979591836734695,0.0100951832988382,-4.595696869993551,0.22222222222222263,0.12244897959183673,-50.71659781552298,9.420228294128253e-23
4.8979591836734695,0.0112138763700549,-4.490603305948624,0.23232323232323193,0.12244897959183673,-51.045067454604606,6.782797885174904e-23
4.8979591836734695,0.0124565368968931,-4.385509741903686,0.24242424242424226,0.12244897959183673,-51.38032254212415,4.8507561341151475e-23
4.8979591836734695,0.013836902275649,-4.280416177858747,0.2525252525252527,0.12244897959183673,-51.72285319048407,3.4438979275983215e-23
4.8979591836734695,0.0153702322058399,-4.175322613813814,0.26262626262626254,0.12244897959183673,-52.07299209826163,2.4265367635449518e-23
4.8979591836734695,0.0170734773835322,-4.07022904976888,0.2727272727272725,0.12244897959183673,-52.430928504755336,1.6964343956889392e-23
4.8979591836734695,0.0189654668883421,-3.9651354857239447,0.2828282828282826,0.12244897959183673,-52.79673448690942,1.176710286127862e-23
4.8979591836734695,0.0210671163356406,-3.8600419216790063,0.292929292929293,0.12244897959183673,-53.17039921962756,8.098209697344241e-24
4.8979591836734695,0.0234016590950486,-3.7549483576340705,0.3030303030303031,0.12244897959183673,-53.551865467806344,5.529938885633997e-24
4.8979591836734695,0.0259949031313031,-3.649854793589135,0.3131313131313132,0.12244897959183673,-53.94106191723454,3.747092907308637e-24
4.8979591836734695,0.0288755163068248,-3.5447612295442013,0.32323232323232315,0.12244897959183673,-54.337925194441134,2.519642527806266e-24
4.8979591836734695,0.0320753432999582,-3.4396676654992664,0.33333333333333315,0.12244897959183673,-54.74240670511353,1.6814147073113268e-24
4.8979591836734695,0.0356297576423598,-3.3345741014543298,0.34343434343434337,0.12244897959183673,-55.15446176423196,1.1135804643167556e-24
4.8979591836734695,0.0395780527672466,-3.229480537409394,0.3535353535353535,0.12244897959183673,-55.574021794908454,7.319964878500763e-25
4.8979591836734695,0.0439638763914761,-3.1243869733644574,0.3636363636363637,0.12244897959183673,-56.00095437477278,4.776332296926449e-25
4.8979591836734695,0.048835713033475,-3.019293409319523,0.3737373737373737,0.12244897959183673,-56.435020159958135,3.0944406564009557e-25
4.8979591836734695,0.0542474200011699,-2.914199845274587,0.3838383838383838,0.12244897959183673,-56.875839544609015,1.9913001761496787e-25
4.8979591836734695,0.060258822775172,-2.8091062812296523,0.3939393939393938,0.12244897959183673,-57.32288434519605,1.2734668438628862e-25
4.8979591836734695,0.0669363763690749,-2.7040127171847166,0.404040404040404,0.12244897959183673,-57.77550942730132,8.098695428877519e-26
4.8979591836734695,0.0743538999780876,-2.5989191531397813,0.4141414141414141,0.12244897959183673,-58.23303407090548,5.125245093175938e-26
4.8979591836734695,0.0825933930374168,-2.493825589094845,0.42424242424242425,0.12244897959183673,-58.69487071927818,3.2295464149549806e-26
4.8979591836734695,0.0917459417117808,-2.38873202504991,0.4343434343434343,0.12244897959183673,-59.16067799396412,2.0269545073560204e-26
4.8979591836734695,0.101912725837141,-2.283638461004973,0.44444444444444453,0.12244897959183673,-59.63048693383491,1.2670932326746199e-26
4.8979591836734695,0.113206137446215,-2.1785448969600347,0.4545454545454549,0.12244897959183673,-60.10472237812939,7.885890363710402e-27
4.8979591836734695,0.125751023242877,-2.0734513329151003,0.46464646464646486,0.12244897959183673,-60.58403321098776,4.883022045681188e-27
4.8979591836734695,0.139686064760787,-1.9683577688701692,0.47474747474747453,0.12244897959183673,-61.06888256545084,3.0069159296109235e-27
4.8979591836734695,0.155165311463659,-1.8632642048252352,0.48484848484848453,0.12244897959183673,-61.5589546626859,1.841983256885939e-27
4.8979591836734695,0.172359883735326,-1.7581706407802946,0.49494949494949514,0.12244897959183673,-62.052596497744126,1.1243454151286245e-27
4.8979591836734695,0.19145986458586,-1.6530770767353593,0.5050505050505052,0.12244897959183673,-62.54664724246957,6.860191531307521e-28
4.8979591836734695,0.212676400986239,-1.5479835126904273,0.5151515151515149,0.12244897959183673,-63.03697207977975,4.201369418011824e-28
4.8979591836734695,0.236244038061438,-1.442889948645492,0.5252525252525251,0.12244897959183673,-63.519714437344014,2.5926179753500494e-28
4.8979591836734695,0.262423311946047,-1.3377963846005527,0.5353535353535355,0.12244897959183673,-63.9928181914776,1.6153706134429594e-28
4.8979591836734695,0.291503629965987,-1.2327028205556183,0.5454545454545455,0.12244897959183673,-64.45705993079659,1.015440667082261e-28
4.8979591836734695,0.323806469986239,-1.1276092565106834,0.5555555555555556,0.12244897959183673,-64.91593765852336,6.417509013646945e-29
4.8979591836734695,0.359688934292802,-1.0225156924657481,0.5656565656565656,0.12244897959183673,-65.3742663785685,4.058044950127334e-29
4.8979591836734695,0.399547697296443,-0.9174221284208132,0.5757575757575757,0.12244897959183673,-65.83597757521478,2.5573974533873836e-29
4.8979591836734695,0.443823390699414,-0.8123285643758777,0.5858585858585857,0.12244897959183673,-66.30212194997826,1.604553856397682e-29
4.8979591836734695,0.49300547460239,-0.707235000330941,0.5959595959595959,0.12244897959183673,-66.77016465468014,1.0048145952433781e-29
4.8979591836734695,0.547637648400869,-0.6021414362860068,0.606060606060606,0.12244897959183673,-67.23511489237072,6.311907302062178e-30
4.8979591836734695,0.608323861287565,-0.49704787224107067,0.6161616161616161,0.12244897959183673,-67.69197166867376,3.997148057291555e-30
4.8979591836734695,0.67573498880583,-0.39195430819613525,0.6262626262626262,0.12244897959183673,-68.13810046592364,2.5585797615461895e-30
4.8979591836734695,0.750616249262273,-0.2868607441511999,0.6363636363636362,0.12244897959183673,-68.57423435647182,1.654201530257923e-30
4.8979591836734695,0.833795441985706,-0.18176718010626372,0.6464646464646464,0.12244897959183673,-69.00375335291365,1.0765908594496512e-30
4.8979591836734695,0.926192098504948,-0.07667361606132911,0.6565656565656565,0.12244897959183673,-69.43091796978078,7.023206731071642e-31
4.8979591836734695,1.02882764781018,0.028419947983610284,0.666666666666667,0.12244897959183673,-69.859146292691,4.576761217057893e-31
4.8979591836734695,1.142836708073,0.1335135120285407,0.6767676767676766,0.12244897959183673,-70.29018358741358,2.9741381376681986e-31
4.8979591836734695,1.2694796296533,0.23860707607348014,0.686868686868687,0.12244897959183673,-70.72442785725868,1.9265099031460441e-31
4.8979591836734695,1.41015642805352,0.3437006401184105,0.6969696969696967,0.12244897959183673,-71.16207179826189,1.2436692522307316e-31
4.8979591836734695,1.56642226084696,0.44879420416335164,0.7070707070707073,0.12244897959183673,-71.60436236516948,7.99135722364532e-32
4.8979591836734695,1.74000461967455,0.5538877682082868,0.7171717171717173,0.12244897959183673,-72.05429661027485,5.095849401486492e-32
4.8979591836734695,1.93282242736499,0.6589813322532224,0.7272727272727274,0.12244897959183673,-72.51638597353966,3.2102120760658396e-32
4.8979591836734695,2.14700725129329,0.7640748962981553,0.7373737373737373,0.12244897959183673,-72.9955070012683,1.988172697718588e-32
4.8979591836734695,2.38492686748792,0.8691684603430914,0.7474747474747475,0.12244897959183673,-73.49515273991535,1.206314973056333e-32
4.8979591836734695,2.64921143598352,0.9742620243880249,0.7575757575757573,0.12244897959183673,-74.01559949676603,7.168587057181834e-33
4.8979591836734695,2.94278257678333,1.0793555884329629,0.7676767676767676,0.12244897959183673,-74.55263601482388,4.18987983271421e-33
4.8979591836734695,3.26888566786082,1.184449152477898,0.7777777777777777,0.12244897959183673,-75.09746954623498,2.4298718578538656e-33
4.8979591836734695,3.63112572224959,1.289542716522833,0.7878787878787878,0.12244897959183673,-75.63805945102779,1.4151685176868436e-33
4.8979591836734695,4.0335072408363,1.3946362805677694,0.797979797979798,0.12244897959183673,-76.16148083288857,8.384731127830393e-34
4.8979591836734695,4.48047848142245,1.4997298446127043,0.808080808080808,0.12244897959183673,-76.6563926045956,5.11153912350441e-34
4.8979591836734695,4.97698063344183,1.6048234086576407,0.8181818181818182,0.12244897959183673,-77.11470285979469,3.2322881823110247e-34
4.8979591836734695,5.52850244195146,1.7099169727025751,0.8282828282828283,0.12244897959183673,-77.53205838825997,2.129388338669276e-34
4.8979591836734695,6.14114088475497,1.8150105367475111,0.8383838383838383,0.12244897959183673,-77.90738115133159,1.4630334861533477e-34
4.8979591836734695,6.8216685734332,1.9201041007924453,0.8484848484848483,0.12244897959183673,-78.24194982696609,1.047015079989983e-34
4.8979591836734695,7.57760862338904,2.0251976648373815,0.8585858585858586,0.12244897959183673,-78.53845871506263,7.783604542721249e-35
4.8979591836734695,8.41731782058148,2.1302912288823177,0.8686868686868686,0.12244897959183673,-78.80027883275821,5.990647014278475e-35
4.8979591836734695,9.35007900434302,2.2353847929272526,0.8787878787878787,0.12244897959183673,-79.03096891911441,4.7564868340871515e-35
4.8979591836734695,10.3862036875563,2.3404783569721936,0.8888888888888893,0.12244897959183673,-79.23399328618355,3.882522101455628e-35
4.8979591836734695,11.5371460486378,2.445571921017128,0.8989898989898993,0.12244897959183673,-79.41258037652166,3.247540297527045e-35
4.8979591836734695,12.8156295554912,2.550665485062058,0.909090909090909,0.12244897959183673,-79.56966548483997,2.775449649565954e-35
4.8979591836734695,14.2357876212352,2.6557590491069942,0.919191919191919,0.12244897959183673,-79.7078790723743,2.4171742253211914e-35
4.8979591836734695,15.8133198466305,2.7608526131519304,0.9292929292929293,0.12244897959183673,-79.82955763639764,2.1402456633303282e-35
4.8979591836734695,17.5656655764397,2.865946177196865,0.9393939393939392,0.12244897959183673,-79.93676458419098,1.922667741987668e-35
4.8979591836734695,19.5121966883548,2.9710397412417997,0.9494949494949493,0.12244897959183673,-80.0313147280825,1.7492087217996343e-35
4.8979591836734695,21.6744317457404,3.0761333052867346,0.9595959595959593,0.12244897959183673,-80.11479932157805,1.6091063024235254e-35
4.8979591836734695,24.0762738816144,3.1812268693316703,0.9696969696969694,0.12244897959183673,-80.18861020962048,1.4946140981157455e-35
4.8979591836734695,26.744275043632,3.2863204333766105,0.97979797979798,0.12244897959183673,-80.25396245573152,1.400060988742805e-35
4.8979591836734695,29.707929521255,3.3914139974215445,0.98989898989899,0.12244897959183673,-80.31191517955543,1.3212299396582774e-35
4.8979591836734695,33.0,3.4965075614664802,1.0,0.12244897959183673,-80.36339051722919,1.254939968484034e-35
5.714285714285714,0.001,-6.907755278982137,0.0,0.14285714285714285,-48.11908105822325,1.2651692334965029e-21
5.714285714285714,0.001110814537795,-6.802661714937222,0.010101010101008117,0.14285714285714285,-48.38184980101514,9.728135411103569e-22
5.714285714285714,0.0012339089373767,-6.697568150892323,0.020202020202014698,0.14285714285714285,-48.64297839183109,7.492433570509998e-22
5.714285714285714,0.0013706439859533,-6.592474586847349,0.030303030303028534,0.14285714285714285,-48.90298119316982,5.777036602610571e-22
5.714285714285714,0.0015225312657382,-6.487381022802441,0.04040404040403597,0.14285714285714285,-49.162474811929876,4.456649426055543e-22
5.714285714285714,0.0016912498642295,-6.382287458757476,0.05050505050504887,0.14285714285714285,-49.42214905786998,3.437426180501917e-22
5.714285714285714,0.00187866493623,-6.277193894712534,0.06060606060605963,0.14285714285714285,-49.68273533864756,2.6488794651139485e-22
5.714285714285714,0.00208684832281,-6.172100330667619,0.07070707070706775,0.14285714285714285,-49.944974747637964,2.0378540099005524e-22
5.714285714285714,0.0023181014551505,-6.067006766622687,0.08080808080807748,0.14285714285714285,-50.20958803289113,1.5640584491089723e-22
5.714285714285714,0.002574980796465,-5.961913202577741,0.0909090909090886,0.14285714285714285,-50.47724942117048,1.1967656480968825e-22
5.714285714285714,0.0028603261032564,-5.856819638532781,0.10101010101010106,0.14285714285714285,-50.748565918168595,9.123844129400027e-23
5.714285714285714,0.0031772918183317,-5.751726074487876,0.11111111111110823,0.14285714285714285,-51.02406322763728,6.926772051318274e-23
5.714285714285714,0.0035293819426201,-5.646632510442922,0.1212121212121201,0.14285714285714285,-51.304178851696996,5.2345364238128063e-23
5.714285714285714,0.0039204887712936,-5.541538946397998,0.13131313131312908,0.14285714285714285,-51.589262290384774,3.9361175672744474e-23
5.714285714285714,0.0043549359224151,-5.436445382353058,0.14141414141413966,0.14285714285714285,-51.87958160448576,2.9443130624996155e-23
5.714285714285714,0.0048375261337845,-5.331351818308116,0.15151515151515035,0.14285714285714285,-52.175335006269385,2.190483142681875e-23
5.714285714285714,0.0053735943563712,-5.2262582542631755,0.16161616161616094,0.14285714285714285,-52.476665663105585,1.6205919370699093e-23
5.714285714285714,0.0059690667312704,-5.121164690218244,0.17171717171717069,0.14285714285714285,-52.78367759353183,1.1921752090876844e-23
5.714285714285714,0.0066305261021638,-5.016071126173304,0.18181818181818118,0.14285714285714285,-53.09645043904178,8.71976068196347e-24
5.714285714285714,0.0073652847875129,-4.910977562128371,0.19191919191919102,0.14285714285714285,-53.4150510196549,6.340712933476097e-24
5.714285714285714,0.0081814654169699,-4.80588399808343,0.20202020202020168,0.14285714285714285,-53.739539919502285,4.5836806573318e-24
5.714285714285714,0.0090880907256374,-4.700790434038493,0.21212121212121193,0.14285714285714285,-54.069971879814226,3.2938936723428907e-24
5.714285714285714,0.0100951832988382,-4.595696869993551,0.22222222222222263,0.14285714285714285,-54.40638947406523,2.3529097595842085e-24
5.714285714285714,0.0112138763700549,-4.490603305948624,0.23232323232323193,0.14285714285714285,-54.74881037223191,1.67068188861351e-24
5.714285714285714,0.0124565368968931,-4.385509741903686,0.24242424242424226,0.14285714285714285,-55.09720942814351,1.1791959450455347e-24
5.714285714285714,0.013836902275649,-4.280416177858747,0.2525252525252527,0.14285714285714285,-55.45149778996248,8.274094877256249e-25
5.714285714285714,0.0153702322058399,-4.175322613813814,0.26262626262626254,0.14285714285714285,-55.81150216164324,5.772614879442718e-25
5.714285714285714,0.0170734773835322,-4.07022904976888,0.2727272727272725,0.14285714285714285,-56.17694813258401,4.005543161874709e-25
5.714285714285714,0.0189654668883421,-3.9651354857239447,0.2828282828282826,0.14285714285714285,-56.54745202127125,2.7653723837681124e-25
5.714285714285714,0.0210671163356406,-3.8600419216790063,0.292929292929293,0.14285714285714285,-56.92252579728824,1.9004705769067236e-25
5.714285714285714,0.0234016590950486,-3.7549483576340705,0.3030303030303031,0.14285714285714285,-57.30159916084596,1.3008633559580977e-25
5.714285714285714,0.0259949031313031,-3.649854793589135,0.3131313131313132,0.14285714285714285,-57.684061504521914,8.874224163324032e-26
5.714285714285714,0.0288755163068248,-3.5447612295442013,0.32323232323232315,0.14285714285714285,-58.069323909713596,6.036887159366152e-26
5.714285714285714,0.0320753432999582,-3.4396676654992664,0.33333333333333315,0.14285714285714285,-58.45689716329209,4.0972468762221343e-26
5.714285714285714,0.0356297576423598,-3.3345741014543298,0.34343434343434337,0.14285714285714285,-58.84647579325314,2.775238320000379e-26
5.714285714285714,0.0395780527672466,-3.229480537409394,0.3535353535353535,0.14285714285714285,-59.238010597384026,1.8761125068629717e-26
5.714285714285714,0.0439638763914761,-3.1243869733644574,0.3636363636363637,0.14285714285714285,-59.63174438898826,1.2655009210994285e-26
5.714285714285714,0.048835713033475,-3.019293409319523,0.3737373737373737,0.14285714285714285,-60.02818064653771,8.513191181989515e-27
5.714285714285714,0.0542474200011699,-2.914199845274587,0.3838383838383838,0.14285714285714285,-60.42795734160219,5.707837150928062e-27
5.714285714285714,0.060258822775172,-2.8091062812296523,0.3939393939393938,0.14285714285714285,-60.83161470114113,3.8121098783137985e-27
5.714285714285714,0.0669363763690749,-2.7040127171847166,0.404040404040404,0.14285714285714285,-61.239280889230464,2.5358188981124603e-27
5.714285714285714,0.0743538999780876,-2.5989191531397813,0.4141414141414141,0.14285714285714285,-61.650351143959846,1.6810966812135008e-27
5.714285714285714,0.0825933930374168,-2.493825589094845,0.42424242424242425,0.14285714285714285,-62.06328677177638,1.1123898724062943e-27
5.714285714285714,0.0917459417117808,-2.38873202504991,0.4343434343434343,0.14285714285714285,-62.475677258765295,7.364751767988059e-28
5.714285714285714,0.101912725837141,-2.283638461004973,0.44444444444444453,0.14285714285714285,-62.884656040915665,4.892613226625101e-28
5.714285714285714,0.113206137446215,-2.1785448969600347,0.4545454545454549,0.14285714285714285,-63.28763117917173,3.269873910421335e-28
5.714285714285714,0.125751023242877,-2.0734513329151003,0.46464646464646486,0.14285714285714285,-63.6831326739734,2.20174434405598e-28
5.714285714285714,0.139686064760787,-1.9683577688701692,0.47474747474747453,0.14285714285714285,-64.07147255683641,1.493182946168468e-28
5.714285714285714,0.155165311463659,-1.8632642048252352,0.48484848484848453,0.14285714285714285,-64.45492687535638,1.0176089700544835e-28
5.714285714285714,0.172359883735326,-1.7581706407802946,0.49494949494949514,0.14285714285714285,-64.83727959618632,6.942681621245517e-29
5.714285714285714,0.19145986458586,-1.6530770767353593,0.5050505050505052,0.14285714285714285,-65.22276692555256,4.721850468958866e-29
5.714285714285714,0.212676400986239,-1.5479835126904273,0.5151515151515149,0.14285714285714285,-65.61467749255839,3.190859142709266e-29
5.714285714285714,0.236244038061438,-1.442889948645492,0.5252525252525251,0.14285714285714285,-66.0140606297659,2.1402166603461646e-29
5.714285714285714,0.262423311946047,-1.3377963846005527,0.5353535353535355,0.14285714285714285,-66.41909158347538,1.4274306977048926e-29
5.714285714285714,0.291503629965987,-1.2327028205556183,0.5454545454545455,0.14285714285714285,-66.82550075571554,9.507224983240097e-30
5.714285714285714,0.323806469986239,-1.1276092565106834,0.5555555555555556,0.14285714285714285,-67.22802717001795,6.356803265649321e-30
5.714285714285714,0.359688934292802,-1.0225156924657481,0.5656565656565656,0.14285714285714285,-67.62229666852984,4.28558095357988e-30
5.714285714285714,0.399547697296443,-0.9174221284208132,0.5757575757575757,0.14285714285714285,-68.00625318771894,2.9191707963593102e-30
5.714285714285714,0.443823390699414,-0.8123285643758777,0.5858585858585857,0.14285714285714285,-68.3805248018796,2.007776694931012e-30
5.714285714285714,0.49300547460239,-0.707235000330941,0.5959595959595959,0.14285714285714285,-68.74769555783928,1.3907695568762789e-30
5.714285714285714,0.547637648400869,-0.6021414362860068,0.606060606060606,0.14285714285714285,-69.11096555758563,9.671392732728852e-31
5.714285714285714,0.608323861287565,-0.49704787224107067,0.6161616161616161,0.14285714285714285,-69.47286426495836,6.734702373420902e-31
5.714285714285714,0.67573498880583,-0.39195430819613525,0.6262626262626262,0.14285714285714285,-69.83455408531698,4.690709252162205e-31
5.714285714285714,0.750616249262273,-0.2868607441511999,0.6363636363636362,0.14285714285714285,-70.19595602958496,3.268012013950537e-31
5.714285714285714,0.833795441985706,-0.18176718010626372,0.6464646464646464,0.14285714285714285,-70.55657556694888,2.278602498679173e-31
5.714285714285714,0.926192098504948,-0.07667361606132911,0.6565656565656565,0.14285714285714285,-70.9166288365487,1.5896423379880955e-31
5.714285714285714,1.02882764781018,0.028419947983610284,0.666666666666667,0.14285714285714285,-71.27797627649576,1.1075624463565692e-31
5.714285714285714,1.142836708073,0.1335135120285407,0.6767676767676766,0.14285714285714285,-71.64448431941723,7.677075315934693e-32
5.714285714285714,1.2694796296533,0.23860707607348014,0.686868686868687,0.14285714285714285,-72.02166159050572,5.26489596314216e-32
5.714285714285714,1.41015642805352,0.3437006401184105,0.6969696969696967,0.14285714285714285,-72.41562698639596,3.5505268091224803e-32
5.714285714285714,1.56642226084696,0.44879420416335164,0.7070707070707073,0.14285714285714285,-72.83161382469483,2.342243313507601e-32
5.714285714285714,1.74000461967455,0.5538877682082868,0.7171717171717173,0.14285714285714285,-73.27233708850697,1.5073993591670983e-32
5.714285714285714,1.93282242736499,0.6589813322532224,0.7272727272727274,0.14285714285714285,-73.73668108623211,9.474717948635676e-33
5.714285714285714,2.14700725129329,0.7640748962981553,0.7373737373737373,0.14285714285714285,-74.21922208391622,5.847919663299816e-33
5.714285714285714,2.38492686748792,0.8691684603430914,0.7474747474747475,0.14285714285714285,-74.71092037540387,3.5765108183327776e-33
5.714285714285714,2.64921143598352,0.9742620243880249,0.7575757575757573,0.14285714285714285,-75.20085095868431,2.191217028215441e-33
5.714285714285714,2.94278257678333,1.0793555884329629,0.7676767676767676,0.14285714285714285,-75.67833464550331,1.3593048417552009e-33
5.714285714285714,3.26888566786082,1.184449152477898,0.7777777777777777,0.14285714285714285,-76.13466647294693,8.612603802875184e-34
5.714285714285714,3.63112572224959,1.289542716522833,0.7878787878787878,0.14285714285714285,-76.5639451931664,5.606619586307661e-34
5.714285714285714,4.0335072408363,1.3946362805677694,0.797979797979798,0.14285714285714285,-76.9630160932912,3.761722892361031e-34
5.714285714285714,4.48047848142245,1.4997298446127043,0.808080808080808,0.14285714285714285,-77.33088074197862,2.603905464726723e-34
5.714285714285714,4.97698063344183,1.6048234086576407,0.8181818181818182,0.14285714285714285,-77.66796931762129,1.8587864790405414e-34
5.714285714285714,5.52850244195146,1.7099169727025751,0.8282828282828283,0.14285714285714285,-77.97552661537816,1.3666555439274944e-34
5.714285714285714,6.14114088475497,1.8150105367475111,0.8383838383838383,0.14285714285714285,-78.2551955906859,1.033238010961844e-34
5.714285714285714,6.8216685734332,1.9201041007924453,0.8484848484848483,0.14285714285714285,-78.50877786272274,8.018091228108629e-35
5.714285714285714,7.57760862338904,2.0251976648373815,0.8585858585858586,0.14285714285714285,-78.73811398833863,6.374873619481808e-35
5.714285714285714,8.41731782058148,2.1302912288823177,0.8686868686868686,0.14285714285714285,-78.94502978610616,5.183333948741746e-35
5.714285714285714,9.35007900434302,2.2353847929272526,0.8787878787878787,0.14285714285714285,-79.13131233567778,4.3023695071980976e-35
5.714285714285714,10.3862036875563,2.3404783569721936,0.8888888888888893,0.14285714285714285,-79.29869609477079,3.6392665351816555e-35
5.714285714285714,11.5371460486378,2.445571921017128,0.8989898989898993,0.14285714285714285,-79.44885104337992,3.1318604201530767e-35
5.714285714285714,12.8156295554912,2.550665485062058,0.909090909090909,0.14285714285714285,-79.58337094952823,2.7376703055028586e-35
5.714285714285714,14.2357876212352,2.6557590491069942,0.919191919191919,0.14285714285714285,-79.70376239533377,2.4271454610542333e-35
5.714285714285714,15.8133198466305,2.7608526131519304,0.9292929292929293,0.14285714285714285,-79.81143574413804,2.1793845286968083e-35
5.714285714285714,17.5656655764397,2.865946177196865,0.9393939393939392,0.14285714285714285,-79.90769891043682,1.979371449091549e-35
5.714285714285714,19.5121966883548,2.9710397412417997,0.9494949494949493,0.14285714285714285,-79.99375425811427,1.8161593001473131e-35
5.714285714285714,21.6744317457404,3.0761333052867346,0.9595959595959593,0.14285714285714285,-80.07069849189223,1.681657245595995e-35
5.714285714285714,24.0762738816144,3.1812268693316703,0.9696969696969694,0.14285714285714285,-80.13952511215412,1.569807723320254e-35
5.714285714285714,26.744275043632,3.2863204333766105,0.97979797979798,0.14285714285714285,-80.2011288674194,1.4760201640599567e-35
5.714285714285714,29.707929521255,3.3914139974215445,0.98989898989899,0.14285714285714285,-80.2563116199187,1.3967758757538357e-35
5.714285714285714,33.0,3.4965075614664802,1.0,0.14285714285714285,-80.30578909248406,1.3293487521953226e-35
6.530612244897959,0.001,-6.907755278982137,0.0,0.163265306122449,-51.34500576730855,5.02513023767476e-23
6.530612244897959,0.001110814537795,-6.802661714937222,0.010101010101008117,0.163265306122449,-51.59355680170453,3.9192501104915664e-23
6.530612244897959,0.0012339089373767,-6.697568150892323,0.020202020202014698,0.163265306122449,-51.84610589579578,3.0445443252005354e-23
6.530612244897959,0.0013706439859533,-6.592474586847349,0.030303030303028534,0.163265306122449,-52.10282434681991,2.3552168220542258e-23
6.530612244897959,0.0015225312657382,-6.487381022802441,0.04040404040403597,0.163265306122449,-52.36385588594205,1.814121362887309e-23
6.530612244897959,0.0016912498642295,-6.382287458757476,0.05050505050504887,0.163265306122449,-52.62932434141087,1.3911528577528206e-23
6.530612244897959,0.00187866493623,-6.277193894712534,0.06060606060605963,0.163265306122449,-52.89933955856443,1.061961404943891e-23
6.530612244897959,0.00208684832281,-6.172100330667619,0.07070707070706775,0.163265306122449,-53.174000808950176,8.069095731511088e-24
6.530612244897959,0.0023181014551505,-6.067006766622687,0.08080808080807748,0.163265306122449,-53.45339715277775,6.102173865450231e-24
6.530612244897959,0.002574980796465,-5.961913202577741,0.0909090909090886,0.163265306122449,-53.73760449293547,4.592560625140672e-24
6.530612244897959,0.0028603261032564,-5.856819638532781,0.10101010101010106,0.163265306122449,-54.02667936230238,3.439626429988324e-24
6.530612244897959,0.0031772918183317,-5.751726074487876,0.11111111111110823,0.163265306122449,-54.320649809409495,2.5635484767713885e-24
6.530612244897959,0.0035293819426201,-5.646632510442922,0.1212121212121201,0.163265306122449,-54.619504081163605,1.9013005474985947e-24
6.530612244897959,0.0039204887712936,-5.541538946397998,0.13131313131312908,0.163265306122449,-54.92317813192505,1.4033526165370513e-24
6.530612244897959,0.0043549359224151,-5.436445382353058,0.14141414141413966,0.163265306122449,-55.23154329488607,1.030968794098496e-24
6.530612244897959,0.0048375261337845,-5.331351818308116,0.15151515151515035,0.163265306122449,-55.544395705008604,7.540071161518761e-25
6.530612244897959,0.0053735943563712,-5.2262582542631755,0.16161616161616094,0.163265306122449,-55.86144922702589,5.491371805608314e-25
6.530612244897959,0.0059690667312704,-5.121164690218244,0.17171717171717069,0.163265306122449,-56.18233367963543,3.9840291051918734e-25
6.530612244897959,0.0066305261021638,-5.016071126173304,0.18181818181818118,0.163265306122449,-56.506600023275944,2.880682662285571e-25
6.530612244897959,0.0073652847875129,-4.910977562128371,0.19191919191919102,0.163265306122449,-56.83373386359418,2.0769354402892974e-25
6.530612244897959,0.0081814654169699,-4.80588399808343,0.20202020202020168,0.163265306122449,-57.16317808783855,1.4939882725971624e-25
6.530612244897959,0.0090880907256374,-4.700790434038493,0.21212121212121193,0.163265306122449,-57.4943646662333,1.072789921769894e-25
6.530612244897959,0.0100951832988382,-4.595696869993551,0.22222222222222263,0.163265306122449,-57.826754579470325,7.694131061056623e-26
6.530612244897959,0.0112138763700549,-4.490603305948624,0.23232323232323193,0.163265306122449,-58.15988344499866,5.514213176711195e-26
6.530612244897959,0.0124565368968931,-4.385509741903686,0.24242424242424226,0.163265306122449,-58.49340870610836,3.9503481399950477e-26
6.530612244897959,0.013836902275649,-4.280416177858747,0.2525252525252527,0.163265306122449,-58.8271522915169,2.829387129896714e-26
6.530612244897959,0.0153702322058399,-4.175322613813814,0.26262626262626254,0.163265306122449,-59.16113066308511,2.0260371752805072e-26
6.530612244897959,0.0170734773835322,-4.07022904976888,0.2727272727272725,0.163265306122449,-59.495562579123906,1.450125114716273e-26
6.530612244897959,0.0189654668883421,-3.9651354857239447,0.2828282828282826,0.163265306122449,-59.83084443734855,1.0370373858193654e-26
6.530612244897959,0.0210671163356406,-3.8600419216790063,0.292929292929293,0.163265306122449,-60.16748476671463,7.4061648714905e-27
6.530612244897959,0.0234016590950486,-3.7549483576340705,0.3030303030303031,0.163265306122449,-60.505994542126324,5.279349918874968e-27
6.530612244897959,0.0259949031313031,-3.649854793589135,0.3131313131313132,0.163265306122449,-60.84673949735939,3.754886331350858e-27
6.530612244897959,0.0288755163068248,-3.5447612295442013,0.32323232323232315,0.163265306122449,-61.189774424273786,2.664517755782898e-27
6.530612244897959,0.0320753432999582,-3.4396676654992664,0.33333333333333315,0.163265306122449,-61.53469523521101,1.887215147703475e-27
6.530612244897959,0.0356297576423598,-3.3345741014543298,0.34343434343434337,0.163265306122449,-61.880556889074334,1.3354130193097562e-27
6.530612244897959,0.0395780527672466,-3.229480537409394,0.3535353535353535,0.163265306122449,-62.22590626034303,9.454363145695322e-28
6.530612244897959,0.0439638763914761,-3.1243869733644574,0.3636363636363637,0.163265306122449,-62.56896162081369,6.70880594121682e-28
6.530612244897959,0.048835713033475,-3.019293409319523,0.3737373737373737,0.163265306122449,-62.90793368052214,4.7800400413088635e-28
6.530612244897959,0.0542474200011699,-2.914199845274587,0.3838383838383838,0.163265306122449,-63.24143620204446,3.424468926683419e-28
6.530612244897959,0.060258822775172,-2.8091062812296523,0.3939393939393938,0.163265306122449,-63.56889426128483,2.468198031639671e-28
6.530612244897959,0.0669363763690749,-2.7040127171847166,0.404040404040404,0.163265306122449,-63.890841852055736,1.7887923936788442e-28
6.530612244897959,0.0743538999780876,-2.5989191531397813,0.4141414141414141,0.163265306122449,-64.20901388717398,1.3013064438697116e-28
6.530612244897959,0.0825933930374168,-2.493825589094845,0.42424242424242425,0.163265306122449,-64.52617424690307,9.476295311137714e-29
6.530612244897959,0.0917459417117808,-2.38873202504991,0.4343434343434343,0.163265306122449,-64.84567026693209,6.884671577598454e-29
6.530612244897959,0.101912725837141,-2.283638461004973,0.44444444444444453,0.163265306122449,-65.17076015850022,4.973916402415407e-29
6.530612244897959,0.113206137446215,-2.1785448969600347,0.4545454545454549,0.163265306122449,-65.50382652661357,3.564918420712258e-29
6.530612244897959,0.125751023242877,-2.0734513329151003,0.46464646464646486,0.163265306122449,-65.84566378627999,2.532745546405399e-29
6.530612244897959,0.139686064760787,-1.9683577688701692,0.47474747474747453,0.163265306122449,-66.19508056579998,1.7858368538033708e-29
6.530612244897959,0.155165311463659,-1.8632642048252352,0.48484848484848453,0.163265306122449,-66.54903140114429,1.253495809640267e-29
6.530612244897959,0.172359883735326,-1.7581706407802946,0.49494949494949514,0.163265306122449,-66.90333775616187,8.795278414265065e-30
6.530612244897959,0.19145986458586,-1.6530770767353593,0.5050505050505052,0.163265306122449,-67.25380935378,6.1950057053514706e-30
6.530612244897959,0.212676400986239,-1.5479835126904273,0.5151515151515149,0.163265306122449,-67.59736678340813,4.393762872987534e-30
6.530612244897959,0.236244038061438,-1.442889948645492,0.5252525252525251,0.163265306122449,-67.93274202608978,3.141846749225528e-30
6.530612244897959,0.262423311946047,-1.3377963846005527,0.5353535353535355,0.163265306122449,-68.26052262323402,2.263766834149391e-30
6.530612244897959,0.291503629965987,-1.2327028205556183,0.5454545454545455,0.163265306122449,-68.58258880745261,1.6404391532604936e-30
6.530612244897959,0.323806469986239,-1.1276092565106834,0.5555555555555556,0.163265306122449,-68.90121497296913,1.1928409523704487e-30
6.530612244897959,0.359688934292802,-1.0225156924657481,0.5656565656565656,0.163265306122449,-69.2181895964115,8.68804798580125e-31
6.530612244897959,0.399547697296443,-0.9174221284208132,0.5757575757575757,0.163265306122449,-69.53426251734815,6.333641615639323e-31
6.530612244897959,0.443823390699414,-0.8123285643758777,0.5858585858585857,0.163265306122449,-69.84909816045173,4.622980941063454e-31
6.530612244897959,0.49300547460239,-0.707235000330941,0.5959595959595959,0.163265306122449,-70.16173739372128,3.3817742205419747e-31
6.530612244897959,0.547637648400869,-0.6021414362860068,0.606060606060606,0.163265306122449,-70.47139612327952,2.4811986239741837e-31
6.530612244897959,0.608323861287565,-0.49704787224107067,0.6161616161616161,0.163265306122449,-70.77831683388852,1.8254399909840959e-31
6.530612244897959,0.67573498880583,-0.39195430819613525,0.6262626262626262,0.163265306122449,-71.08438502794962,1.3441379186319248e-31
6.530612244897959,0.750616249262273,-0.2868607441511999,0.6363636363636362,0.163265306122449,-71.3933147011666,9.869096158606011e-32
6.530612244897959,0.833795441985706,-0.18176718010626372,0.6464646464646464,0.163265306122449,-71.71033383246792,7.187828743772725e-32
6.530612244897959,0.926192098504948,-0.07667361606132911,0.6565656565656565,0.163265306122449,-72.04140370074806,5.161975087034928e-32
6.530612244897959,1.02882764781018,0.028419947983610284,0.666666666666667,0.163265306122449,-72.39207723304254,3.635133158964434e-32
6.530612244897959,1.142836708073,0.1335135120285407,0.6767676767676766,0.163265306122449,-72.76618016430261,2.500630278518591e-32
6.530612244897959,1.2694796296533,0.23860707607348014,0.686868686868687,0.163265306122449,-73.16461202626344,1.678853213882328e-32
6.530612244897959,1.41015642805352,0.3437006401184105,0.6969696969696967,0.163265306122449,-73.5846626994019,1.1030292697465723e-32
6.530612244897959,1.56642226084696,0.44879420416335164,0.7070707070707073,0.163265306122449,-74.02019547539182,7.135715979536416e-33
6.530612244897959,1.74000461967455,0.5538877682082868,0.7171717171717173,0.163265306122449,-74.4627638360985,4.583872810857671e-33
6.530612244897959,1.93282242736499,0.6589813322532224,0.7272727272727274,0.163265306122449,-74.90330438082036,2.9505856851451806e-33
6.530612244897959,2.14700725129329,0.7640748962981553,0.7373737373737373,0.163265306122449,-75.33376902500551,1.9184912000393494e-33
6.530612244897959,2.38492686748792,0.8691684603430914,0.7474747474747475,0.163265306122449,-75.7481461730019,1.2676463277819083e-33
6.530612244897959,2.64921143598352,0.9742620243880249,0.7575757575757573,0.163265306122449,-76.14269353721214,8.54374660894607e-34
6.530612244897959,2.94278257678333,1.0793555884329629,0.7676767676767676,0.163265306122449,-76.51557456849476,5.884481275357881e-34
6.530612244897959,3.26888566786082,1.184449152477898,0.7777777777777777,0.163265306122449,-76.86624368249993,4.143950165966443e-34
6.530612244897959,3.63112572224959,1.289542716522833,0.7878787878787878,0.163265306122449,-77.19486599373401,2.9832913415561074e-34
6.530612244897959,4.0335072408363,1.3946362805677694,0.797979797979798,0.163265306122449,-77.50191121091378,2.194560834001899e-34
6.530612244897959,4.48047848142245,1.4997298446127043,0.808080808080808,0.163265306122449,-77.78793717579491,1.648648705483434e-34
6.530612244897959,4.97698063344183,1.6048234086576407,0.8181818181818182,0.163265306122449,-78.05351465841942,1.264122876446156e-34
6.530612244897959,5.52850244195146,1.7099169727025751,0.8282828282828283,0.163265306122449,-78.29923122380266,9.887259715858136e-35
6.530612244897959,6.14114088475497,1.8150105367475111,0.8383838383838383,0.163265306122449,-78.52572422915858,7.883358555020104e-35
6.530612244897959,6.8216685734332,1.9201041007924453,0.8484848484848483,0.163265306122449,-78.7337124364456,6.402994799545274e-35
6.530612244897959,7.57760862338904,2.0251976648373815,0.8585858585858586,0.163265306122449,-78.92401257827336,5.29342601706262e-35
6.530612244897959,8.41731782058148,2.1302912288823177,0.8686868686868686,0.163265306122449,-79.09753840654375,4.450159099554226e-35
6.530612244897959,9.35007900434302,2.2353847929272526,0.8787878787878787,0.163265306122449,-79.25528560918819,3.8007280694491887e-35
6.530612244897959,10.3862036875563,2.3404783569721936,0.8888888888888893,0.163265306122449,-79.39830802370103,3.294222679736289e-35
6.530612244897959,11.5371460486378,2.445571921017128,0.8989898989898993,0.163265306122449,-79.5276903916323,2.894429023742676e-35
6.530612244897959,12.8156295554912,2.550665485062058,0.909090909090909,0.163265306122449,-79.64452169958365,2.575275594059471e-35
6.530612244897959,14.2357876212352,2.6557590491069942,0.919191919191919,0.163265306122449,-79.74987171039696,2.3177723823641382e-35
6.530612244897959,15.8133198466305,2.7608526131519304,0.9292929292929293,0.163265306122449,-79.84477200906134,2.1079296257025278e-35
6.530612244897959,17.5656655764397,2.865946177196865,0.9393939393939392,0.163265306122449,-79.9302019288902,1.9353270415111668e-35
6.530612244897959,19.5121966883548,2.9710397412417997,0.9494949494949493,0.163265306122449,-80.00707909835916,1.7921197846517e-35
6.530612244897959,21.6744317457404,3.0761333052867346,0.9595959595959593,0.163265306122449,-80.07625400326958,1.6723406827327318e-35
6.530612244897959,24.0762738816144,3.1812268693316703,0.9696969696969694,0.163265306122449,-80.13850781738354,1.5714054930716127e-35
6.530612244897959,26.744275043632,3.2863204333766105,0.97979797979798,0.163265306122449,-80.19455274620961,1.4857586371613678e-35
6.530612244897959,29.707929521255,3.3914139974215445,0.98989898989899,0.163265306122449,-80.24503419640591,1.4126170648662317e-35
6.530612244897959,33.0,3.4965075614664802,1.0,0.163265306122449,-80.29053418680486,1.3497833093666772e-35
7.346938775510204,0.001,-6.907755278982137,0.0,0.1836734693877551,-54.35047352928027,2.4882227548885474e-24
7.346938775510204,0.001110814537795,-6.802661714937222,0.010101010101008117,0.1836734693877551,-54.62051113934607,1.8993867910187084e-24
7.346938775510204,0.0012339089373767,-6.697568150892323,0.020202020202014698,0.1836734693877551,-54.89468898196905,1.443907889336675e-24
7.346938775510204,0.0013706439859533,-6.592474586847349,0.030303030303028534,0.1836734693877551,-55.17283564562815,1.0933064950638411e-24
7.346938775510204,0.0015225312657382,-6.487381022802441,0.04040404040403597,0.1836734693877551,-55.454711665740426,8.247545649957323e-25
7.346938775510204,0.0016912498642295,-6.382287458757476,0.05050505050504887,0.1836734693877551,-55.74000743451585,6.2004377248134375e-25
7.346938775510204,0.00187866493623,-6.277193894712534,0.06060606060605963,0.1836734693877551,-56.02834495416783,4.6472812476480065e-25
7.346938775510204,0.00208684832281,-6.172100330667619,0.07070707070706775,0.1836734693877551,-56.31928415009033,3.474126827431174e-25
7.346938775510204,0.0023181014551505,-6.067006766622687,0.08080808080807748,0.1836734693877551,-56.612334232668665,2.5916457333030813e-25
7.346938775510204,0.002574980796465,-5.961913202577741,0.0909090909090886,0.1836734693877551,-56.90697027739686,1.9302645140820453e-25
7.346938775510204,0.0028603261032564,-5.856819638532781,0.10101010101010106,0.1836734693877551,-57.20265478673671,1.4361595017709106e-25
7.346938775510204,0.0031772918183317,-5.751726074487876,0.11111111111110823,0.1836734693877551,-57.4988635111845,1.0679744464070934e-25
7.346938775510204,0.0035293819426201,-5.646632510442922,0.1212121212121201,0.1836734693877551,-57.79511425250285,7.941468162981565e-26
7.346938775510204,0.0039204887712936,-5.541538946397998,0.13131313131312908,0.1836734693877551,-58.09099676639058,5.907458183174834e-26
7.346938775510204,0.0043549359224151,-5.436445382353058,0.14141414141413966,0.1836734693877551,-58.386201254263476,4.39738991415247e-26
7.346938775510204,0.0048375261337845,-5.331351818308116,0.15151515151515035,0.1836734693877551,-58.680542333966166,3.276153706607506e-26
7.346938775510204,0.0053735943563712,-5.2262582542631755,0.16161616161616094,0.1836734693877551,-58.973974887870746,2.4430262323390995e-26
7.346938775510204,0.0059690667312704,-5.121164690218244,0.17171717171717069,0.1836734693877551,-59.26659792660708,1.823238820514167e-26
7.346938775510204,0.0066305261021638,-5.016071126173304,0.18181818181818118,0.1836734693877551,-59.55864275048119,1.3614763567125958e-26
7.346938775510204,0.0073652847875129,-4.910977562128371,0.19191919191919102,0.1836734693877551,-59.85044245994656,1.016911362989176e-26
7.346938775510204,0.0081814654169699,-4.80588399808343,0.20202020202020168,0.1836734693877551,-60.14238150698582,7.594436986853072e-27
7.346938775510204,0.0090880907256374,-4.700790434038493,0.21212121212121193,0.1836734693877551,-60.43482669440247,5.6687623667059835e-27
7.346938775510204,0.0100951832988382,-4.595696869993551,0.22222222222222263,0.1836734693877551,-60.728044855699174,4.228099727570522e-27
7.346938775510204,0.0112138763700549,-4.490603305948624,0.23232323232323193,0.1836734693877551,-61.022117073420766,3.1508757731499925e-27
7.346938775510204,0.0124565368968931,-4.385509741903686,0.24242424242424226,0.1836734693877551,-61.31686388301228,2.3465205825901084e-27
7.346938775510204,0.013836902275649,-4.280416177858747,0.2525252525252527,0.1836734693877551,-61.611799050420196,1.7471719643926815e-27
7.346938775510204,0.0153702322058399,-4.175322613813814,0.26262626262626254,0.1836734693877551,-61.90612945410259,1.3016960353485319e-27
7.346938775510204,0.0170734773835322,-4.07022904976888,0.2727272727272725,0.1836734693877551,-62.19881387906435,9.71400564233359e-28
7.346938775510204,0.0189654668883421,-3.9651354857239447,0.2828282828282826,0.1836734693877551,-62.48868383554491,7.269581817948883e-28
7.346938775510204,0.0210671163356406,-3.8600419216790063,0.292929292929293,0.1836734693877551,-62.774616390672286,5.461733406884225e-28
7.346938775510204,0.0234016590950486,-3.7549483576340705,0.3030303030303031,0.1836734693877551,-63.05573575802908,4.123271269667116e-28
7.346938775510204,0.0259949031313031,-3.649854793589135,0.3131313131313132,0.1836734693877551,-63.33161096821261,3.1291820221464015e-28
7.346938775510204,0.0288755163068248,-3.5447612295442013,0.32323232323232315,0.1836734693877551,-63.60241414092045,2.3868355784956e-28
7.346938775510204,0.0320753432999582,-3.4396676654992664,0.33333333333333315,0.1836734693877551,-63.86900799066418,1.8282781333277786e-28
7.346938775510204,0.0356297576423598,-3.3345741014543298,0.34343434343434337,0.1836734693877551,-64.13294005860284,1.4041646140855115e-28
7.346938775510204,0.0395780527672466,-3.229480537409394,0.3535353535353535,0.1836734693877551,-64.39633173555801,1.0790174605184895e-28
7.346938775510204,0.0439638763914761,-3.1243869733644574,0.3636363636363637,0.1836734693877551,-64.66166075106584,8.27556292186995e-29
7.346938775510204,0.048835713033475,-3.019293409319523,0.3737373737373737,0.1836734693877551,-64.93144759854682,6.318741750838433e-29
7.346938775510204,0.0542474200011699,-2.914199845274587,0.3838383838383838,0.1836734693877551,-65.20787280106315,4.7927046432876625e-29
7.346938775510204,0.060258822775172,-2.8091062812296523,0.3939393939393938,0.1836734693877551,-65.49237572813477,3.605974195236928e-29
7.346938775510204,0.0669363763690749,-2.7040127171847166,0.404040404040404,0.1836734693877551,-65.78531395828607,2.6903027628918946e-29
7.346938775510204,0.0743538999780876,-2.5989191531397813,0.4141414141414141,0.1836734693877551,-66.08578233804967,1.9920920317594778e-29
7.346938775510204,0.0825933930374168,-2.493825589094845,0.42424242424242425,0.1836734693877551,-66.39168238610286,1.4670965487408112e-29
7.346938775510204,0.0917459417117808,-2.38873202504991,0.4343434343434343,0.1836734693877551,-66.70007902311012,1.077764160727982e-29
7.346938775510204,0.101912725837141,-2.283638461004973,0.44444444444444453,0.1836734693877551,-67.00778856426656,7.922954867327156e-30
7.346938775510204,0.113206137446215,-2.1785448969600347,0.4545454545454549,0.1836734693877551,-67.31204643411529,5.844531020586608e-30
7.346938775510204,0.125751023242877,-2.0734513329151003,0.46464646464646486,0.1836734693877551,-67.6110567145639,4.334022416127042e-30
7.346938775510204,0.139686064760787,-1.9683577688701692,0.47474747474747453,0.1836734693877551,-67.9042588172894,3.232623292707339e-30
7.346938775510204,0.155165311463659,-1.8632642048252352,0.48484848484848453,0.1836734693877551,-68.19224451371855,2.423731454815924e-30
7.346938775510204,0.172359883735326,-1.7581706407802946,0.49494949494949514,0.1836734693877551,-68.4763732204905,1.8242693839765137e-30
7.346938775510204,0.19145986458586,-1.6530770767353593,0.5050505050505052,0.1836734693877551,-68.75821879028034,1.376210901962123e-30
7.346938775510204,0.212676400986239,-1.5479835126904273,0.5151515151515149,0.1836734693877551,-69.03901734217565,1.0392875680025487e-30
7.346938775510204,0.236244038061438,-1.442889948645492,0.5252525252525251,0.1836734693877551,-69.3192761492554,7.852733859800511e-31
7.346938775510204,0.262423311946047,-1.3377963846005527,0.5353535353535355,0.1836734693877551,-69.59865790809013,5.938638953577075e-31
7.346938775510204,0.291503629965987,-1.2327028205556183,0.5454545454545455,0.1836734693877551,-69.87618090674336,4.4994581394573e-31
7.346938775510204,0.323806469986239,-1.1276092565106834,0.5555555555555556,0.1836734693877551,-70.15068653711658,3.41935297882704e-31
7.346938775510204,0.359688934292802,-1.0225156924657481,0.5656565656565656,0.1836734693877551,-70.42144609536989,2.6082820531887844e-31
7.346938775510204,0.399547697296443,-0.9174221284208132,0.5757575757575757,0.1836734693877551,-70.68873846401986,1.9965075293635653e-31
7.346938775510204,0.443823390699414,-0.8123285643758777,0.5858585858585857,0.1836734693877551,-70.95424361637896,1.530958892835823e-31
7.346938775510204,0.49300547460239,-0.707235000330941,0.5959595959595959,0.1836734693877551,-71.2211504983331,1.1723231571239062e-31
7.346938775510204,0.547637648400869,-0.6021414362860068,0.606060606060606,0.1836734693877551,-71.49394001536571,8.924345221564029e-32
7.346938775510204,0.608323861287565,-0.49704787224107067,0.6161616161616161,0.1836734693877551,-71.7778503570557,6.718551755629551e-32
7.346938775510204,0.67573498880583,-0.39195430819613525,0.6262626262626262,0.1836734693877551,-72.07806561424745,4.976154288870603e-32
7.346938775510204,0.750616249262273,-0.2868607441511999,0.6363636363636362,0.1836734693877551,-72.39871632486619,3.6110791129943933e-32
7.346938775510204,0.833795441985706,-0.18176718010626372,0.6464646464646464,0.1836734693877551,-72.74186519200093,2.5621782710176885e-32
7.346938775510204,0.926192098504948,-0.07667361606132911,0.6565656565656565,0.1836734693877551,-73.10675283772977,1.7788554254703787e-32
7.346938775510204,1.02882764781018,0.028419947983610284,0.666666666666667,0.1836734693877551,-73.48961515686442,1.2130135723124687e-32
7.346938775510204,1.142836708073,0.1335135120285407,0.6767676767676766,0.1836734693877551,-73.88425676810745,8.17475952702357e-33
7.346938775510204,1.2694796296533,0.23860707607348014,0.686868686868687,0.1836734693877551,-74.28326885376445,5.4851213367376094e-33
7.346938775510204,1.41015642805352,0.3437006401184105,0.6969696969696967,0.1836734693877551,-74.679472297799,3.690772445631781e-33
7.346938775510204,1.56642226084696,0.44879420416335164,0.7070707070707073,0.1836734693877551,-75.06706963083289,2.5048740102700945e-33
7.346938775510204,1.74000461967455,0.5538877682082868,0.7171717171717173,0.1836734693877551,-75.44217646431575,1.7213891401597875e-33
7.346938775510204,1.93282242736499,0.6589813322532224,0.7272727272727274,0.1836734693877551,-75.80272630713554,1.200312286476281e-33
7.346938775510204,2.14700725129329,0.7640748962981553,0.7373737373737373,0.1836734693877551,-76.14798261484403,8.498677362301508e-34
7.346938775510204,2.38492686748792,0.8691684603430914,0.7474747474747475,0.1836734693877551,-76.47794708474218,6.110117947795522e-34
7.346938775510204,2.64921143598352,0.9742620243880249,0.7575757575757573,0.1836734693877551,-76.79287021214756,4.45943889423525e-34
7.346938775510204,2.94278257678333,1.0793555884329629,0.7676767676767676,0.1836734693877551,-77.0929487722451,3.303374063283644e-34
7.346938775510204,3.26888566786082,1.184449152477898,0.7777777777777777,0.1836734693877551,-77.3782031328897,2.483552584553016e-34
7.346938775510204,3.63112572224959,1.289542716522833,0.7878787878787878,0.1836734693877551,-77.6484830448777,1.8953625072092578e-34
7.346938775510204,4.0335072408363,1.3946362805677694,0.797979797979798,0.1836734693877551,-77.90354271560926,1.4686600378197444e-34
7.346938775510204,4.48047848142245,1.4997298446127043,0.808080808080808,0.1836734693877551,-78.1431370798942,1.1557576256834815e-34
7.346938775510204,4.97698063344183,1.6048234086576407,0.8181818181818182,0.1836734693877551,-78.36710809316237,9.23841340624689e-35
7.346938775510204,5.52850244195146,1.7099169727025751,0.8282828282828283,0.1836734693877551,-78.5754454758151,7.50097325139917e-35
7.346938775510204,6.14114088475497,1.8150105367475111,0.8383838383838383,0.1836734693877551,-78.76831787297765,6.185206433816306e-35
7.346938775510204,6.8216685734332,1.9201041007924453,0.8484848484848483,0.1836734693877551,-78.9460775091514,5.177906094253154e-35
7.346938775510204,7.57760862338904,2.0251976648373815,0.8585858585858586,0.1836734693877551,-79.10924484695506,4.3983673174042097e-35
7.346938775510204,8.41731782058148,2.1302912288823177,0.8686868686868686,0.1836734693877551,-79.25848058186385,3.7886042251085854e-35
7.346938775510204,9.35007900434302,2.2353847929272526,0.8787878787878787,0.1836734693877551,-79.39455156194403,3.3066205727784326e-35
7.346938775510204,10.3862036875563,2.3404783569721936,0.8888888888888893,0.1836734693877551,-79.51829574457717,2.9217492940564807e-35
7.346938775510204,11.5371460486378,2.445571921017128,0.8989898989898993,0.1836734693877551,-79.63058966291327,2.6114055254319345e-35
7.346938775510204,12.8156295554912,2.550665485062058,0.909090909090909,0.1836734693877551,-79.73232040625469,2.3588114010342548e-35
7.346938775510204,14.2357876212352,2.6557590491069942,0.919191919191919,0.1836734693877551,-79.82436296962148,2.151392453234117e-35
7.346938775510204,15.8133198466305,2.7608526131519304,0.9292929292929293,0.1836734693877551,-79.90756302558206,1.97964043396849e-35
7.346938775510204,17.5656655764397,2.865946177196865,0.9393939393939392,0.1836734693877551,-79.98272467594578,1.8363016550631273e-35
7.346938775510204,19.5121966883548,2.9710397412417997,0.9494949494949493,0.1836734693877551,-80.05060248430246,1.7157936967327306e-35
7.346938775510204,21.6744317457404,3.0761333052867346,0.9595959595959593,0.1836734693877551,-80.11189700181791,1.6137832271237102e-35
7.346938775510204,24.0762738816144,3.1812268693316703,0.9696969696969694,0.1836734693877551,-80.1672530169159,1.5268781680335252e-35
7.346938775510204,26.744275043632,3.2863204333766105,0.97979797979798,0.1836734693877551,-80.21725983743207,1.4524015348992924e-35
7.346938775510204,29.707929521255,3.3914139974215445,0.98989898989899,0.1836734693877551,-80.2624530185185,1.388224005447482e-35
7.346938775510204,33.0,3.4965075614664802,1.0,0.1836734693877551,-80.30331705981429,1.3326390108781986e-35
8.16326530612245,0.001,-6.907755278982137,0.0,0.20408163265306123,-57.330675860965776,1.2635831613022411e-25
8.16326530612245,0.001110814537795,-6.802661714937222,0.010101010101008117,0.20408163265306123,-57.60120881683931,9.640795259377167e-26
8.16326530612245,0.0012339089373767,-6.697568150892323,0.020202020202014698,0.20408163265306123,-57.871075963503166,7.360563220534095e-26
8.16326530612245,0.0013706439859533,-6.592474586847349,0.030303030303028534,0.20408163265306123,-58.139943259973215,5.625271186557745e-26
8.16326530612245,0.0015225312657382,-6.487381022802441,0.04040404040403597,0.20408163265306123,-58.40756395735651,4.30444607947097e-26
8.16326530612245,0.0016912498642295,-6.382287458757476,0.05050505050504887,0.20408163265306123,-58.67379130836061,3.2983459300161364e-26
8.16326530612245,0.00187866493623,-6.277193894712534,0.06060606060605963,0.20408163265306123,-58.93858498772875,2.5310327730009582e-26
8.16326530612245,0.00208684832281,-6.172100330667619,0.07070707070706775,0.20408163265306123,-59.20200943239406,1.944885264684747e-26
8.16326530612245,0.0023181014551505,-6.067006766622687,0.08080808080807748,0.20408163265306123,-59.464222610465335,1.4962916404535377e-26
8.16326530612245,0.002574980796465,-5.961913202577741,0.0909090909090886,0.20408163265306123,-59.72545430145778,1.1522978928480424e-26
8.16326530612245,0.0028603261032564,-5.856819638532781,0.10101010101010106,0.20408163265306123,-59.98597387126622,8.880196095377297e-27
8.16326530612245,0.0031772918183317,-5.751726074487876,0.11111111111110823,0.20408163265306123,-60.246048780040645,6.846576393730962e-27
8.16326530612245,0.0035293819426201,-5.646632510442922,0.1212121212121201,0.20408163265306123,-60.50589663243429,5.279866843705208e-27
8.16326530612245,0.0039204887712936,-5.541538946397998,0.13131313131312908,0.20408163265306123,-60.76563532757023,4.072113626757938e-27
8.16326530612245,0.0043549359224151,-5.436445382353058,0.14141414141413966,0.20408163265306123,-61.02523751505168,3.1410589735543334e-27
8.16326530612245,0.0048375261337845,-5.331351818308116,0.15151515151515035,0.20408163265306123,-61.28449670346077,2.4237133527013756e-27
8.16326530612245,0.0053735943563712,-5.2262582542631755,0.16161616161616094,0.20408163265306123,-61.54301251673993,1.871583743520287e-27
8.16326530612245,0.0059690667312704,-5.121164690218244,0.17171717171717069,0.20408163265306123,-61.80020133365135,1.4471501044272575e-27
8.16326530612245,0.0066305261021638,-5.016071126173304,0.18181818181818118,0.20408163265306123,-62.055335711162165,1.1212698073771022e-27
8.16326530612245,0.0073652847875129,-4.910977562128371,0.19191919191919102,0.20408163265306123,-62.307611841473594,8.71260443102975e-28
8.16326530612245,0.0081814654169699,-4.80588399808343,0.20202020202020168,0.20408163265306123,-62.556239553766794,6.794701043315382e-28
8.16326530612245,0.0090880907256374,-4.700790434038493,0.21212121212121193,0.20408163265306123,-62.80054509929702,5.3219379031638975e-28
8.16326530612245,0.0100951832988382,-4.595696869993551,0.22222222222222263,0.20408163265306123,-63.040074197578,4.188356469448307e-28
8.16326530612245,0.0112138763700549,-4.490603305948624,0.23232323232323193,0.20408163265306123,-63.27468221664841,3.312490711340781e-28
8.16326530612245,0.0124565368968931,-4.385509741903686,0.24242424242424226,0.20408163265306123,-63.50459989375863,2.6321018514523133e-28
8.16326530612245,0.013836902275649,-4.280416177858747,0.2525252525252527,0.20408163265306123,-63.730466008478906,2.099956426764551e-28
8.16326530612245,0.0153702322058399,-4.175322613813814,0.26262626262626254,0.20408163265306123,-63.953321886420106,1.680448492170648e-28
8.16326530612245,0.0170734773835322,-4.07022904976888,0.2727272727272725,0.20408163265306123,-64.174565636031,1.3469152364609384e-28
8.16326530612245,0.0189654668883421,-3.9651354857239447,0.2828282828282826,0.20408163265306123,-64.39586622335108,1.0795198732484075e-28
8.16326530612245,0.0210671163356406,-3.8600419216790063,0.292929292929293,0.20408163265306123,-64.61903922477548,8.63590465389858e-29
8.16326530612245,0.0234016590950486,-3.7549483576340705,0.3030303030303031,0.20408163265306123,-64.84588838725278,6.883170054588356e-29
8.16326530612245,0.0259949031313031,-3.649854793589135,0.3131313131313132,0.20408163265306123,-65.07802128501991,5.457257705288128e-29
8.16326530612245,0.0288755163068248,-3.5447612295442013,0.32323232323232315,0.20408163265306123,-65.31665432247769,4.2987031077080567e-29
8.16326530612245,0.0320753432999582,-3.4396676654992664,0.33333333333333315,0.20408163265306123,-65.5624317149166,3.361999821559508e-29
8.16326530612245,0.0356297576423598,-3.3345741014543298,0.34343434343434337,0.20408163265306123,-65.81529231755233,2.6108488002140006e-29
8.16326530612245,0.0395780527672466,-3.229480537409394,0.3535353535353535,0.20408163265306123,-66.07442235501988,2.0148511905088608e-29
8.16326530612245,0.0439638763914761,-3.1243869733644574,0.3636363636363637,0.20408163265306123,-66.33832537914812,1.5475024637807256e-29
8.16326530612245,0.048835713033475,-3.019293409319523,0.3737373737373737,0.20408163265306123,-66.60501965308535,1.1852432689154816e-29
8.16326530612245,0.0542474200011699,-2.914199845274587,0.3838383838383838,0.20408163265306123,-66.87234031750889,9.07217894993226e-30
8.16326530612245,0.060258822775172,-2.8091062812296523,0.3939393939393938,0.20408163265306123,-67.1382894367594,6.95362671565738e-30
8.16326530612245,0.0669363763690749,-2.7040127171847166,0.404040404040404,0.20408163265306123,-67.40135564679214,5.3451902776484084e-30
8.16326530612245,0.0743538999780876,-2.5989191531397813,0.4141414141414141,0.20408163265306123,-67.66072728341612,4.124008001600968e-30
8.16326530612245,0.0825933930374168,-2.493825589094845,0.42424242424242425,0.20408163265306123,-67.91634900977924,3.193775566301841e-30
8.16326530612245,0.0917459417117808,-2.38873202504991,0.4343434343434343,0.20408163265306123,-68.16881213898081,2.4811958730823593e-30
8.16326530612245,0.101912725837141,-2.283638461004973,0.44444444444444453,0.20408163265306123,-68.4191090335412,1.9317836676989895e-30
8.16326530612245,0.113206137446215,-2.1785448969600347,0.4545454545454549,0.20408163265306123,-68.66831157803664,1.5056748632076306e-30
8.16326530612245,0.125751023242877,-2.0734513329151003,0.46464646464646486,0.20408163265306123,-68.91724874461126,1.1738677255983694e-30
8.16326530612245,0.139686064760787,-1.9683577688701692,0.47474747474747453,0.20408163265306123,-69.16625899674018,9.15114388360352e-31
8.16326530612245,0.155165311463659,-1.8632642048252352,0.48484848484848453,0.20408163265306123,-69.4150804138879,7.135322637715255e-31
8.16326530612245,0.172359883735326,-1.7581706407802946,0.49494949494949514,0.20408163265306123,-69.66291492190602,5.56904152429988e-31
8.16326530612245,0.19145986458586,-1.6530770767353593,0.5050505050505052,0.20408163265306123,-69.90866480738015,4.355646613643243e-31
8.16326530612245,0.212676400986239,-1.5479835126904273,0.5151515151515149,0.20408163265306123,-70.15129728120426,3.4172652668053104e-31
8.16326530612245,0.236244038061438,-1.442889948645492,0.5252525252525251,0.20408163265306123,-70.39025903379788,2.6909084463984907e-31
8.16326530612245,0.262423311946047,-1.3377963846005527,0.5353535353535355,0.20408163265306123,-70.6258495158023,2.1260979834183493e-31
8.16326530612245,0.291503629965987,-1.2327028205556183,0.5454545454545455,0.20408163265306123,-70.85947235960182,1.6831474507311236e-31
8.16326530612245,0.323806469986239,-1.1276092565106834,0.5555555555555556,0.20408163265306123,-71.09371057508461,1.3316613628894923e-31
8.16326530612245,0.359688934292802,-1.0225156924657481,0.5656565656565656,0.20408163265306123,-71.33219864387517,1.0491069085402674e-31
8.16326530612245,0.399547697296443,-0.9174221284208132,0.5757575757575757,0.20408163265306123,-71.57928391164127,8.19430224162061e-32
8.16326530612245,0.443823390699414,-0.8123285643758777,0.5858585858585857,0.20408163265306123,-71.8394841427536,6.31696475843522e-32
8.16326530612245,0.49300547460239,-0.707235000330941,0.5959595959595959,0.20408163265306123,-72.11677370840731,4.7872171288437775e-32
8.16326530612245,0.547637648400869,-0.6021414362860068,0.606060606060606,0.20408163265306123,-72.41378497196008,3.557072957959258e-32
8.16326530612245,0.608323861287565,-0.49704787224107067,0.6161616161616161,0.20408163265306123,-72.73109223050015,2.5899297332116523e-32
8.16326530612245,0.67573498880583,-0.39195430819613525,0.6262626262626262,0.20408163265306123,-73.06681270276542,1.8513410586441815e-32
8.16326530612245,0.750616249262273,-0.2868607441511999,0.6363636363636362,0.20408163265306123,-73.41673997217107,1.304712883126517e-32
8.16326530612245,0.833795441985706,-0.18176718010626372,0.6464646464646464,0.20408163265306123,-73.77506934995489,9.117892746119891e-33
8.16326530612245,0.926192098504948,-0.07667361606132911,0.6565656565656565,0.20408163265306123,-74.13552703167346,6.358427110715587e-33
8.16326530612245,1.02882764781018,0.028419947983610284,0.666666666666667,0.20408163265306123,-74.49252256021025,4.4494723165362186e-33
8.16326530612245,1.142836708073,0.1335135120285407,0.6767676767676766,0.20408163265306123,-74.84194468793434,3.137302583451477e-33
8.16326530612245,1.2694796296533,0.23860707607348014,0.686868686868687,0.20408163265306123,-75.18141311989895,2.2342262000583545e-33
8.16326530612245,1.41015642805352,0.3437006401184105,0.6969696969696967,0.20408163265306123,-75.51004461873744,1.608437884740117e-33
8.16326530612245,1.56642226084696,0.44879420416335164,0.7070707070707073,0.20408163265306123,-75.82794601495432,1.1704192920089744e-33
8.16326530612245,1.74000461967455,0.5538877682082868,0.7171717171717173,0.20408163265306123,-76.1356630613856,8.604024857047572e-34
8.16326530612245,1.93282242736499,0.6589813322532224,0.7272727272727274,0.20408163265306123,-76.43374031679082,6.386285784455013e-34
8.16326530612245,2.14700725129329,0.7640748962981553,0.7373737373737373,0.20408163265306123,-76.72245405113193,4.784775520630642e-34
8.16326530612245,2.38492686748792,0.8691684603430914,0.7474747474747475,0.20408163265306123,-77.00171118533545,3.6189429356254144e-34
8.16326530612245,2.64921143598352,0.9742620243880249,0.7575757575757573,0.20408163265306123,-77.27107260740989,2.764391544135068e-34
8.16326530612245,2.94278257678333,1.0793555884329629,0.7676767676767676,0.20408163265306123,-77.52985076546095,2.1340944176259936e-34
8.16326530612245,3.26888566786082,1.184449152477898,0.7777777777777777,0.20408163265306123,-77.77723749767144,1.6663834246707466e-34
8.16326530612245,3.63112572224959,1.289542716522833,0.7878787878787878,0.20408163265306123,-78.01242979101934,1.317140858070587e-34
8.16326530612245,4.0335072408363,1.3946362805677694,0.797979797979798,0.20408163265306123,-78.23473352198427,1.0545979875077418e-34
8.16326530612245,4.48047848142245,1.4997298446127043,0.808080808080808,0.20408163265306123,-78.44363583782025,8.557793745928256e-35
8.16326530612245,4.97698063344183,1.6048234086576407,0.8181818181818182,0.20408163265306123,-78.63884478725093,7.04017809574251e-35
8.16326530612245,5.52850244195146,1.7099169727025751,0.8282828282828283,0.20408163265306123,-78.82029998736672,5.871900036584429e-35
8.16326530612245,6.14114088475497,1.8150105367475111,0.8383838383838383,0.20408163265306123,-78.98816082864495,4.964524021561542e-35
8.16326530612245,6.8216685734332,1.9201041007924453,0.8484848484848483,0.20408163265306123,-79.14277950981717,4.2533152810590974e-35
8.16326530612245,7.57760862338904,2.0251976648373815,0.8585858585858586,0.20408163265306123,-79.28466567660801,3.690686847200001e-35
8.16326530612245,8.41731782058148,2.1302912288823177,0.8686868686868686,0.20408163265306123,-79.41444819377124,3.2414801471292146e-35
8.16326530612245,9.35007900434302,2.2353847929272526,0.8787878787878787,0.20408163265306123,-79.53283807383522,2.879567706455837e-35
8.16326530612245,10.3862036875563,2.3404783569721936,0.8888888888888893,0.20408163265306123,-79.64059513682115,2.5854074539845723e-35
8.16326530612245,11.5371460486378,2.445571921017128,0.8989898989898993,0.20408163265306123,-79.73849976064112,2.3442804117607475e-35
8.16326530612245,12.8156295554912,2.550665485062058,0.909090909090909,0.20408163265306123,-79.82733016897934,2.1450183042903279e-35
8.16326530612245,14.2357876212352,2.6557590491069942,0.919191919191919,0.20408163265306123,-79.90784508597264,1.9790821345552643e-35
8.16326530612245,15.8133198466305,2.7608526131519304,0.9292929292929293,0.20408163265306123,-79.98077121928758,1.839892296697255e-35
8.16326530612245,17.5656655764397,2.865946177196865,0.9393939393939392,0.20408163265306123,-80.0467948553326,1.7223392561413686e-35
8.16326530612245,19.5121966883548,2.9710397412417997,0.9494949494949493,0.20408163265306123,-80.1065568038626,1.6224242007332456e-35
8.16326530612245,21.6744317457404,3.0761333052867346,0.9595959595959593,0.20408163265306123,-80.16064996496341,1.5369935834560402e-35
8.16326530612245,24.0762738816144,3.1812268693316703,0.9696969696969694,0.20408163265306123,-80.20961887204182,1.4635417917172617e-35
8.16326530612245,26.744275043632,3.2863204333766105,0.97979797979798,0.20408163265306123,-80.25396066400423,1.4000634972725472e-35
8.16326530612245,29.707929521255,3.3914139974215445,0.98989898989899,0.20408163265306123,-80.29412704166681,1.3449424353273652e-35
8.16326530612245,33.0,3.4965075614664802,1.0,0.20408163265306123,-80.33052685800527,1.2968670532274779e-35
8.979591836734695,0.001,-6.907755278982137,0.0,0.22448979591836737,-59.94099426722715,9.288743062444626e-27
8.979591836734695,0.001110814537795,-6.802661714937222,0.010101010101008117,0.22448979591836737,-60.17806811763477,7.328196142646474e-27
8.979591836734695,0.0012339089373767,-6.697568150892323,0.020202020202014698,0.22448979591836737,-60.41447930116251,5.7852883838325956e-27
8.979591836734695,0.0013706439859533,-6.592474586847349,0.030303030303028534,0.22448979591836737,-60.6503048679516,4.569906032541644e-27
8.979591836734695,0.0015225312657382,-6.487381022802441,0.04040404040403597,0.22448979591836737,-60.88552148198644,3.612051988966728e-27
8.979591836734695,0.0016912498642295,-6.382287458757476,0.05050505050504887,0.22448979591836737,-61.11998403211768,2.857118155029293e-27
8.979591836734695,0.00187866493623,-6.277193894712534,0.06060606060605963,0.22448979591836737,-61.35341527720856,2.262300540092738e-27
8.979591836734695,0.00208684832281,-6.172100330667619,0.07070707070706775,0.22448979591836737,-61.58540957708113,1.7938926684088196e-27
8.979591836734695,0.0023181014551505,-6.067006766622687,0.08080808080807748,0.22448979591836737,-61.81545239332983,1.4252469792996342e-27
8.979591836734695,0.002574980796465,-5.961913202577741,0.0909090909090886,0.22448979591836737,-62.042955351070866,1.1352378174392843e-27
8.979591836734695,0.0028603261032564,-5.856819638532781,0.10101010101010106,0.22448979591836737,-62.2673045212128,9.07095982451814e-28
8.979591836734695,0.0031772918183317,-5.751726074487876,0.11111111111110823,0.22448979591836737,-62.48791761309331,7.275154069270971e-28
8.979591836734695,0.0035293819426201,-5.646632510442922,0.1212121212121201,0.22448979591836737,-62.704304369531876,5.859581790898966e-28
8.979591836734695,0.0039204887712936,-5.541538946397998,0.13131313131312908,0.22448979591836737,-62.9161239255153,4.741050228306974e-28
8.979591836734695,0.0043549359224151,-5.436445382353058,0.14141414141413966,0.22448979591836737,-63.123233309817486,3.854145391129377e-28
8.979591836734695,0.0048375261337845,-5.331351818308116,0.15151515151515035,0.22448979591836737,-63.32572247674688,3.1476625415690227e-28
8.979591836734695,0.0053735943563712,-5.2262582542631755,0.16161616161616094,0.22448979591836737,-63.523932908596755,2.581704127014202e-28
8.979591836734695,0.0059690667312704,-5.121164690218244,0.17171717171717069,0.22448979591836737,-63.71845851542732,2.125323632454576e-28
8.979591836734695,0.0066305261021638,-5.016071126173304,0.18181818181818118,0.22448979591836737,-63.91012892767939,1.754622398387048e-28
8.979591836734695,0.0073652847875129,-4.910977562128371,0.19191919191919102,0.22448979591836737,-64.09997614193026,1.4512227281820256e-28
8.979591836734695,0.0081814654169699,-4.80588399808343,0.20202020202020168,0.22448979591836737,-64.28918585994816,1.2010506842149612e-28
8.979591836734695,0.0090880907256374,-4.700790434038493,0.21212121212121193,0.22448979591836737,-64.47903496622747,9.933697155844846e-29
8.979591836734695,0.0100951832988382,-4.595696869993551,0.22222222222222263,0.22448979591836737,-64.67081676201629,8.200137601589322e-29
8.979591836734695,0.0112138763700549,-4.490603305948624,0.23232323232323193,0.22448979591836737,-64.86575620141767,6.747766055793973e-29
8.979591836734695,0.0124565368968931,-4.385509741903686,0.24242424242424226,0.22448979591836737,-65.06491877574261,5.529231967033089e-29
8.979591836734695,0.013836902275649,-4.280416177858747,0.2525252525252527,0.22448979591836737,-65.26911897713735,4.507978016847689e-29
8.979591836734695,0.0153702322058399,-4.175322613813814,0.26262626262626254,0.22448979591836737,-65.47883719350428,3.655125771157265e-29
8.979591836734695,0.0170734773835322,-4.07022904976888,0.2727272727272725,0.22448979591836737,-65.6941567180239,2.9470685923642926e-29
8.979591836734695,0.0189654668883421,-3.9651354857239447,0.2828282828282826,0.22448979591836737,-65.9147341049168,2.3637127734052724e-29
8.979591836734695,0.0210671163356406,-3.8600419216790063,0.292929292929293,0.22448979591836737,-66.13981496132524,1.8873103787444262e-29
8.979591836734695,0.0234016590950486,-3.7549483576340705,0.3030303030303031,0.22448979591836737,-66.36830235752333,1.5018014276423126e-29
8.979591836734695,0.0259949031313031,-3.649854793589135,0.3131313131313132,0.22448979591836737,-66.5988763253534,1.1925470184514834e-29
8.979591836734695,0.0288755163068248,-3.5447612295442013,0.32323232323232315,0.22448979591836737,-66.83015190685744,9.463108119535907e-30
8.979591836734695,0.0320753432999582,-3.4396676654992664,0.33333333333333315,0.22448979591836737,-67.06085284500766,7.513489047804943e-30
8.979591836734695,0.0356297576423598,-3.3345741014543298,0.34343434343434337,0.22448979591836737,-67.28997168269036,5.974982130674477e-30
8.979591836734695,0.0395780527672466,-3.229480537409394,0.3535353535353535,0.22448979591836737,-67.51688719219057,4.761989759644937e-30
8.979591836734695,0.0439638763914761,-3.1243869733644574,0.3636363636363637,0.22448979591836737,-67.74141702291045,3.804314307938679e-30
8.979591836734695,0.048835713033475,-3.019293409319523,0.3737373737373737,0.22448979591836737,-67.96379533293951,3.045781312388191e-30
8.979591836734695,0.0542474200011699,-2.914199845274587,0.3838383838383838,0.22448979591836737,-68.18457883150934,2.442382404704811e-30
8.979591836734695,0.060258822775172,-2.8091062812296523,0.3939393939393938,0.22448979591836737,-68.4044971740311,1.960217851499823e-30
8.979591836734695,0.0669363763690749,-2.7040127171847166,0.404040404040404,0.22448979591836737,-68.62427323587467,1.5734639931057438e-30
8.979591836734695,0.0743538999780876,-2.5989191531397813,0.4141414141414141,0.22448979591836737,-68.84444477959245,1.2625178368036966e-30
8.979591836734695,0.0825933930374168,-2.493825589094845,0.42424242424242425,0.22448979591836737,-69.06522110935963,1.012408029146335e-30
8.979591836734695,0.0917459417117808,-2.38873202504991,0.4343434343434343,0.22448979591836737,-69.28640577089475,8.115145348694314e-31
8.979591836734695,0.101912725837141,-2.283638461004973,0.44444444444444453,0.22448979591836737,-69.50740813679037,6.506031996416755e-31
8.979591836734695,0.113206137446215,-2.1785448969600347,0.4545454545454549,0.22448979591836737,-69.72735239790588,5.221504009967728e-31
8.979591836734695,0.125751023242877,-2.0734513329151003,0.46464646464646486,0.22448979591836737,-69.94527368531938,4.199074725203824e-31
8.979591836734695,0.139686064760787,-1.9683577688701692,0.47474747474747453,0.22448979591836737,-70.16037200501167,3.3863948106140876e-31
8.979591836734695,0.155165311463659,-1.8632642048252352,0.48484848484848453,0.22448979591836737,-70.37228097944309,2.739723227323843e-31
8.979591836734695,0.172359883735326,-1.7581706407802946,0.49494949494949514,0.22448979591836737,-70.5813042564282,2.222946629534347e-31
8.979591836734695,0.19145986458586,-1.6530770767353593,0.5050505050505052,0.22448979591836737,-70.78857808285179,1.806804472134233e-31
8.979591836734695,0.212676400986239,-1.5479835126904273,0.5151515151515149,0.22448979591836737,-70.99612981624263,1.468157284631823e-31
8.979591836734695,0.236244038061438,-1.442889948645492,0.5252525252525251,0.22448979591836737,-71.2068131002366,1.1892522907933072e-31
8.979591836734695,0.262423311946047,-1.3377963846005527,0.5353535353535355,0.22448979591836737,-71.42410739578129,9.569831326057333e-32
8.979591836734695,0.291503629965987,-1.2327028205556183,0.5454545454545455,0.22448979591836737,-71.65177461959762,7.621310649935093e-32
8.979591836734695,0.323806469986239,-1.1276092565106834,0.5555555555555556,0.22448979591836737,-71.89337734722874,5.985534421939974e-32
8.979591836734695,0.359688934292802,-1.0225156924657481,0.5656565656565656,0.22448979591836737,-72.15169279354235,4.622936837589187e-32
8.979591836734695,0.399547697296443,-0.9174221284208132,0.5757575757575757,0.22448979591836737,-72.42810973038351,3.5064819641221165e-32
8.979591836734695,0.443823390699414,-0.8123285643758777,0.5858585858585857,0.22448979591836737,-72.72215772880325,2.6131731443384354e-32
8.979591836734695,0.49300547460239,-0.707235000330941,0.5959595959595959,0.22448979591836737,-73.03134990481075,1.9181728091073142e-32
8.979591836734695,0.547637648400869,-0.6021414362860068,0.606060606060606,0.22448979591836737,-73.35147212808933,1.392709106398192e-32
8.979591836734695,0.608323861287565,-0.49704787224107067,0.6161616161616161,0.22448979591836737,-73.67730760722223,1.005430058200283e-32
8.979591836734695,0.67573498880583,-0.39195430819613525,0.6262626262626262,0.22448979591836737,-74.00360288278901,7.255103744908156e-33
8.979591836734695,0.750616249262273,-0.2868607441511999,0.6363636363636362,0.22448979591836737,-74.32596914219899,5.255835202922734e-33
8.979591836734695,0.833795441985706,-0.18176718010626372,0.6464646464646464,0.22448979591836737,-74.64144865984746,3.833811235098207e-33
8.979591836734695,0.926192098504948,-0.07667361606132911,0.6565656565656565,0.22448979591836737,-74.94863501408737,2.8198200044850773e-33
8.979591836734695,1.02882764781018,0.028419947983610284,0.666666666666667,0.22448979591836737,-75.24741372136893,2.0915268456926177e-33
8.979591836734695,1.142836708073,0.1335135120285407,0.6767676767676766,0.22448979591836737,-75.53849372128454,1.563324037357137e-33
8.979591836734695,1.2694796296533,0.23860707607348014,0.686868686868687,0.22448979591836737,-75.82290678834609,1.1763321857412013e-33
8.979591836734695,1.41015642805352,0.3437006401184105,0.6969696969696967,0.22448979591836737,-76.10159702444456,8.902179526301802e-34
8.979591836734695,1.56642226084696,0.44879420416335164,0.7070707070707073,0.22448979591836737,-76.3751542381599,6.7716103460423455e-34
8.979591836734695,1.74000461967455,0.5538877682082868,0.7171717171717173,0.22448979591836737,-76.64369285310458,5.176868354566719e-34
8.979591836734695,1.93282242736499,0.6589813322532224,0.7272727272727274,0.22448979591836737,-76.9068493599302,3.97905280336171e-34
8.979591836734695,2.14700725129329,0.7640748962981553,0.7373737373737373,0.22448979591836737,-77.16386127447231,3.0772362949344295e-34
8.979591836734695,2.38492686748792,0.8691684603430914,0.7474747474747475,0.22448979591836737,-77.41369142464096,2.3969611250605636e-34
8.979591836734695,2.64921143598352,0.9742620243880249,0.7575757575757573,0.22448979591836737,-77.65516733023844,1.882735611250673e-34
8.979591836734695,2.94278257678333,1.0793555884329629,0.7676767676767676,0.22448979591836737,-77.8871131382903,1.4929888099325791e-34
8.979591836734695,3.26888566786082,1.184449152477898,0.7777777777777777,0.22448979591836737,-78.10845938849884,1.1965396585688756e-34
8.979591836734695,3.63112572224959,1.289542716522833,0.7878787878787878,0.22448979591836737,-78.31832297148564,9.700285162818768e-35
8.979591836734695,4.0335072408363,1.3946362805677694,0.797979797979798,0.22448979591836737,-78.51605550184496,7.959950274754479e-35
8.979591836734695,4.48047848142245,1.4997298446127043,0.808080808080808,0.22448979591836737,-78.70126265416096,6.614178488282207e-35
8.979591836734695,4.97698063344183,1.6048234086576407,0.8181818181818182,0.22448979591836737,-78.87379971006656,5.56601047311421e-35
8.979591836734695,5.52850244195146,1.7099169727025751,0.8282828282828283,0.22448979591836737,-79.03374976615869,4.7432781459161823e-35
8.979591836734695,6.14114088475497,1.8150105367475111,0.8383838383838383,0.22448979591836737,-79.1813910592503,4.0922183035961624e-35
8.979591836734695,6.8216685734332,1.9201041007924453,0.8484848484848483,0.22448979591836737,-79.31715906752484,3.5726913355228865e-35
8.979591836734695,7.57760862338904,2.0251976648373815,0.8585858585858586,0.22448979591836737,-79.44160782939211,3.154627509267444e-35
8.979591836734695,8.41731782058148,2.1302912288823177,0.8686868686868686,0.22448979591836737,-79.55537360079336,2.815400863163797e-35
8.979591836734695,9.35007900434302,2.2353847929272526,0.8787878787878787,0.22448979591836737,-79.65914276008446,2.537896262423245e-35
8.979591836734695,10.3862036875563,2.3404783569721936,0.8888888888888893,0.22448979591836737,-79.75362488213564,2.3090896885746782e-35
8.979591836734695,11.5371460486378,2.445571921017128,0.8989898989898993,0.22448979591836737,-79.83953117625154,2.1190059316273085e-35
8.979591836734695,12.8156295554912,2.550665485062058,0.909090909090909,0.22448979591836737,-79.91755800081147,1.9599525308207387e-35
8.979591836734695,14.2357876212352,2.6557590491069942,0.919191919191919,0.22448979591836737,-79.98837488913843,1.8259554159794968e-35
8.979591836734695,15.8133198466305,2.7608526131519304,0.9292929292929293,0.22448979591836737,-80.0526163953564,1.7123417179963964e-35
8.979591836734695,17.5656655764397,2.865946177196865,0.9393939393939392,0.22448979591836737,-80.1108770478281,1.615430051464667e-35
8.979591836734695,19.5121966883548,2.9710397412417997,0.9494949494949493,0.22448979591836737,-80.16370874129807,1.5322994466736055e-35
8.979591836734695,21.6744317457404,3.0761333052867346,0.9595959595959593,0.22448979591836737,-80.21161997702619,1.4606160193082286e-35
8.979591836734695,24.0762738816144,3.1812268693316703,0.9696969696969694,0.22448979591836737,-80.25507645211195,1.3985021942758714e-35
8.979591836734695,26.744275043632,3.2863204333766105,0.97979797979798,0.22448979591836737,-80.2945025915542,1.3444374371791604e-35
8.979591836734695,29.707929521255,3.3914139974215445,0.98989898989899,0.22448979591836737,-80.33028370171814,1.2971824329467645e-35
8.979591836734695,33.0,3.4965075614664802,1.0,0.22448979591836737,-80.36276849807903,1.2557208080001184e-35
9.795918367346939,0.001,-6.907755278982137,0.0,0.24489795918367346,-62.10184356831996,1.070316011284473e-27
9.795918367346939,0.001110814537795,-6.802661714937222,0.010101010101008117,0.24489795918367346,-62.304707139649814,8.737948740020938e-28
9.795918367346939,0.0012339089373767,-6.697568150892323,0.020202020202014698,0.24489795918367346,-62.503765555100806,7.160766646201834e-28
9.795918367346939,0.0013706439859533,-6.592474586847349,0.030303030303028534,0.24489795918367346,-62.698668910558546,5.892696444178454e-28
9.795918367346939,0.0015225312657382,-6.487381022802441,0.04040404040403597,0.24489795918367346,-62.88918789970517,4.87049076017949e-28
9.795918367346939,0.0016912498642295,-6.382287458757476,0.05050505050504887,0.24489795918367346,-63.07523982682948,4.043629893256609e-28
9.795918367346939,0.00187866493623,-6.277193894712534,0.06060606060605963,0.24489795918367346,-63.256905444120314,3.3719026166076022e-28
9.795918367346939,0.00208684832281,-6.172100330667619,0.07070707070706775,0.24489795918367346,-63.43443575751103,2.823414156151676e-28
9.795918367346939,0.0023181014551505,-6.067006766622687,0.08080808080807748,0.24489795918367346,-63.60824884823388,2.372949641074281e-28
9.795918367346939,0.002574980796465,-5.961913202577741,0.0909090909090886,0.24489795918367346,-63.778917434838085,2.0006360779978607e-28
9.795918367346939,0.0028603261032564,-5.856819638532781,0.10101010101010106,0.24489795918367346,-63.94714829405961,1.6908549858168781e-28
9.795918367346939,0.0031772918183317,-5.751726074487876,0.11111111111110823,0.24489795918367346,-64.11375478723052,1.4313639725167672e-28
9.795918367346939,0.0035293819426201,-5.646632510442922,0.1212121212121201,0.24489795918367346,-64.27962368185297,1.2125904293798434e-28
9.795918367346939,0.0039204887712936,-5.541538946397998,0.13131313131312908,0.24489795918367346,-64.44567733187968,1.0270650532746209e-28
9.795918367346939,0.0043549359224151,-5.436445382353058,0.14141414141413966,0.24489795918367346,-64.61283221104337,8.689674535237771e-29
9.795918367346939,0.0048375261337845,-5.331351818308116,0.15151515151515035,0.24489795918367346,-64.78195489182018,7.337607273955055e-29
9.795918367346939,0.0053735943563712,-5.2262582542631755,0.16161616161616094,0.24489795918367346,-64.95381690106409,6.178965086798513e-29
9.795918367346939,0.0059690667312704,-5.121164690218244,0.17171717171717069,0.24489795918367346,-65.12905047564705,5.18576421901493e-29
9.795918367346939,0.0066305261021638,-5.016071126173304,0.18181818181818118,0.24489795918367346,-65.30810802257655,4.3355985488372874e-29
9.795918367346939,0.0073652847875129,-4.910977562128371,0.19191919191919102,0.24489795918367346,-65.49122890128488,3.610111995480739e-29
9.795918367346939,0.0081814654169699,-4.80588399808343,0.20202020202020168,0.24489795918367346,-65.67841774595188,2.993819362094229e-29
9.795918367346939,0.0090880907256374,-4.700790434038493,0.21212121212121193,0.24489795918367346,-65.86943863183122,2.4732400817306944e-29
9.795918367346939,0.0100951832988382,-4.595696869993551,0.22222222222222263,0.24489795918367346,-66.06382867485868,2.0363093392961483e-29
9.795918367346939,0.0112138763700549,-4.490603305948624,0.23232323232323193,0.24489795918367346,-66.26093296806128,1.6720237661500122e-29
9.795918367346939,0.0124565368968931,-4.385509741903686,0.24242424242424226,0.24489795918367346,-66.45996015443733,1.3702696460260952e-29
9.795918367346939,0.013836902275649,-4.280416177858747,0.2525252525252527,0.24489795918367346,-66.66005475443018,1.12177577421099e-29
9.795918367346939,0.0153702322058399,-4.175322613813814,0.26262626262626254,0.24489795918367346,-66.8603792076601,9.181343844066905e-30
9.795918367346939,0.0170734773835322,-4.07022904976888,0.2727272727272725,0.24489795918367346,-67.06019617601659,7.51842454339348e-30
9.795918367346939,0.0189654668883421,-3.9651354857239447,0.2828282828282826,0.24489795918367346,-67.25894061703603,6.1632989177114635e-30
9.795918367346939,0.0210671163356406,-3.8600419216790063,0.292929292929293,0.24489795918367346,-67.45627179694443,5.059567436952723e-30
9.795918367346939,0.0234016590950486,-3.7549483576340705,0.3030303030303031,0.24489795918367346,-67.6520976858597,4.1597505309845924e-30
9.795918367346939,0.0259949031313031,-3.649854793589135,0.3131313131313132,0.24489795918367346,-67.84656761979468,3.4246016898828256e-30
9.795918367346939,0.0288755163068248,-3.5447612295442013,0.32323232323232315,0.24489795918367346,-68.04003310969374,2.8222083466296403e-30
9.795918367346939,0.0320753432999582,-3.4396676654992664,0.33333333333333315,0.24489795918367346,-68.23298066221207,2.3269819502038428e-30
9.795918367346939,0.0356297576423598,-3.3345741014543298,0.34343434343434337,0.24489795918367346,-68.42594408252701,1.9186248534994126e-30
9.795918367346939,0.0395780527672466,-3.229480537409394,0.3535353535353535,0.24489795918367346,-68.6194067822486,1.581139844599619e-30
9.795918367346939,0.0439638763914761,-3.1243869733644574,0.3636363636363637,0.24489795918367346,-68.81370699268278,1.3019274198876466e-30
9.795918367346939,0.048835713033475,-3.019293409319523,0.3737373737373737,0.24489795918367346,-69.00896021915965,1.0709997635190619e-30
9.795918367346939,0.0542474200011699,-2.914199845274587,0.3838383838383838,0.24489795918367346,-69.20501324447174,8.803282280334504e-31
9.795918367346939,0.060258822775172,-2.8091062812296523,0.3939393939393938,0.24489795918367346,-69.40144181594727,7.233305087148374e-31
9.795918367346939,0.0669363763690749,-2.7040127171847166,0.404040404040404,0.24489795918367346,-69.59759932559858,5.944928821381581e-31
9.795918367346939,0.0743538999780876,-2.5989191531397813,0.4141414141414141,0.24489795918367346,-69.79271645622997,4.891120540318417e-31
9.795918367346939,0.0825933930374168,-2.493825589094845,0.42424242424242425,0.24489795918367346,-69.98604303258837,4.0313239687348e-31
9.795918367346939,0.0917459417117808,-2.38873202504991,0.4343434343434343,0.24489795918367346,-70.17701515377432,3.3305009530893175e-31
9.795918367346939,0.101912725837141,-2.283638461004973,0.44444444444444453,0.24489795918367346,-70.36542522677492,2.7585706248766265e-31
9.795918367346939,0.113206137446215,-2.1785448969600347,0.4545454545454549,0.24489795918367346,-70.55157107515541,2.290034327572225e-31
9.795918367346939,0.125751023242877,-2.0734513329151003,0.46464646464646486,0.24489795918367346,-70.73636258645809,1.9036541888249752e-31
9.795918367346939,0.139686064760787,-1.9683577688701692,0.47474747474747453,0.24489795918367346,-70.92136857218483,1.582125681105131e-31
9.795918367346939,0.155165311463659,-1.8632642048252352,0.48484848484848453,0.24489795918367346,-71.10879025733685,1.3117309822471616e-31
9.795918367346939,0.172359883735326,-1.7581706407802946,0.49494949494949514,0.24489795918367346,-71.30134966904149,1.081975150369669e-31
9.795918367346939,0.19145986458586,-1.6530770767353593,0.5050505050505052,0.24489795918367346,-71.50208217974357,8.851976753590537e-32
9.795918367346939,0.212676400986239,-1.5479835126904273,0.5151515151515149,0.24489795918367346,-71.71402679173609,7.161333338333877e-32
9.795918367346939,0.236244038061438,-1.442889948645492,0.5252525252525251,0.24489795918367346,-71.93982201602643,5.713895183199418e-32
9.795918367346939,0.262423311946047,-1.3377963846005527,0.5353535353535355,0.24489795918367346,-72.18124497754569,4.4883178964928605e-32
9.795918367346939,0.291503629965987,-1.2327028205556183,0.5454545454545455,0.24489795918367346,-72.43877481636304,3.469283746174471e-32
9.795918367346939,0.323806469986239,-1.1276092565106834,0.5555555555555556,0.24489795918367346,-72.711302306077,2.641694770549497e-32
9.795918367346939,0.359688934292802,-1.0225156924657481,0.5656565656565656,0.24489795918367346,-72.99611530863642,1.9869636453924623e-32
9.795918367346939,0.399547697296443,-0.9174221284208132,0.5757575757575757,0.24489795918367346,-73.28923528264755,1.4821410431500064e-32
9.795918367346939,0.443823390699414,-0.8123285643758777,0.5858585858585857,0.24489795918367346,-73.58606507620172,1.1014834912244646e-32
9.795918367346939,0.49300547460239,-0.707235000330941,0.5959595959595959,0.24489795918367346,-73.88218168752972,8.191740424017191e-33
9.795918367346939,0.547637648400869,-0.6021414362860068,0.606060606060606,0.24489795918367346,-74.17404285004756,6.1181833777288327e-33
9.795918367346939,0.608323861287565,-0.49704787224107067,0.6161616161616161,0.24489795918367346,-74.4594153573266,4.5992475382665675e-33
9.795918367346939,0.67573498880583,-0.39195430819613525,0.6262626262626262,0.24489795918367346,-74.73745095837283,3.482871546008809e-33
9.795918367346939,0.750616249262273,-0.2868607441511999,0.6363636363636362,0.24489795918367346,-75.00846188425463,2.656066275821424e-33
9.795918367346939,0.833795441985706,-0.18176718010626372,0.6464646464646464,0.24489795918367346,-75.27352240450294,2.037626528945227e-33
9.795918367346939,0.926192098504948,-0.07667361606132911,0.6565656565656565,0.24489795918367346,-75.53403042988661,1.5703172027434845e-33
9.795918367346939,1.02882764781018,0.028419947983610284,0.666666666666667,0.24489795918367346,-75.79132688048921,1.2140734439733681e-33
9.795918367346939,1.142836708073,0.1335135120285407,0.6767676767676766,0.24489795918367346,-76.04642238661079,9.407156930735709e-34
9.795918367346939,1.2694796296533,0.23860707607348014,0.686868686868687,0.24489795918367346,-76.29984194103143,7.301291284259012e-34
9.795918367346939,1.41015642805352,0.3437006401184105,0.6969696969696967,0.24489795918367346,-76.55157476122875,5.67640665042054e-34
9.795918367346939,1.56642226084696,0.44879420416335164,0.7070707070707073,0.24489795918367346,-76.80110628568873,4.4228614615254155e-34
9.795918367346939,1.74000461967455,0.5538877682082868,0.7171717171717173,0.24489795918367346,-77.04750685145451,3.4569486618692793e-34
9.795918367346939,1.93282242736499,0.6589813322532224,0.7272727272727274,0.24489795918367346,-77.28955312424107,2.713773325720784e-34
9.795918367346939,2.14700725129329,0.7640748962981553,0.7373737373737373,0.24489795918367346,-77.52586154898226,2.1426247856736735e-34
9.795918367346939,2.38492686748792,0.8691684603430914,0.7474747474747475,0.24489795918367346,-77.7550170546623,1.7038256534725575e-34
9.795918367346939,2.64921143598352,0.9742620243880249,0.7575757575757573,0.24489795918367346,-77.97568465719625,1.366439572267347e-34
9.795918367346939,2.94278257678333,1.0793555884329629,0.7676767676767676,0.24489795918367346,-78.18669620216691,1.1064945550615272e-34
9.795918367346939,3.26888566786082,1.184449152477898,0.7777777777777777,0.24489795918367346,-78.3871089098288,9.055473168958627e-35
9.795918367346939,3.63112572224959,1.289542716522833,0.7878787878787878,0.24489795918367346,-78.57623620228087,7.495044377697878e-35
9.795918367346939,4.0335072408363,1.3946362805677694,0.797979797979798,0.24489795918367346,-78.75365415592982,6.276572798945013e-35
9.795918367346939,4.48047848142245,1.4997298446127043,0.808080808080808,0.24489795918367346,-78.91918866194844,5.319022749853017e-35
9.795918367346939,4.97698063344183,1.6048234086576407,0.8181818181818182,0.24489795918367346,-79.07288903480371,4.561215841927254e-35
9.795918367346939,5.52850244195146,1.7099169727025751,0.8282828282828283,0.24489795918367346,-79.21499359197584,3.9569940661365977e-35
9.795918367346939,6.14114088475497,1.8150105367475111,0.8383838383838383,0.24489795918367346,-79.34589192879747,3.471498433600319e-35
9.795918367346939,6.8216685734332,1.9201041007924453,0.8484848484848483,0.24489795918367346,-79.46608752548421,3.078340734653846e-35
9.795918367346939,7.57760862338904,2.0251976648373815,0.8585858585858586,0.24489795918367346,-79.57616318940327,2.757474060989033e-35
9.795918367346939,8.41731782058148,2.1302912288823177,0.8686868686868686,0.24489795918367346,-79.67675081617631,2.493599972930226e-35
9.795918367346939,9.35007900434302,2.2353847929272526,0.8787878787878787,0.24489795918367346,-79.76850613272204,2.2749819585631595e-35
9.795918367346939,10.3862036875563,2.3404783569721936,0.8888888888888893,0.24489795918367346,-79.85208848724729,2.092563286867724e-35
9.795918367346939,11.5371460486378,2.445571921017128,0.8989898989898993,0.24489795918367346,-79.92814535923699,1.939311271893147e-35
9.795918367346939,12.8156295554912,2.550665485062058,0.909090909090909,0.24489795918367346,-79.99730104001866,1.8097291890476238e-35
9.795918367346939,14.2357876212352,2.6557590491069942,0.919191919191919,0.24489795918367346,-80.06014883868603,1.6994920564731942e-35
9.795918367346939,15.8133198466305,2.7608526131519304,0.9292929292929293,0.24489795918367346,-80.11724615891949,1.605173893980271e-35
9.795918367346939,17.5656655764397,2.865946177196865,0.9393939393939392,0.24489795918367346,-80.16911183633361,1.5240426134547006e-35
9.795918367346939,19.5121966883548,2.9710397412417997,0.9494949494949493,0.24489795918367346,-80.21622519839889,1.4539050238692145e-35
9.795918367346939,21.6744317457404,3.0761333052867346,0.9595959595959593,0.24489795918367346,-80.25902639231956,1.3929890896131317e-35
9.795918367346939,24.0762738816144,3.1812268693316703,0.9696969696969694,0.24489795918367346,-80.29791760937935,1.3398539900976175e-35
9.795918367346939,26.744275043632,3.2863204333766105,0.97979797979798,0.24489795918367346,-80.3332649107716,1.2933210196337326e-35
9.795918367346939,29.707929521255,3.3914139974215445,0.98989898989899,0.24489795918367346,-80.36540042670046,1.2524201858712448e-35
9.795918367346939,33.0,3.4965075614664802,1.0,0.24489795918367346,-80.39462475660356,1.2163486949927702e-35
10.612244897959183,0.001,-6.907755278982137,0.0,0.26530612244897955,-63.725501282916575,2.110408057387075e-28
10.612244897959183,0.001110814537795,-6.802661714937222,0.010101010101008117,0.26530612244897955,-63.8779812810618,1.8119458494621979e-28
10.612244897959183,0.0012339089373767,-6.697568150892323,0.020202020202014698,0.26530612244897955,-64.02857861525497,1.5586249473865787e-28
10.612244897959183,0.0013706439859533,-6.592474586847349,0.030303030303028534,0.26530612244897955,-64.17794527355528,1.3423708347265828e-28
10.612244897959183,0.0015225312657382,-6.487381022802441,0.04040404040403597,0.26530612244897955,-64.32675699170782,1.1567630289193424e-28
10.612244897959183,0.0016912498642295,-6.382287458757476,0.05050505050504887,0.26530612244897955,-64.47568857718366,9.966994853624053e-29
10.612244897959183,0.00187866493623,-6.277193894712534,0.06060606060605963,0.26530612244897955,-64.62538876612781,8.581244337795932e-29
10.612244897959183,0.00208684832281,-6.172100330667619,0.07070707070706775,0.26530612244897955,-64.77645527179192,7.37807249555806e-29
10.612244897959183,0.0023181014551505,-6.067006766622687,0.08080808080807748,0.26530612244897955,-64.92941079376622,6.33162491003015e-29
10.612244897959183,0.002574980796465,-5.961913202577741,0.0909090909090886,0.26530612244897955,-65.08468093499295,5.421035028209208e-29
10.612244897959183,0.0028603261032564,-5.856819638532781,0.10101010101010106,0.26530612244897955,-65.24257518227343,4.629239105619703e-29
10.612244897959183,0.0031772918183317,-5.751726074487876,0.11111111111110823,0.26530612244897955,-65.403272291482,3.9420283691576196e-29
10.612244897959183,0.0035293819426201,-5.646632510442922,0.1212121212121201,0.26530612244897955,-65.56681151419103,3.347307136173834e-29
10.612244897959183,0.0039204887712936,-5.541538946397998,0.13131313131312908,0.26530612244897955,-65.73309103902517,2.83453147168472e-29
10.612244897959183,0.0043549359224151,-5.436445382353058,0.14141414141413966,0.26530612244897955,-65.90187474260654,2.3943048883344125e-29
10.612244897959183,0.0048375261337845,-5.331351818308116,0.15151515151515035,0.26530612244897955,-66.07280782488256,2.0181068559559233e-29
10.612244897959183,0.0053735943563712,-5.2262582542631755,0.16161616161616094,0.26530612244897955,-66.24544116016862,1.6981281168437553e-29
10.612244897959183,0.0059690667312704,-5.121164690218244,0.17171717171717069,0.26530612244897955,-66.41926329887099,1.427185606921464e-29
10.612244897959183,0.0066305261021638,-5.016071126173304,0.18181818181818118,0.26530612244897955,-66.59373812333841,1.1986903352301223e-29
10.612244897959183,0.0073652847875129,-4.910977562128371,0.19191919191919102,0.26530612244897955,-66.76834534010622,1.0066443330101983e-29
10.612244897959183,0.0081814654169699,-4.80588399808343,0.20202020202020168,0.26530612244897955,-66.94262042226093,8.456474555516278e-30
10.612244897959183,0.0090880907256374,-4.700790434038493,0.21212121212121193,0.26530612244897955,-67.11619040506734,7.109005671609963e-30
10.612244897959183,0.0100951832988382,-4.595696869993551,0.22222222222222263,0.26530612244897955,-67.28880212787811,5.981974287837022e-30
10.612244897959183,0.0112138763700549,-4.490603305948624,0.23232323232323193,0.26530612244897955,-67.46034007729996,5.0390255116294195e-30
10.612244897959183,0.0124565368968931,-4.385509741903686,0.24242424242424226,0.26530612244897955,-67.63083183441272,4.249158466333559e-30
10.612244897959183,0.013836902275649,-4.280416177858747,0.2525252525252527,0.26530612244897955,-67.80044014849669,3.586269914541861e-30
10.612244897959183,0.0153702322058399,-4.175322613813814,0.26262626262626254,0.26530612244897955,-67.96944174535376,3.028632036479727e-30
10.612244897959183,0.0170734773835322,-4.07022904976888,0.2727272727272725,0.26530612244897955,-68.13819406066098,2.558340303151651e-30
10.612244897959183,0.0189654668883421,-3.9651354857239447,0.2828282828282826,0.26530612244897955,-68.30709214490248,2.160761368315334e-30
10.612244897959183,0.0210671163356406,-3.8600419216790063,0.292929292929293,0.26530612244897955,-68.47651902499628,1.8240034166706652e-30
10.612244897959183,0.0234016590950486,-3.7549483576340705,0.3030303030303031,0.26530612244897955,-68.64679383268117,1.5384246789765547e-30
10.612244897959183,0.0259949031313031,-3.649854793589135,0.3131313131313132,0.26530612244897955,-68.81812297233196,1.2961908105940656e-30
10.612244897959183,0.0288755163068248,-3.5447612295442013,0.32323232323232315,0.26530612244897955,-68.99056035869347,1.0908884228920808e-30
10.612244897959183,0.0320753432999582,-3.4396676654992664,0.33333333333333315,0.26530612244897955,-69.16398306098584,9.171995018082031e-31
10.612244897959183,0.0356297576423598,-3.3345741014543298,0.34343434343434337,0.26530612244897955,-69.33808823346774,7.706388416414025e-31
10.612244897959183,0.0395780527672466,-3.229480537409394,0.3535353535353535,0.26530612244897955,-69.51241572205363,6.47353392281631e-31
10.612244897959183,0.0439638763914761,-3.1243869733644574,0.3636363636363637,0.26530612244897955,-69.68639812178616,5.439786213078993e-31
10.612244897959183,0.048835713033475,-3.019293409319523,0.3737373737373737,0.26530612244897955,-69.85943654007846,4.575433016834223e-31
10.612244897959183,0.0542474200011699,-2.914199845274587,0.3838383838383838,0.26530612244897955,-70.03099645791104,3.854115062549191e-31
10.612244897959183,0.060258822775172,-2.8091062812296523,0.3939393939393938,0.26530612244897955,-70.20071465893027,3.2524976987940517e-31
10.612244897959183,0.0669363763690749,-2.7040127171847166,0.404040404040404,0.26530612244897955,-70.36850594830479,2.7500853141117477e-31
10.612244897959183,0.0743538999780876,-2.5989191531397813,0.4141414141414141,0.26530612244897955,-70.53465767370605,2.329095999182924e-31
10.612244897959183,0.0825933930374168,-2.493825589094845,0.42424242424242425,0.26530612244897955,-70.69990067795979,1.974346001148582e-31
10.612244897959183,0.0917459417117808,-2.38873202504991,0.4343434343434343,0.26530612244897955,-70.86544651443346,1.673122043740445e-31
10.612244897959183,0.101912725837141,-2.283638461004973,0.44444444444444453,0.26530612244897955,-71.03298161190709,1.415037837341452e-31
10.612244897959183,0.113206137446215,-2.1785448969600347,0.4545454545454549,0.26530612244897955,-71.20460903310659,1.1918763734415917e-31
10.612244897959183,0.125751023242877,-2.0734513329151003,0.46464646464646486,0.26530612244897955,-71.38272798932088,9.97413244926241e-32
10.612244897959183,0.139686064760787,-1.9683577688701692,0.47474747474747453,0.26530612244897955,-71.5698423089693,8.272035975619096e-32
10.612244897959183,0.155165311463659,-1.8632642048252352,0.48484848484848453,0.26530612244897955,-71.76829506359783,6.783057182611089e-32
10.612244897959183,0.172359883735326,-1.7581706407802946,0.49494949494949514,0.26530612244897955,-71.97994144504376,5.489194540182873e-32
10.612244897959183,0.19145986458586,-1.6530770767353593,0.5050505050505052,0.26530612244897955,-72.2057974838729,4.3794602751176423e-32
10.612244897959183,0.212676400986239,-1.5479835126904273,0.5151515151515149,0.26530612244897955,-72.44573376039004,3.4452250035833555e-32
10.612244897959183,0.236244038061438,-1.442889948645492,0.5252525252525251,0.26530612244897955,-72.69830696959757,2.676248515458147e-32
10.612244897959183,0.262423311946047,-1.3377963846005527,0.5353535353535355,0.26530612244897955,-72.96081745941397,2.0583516989964383e-32
10.612244897959183,0.291503629965987,-1.2327028205556183,0.5454545454545455,0.26530612244897955,-73.22963256689107,1.5731664083584472e-32
10.612244897959183,0.323806469986239,-1.1276092565106834,0.5555555555555556,0.26530612244897955,-73.50073105657059,1.1996045001232924e-32
10.612244897959183,0.359688934292802,-1.0225156924657481,0.5656565656565656,0.26530612244897955,-73.77033907410446,9.161125063765708e-33
10.612244897959183,0.399547697296443,-0.9174221284208132,0.5757575757575757,0.26530612244897955,-74.03548910587692,7.02741524273341e-33
10.612244897959183,0.443823390699414,-0.8123285643758777,0.5858585858585857,0.26530612244897955,-74.29436407058073,5.424599100783346e-33
10.612244897959183,0.49300547460239,-0.707235000330941,0.5959595959595959,0.26530612244897955,-74.54637082235051,4.216212640224185e-33
10.612244897959183,0.547637648400869,-0.6021414362860068,0.606060606060606,0.26530612244897955,-74.79197575738704,3.29805305627312e-33
10.612244897959183,0.608323861287565,-0.49704787224107067,0.6161616161616161,0.26530612244897955,-75.0323905912674,2.5932644242316194e-33
10.612244897959183,0.67573498880583,-0.39195430819613525,0.6262626262626262,0.26530612244897955,-75.26920697491013,2.0464387633801565e-33
10.612244897959183,0.750616249262273,-0.2868607441511999,0.6363636363636362,0.26530612244897955,-75.50405722613797,1.618097121794092e-33
10.612244897959183,0.833795441985706,-0.18176718010626372,0.6464646464646464,0.26530612244897955,-75.73834584842572,1.280130749008609e-33
10.612244897959183,0.926192098504948,-0.07667361606132911,0.6565656565656565,0.26530612244897955,-75.97306799151401,1.0123152936067525e-33
10.612244897959183,1.02882764781018,0.028419947983610284,0.666666666666667,0.26530612244897955,-76.20871251001718,7.997913153034792e-34
10.612244897959183,1.142836708073,0.1335135120285407,0.6767676767676766,0.26530612244897955,-76.44523802969138,6.313278616013669e-34
10.612244897959183,1.2694796296533,0.23860707607348014,0.686868686868687,0.26530612244897955,-76.68210711354305,4.981773978834259e-34
10.612244897959183,1.41015642805352,0.3437006401184105,0.6969696969696967,0.26530612244897955,-76.9183631363867,3.93350161518862e-34
10.612244897959183,1.56642226084696,0.44879420416335164,0.7070707070707073,0.26530612244897955,-77.15273499475869,3.111665666929677e-34
10.612244897959183,1.74000461967455,0.5538877682082868,0.7171717171717173,0.26530612244897955,-77.38375565505312,2.4698008176097574e-34
10.612244897959183,1.93282242736499,0.6589813322532224,0.7272727272727274,0.26530612244897955,-77.6098818195126,1.9699562655695357e-34
10.612244897959183,2.14700725129329,0.7640748962981553,0.7373737373737373,0.26530612244897955,-77.82960389128631,1.581366379566541e-34
10.612244897959183,2.38492686748792,0.8691684603430914,0.7474747474747475,0.26530612244897955,-78.0415380214775,1.2793538430055197e-34
10.612244897959183,2.64921143598352,0.9742620243880249,0.7575757575757573,0.26530612244897955,-78.24449513503843,1.0443534927716814e-34
10.612244897959183,2.94278257678333,1.0793555884329629,0.7676767676767676,0.26530612244897955,-78.43752506480358,8.610248587620083e-35
10.612244897959183,3.26888566786082,1.184449152477898,0.7777777777777777,0.26530612244897955,-78.61993682084922,7.174559987221413e-35
10.612244897959183,3.63112572224959,1.289542716522833,0.7878787878787878,0.26530612244897955,-78.79129822246678,6.044688982221271e-35
10.612244897959183,4.0335072408363,1.3946362805677694,0.797979797979798,0.26530612244897955,-78.9514194402537,5.150319824221018e-35
10.612244897959183,4.48047848142245,1.4997298446127043,0.808080808080808,0.26530612244897955,-79.10032544955453,4.437773582240822e-35
10.612244897959183,4.97698063344183,1.6048234086576407,0.8181818181818182,0.26530612244897955,-79.23822214588095,3.8661381273968415e-35
10.612244897959183,5.52850244195146,1.7099169727025751,0.8282828282828283,0.26530612244897955,-79.36546015454813,3.4042276995833595e-35
10.612244897959183,6.14114088475497,1.8150105367475111,0.8383838383838383,0.26530612244897955,-79.48249942111093,3.0282316451234467e-35
10.612244897959183,6.8216685734332,1.9201041007924453,0.8484848484848483,0.26530612244897955,-79.58987669310451,2.7199175346014903e-35
10.612244897959183,7.57760862338904,2.0251976648373815,0.8585858585858586,0.26530612244897955,-79.68817712959014,2.4652694828766215e-35
10.612244897959183,8.41731782058148,2.1302912288823177,0.8686868686868686,0.26530612244897955,-79.77801057215335,2.2534619600910709e-35
10.612244897959183,9.35007900434302,2.2353847929272526,0.8787878787878787,0.26530612244897955,-79.85999249824845,2.0760888365139244e-35
10.612244897959183,10.3862036875563,2.3404783569721936,0.8888888888888893,0.26530612244897955,-79.93472934123973,1.9265848227104967e-35
10.612244897959183,11.5371460486378,2.445571921017128,0.8989898989898993,0.26530612244897955,-80.00280767024505,1.7997910674866928e-35
10.612244897959183,12.8156295554912,2.550665485062058,0.909090909090909,0.26530612244897955,-80.0647866407583,1.6916283978331337e-35
10.612244897959183,14.2357876212352,2.6557590491069942,0.919191919191919,0.26530612244897955,-80.1211931199022,1.5988508219182787e-35
10.612244897959183,15.8133198466305,2.7608526131519304,0.9292929292929293,0.26530612244897955,-80.17251892964767,1.5188588937788993e-35
10.612244897959183,17.5656655764397,2.865946177196865,0.9393939393939392,0.26530612244897955,-80.219219715866,1.4495577920590232e-35
10.612244897959183,19.5121966883548,2.9710397412417997,0.9494949494949493,0.26530612244897955,-80.26171502552366,1.3892488831685492e-35
10.612244897959183,21.6744317457404,3.0761333052867346,0.9595959595959593,0.26530612244897955,-80.30038924890111,1.3365464432378936e-35
10.612244897959183,24.0762738816144,3.1812268693316703,0.9696969696969694,0.26530612244897955,-80.33559315269402,1.2903133580572074e-35
10.612244897959183,26.744275043632,3.2863204333766105,0.97979797979798,0.26530612244897955,-80.36764579038427,1.2496112018445383e-35
10.612244897959183,29.707929521255,3.3914139974215445,0.98989898989899,0.26530612244897955,-80.39683662739412,1.2136612620660357e-35
10.612244897959183,33.0,3.4965075614664802,1.0,0.26530612244897955,-80.42342776045379,1.181813938714012e-35
11.428571428571429,0.001,-6.907755278982137,0.0,0.2857142857142857,-64.95778753858534,6.15447930044356e-29
11.428571428571429,0.001110814537795,-6.802661714937222,0.010101010101008117,0.2857142857142857,-65.09901800647414,5.343867759647293e-29
11.428571428571429,0.0012339089373767,-6.697568150892323,0.020202020202014698,0.2857142857142857,-65.24208689529658,4.631500054738769e-29
11.428571428571429,0.0013706439859533,-6.592474586847349,0.030303030303028534,0.2857142857142857,-65.38707910537128,4.006382007187636e-29
11.428571428571429,0.0015225312657382,-6.487381022802441,0.04040404040403597,0.2857142857142857,-65.5339888177292,3.458997748686708e-29
11.428571428571429,0.0016912498642295,-6.382287458757476,0.05050505050504887,0.2857142857142857,-65.68272207153342,2.980960682651839e-29
11.428571428571429,0.00187866493623,-6.277193894712534,0.06060606060605963,0.2857142857142857,-65.83310359163504,2.564757943572935e-29
11.428571428571429,0.00208684832281,-6.172100330667619,0.07070707070706775,0.2857142857142857,-65.98488781863624,2.2035724366063128e-29
11.428571428571429,0.0023181014551505,-6.067006766622687,0.08080808080807748,0.2857142857142857,-66.13777379847149,1.891166620853234e-29
11.428571428571429,0.002574980796465,-5.961913202577741,0.0909090909090886,0.2857142857142857,-66.29142327770963,1.621812610499882e-29
11.428571428571429,0.0028603261032564,-5.856819638532781,0.10101010101010106,0.2857142857142857,-66.44548106139851,1.3902542379657018e-29
11.428571428571429,0.0031772918183317,-5.751726074487876,0.11111111111110823,0.2857142857142857,-66.59959645972641,1.1916885335014249e-29
11.428571428571429,0.0035293819426201,-5.646632510442922,0.1212121212121201,0.2857142857142857,-66.75344450896907,1.0217564824071841e-29
11.428571428571429,0.0039204887712936,-5.541538946397998,0.13131313131312908,0.2857142857142857,-66.90674561946108,8.765356321909442e-30
11.428571428571429,0.0043549359224151,-5.436445382353058,0.14141414141413966,0.2857142857142857,-67.05928238095585,7.525297982584878e-30
11.428571428571429,0.0048375261337845,-5.331351818308116,0.15151515151515035,0.2857142857142857,-67.21091243003606,6.466534634098654e-30
11.428571428571429,0.0053735943563712,-5.2262582542631755,0.16161616161616094,0.2857142857142857,-67.36157652939829,5.5621029236003595e-30
11.428571428571429,0.0059690667312704,-5.121164690218244,0.17171717171717069,0.2857142857142857,-67.51130129338436,4.788664183516215e-30
11.428571428571429,0.0066305261021638,-5.016071126173304,0.18181818181818118,0.2857142857142857,-67.66019628857863,4.12619841005591e-30
11.428571428571429,0.0073652847875129,-4.910977562128371,0.19191919191919102,0.2857142857142857,-67.80844552189993,3.557675093571282e-30
11.428571428571429,0.0081814654169699,-4.80588399808343,0.20202020202020168,0.2857142857142857,-67.95629359385731,3.068715886133696e-30
11.428571428571429,0.0090880907256374,-4.700790434038493,0.21212121212121193,0.2857142857142857,-68.10402704811086,2.6472615854028093e-30
11.428571428571429,0.0100951832988382,-4.595696869993551,0.22222222222222263,0.2857142857142857,-68.25195170803003,2.283252774610932e-30
11.428571428571429,0.0112138763700549,-4.490603305948624,0.23232323232323193,0.2857142857142857,-68.40036707899527,1.9683304789467438e-30
11.428571428571429,0.0124565368968931,-4.385509741903686,0.24242424242424226,0.2857142857142857,-68.54953922901053,1.69556083262563e-30
11.428571428571429,0.013836902275649,-4.280416177858747,0.2525252525252527,0.2857142857142857,-68.69967394030296,1.4591861510618793e-30
11.428571428571429,0.0153702322058399,-4.175322613813814,0.26262626262626254,0.2857142857142857,-68.85089232347316,1.2544038832949952e-30
11.428571428571429,0.0170734773835322,-4.07022904976888,0.2727272727272725,0.2857142857142857,-69.00321144030198,1.0771744357233815e-30
11.428571428571429,0.0189654668883421,-3.9651354857239447,0.2828282828282826,0.2857142857142857,-69.15653269330944,9.240584946110461e-31
11.428571428571429,0.0210671163356406,-3.8600419216790063,0.292929292929293,0.2857142857142857,-69.3106406894867,7.920839465504475e-31
11.428571428571429,0.0234016590950486,-3.7549483576340705,0.3030303030303031,0.2857142857142857,-69.46521485833428,6.786416388970503e-31
11.428571428571429,0.0259949031313031,-3.649854793589135,0.3131313131313132,0.2857142857142857,-69.61985523253152,5.814080513685369e-31
11.428571428571429,0.0288755163068248,-3.5447612295442013,0.32323232323232315,0.2857142857142857,-69.77412250229149,4.9829165913805535e-31
11.428571428571429,0.0320753432999582,-3.4396676654992664,0.33333333333333315,0.2857142857142857,-69.92759086209215,4.273986596014688e-31
11.428571428571429,0.0356297576423598,-3.3345741014543298,0.34343434343434337,0.2857142857142857,-70.07991051182212,3.670131054101304e-31
11.428571428571429,0.0395780527672466,-3.229480537409394,0.3535353535353535,0.2857142857142857,-70.23087522905159,3.1558650863460498e-31
11.428571428571429,0.0439638763914761,-3.1243869733644574,0.3636363636363637,0.2857142857142857,-70.38048942443372,2.7173264072110707e-31
11.428571428571429,0.048835713033475,-3.019293409319523,0.3737373737373737,0.2857142857142857,-70.52902861518187,2.3422435864232536e-31
11.428571428571429,0.0542474200011699,-2.914199845274587,0.3838383838383838,0.2857142857142857,-70.67708718945198,2.0199054297534636e-31
11.428571428571429,0.060258822775172,-2.8091062812296523,0.3939393939393938,0.2857142857142857,-70.82560739507922,1.7411233140871348e-31
11.428571428571429,0.0669363763690749,-2.7040127171847166,0.404040404040404,0.2857142857142857,-70.97588331498659,1.49818528819347e-31
11.428571428571429,0.0743538999780876,-2.5989191531397813,0.4141414141414141,0.2857142857142857,-71.12953297987309,1.2848023624050014e-31
11.428571428571429,0.0825933930374168,-2.493825589094845,0.42424242424242425,0.2857142857142857,-71.28843092140896,1.0960435919440562e-31
11.428571428571429,0.0917459417117808,-2.38873202504991,0.4343434343434343,0.2857142857142857,-71.45459327089743,9.282488840983709e-32
11.428571428571429,0.101912725837141,-2.283638461004973,0.44444444444444453,0.2857142857142857,-71.6300096613578,7.789006484453053e-32
11.428571428571429,0.113206137446215,-2.1785448969600347,0.4545454545454549,0.2857142857142857,-71.81642298319814,6.464334012510687e-32
11.428571428571429,0.125751023242877,-2.0734513329151003,0.46464646464646486,0.2857142857142857,-72.01507140722657,5.299707172621236e-32
11.428571428571429,0.139686064760787,-1.9683577688701692,0.47474747474747453,0.2857142857142857,-72.22642673734794,4.2900407788814787e-32
11.428571428571429,0.155165311463659,-1.8632642048252352,0.48484848484848453,0.2857142857142857,-72.44998427896009,3.4306120889609615e-32
11.428571428571429,0.172359883735326,-1.7581706407802946,0.49494949494949514,0.2857142857142857,-72.68417169486511,2.7143466529456585e-32
11.428571428571429,0.19145986458586,-1.6530770767353593,0.5050505050505052,0.2857142857142857,-72.92643497224974,2.1303536601329668e-32
11.428571428571429,0.212676400986239,-1.5479835126904273,0.5151515151515149,0.2857142857142857,-73.17352147544631,1.6639619912864252e-32
11.428571428571429,0.236244038061438,-1.442889948645492,0.5252525252525251,0.2857142857142857,-73.421920800233,1.297970869695231e-32
11.428571428571429,0.262423311946047,-1.3377963846005527,0.5353535353535355,0.2857142857142857,-73.66836787203799,1.0144586330717168e-32
11.428571428571429,0.291503629965987,-1.2327028205556183,0.5454545454545455,0.2857142857142857,-73.91028797390736,7.964706507376812e-33
11.428571428571429,0.323806469986239,-1.1276092565106834,0.5555555555555556,0.2857142857142857,-74.14608399870468,6.291654483695496e-33
11.428571428571429,0.359688934292802,-1.0225156924657481,0.5656565656565656,0.2857142857142857,-74.37522106442053,5.0032465132732185e-33
11.428571428571429,0.399547697296443,-0.9174221284208132,0.5757575757575757,0.2857142857142857,-74.59812477121213,4.003557326770459e-33
11.428571428571429,0.443823390699414,-0.8123285643758777,0.5858585858585857,0.2857142857142857,-74.815951100474,3.2199214612075214e-33
11.428571428571429,0.49300547460239,-0.707235000330941,0.5959595959595959,0.2857142857142857,-75.03029841083189,2.598695680927454e-33
11.428571428571429,0.547637648400869,-0.6021414362860068,0.606060606060606,0.2857142857142857,-75.24292117600591,2.100944263173208e-33
11.428571428571429,0.608323861287565,-0.49704787224107067,0.6161616161616161,0.2857142857142857,-75.45548392446464,1.698633568022574e-33
11.428571428571429,0.67573498880583,-0.39195430819613525,0.6262626262626262,0.2857142857142857,-75.66937329578346,1.3715407912446366e-33
11.428571428571429,0.750616249262273,-0.2868607441511999,0.6363636363636362,0.2857142857142857,-75.88557166426615,1.1048796384278797e-33
11.428571428571429,0.833795441985706,-0.18176718010626372,0.6464646464646464,0.2857142857142857,-76.10458797361052,8.875593338659747e-34
11.428571428571429,0.926192098504948,-0.07667361606132911,0.6565656565656565,0.2857142857142857,-76.32643836696433,7.10966264574216e-34
11.428571428571429,1.02882764781018,0.028419947983610284,0.666666666666667,0.2857142857142857,-76.5506685269526,5.681553136301218e-34
11.428571428571429,1.142836708073,0.1335135120285407,0.6767676767676766,0.2857142857142857,-76.77640962612875,4.533451344766234e-34
11.428571428571429,1.2694796296533,0.23860707607348014,0.686868686868687,0.2857142857142857,-77.00245959493257,3.6162354972637547e-34
11.428571428571429,1.41015642805352,0.3437006401184105,0.6969696969696967,0.2857142857142857,-77.22738094873503,2.887849804893952e-34
11.428571428571429,1.56642226084696,0.44879420416335164,0.7070707070707073,0.2857142857142857,-77.44960601164327,2.3124027839650154e-34
11.428571428571429,1.74000461967455,0.5538877682082868,0.7171717171717173,0.2857142857142857,-77.66754047335608,1.859583779909045e-34
11.428571428571429,1.93282242736499,0.6589813322532224,0.7272727272727274,0.2857142857142857,-77.87965712118285,1.5041621626325706e-34
11.428571428571429,2.14700725129329,0.7640748962981553,0.7373737373737373,0.2857142857142857,-78.0845733436347,1.2254643313327798e-34
11.428571428571429,2.38492686748792,0.8691684603430914,0.7474747474747475,0.2857142857142857,-78.28110837929019,1.006807851286907e-34
11.428571428571429,2.64921143598352,0.9742620243880249,0.7575757575757573,0.2857142857142857,-78.4683188867296,8.349146917394375e-35
11.428571428571429,2.94278257678333,1.0793555884329629,0.7676767676767676,0.2857142857142857,-78.64551380612416,6.993383226520665e-35
11.428571428571429,3.26888566786082,1.184449152477898,0.7777777777777777,0.2857142857142857,-78.81225133041528,5.919351650349742e-35
11.428571428571429,3.63112572224959,1.289542716522833,0.7878787878787878,0.2857142857142857,-78.96832192817392,5.063998185952989e-35
11.428571428571429,4.0335072408363,1.3946362805677694,0.797979797979798,0.2857142857142857,-79.11372175776732,4.378720231146183e-35
11.428571428571429,4.48047848142245,1.4997298446127043,0.808080808080808,0.2857142857142857,-79.24862061076361,3.82614452226549e-35
11.428571428571429,4.97698063344183,1.6048234086576407,0.8181818181818182,0.2857142857142857,-79.37332791617386,3.377549135435443e-35
11.428571428571429,5.52850244195146,1.7099169727025751,0.8282828282828283,0.2857142857142857,-79.48825952804013,3.010838847318087e-35
11.428571428571429,6.14114088475497,1.8150105367475111,0.8383838383838383,0.2857142857142857,-79.59390717499137,2.708977018830379e-35
11.428571428571429,6.8216685734332,1.9201041007924453,0.8484848484848483,0.2857142857142857,-79.69081168706997,2.458783136798271e-35
11.428571428571429,7.57760862338904,2.0251976648373815,0.8585858585858586,0.2857142857142857,-79.77954049462652,2.250016973948721e-35
11.428571428571429,8.41731782058148,2.1302912288823177,0.8686868686868686,0.2857142857142857,-79.86066943575513,2.0746839296839962e-35
11.428571428571429,9.35007900434302,2.2353847929272526,0.8787878787878787,0.2857142857142857,-79.93476860318383,1.9265091827297877e-35
11.428571428571429,10.3862036875563,2.3404783569721936,0.8888888888888893,0.2857142857142857,-80.00239178377898,1.8005397319023266e-35
11.428571428571429,11.5371460486378,2.445571921017128,0.8989898989898993,0.2857142857142857,-80.06406896348588,1.6928428768375e-35
11.428571428571429,12.8156295554912,2.550665485062058,0.909090909090909,0.2857142857142857,-80.12030135828384,1.6002772516378608e-35
11.428571428571429,14.2357876212352,2.6557590491069942,0.919191919191919,0.2857142857142857,-80.1715584627293,1.5203184082955538e-35
11.428571428571429,15.8133198466305,2.7608526131519304,0.9292929292929293,0.2857142857142857,-80.21827666268545,1.4509254469294917e-35
11.428571428571429,17.5656655764397,2.865946177196865,0.9393939393939392,0.2857142857142857,-80.26085902417351,1.390438591211427e-35
11.428571428571429,19.5121966883548,2.9710397412417997,0.9494949494949493,0.2857142857142857,-80.29967593686862,1.3375001580055054e-35
11.428571428571429,21.6744317457404,3.0761333052867346,0.9595959595959593,0.2857142857142857,-80.33506635315203,1.2909932736171303e-35
11.428571428571429,24.0762738816144,3.1812268693316703,0.9696969696969694,0.2857142857142857,-80.36733941897417,1.249994105642923e-35
11.428571428571429,26.744275043632,3.2863204333766105,0.97979797979798,0.2857142857142857,-80.39677633998105,1.2137344327694924e-35
11.428571428571429,29.707929521255,3.3914139974215445,0.98989898989899,0.2857142857142857,-80.42363236540763,1.1815721584632002e-35
11.428571428571429,33.0,3.4965075614664802,1.0,0.2857142857142857,-80.44813880376493,1.1529679582751498e-35
12.244897959183675,0.001,-6.907755278982137,0.0,0.30612244897959184,-66.09956551591709,1.9648230314018067e-29
12.244897959183675,0.001110814537795,-6.802661714937222,0.010101010101008117,0.30612244897959184,-66.23813288251523,1.7105839685843205e-29
12.244897959183675,0.0012339089373767,-6.697568150892323,0.020202020202014698,0.30612244897959184,-66.37672218741506,1.489209600003635e-29
12.244897959183675,0.0013706439859533,-6.592474586847349,0.030303030303028534,0.30612244897959184,-66.51508057314798,1.2967837022312612e-29
12.244897959183675,0.0015225312657382,-6.487381022802441,0.04040404040403597,0.30612244897959184,-66.65297479404988,1.1297460836924763e-29
12.244897959183675,0.0016912498642295,-6.382287458757476,0.05050505050504887,0.30612244897959184,-66.79020236976338,9.848807876154736e-30
12.244897959183675,0.00187866493623,-6.277193894712534,0.06060606060605963,0.30612244897959184,-66.92660105795908,8.593032769736163e-30
12.244897959183675,0.00208684832281,-6.172100330667619,0.07070707070706775,0.30612244897959184,-67.06205623262487,7.504452846239783e-30
12.244897959183675,0.0023181014551505,-6.067006766622687,0.08080808080807748,0.30612244897959184,-67.19650587628676,6.560369407796359e-30
12.244897959183675,0.002574980796465,-5.961913202577741,0.0909090909090886,0.30612244897959184,-67.3299430187996,5.740864283424237e-30
12.244897959183675,0.0028603261032564,-5.856819638532781,0.10101010101010106,0.30612244897959184,-67.46241557034672,5.0285778949458835e-30
12.244897959183675,0.0031772918183317,-5.751726074487876,0.11111111111110823,0.30612244897959184,-67.59402359408669,4.408476635848352e-30
12.244897959183675,0.0035293819426201,-5.646632510442922,0.1212121212121201,0.30612244897959184,-67.72491414123107,3.86761736155245e-30
12.244897959183675,0.0039204887712936,-5.541538946397998,0.13131313131312908,0.30612244897959184,-67.85527382985975,3.3949158014826074e-30
12.244897959183675,0.0043549359224151,-5.436445382353058,0.14141414141413966,0.30612244897959184,-67.98531939455087,2.980924225655854e-30
12.244897959183675,0.0048375261337845,-5.331351818308116,0.15151515151515035,0.30612244897959184,-68.11528647630287,2.6176221085843328e-30
12.244897959183675,0.0053735943563712,-5.2262582542631755,0.16161616161616094,0.30612244897959184,-68.245416972432,2.2982220847692738e-30
12.244897959183675,0.0059690667312704,-5.121164690218244,0.17171717171717069,0.30612244897959184,-68.3759453351171,2.016992326806445e-30
12.244897959183675,0.0066305261021638,-5.016071126173304,0.18181818181818118,0.30612244897959184,-68.50708430357257,1.769095654310913e-30
12.244897959183675,0.0073652847875129,-4.910977562128371,0.19191919191919102,0.30612244897959184,-68.63901068200842,1.5504451880875889e-30
12.244897959183675,0.0081814654169699,-4.80588399808343,0.20202020202020168,0.30612244897959184,-68.7718519295521,1.3575761408395567e-30
12.244897959183675,0.0090880907256374,-4.700790434038493,0.21212121212121193,0.30612244897959184,-68.90567449528315,1.1875332951304838e-30
12.244897959183675,0.0100951832988382,-4.595696869993551,0.22222222222222263,0.30612244897959184,-69.04047498648785,1.0377737599551936e-30
12.244897959183675,0.0112138763700549,-4.490603305948624,0.23232323232323193,0.30612244897959184,-69.17617536579974,9.060846215981163e-31
12.244897959183675,0.0124565368968931,-4.385509741903686,0.24242424242424226,0.30612244897959184,-69.31262339090715,7.905150364386262e-31
12.244897959183675,0.013836902275649,-4.280416177858747,0.2525252525252527,0.30612244897959184,-69.44959939719831,6.893221142799069e-31
12.244897959183675,0.0153702322058399,-4.175322613813814,0.26262626262626254,0.30612244897959184,-69.58683024790801,6.0092961882391175e-31
12.244897959183675,0.0170734773835322,-4.07022904976888,0.2727272727272725,0.30612244897959184,-69.72401082888985,5.238981210357512e-31
12.244897959183675,0.0189654668883421,-3.9651354857239447,0.2828282828282826,0.30612244897959184,-69.86083286806118,4.56904867003812e-31
12.244897959183675,0.0210671163356406,-3.8600419216790063,0.292929292929293,0.30612244897959184,-69.9970201682516,3.987313574588831e-31
12.244897959183675,0.0234016590950486,-3.7549483576340705,0.3030303030303031,0.30612244897959184,-70.13236863710345,3.482565537923961e-31
12.244897959183675,0.0259949031313031,-3.649854793589135,0.3131313131313132,0.30612244897959184,-70.26678886438152,3.04453755221314e-31
12.244897959183675,0.0288755163068248,-3.5447612295442013,0.32323232323232315,0.30612244897959184,-70.40034849806584,2.6638951259026546e-31
12.244897959183675,0.0320753432999582,-3.4396676654992664,0.33333333333333315,0.30612244897959184,-70.5333113175247,2.332233903873055e-31
12.244897959183675,0.0356297576423598,-3.3345741014543298,0.34343434343434337,0.30612244897959184,-70.66616963947706,2.042078666698041e-31
12.244897959183675,0.0395780527672466,-3.229480537409394,0.3535353535353535,0.30612244897959184,-70.79966640557979,1.786880705753277e-31
12.244897959183675,0.0439638763914761,-3.1243869733644574,0.3636363636363637,0.30612244897959184,-70.93480285562266,1.5610130900692975e-31
12.244897959183675,0.048835713033475,-3.019293409319523,0.3737373737373737,0.30612244897959184,-71.07282701272699,1.3597636122092339e-31
12.244897959183675,0.0542474200011699,-2.914199845274587,0.3838383838383838,0.30612244897959184,-71.21519739375356,1.17932293400886e-31
12.244897959183675,0.060258822775172,-2.8091062812296523,0.3939393939393938,0.30612244897959184,-71.36351581130086,1.0167609867643536e-31
12.244897959183675,0.0669363763690749,-2.7040127171847166,0.404040404040404,0.30612244897959184,-71.51942366941579,8.699793644825601e-32
12.244897959183675,0.0743538999780876,-2.5989191531397813,0.4141414141414141,0.30612244897959184,-71.6844589944396,7.376239687866797e-32
12.244897959183675,0.0825933930374168,-2.493825589094845,0.42424242424242425,0.30612244897959184,-71.8598779238818,6.189442709869003e-32
12.244897959183675,0.0917459417117808,-2.38873202504991,0.4343434343434343,0.30612244897959184,-72.046455220108,5.135965020434799e-32
12.244897959183675,0.101912725837141,-2.283638461004973,0.44444444444444453,0.30612244897959184,-72.24429249758505,4.214076538913014e-32
12.244897959183675,0.113206137446215,-2.1785448969600347,0.4545454545454549,0.30612244897959184,-72.45267620035814,3.4213895695880914e-32
12.244897959183675,0.125751023242877,-2.0734513329151003,0.46464646464646486,0.30612244897959184,-72.67003291085963,2.7529968031889626e-32
12.244897959183675,0.139686064760787,-1.9683577688701692,0.47474747474747453,0.30612244897959184,-72.89401976406693,2.200540939524825e-32
12.244897959183675,0.155165311463659,-1.8632642048252352,0.48484848484848453,0.30612244897959184,-73.12175949996204,1.7523600437900396e-32
12.244897959183675,0.172359883735326,-1.7581706407802946,0.49494949494949514,0.30612244897959184,-73.35018921094385,1.394496983393255e-32
12.244897959183675,0.19145986458586,-1.6530770767353593,0.5050505050505052,0.30612244897959184,-73.5764545883468,1.1121203156057566e-32
12.244897959183675,0.212676400986239,-1.5479835126904273,0.5151515151515149,0.30612244897959184,-73.79826483410403,8.908832806018147e-33
12.244897959183675,0.236244038061438,-1.442889948645492,0.5252525252525251,0.30612244897959184,-74.0141359189685,7.179086523557066e-33
12.244897959183675,0.262423311946047,-1.3377963846005527,0.5353535353535355,0.30612244897959184,-74.2234853600104,5.823041436255127e-33
12.244897959183675,0.291503629965987,-1.2327028205556183,0.5454545454545455,0.30612244897959184,-74.42658340906539,4.752755997254345e-33
12.244897959183675,0.323806469986239,-1.1276092565106834,0.5555555555555556,0.30612244897959184,-74.6243967852985,3.8997454567477456e-33
12.244897959183675,0.359688934292802,-1.0225156924657481,0.5656565656565656,0.30612244897959184,-74.81837378218911,3.2121300582150185e-33
12.244897959183675,0.399547697296443,-0.9174221284208132,0.5757575757575757,0.30612244897959184,-75.01021565555143,2.651412225287474e-33
12.244897959183675,0.443823390699414,-0.8123285643758777,0.5858585858585857,0.30612244897959184,-75.20166614634158,2.1894315030075808e-33
12.244897959183675,0.49300547460239,-0.707235000330941,0.5959595959595959,0.30612244897959184,-75.39433644502836,1.8057420652383294e-33
12.244897959183675,0.547637648400869,-0.6021414362860068,0.606060606060606,0.30612244897959184,-75.58957156219266,1.4854778523855773e-33
12.244897959183675,0.608323861287565,-0.49704787224107067,0.6161616161616161,0.30612244897959184,-75.78835735562946,1.2176840234463645e-33
12.244897959183675,0.67573498880583,-0.39195430819613525,0.6262626262626262,0.30612244897959184,-75.99126465528956,9.940611188034296e-34
12.244897959183675,0.750616249262273,-0.2868607441511999,0.6363636363636362,0.30612244897959184,-76.19842647497585,8.080604522065879e-34
12.244897959183675,0.833795441985706,-0.18176718010626372,0.6464646464646464,0.30612244897959184,-76.40954472029354,6.542690298458011e-34
12.244897959183675,0.926192098504948,-0.07667361606132911,0.6565656565656565,0.30612244897959184,-76.62392308351703,5.280232222475838e-34
12.244897959183675,1.02882764781018,0.028419947983610284,0.666666666666667,0.30612244897959184,-76.84052249651933,4.251920083554353e-34
12.244897959183675,1.142836708073,0.1335135120285407,0.6767676767676766,0.30612244897959184,-77.05803459829953,3.4207456837696175e-34
12.244897959183675,1.2694796296533,0.23860707607348014,0.686868686868687,0.30612244897959184,-77.27496748257353,2.7536455249536564e-34
12.244897959183675,1.41015642805352,0.3437006401184105,0.6969696969696967,0.30612244897959184,-77.48973697726765,2.221441222411384e-34
12.244897959183675,1.56642226084696,0.44879420416335164,0.7070707070707073,0.30612244897959184,-77.70075628876951,1.7988307545508975e-34
12.244897959183675,1.74000461967455,0.5538877682082868,0.7171717171717173,0.30612244897959184,-77.9065172654071,1.4642979262764654e-34
12.244897959183675,1.93282242736499,0.6589813322532224,0.7272727272727274,0.30612244897959184,-78.10565780442217,1.199896565155796e-34
12.244897959183675,2.14700725129329,0.7640748962981553,0.7373737373737373,0.30612244897959184,-78.29701182775942,9.909227829905346e-35
12.244897959183675,2.38492686748792,0.8691684603430914,0.7474747474747475,0.30612244897959184,-78.47964042515748,8.255154801374437e-35
12.244897959183675,2.64921143598352,0.9742620243880249,0.7575757575757573,0.30612244897959184,-78.65284482163325,6.942302092692422e-35
12.244897959183675,2.94278257678333,1.0793555884329629,0.7676767676767676,0.30612244897959184,-78.81616346049998,5.896239614798298e-35
12.244897959183675,3.26888566786082,1.184449152477898,0.7777777777777777,0.30612244897959184,-78.96935653105044,5.058761668188402e-35
12.244897959183675,3.63112572224959,1.289542716522833,0.7878787878787878,0.30612244897959184,-79.11238168857585,4.3845919526038307e-35
12.244897959183675,4.0335072408363,1.3946362805677694,0.797979797979798,0.30612244897959184,-79.2453646063096,3.8386227694618436e-35
12.244897959183675,4.48047848142245,1.4997298446127043,0.808080808080808,0.30612244897959184,-79.36856752132415,3.393665933670371e-35
12.244897959183675,4.97698063344183,1.6048234086576407,0.8181818181818182,0.30612244897959184,-79.48235825983215,3.0286591443473616e-35
12.244897959183675,5.52850244195146,1.7099169727025751,0.8282828282828283,0.30612244897959184,-79.58718149880792,2.7272581285478687e-35
12.244897959183675,6.14114088475497,1.8150105367475111,0.8383838383838383,0.30612244897959184,-79.68353334555444,2.476744284574479e-35
12.244897959183675,6.8216685734332,1.9201041007924453,0.8484848484848483,0.30612244897959184,-79.77193975533935,2.2671839244707977e-35
12.244897959183675,7.57760862338904,2.0251976648373815,0.8585858585858586,0.30612244897959184,-79.8529388824504,2.0907845375135088e-35
12.244897959183675,8.41731782058148,2.1302912288823177,0.8686868686868686,0.30612244897959184,-79.92706716851553,1.9414033469378028e-35
12.244897959183675,9.35007900434302,2.2353847929272526,0.8787878787878787,0.30612244897959184,-79.99484879499651,1.8141725343018567e-35
12.244897959183675,10.3862036875563,2.3404783569721936,0.8888888888888893,0.30612244897959184,-80.05678803942205,1.7052133167442737e-35
12.244897959183675,11.5371460486378,2.445571921017128,0.8989898989898993,0.30612244897959184,-80.11336405194102,1.6114174620139888e-35
12.244897959183675,12.8156295554912,2.550665485062058,0.909090909090909,0.30612244897959184,-80.16502758805437,1.5302799105407348e-35
12.244897959183675,14.2357876212352,2.6557590491069942,0.919191919191919,0.30612244897959184,-80.2121992773677,1.4597701289853556e-35
12.244897959183675,15.8133198466305,2.7608526131519304,0.9292929292929293,0.30612244897959184,-80.25526906400866,1.3982328520557727e-35
12.244897959183675,17.5656655764397,2.865946177196865,0.9393939393939392,0.30612244897959184,-80.29459651320114,1.3443111713304989e-35
12.244897959183675,19.5121966883548,2.9710397412417997,0.9494949494949493,0.30612244897959184,-80.33051173489321,1.296886666041559e-35
12.244897959183675,21.6744317457404,3.0761333052867346,0.9595959595959593,0.30612244897959184,-80.36331672624517,1.2550325751559192e-35
12.244897959183675,24.0762738816144,3.1812268693316703,0.9696969696969694,0.30612244897959184,-80.39328697883364,1.217976988141751e-35
12.244897959183675,26.744275043632,3.2863204333766105,0.97979797979798,0.30612244897959184,-80.42067323333494,1.1850737648362277e-35
12.244897959183675,29.707929521255,3.3914139974215445,0.98989898989899,0.30612244897959184,-80.44570329459677,1.155779444618771e-35
12.244897959183675,33.0,3.4965075614664802,1.0,0.30612244897959184,-80.46858384409913,1.1296348181246826e-35
13.061224489795919,0.001,-6.907755278982137,0.0,0.326530612244898,-67.10429048251005,7.194107637705791e-30
13.061224489795919,0.001110814537795,-6.802661714937222,0.010101010101008117,0.326530612244898,-67.22478081934055,6.377473211029439e-30
13.061224489795919,0.0012339089373767,-6.697568150892323,0.020202020202014698,0.326530612244898,-67.34419357522837,5.659633936497128e-30
13.061224489795919,0.0013706439859533,-6.592474586847349,0.030303030303028534,0.326530612244898,-67.46259245986816,5.0276884708757355e-30
13.061224489795919,0.0015225312657382,-6.487381022802441,0.04040404040403597,0.326530612244898,-67.58007481632542,4.470400372900415e-30
13.061224489795919,0.0016912498642295,-6.382287458757476,0.05050505050504887,0.326530612244898,-67.6967677577971,3.978023277703013e-30
13.061224489795919,0.00187866493623,-6.277193894712534,0.06060606060605963,0.326530612244898,-67.81282336014827,3.5421342100293355e-30
13.061224489795919,0.00208684832281,-6.172100330667619,0.07070707070706775,0.326530612244898,-67.92841304703806,3.155477219710928e-30
13.061224489795919,0.0023181014551505,-6.067006766622687,0.08080808080807748,0.326530612244898,-68.0437213004961,2.8118186750860987e-30
13.061224489795919,0.002574980796465,-5.961913202577741,0.0909090909090886,0.326530612244898,-68.15893882761493,2.505814827807466e-30
13.061224489795919,0.0028603261032564,-5.856819638532781,0.10101010101010106,0.326530612244898,-68.2742553179895,2.232891699834963e-30
13.061224489795919,0.0031772918183317,-5.751726074487876,0.11111111111110823,0.326530612244898,-68.38985194049339,1.9891369462825648e-30
13.061224489795919,0.0035293819426201,-5.646632510442922,0.1212121212121201,0.326530612244898,-68.50589375476405,1.7712031032958294e-30
13.061224489795919,0.0039204887712936,-5.541538946397998,0.13131313131312908,0.326530612244898,-68.62252225373074,1.5762215139421323e-30
13.061224489795919,0.0043549359224151,-5.436445382353058,0.14141414141413966,0.326530612244898,-68.73984830805485,1.401726206539824e-30
13.061224489795919,0.0048375261337845,-5.331351818308116,0.15151515151515035,0.326530612244898,-68.85794584835922,1.2455870457333164e-30
13.061224489795919,0.0053735943563712,-5.2262582542631755,0.16161616161616094,0.326530612244898,-68.97684669062028,1.1059515539487214e-30
13.061224489795919,0.0059690667312704,-5.121164690218244,0.17171717171717069,0.326530612244898,-69.0965369749956,9.811948795461697e-31
13.061224489795919,0.0066305261021638,-5.016071126173304,0.18181818181818118,0.326530612244898,-69.21695573676864,8.698774433690958e-31
13.061224489795919,0.0073652847875129,-4.910977562128371,0.19191919191919102,0.326530612244898,-69.33799614618762,7.707098109439213e-31
13.061224489795919,0.0081814654169699,-4.80588399808343,0.20202020202020168,0.326530612244898,-69.45950992770612,6.825243070139525e-31
13.061224489795919,0.0090880907256374,-4.700790434038493,0.21212121212121193,0.326530612244898,-69.58131538663254,6.042528173749899e-31
13.061224489795919,0.0100951832988382,-4.595696869993551,0.22222222222222263,0.326530612244898,-69.70320932562419,5.349101255614045e-31
13.061224489795919,0.0112138763700549,-4.490603305948624,0.23232323232323193,0.326530612244898,-69.82498292561958,4.735820317741158e-31
13.061224489795919,0.0124565368968931,-4.385509741903686,0.24242424242424226,0.326530612244898,-69.94644140558539,4.194174242302154e-31
13.061224489795919,0.013836902275649,-4.280416177858747,0.2525252525252527,0.326530612244898,-70.06742698116393,3.716234415274256e-31
13.061224489795919,0.0153702322058399,-4.175322613813814,0.26262626262626254,0.326530612244898,-70.18784433709844,3.2946289306231804e-31
13.061224489795919,0.0170734773835322,-4.07022904976888,0.2727272727272725,0.326530612244898,-70.30768753374686,2.922531956848538e-31
13.061224489795919,0.0189654668883421,-3.9651354857239447,0.2828282828282826,0.326530612244898,-70.42706699574485,2.593662286236798e-31
13.061224489795919,0.0210671163356406,-3.8600419216790063,0.292929292929293,0.326530612244898,-70.54623497477559,2.3022868418673525e-31
13.061224489795919,0.0234016590950486,-3.7549483576340705,0.3030303030303031,0.326530612244898,-70.66560761009201,2.0432266974986144e-31
13.061224489795919,0.0259949031313031,-3.649854793589135,0.3131313131313132,0.326530612244898,-70.78578138257693,1.8118646352797076e-31
13.061224489795919,0.0288755163068248,-3.5447612295442013,0.32323232323232315,0.326530612244898,-70.90754131926592,1.6041540781845056e-31
13.061224489795919,0.0320753432999582,-3.4396676654992664,0.33333333333333315,0.326530612244898,-71.03185773027137,1.4166290663897513e-31
13.061224489795919,0.0356297576423598,-3.3345741014543298,0.34343434343434337,0.326530612244898,-71.15986759825472,1.2464135714084867e-31
13.061224489795919,0.0395780527672466,-3.229480537409394,0.3535353535353535,0.326530612244898,-71.292836179264,1.091225856775223e-31
13.061224489795919,0.0439638763914761,-3.1243869733644574,0.3636363636363637,0.326530612244898,-71.4320943031313,9.493702391965256e-32
13.061224489795919,0.048835713033475,-3.019293409319523,0.3737373737373737,0.326530612244898,-71.57894790615553,8.197056034744458e-32
13.061224489795919,0.0542474200011699,-2.914199845274587,0.3838383838383838,0.326530612244898,-71.73455927779123,7.015792630790219e-32
13.061224489795919,0.060258822775172,-2.8091062812296523,0.3939393939393938,0.326530612244898,-71.89980505010675,5.947184567879702e-32
13.061224489795919,0.0669363763690749,-2.7040127171847166,0.404040404040404,0.326530612244898,-72.07512418545154,4.990812840362678e-32
13.061224489795919,0.0743538999780876,-2.5989191531397813,0.4141414141414141,0.326530612244898,-72.26037889870035,4.1468295445718924e-32
13.061224489795919,0.0825933930374168,-2.493825589094845,0.42424242424242425,0.326530612244898,-72.45475953918493,3.414269075632369e-32
13.061224489795919,0.0917459417117808,-2.38873202504991,0.4343434343434343,0.326530612244898,-72.65676640533316,2.789762789338655e-32
13.061224489795919,0.101912725837141,-2.283638461004973,0.44444444444444453,0.326530612244898,-72.86429295881545,2.2669379881255082e-32
13.061224489795919,0.113206137446215,-2.1785448969600347,0.4545454545454549,0.326530612244898,-73.07481478466785,1.8365855918272667e-32
13.061224489795919,0.125751023242877,-2.0734513329151003,0.46464646464646486,0.326530612244898,-73.28566136212352,1.4874475743557077e-32
13.061224489795919,0.139686064760787,-1.9683577688701692,0.47474747474747453,0.326530612244898,-73.49432293676286,1.2073163924569069e-32
13.061224489795919,0.155165311463659,-1.8632642048252352,0.48484848484848453,0.326530612244898,-73.69873311231744,9.841173444914113e-33
13.061224489795919,0.172359883735326,-1.7581706407802946,0.49494949494949514,0.326530612244898,-73.89747469026206,8.067417176222739e-33
13.061224489795919,0.19145986458586,-1.6530770767353593,0.5050505050505052,0.326530612244898,-74.0898786800149,6.655405547702156e-33
13.061224489795919,0.212676400986239,-1.5479835126904273,0.5151515151515149,0.326530612244898,-74.27601449616549,5.5250570472134877e-33
13.061224489795919,0.236244038061438,-1.442889948645492,0.5252525252525251,0.326530612244898,-74.45659244071386,4.612249173180039e-33
13.061224489795919,0.262423311946047,-1.3377963846005527,0.5353535353535355,0.326530612244898,-74.63281133030924,3.8670685465433685e-33
13.061224489795919,0.291503629965987,-1.2327028205556183,0.5454545454545455,0.326530612244898,-74.80618434078174,3.251523735043938e-33
13.061224489795919,0.323806469986239,-1.1276092565106834,0.5555555555555556,0.326530612244898,-74.97836876279055,2.7372104175751516e-33
13.061224489795919,0.359688934292802,-1.0225156924657481,0.5656565656565656,0.326530612244898,-75.15101539067288,2.303184379324011e-33
13.061224489795919,0.399547697296443,-0.9174221284208132,0.5757575757575757,0.326530612244898,-75.32564444539214,1.9341416250047063e-33
13.061224489795919,0.443823390699414,-0.8123285643758777,0.5858585858585857,0.326530612244898,-75.5035490097258,1.6189196743075148e-33
13.061224489795919,0.49300547460239,-0.707235000330941,0.5959595959595959,0.326530612244898,-75.68572404783303,1.3492974113918451e-33
13.061224489795919,0.547637648400869,-0.6021414362860068,0.606060606060606,0.326530612244898,-75.87281842337055,1.1190606694640668e-33
13.061224489795919,0.608323861287565,-0.49704787224107067,0.6161616161616161,0.326530612244898,-76.06510789780936,9.233011459985544e-34
13.061224489795919,0.67573498880583,-0.39195430819613525,0.6262626262626262,0.326530612244898,-76.26248797895961,7.579181276750884e-34
13.061224489795919,0.750616249262273,-0.2868607441511999,0.6363636363636362,0.326530612244898,-76.46448606673916,6.192922421409531e-34
13.061224489795919,0.833795441985706,-0.18176718010626372,0.6464646464646464,0.326530612244898,-76.67029228017873,5.040981885291456e-34
13.061224489795919,0.926192098504948,-0.07667361606132911,0.6565656565656565,0.326530612244898,-76.87880759739177,4.092211628639002e-34
13.061224489795919,1.02882764781018,0.028419947983610284,0.666666666666667,0.326530612244898,-77.08870667860015,3.3174170501780715e-34
13.061224489795919,1.142836708073,0.1335135120285407,0.6767676767676766,0.326530612244898,-77.29851130648787,2.6895714141080546e-34
13.061224489795919,1.2694796296533,0.23860707607348014,0.686868686868687,0.326530612244898,-77.5066691623601,2.184144021104113e-34
13.061224489795919,1.41015642805352,0.3437006401184105,0.6969696969696967,0.326530612244898,-77.71163200687171,1.779373177699718e-34
13.061224489795919,1.56642226084696,0.44879420416335164,0.7070707070707073,0.326530612244898,-77.91192745505715,1.4563971883078353e-34
13.061224489795919,1.74000461967455,0.5538877682082868,0.7171717171717173,0.326530612244898,-78.10621943866634,1.19922285136341e-34
13.061224489795919,1.93282242736499,0.6589813322532224,0.7272727272727274,0.326530612244898,-78.29335396002281,9.945540848299246e-35
13.061224489795919,2.14700725129329,0.7640748962981553,0.7373737373737373,0.326530612244898,-78.4723885613663,8.315237652585212e-35
13.061224489795919,2.38492686748792,0.8691684603430914,0.7474747474747475,0.326530612244898,-78.64260572800265,7.013750131198538e-35
13.061224489795919,2.64921143598352,0.9742620243880249,0.7575757575757573,0.326530612244898,-78.8035119311454,5.971309939255535e-35
13.061224489795919,2.94278257678333,1.0793555884329629,0.7676767676767676,0.326530612244898,-78.95482502488852,5.132809807009469e-35
13.061224489795919,3.26888566786082,1.184449152477898,0.7777777777777777,0.326530612244898,-79.09645319367375,4.45499109087796e-35
13.061224489795919,3.63112572224959,1.289542716522833,0.7878787878787878,0.326530612244898,-79.22846865859727,3.904030949642855e-35
13.061224489795919,4.0335072408363,1.3946362805677694,0.797979797979798,0.326530612244898,-79.35107901380334,3.4535380972928897e-35
13.061224489795919,4.48047848142245,1.4997298446127043,0.808080808080808,0.326530612244898,-79.46459852018158,3.082927814576698e-35
13.061224489795919,4.97698063344183,1.6048234086576407,0.8181818181818182,0.326530612244898,-79.56942106257806,2.776128114159679e-35
13.061224489795919,5.52850244195146,1.7099169727025751,0.8282828282828283,0.326530612244898,-79.66599587741406,2.520563222083521e-35
13.061224489795919,6.14114088475497,1.8150105367475111,0.8383838383838383,0.326530612244898,-79.75480664170526,2.3063625114892947e-35
13.061224489795919,6.8216685734332,1.9201041007924453,0.8484848484848483,0.326530612244898,-79.83635411047258,2.1257488585474893e-35
13.061224489795919,7.57760862338904,2.0251976648373815,0.8585858585858586,0.326530612244898,-79.91114220104892,1.97256761846842e-35
13.061224489795919,8.41731782058148,2.1302912288823177,0.8686868686868686,0.326530612244898,-79.97966723784587,1.841924625267639e-35
13.061224489795919,9.35007900434302,2.2353847929272526,0.8787878787878787,0.326530612244898,-80.04240997020113,1.729908098060861e-35
13.061224489795919,10.3862036875563,2.3404783569721936,0.8888888888888893,0.326530612244898,-80.09982993759043,1.6333748217563258e-35
13.061224489795919,11.5371460486378,2.445571921017128,0.8989898989898993,0.326530612244898,-80.15236176106843,1.5497854371796965e-35
13.061224489795919,12.8156295554912,2.550665485062058,0.909090909090909,0.326530612244898,-80.200412971012,1.4770772199187564e-35
13.061224489795919,14.2357876212352,2.6557590491069942,0.919191919191919,0.326530612244898,-80.24436302667254,1.4135654889261644e-35
13.061224489795919,15.8133198466305,2.7608526131519304,0.9292929292929293,0.326530612244898,-80.28456323392852,1.357866911286688e-35
13.061224489795919,17.5656655764397,2.865946177196865,0.9393939393939392,0.326530612244898,-80.32133731820737,1.308839591429578e-35
13.061224489795919,19.5121966883548,2.9710397412417997,0.9494949494949493,0.326530612244898,-80.35498245639951,1.2655360639596992e-35
13.061224489795919,21.6744317457404,3.0761333052867346,0.9595959595959593,0.326530612244898,-80.38577061295922,1.2271662404396717e-35
13.061224489795919,24.0762738816144,3.1812268693316703,0.9696969696969694,0.326530612244898,-80.4139500606535,1.193068063811158e-35
13.061224489795919,26.744275043632,3.2863204333766105,0.97979797979798,0.326530612244898,-80.43974699566263,1.1626841553399303e-35
13.061224489795919,29.707929521255,3.3914139974215445,0.98989898989899,0.326530612244898,-80.46336718043499,1.1355431405005943e-35
13.061224489795919,33.0,3.4965075614664802,1.0,0.326530612244898,-80.48499756653065,1.1112446442490416e-35
13.877551020408163,0.001,-6.907755278982137,0.0,0.3469387755102041,-67.91495149641999,3.198242030567004e-30
13.877551020408163,0.001110814537795,-6.802661714937222,0.010101010101008117,0.3469387755102041,-68.01840912483027,2.8839003467409983e-30
13.877551020408163,0.0012339089373767,-6.697568150892323,0.020202020202014698,0.3469387755102041,-68.12159914597537,2.6011499711674825e-30
13.877551020408163,0.0013706439859533,-6.592474586847349,0.030303030303028534,0.3469387755102041,-68.22467107876962,2.3463987619708175e-30
13.877551020408163,0.0015225312657382,-6.487381022802441,0.04040404040403597,0.3469387755102041,-68.32776998012956,2.116540274654186e-30
13.877551020408163,0.0016912498642295,-6.382287458757476,0.05050505050504887,0.3469387755102041,-68.43103233932324,1.9088871924185548e-30
13.877551020408163,0.00187866493623,-6.277193894712534,0.06060606060605963,0.3469387755102041,-68.53458206078989,1.721112233170805e-30
13.877551020408163,0.00208684832281,-6.172100330667619,0.07070707070706775,0.3469387755102041,-68.63852661372017,1.5511958911169097e-30
13.877551020408163,0.0023181014551505,-6.067006766622687,0.08080808080807748,0.3469387755102041,-68.74295344598764,1.3973804039745144e-30
13.877551020408163,0.002574980796465,-5.961913202577741,0.0909090909090886,0.3469387755102041,-68.84792678415245,1.258129388670996e-30
13.877551020408163,0.0028603261032564,-5.856819638532781,0.10101010101010106,0.3469387755102041,-68.95348496870787,1.1320926481795752e-30
13.877551020408163,0.0031772918183317,-5.751726074487876,0.11111111111110823,0.3469387755102041,-69.05963850224869,1.0180757109096036e-30
13.877551020408163,0.0035293819426201,-5.646632510442922,0.1212121212121201,0.3469387755102041,-69.1663690147585,9.150137148268624e-31
13.877551020408163,0.0039204887712936,-5.541538946397998,0.13131313131312908,0.3469387755102041,-69.27362937097526,8.219492864431008e-31
13.877551020408163,0.0043549359224151,-5.436445382353058,0.14141414141413966,0.3469387755102041,-69.38134515552538,7.380140875785652e-31
13.877551020408163,0.0048375261337845,-5.331351818308116,0.15151515151515035,0.3469387755102041,-69.48941776777208,6.6241371047084175e-31
13.877551020408163,0.0053735943563712,-5.2262582542631755,0.16161616161616094,0.3469387755102041,-69.5977293360321,5.944155968848786e-31
13.877551020408163,0.0059690667312704,-5.121164690218244,0.17171717171717069,0.3469387755102041,-69.70614961687038,5.333396439697976e-31
13.877551020408163,0.0066305261021638,-5.016071126173304,0.18181818181818118,0.3469387755102041,-69.81454497807506,4.785511447343779e-31
13.877551020408163,0.0073652847875129,-4.910977562128371,0.19191919191919102,0.3469387755102041,-69.92278947415078,4.29455700746309e-31
13.877551020408163,0.0081814654169699,-4.80588399808343,0.20202020202020168,0.3469387755102041,-70.03077791331386,3.854957450619384e-31
13.877551020408163,0.0090880907256374,-4.700790434038493,0.21212121212121193,0.3469387755102041,-70.13844068907302,3.461483290017564e-31
13.877551020408163,0.0100951832988382,-4.595696869993551,0.22222222222222263,0.3469387755102041,-70.2457600117708,3.1092385937152354e-31
13.877551020408163,0.0112138763700549,-4.490603305948624,0.23232323232323193,0.3469387755102041,-70.35278702834094,2.793655223903554e-31
13.877551020408163,0.0124565368968931,-4.385509741903686,0.24242424242424226,0.3469387755102041,-70.45965916015352,2.5104919316909226e-31
13.877551020408163,0.013836902275649,-4.280416177858747,0.2525252525252527,0.3469387755102041,-70.56661681084795,2.2558369835662087e-31
13.877551020408163,0.0153702322058399,-4.175322613813814,0.26262626262626254,0.3469387755102041,-70.67401838269018,2.026113650236795e-31
13.877551020408163,0.0170734773835322,-4.07022904976888,0.2727272727272725,0.3469387755102041,-70.78235226960184,1.818088388687761e-31
13.877551020408163,0.0189654668883421,-3.9651354857239447,0.2828282828282826,0.3469387755102041,-70.89224414624654,1.6288817502119773e-31
13.877551020408163,0.0210671163356406,-3.8600419216790063,0.292929292929293,0.3469387755102041,-71.00445743705087,1.4559817942753323e-31
13.877551020408163,0.0234016590950486,-3.7549483576340705,0.3030303030303031,0.3469387755102041,-71.11988435251216,1.2972589394292567e-31
13.877551020408163,0.0259949031313031,-3.649854793589135,0.3131313131313132,0.3469387755102041,-71.23952441231286,1.1509796743974623e-31
13.877551020408163,0.0288755163068248,-3.5447612295442013,0.32323232323232315,0.3469387755102041,-71.36444712405459,1.0158145050935155e-31
13.877551020408163,0.0320753432999582,-3.4396676654992664,0.33333333333333315,0.3469387755102041,-71.49573576702271,8.908333694510619e-32
13.877551020408163,0.0356297576423598,-3.3345741014543298,0.34343434343434337,0.3469387755102041,-71.63441047520053,7.754803831849418e-32
13.877551020408163,0.0395780527672466,-3.229480537409394,0.3535353535353535,0.3469387755102041,-71.78133149199893,6.695204231863235e-32
13.877551020408163,0.0439638763914761,-3.1243869733644574,0.3636363636363637,0.3469387755102041,-71.93708788400477,5.729539103514458e-32
13.877551020408163,0.048835713033475,-3.019293409319523,0.3737373737373737,0.3469387755102041,-72.10188295631187,4.859035782166478e-32
13.877551020408163,0.0542474200011699,-2.914199845274587,0.3838383838383838,0.3469387755102041,-72.27543403372378,4.0848660704611485e-32
13.877551020408163,0.060258822775172,-2.8091062812296523,0.3939393939393938,0.3469387755102041,-72.45690902213549,3.4069380442517806e-32
13.877551020408163,0.0669363763690749,-2.7040127171847166,0.404040404040404,0.3469387755102041,-72.6449223956287,2.8230012164575336e-32
13.877551020408163,0.0743538999780876,-2.5989191531397813,0.4141414141414141,0.3469387755102041,-72.8376065440323,2.328248880944448e-32
13.877551020408163,0.0825933930374168,-2.493825589094845,0.42424242424242425,0.3469387755102041,-73.0327604240416,1.9154690967393967e-32
13.877551020408163,0.0917459417117808,-2.38873202504991,0.4343434343434343,0.3469387755102041,-73.22805918084826,1.575643554671065e-32
13.877551020408163,0.101912725837141,-2.283638461004973,0.44444444444444453,0.3469387755102041,-73.42129180682464,1.2987875416302135e-32
13.877551020408163,0.113206137446215,-2.1785448969600347,0.4545454545454549,0.3469387755102041,-73.61058546024641,1.074803136060154e-32
13.877551020408163,0.125751023242877,-2.0734513329151003,0.46464646464646486,0.3469387755102041,-73.79457840241018,8.941735218616404e-33
13.877551020408163,0.139686064760787,-1.9683577688701692,0.47474747474747453,0.3469387755102041,-73.97251728986309,7.484174907079666e-33
13.877551020408163,0.155165311463659,-1.8632642048252352,0.48484848484848453,0.3469387755102041,-74.14427321471108,6.303057632131345e-33
13.877551020408163,0.172359883735326,-1.7581706407802946,0.49494949494949514,0.3469387755102041,-74.31028766763991,5.3389040678174465e-33
13.877551020408163,0.19145986458586,-1.6530770767353593,0.5050505050505052,0.3469387755102041,-74.471469794854,4.544139014585691e-33
13.877551020408163,0.212676400986239,-1.5479835126904273,0.5151515151515149,0.3469387755102041,-74.62906876442788,3.881568421790976e-33
13.877551020408163,0.236244038061438,-1.442889948645492,0.5252525252525251,0.3469387755102041,-74.7845415344662,3.3226628820196444e-33
13.877551020408163,0.262423311946047,-1.3377963846005527,0.5353535353535355,0.3469387755102041,-74.9394298695165,2.8458966909917453e-33
13.877551020408163,0.291503629965987,-1.2327028205556183,0.5454545454545455,0.3469387755102041,-75.09525383077793,2.4352617314960262e-33
13.877551020408163,0.323806469986239,-1.1276092565106834,0.5555555555555556,0.3469387755102041,-75.25342384451766,2.0789942108454007e-33
13.877551020408163,0.359688934292802,-1.0225156924657481,0.5656565656565656,0.3469387755102041,-75.41517039878507,1.7685105055490986e-33
13.877551020408163,0.399547697296443,-0.9174221284208132,0.5757575757575757,0.3469387755102041,-75.58148923943722,1.4975326134474686e-33
13.877551020408163,0.443823390699414,-0.8123285643758777,0.5858585858585857,0.3469387755102041,-75.75310008364819,1.2613820502895403e-33
13.877551020408163,0.49300547460239,-0.707235000330941,0.5959595959595959,0.3469387755102041,-75.93041772340237,1.0564247664899682e-33
13.877551020408163,0.547637648400869,-0.6021414362860068,0.606060606060606,0.3469387755102041,-76.11353541359937,8.796533717939542e-34
13.877551020408163,0.608323861287565,-0.49704787224107067,0.6161616161616161,0.3469387755102041,-76.30222122489978,7.283940089582456e-34
13.877551020408163,0.67573498880583,-0.39195430819613525,0.6262626262626262,0.3469387755102041,-76.49592833253813,6.001232286715111e-34
13.877551020408163,0.750616249262273,-0.2868607441511999,0.6363636363636362,0.3469387755102041,-76.69381989822197,4.923763925726908e-34
13.877551020408163,0.833795441985706,-0.18176718010626372,0.6464646464646464,0.3469387755102041,-76.8948083169992,4.0272543651483555e-34
13.877551020408163,0.926192098504948,-0.07667361606132911,0.6565656565656565,0.3469387755102041,-77.09760731243334,3.288020951762635e-34
13.877551020408163,1.02882764781018,0.028419947983610284,0.666666666666667,0.3469387755102041,-77.30079394179695,2.6834391050072026e-34
13.877551020408163,1.142836708073,0.1335135120285407,0.6767676767676766,0.3469387755102041,-77.50287633422653,2.192443833927138e-34
13.877551020408163,1.2694796296533,0.23860707607348014,0.686868686868687,0.3469387755102041,-77.70236221601866,1.7959442815787165e-34
13.877551020408163,1.41015642805352,0.3437006401184105,0.6969696969696967,0.3469387755102041,-77.89782316392252,1.4770841830181406e-34
13.877551020408163,1.56642226084696,0.44879420416335164,0.7070707070707073,0.3469387755102041,-78.08795010573375,1.2213332086596643e-34
13.877551020408163,1.74000461967455,0.5538877682082868,0.7171717171717173,0.3469387755102041,-78.27159674015,1.0164299325910343e-34
13.877551020408163,1.93282242736499,0.6589813322532224,0.7272727272727274,0.3469387755102041,-78.44780904242627,8.522154737809791e-35
13.877551020408163,2.14700725129329,0.7640748962981553,0.7373737373737373,0.3469387755102041,-78.61584057990363,7.204008987530548e-35
13.877551020408163,2.38492686748792,0.8691684603430914,0.7474747474747475,0.3469387755102041,-78.77515472856354,6.143063298082368e-35
13.877551020408163,2.64921143598352,0.9742620243880249,0.7575757575757573,0.3469387755102041,-78.92541588394444,5.286002931960335e-35
13.877551020408163,2.94278257678333,1.0793555884329629,0.7676767676767676,0.3469387755102041,-79.06647232385109,4.5905779489074904e-35
13.877551020408163,3.26888566786082,1.184449152477898,0.7777777777777777,0.3469387755102041,-79.19833352609326,4.0234700576037645e-35
13.877551020408163,3.63112572224959,1.289542716522833,0.7878787878787878,0.3469387755102041,-79.32114455649034,3.5584807505031435e-35
13.877551020408163,4.0335072408363,1.3946362805677694,0.797979797979798,0.3469387755102041,-79.43515973481531,3.175034568418606e-35
13.877551020408163,4.48047848142245,1.4997298446127043,0.808080808080808,0.3469387755102041,-79.54071727286623,2.8569681694167386e-35
13.877551020408163,4.97698063344183,1.6048234086576407,0.8181818181818182,0.3469387755102041,-79.63821605255913,2.591565678732388e-35
13.877551020408163,5.52850244195146,1.7099169727025751,0.8282828282828283,0.3469387755102041,-79.72809523677837,2.36879886346894e-35
13.877551020408163,6.14114088475497,1.8150105367475111,0.8383838383838383,0.3469387755102041,-79.81081701668832,2.1807333909742336e-35
13.877551020408163,6.8216685734332,1.9201041007924453,0.8484848484848483,0.3469387755102041,-79.8868525077824,2.0210673177769096e-35
13.877551020408163,7.57760862338904,2.0251976648373815,0.8585858585858586,0.3469387755102041,-79.95667060846442,1.884773484541251e-35
13.877551020408163,8.41731782058148,2.1302912288823177,0.8686868686868686,0.3469387755102041,-80.0207295156372,1.767822810971598e-35
13.877551020408163,9.35007900434302,2.2353847929272526,0.8787878787878787,0.3469387755102041,-80.07947053424007,1.6669701889436017e-35
13.877551020408163,10.3862036875563,2.3404783569721936,0.8888888888888893,0.3469387755102041,-80.13331380464838,1.579588626467381e-35
13.877551020408163,11.5371460486378,2.445571921017128,0.8989898989898993,0.3469387755102041,-80.18265558822398,1.5035405095284063e-35
13.877551020408163,12.8156295554912,2.550665485062058,0.909090909090909,0.3469387755102041,-80.22786678503199,1.4370774027308673e-35
13.877551020408163,14.2357876212352,2.6557590491069942,0.919191919191919,0.3469387755102041,-80.26929239988348,1.3787618067315056e-35
13.877551020408163,15.8133198466305,2.7608526131519304,0.9292929292929293,0.3469387755102041,-80.30725171726282,1.3274058349965448e-35
13.877551020408163,17.5656655764397,2.865946177196865,0.9393939393939392,0.3469387755102041,-80.3420389884303,1.282022958085696e-35
13.877551020408163,19.5121966883548,2.9710397412417997,0.9494949494949493,0.3469387755102041,-80.37392447281188,1.2417898694754981e-35
13.877551020408163,21.6744317457404,3.0761333052867346,0.9595959595959593,0.3469387755102041,-80.40315570964607,1.206016216998717e-35
13.877551020408163,24.0762738816144,3.1812268693316703,0.9696969696969694,0.3469387755102041,-80.42995892448216,1.1741204690332358e-35
13.877551020408163,26.744275043632,3.2863204333766105,0.97979797979798,0.3469387755102041,-80.45454049872838,1.1456105840628247e-35
13.877551020408163,29.707929521255,3.3914139974215445,0.98989898989899,0.3469387755102041,-80.47708844950576,1.1200684564683068e-35
13.877551020408163,33.0,3.4965075614664802,1.0,0.3469387755102041,-80.49777388217136,1.0971373434828074e-35
14.693877551020408,0.001,-6.907755278982137,0.0,0.3673469387755102,-68.58419318370478,1.6378093817754156e-30
14.693877551020408,0.001110814537795,-6.802661714937222,0.010101010101008117,0.3673469387755102,-68.67766522741046,1.491656969898555e-30
14.693877551020408,0.0012339089373767,-6.697568150892323,0.020202020202014698,0.3673469387755102,-68.7714304698152,1.3581484251116128e-30
14.693877551020408,0.0013706439859533,-6.592474586847349,0.030303030303028534,0.3673469387755102,-68.86553807651636,1.2361660730331788e-30
14.693877551020408,0.0015225312657382,-6.487381022802441,0.04040404040403597,0.3673469387755102,-68.96002093884391,1.1247174527234694e-30
14.693877551020408,0.0016912498642295,-6.382287458757476,0.05050505050504887,0.3673469387755102,-69.05489481884534,1.0229166125374427e-30
14.693877551020408,0.00187866493623,-6.277193894712534,0.06060606060605963,0.3673469387755102,-69.15015792456107,9.299679695800727e-31
14.693877551020408,0.00208684832281,-6.172100330667619,0.07070707070706775,0.3673469387755102,-69.24579100397726,8.451524834178147e-31
14.693877551020408,0.0023181014551505,-6.067006766622687,0.08080808080807748,0.3673469387755102,-69.34175805496575,7.678159176349147e-31
14.693877551020408,0.002574980796465,-5.961913202577741,0.0909090909090886,0.3673469387755102,-69.43800775432025,6.973589803069601e-31
14.693877551020408,0.0028603261032564,-5.856819638532781,0.10101010101010106,0.3673469387755102,-69.53447571034197,6.332291471547299e-31
14.693877551020408,0.0031772918183317,-5.751726074487876,0.11111111111110823,0.3673469387755102,-69.63108763900014,5.749139801133792e-31
14.693877551020408,0.0035293819426201,-5.646632510442922,0.1212121212121201,0.3673469387755102,-69.72776355229901,5.219357606937016e-31
14.693877551020408,0.0039204887712936,-5.541538946397998,0.13131313131312908,0.3673469387755102,-69.82442302813872,4.738472634050165e-31
14.693877551020408,0.0043549359224151,-5.436445382353058,0.14141414141413966,0.3673469387755102,-69.9209916029981,4.302285012517377e-31
14.693877551020408,0.0048375261337845,-5.331351818308116,0.15151515151515035,0.3673469387755102,-70.01740829179029,3.9068428438990463e-31
14.693877551020408,0.0053735943563712,-5.2262582542631755,0.16161616161616094,0.3673469387755102,-70.11363419305461,3.5484244559995444e-31
14.693877551020408,0.0059690667312704,-5.121164690218244,0.17171717171717069,0.3673469387755102,-70.20966208190248,3.22352603033307e-31
14.693877551020408,0.0066305261021638,-5.016071126173304,0.18181818181818118,0.3673469387755102,-70.30552682690696,2.928853518699066e-31
14.693877551020408,0.0073652847875129,-4.910977562128371,0.19191919191919102,0.3673469387755102,-70.40131638822226,2.6613180154136917e-31
14.693877551020408,0.0081814654169699,-4.80588399808343,0.20202020202020168,0.3673469387755102,-70.4971830584742,2.41803402669475e-31
14.693877551020408,0.0090880907256374,-4.700790434038493,0.21212121212121193,0.3673469387755102,-70.59335448861982,2.1963203550887037e-31
14.693877551020408,0.0100951832988382,-4.595696869993551,0.22222222222222263,0.3673469387755102,-70.69014388860062,1.9937035594517958e-31
14.693877551020408,0.0112138763700549,-4.490603305948624,0.23232323232323193,0.3673469387755102,-70.78795859603574,1.8079241104486797e-31
14.693877551020408,0.0124565368968931,-4.385509741903686,0.24242424242424226,0.3673469387755102,-70.88730595533815,1.636945372728982e-31
14.693877551020408,0.013836902275649,-4.280416177858747,0.2525252525252527,0.3673469387755102,-70.98879514118825,1.478965329538265e-31
14.693877551020408,0.0153702322058399,-4.175322613813814,0.26262626262626254,0.3673469387755102,-71.09313320739061,1.332430443139462e-31
14.693877551020408,0.0170734773835322,-4.07022904976888,0.2727272727272725,0.3673469387755102,-71.20111328846023,1.196050159888599e-31
14.693877551020408,0.0189654668883421,-3.9651354857239447,0.2828282828282826,0.3673469387755102,-71.3135926188413,1.0688093415386598e-31
14.693877551020408,0.0210671163356406,-3.8600419216790063,0.292929292929293,0.3673469387755102,-71.43145802079114,9.499744989335065e-32
14.693877551020408,0.0234016590950486,-3.7549483576340705,0.3030303030303031,0.3673469387755102,-71.55557697569138,8.390885020845949e-32
14.693877551020408,0.0259949031313031,-3.649854793589135,0.3131313131313132,0.3673469387755102,-71.68673361380455,7.359480617710795e-32
14.693877551020408,0.0288755163068248,-3.5447612295442013,0.32323232323232315,0.3673469387755102,-71.82555119031748,6.405594732777798e-32
14.693877551020408,0.0320753432999582,-3.4396676654992664,0.33333333333333315,0.3673469387755102,-71.97240595216321,5.530714567022317e-32
14.693877551020408,0.0356297576423598,-3.3345741014543298,0.34343434343434337,0.3673469387755102,-72.1273414658004,4.7368933527020334e-32
14.693877551020408,0.0395780527672466,-3.229480537409394,0.3535353535353535,0.3673469387755102,-72.28999663743535,4.02581082736065e-32
14.693877551020408,0.0439638763914761,-3.1243869733644574,0.3636363636363637,0.3673469387755102,-72.45956338119852,3.397906798763557e-32
14.693877551020408,0.048835713033475,-3.019293409319523,0.3737373737373737,0.3673469387755102,-72.6347894334205,2.851752000398091e-32
14.693877551020408,0.0542474200011699,-2.914199845274587,0.3838383838383838,0.3673469387755102,-72.81403681818163,2.3837768881254017e-32
14.693877551020408,0.060258822775172,-2.8091062812296523,0.3939393939393938,0.3673469387755102,-72.99539690600173,1.988391598171449e-32
14.693877551020408,0.0669363763690749,-2.7040127171847166,0.404040404040404,0.3673469387755102,-73.1768508019869,1.6584313302632382e-32
14.693877551020408,0.0743538999780876,-2.5989191531397813,0.4141414141414141,0.3673469387755102,-73.3564525882946,1.385790018539437e-32
14.693877551020408,0.0825933930374168,-2.493825589094845,0.42424242424242425,0.3673469387755102,-73.53250671271736,1.1620855317654135e-32
14.693877551020408,0.0917459417117808,-2.38873202504991,0.4343434343434343,0.3673469387755102,-73.70371200084172,9.792297115249826e-33
14.693877551020408,0.101912725837141,-2.283638461004973,0.44444444444444453,0.3673469387755102,-73.86925297728641,8.298336653423005e-33
14.693877551020408,0.113206137446215,-2.1785448969600347,0.4545454545454549,0.3673469387755102,-74.02883135839699,7.074358092277925e-33
14.693877551020408,0.125751023242877,-2.0734513329151003,0.46464646464646486,0.3673469387755102,-74.18264255848469,6.065794372469344e-33
14.693877551020408,0.139686064760787,-1.9683577688701692,0.47474747474747453,0.3673469387755102,-74.3313104599486,5.2278369573922766e-33
14.693877551020408,0.155165311463659,-1.8632642048252352,0.48484848484848453,0.3673469387755102,-74.4757971179692,4.5245175416348076e-33
14.693877551020408,0.172359883735326,-1.7581706407802946,0.49494949494949514,0.3673469387755102,-74.61730304654203,3.927507584456908e-33
14.693877551020408,0.19145986458586,-1.6530770767353593,0.5050505050505052,0.3673469387755102,-74.75716995321807,3.414865528699161e-33
14.693877551020408,0.212676400986239,-1.5479835126904273,0.5151515151515149,0.3673469387755102,-74.89679311784529,2.969860407767088e-33
14.693877551020408,0.236244038061438,-1.442889948645492,0.5252525252525251,0.3673469387755102,-75.03754643549583,2.5799283656798095e-33
14.693877551020408,0.262423311946047,-1.3377963846005527,0.5353535353535355,0.3673469387755102,-75.18072017842704,2.2357749245757578e-33
14.693877551020408,0.291503629965987,-1.2327028205556183,0.5454545454545455,0.3673469387755102,-75.32746992007681,1.9306141190976457e-33
14.693877551020408,0.323806469986239,-1.1276092565106834,0.5555555555555556,0.3673469387755102,-75.478774604582,1.65952839767935e-33
14.693877551020408,0.359688934292802,-1.0225156924657481,0.5656565656565656,0.3673469387755102,-75.63540209539069,1.418934124787475e-33
14.693877551020408,0.399547697296443,-0.9174221284208132,0.5757575757575757,0.3673469387755102,-75.79788134049546,1.2061418701276052e-33
14.693877551020408,0.443823390699414,-0.8123285643758777,0.5858585858585857,0.3673469387755102,-75.96648123909246,1.019005171917524e-33
14.693877551020408,0.49300547460239,-0.707235000330941,0.5959595959595959,0.3673469387755102,-76.14119713479771,8.556541062438073e-34
14.693877551020408,0.547637648400869,-0.6021414362860068,0.606060606060606,0.3673469387755102,-76.32174640367751,7.143099302299163e-34
14.693877551020408,0.608323861287565,-0.49704787224107067,0.6161616161616161,0.3673469387755102,-76.50757472287997,5.931745016336084e-34
14.693877551020408,0.67573498880583,-0.39195430819613525,0.6262626262626262,0.3673469387755102,-76.69787424070114,4.90384171351068e-34
14.693877551020408,0.750616249262273,-0.2868607441511999,0.6363636363636362,0.3673469387755102,-76.89161404924728,4.04013906152522e-34
14.693877551020408,0.833795441985706,-0.18176718010626372,0.6464646464646464,0.3673469387755102,-77.08758220541615,3.3211494948147803e-34
14.693877551020408,0.926192098504948,-0.07667361606132911,0.6565656565656565,0.3673469387755102,-77.28443725401993,2.7276922111131635e-34
14.693877551020408,1.02882764781018,0.028419947983610284,0.666666666666667,0.3673469387755102,-77.48076602442508,2.241459323328645e-34
14.693877551020408,1.142836708073,0.1335135120285407,0.6767676767676766,0.3673469387755102,-77.67514363878773,1.8454986703581574e-34
14.693877551020408,1.2694796296533,0.23860707607348014,0.686868686868687,0.3673469387755102,-77.86619136104281,1.524553836089478e-34
14.693877551020408,1.41015642805352,0.3437006401184105,0.6969696969696967,0.3673469387755102,-78.05262819712605,1.2652439692754646e-34
14.693877551020408,1.56642226084696,0.44879420416335164,0.7070707070707073,0.3673469387755102,-78.23331296944112,1.0560971639382367e-34
14.693877551020408,1.74000461967455,0.5538877682082868,0.7171717171717173,0.3673469387755102,-78.40727476797336,8.87469072456765e-35
14.693877551020408,1.93282242736499,0.6589813322532224,0.7272727272727274,0.3673469387755102,-78.57373100421168,7.513844487568347e-35
14.693877551020408,2.14700725129329,0.7640748962981553,0.7373737373737373,0.3673469387755102,-78.73209353941594,6.413368983909556e-35
14.693877551020408,2.38492686748792,0.8691684603430914,0.7474747474747475,0.3673469387755102,-78.88196435226995,5.520751004207206e-35
14.693877551020408,2.64921143598352,0.9742620243880249,0.7575757575757573,0.3673469387755102,-79.0231228563904,4.793953318120176e-35
14.693877551020408,2.94278257678333,1.0793555884329629,0.7676767676767676,0.3673469387755102,-79.1555072597047,4.199523200215896e-35
14.693877551020408,3.26888566786082,1.184449152477898,0.7777777777777777,0.3673469387755102,-79.27919232328289,3.710942663378613e-35
14.693877551020408,3.63112572224959,1.289542716522833,0.7878787878787878,0.3673469387755102,-79.3943656119949,3.307235495876412e-35
14.693877551020408,4.0335072408363,1.3946362805677694,0.797979797979798,0.3673469387755102,-79.50130392922681,2.971819304057305e-35
14.693877551020408,4.48047848142245,1.4997298446127043,0.808080808080808,0.3673469387755102,-79.60035117917101,2.6915764843702104e-35
14.693877551020408,4.97698063344183,1.6048234086576407,0.8181818181818182,0.3673469387755102,-79.69189846840662,2.4561124286750566e-35
14.693877551020408,5.52850244195146,1.7099169727025751,0.8282828282828283,0.3673469387755102,-79.77636688500397,2.2571689923225054e-35
14.693877551020408,6.14114088475497,1.8150105367475111,0.8383838383838383,0.3673469387755102,-79.85419309789478,2.0881638870293876e-35
14.693877551020408,6.8216685734332,1.9201041007924453,0.8484848484848483,0.3673469387755102,-79.92581770492376,1.9438305757880183e-35
14.693877551020408,7.57760862338904,2.0251976648373815,0.8585858585858586,0.3673469387755102,-79.99167611740619,1.819937459134584e-35
14.693877551020408,8.41731782058148,2.1302912288823177,0.8686868686868686,0.3673469387755102,-80.05219168927006,1.7130691143998208e-35
14.693877551020408,9.35007900434302,2.2353847929272526,0.8787878787878787,0.3673469387755102,-80.1077707654356,1.6204558351003012e-35
14.693877551020408,10.3862036875563,2.3404783569721936,0.8888888888888893,0.3673469387755102,-80.15879932326872,1.5398406414956413e-35
14.693877551020408,11.5371460486378,2.445571921017128,0.8989898989898993,0.3673469387755102,-80.20564090110874,1.4693753135215547e-35
14.693877551020408,12.8156295554912,2.550665485062058,0.909090909090909,0.3673469387755102,-80.24863553992104,1.4075388951655916e-35
14.693877551020408,14.2357876212352,2.6557590491069942,0.919191919191919,0.3673469387755102,-80.28809950143422,1.3530736108426425e-35
14.693877551020408,15.8133198466305,2.7608526131519304,0.9292929292929293,0.3673469387755102,-80.32432556418084,1.3049342946902652e-35
14.693877551020408,17.5656655764397,2.865946177196865,0.9393939393939392,0.3673469387755102,-80.35758373486165,1.2622483302628019e-35
14.693877551020408,19.5121966883548,2.9710397412417997,0.9494949494949493,0.3673469387755102,-80.38812224482471,1.2242837877665453e-35
14.693877551020408,21.6744317457404,3.0761333052867346,0.9595959595959593,0.3673469387755102,-80.41616872951685,1.1904239751093859e-35
14.693877551020408,24.0762738816144,3.1812268693316703,0.9696969696969694,0.3673469387755102,-80.44193151240876,1.1601470245434465e-35
14.693877551020408,26.744275043632,3.2863204333766105,0.97979797979798,0.3673469387755102,-80.4656009343573,1.1330094474334818e-35
14.693877551020408,29.707929521255,3.3914139974215445,0.98989898989899,0.3673469387755102,-80.48735068507484,1.1086328280312844e-35
14.693877551020408,33.0,3.4965075614664802,1.0,0.3673469387755102,-80.50733910582458,1.0866930102380509e-35
15.510204081632654,0.001,-6.907755278982137,0.0,0.38775510204081637,-69.15940980106087,9.214036996503156e-31
15.510204081632654,0.001110814537795,-6.802661714937222,0.010101010101008117,0.38775510204081637,-69.24533635781847,8.4553681610906e-31
15.510204081632654,0.0012339089373767,-6.697568150892323,0.020202020202014698,0.38775510204081637,-69.33144878556786,7.757724814887337e-31
15.510204081632654,0.0013706439859533,-6.592474586847349,0.030303030303028534,0.38775510204081637,-69.41772015506912,7.116512071143883e-31
15.510204081632654,0.0015225312657382,-6.487381022802441,0.04040404040403597,0.38775510204081637,-69.50411573072817,6.527487796824672e-31
15.510204081632654,0.0016912498642295,-6.382287458757476,0.05050505050504887,0.38775510204081637,-69.59059463726503,5.9867173819968885e-31
15.510204081632654,0.00187866493623,-6.277193894712534,0.06060606060605963,0.38775510204081637,-69.67711199981404,5.490536001028616e-31
15.510204081632654,0.00208684832281,-6.172100330667619,0.07070707070706775,0.38775510204081637,-69.76362160329161,5.035517389715072e-31
15.510204081632654,0.0023181014551505,-6.067006766622687,0.08080808080807748,0.38775510204081637,-69.85007911264238,4.618448241326349e-31
15.510204081632654,0.002574980796465,-5.961913202577741,0.0909090909090886,0.38775510204081637,-69.93644588833558,4.236307403867002e-31
15.510204081632654,0.0028603261032564,-5.856819638532781,0.10101010101010106,0.38775510204081637,-70.02269342067778,3.886249144041123e-31
15.510204081632654,0.0031772918183317,-5.751726074487876,0.11111111111110823,0.38775510204081637,-70.1088083914754,3.5655898333828474e-31
15.510204081632654,0.0035293819426201,-5.646632510442922,0.1212121212121201,0.38775510204081637,-70.19479835145604,3.271797510754779e-31
15.510204081632654,0.0039204887712936,-5.541538946397998,0.13131313131312908,0.38775510204081637,-70.28069797542081,3.002483883892131e-31
15.510204081632654,0.0043549359224151,-5.436445382353058,0.14141414141413966,0.38775510204081637,-70.36657582259424,2.7553984503436697e-31
15.510204081632654,0.0048375261337845,-5.331351818308116,0.15151515151515035,0.38775510204081637,-70.4525414845114,2.5284245425090767e-31
15.510204081632654,0.0053735943563712,-5.2262582542631755,0.16161616161616094,0.38775510204081637,-70.5387529434784,2.3195772270139956e-31
15.510204081632654,0.0059690667312704,-5.121164690218244,0.17171717171717069,0.38775510204081637,-70.62542388643091,2.127003105776216e-31
15.510204081632654,0.0066305261021638,-5.016071126173304,0.18181818181818118,0.38775510204081637,-70.71283061608591,1.9489821593334123e-31
15.510204081632654,0.0073652847875129,-4.910977562128371,0.19191919191919102,0.38775510204081637,-70.80131806731261,1.7839318192223617e-31
15.510204081632654,0.0081814654169699,-4.80588399808343,0.20202020202020168,0.38775510204081637,-70.89130426620028,1.6304134233484754e-31
15.510204081632654,0.0090880907256374,-4.700790434038493,0.21212121212121193,0.38775510204081637,-70.9832823605533,1.4871410557537494e-31
15.510204081632654,0.0100951832988382,-4.595696869993551,0.22222222222222263,0.38775510204081637,-71.07781910983728,1.3529924554082105e-31
15.510204081632654,0.0112138763700549,-4.490603305948624,0.23232323232323193,0.38775510204081637,-71.17554847125774,1.2270211608145283e-31
15.510204081632654,0.0124565368968931,-4.385509741903686,0.24242424242424226,0.38775510204081637,-71.27715870186624,1.1084683315772487e-31
15.510204081632654,0.013836902275649,-4.280416177858747,0.2525252525252527,0.38775510204081637,-71.38337129301279,9.967718116437483e-32
15.510204081632654,0.0153702322058399,-4.175322613813814,0.26262626262626254,0.38775510204081637,-71.49491018182813,8.915691319672445e-32
15.510204081632654,0.0170734773835322,-4.07022904976888,0.2727272727272725,0.38775510204081637,-71.612460200119,7.926905842348747e-32
15.510204081632654,0.0189654668883421,-3.9651354857239447,0.2828282828282826,0.38775510204081637,-71.73661479239597,7.001386377777945e-32
15.510204081632654,0.0210671163356406,-3.8600419216790063,0.292929292929293,0.38775510204081637,-71.86781478743158,6.140512381161435e-32
15.510204081632654,0.0234016590950486,-3.7549483576340705,0.3030303030303031,0.38775510204081637,-72.0062824326775,5.34649145585817e-32
15.510204081632654,0.0259949031313031,-3.649854793589135,0.3131313131313132,0.38775510204081637,-72.15195773915929,4.621712172978631e-32
15.510204081632654,0.0288755163068248,-3.5447612295442013,0.32323232323232315,0.38775510204081637,-72.3044468359716,3.9680553556337566e-32
15.510204081632654,0.0320753432999582,-3.4396676654992664,0.33333333333333315,0.38775510204081637,-72.46299356968147,3.3862713053727926e-32
15.510204081632654,0.0356297576423598,-3.3345741014543298,0.34343434343434337,0.38775510204081637,-72.62648495133438,2.875532931287036e-32
15.510204081632654,0.0395780527672466,-3.229480537409394,0.3535353535353535,0.38775510204081637,-72.79349749207688,2.4332443339603928e-32
15.510204081632654,0.0439638763914761,-3.1243869733644574,0.3636363636363637,0.38775510204081637,-72.96238502622045,2.0551276228346343e-32
15.510204081632654,0.048835713033475,-3.019293409319523,0.3737373737373737,0.38775510204081637,-73.13140049380912,1.7355467301478572e-32
15.510204081632654,0.0542474200011699,-2.914199845274587,0.3838383838383838,0.38775510204081637,-73.2988365388286,1.4679787241197584e-32
15.510204081632654,0.060258822775172,-2.8091062812296523,0.3939393939393938,0.38775510204081637,-73.4631651287322,1.245525895904552e-32
15.510204081632654,0.0669363763690749,-2.7040127171847166,0.404040404040404,0.38775510204081637,-73.62315637429857,1.0613764479006332e-32
15.510204081632654,0.0743538999780876,-2.5989191531397813,0.4141414141414141,0.38775510204081637,-73.77796138793313,9.091561547781965e-33
15.510204081632654,0.0825933930374168,-2.493825589094845,0.42424242424242425,0.38775510204081637,-73.92715177708867,7.831517457829004e-33
15.510204081632654,0.0917459417117808,-2.38873202504991,0.4343434343434343,0.38775510204081637,-74.07071673196658,6.784165791774059e-33
15.510204081632654,0.101912725837141,-2.283638461004973,0.44444444444444453,0.38775510204081637,-74.20902531165315,5.907854620567794e-33
15.510204081632654,0.113206137446215,-2.1785448969600347,0.4545454545454549,0.38775510204081637,-74.34276514000045,5.168295423327458e-33
15.510204081632654,0.125751023242877,-2.0734513329151003,0.46464646464646486,0.38775510204081637,-74.47286919579697,4.53778438953486e-33
15.510204081632654,0.139686064760787,-1.9683577688701692,0.47474747474747453,0.38775510204081637,-74.60044052807108,3.9942967881471956e-33
15.510204081632654,0.155165311463659,-1.8632642048252352,0.48484848484848453,0.38775510204081637,-74.72668170540639,3.520582163866621e-33
15.510204081632654,0.172359883735326,-1.7581706407802946,0.49494949494949514,0.38775510204081637,-74.85283265736685,3.1033290160280206e-33
15.510204081632654,0.19145986458586,-1.6530770767353593,0.5050505050505052,0.38775510204081637,-74.9801179658588,2.7324266658106754e-33
15.510204081632654,0.212676400986239,-1.5479835126904273,0.5151515151515149,0.38775510204081637,-75.10970290955994,2.4003274348693303e-33
15.510204081632654,0.236244038061438,-1.442889948645492,0.5252525252525251,0.38775510204081637,-75.24265666514712,2.1015000592483257e-33
15.510204081632654,0.262423311946047,-1.3377963846005527,0.5353535353535355,0.38775510204081637,-75.37992087785115,1.8319613904580256e-33
15.510204081632654,0.291503629965987,-1.2327028205556183,0.5454545454545455,0.38775510204081637,-75.52228212911736,1.588874556788869e-33
15.510204081632654,0.323806469986239,-1.1276092565106834,0.5555555555555556,0.38775510204081637,-75.67034745334165,1.370205344989621e-33
15.510204081632654,0.359688934292802,-1.0225156924657481,0.5656565656565656,0.38775510204081637,-75.82452281758187,1.1744327337364204e-33
15.510204081632654,0.399547697296443,-0.9174221284208132,0.5757575757575757,0.38775510204081637,-75.98499523344069,1.0003128843009076e-33
15.510204081632654,0.443823390699414,-0.8123285643758777,0.5858585858585857,0.38775510204081637,-76.15171979502651,8.466975548278336e-34
15.510204081632654,0.49300547460239,-0.707235000330941,0.5959595959595959,0.38775510204081637,-76.32441332442991,7.124074602492786e-34
15.510204081632654,0.547637648400869,-0.6021414362860068,0.606060606060606,0.38775510204081637,-76.50255637256083,5.9615874079908665e-34
15.510204081632654,0.608323861287565,-0.49704787224107067,0.6161616161616161,0.38775510204081637,-76.68540502067069,4.965371612527859e-34
15.510204081632654,0.67573498880583,-0.39195430819613525,0.6262626262626262,0.38775510204081637,-76.87201326181378,4.120110156356645e-34
15.510204081632654,0.750616249262273,-0.2868607441511999,0.6363636363636362,0.38775510204081637,-77.06126578321224,3.409710459951523e-34
15.510204081632654,0.833795441985706,-0.18176718010626372,0.6464646464646464,0.38775510204081637,-77.2519198573238,2.8178475249554697e-34
15.510204081632654,0.926192098504948,-0.07667361606132911,0.6565656565656565,0.38775510204081637,-77.44265396655484,2.32853472239081e-34
15.510204081632654,1.02882764781018,0.028419947983610284,0.666666666666667,0.38775510204081637,-77.63211993130336,1.9266316719321185e-34
15.510204081632654,1.142836708073,0.1335135120285407,0.6767676767676766,0.38775510204081637,-77.81899484762783,1.598232472895503e-34
15.510204081632654,1.2694796296533,0.23860707607348014,0.686868686868687,0.38775510204081637,-78.0020291596416,1.3309114418571525e-34
15.510204081632654,1.41015642805352,0.3437006401184105,0.6969696969696967,0.38775510204081637,-78.18008768623076,1.1138310569565077e-34
15.510204081632654,1.56642226084696,0.44879420416335164,0.7070707070707073,0.38775510204081637,-78.35218129195711,9.377347709329246e-35
15.510204081632654,1.74000461967455,0.5538877682082868,0.7171717171717173,0.38775510204081637,-78.5174879729795,7.9485560386591e-35
15.510204081632654,1.93282242736499,0.6589813322532224,0.7272727272727274,0.38775510204081637,-78.67536323348416,6.78771948447022e-35
15.510204081632654,2.14700725129329,0.7640748962981553,0.7373737373737373,0.38775510204081637,-78.82534059097807,5.842376586569109e-35
15.510204081632654,2.38492686748792,0.8691684603430914,0.7474747474747475,0.38775510204081637,-78.96712375718242,5.070069358105267e-35
15.510204081632654,2.64921143598352,0.9742620243880249,0.7575757575757573,0.38775510204081637,-79.10057244772928,4.4366775956249946e-35
15.510204081632654,2.94278257678333,1.0793555884329629,0.7676767676767676,0.38775510204081637,-79.22568389072102,3.9149179214283117e-35
15.510204081632654,3.26888566786082,1.184449152477898,0.7777777777777777,0.38775510204081637,-79.34257198604337,3.4830427623225955e-35
15.510204081632654,3.63112572224959,1.289542716522833,0.7878787878787878,0.38775510204081637,-79.45144578936934,3.1237445717244886e-35
15.510204081632654,4.0335072408363,1.3946362805677694,0.797979797979798,0.38775510204081637,-79.55258863367045,2.823252590331661e-35
15.510204081632654,4.48047848142245,1.4997298446127043,0.808080808080808,0.38775510204081637,-79.64633882153696,2.5706002533602686e-35
15.510204081632654,4.97698063344183,1.6048234086576407,0.8181818181818182,0.38775510204081637,-79.73307247020918,2.357038090908983e-35
15.510204081632654,5.52850244195146,1.7099169727025751,0.8282828282828283,0.38775510204081637,-79.81318879542285,2.175567302722722e-35
15.510204081632654,6.14114088475497,1.8150105367475111,0.8383838383838383,0.38775510204081637,-79.88709789126624,2.0205714420797327e-35
15.510204081632654,6.8216685734332,1.9201041007924453,0.8484848484848483,0.38775510204081637,-79.95521090075935,1.887526711883655e-35
15.510204081632654,7.57760862338904,2.0251976648373815,0.8585858585858586,0.38775510204081637,-80.01793236809375,1.7727745944104209e-35
15.510204081632654,8.41731782058148,2.1302912288823177,0.8686868686868686,0.38775510204081637,-80.07565450727238,1.6733435448538748e-35
15.510204081632654,9.35007900434302,2.2353847929272526,0.8787878787878787,0.38775510204081637,-80.12875310140457,1.5868091141753378e-35
15.510204081632654,10.3862036875563,2.3404783569721936,0.8888888888888893,0.38775510204081637,-80.1775847512451,1.511184081618857e-35
15.510204081632654,11.5371460486378,2.445571921017128,0.8989898989898993,0.38775510204081637,-80.22248521162349,1.444831987485664e-35
15.510204081632654,12.8156295554912,2.550665485062058,0.909090909090909,0.38775510204081637,-80.26376858314808,1.3863989078281465e-35
15.510204081632654,14.2357876212352,2.6557590491069942,0.919191919191919,0.38775510204081637,-80.30172715888924,1.3347594600797614e-35
15.510204081632654,15.8133198466305,2.7608526131519304,0.9292929292929293,0.38775510204081637,-80.33663175820246,1.2889739271864582e-35
15.510204081632654,17.5656655764397,2.865946177196865,0.9393939393939392,0.38775510204081637,-80.36873241030943,1.2482540868815233e-35
15.510204081632654,19.5121966883548,2.9710397412417997,0.9494949494949493,0.38775510204081637,-80.39825927754134,1.2119358742954716e-35
15.510204081632654,21.6744317457404,3.0761333052867346,0.9595959595959593,0.38775510204081637,-80.42542373176855,1.1794574245426481e-35
15.510204081632654,24.0762738816144,3.1812268693316703,0.9696969696969694,0.38775510204081637,-80.45041951744555,1.1503413648717029e-35
15.510204081632654,26.744275043632,3.2863204333766105,0.97979797979798,0.38775510204081637,-80.47342395110192,1.1241804751806902e-35
15.510204081632654,29.707929521255,3.3914139974215445,0.98989898989899,0.38775510204081637,-80.49459912037132,1.1006260281514661e-35
15.510204081632654,33.0,3.4965075614664802,1.0,0.38775510204081637,-80.51409305618942,1.0793782690900622e-35
16.3265306122449,0.001,-6.907755278982137,0.0,0.40816326530612246,-69.65444306115377,5.6164220859932945e-31
16.3265306122449,0.001110814537795,-6.802661714937222,0.010101010101008117,0.40816326530612246,-69.73226181453798,5.195932293802492e-31
16.3265306122449,0.0012339089373767,-6.697568150892323,0.020202020202014698,0.40816326530612246,-69.80999776168535,4.807321753940814e-31
16.3265306122449,0.0013706439859533,-6.592474586847349,0.030303030303028534,0.40816326530612246,-69.88763036168814,4.448235590907059e-31
16.3265306122449,0.0015225312657382,-6.487381022802441,0.04040404040403597,0.40816326530612246,-69.96514473660905,4.116458252521218e-31
16.3265306122449,0.0016912498642295,-6.382287458757476,0.05050505050504887,0.40816326530612246,-70.04253437099057,3.8099021706905785e-31
16.3265306122449,0.00187866493623,-6.277193894712534,0.06060606060605963,0.40816326530612246,-70.1198041645475,3.5265981812490116e-31
16.3265306122449,0.00208684832281,-6.172100330667619,0.07070707070706775,0.40816326530612246,-70.1969738481151,3.2646874629478187e-31
16.3265306122449,0.0023181014551505,-6.067006766622687,0.08080808080807748,0.40816326530612246,-70.27408176333294,3.0224148149868703e-31
16.3265306122449,0.002574980796465,-5.961913202577741,0.0909090909090886,0.40816326530612246,-70.35118899269101,2.7981231535495854e-31
16.3265306122449,0.0028603261032564,-5.856819638532781,0.10101010101010106,0.40816326530612246,-70.42838380697897,2.590249170308662e-31
16.3265306122449,0.0031772918183317,-5.751726074487876,0.11111111111110823,0.40816326530612246,-70.50578636992107,2.3973201585680183e-31
16.3265306122449,0.0035293819426201,-5.646632510442922,0.1212121212121201,0.40816326530612246,-70.5835536023536,2.2179520729394244e-31
16.3265306122449,0.0039204887712936,-5.541538946397998,0.13131313131312908,0.40816326530612246,-70.66188405762321,2.050848941418217e-31
16.3265306122449,0.0043549359224151,-5.436445382353058,0.14141414141413966,0.40816326530612246,-70.74102259237894,1.8948037865133964e-31
16.3265306122449,0.0048375261337845,-5.331351818308116,0.15151515151515035,0.40816326530612246,-70.82126452885409,1.7487012227331784e-31
16.3265306122449,0.0053735943563712,-5.2262582542631755,0.16161616161616094,0.40816326530612246,-70.90295889291262,1.6115218643831641e-31
16.3265306122449,0.0059690667312704,-5.121164690218244,0.17171717171717069,0.40816326530612246,-70.98651017530129,1.4823485786966952e-31
16.3265306122449,0.0066305261021638,-5.016071126173304,0.18181818181818118,0.40816326530612246,-71.07237790457559,1.3603744302828757e-31
16.3265306122449,0.0073652847875129,-4.910977562128371,0.19191919191919102,0.40816326530612246,-71.1610731493747,1.2449118615074193e-31
16.3265306122449,0.0081814654169699,-4.80588399808343,0.20202020202020168,0.40816326530612246,-71.25315090732654,1.1354022296262098e-31
16.3265306122449,0.0090880907256374,-4.700790434038493,0.21212121212121193,0.40816326530612246,-71.349197227093,1.0314242929407334e-31
16.3265306122449,0.0100951832988382,-4.595696869993551,0.22222222222222263,0.40816326530612246,-71.44980990964187,9.326996702186637e-32
16.3265306122449,0.0112138763700549,-4.490603305948624,0.23232323232323193,0.40816326530612246,-71.55557182806128,8.390928214129465e-32
16.3265306122449,0.0124565368968931,-4.385509741903686,0.24242424242424226,0.40816326530612246,-71.66701639134578,7.50602915149049e-32
16.3265306122449,0.013836902275649,-4.280416177858747,0.2525252525252527,0.40816326530612246,-71.78458555161113,6.673453047196079e-32
16.3265306122449,0.0153702322058399,-4.175322613813814,0.26262626262626254,0.40816326530612246,-71.90858206858057,5.895214424146811e-32
16.3265306122449,0.0170734773835322,-4.07022904976888,0.2727272727272725,0.40816326530612246,-72.03911945334742,5.173779792510678e-32
16.3265306122449,0.0189654668883421,-3.9651354857239447,0.2828282828282826,0.40816326530612246,-72.1760749071433,4.5115829050500306e-32
16.3265306122449,0.0210671163356406,-3.8600419216790063,0.292929292929293,0.40816326530612246,-72.31905224009681,3.910521479079028e-32
16.3265306122449,0.0234016590950486,-3.7549483576340705,0.3030303030303031,0.40816326530612246,-72.46736261354665,3.371508809978052e-32
16.3265306122449,0.0259949031313031,-3.649854793589135,0.3131313131313132,0.40816326530612246,-72.62003036704566,2.8941533297864704e-32
16.3265306122449,0.0288755163068248,-3.5447612295442013,0.32323232323232315,0.40816326530612246,-72.77582873560668,2.476618793512456e-32
16.3265306122449,0.0320753432999582,-3.4396676654992664,0.33333333333333315,0.40816326530612246,-72.9333459843816,2.1156815182156507e-32
16.3265306122449,0.0356297576423598,-3.3345741014543298,0.34343434343434337,0.40816326530612246,-73.09107710320725,1.8069599952555877e-32
16.3265306122449,0.0395780527672466,-3.229480537409394,0.3535353535353535,0.40816326530612246,-73.24753102020648,1.5452596517323158e-32
16.3265306122449,0.0439638763914761,-3.1243869733644574,0.3636363636363637,0.40816326530612246,-73.40133981952913,1.324961173884714e-32
16.3265306122449,0.048835713033475,-3.019293409319523,0.3737373737373737,0.40816326530612246,-73.5513558078005,1.1403864178628012e-32
16.3265306122449,0.0542474200011699,-2.914199845274587,0.3838383838383838,0.40816326530612246,-73.69672471631488,9.860958279562413e-33
16.3265306122449,0.060258822775172,-2.8091062812296523,0.3939393939393938,0.40816326530612246,-73.83692809998176,8.570961918317356e-33
16.3265306122449,0.0669363763690749,-2.7040127171847166,0.404040404040404,0.40816326530612246,-73.97179366603633,7.489592594313432e-33
16.3265306122449,0.0743538999780876,-2.5989191531397813,0.4141414141414141,0.40816326530612246,-74.10147730676275,6.578657926794178e-33
16.3265306122449,0.0825933930374168,-2.493825589094845,0.42424242424242425,0.40816326530612246,-74.22642394118596,5.805955073433567e-33
16.3265306122449,0.0917459417117808,-2.38873202504991,0.4343434343434343,0.40816326530612246,-74.34731552187226,5.144831131756069e-33
16.3265306122449,0.101912725837141,-2.283638461004973,0.44444444444444453,0.40816326530612246,-74.46501400879252,4.5735699014357535e-33
16.3265306122449,0.113206137446215,-2.1785448969600347,0.4545454545454549,0.40816326530612246,-74.58050539565463,4.074722609750002e-33
16.3265306122449,0.125751023242877,-2.0734513329151003,0.46464646464646486,0.40816326530612246,-74.69484870222176,3.6344557198448865e-33
16.3265306122449,0.139686064760787,-1.9683577688701692,0.47474747474747453,0.40816326530612246,-74.80913177873686,3.241954180337562e-33
16.3265306122449,0.155165311463659,-1.8632642048252352,0.48484848484848453,0.40816326530612246,-74.92443413672034,2.888894584044017e-33
16.3265306122449,0.172359883735326,-1.7581706407802946,0.49494949494949514,0.40816326530612246,-75.04179594478357,2.568988197764142e-33
16.3265306122449,0.19145986458586,-1.6530770767353593,0.5050505050505052,0.40816326530612246,-75.16219178542225,2.2775863945682864e-33
16.3265306122449,0.212676400986239,-1.5479835126904273,0.5151515151515149,0.40816326530612246,-75.2865076628356,2.0113384700823717e-33
16.3265306122449,0.236244038061438,-1.442889948645492,0.5252525252525251,0.40816326530612246,-75.41551996619889,1.767892399946442e-33
16.3265306122449,0.262423311946047,-1.3377963846005527,0.5353535353535355,0.40816326530612246,-75.54987551935349,1.5456314764241657e-33
16.3265306122449,0.291503629965987,-1.2327028205556183,0.5454545454545455,0.40816326530612246,-75.69007239564458,1.3434429348208544e-33
16.3265306122449,0.323806469986239,-1.1276092565106834,0.5555555555555556,0.40816326530612246,-75.83644176890324,1.1605178174881376e-33
16.3265306122449,0.359688934292802,-1.0225156924657481,0.5656565656565656,0.40816326530612246,-75.98913163833213,9.961837310056882e-34
16.3265306122449,0.399547697296443,-0.9174221284208132,0.5757575757575757,0.40816326530612246,-76.14809373687187,8.497733024508337e-34
16.3265306122449,0.443823390699414,-0.8123285643758777,0.5858585858585857,0.40816326530612246,-76.31307523957747,7.205307607964003e-34
16.3265306122449,0.49300547460239,-0.707235000330941,0.5959595959595959,0.40816326530612246,-76.48361696605136,6.075572331564729e-34
16.3265306122449,0.547637648400869,-0.6021414362860068,0.606060606060606,0.40816326530612246,-76.6590595720774,5.0979249771922856e-34
16.3265306122449,0.608323861287565,-0.49704787224107067,0.6161616161616161,0.40816326530612246,-76.83855873652972,4.2602780379156935e-34
16.3265306122449,0.67573498880583,-0.39195430819613525,0.6262626262626262,0.40816326530612246,-77.02110960382156,3.5494176861990725e-34
16.3265306122449,0.750616249262273,-0.2868607441511999,0.6363636363636362,0.40816326530612246,-77.20557982614721,2.951499468587583e-34
16.3265306122449,0.833795441985706,-0.18176718010626372,0.6464646464646464,0.40816326530612246,-77.3907495960335,2.4525874412933867e-34
16.3265306122449,0.926192098504948,-0.07667361606132911,0.6565656565656565,0.40816326530612246,-77.57535622482206,2.039157917251198e-34
16.3265306122449,1.02882764781018,0.028419947983610284,0.666666666666667,0.40816326530612246,-77.75814025460006,1.6985125665328968e-34
16.3265306122449,1.142836708073,0.1335135120285407,0.6767676767676766,0.40816326530612246,-77.93788989426449,1.4190721854509715e-34
16.3265306122449,1.2694796296533,0.23860707607348014,0.686868686868687,0.40816326530612246,-78.11348077983097,1.1905464244786179e-34
16.3265306122449,1.41015642805352,0.3437006401184105,0.6969696969696967,0.40816326530612246,-78.28390863188177,1.0039924787090012e-34
16.3265306122449,1.56642226084696,0.44879420416335164,0.7070707070707073,0.40816326530612246,-78.44831321055118,8.51785922195755e-35
16.3265306122449,1.74000461967455,0.5538877682082868,0.7171717171717173,0.40816326530612246,-78.60599290470635,7.275302188152385e-35
16.3265306122449,1.93282242736499,0.6589813322532224,0.7272727272727274,0.40816326530612246,-78.75641018879652,6.259298173672825e-35
16.3265306122449,2.14700725129329,0.7640748962981553,0.7373737373737373,0.40816326530612246,-78.89918891870897,5.426472743728634e-35
16.3265306122449,2.38492686748792,0.8691684603430914,0.7474747474747475,0.40816326530612246,-79.03410494499919,4.741593733035793e-35
16.3265306122449,2.64921143598352,0.9742620243880249,0.7575757575757573,0.40816326530612246,-79.16107177792553,4.1762197731520935e-35
16.3265306122449,2.94278257678333,1.0793555884329629,0.7676767676767676,0.40816326530612246,-79.28012306720548,3.7074903329145993e-35
16.3265306122449,3.26888566786082,1.184449152477898,0.7777777777777777,0.40816326530612246,-79.39139351181798,3.317079552593819e-35
16.3265306122449,3.63112572224959,1.289542716522833,0.7878787878787878,0.40816326530612246,-79.49509955436197,2.990314902532206e-35
16.3265306122449,4.0335072408363,1.3946362805677694,0.797979797979798,0.40816326530612246,-79.59152090080364,2.715449099774245e-35
16.3265306122449,4.48047848142245,1.4997298446127043,0.808080808080808,0.40816326530612246,-79.68098358892489,2.483067437558686e-35
16.3265306122449,4.97698063344183,1.6048234086576407,0.8181818181818182,0.40816326530612246,-79.76384504137322,2.2856106086003516e-35
16.3265306122449,5.52850244195146,1.7099169727025751,0.8282828282828283,0.40816326530612246,-79.8404813010148,2.11699356776792e-35
16.3265306122449,6.14114088475497,1.8150105367475111,0.8383838383838383,0.40816326530612246,-79.91127646419099,1.9723027931205532e-35
16.3265306122449,6.8216685734332,1.9201041007924453,0.8484848484848483,0.40816326530612246,-79.97661419969441,1.8475566844918218e-35
16.3265306122449,7.57760862338904,2.0251976648373815,0.8585858585858586,0.40816326530612246,-80.03687116085773,1.739516313671114e-35
16.3265306122449,8.41731782058148,2.1302912288823177,0.8686868686868686,0.40816326530612246,-80.09241205578446,1.6455360526514184e-35
16.3265306122449,9.35007900434302,2.2353847929272526,0.8787878787878787,0.40816326530612246,-80.14358612681703,1.5634456381420388e-35
16.3265306122449,10.3862036875563,2.3404783569721936,0.8888888888888893,0.40816326530612246,-80.19072479608514,1.491456946585358e-35
16.3265306122449,11.5371460486378,2.445571921017128,0.8989898989898993,0.40816326530612246,-80.23414025214926,1.4280901649456435e-35
16.3265306122449,12.8156295554912,2.550665485062058,0.909090909090909,0.40816326530612246,-80.27412477772926,1.3721151811594e-35
16.3265306122449,14.2357876212352,2.6557590491069942,0.919191919191919,0.40816326530612246,-80.3109506462235,1.3225049247581812e-35
16.3265306122449,15.8133198466305,2.7608526131519304,0.9292929292929293,0.40816326530612246,-80.3448704424175,1.2783981032958628e-35
16.3265306122449,17.5656655764397,2.865946177196865,0.9393939393939392,0.40816326530612246,-80.37611768874181,1.239069340596293e-35
16.3265306122449,19.5121966883548,2.9710397412417997,0.9494949494949493,0.40816326530612246,-80.40490768171752,1.2039051600651927e-35
16.3265306122449,21.6744317457404,3.0761333052867346,0.9595959595959593,0.40816326530612246,-80.4314384634233,1.1723845965398437e-35
16.3265306122449,24.0762738816144,3.1812268693316703,0.9696969696969694,0.40816326530612246,-80.45589186988805,1.144063484547584e-35
16.3265306122449,26.744275043632,3.2863204333766105,0.97979797979798,0.40816326530612246,-80.4784346124284,1.1185616762547572e-35
16.3265306122449,29.707929521255,3.3914139974215445,0.98989898989899,0.40816326530612246,-80.49921935941084,1.0955526020539766e-35
16.3265306122449,33.0,3.4965075614664802,1.0,0.40816326530612246,-80.51838579506331,1.0747547109985794e-35
17.142857142857142,0.001,-6.907755278982137,0.0,0.42857142857142855,-70.07343758170585,3.693964609183869e-31
17.142857142857142,0.001110814537795,-6.802661714937222,0.010101010101008117,0.42857142857142855,-70.1430192332636,3.445670962153106e-31
17.142857142857142,0.0012339089373767,-6.697568150892323,0.020202020202014698,0.42857142857142855,-70.21249967793038,3.214391931244147e-31
17.142857142857142,0.0013706439859533,-6.592474586847349,0.030303030303028534,0.42857142857142855,-70.28192021975953,2.9988163567266735e-31
17.142857142857142,0.0015225312657382,-6.487381022802441,0.04040404040403597,0.42857142857142855,-70.35133822665516,2.797705609695834e-31
17.142857142857142,0.0016912498642295,-6.382287458757476,0.05050505050504887,0.42857142857142855,-70.42082989717973,2.6098897671537293e-31
17.142857142857142,0.00187866493623,-6.277193894712534,0.06060606060605963,0.42857142857142855,-70.49049322863867,2.4342644918637063e-31
17.142857142857142,0.00208684832281,-6.172100330667619,0.07070707070706775,0.42857142857142855,-70.56045115265236,2.2697886698180287e-31
17.142857142857142,0.0023181014551505,-6.067006766622687,0.08080808080807748,0.42857142857142855,-70.63085478040583,2.115482888279666e-31
17.142857142857142,0.002574980796465,-5.961913202577741,0.0909090909090886,0.42857142857142855,-70.70188666702067,1.9704288625725636e-31
17.142857142857142,0.0028603261032564,-5.856819638532781,0.10101010101010106,0.42857142857142855,-70.77376396084902,1.8337699357056057e-31
17.142857142857142,0.0031772918183317,-5.751726074487876,0.11111111111110823,0.42857142857142855,-70.84674124671777,1.7047127749382425e-31
17.142857142857142,0.0035293819426201,-5.646632510442922,0.1212121212121201,0.42857142857142855,-70.92111282034858,1.5825303644002932e-31
17.142857142857142,0.0039204887712936,-5.541538946397998,0.13131313131312908,0.42857142857142855,-70.99721404344646,1.4665663311976698e-31
17.142857142857142,0.0043549359224151,-5.436445382353058,0.14141414141413966,0.42857142857142855,-71.0754213265004,1.356240530706922e-31
17.142857142857142,0.0048375261337845,-5.331351818308116,0.15151515151515035,0.42857142857142855,-71.15615017412257,1.2510556422246913e-31
17.142857142857142,0.0053735943563712,-5.2262582542631755,0.16161616161616094,0.42857142857142855,-71.23985061667653,1.150604281035979e-31
17.142857142857142,0.0059690667312704,-5.121164690218244,0.17171717171717069,0.42857142857142855,-71.32699926151885,1.0545758216552566e-31
17.142857142857142,0.0066305261021638,-5.016071126173304,0.18181818181818118,0.42857142857142855,-71.41808715815311,9.627617754185676e-32
17.142857142857142,0.0073652847875129,-4.910977562128371,0.19191919191919102,0.42857142857142855,-71.51360272751313,8.750582313735238e-32
17.142857142857142,0.0081814654169699,-4.80588399808343,0.20202020202020168,0.42857142857142855,-71.6140092115114,7.914636480036771e-32
17.142857142857142,0.0090880907256374,-4.700790434038493,0.21212121212121193,0.42857142857142855,-71.71971651479045,7.120703032143896e-32
17.142857142857142,0.0100951832988382,-4.595696869993551,0.22222222222222263,0.42857142857142855,-71.83104798614595,6.370481081071463e-32
17.142857142857142,0.0112138763700549,-4.490603305948624,0.23232323232323193,0.42857142857142855,-71.94820363741695,5.666203622611159e-32
17.142857142857142,0.0124565368968931,-4.385509741903686,0.24242424242424226,0.42857142857142855,-72.07122247021125,5.010323608863106e-32
17.142857142857142,0.013836902275649,-4.280416177858747,0.2525252525252527,0.42857142857142855,-72.19994782282969,4.4051537089528606e-32
17.142857142857142,0.0153702322058399,-4.175322613813814,0.26262626262626254,0.42857142857142855,-72.33400069208179,3.852499982723622e-32
17.142857142857142,0.0170734773835322,-4.07022904976888,0.2727272727272725,0.42857142857142855,-72.47276646507991,3.353338815119216e-32
17.142857142857142,0.0189654668883421,-3.9651354857239447,0.2828282828282826,0.42857142857142855,-72.61540003991897,2.907585279620695e-32
17.142857142857142,0.0210671163356406,-3.8600419216790063,0.292929292929293,0.42857142857142855,-72.760852671406,2.5139879183368444e-32
17.142857142857142,0.0234016590950486,-3.7549483576340705,0.3030303030303031,0.42857142857142855,-72.90792107941542,2.1701621676456644e-32
17.142857142857142,0.0259949031313031,-3.649854793589135,0.3131313131313132,0.42857142857142855,-73.05531581675943,1.8727485396379376e-32
17.142857142857142,0.0288755163068248,-3.5447612295442013,0.32323232323232315,0.42857142857142855,-73.20174237623162,1.6176599013122783e-32
17.142857142857142,0.0320753432999582,-3.4396676654992664,0.33333333333333315,0.42857142857142855,-73.34598594001623,1.4003707679281742e-32
17.142857142857142,0.0356297576423598,-3.3345741014543298,0.34343434343434337,0.42857142857142855,-73.48698979200519,1.2162023595523951e-32
17.142857142857142,0.0395780527672466,-3.229480537409394,0.3535353535353535,0.42857142857142855,-73.62391851672938,1.0605678360524757e-32
17.142857142857142,0.0439638763914761,-3.1243869733644574,0.3636363636363637,0.42857142857142855,-73.75619990040805,9.29157586228423e-33
17.142857142857142,0.048835713033475,-3.019293409319523,0.3737373737373737,0.42857142857142855,-73.88354315530536,8.180595222041729e-33
17.142857142857142,0.0542474200011699,-2.914199845274587,0.3838383838383838,0.42857142857142855,-74.00593475173862,7.23820550365841e-33
17.142857142857142,0.060258822775172,-2.8091062812296523,0.3939393939393938,0.42857142857142855,-74.12361595749458,6.434615650607156e-33
17.142857142857142,0.0669363763690749,-2.7040127171847166,0.404040404040404,0.42857142857142855,-74.23704772021345,5.744600376126849e-33
17.142857142857142,0.0743538999780876,-2.5989191531397813,0.4141414141414141,0.42857142857142855,-74.34686876916463,5.147130112494185e-33
17.142857142857142,0.0825933930374168,-2.493825589094845,0.42424242424242425,0.42857142857142855,-74.4538520526824,4.6249058598079655e-33
17.142857142857142,0.0917459417117808,-2.38873202504991,0.4343434343434343,0.42857142857142855,-74.55886329665357,4.163869341547955e-33
17.142857142857142,0.101912725837141,-2.283638461004973,0.44444444444444453,0.42857142857142855,-74.66282397930458,3.7527319303300254e-33
17.142857142857142,0.113206137446215,-2.1785448969600347,0.4545454545454549,0.42857142857142855,-74.76667966873157,3.382545051848411e-33
17.142857142857142,0.125751023242877,-2.0734513329151003,0.46464646464646486,0.42857142857142855,-74.8713736269594,3.0463204175841414e-33
17.142857142857142,0.139686064760787,-1.9683577688701692,0.47474747474747453,0.42857142857142855,-74.97782489775791,2.7386994955002506e-33
17.142857142857142,0.155165311463659,-1.8632642048252352,0.48484848484848453,0.42857142857142855,-75.08690974019079,2.455666788418991e-33
17.142857142857142,0.172359883735326,-1.7581706407802946,0.49494949494949514,0.42857142857142855,-75.19944518556039,2.194299548376743e-33
17.142857142857142,0.19145986458586,-1.6530770767353593,0.5050505050505052,0.42857142857142855,-75.31617361430621,1.9525465711277237e-33
17.142857142857142,0.212676400986239,-1.5479835126904273,0.5151515151515149,0.42857142857142855,-75.43774751156563,1.7290299993382433e-33
17.142857142857142,0.236244038061438,-1.442889948645492,0.5252525252525251,0.42857142857142855,-75.56471391777237,1.5228660993374444e-33
17.142857142857142,0.262423311946047,-1.3377963846005527,0.5353535353535355,0.42857142857142855,-75.69749850581209,1.333503331555865e-33
17.142857142857142,0.291503629965987,-1.2327028205556183,0.5454545454545455,0.42857142857142855,-75.83638965473632,1.1605782984833359e-33
17.142857142857142,0.323806469986239,-1.1276092565106834,0.5555555555555556,0.42857142857142855,-75.98152331548876,1.0037919245378258e-33
17.142857142857142,0.359688934292802,-1.0225156924657481,0.5656565656565656,0.42857142857142855,-76.13286983381961,8.62809145254817e-34
17.142857142857142,0.399547697296443,-0.9174221284208132,0.5757575757575757,0.42857142857142855,-76.29022416011519,7.371852280420963e-34
17.142857142857142,0.443823390699414,-0.8123285643758777,0.5858585858585857,0.42857142857142855,-76.45320098346868,6.263205898166632e-34
17.142857142857142,0.49300547460239,-0.707235000330941,0.5959595959595959,0.42857142857142855,-76.62123623299641,5.294438493688933e-34
17.142857142857142,0.547637648400869,-0.6021414362860068,0.606060606060606,0.42857142857142855,-76.79359606749081,4.456203161165118e-34
17.142857142857142,0.608323861287565,-0.49704787224107067,0.6161616161616161,0.42857142857142855,-76.9693939313219,3.7378075781040815e-34
17.142857142857142,0.67573498880583,-0.39195430819613525,0.6262626262626262,0.42857142857142855,-77.14761553697117,3.127636554220509e-34
17.142857142857142,0.750616249262273,-0.2868607441511999,0.6363636363636362,0.42857142857142855,-77.32715083032211,2.613635937693265e-34
17.142857142857142,0.833795441985706,-0.18176718010626372,0.6464646464646464,0.42857142857142855,-77.50683122113271,2.1837900900844227e-34
17.142857142857142,0.926192098504948,-0.07667361606132911,0.6565656565656565,0.42857142857142855,-77.68546974351462,1.8265399113418645e-34
17.142857142857142,1.02882764781018,0.028419947983610284,0.666666666666667,0.42857142857142855,-77.86190145638494,1.531108075170846e-34
17.142857142857142,1.142836708073,0.1335135120285407,0.6767676767676766,0.42857142857142855,-78.03502136429263,1.287718177568465e-34
17.142857142857142,1.2694796296533,0.23860707607348014,0.686868686868687,0.42857142857142855,-78.20381743790564,1.0877112564199905e-34
17.142857142857142,1.41015642805352,0.3437006401184105,0.6969696969696967,0.42857142857142855,-78.36739688418537,9.235745820594377e-35
17.142857142857142,1.56642226084696,0.44879420416335164,0.7070707070707073,0.42857142857142855,-78.52500455726032,7.88903402863059e-35
17.142857142857142,1.74000461967455,0.5538877682082868,0.7171717171717173,0.42857142857142855,-78.67603319045459,6.783173527456127e-35
17.142857142857142,1.93282242736499,0.6589813322532224,0.7272727272727274,0.42857142857142855,-78.8200258529579,5.873509947085496e-35
17.142857142857142,2.14700725129329,0.7640748962981553,0.7373737373737373,0.42857142857142855,-78.95667160491232,5.12334040864561e-35
17.142857142857142,2.38492686748792,0.8691684603430914,0.7474747474747475,0.42857142857142855,-79.0857956958266,4.502724054013353e-35
17.142857142857142,2.64921143598352,0.9742620243880249,0.7575757575757573,0.42857142857142855,-79.207345816988,3.987372281194851e-35
17.142857142857142,2.94278257678333,1.0793555884329629,0.7676767676767676,0.42857142857142855,-79.32137590458535,3.5576575979814276e-35
17.142857142857142,3.26888566786082,1.184449152477898,0.7777777777777777,0.42857142857142855,-79.4280288415071,3.197756318079548e-35
17.142857142857142,3.63112572224959,1.289542716522833,0.7878787878787878,0.42857142857142855,-79.527519173593,2.894924644633418e-35
17.142857142857142,4.0335072408363,1.3946362805677694,0.797979797979798,0.42857142857142855,-79.62011668820276,2.638898424384425e-35
17.142857142857142,4.48047848142245,1.4997298446127043,0.808080808080808,0.42857142857142855,-79.7061314372104,2.421402257447317e-35
17.142857142857142,4.97698063344183,1.6048234086576407,0.8181818181818182,0.42857142857142855,-79.78590054867647,2.2357521549755813e-35
17.142857142857142,5.52850244195146,1.7099169727025751,0.8282828282828283,0.42857142857142855,-79.85977697559615,2.0765363289070163e-35
17.142857142857142,6.14114088475497,1.8150105367475111,0.8383838383838383,0.42857142857142855,-79.92812018094922,1.9393601010451434e-35
17.142857142857142,6.8216685734332,1.9201041007924453,0.8484848484848483,0.42857142857142855,-79.99128865382608,1.8206427552475334e-35
17.142857142857142,7.57760862338904,2.0251976648373815,0.8585858585858586,0.42857142857142855,-80.04963408579908,1.7174560735724538e-35
17.142857142857142,8.41731782058148,2.1302912288823177,0.8686868686868686,0.42857142857142855,-80.10349700231235,1.6273960994504456e-35
17.142857142857142,9.35007900434302,2.2353847929272526,0.8787878787878787,0.42857142857142855,-80.15320363283567,1.5484812656244955e-35
17.142857142857142,10.3862036875563,2.3404783569721936,0.8888888888888893,0.42857142857142855,-80.19906380875356,1.4790713816780694e-35
17.142857142857142,11.5371460486378,2.445571921017128,0.8989898989898993,0.42857142857142855,-80.24136969351552,1.4178031005013082e-35
17.142857142857142,12.8156295554912,2.550665485062058,0.909090909090909,0.42857142857142855,-80.28039517085021,1.363538397570397e-35
17.142857142857142,14.2357876212352,2.6557590491069942,0.919191919191919,0.42857142857142855,-80.31639574048462,1.315323330754172e-35
17.142857142857142,15.8133198466305,2.7608526131519304,0.9292929292929293,0.42857142857142855,-80.34960879450672,1.2723549316165924e-35
17.142857142857142,17.5656655764397,2.865946177196865,0.9393939393939392,0.42857142857142855,-80.38025416981766,1.2339545396489717e-35
17.142857142857142,19.5121966883548,2.9710397412417997,0.9494949494949493,0.42857142857142855,-80.40853489221688,1.1995462527446227e-35
17.142857142857142,21.6744317457404,3.0761333052867346,0.9595959595959593,0.42857142857142855,-80.4346380451908,1.1686394508052952e-35
17.142857142857142,24.0762738816144,3.1812268693316703,0.9696969696969694,0.42857142857142855,-80.45873571136632,1.1408145712432781e-35
17.142857142857142,26.744275043632,3.2863204333766105,0.97979797979798,0.42857142857142855,-80.48098594697646,1.1157114886431169e-35
17.142857142857142,29.707929521255,3.3914139974215445,0.98989898989899,0.42857142857142855,-80.50153375979606,1.0930199865633767e-35
17.142857142857142,33.0,3.4965075614664802,1.0,0.42857142857142855,-80.5205120691238,1.0724719157194417e-35
17.95918367346939,0.001,-6.907755278982137,0.0,0.44897959183673475,-70.42647490412877,2.595198426654488e-31
17.95918367346939,0.001110814537795,-6.802661714937222,0.010101010101008117,0.44897959183673475,-70.48938165123216,2.4369718697255787e-31
17.95918367346939,0.0012339089373767,-6.697568150892323,0.020202020202014698,0.44897959183673475,-70.55252454990892,2.287851878276694e-31
17.95918367346939,0.0013706439859533,-6.592474586847349,0.030303030303028534,0.44897959183673475,-70.61602399785134,2.1470909618736052e-31
17.95918367346939,0.0015225312657382,-6.487381022802441,0.04040404040403597,0.44897959183673475,-70.68002216096546,2.0139857561432826e-31
17.95918367346939,0.0016912498642295,-6.382287458757476,0.05050505050504887,0.44897959183673475,-70.74468516639573,1.8878766207703083e-31
17.95918367346939,0.00187866493623,-6.277193894712534,0.06060606060605963,0.44897959183673475,-70.81020522013173,1.768147985084806e-31
17.95918367346939,0.00208684832281,-6.172100330667619,0.07070707070706775,0.44897959183673475,-70.8768025267526,1.6542295240729703e-31
17.95918367346939,0.0023181014551505,-6.067006766622687,0.08080808080807748,0.44897959183673475,-70.94472684333006,1.5455982303032952e-31
17.95918367346939,0.002574980796465,-5.961913202577741,0.0909090909090886,0.44897959183673475,-71.01425844408057,1.4417814091851717e-31
17.95918367346939,0.0028603261032564,-5.856819638532781,0.10101010101010106,0.44897959183673475,-71.08570820750309,1.3423605589632557e-31
17.95918367346939,0.0031772918183317,-5.751726074487876,0.11111111111110823,0.44897959183673475,-71.15941646583396,1.2469759958346371e-31
17.95918367346939,0.0035293819426201,-5.646632510442922,0.1212121212121201,0.44897959183673475,-71.23575018304878,1.1553319436314552e-31
17.95918367346939,0.0039204887712936,-5.541538946397998,0.13131313131312908,0.44897959183673475,-71.31509796203662,1.0672016270539087e-31
17.95918367346939,0.0043549359224151,-5.436445382353058,0.14141414141413966,0.44897959183673475,-71.39786233942894,9.824316976235211e-32
17.95918367346939,0.0048375261337845,-5.331351818308116,0.15151515151515035,0.44897959183673475,-71.4844488302604,9.009451072820741e-32
17.95918367346939,0.0053735943563712,-5.2262582542631755,0.16161616161616094,0.44897959183673475,-71.57525126357923,8.227413697226444e-32
17.95918367346939,0.0059690667312704,-5.121164690218244,0.17171717171717069,0.44897959183673475,-71.67063313879868,7.478930773209963e-32
17.95918367346939,0.0066305261021638,-5.016071126173304,0.18181818181818118,0.44897959183673475,-71.77090506518108,6.765376475998232e-32
17.95918367346939,0.0073652847875129,-4.910977562128371,0.19191919191919102,0.44897959183673475,-71.87629884721669,6.088636278154782e-32
17.95918367346939,0.0081814654169699,-4.80588399808343,0.20202020202020168,0.44897959183673475,-71.98693944525175,5.450915251103142e-32
17.95918367346939,0.0090880907256374,-4.700790434038493,0.21212121212121193,0.44897959183673475,-72.10281682827342,4.854500183053396e-32
17.95918367346939,0.0100951832988382,-4.595696869993551,0.22222222222222263,0.44897959183673475,-72.22376053892346,4.3014941405296776e-32
17.95918367346939,0.0112138763700549,-4.490603305948624,0.23232323232323193,0.44897959183673475,-72.34942043864676,3.7935510660383205e-32
17.95918367346939,0.0124565368968931,-4.385509741903686,0.24242424242424226,0.44897959183673475,-72.47925737354345,3.3316430884843315e-32
17.95918367346939,0.013836902275649,-4.280416177858747,0.2525252525252527,0.44897959183673475,-72.61254717742734,2.915892064028995e-32
17.95918367346939,0.0153702322058399,-4.175322613813814,0.26262626262626254,0.44897959183673475,-72.74840036037698,2.5454885989148986e-32
17.95918367346939,0.0170734773835322,-4.07022904976888,0.2727272727272725,0.44897959183673475,-72.88579803054056,2.2187077798685634e-32
17.95918367346939,0.0189654668883421,-3.9651354857239447,0.2828282828282826,0.44897959183673475,-73.02364229356884,1.9330144627879928e-32
17.95918367346939,0.0210671163356406,-3.8600419216790063,0.292929292929293,0.44897959183673475,-73.16081700590864,1.685236600882311e-32
17.95918367346939,0.0234016590950486,-3.7549483576340705,0.3030303030303031,0.44897959183673475,-73.29625287460121,1.471776392072697e-32
17.95918367346939,0.0259949031313031,-3.649854793589135,0.3131313131313132,0.44897959183673475,-73.42898999105576,1.288827621694012e-32
17.95918367346939,0.0288755163068248,-3.5447612295442013,0.32323232323232315,0.44897959183673475,-73.55823122397474,1.1325726787750711e-32
17.95918367346939,0.0320753432999582,-3.4396676654992664,0.33333333333333315,0.44897959183673475,-73.68338140906214,9.993417834669323e-33
17.95918367346939,0.0356297576423598,-3.3345741014543298,0.34343434343434337,0.44897959183673475,-73.8040695784981,8.857269110552532e-33
17.95918367346939,0.0395780527672466,-3.229480537409394,0.3535353535353535,0.44897959183673475,-73.92015400989332,7.886512791635709e-33
17.95918367346939,0.0439638763914761,-3.1243869733644574,0.3636363636363637,0.44897959183673475,-74.03171208869408,7.054008100081593e-33
17.95918367346939,0.048835713033475,-3.019293409319523,0.3737373737373737,0.44897959183673475,-74.13901848318905,6.336265681034504e-33
17.95918367346939,0.0542474200011699,-2.914199845274587,0.3838383838383838,0.44897959183673475,-74.2425157831642,5.7132742642725914e-33
17.95918367346939,0.060258822775172,-2.8091062812296523,0.3939393939393938,0.44897959183673475,-74.34278163153422,5.168210190911756e-33
17.95918367346939,0.0669363763690749,-2.7040127171847166,0.404040404040404,0.44897959183673475,-74.44049570545363,4.687092074250806e-33
17.95918367346939,0.0743538999780876,-2.5989191531397813,0.4141414141414141,0.44897959183673475,-74.53640894743187,4.258423925867305e-33
17.95918367346939,0.0825933930374168,-2.493825589094845,0.42424242424242425,0.44897959183673475,-74.6313164443073,3.8728536961743926e-33
17.95918367346939,0.0917459417117808,-2.38873202504991,0.4343434343434343,0.44897959183673475,-74.72603446701982,3.522861557362085e-33
17.95918367346939,0.101912725837141,-2.283638461004973,0.44444444444444453,0.44897959183673475,-74.82138150273808,3.202483383156671e-33
17.95918367346939,0.113206137446215,-2.1785448969600347,0.4545454545454549,0.44897959183673475,-74.91816265507408,2.9070691646106373e-33
17.95918367346939,0.125751023242877,-2.0734513329151003,0.46464646464646486,0.44897959183673475,-75.01715653930118,2.6330728007922338e-33
17.95918367346939,0.139686064760787,-1.9683577688701692,0.47474747474747453,0.44897959183673475,-75.11910372035389,2.3778681439862103e-33
17.95918367346939,0.155165311463659,-1.8632642048252352,0.48484848484848453,0.44897959183673475,-75.2246957915997,2.139585839165988e-33
17.95918367346939,0.172359883735326,-1.7581706407802946,0.49494949494949514,0.44897959183673475,-75.33456433737221,1.9169660068454407e-33
17.95918367346939,0.19145986458586,-1.6530770767353593,0.5050505050505052,0.44897959183673475,-75.44926923614453,1.7092229168871633e-33
17.95918367346939,0.212676400986239,-1.5479835126904273,0.5151515151515149,0.44897959183673475,-75.56928602558035,1.515919284249342e-33
17.95918367346939,0.236244038061438,-1.442889948645492,0.5252525252525251,0.44897959183673475,-75.69499235106396,1.3368494885040749e-33
17.95918367346939,0.262423311946047,-1.3377963846005527,0.5353535353535355,0.44897959183673475,-75.82665384072259,1.1719326552123288e-33
17.95918367346939,0.291503629965987,-1.2327028205556183,0.5454545454545455,0.44897959183673475,-75.96441007279971,1.021117888219886e-33
17.95918367346939,0.323806469986239,-1.1276092565106834,0.5555555555555556,0.44897959183673475,-76.10826159836387,8.843047556367771e-34
17.95918367346939,0.359688934292802,-1.0225156924657481,0.5656565656565656,0.44897959183673475,-76.25805921850437,7.612822093646564e-34
17.95918367346939,0.399547697296443,-0.9174221284208132,0.5757575757575757,0.44897959183673475,-76.41349684958668,6.516883769433231e-34
17.95918367346939,0.443823390699414,-0.8123285643758777,0.5858585858585857,0.44897959183673475,-76.5741093025142,5.549921920513026e-34
17.95918367346939,0.49300547460239,-0.707235000330941,0.5959595959595959,0.44897959183673475,-76.73927612147769,4.7049589127436744e-34
17.95918367346939,0.547637648400869,-0.6021414362860068,0.606060606060606,0.44897959183673475,-76.90823226346122,3.973553960250987e-34
17.95918367346939,0.608323861287565,-0.49704787224107067,0.6161616161616161,0.44897959183673475,-77.08008586980948,3.3461394957185615e-34
17.95918367346939,0.67573498880583,-0.39195430819613525,0.6262626262626262,0.44897959183673475,-77.25384273658834,2.8124343504874837e-34
17.95918367346939,0.750616249262273,-0.2868607441511999,0.6363636363636362,0.44897959183673475,-77.42843641228525,2.3618772541525772e-34
17.95918367346939,0.833795441985706,-0.18176718010626372,0.6464646464646464,0.44897959183673475,-77.60276223846044,1.984031574568514e-34
17.95918367346939,0.926192098504948,-0.07667361606132911,0.6565656565656565,0.44897959183673475,-77.77571319914686,1.6689254273596252e-34
17.95918367346939,1.02882764781018,0.028419947983610284,0.666666666666667,0.44897959183673475,-77.94621523366791,1.4073069705279166e-34
17.95918367346939,1.142836708073,0.1335135120285407,0.6767676767676766,0.44897959183673475,-78.11325973073895,1.190809622773556e-34
17.95918367346939,1.2694796296533,0.23860707607348014,0.686868686868687,0.44897959183673475,-78.27593124644908,1.0120337451796065e-34
17.95918367346939,1.41015642805352,0.3437006401184105,0.6969696969696967,0.44897959183673475,-78.43342901717251,8.645588904350124e-35
17.95918367346939,1.56642226084696,0.44879420416335164,0.7070707070707073,0.44897959183673475,-78.58508148196908,7.429040953610873e-35
17.95918367346939,1.74000461967455,0.5538877682082868,0.7171717171717173,0.44897959183673475,-78.73035368848456,6.424537002436046e-35
17.95918367346939,1.93282242736499,0.6589813322532224,0.7272727272727274,0.44897959183673475,-78.8688480427536,5.593639854536257e-35
17.95918367346939,2.14700725129329,0.7640748962981553,0.7373737373737373,0.44897959183673475,-79.00029931300485,4.904626492435752e-35
17.95918367346939,2.38492686748792,0.8691684603430914,0.7474747474747475,0.44897959183673475,-79.12456507937806,4.331496851284282e-35
17.95918367346939,2.64921143598352,0.9742620243880249,0.7575757575757573,0.44897959183673475,-79.24161293536709,3.8530510671546496e-35
17.95918367346939,2.94278257678333,1.0793555884329629,0.7676767676767676,0.44897959183673475,-79.35150571669168,3.452064776969179e-35
17.95918367346939,3.26888566786082,1.184449152477898,0.7777777777777777,0.44897959183673475,-79.4543858968943,3.114573914768011e-35
17.95918367346939,3.63112572224959,1.289542716522833,0.7878787878787878,0.44897959183673475,-79.55046008798958,2.8292684126438045e-35
17.95918367346939,4.0335072408363,1.3946362805677694,0.797979797979798,0.44897959183673475,-79.6399843571143,2.58698705073511e-35
17.95918367346939,4.48047848142245,1.4997298446127043,0.808080808080808,0.44897959183673475,-79.7232508464112,2.380302090429245e-35
17.95918367346939,4.97698063344183,1.6048234086576407,0.8181818181818182,0.44897959183673475,-79.80057598367289,2.203181101310072e-35
17.95918367346939,5.52850244195146,1.7099169727025751,0.8282828282828283,0.44897959183673475,-79.87229040669857,2.0507136368177712e-35
17.95918367346939,6.14114088475497,1.8150105367475111,0.8383838383838383,0.44897959183673475,-79.93873059853543,1.9188914629530337e-35
17.95918367346939,6.8216685734332,1.9201041007924453,0.8484848484848483,0.44897959183673475,-80.00023214217192,1.8044324543521867e-35
17.95918367346939,7.57760862338904,2.0251976648373815,0.8585858585858586,0.44897959183673475,-80.05712444705834,1.7046397664417655e-35
17.95918367346939,8.41731782058148,2.1302912288823177,0.8686868686868686,0.44897959183673475,-80.1097267698428,1.617289314219166e-35
17.95918367346939,9.35007900434302,2.2353847929272526,0.8787878787878787,0.44897959183673475,-80.15834534151357,1.5405398597568877e-35
17.95918367346939,10.3862036875563,2.3404783569721936,0.8888888888888893,0.44897959183673475,-80.20327141686157,1.472861103311219e-35
17.95918367346939,11.5371460486378,2.445571921017128,0.8989898989898993,0.44897959183673475,-80.24478007489046,1.412976086871187e-35
17.95918367346939,12.8156295554912,2.550665485062058,0.909090909090909,0.44897959183673475,-80.28312961662941,1.3598149688314537e-35
17.95918367346939,14.2357876212352,2.6557590491069942,0.919191919191919,0.44897959183673475,-80.31856142687903,1.3124778352501233e-35
17.95918367346939,15.8133198466305,2.7608526131519304,0.9292929292929293,0.44897959183673475,-80.35130018675439,1.2702046993047264e-35
17.95918367346939,17.5656655764397,2.865946177196865,0.9393939393939392,0.44897959183673475,-80.38155434319798,1.2323512273218653e-35
17.95918367346939,19.5121966883548,2.9710397412417997,0.9494949494949493,0.44897959183673475,-80.4095167591715,1.1983690359482286e-35
17.95918367346939,21.6744317457404,3.0761333052867346,0.9595959595959593,0.44897959183673475,-80.43536548364536,1.1677896466568447e-35
17.95918367346939,24.0762738816144,3.1812268693316703,0.9696969696969694,0.44897959183673475,-80.45926459369525,1.1402113741001698e-35
17.95918367346939,26.744275043632,3.2863204333766105,0.97979797979798,0.44897959183673475,-80.4813650720656,1.115288574599259e-35
17.95918367346939,29.707929521255,3.3914139974215445,0.98989898989899,0.44897959183673475,-80.50180569264587,1.092722798932899e-35
17.95918367346939,33.0,3.4965075614664802,1.0,0.44897959183673475,-80.52071389365653,1.0722554864172833e-35
18.775510204081634,0.001,-6.907755278982137,0.0,0.46938775510204084,-70.73052243915511,1.9148043372645199e-31
18.775510204081634,0.001110814537795,-6.802661714937222,0.010101010101008117,0.46938775510204084,-70.78963990016292,1.8048869940537422e-31
18.775510204081634,0.0012339089373767,-6.697568150892323,0.020202020202014698,0.46938775510204084,-70.84960786721498,1.69983300791745e-31
18.775510204081634,0.0013706439859533,-6.592474586847349,0.030303030303028534,0.46938775510204084,-70.91061693841812,1.5992278906002488e-31
18.775510204081634,0.0015225312657382,-6.487381022802441,0.04040404040403597,0.46938775510204084,-70.97287982617424,1.502691835239434e-31
18.775510204081634,0.0016912498642295,-6.382287458757476,0.05050505050504887,0.46938775510204084,-71.03663200226207,1.4098818133437127e-31
18.775510204081634,0.00187866493623,-6.277193894712534,0.06060606060605963,0.46938775510204084,-71.10213176924799,1.3204942701151748e-31
18.775510204081634,0.00208684832281,-6.172100330667619,0.07070707070706775,0.46938775510204084,-71.16965952893963,1.2342683358073074e-31
18.775510204081634,0.0023181014551505,-6.067006766622687,0.08080808080807748,0.46938775510204084,-71.23951597129398,1.1509893898796257e-31
18.775510204081634,0.002574980796465,-5.961913202577741,0.0909090909090886,0.46938775510204084,-71.31201886266065,1.070492711105035e-31
18.775510204081634,0.0028603261032564,-5.856819638532781,0.10101010101010106,0.46938775510204084,-71.38749807823093,9.926668244915218e-32
18.775510204081634,0.0031772918183317,-5.751726074487876,0.11111111111110823,0.46938775510204084,-71.46628851144798,9.174560256649675e-32
18.775510204081634,0.0035293819426201,-5.646632510442922,0.1212121212121201,0.46938775510204084,-71.54872051824059,8.448614450495196e-32
18.775510204081634,0.0039204887712936,-5.541538946397998,0.13131313131312908,0.46938775510204084,-71.63510763512029,7.74939937753556e-32
18.775510204081634,0.0043549359224151,-5.436445382353058,0.14141414141413966,0.46938775510204084,-71.72573146799517,7.078000891056664e-32
18.775510204081634,0.0048375261337845,-5.331351818308116,0.15151515151515035,0.46938775510204084,-71.82082390143883,6.435947516181834e-32
18.775510204081634,0.0053735943563712,-5.2262582542631755,0.16161616161616094,0.46938775510204084,-71.92054713609126,5.825098095377983e-32
18.775510204081634,0.0059690667312704,-5.121164690218244,0.17171717171717069,0.46938775510204084,-72.02497251762651,5.247493102009944e-32
18.775510204081634,0.0066305261021638,-5.016071126173304,0.18181818181818118,0.46938775510204084,-72.13405964002885,4.705176736026396e-32
18.775510204081634,0.0073652847875129,-4.910977562128371,0.19191919191919102,0.46938775510204084,-72.2476377194969,4.2000030702987554e-32
18.775510204081634,0.0081814654169699,-4.80588399808343,0.20202020202020168,0.46938775510204084,-72.36539163748115,3.7334447701258266e-32
18.775510204081634,0.0090880907256374,-4.700790434038493,0.21212121212121193,0.46938775510204084,-72.48685521081208,3.3064257264776757e-32
18.775510204081634,0.0100951832988382,-4.595696869993551,0.22222222222222263,0.46938775510204084,-72.61141403311753,2.919198063262758e-32
18.775510204081634,0.0112138763700549,-4.490603305948624,0.23232323232323193,0.46938775510204084,-72.7383195562582,2.571278946180094e-32
18.775510204081634,0.0124565368968931,-4.385509741903686,0.24242424242424226,0.46938775510204084,-72.8667149429274,2.2614541439079703e-32
18.775510204081634,0.013836902275649,-4.280416177858747,0.2525252525252527,0.46938775510204084,-72.99567174317929,1.9878451893269017e-32
18.775510204081634,0.0153702322058399,-4.175322613813814,0.26262626262626254,0.46938775510204084,-73.12423487232523,1.748027664505461e-32
18.775510204081634,0.0170734773835322,-4.07022904976888,0.2727272727272725,0.46938775510204084,-73.251472017165,1.539181772463098e-32
18.775510204081634,0.0189654668883421,-3.9651354857239447,0.2828282828282826,0.46938775510204084,-73.3765227869781,1.3582541866516224e-32
18.775510204081634,0.0210671163356406,-3.8600419216790063,0.292929292929293,0.46938775510204084,-73.4986428652653,1.2021121210951766e-32
18.775510204081634,0.0234016590950486,-3.7549483576340705,0.3030303030303031,0.46938775510204084,-73.61723914024147,1.0676754788063318e-32
18.775510204081634,0.0259949031313031,-3.649854793589135,0.3131313131313132,0.46938775510204084,-73.73189313568169,9.520191204632659e-33
18.775510204081634,0.0288755163068248,-3.5447612295442013,0.32323232323232315,0.46938775510204084,-73.84237172529483,8.524431574842254e-33
18.775510204081634,0.0320753432999582,-3.4396676654992664,0.33333333333333315,0.46938775510204084,-73.94862574218388,7.66513654779395e-33
18.775510204081634,0.0356297576423598,-3.3345741014543298,0.34343434343434337,0.46938775510204084,-74.05077839221853,6.92078828102584e-33
18.775510204081634,0.0395780527672466,-3.229480537409394,0.3535353535353535,0.46938775510204084,-74.14910617087405,6.27266872418318e-33
18.775510204081634,0.0439638763914761,-3.1243869733644574,0.3636363636363637,0.46938775510204084,-74.24401523382134,5.704713910940157e-33
18.775510204081634,0.048835713033475,-3.019293409319523,0.3737373737373737,0.46938775510204084,-74.33601596516978,5.203295129426889e-33
18.775510204081634,0.0542474200011699,-2.914199845274587,0.3838383838383838,0.46938775510204084,-74.42569797247526,4.756966124943739e-33
18.775510204081634,0.060258822775172,-2.8091062812296523,0.3939393939393938,0.46938775510204084,-74.51370707645687,4.3562038101417566e-33
18.775510204081634,0.0669363763690749,-2.7040127171847166,0.404040404040404,0.46938775510204084,-74.60072519271638,3.9931599148902375e-33
18.775510204081634,0.0743538999780876,-2.5989191531397813,0.4141414141414141,0.46938775510204084,-74.68745341566326,3.661433191493766e-33
18.775510204081634,0.0825933930374168,-2.493825589094845,0.42424242424242425,0.46938775510204084,-74.774598158958,3.355866169551793e-33
18.775510204081634,0.0917459417117808,-2.38873202504991,0.4343434343434343,0.46938775510204084,-74.86285989341974,3.0723666961061173e-33
18.775510204081634,0.101912725837141,-2.283638461004973,0.44444444444444453,0.46938775510204084,-74.95292384059071,2.807752182610324e-33
18.775510204081634,0.113206137446215,-2.1785448969600347,0.4545454545454549,0.46938775510204084,-75.04545190514997,2.559613226435359e-33
18.775510204081634,0.125751023242877,-2.0734513329151003,0.46464646464646486,0.46938775510204084,-75.14107513746303,2.326192780457993e-33
18.775510204081634,0.139686064760787,-1.9683577688701692,0.47474747474747453,0.46938775510204084,-75.24038608771808,2.106277099117098e-33
18.775510204081634,0.155165311463659,-1.8632642048252352,0.48484848484848453,0.46938775510204084,-75.34393053013123,1.899095155277145e-33
18.775510204081634,0.172359883735326,-1.7581706407802946,0.49494949494949514,0.46938775510204084,-75.45219819006297,1.7042240060906475e-33
18.775510204081634,0.19145986458586,-1.6530770767353593,0.5050505050505052,0.46938775510204084,-75.56561229296135,1.5214986085695198e-33
18.775510204081634,0.212676400986239,-1.5479835126904273,0.5151515151515149,0.46938775510204084,-75.68451796755289,1.3509257541504296e-33
18.775510204081634,0.236244038061438,-1.442889948645492,0.5252525252525251,0.46938775510204084,-75.80916977073467,1.1926029819354128e-33
18.775510204081634,0.262423311946047,-1.3377963846005527,0.5353535353535355,0.46938775510204084,-75.9397188478385,1.0466443830700997e-33
18.775510204081634,0.291503629965987,-1.2327028205556183,0.5454545454545455,0.46938775510204084,-76.07620048239812,9.131159444770393e-34
18.775510204081634,0.323806469986239,-1.1276092565106834,0.5555555555555556,0.46938775510204084,-76.21852299984991,7.91983333423442e-34
18.775510204081634,0.359688934292802,-1.0225156924657481,0.5656565656565656,0.46938775510204084,-76.36645913892377,6.830746896493645e-34
18.775510204081634,0.399547697296443,-0.9174221284208132,0.5757575757575757,0.46938775510204084,-76.51964105909003,5.860600675618818e-34
18.775510204081634,0.443823390699414,-0.8123285643758777,0.5858585858585857,0.46938775510204084,-76.6775600815947,5.004477842754972e-34
18.775510204081634,0.49300547460239,-0.707235000330941,0.5959595959595959,0.46938775510204084,-76.83957204536743,4.25596324700584e-34
18.775510204081634,0.547637648400869,-0.6021414362860068,0.606060606060606,0.46938775510204084,-77.00490879620325,3.6073894459907757e-34
18.775510204081634,0.608323861287565,-0.49704787224107067,0.6161616161616161,0.46938775510204084,-77.17269584159199,3.0501699799744596e-34
18.775510204081634,0.67573498880583,-0.39195430819613525,0.6262626262626262,0.46938775510204084,-77.34197564405545,2.575175063788652e-34
18.775510204081634,0.750616249262273,-0.2868607441511999,0.6363636363636362,0.46938775510204084,-77.51173546387817,2.173106472318159e-34
18.775510204081634,0.833795441985706,-0.18176718010626372,0.6464646464646464,0.46938775510204084,-77.68093817882486,1.8348357775393472e-34
18.775510204081634,0.926192098504948,-0.07667361606132911,0.6565656565656565,0.46938775510204084,-77.84855417940207,1.5516811908537689e-34
18.775510204081634,1.02882764781018,0.028419947983610284,0.666666666666667,0.46938775510204084,-78.013592317147,1.3156105371006783e-34
18.775510204081634,1.142836708073,0.1335135120285407,0.6767676767676766,0.46938775510204084,-78.17512798988453,1.1193690427918584e-34
18.775510204081634,1.2694796296533,0.23860707607348014,0.686868686868687,0.46938775510204084,-78.33232676279201,9.565391112308106e-35
18.775510204081634,1.41015642805352,0.3437006401184105,0.6969696969696967,0.46938775510204084,-78.48446239434337,8.215444517124257e-35
18.775510204081634,1.56642226084696,0.44879420416335164,0.7070707070707073,0.46938775510204084,-78.63092868702083,7.096130019520906e-35
18.775510204081634,1.74000461967455,0.5538877682082868,0.7171717171717173,0.46938775510204084,-78.77124513397742,6.167127194483044e-35
18.775510204081634,1.93282242736499,0.6589813322532224,0.7272727272727274,0.46938775510204084,-78.90505681478449,5.394724005857201e-35
18.775510204081634,2.14700725129329,0.7640748962981553,0.7373737373737373,0.46938775510204084,-79.03212935755174,4.7509704252836966e-35
18.775510204081634,2.38492686748792,0.8691684603430914,0.7474747474747475,0.46938775510204084,-79.15234000865787,4.212845230438425e-35
18.775510204081634,2.64921143598352,0.9742620243880249,0.7575757575757573,0.46938775510204084,-79.26566593712084,3.761479325546133e-35
18.775510204081634,2.94278257678333,1.0793555884329629,0.7676767676767676,0.46938775510204084,-79.37217086879771,3.3814593815341835e-35
18.775510204081634,3.26888566786082,1.184449152477898,0.7777777777777777,0.46938775510204084,-79.47199102718676,3.060221281620602e-35
18.775510204081634,3.63112572224959,1.289542716522833,0.7878787878787878,0.46938775510204084,-79.56532118657317,2.787533259065643e-35
18.775510204081634,4.0335072408363,1.3946362805677694,0.797979797979798,0.46938775510204084,-79.65240145060224,2.5550628040354534e-35
18.775510204081634,4.48047848142245,1.4997298446127043,0.808080808080808,0.46938775510204084,-79.73350517959993,2.3560183990237277e-35
18.775510204081634,4.97698063344183,1.6048234086576407,0.8181818181818182,0.46938775510204084,-79.80892831983712,2.184856027242621e-35
18.775510204081634,5.52850244195146,1.7099169727025751,0.8282828282828283,0.46938775510204084,-79.8789802467894,2.0370404771352507e-35
18.775510204081634,6.14114088475497,1.8150105367475111,0.8383838383838383,0.46938775510204084,-79.94397612555878,1.9088522195102298e-35
18.775510204081634,6.8216685734332,1.9201041007924453,0.8484848484848483,0.46938775510204084,-80.00423071393422,1.7972317076386208e-35
18.775510204081634,7.57760862338904,2.0251976648373815,0.8585858585858586,0.46938775510204084,-80.06005348334988,1.6996541198362156e-35
18.775510204081634,8.41731782058148,2.1302912288823177,0.8686868686868686,0.46938775510204084,-80.11174490524988,1.6140286966811653e-35
18.775510204081634,9.35007900434302,2.2353847929272526,0.8787878787878787,0.46938775510204084,-80.15959373981507,1.5386178523775704e-35
18.775510204081634,10.3862036875563,2.3404783569721936,0.8888888888888893,0.46938775510204084,-80.20387516575585,1.4719721334329636e-35
18.775510204081634,11.5371460486378,2.445571921017128,0.8989898989898993,0.46938775510204084,-80.24484959974826,1.412877853324539e-35
18.775510204081634,12.8156295554912,2.550665485062058,0.909090909090909,0.46938775510204084,-80.28276206875809,1.360314857789571e-35
18.775510204081634,14.2357876212352,2.6557590491069942,0.919191919191919,0.46938775510204084,-80.31784201545172,1.3134223865226475e-35
18.775510204081634,15.8133198466305,2.7608526131519304,0.9292929292929293,0.46938775510204084,-80.35030343435884,1.2714714100752214e-35
18.775510204081634,17.5656655764397,2.865946177196865,0.9393939393939392,0.46938775510204084,-80.38034525325672,1.2338421519442643e-35
18.775510204081634,19.5121966883548,2.9710397412417997,0.9494949494949493,0.46938775510204084,-80.40815188967913,1.2000057699960864e-35
18.775510204081634,21.6744317457404,3.0761333052867346,0.9595959595959593,0.46938775510204084,-80.43389392614792,1.1695093813006806e-35
18.775510204081634,24.0762738816144,3.1812268693316703,0.9696969696969694,0.46938775510204084,-80.4577288595602,1.1419637808995961e-35
18.775510204081634,26.744275043632,3.2863204333766105,0.97979797979798,0.46938775510204084,-80.47980189016211,1.1170333368513506e-35
18.775510204081634,29.707929521255,3.3914139974215445,0.98989898989899,0.46938775510204084,-80.50024672383536,1.0944276482531446e-35
18.775510204081634,33.0,3.4965075614664802,1.0,0.46938775510204084,-80.51918636818861,1.0738946355832286e-35
19.591836734693878,0.001,-6.907755278982137,0.0,0.4897959183673469,-71.00476858976745,1.4555288320586233e-31
19.591836734693878,0.001110814537795,-6.802661714937222,0.010101010101008117,0.4897959183673469,-71.06344550267526,1.3725802740236523e-31
19.591836734693878,0.0012339089373767,-6.697568150892323,0.020202020202014698,0.4897959183673469,-71.12371389321012,1.2923005337927465e-31
19.591836734693878,0.0013706439859533,-6.592474586847349,0.030303030303028534,0.4897959183673469,-71.18580574390249,1.2144995985505335e-31
19.591836734693878,0.0015225312657382,-6.487381022802441,0.04040404040403597,0.4897959183673469,-71.24996835892962,1.1390214583023646e-31
19.591836734693878,0.0016912498642295,-6.382287458757476,0.05050505050504887,0.4897959183673469,-71.31646224063142,1.0657466594340386e-31
19.591836734693878,0.00187866493623,-6.277193894712534,0.06060606060605963,0.4897959183673469,-71.38555782619679,9.94594718011824e-32
19.591836734693878,0.00208684832281,-6.172100330667619,0.07070707070706775,0.4897959183673469,-71.45753084127116,9.255260888363308e-32
19.591836734693878,0.0023181014551505,-6.067006766622687,0.08080808080807748,0.4897959183673469,-71.53265603156655,8.58543312326092e-32
19.591836734693878,0.002574980796465,-5.961913202577741,0.0909090909090886,0.4897959183673469,-71.61119906612694,7.93690903911832e-32
19.591836734693878,0.0028603261032564,-5.856819638532781,0.10101010101010106,0.4897959183673469,-71.6934064782458,7.310535285589981e-32
19.591836734693878,0.0031772918183317,-5.751726074487876,0.11111111111110823,0.4897959183673469,-71.77949363384683,6.707520381742261e-32
19.591836734693878,0.0035293819426201,-5.646632510442922,0.1212121212121201,0.4897959183673469,-71.86963090179061,6.129370628864744e-32
19.591836734693878,0.0039204887712936,-5.541538946397998,0.13131313131312908,0.4897959183673469,-71.96392844926736,5.577800519431714e-32
19.591836734693878,0.0043549359224151,-5.436445382353058,0.14141414141413966,0.4897959183673469,-72.06242039039071,5.054619539361873e-32
19.591836734693878,0.0048375261337845,-5.331351818308116,0.15151515151515035,0.4897959183673469,-72.16504935336137,4.5616008360128244e-32
19.591836734693878,0.0053735943563712,-5.2262582542631755,0.16161616161616094,0.4897959183673469,-72.27165285725722,4.1003409080242805e-32
19.591836734693878,0.0059690667312704,-5.121164690218244,0.17171717171717069,0.4897959183673469,-72.38195313981157,3.6721225118596664e-32
19.591836734693878,0.0066305261021638,-5.016071126173304,0.18181818181818118,0.4897959183673469,-72.49555217505154,3.277794542829179e-32
19.591836734693878,0.0073652847875129,-4.910977562128371,0.19191919191919102,0.4897959183673469,-72.6119334878221,2.9176820658752913e-32
19.591836734693878,0.0081814654169699,-4.80588399808343,0.20202020202020168,0.4897959183673469,-72.7304719571472,2.591536695937735e-32
19.591836734693878,0.0090880907256374,-4.700790434038493,0.21212121212121193,0.4897959183673469,-72.8504520956723,2.2985325099220454e-32
19.591836734693878,0.0100951832988382,-4.595696869993551,0.22222222222222263,0.4897959183673469,-72.97109435851358,2.037306550928638e-32
19.591836734693878,0.0112138763700549,-4.490603305948624,0.23232323232323193,0.4897959183673469,-73.09158800297475,1.8060370555990494e-32
19.591836734693878,0.0124565368968931,-4.385509741903686,0.24242424242424226,0.4897959183673469,-73.21112807421972,1.6025480625434733e-32
19.591836734693878,0.013836902275649,-4.280416177858747,0.2525252525252527,0.4897959183673469,-73.32895342572347,1.4244268895991296e-32
19.591836734693878,0.0153702322058399,-4.175322613813814,0.26262626262626254,0.4897959183673469,-73.44438244998139,1.2691412946401186e-32
19.591836734693878,0.0170734773835322,-4.07022904976888,0.2727272727272725,0.4897959183673469,-73.55684345871397,1.1341455149052211e-32
19.591836734693878,0.0189654668883421,-3.9651354857239447,0.2828282828282826,0.4897959183673469,-73.6658973657534,1.0169679578752465e-32
19.591836734693878,0.0210671163356406,-3.8600419216790063,0.292929292929293,0.4897959183673469,-73.7712513437759,9.15277145816358e-33
19.591836734693878,0.0234016590950486,-3.7549483576340705,0.3030303030303031,0.4897959183673469,-73.87276324466285,8.269258339177219e-33
19.591836734693878,0.0259949031313031,-3.649854793589135,0.3131313131313132,0.4897959183673469,-73.97043758815815,7.499755954743834e-33
19.591836734693878,0.0288755163068248,-3.5447612295442013,0.32323232323232315,0.4897959183673469,-74.06441467936205,6.827054964434575e-33
19.591836734693878,0.0320753432999582,-3.4396676654992664,0.33333333333333315,0.4897959183673469,-74.15495483476683,6.236089068433492e-33
19.591836734693878,0.0356297576423598,-3.3345741014543298,0.34343434343434337,0.4897959183673469,-74.24241978089165,5.7138227779144755e-33
19.591836734693878,0.0395780527672466,-3.229480537409394,0.3535353535353535,0.4897959183673469,-74.32725310150272,5.249091254818983e-33
19.591836734693878,0.0439638763914761,-3.1243869733644574,0.3636363636363637,0.4897959183673469,-74.40996124270742,4.8324173359414116e-33
19.591836734693878,0.048835713033475,-3.019293409319523,0.3737373737373737,0.4897959183673469,-74.49109613706652,4.4558236756117694e-33
19.591836734693878,0.0542474200011699,-2.914199845274587,0.3838383838383838,0.4897959183673469,-74.57124005901316,4.112651728135424e-33
19.591836734693878,0.060258822775172,-2.8091062812296523,0.3939393939393938,0.4897959183673469,-74.6509929292168,3.7973943705847386e-33
19.591836734693878,0.0669363763690749,-2.7040127171847166,0.404040404040404,0.4897959183673469,-74.73096197366691,3.505545331567197e-33
19.591836734693878,0.0743538999780876,-2.5989191531397813,0.4141414141414141,0.4897959183673469,-74.81175342148168,3.233466065944948e-33
19.591836734693878,0.0825933930374168,-2.493825589094845,0.42424242424242425,0.4897959183673469,-74.89396578705015,2.97826906698439e-33
19.591836734693878,0.0917459417117808,-2.38873202504991,0.4343434343434343,0.4897959183673469,-74.97818421334472,2.7377156148563506e-33
19.591836734693878,0.101912725837141,-2.283638461004973,0.44444444444444453,0.4897959183673469,-75.06497533875712,2.510125445160413e-33
19.591836734693878,0.113206137446215,-2.1785448969600347,0.4545454545454549,0.4897959183673469,-75.15488217618609,2.294295655800833e-33
19.591836734693878,0.125751023242877,-2.0734513329151003,0.46464646464646486,0.4897959183673469,-75.24841855053117,2.089426274059015e-33
19.591836734693878,0.139686064760787,-1.9683577688701692,0.47474747474747453,0.4897959183673469,-75.34606272339225,1.895050231197396e-33
19.591836734693878,0.155165311463659,-1.8632642048252352,0.48484848484848453,0.4897959183673469,-75.44824993915414,1.710966010876567e-33
19.591836734693878,0.172359883735326,-1.7581706407802946,0.49494949494949514,0.4897959183673469,-75.55536375435288,1.537171922901934e-33
19.591836734693878,0.19145986458586,-1.6530770767353593,0.5050505050505052,0.4897959183673469,-75.66772616229784,1.3738017635592156e-33
19.591836734693878,0.212676400986239,-1.5479835126904273,0.5151515151515149,0.4897959183673469,-75.78558669589852,1.2210624896640409e-33
19.591836734693878,0.236244038061438,-1.442889948645492,0.5252525252525251,0.4897959183673469,-75.90911087865311,1.0791753559281011e-33
19.591836734693878,0.262423311946047,-1.3377963846005527,0.5353535353535355,0.4897959183673469,-76.03836858685327,9.48322620110167e-34
19.591836734693878,0.291503629965987,-1.2327028205556183,0.5454545454545455,0.4897959183673469,-76.17332306919174,8.286022777836019e-34
19.591836734693878,0.323806469986239,-1.1276092565106834,0.5555555555555556,0.4897959183673469,-76.31382152103912,7.199932426419373e-34
19.591836734693878,0.359688934292802,-1.0225156924657481,0.5656565656565656,0.4897959183673469,-76.45958820322662,6.2233289128104735e-34
19.591836734693878,0.399547697296443,-0.9174221284208132,0.5757575757575757,0.4897959183673469,-76.61022110191608,5.353079805636014e-34
19.591836734693878,0.443823390699414,-0.8123285643758777,0.5858585858585857,0.4897959183673469,-76.76519302414835,4.58458751500399e-34
19.591836734693878,0.49300547460239,-0.707235000330941,0.5959595959595959,0.4897959183673469,-76.92385780070755,3.911947614435739e-34
19.591836734693878,0.547637648400869,-0.6021414362860068,0.606060606060606,0.4897959183673469,-77.08546192842839,3.3281987221779913e-34
19.591836734693878,0.608323861287565,-0.49704787224107067,0.6161616161616161,0.4897959183673469,-77.24916155285129,2.825630735684168e-34
19.591836734693878,0.67573498880583,-0.39195430819613525,0.6262626262626262,0.4897959183673469,-77.41404421437086,2.3961156509387296e-34
19.591836734693878,0.750616249262273,-0.2868607441511999,0.6363636363636362,0.4897959183673469,-77.57915431713703,2.0314276965752483e-34
19.591836734693878,0.833795441985706,-0.18176718010626372,0.6464646464646464,0.4897959183673469,-77.74352089579685,1.723526126779204e-34
19.591836734693878,0.926192098504948,-0.07667361606132911,0.6565656565656565,0.4897959183673469,-77.9061860093117,1.4647830642380538e-34
19.591836734693878,1.02882764781018,0.028419947983610284,0.666666666666667,0.4897959183673469,-78.0662320225212,1.2481483577401492e-34
19.591836734693878,1.142836708073,0.1335135120285407,0.6767676767676766,0.4897959183673469,-78.22280615550909,1.0672518779694684e-34
19.591836734693878,1.2694796296533,0.23860707607348014,0.686868686868687,0.4897959183673469,-78.37514096810261,9.16449965412463e-35
19.591836734693878,1.41015642805352,0.3437006401184105,0.6969696969696967,0.4897959183673469,-78.5225698558706,7.9082648719244e-35
19.591836734693878,1.56642226084696,0.44879420416335164,0.7070707070707073,0.4897959183673469,-78.6645371028073,6.861603439653855e-35
19.591836734693878,1.74000461967455,0.5538877682082868,0.7171717171717173,0.4897959183673469,-78.80060249959256,5.988708354280566e-35
19.591836734693878,1.93282242736499,0.6589813322532224,0.7272727272727274,0.4897959183673469,-78.93044093908352,5.259507103016783e-35
19.591836734693878,2.14700725129329,0.7640748962981553,0.7373737373737373,0.4897959183673469,-79.05383770418207,4.648946108644473e-35
19.591836734693878,2.38492686748792,0.8691684603430914,0.7474747474747475,0.4897959183673469,-79.17068034995602,4.1362844326951976e-35
19.591836734693878,2.64921143598352,0.9742620243880249,0.7575757575757573,0.4897959183673469,-79.28094815387834,3.7044325936745637e-35
19.591836734693878,2.94278257678333,1.0793555884329629,0.7676767676767676,0.4897959183673469,-79.38470008203653,3.3393566636262667e-35
19.591836734693878,3.26888566786082,1.184449152477898,0.7777777777777777,0.4897959183673469,-79.48206212041346,3.0295561825234174e-35
19.591836734693878,3.63112572224959,1.289542716522833,0.7878787878787878,0.4897959183673469,-79.57321467659897,2.76561650671914e-35
19.591836734693878,4.0335072408363,1.3946362805677694,0.797979797979798,0.4897959183673469,-79.65838059411028,2.5398312979158973e-35
19.591836734693878,4.48047848142245,1.4997298446127043,0.808080808080808,0.4897959183673469,-79.73781415936445,2.3458882044933242e-35
19.591836734693878,4.97698063344183,1.6048234086576407,0.8181818181818182,0.4897959183673469,-79.81179133453911,2.1786096982474604e-35
19.591836734693878,5.52850244195146,1.7099169727025751,0.8282828282828283,0.4897959183673469,-79.880601326335,2.0337409476066901e-35
19.591836734693878,6.14114088475497,1.8150105367475111,0.8383838383838383,0.4897959183673469,-79.94453950425182,1.9077771157153082e-35
19.591836734693878,6.8216685734332,1.9201041007924453,0.8484848484848483,0.4897959183673469,-80.00390161196061,1.7978232774786924e-35
19.591836734693878,7.57760862338904,2.0251976648373815,0.8585858585858586,0.4897959183673469,-80.0589791689114,1.70148106397808e-35
19.591836734693878,8.41731782058148,2.1302912288823177,0.8686868686868686,0.4897959183673469,-80.11005593247111,1.616757050623194e-35
19.591836734693878,9.35007900434302,2.2353847929272526,0.8787878787878787,0.4897959183673469,-80.15740527930431,1.541988743974842e-35
19.591836734693878,10.3862036875563,2.3404783569721936,0.8888888888888893,0.4897959183673469,-80.20128836427334,1.4757847622608602e-35
19.591836734693878,11.5371460486378,2.445571921017128,0.8989898989898993,0.4897959183673469,-80.2419529222609,1.416976438067901e-35
19.591836734693878,12.8156295554912,2.550665485062058,0.909090909090909,0.4897959183673469,-80.27963259009239,1.3645786022845764e-35
19.591836734693878,14.2357876212352,2.6557590491069942,0.919191919191919,0.4897959183673469,-80.31454663992167,1.3177577459111087e-35
19.591836734693878,15.8133198466305,2.7608526131519304,0.9292929292929293,0.4897959183673469,-80.34690003042262,1.2758061130655416e-35
19.591836734693878,17.5656655764397,2.865946177196865,0.9393939393939392,0.4897959183673469,-80.3768836967969,1.2381205669311203e-35
19.591836734693878,19.5121966883548,2.9710397412417997,0.9494949494949493,0.4897959183673469,-80.40467501427072,1.204185302193682e-35
19.591836734693878,21.6744317457404,3.0761333052867346,0.9595959595959593,0.4897959183673469,-80.43043838202873,1.1735576630453565e-35
19.591836734693878,24.0762738816144,3.1812268693316703,0.9696969696969694,0.4897959183673469,-80.45432588525422,1.1458564739149948e-35
19.591836734693878,26.744275043632,3.2863204333766105,0.97979797979798,0.4897959183673469,-80.47647800209928,1.1207524080896372e-35
19.591836734693878,29.707929521255,3.3914139974215445,0.98989898989899,0.4897959183673469,-80.49702433007496,1.0979600133570952e-35
19.591836734693878,33.0,3.4965075614664802,1.0,0.4897959183673469,-80.51608431266492,1.0772310886252164e-35
20.408163265306122,0.001,-6.907755278982137,0.0,0.5102040816326531,-71.26606962209591,1.120828630841729e-31
20.408163265306122,0.001110814537795,-6.802661714937222,0.010101010101008117,0.5102040816326531,-71.3272848560931,1.0542746835262103e-31
20.408163265306122,0.0012339089373767,-6.697568150892323,0.020202020202014698,0.5102040816326531,-71.39078024393292,9.89414068448889e-32
20.408163265306122,0.0013706439859533,-6.592474586847349,0.030303030303028534,0.5102040816326531,-71.4567823734756,9.262190746141933e-32
20.408163265306122,0.0015225312657382,-6.487381022802441,0.04040404040403597,0.5102040816326531,-71.52551845657804,8.646931509573042e-32
20.408163265306122,0.0016912498642295,-6.382287458757476,0.05050505050504887,0.5102040816326531,-71.59721096630852,8.048711443607304e-32
20.408163265306122,0.00187866493623,-6.277193894712534,0.06060606060605963,0.5102040816326531,-71.67207094592857,7.46818524007355e-32
20.408163265306122,0.00208684832281,-6.172100330667619,0.07070707070706775,0.5102040816326531,-71.75028993180887,6.906293131617437e-32
20.408163265306122,0.0023181014551505,-6.067006766622687,0.08080808080807748,0.5102040816326531,-71.83203052496866,6.364224910058712e-32
20.408163265306122,0.002574980796465,-5.961913202577741,0.0909090909090886,0.5102040816326531,-71.91741577635271,5.843367161608182e-32
20.408163265306122,0.0028603261032564,-5.856819638532781,0.10101010101010106,0.5102040816326531,-72.00651771960177,5.345233644306941e-32
20.408163265306122,0.0031772918183317,-5.751726074487876,0.11111111111110823,0.5102040816326531,-72.09934558550316,4.871380612801813e-32
20.408163265306122,0.0035293819426201,-5.646632510442922,0.1212121212121201,0.5102040816326531,-72.19583444872724,4.423311072549508e-32
20.408163265306122,0.0039204887712936,-5.541538946397998,0.13131313131312908,0.5102040816326531,-72.29583526293052,4.002374111308096e-32
20.408163265306122,0.0043549359224151,-5.436445382353058,0.14141414141413966,0.5102040816326531,-72.39910739705074,3.6096671964957e-32
20.408163265306122,0.0048375261337845,-5.331351818308116,0.15151515151515035,0.5102040816326531,-72.50531484853104,3.2459502008538244e-32
20.408163265306122,0.0053735943563712,-5.2262582542631755,0.16161616161616094,0.5102040816326531,-72.61402723350582,2.911579572407396e-32
20.408163265306122,0.0059690667312704,-5.121164690218244,0.17171717171717069,0.5102040816326531,-72.72472640658079,2.6064693581730274e-32
20.408163265306122,0.0066305261021638,-5.016071126173304,0.18181818181818118,0.5102040816326531,-72.83681913552243,2.330082885887178e-32
20.408163265306122,0.0073652847875129,-4.910977562128371,0.19191919191919102,0.5102040816326531,-72.94965567665403,2.0814552721730985e-32
20.408163265306122,0.0081814654169699,-4.80588399808343,0.20202020202020168,0.5102040816326531,-73.06255343288046,1.8592432366701261e-32
20.408163265306122,0.0090880907256374,-4.700790434038493,0.21212121212121193,0.5102040816326531,-73.17482422928047,1.66179566982055e-32
20.408163265306122,0.0100951832988382,-4.595696869993551,0.22222222222222263,0.5102040816326531,-73.2858032270854,1.4872365726295095e-32
20.408163265306122,0.0112138763700549,-4.490603305948624,0.23232323232323193,0.5102040816326531,-73.3948772191889,1.333551596754355e-32
20.408163265306122,0.0124565368968931,-4.385509741903686,0.24242424242424226,0.5102040816326531,-73.5015100725239,1.1986703529850339e-32
20.408163265306122,0.013836902275649,-4.280416177858747,0.2525252525252527,0.5102040816326531,-73.60526340897017,1.08053854198677e-32
20.408163265306122,0.0153702322058399,-4.175322613813814,0.26262626262626254,0.5102040816326531,-73.70581118906657,9.771762800687487e-33
20.408163265306122,0.0170734773835322,-4.07022904976888,0.2727272727272725,0.5102040816326531,-73.80294757631113,8.867212563109812e-33
20.408163265306122,0.0189654668883421,-3.9651354857239447,0.2828282828282826,0.5102040816326531,-73.89658818856411,8.074572126216597e-33
20.408163265306122,0.0210671163356406,-3.8600419216790063,0.292929292929293,0.5102040816326531,-73.98676547158742,7.378295111452867e-33
20.408163265306122,0.0234016590950486,-3.7549483576340705,0.3030303030303031,0.5102040816326531,-74.07361937703422,6.76450231824873e-33
20.408163265306122,0.0259949031313031,-3.649854793589135,0.3131313131313132,0.5102040816326531,-74.1573847582438,6.220954244880181e-33
20.408163265306122,0.0288755163068248,-3.5447612295442013,0.32323232323232315,0.5102040816326531,-74.238376921117,5.7369697205770163e-33
20.408163265306122,0.0320753432999582,-3.4396676654992664,0.33333333333333315,0.5102040816326531,-74.31697662550035,5.303311534671228e-33
20.408163265306122,0.0356297576423598,-3.3345741014543298,0.34343434343434337,0.5102040816326531,-74.39361558231845,4.9120554844981255e-33
20.408163265306122,0.0395780527672466,-3.229480537409394,0.3535353535353535,0.5102040816326531,-74.46876319157825,4.556454855657433e-33
20.408163265306122,0.0439638763914761,-3.1243869733644574,0.3636363636363637,0.5102040816326531,-74.54291496505488,4.230808475472272e-33
20.408163265306122,0.048835713033475,-3.019293409319523,0.3737373737373737,0.5102040816326531,-74.61658280882139,3.930337342494257e-33
20.408163265306122,0.0542474200011699,-2.914199845274587,0.3838383838383838,0.5102040816326531,-74.69028712330295,3.651072446880356e-33
20.408163265306122,0.060258822775172,-2.8091062812296523,0.3939393939393938,0.5102040816326531,-74.76455051794308,3.389754672774096e-33
20.408163265306122,0.0669363763690749,-2.7040127171847166,0.404040404040404,0.5102040816326531,-74.83989283074409,3.143746489041539e-33
20.408163265306122,0.0743538999780876,-2.5989191531397813,0.4141414141414141,0.5102040816326531,-74.91682708192006,2.9109543620489576e-33
20.408163265306122,0.0825933930374168,-2.493825589094845,0.42424242424242425,0.5102040816326531,-74.99585596614502,2.6897603560055776e-33
20.408163265306122,0.0917459417117808,-2.38873202504991,0.4343434343434343,0.5102040816326531,-75.0774684905724,2.4789611424209394e-33
20.408163265306122,0.101912725837141,-2.283638461004973,0.44444444444444453,0.5102040816326531,-75.16213638916444,2.277712567826108e-33
20.408163265306122,0.113206137446215,-2.1785448969600347,0.4545454545454549,0.5102040816326531,-75.25030998367207,2.0854779990849506e-33
20.408163265306122,0.125751023242877,-2.0734513329151003,0.46464646464646486,0.5102040816326531,-75.34241321611614,1.9019788661664586e-33
20.408163265306122,0.139686064760787,-1.9683577688701692,0.47474747474747453,0.5102040816326531,-75.43883764711093,1.7271461492895928e-33
20.408163265306122,0.155165311463659,-1.8632642048252352,0.48484848484848453,0.5102040816326531,-75.539935300342,1.5610720057956385e-33
20.408163265306122,0.172359883735326,-1.7581706407802946,0.49494949494949514,0.5102040816326531,-75.64601033766893,1.4039612859792324e-33
20.408163265306122,0.19145986458586,-1.6530770767353593,0.5050505050505052,0.5102040816326531,-75.75730967236692,1.2560833112214943e-33
20.408163265306122,0.212676400986239,-1.5479835126904273,0.5151515151515149,0.5102040816326531,-75.8740127683463,1.1177249228058614e-33
20.408163265306122,0.236244038061438,-1.442889948645492,0.5252525252525251,0.5102040816326531,-75.99622102558465,9.891463735126089e-34
20.408163265306122,0.262423311946047,-1.3377963846005527,0.5353535353535355,0.5102040816326531,-76.12394730665231,8.705420304304369e-34
20.408163265306122,0.291503629965987,-1.2327028205556183,0.5454545454545455,0.5102040816326531,-76.25710630121908,7.6200799409242876e-34
20.408163265306122,0.323806469986239,-1.1276092565106834,0.5555555555555556,0.5102040816326531,-76.39550653535439,6.635185508295712e-34
20.408163265306122,0.359688934292802,-1.0225156924657481,0.5656565656565656,0.5102040816326531,-76.53884488805848,5.749128474901468e-34
20.408163265306122,0.399547697296443,-0.9174221284208132,0.5757575757575757,0.5102040816326531,-76.68670445700867,4.958923618509101e-34
20.408163265306122,0.443823390699414,-0.8123285643758777,0.5858585858585857,0.5102040816326531,-76.83855650204863,4.260287557437032e-34
20.408163265306122,0.49300547460239,-0.707235000330941,0.5959595959595959,0.5102040816326531,-76.99376698140127,3.647807055758604e-34
20.408163265306122,0.547637648400869,-0.6021414362860068,0.606060606060606,0.5102040816326531,-77.15160788907257,3.1151748202180073e-34
20.408163265306122,0.608323861287565,-0.49704787224107067,0.6161616161616161,0.5102040816326531,-77.31127322617463,2.6554654116542413e-34
20.408163265306122,0.67573498880583,-0.39195430819613525,0.6262626262626262,0.5102040816326531,-77.47189903344311,2.2614226996749854e-34
20.408163265306122,0.750616249262273,-0.2868607441511999,0.6363636363636362,0.5102040816326531,-77.63258652758593,1.9257329224490145e-34
20.408163265306122,0.833795441985706,-0.18176718010626372,0.6464646464646464,0.5102040816326531,-77.79242707362336,1.6412630341031747e-34
20.408163265306122,0.926192098504948,-0.07667361606132911,0.6565656565656565,0.5102040816326531,-77.95052753512905,1.4012513049346598e-34
20.408163265306122,1.02882764781018,0.028419947983610284,0.666666666666667,0.5102040816326531,-78.10603450355384,1.1994446502849119e-34
20.408163265306122,1.142836708073,0.1335135120285407,0.6767676767676766,0.5102040816326531,-78.25815602276742,1.0301837032722822e-34
20.408163265306122,1.2694796296533,0.23860707607348014,0.686868686868687,0.5102040816326531,-78.40617967727272,8.884414639163682e-35
20.408163265306122,1.41015642805352,0.3437006401184105,0.6969696969696967,0.5102040816326531,-78.54948626346409,7.698242001718741e-35
20.408163265306122,1.56642226084696,0.44879420416335164,0.7070707070707073,0.5102040816326531,-78.68755866186522,6.705443055509819e-35
20.408163265306122,1.74000461967455,0.5538877682082868,0.7171717171717173,0.5102040816326531,-78.81998592152563,5.873744489432904e-35
20.408163265306122,1.93282242736499,0.6589813322532224,0.7272727272727274,0.5102040816326531,-78.94646291013628,5.175910908642747e-35
20.408163265306122,2.14700725129329,0.7640748962981553,0.7373737373737373,0.5102040816326531,-79.06678614341256,4.589137561771323e-35
20.408163265306122,2.38492686748792,0.8691684603430914,0.7474747474747475,0.5102040816326531,-79.18084657010269,4.0944470787690234e-35
20.408163265306122,2.64921143598352,0.9742620243880249,0.7575757575757573,0.5102040816326531,-79.28862015558099,3.6761209229691775e-35
20.408163265306122,2.94278257678333,1.0793555884329629,0.7676767676767676,0.5102040816326531,-79.39015709047494,3.3211833970668373e-35
20.408163265306122,3.26888566786082,1.184449152477898,0.7777777777777777,0.5102040816326531,-79.48557037147764,3.018946360663499e-35
20.408163265306122,3.63112572224959,1.289542716522833,0.7878787878787878,0.5102040816326531,-79.57502438216035,2.7606160811599573e-35
20.408163265306122,4.0335072408363,1.3946362805677694,0.797979797979798,0.5102040816326531,-79.65872396355358,2.538959347166245e-35
20.408163265306122,4.48047848142245,1.4997298446127043,0.808080808080808,0.5102040816326531,-79.73690432497806,2.348023545504438e-35
20.408163265306122,4.97698063344183,1.6048234086576407,0.8181818181818182,0.5102040816326531,-79.80982201760095,2.1829042985544723e-35
20.408163265306122,5.52850244195146,1.7099169727025751,0.8282828282828283,0.5102040816326531,-79.87774708405726,2.0395540290262342e-35
20.408163265306122,6.14114088475497,1.8150105367475111,0.8383838383838383,0.5102040816326531,-79.94095641057164,1.914625121037568e-35
20.408163265306122,6.8216685734332,1.9201041007924453,0.8484848484848483,0.5102040816326531,-79.99972824350253,1.8053419345886413e-35
20.408163265306122,7.57760862338904,2.0251976648373815,0.8585858585858586,0.5102040816326531,-80.05433778815741,1.7093966408347056e-35
20.408163265306122,8.41731782058148,2.1302912288823177,0.8686868686868686,0.5102040816326531,-80.10505378097567,1.624864574949e-35
20.408163265306122,9.35007900434302,2.2353847929272526,0.8787878787878787,0.5102040816326531,-80.15213591319177,1.5501354924581002e-35
20.408163265306122,10.3862036875563,2.3404783569721936,0.8888888888888893,0.5102040816326531,-80.19583298139877,1.4838577337328428e-35
20.408163265306122,11.5371460486378,2.445571921017128,0.8989898989898993,0.5102040816326531,-80.23638164493073,1.424892838529391e-35
20.408163265306122,12.8156295554912,2.550665485062058,0.909090909090909,0.5102040816326531,-80.27400567908809,1.3722786079447577e-35
20.408163265306122,14.2357876212352,2.6557590491069942,0.919191919191919,0.5102040816326531,-80.30891562492299,1.325198990761203e-35
20.408163265306122,15.8133198466305,2.7608526131519304,0.9292929292929293,0.5102040816326531,-80.34130874907375,1.28295948360798e-35
20.408163265306122,17.5656655764397,2.865946177196865,0.9393939393939392,0.5102040816326531,-80.3713692399349,1.2449669891879876e-35
20.408163265306122,19.5121966883548,2.9710397412417997,0.9494949494949493,0.5102040816326531,-80.39926857858332,1.2107132832397378e-35
20.408163265306122,21.6744317457404,3.0761333052867346,0.9595959595959593,0.5102040816326531,-80.42516603394168,1.1797614073240047e-35
20.408163265306122,24.0762738816144,3.1812268693316703,0.9696969696969694,0.5102040816326531,-80.44920924144557,1.1517344382489853e-35
20.408163265306122,26.744275043632,3.2863204333766105,0.97979797979798,0.5102040816326531,-80.47153483293327,1.1263061921743085e-35
20.408163265306122,29.707929521255,3.3914139974215445,0.98989898989899,0.5102040816326531,-80.49226909263444,1.103193507312238e-35
20.408163265306122,33.0,3.4965075614664802,1.0,0.5102040816326531,-80.51152862008773,1.0821498179017294e-35
21.224489795918366,0.001,-6.907755278982137,0.0,0.5306122448979591,-71.5259624825548,8.64309289964784e-32
21.224489795918366,0.001110814537795,-6.802661714937222,0.010101010101008117,0.5306122448979591,-71.59166073592557,8.0935078465874e-32
21.224489795918366,0.0012339089373767,-6.697568150892323,0.020202020202014698,0.5306122448979591,-71.66009704620545,7.558146057317856e-32
21.224489795918366,0.0013706439859533,-6.592474586847349,0.030303030303028534,0.5306122448979591,-71.73143715971038,7.037730993072529e-32
21.224489795918366,0.0015225312657382,-6.487381022802441,0.04040404040403597,0.5306122448979591,-71.80582821232933,6.533186242946034e-32
21.224489795918366,0.0016912498642295,-6.382287458757476,0.05050505050504887,0.5306122448979591,-71.88339144329588,6.045604823116378e-32
21.224489795918366,0.00187866493623,-6.277193894712534,0.06060606060605963,0.5306122448979591,-71.96421413681792,5.576207238864861e-32
21.224489795918366,0.00208684832281,-6.172100330667619,0.07070707070706775,0.5306122448979591,-72.0483410440056,5.126288621721724e-32
21.224489795918366,0.0023181014551505,-6.067006766622687,0.08080808080807748,0.5306122448979591,-72.13576566741504,4.697156419043354e-32
21.224489795918366,0.002574980796465,-5.961913202577741,0.0909090909090886,0.5306122448979591,-72.22642192821847,4.290061410292602e-32
21.224489795918366,0.0028603261032564,-5.856819638532781,0.10101010101010106,0.5306122448979591,-72.32017686541606,3.9061260796641904e-32
21.224489795918366,0.0031772918183317,-5.751726074487876,0.11111111111110823,0.5306122448979591,-72.41682511560606,3.5462753666385395e-32
21.224489795918366,0.0035293819426201,-5.646632510442922,0.1212121212121201,0.5306122448979591,-72.516085964613,3.211175312827713e-32
21.224489795918366,0.0039204887712936,-5.541538946397998,0.13131313131312908,0.5306122448979591,-72.61760372260632,2.901184939027995e-32
21.224489795918366,0.0043549359224151,-5.436445382353058,0.14141414141413966,0.5306122448979591,-72.72095203183875,2.6163257394215376e-32
21.224489795918366,0.0048375261337845,-5.331351818308116,0.15151515151515035,0.5306122448979591,-72.82564246302063,2.3562715375774513e-32
21.224489795918366,0.0053735943563712,-5.2262582542631755,0.16161616161616094,0.5306122448979591,-72.93113740374407,2.1203593352185229e-32
21.224489795918366,0.0059690667312704,-5.121164690218244,0.17171717171717069,0.5306122448979591,-73.03686682359067,1.9076195430364423e-32
21.224489795918366,0.0066305261021638,-5.016071126173304,0.18181818181818118,0.5306122448979591,-73.14224806942359,1.716821998343278e-32
21.224489795918366,0.0073652847875129,-4.910977562128371,0.19191919191919102,0.5306122448979591,-73.246707467358,1.546532778891945e-32
21.224489795918366,0.0081814654169699,-4.80588399808343,0.20202020202020168,0.5306122448979591,-73.34970225111913,1.395176212765156e-32
21.224489795918366,0.0090880907256374,-4.700790434038493,0.21212121212121193,0.5306122448979591,-73.45074125035698,1.2610966826464938e-32
21.224489795918366,0.0100951832988382,-4.595696869993551,0.22222222222222263,0.5306122448979591,-73.54940287866545,1.142615687818069e-32
21.224489795918366,0.0112138763700549,-4.490603305948624,0.23232323232323193,0.5306122448979591,-73.64534924593971,1.0380809101940791e-32
21.224489795918366,0.0124565368968931,-4.385509741903686,0.24242424242424226,0.5306122448979591,-73.73833563678157,9.45905451039622e-33
21.224489795918366,0.013836902275649,-4.280416177858747,0.2525252525252527,0.5306122448979591,-73.82821507732751,8.645967190485623e-33
21.224489795918366,0.0153702322058399,-4.175322613813814,0.26262626262626254,0.5306122448979591,-73.91493818228055,7.9277549453059e-33
21.224489795918366,0.0170734773835322,-4.07022904976888,0.2727272727272725,0.5306122448979591,-73.99854886702022,7.291863968767269e-33
21.224489795918366,0.0189654668883421,-3.9651354857239447,0.2828282828282826,0.5306122448979591,-74.07917678294423,6.727013499863487e-33
21.224489795918366,0.0210671163356406,-3.8600419216790063,0.292929292929293,0.5306122448979591,-74.15702747068205,6.223177311567426e-33
21.224489795918366,0.0234016590950486,-3.7549483576340705,0.3030303030303031,0.5306122448979591,-74.23237123317254,5.771527839232916e-33
21.224489795918366,0.0259949031313031,-3.649854793589135,0.3131313131313132,0.5306122448979591,-74.30553163433449,5.364356551831699e-33
21.224489795918366,0.0288755163068248,-3.5447612295442013,0.32323232323232315,0.5306122448979591,-74.37687436372642,4.994981483452316e-33
21.224489795918366,0.0320753432999582,-3.4396676654992664,0.33333333333333315,0.5306122448979591,-74.44679700849873,4.6576501453681006e-33
21.224489795918366,0.0356297576423598,-3.3345741014543298,0.34343434343434337,0.5306122448979591,-74.51572007117163,4.347443614966947e-33
21.224489795918366,0.0395780527672466,-3.229480537409394,0.3535353535353535,0.5306122448979591,-74.58407938703216,4.060185579361493e-33
21.224489795918366,0.0439638763914761,-3.1243869733644574,0.3636363636363637,0.5306122448979591,-74.65231994096477,3.7923585256949373e-33
21.224489795918366,0.048835713033475,-3.019293409319523,0.3737373737373737,0.5306122448979591,-74.72089096523388,3.541028081798906e-33
21.224489795918366,0.0542474200011699,-2.914199845274587,0.3838383838383838,0.5306122448979591,-74.79024211631203,3.30377565555233e-33
21.224489795918366,0.060258822775172,-2.8091062812296523,0.3939393939393938,0.5306122448979591,-74.86082047599763,3.0786389279487498e-33
21.224489795918366,0.0669363763690749,-2.7040127171847166,0.404040404040404,0.5306122448979591,-74.93306809400076,2.8640593590323816e-33
21.224489795918366,0.0743538999780876,-2.5989191531397813,0.4141414141414141,0.5306122448979591,-75.00741978010197,2.65883561623715e-33
21.224489795918366,0.0825933930374168,-2.493825589094845,0.42424242424242425,0.5306122448979591,-75.0843008590877,2.4620816953250156e-33
21.224489795918366,0.0917459417117808,-2.38873202504991,0.4343434343434343,0.5306122448979591,-75.16412461761335,2.273188453876688e-33
21.224489795918366,0.101912725837141,-2.283638461004973,0.44444444444444453,0.5306122448979591,-75.24728919727035,2.0917873074042787e-33
21.224489795918366,0.113206137446215,-2.1785448969600347,0.4545454545454549,0.5306122448979591,-75.33417372233191,1.9177149488639492e-33
21.224489795918366,0.125751023242877,-2.0734513329151003,0.46464646464646486,0.5306122448979591,-75.42513349508253,1.75097814838697e-33
21.224489795918366,0.139686064760787,-1.9683577688701692,0.47474747474747453,0.5306122448979591,-75.52049414828103,1.591717975279114e-33
21.224489795918366,0.155165311463659,-1.8632642048252352,0.48484848484848453,0.5306122448979591,-75.62054471535274,1.4401731558124288e-33
21.224489795918366,0.172359883735326,-1.7581706407802946,0.49494949494949514,0.5306122448979591,-75.72552966600902,1.2966427224235491e-33
21.224489795918366,0.19145986458586,-1.6530770767353593,0.5050505050505052,0.5306122448979591,-75.835640058377,1.1614485898934784e-33
21.224489795918366,0.212676400986239,-1.5479835126904273,0.5151515151515149,0.5306122448979591,-75.95100407625439,1.034899160548579e-33
21.224489795918366,0.236244038061438,-1.442889948645492,0.5252525252525251,0.5306122448979591,-76.07167734637514,9.172554468072951e-34
21.224489795918366,0.262423311946047,-1.3377963846005527,0.5353535353535355,0.5306122448979591,-76.19763355626942,8.087014325441305e-34
21.224489795918366,0.291503629965987,-1.2327028205556183,0.5454545454545455,0.5306122448979591,-76.32875600507779,7.093204100463589e-34
21.224489795918366,0.323806469986239,-1.1276092565106834,0.5555555555555556,0.5306122448979591,-76.46483080080891,6.1907878780055715e-34
21.224489795918366,0.359688934292802,-1.0225156924657481,0.5656565656565656,0.5306122448979591,-76.60554244962597,5.37818368509616e-34
21.224489795918366,0.399547697296443,-0.9174221284208132,0.5757575757575757,0.5306122448979591,-76.75047254850911,4.652573992804683e-34
21.224489795918366,0.443823390699414,-0.8123285643758777,0.5858585858585857,0.5306122448979591,-76.89910217951761,4.009998961255601e-34
21.224489795918366,0.49300547460239,-0.707235000330941,0.5959595959595959,0.5306122448979591,-77.05081840793399,3.4455197153743036e-34
21.224489795918366,0.547637648400869,-0.6021414362860068,0.606060606060606,0.5306122448979591,-77.20492501577569,2.9534327739563e-34
21.224489795918366,0.608323861287565,-0.49704787224107067,0.6161616161616161,0.5306122448979591,-77.36065727788878,2.5275131733549457e-34
21.224489795918366,0.67573498880583,-0.39195430819613525,0.6262626262626262,0.5306122448979591,-77.51720024380037,2.161263313301704e-34
21.224489795918366,0.750616249262273,-0.2868607441511999,0.6363636363636362,0.5306122448979591,-77.67370966662222,1.8481469624176937e-34
21.224489795918366,0.833795441985706,-0.18176718010626372,0.6464646464646464,0.5306122448979591,-77.82933446397902,1.58179250025372e-34
21.224489795918366,0.926192098504948,-0.07667361606132911,0.6565656565656565,0.5306122448979591,-77.9832394420928,1.3561553118267437e-34
21.224489795918366,1.02882764781018,0.028419947983610284,0.666666666666667,0.5306122448979591,-78.13462698578941,1.165635201778929e-34
21.224489795918366,1.142836708073,0.1335135120285407,0.6767676767676766,0.5306122448979591,-78.28275651856895,1.0051498583979514e-34
21.224489795918366,1.2694796296533,0.23860707607348014,0.686868686868687,0.5306122448979591,-78.42696075258557,8.701692110478322e-35
21.224489795918366,1.41015642805352,0.3437006401184105,0.6969696969696967,0.5306122448979591,-78.56665804659052,7.567177981631061e-35
21.224489795918366,1.56642226084696,0.44879420416335164,0.7070707070707073,0.5306122448979591,-78.70136052888854,6.61353115904356e-35
21.224489795918366,1.74000461967455,0.5538877682082868,0.7171717171717173,0.5306122448979591,-78.83067797858718,5.811276628264796e-35
21.224489795918366,1.93282242736499,0.6589813322532224,0.7272727272727274,0.5306122448979591,-78.95431775400031,5.135414192507892e-35
21.224489795918366,2.14700725129329,0.7640748962981553,0.7373737373737373,0.5306122448979591,-79.07208128518617,4.5649016506839735e-35
21.224489795918366,2.38492686748792,0.8691684603430914,0.7474747474747475,0.5306122448979591,-79.18385779489236,4.082136322754559e-35
21.224489795918366,2.64921143598352,0.9742620243880249,0.7575757575757573,0.5306122448979591,-79.28961597819256,3.672461980762276e-35
21.224489795918366,2.94278257678333,1.0793555884329629,0.7676767676767676,0.5306122448979591,-79.38939436559367,3.3237175125726625e-35
21.224489795918366,3.26888566786082,1.184449152477898,0.7777777777777777,0.5306122448979591,-79.48329103351004,3.0258354079764345e-35
21.224489795918366,3.63112572224959,1.289542716522833,0.7878787878787878,0.5306122448979591,-79.57145322840417,2.7704922898814566e-35
21.224489795918366,4.0335072408363,1.3946362805677694,0.797979797979798,0.5306122448979591,-79.6540673545392,2.55080985833412e-35
21.224489795918366,4.48047848142245,1.4997298446127043,0.808080808080808,0.5306122448979591,-79.73134965529566,2.3611023312454163e-35
21.224489795918366,4.97698063344183,1.6048234086576407,0.8181818181818182,0.5306122448979591,-79.80353780558272,2.1966653253001923e-35
21.224489795918366,5.52850244195146,1.7099169727025751,0.8282828282828283,0.5306122448979591,-79.8708835351802,2.0536007578537166e-35
21.224489795918366,6.14114088475497,1.8150105367475111,0.8383838383838383,0.5306122448979591,-79.93364632343317,1.928672478659577e-35
21.224489795918366,6.8216685734332,1.9201041007924453,0.8484848484848483,0.5306122448979591,-79.99208814532734,1.8191877485481135e-35
21.224489795918366,7.57760862338904,2.0251976648373815,0.8585858585858586,0.5306122448979591,-80.04646920638731,1.722900225438139e-35
21.224489795918366,8.41731782058148,2.1302912288823177,0.8686868686868686,0.5306122448979591,-80.09704457669778,1.6379307020478087e-35
21.224489795918366,9.35007900434302,2.2353847929272526,0.8787878787878787,0.5306122448979591,-80.14406161977006,1.5627024074731338e-35
21.224489795918366,10.3862036875563,2.3404783569721936,0.8888888888888893,0.5306122448979591,-80.18775810702722,1.495888205422646e-35
21.224489795918366,11.5371460486378,2.445571921017128,0.8989898989898993,0.5306122448979591,-80.22836091066866,1.4363674813539287e-35
21.224489795918366,12.8156295554912,2.550665485062058,0.909090909090909,0.5306122448979591,-80.2660851742942,1.383190905642673e-35
21.224489795918366,14.2357876212352,2.6557590491069942,0.919191919191919,0.5306122448979591,-80.3011338700696,1.3355515929028603e-35
21.224489795918366,15.8133198466305,2.7608526131519304,0.9292929292929293,0.5306122448979591,-80.33369766198497,1.2927614544781957e-35
21.224489795918366,17.5656655764397,2.865946177196865,0.9393939393939392,0.5306122448979591,-80.36395500587507,1.2542317690246485e-35
21.224489795918366,19.5121966883548,2.9710397412417997,0.9494949494949493,0.5306122448979591,-80.39207242764351,1.2194571822460489e-35
21.224489795918366,21.6744317457404,3.0761333052867346,0.9595959595959593,0.5306122448979591,-80.41820493112267,1.1880024980440514e-35
21.224489795918366,24.0762738816144,3.1812268693316703,0.9696969696969694,0.5306122448979591,-80.44249649597424,1.1594917456693646e-35
21.224489795918366,26.744275043632,3.2863204333766105,0.97979797979798,0.5306122448979591,-80.46508063388391,1.1335991061718868e-35
21.224489795918366,29.707929521255,3.3914139974215445,0.98989898989899,0.5306122448979591,-80.48608097803356,1.110041360962098e-35
21.224489795918366,33.0,3.4965075614664802,1.0,0.5306122448979591,-80.50561188649458,1.0885715893031267e-35
22.04081632653061,0.001,-6.907755278982137,0.0,0.5510204081632653,-71.78933395868982,6.641839890974273e-32
22.04081632653061,0.001110814537795,-6.802661714937222,0.010101010101008117,0.5510204081632653,-71.86003713786148,6.18845734250734e-32
22.04081632653061,0.0012339089373767,-6.697568150892323,0.020202020202014698,0.5510204081632653,-71.93357897569231,5.749678844489469e-32
22.04081632653061,0.0013706439859533,-6.592474586847349,0.030303030303028534,0.5510204081632653,-72.01002024795434,5.326544560545535e-32
22.04081632653061,0.0015225312657382,-6.487381022802441,0.04040404040403597,0.5510204081632653,-72.08938676579886,4.920136185056156e-32
22.04081632653061,0.0016912498642295,-6.382287458757476,0.05050505050504887,0.5510204081632653,-72.17166295349891,4.5315317740733673e-32
22.04081632653061,0.00187866493623,-6.277193894712534,0.06060606060605963,0.5510204081632653,-72.25678573557452,4.1617565811592425e-32
22.04081632653061,0.00208684832281,-6.172100330667619,0.07070707070706775,0.5510204081632653,-72.344639170066,3.8117324830424166e-32
22.04081632653061,0.0023181014551505,-6.067006766622687,0.08080808080807748,0.5510204081632653,-72.4350503281607,3.4822291450857427e-32
22.04081632653061,0.002574980796465,-5.961913202577741,0.0909090909090886,0.5510204081632653,-72.52778695073798,3.1738203661015307e-32
22.04081632653061,0.0028603261032564,-5.856819638532781,0.10101010101010106,0.5510204081632653,-72.62255739446985,2.886848958013236e-32
22.04081632653061,0.0031772918183317,-5.751726074487876,0.11111111111110823,0.5510204081632653,-72.71901330132677,2.621403010101309e-32
22.04081632653061,0.0035293819426201,-5.646632510442922,0.1212121212121201,0.5510204081632653,-72.81675527931795,2.377305483413822e-32
22.04081632653061,0.0039204887712936,-5.541538946397998,0.13131313131312908,0.5510204081632653,-72.91534167232551,2.1541178803364278e-32
22.04081632653061,0.0043549359224151,-5.436445382353058,0.14141414141413966,0.5510204081632653,-73.01430023824538,1.9511574050752918e-32
22.04081632653061,0.0048375261337845,-5.331351818308116,0.15151515151515035,0.5510204081632653,-73.1131422746691,1.7675257744946787e-32
22.04081632653061,0.0053735943563712,-5.2262582542631755,0.16161616161616094,0.5510204081632653,-73.21137846658947,1.6021468469692097e-32
22.04081632653061,0.0059690667312704,-5.121164690218244,0.17171717171717069,0.5510204081632653,-73.30853552099808,1.453809648528971e-32
22.04081632653061,0.0066305261021638,-5.016071126173304,0.18181818181818118,0.5510204081632653,-73.40417253423608,1.3212132477901893e-32
22.04081632653061,0.0073652847875129,-4.910977562128371,0.19191919191919102,0.5510204081632653,-73.4978960326791,1.2030102329273261e-32
22.04081632653061,0.0081814654169699,-4.80588399808343,0.20202020202020168,0.5510204081632653,-73.58937274077073,1.0978461721391447e-32
22.04081632653061,0.0090880907256374,-4.700790434038493,0.21212121212121193,0.5510204081632653,-73.67833934760134,1.0043932503611009e-32
22.04081632653061,0.0100951832988382,-4.595696869993551,0.22222222222222263,0.5510204081632653,-73.76460883205262,9.213771221405521e-33
22.04081632653061,0.0112138763700549,-4.490603305948624,0.23232323232323193,0.5510204081632653,-73.84807322452284,8.475967824102348e-33
22.04081632653061,0.0124565368968931,-4.385509741903686,0.24242424242424226,0.5510204081632653,-73.92870298633694,7.819378552945244e-33
22.04081632653061,0.013836902275649,-4.280416177858747,0.2525252525252527,0.5510204081632653,-74.00654343886968,7.233801041721982e-33
22.04081632653061,0.0153702322058399,-4.175322613813814,0.26262626262626254,0.5510204081632653,-74.0817088486446,6.710001806166652e-33
22.04081632653061,0.0170734773835322,-4.07022904976888,0.2727272727272725,0.5510204081632653,-74.15437486281378,6.2397068742014e-33
22.04081632653061,0.0189654668883421,-3.9651354857239447,0.2828282828282826,0.5510204081632653,-74.22476999606646,5.815565750066304e-33
22.04081632653061,0.0210671163356406,-3.8600419216790063,0.292929292929293,0.5510204081632653,-74.29316681008545,5.4310976484403404e-33
22.04081632653061,0.0234016590950486,-3.7549483576340705,0.3030303030303031,0.5510204081632653,-74.35987332064938,5.080627350477641e-33
22.04081632653061,0.0259949031313031,-3.649854793589135,0.3131313131313132,0.5510204081632653,-74.4252250368082,4.759216395966003e-33
22.04081632653061,0.0288755163068248,-3.5447612295442013,0.32323232323232315,0.5510204081632653,-74.48957790013723,4.46259380969981e-33
22.04081632653061,0.0320753432999582,-3.4396676654992664,0.33333333333333315,0.5510204081632653,-74.55330226423435,4.187089257458502e-33
22.04081632653061,0.0356297576423598,-3.3345741014543298,0.34343434343434337,0.5510204081632653,-74.61677794448015,3.9295704683524714e-33
22.04081632653061,0.0395780527672466,-3.229480537409394,0.3535353535353535,0.5510204081632653,-74.6803902799557,3.687385936997289e-33
22.04081632653061,0.0439638763914761,-3.1243869733644574,0.3636363636363637,0.5510204081632653,-74.74452708384564,3.45831330102739e-33
22.04081632653061,0.048835713033475,-3.019293409319523,0.3737373737373737,0.5510204081632653,-74.80957631365759,3.240513338768913e-33
22.04081632653061,0.0542474200011699,-2.914199845274587,0.3838383838383838,0.5510204081632653,-74.87592426482838,3.0324892108058774e-33
22.04081632653061,0.060258822775172,-2.8091062812296523,0.3939393939393938,0.5510204081632653,-74.94395407704887,2.8330503454247642e-33
22.04081632653061,0.0669363763690749,-2.7040127171847166,0.404040404040404,0.5510204081632653,-75.01404433853837,2.6412802169101455e-33
22.04081632653061,0.0743538999780876,-2.5989191531397813,0.4141414141414141,0.5510204081632653,-75.08656757691415,2.4565071711795175e-33
22.04081632653061,0.0825933930374168,-2.493825589094845,0.42424242424242425,0.5510204081632653,-75.16188843460326,2.2782774070707177e-33
22.04081632653061,0.0917459417117808,-2.38873202504991,0.4343434343434343,0.5510204081632653,-75.2403613413624,2.1063292224442763e-33
22.04081632653061,0.101912725837141,-2.283638461004973,0.44444444444444453,0.5510204081632653,-75.32232751684033,1.9405676860850338e-33
22.04081632653061,0.113206137446215,-2.1785448969600347,0.4545454545454549,0.5510204081632653,-75.40811116351132,1.781039006080816e-33
22.04081632653061,0.125751023242877,-2.0734513329151003,0.46464646464646486,0.5510204081632653,-75.49801474661062,1.627904039737446e-33
22.04081632653061,0.139686064760787,-1.9683577688701692,0.47474747474747453,0.5510204081632653,-75.59231330504387,1.481410632286804e-33
22.04081632653061,0.155165311463659,-1.8632642048252352,0.48484848484848453,0.5510204081632653,-75.69124779755495,1.3418647770952856e-33
22.04081632653061,0.172359883735326,-1.7581706407802946,0.49494949494949514,0.5510204081632653,-75.7950175628734,1.209600942867817e-33
22.04081632653061,0.19145986458586,-1.6530770767353593,0.5050505050505052,0.5510204081632653,-75.90377206082687,1.084952283817139e-33
22.04081632653061,0.212676400986239,-1.5479835126904273,0.5151515151515149,0.5510204081632653,-76.01760216103517,9.682217936961713e-34
22.04081632653061,0.236244038061438,-1.442889948645492,0.5252525252525251,0.5510204081632653,-76.13653135153318,8.596557309502816e-34
22.04081632653061,0.262423311946047,-1.3377963846005527,0.5353535353535355,0.5510204081632653,-76.2605073430115,7.594207751720845e-34
22.04081632653061,0.291503629965987,-1.2327028205556183,0.5454545454545455,0.5510204081632653,-76.38939463364686,6.675863292615711e-34
22.04081632653061,0.323806469986239,-1.1276092565106834,0.5555555555555556,0.5510204081632653,-76.5229686605562,5.841131343272645e-34
22.04081632653061,0.359688934292802,-1.0225156924657481,0.5656565656565656,0.5510204081632653,-76.66091218160982,5.088489255836383e-34
22.04081632653061,0.399547697296443,-0.9174221284208132,0.5757575757575757,0.5510204081632653,-76.80281449189083,4.415312751358163e-34
22.04081632653061,0.443823390699414,-0.8123285643758777,0.5858585858585857,0.5510204081632653,-76.94817397300025,3.81797122572755e-34
22.04081632653061,0.49300547460239,-0.707235000330941,0.5959595959595959,0.5510204081632653,-77.09640429854271,3.291978866876383e-34
22.04081632653061,0.547637648400869,-0.6021414362860068,0.606060606060606,0.5510204081632653,-77.24684438316972,2.832185793213514e-34
22.04081632653061,0.608323861287565,-0.49704787224107067,0.6161616161616161,0.5510204081632653,-77.39877188402363,2.4329907886126187e-34
22.04081632653061,0.67573498880583,-0.39195430819613525,0.6262626262626262,0.5510204081632653,-77.55141977061369,2.0885569880662754e-34
22.04081632653061,0.750616249262273,-0.2868607441511999,0.6363636363636362,0.5510204081632653,-77.70399520671663,1.793013914555061e-34
22.04081632653061,0.833795441985706,-0.18176718010626372,0.6464646464646464,0.5510204081632653,-77.85569977142505,1.5406330299488231e-34
22.04081632653061,0.926192098504948,-0.07667361606132911,0.6565656565656565,0.5510204081632653,-78.00574991615098,1.325968645619441e-34
22.04081632653061,1.02882764781018,0.028419947983610284,0.666666666666667,0.5510204081632653,-78.15339652914274,1.1439608068849937e-34
22.04081632653061,1.142836708073,0.1335135120285407,0.6767676767676766,0.5510204081632653,-78.29794256267793,9.900009256238244e-35
22.04081632653061,1.2694796296533,0.23860707607348014,0.686868686868687,0.5510204081632653,-78.4387578584,8.599640468451913e-35
22.04081632653061,1.41015642805352,0.3437006401184105,0.6969696969696967,0.5510204081632653,-78.57529055764589,7.502135378457585e-35
22.04081632653061,1.56642226084696,0.44879420416335164,0.7070707070707073,0.5510204081632653,-78.70707477204367,6.575847602926792e-35
22.04081632653061,1.74000461967455,0.5538877682082868,0.7171717171717173,0.5510204081632653,-78.83373447908477,5.793541575764277e-35
22.04081632653061,1.93282242736499,0.6589813322532224,0.7272727272727274,0.5510204081632653,-78.95498386580414,5.131994571548123e-35
22.04081632653061,2.14700725129329,0.7640748962981553,0.7373737373737373,0.5510204081632653,-79.07062454770924,4.571556359902355e-35
22.04081632653061,2.38492686748792,0.8691684603430914,0.7474747474747475,0.5510204081632653,-79.18054022706555,4.0957015762660116e-35
22.04081632653061,2.64921143598352,0.9742620243880249,0.7575757575757573,0.5510204081632653,-79.28468942262332,3.6905992091341856e-35
22.04081632653061,2.94278257678333,1.0793555884329629,0.7676767676767676,0.5510204081632653,-79.38309690865857,3.344714524971688e-35
22.04081632653061,3.26888566786082,1.184449152477898,0.7777777777777777,0.5510204081632653,-79.47584445738677,3.0484516238565206e-35
22.04081632653061,3.63112572224959,1.289542716522833,0.7878787878787878,0.5510204081632653,-79.56306140063909,2.7938396103335375e-35
22.04081632653061,4.0335072408363,1.3946362805677694,0.797979797979798,0.5510204081632653,-79.64491542934861,2.574261830992543e-35
22.04081632653061,4.48047848142245,1.4997298446127043,0.808080808080808,0.5510204081632653,-79.72160394608373,2.3842254405179597e-35
22.04081632653061,4.97698063344183,1.6048234086576407,0.8181818181818182,0.5510204081632653,-79.79334618676162,2.2191673723443226e-35
22.04081632653061,5.52850244195146,1.7099169727025751,0.8282828282828283,0.5510204081632653,-79.8603762396166,2.075292308183602e-35
22.04081632653061,6.14114088475497,1.8150105367475111,0.8383838383838383,0.5510204081632653,-79.92293701625857,1.9494382195547958e-35
22.04081632653061,6.8216685734332,1.9201041007924453,0.8484848484848483,0.5510204081632653,-79.9812751724982,1.838965310665542e-35
22.04081632653061,7.57760862338904,2.0251976648373815,0.8585858585858586,0.5510204081632653,-80.0356369349897,1.7416645951628963e-35
22.04081632653061,8.41731782058148,2.1302912288823177,0.8686868686868686,0.5510204081632653,-80.08626476194802,1.6556828018568363e-35
22.04081632653061,9.35007900434302,2.2353847929272526,0.8787878787878787,0.5510204081632653,-80.1333947499475,1.579460771368233e-35
22.04081632653061,10.3862036875563,2.3404783569721936,0.8888888888888893,0.5510204081632653,-80.17725469164652,1.5116829447529737e-35
22.04081632653061,11.5371460486378,2.445571921017128,0.8989898989898993,0.5510204081632653,-80.21806268886694,1.4512359402052873e-35
22.04081632653061,12.8156295554912,2.550665485062058,0.909090909090909,0.5510204081632653,-80.25602622973146,1.3971745587699596e-35
22.04081632653061,14.2357876212352,2.6557590491069942,0.919191919191919,0.5510204081632653,-80.29134164582088,1.3486938545681034e-35
22.04081632653061,15.8133198466305,2.7608526131519304,0.9292929292929293,0.5510204081632653,-80.3241938742241,1.3051061527468304e-35
22.04081632653061,17.5656655764397,2.865946177196865,0.9393939393939392,0.5510204081632653,-80.3547564589215,1.2658221042394602e-35
22.04081632653061,19.5121966883548,2.9710397412417997,0.9494949494949493,0.5510204081632653,-80.38319173546545,1.2303350360499016e-35
22.04081632653061,21.6744317457404,3.0761333052867346,0.9595959595959593,0.5510204081632653,-80.40965115194047,1.1982079946368755e-35
22.04081632653061,24.0762738816144,3.1812268693316703,0.9696969696969694,0.5510204081632653,-80.43427568742203,1.1690629931214695e-35
22.04081632653061,26.744275043632,3.2863204333766105,0.97979797979798,0.5510204081632653,-80.45719633646773,1.1425720649319662e-35
22.04081632653061,29.707929521255,3.3914139974215445,0.98989898989899,0.5510204081632653,-80.47853463452736,1.1184498009631733e-35
22.04081632653061,33.0,3.4965075614664802,1.0,0.5510204081632653,-80.49840320457109,1.0964471075902061e-35
22.857142857142858,0.001,-6.907755278982137,0.0,0.5714285714285714,-72.05479854504428,5.093292259305072e-32
22.857142857142858,0.001110814537795,-6.802661714937222,0.010101010101008117,0.5714285714285714,-72.12961572840634,4.7261326542468305e-32
22.857142857142858,0.0012339089373767,-6.697568150892323,0.020202020202014698,0.5714285714285714,-72.20699372011548,4.3742245382270834e-32
22.857142857142858,0.0013706439859533,-6.592474586847349,0.030303030303028534,0.5714285714285714,-72.28687495904579,4.0383977499615234e-32
22.857142857142858,0.0015225312657382,-6.487381022802441,0.04040404040403597,0.5714285714285714,-72.36916030753592,3.719401128167646e-32
22.857142857142858,0.0016912498642295,-6.382287458757476,0.05050505050504887,0.5714285714285714,-72.45370594465074,3.4178682265586705e-32
22.857142857142858,0.00187866493623,-6.277193894712534,0.06060606060605963,0.5714285714285714,-72.54032147253598,3.1342863332498846e-32
22.857142857142858,0.00208684832281,-6.172100330667619,0.07070707070706775,0.5714285714285714,-72.62876958492792,2.8689708909360224e-32
22.857142857142858,0.0023181014551505,-6.067006766622687,0.08080808080807748,0.5714285714285714,-72.71876760560643,2.6220471567309667e-32
22.857142857142858,0.002574980796465,-5.961913202577741,0.0909090909090886,0.5714285714285714,-72.80999112291418,2.3934404577484698e-32
22.857142857142858,0.0028603261032564,-5.856819638532781,0.10101010101010106,0.5714285714285714,-72.90207982439603,2.1828757337420425e-32
22.857142857142858,0.0031772918183317,-5.751726074487876,0.11111111111110823,0.5714285714285714,-72.99464547941909,1.989886289980259e-32
22.857142857142858,0.0035293819426201,-5.646632510442922,0.1212121212121201,0.5714285714285714,-73.08728184045786,1.8138309134377374e-32
22.857142857142858,0.0039204887712936,-5.541538946397998,0.13131313131312908,0.5714285714285714,-73.17957605474345,1.6539178387050237e-32
22.857142857142858,0.0043549359224151,-5.436445382353058,0.14141414141413966,0.5714285714285714,-73.27112102006286,1.509233575000408e-32
22.857142857142858,0.0048375261337845,-5.331351818308116,0.15151515151515035,0.5714285714285714,-73.36152800450682,1.3787743761253823e-32
22.857142857142858,0.0053735943563712,-5.2262582542631755,0.16161616161616094,0.5714285714285714,-73.4504387984707,1.2614781614035242e-32
22.857142857142858,0.0059690667312704,-5.121164690218244,0.17171717171717069,0.5714285714285714,-73.53753668850709,1.1562549458212458e-32
22.857142857142858,0.0066305261021638,-5.016071126173304,0.18181818181818118,0.5714285714285714,-73.6225556362614,1.0620142486610598e-32
22.857142857142858,0.0073652847875129,-4.910977562128371,0.19191919191919102,0.5714285714285714,-73.70528720016823,9.776884437635495e-33
22.857142857142858,0.0081814654169699,-4.80588399808343,0.20202020202020168,0.5714285714285714,-73.78558493228006,9.022515148687735e-33
22.857142857142858,0.0090880907256374,-4.700790434038493,0.21212121212121193,0.5714285714285714,-73.86336619185236,8.347331249609618e-33
22.857142857142858,0.0100951832988382,-4.595696869993551,0.22222222222222263,0.5714285714285714,-73.93861151507535,7.742282600333491e-33
22.857142857142858,0.0112138763700549,-4.490603305948624,0.23232323232323193,0.5714285714285714,-74.011361844693,7.199029491651852e-33
22.857142857142858,0.0124565368968931,-4.385509741903686,0.24242424242424226,0.5714285714285714,-74.08171403953396,6.709966975380018e-33
22.857142857142858,0.013836902275649,-4.280416177858747,0.2525252525252527,0.5714285714285714,-74.14981514614026,6.268223133297829e-33
22.857142857142858,0.0153702322058399,-4.175322613813814,0.26262626262626254,0.5714285714285714,-74.21585592476443,5.867637860269041e-33
22.857142857142858,0.0170734773835322,-4.07022904976888,0.2727272727272725,0.5714285714285714,-74.28006408828286,5.502728061903307e-33
22.857142857142858,0.0189654668883421,-3.9651354857239447,0.2828282828282826,0.5714285714285714,-74.34269764697018,5.168644259018777e-33
22.857142857142858,0.0210671163356406,-3.8600419216790063,0.292929292929293,0.5714285714285714,-74.40403866760853,4.8611226111892985e-33
22.857142857142858,0.0234016590950486,-3.7549483576340705,0.3030303030303031,0.5714285714285714,-74.46438766406344,4.5764354301473404e-33
22.857142857142858,0.0259949031313031,-3.649854793589135,0.3131313131313132,0.5714285714285714,-74.52405874787343,4.311342415484702e-33
22.857142857142858,0.0288755163068248,-3.5447612295442013,0.32323232323232315,0.5714285714285714,-74.58337558823551,4.0630441388938074e-33
22.857142857142858,0.0320753432999582,-3.4396676654992664,0.33333333333333315,0.5714285714285714,-74.64266816475404,3.8291387331346895e-33
22.857142857142858,0.0356297576423598,-3.3345741014543298,0.34343434343434337,0.5714285714285714,-74.70227024470016,3.607582296806827e-33
22.857142857142858,0.0395780527672466,-3.229480537409394,0.3535353535353535,0.5714285714285714,-74.76251747871557,3.396653187094497e-33
22.857142857142858,0.0439638763914761,-3.1243869733644574,0.3636363636363637,0.5714285714285714,-74.8237459831584,3.1949201190194655e-33
22.857142857142858,0.048835713033475,-3.019293409319523,0.3737373737373737,0.5714285714285714,-74.88629126137813,3.0012138017580312e-33
22.857142857142858,0.0542474200011699,-2.914199845274587,0.3838383838383838,0.5714285714285714,-74.95048730782602,2.8146017039513457e-33
22.857142857142858,0.060258822775172,-2.8091062812296523,0.3939393939393938,0.5714285714285714,-75.016665736073,2.6343654386123782e-33
22.857142857142858,0.0669363763690749,-2.7040127171847166,0.404040404040404,0.5714285714285714,-75.08515477305745,2.4599801867521746e-33
22.857142857142858,0.0743538999780876,-2.5989191531397813,0.4141414141414141,0.5714285714285714,-75.15627796640301,2.291095534238481e-33
22.857142857142858,0.0825933930374168,-2.493825589094845,0.42424242424242425,0.5714285714285714,-75.23035245929078,2.127517079739254e-33
22.857142857142858,0.0917459417117808,-2.38873202504991,0.4343434343434343,0.5714285714285714,-75.3076866986679,1.9691881872648435e-33
22.857142857142858,0.101912725837141,-2.283638461004973,0.44444444444444453,0.5714285714285714,-75.38857745862929,1.8161713113509113e-33
22.857142857142858,0.113206137446215,-2.1785448969600347,0.4545454545454549,0.5714285714285714,-75.47330608320179,1.6686284233678388e-33
22.857142857142858,0.125751023242877,-2.0734513329151003,0.46464646464646486,0.5714285714285714,-75.5621338833328,1.526800219220654e-33
22.857142857142858,0.139686064760787,-1.9683577688701692,0.47474747474747453,0.5714285714285714,-75.65529666349933,1.3909839929688588e-33
22.857142857142858,0.155165311463659,-1.8632642048252352,0.48484848484848453,0.5714285714285714,-75.75299840550197,1.261510311798678e-33
22.857142857142858,0.172359883735326,-1.7581706407802946,0.49494949494949514,0.5714285714285714,-75.85540420139074,1.1387189100677765e-33
22.857142857142858,0.19145986458586,-1.6530770767353593,0.5050505050505052,0.5714285714285714,-75.96263260343528,1.0229345079983814e-33
22.857142857142858,0.212676400986239,-1.5479835126904273,0.5151515151515149,0.5714285714285714,-76.07474764407475,9.14443518456523e-34
22.857142857142858,0.236244038061438,-1.442889948645492,0.5252525252525251,0.5714285714285714,-76.19175086797186,8.134727914463629e-34
22.857142857142858,0.262423311946047,-1.3377963846005527,0.5353535353535355,0.5714285714285714,-76.31357380413571,7.201716192310111e-34
22.857142857142858,0.291503629965987,-1.2327028205556183,0.5454545454545455,0.5714285714285714,-76.44007137854449,6.34598153375109e-34
22.857142857142858,0.323806469986239,-1.1276092565106834,0.5555555555555556,0.5714285714285714,-76.57101681489686,5.56711155098971e-34
22.857142857142858,0.359688934292802,-1.0225156924657481,0.5656565656565656,0.5714285714285714,-76.70609858058866,4.863676246130226e-34
22.857142857142858,0.399547697296443,-0.9174221284208132,0.5757575757575757,0.5714285714285714,-76.84491989564115,4.233263743662489e-34
22.857142857142858,0.443823390699414,-0.8123285643758777,0.5858585858585857,0.5714285714285714,-76.98700122671936,3.6725709020145896e-34
22.857142857142858,0.49300547460239,-0.707235000330941,0.5959595959595959,0.5714285714285714,-77.13178603533657,3.1775394088052635e-34
22.857142857142858,0.547637648400869,-0.6021414362860068,0.606060606060606,0.5714285714285714,-77.27864984565801,2.7435242488684066e-34
22.857142857142858,0.608323861287565,-0.49704787224107067,0.6161616161616161,0.5714285714285714,-77.4269124585845,2.3654793897815886e-34
22.857142857142858,0.67573498880583,-0.39195430819613525,0.6262626262626262,0.5714285714285714,-77.57585288850622,2.0381453930302508e-34
22.857142857142858,0.750616249262273,-0.2868607441511999,0.6363636363636362,0.5714285714285714,-77.72472636586312,1.7562253105204112e-34
22.857142857142858,0.833795441985706,-0.18176718010626372,0.6464646464646464,0.5714285714285714,-77.87278256186339,1.5145382392587641e-34
22.857142857142858,0.926192098504948,-0.07667361606132911,0.6565656565656565,0.5714285714285714,-78.01928407655812,1.3081436684129514e-34
22.857142857142858,1.02882764781018,0.028419947983610284,0.666666666666667,0.5714285714285714,-78.16352420414958,1.1324336139723992e-34
22.857142857142858,1.142836708073,0.1335135120285407,0.6767676767676766,0.5714285714285714,-78.30484305395552,9.8319294907761e-35
22.857142857142858,1.2694796296533,0.23860707607348014,0.686868686868687,0.5714285714285714,-78.44264125289305,8.5663094326829e-35
22.857142857142858,1.41015642805352,0.3437006401184105,0.6969696969696967,0.5714285714285714,-78.57639066545185,7.493886758783661e-35
22.857142857142858,1.56642226084696,0.44879420416335164,0.7070707070707073,0.5714285714285714,-78.70564181228931,6.585277282454624e-35
22.857142857142858,1.74000461967455,0.5538877682082868,0.7171717171717173,0.5714285714285714,-78.83002791884225,5.815055533391447e-35
22.857142857142858,1.93282242736499,0.6589813322532224,0.7272727272727274,0.5714285714285714,-78.94926575338546,5.161423953510313e-35
22.857142857142858,2.14700725129329,0.7640748962981553,0.7373737373737373,0.5714285714285714,-79.0631535989469,4.6058381224238906e-35
22.857142857142858,2.38492686748792,0.8691684603430914,0.7474747474747475,0.5714285714285714,-79.17156683320042,4.132619310626211e-35
22.857142857142858,2.64921143598352,0.9742620243880249,0.7575757575757573,0.5714285714285714,-79.27445166154777,3.7285767528652086e-35
22.857142857142858,2.94278257678333,1.0793555884329629,0.7676767676767676,0.5714285714285714,-79.37181756528753,3.3826542740706486e-35
22.857142857142858,3.26888566786082,1.184449152477898,0.7777777777777777,0.5714285714285714,-79.46372899859257,3.085609652657916e-35
22.857142857142858,3.63112572224959,1.289542716522833,0.7878787878787878,0.5714285714285714,-79.55029680731444,2.82973041521739e-35
22.857142857142858,4.0335072408363,1.3946362805677694,0.797979797979798,0.5714285714285714,-79.63166976222185,2.608586470833015e-35
22.857142857142858,4.48047848142245,1.4997298446127043,0.808080808080808,0.5714285714285714,-79.7080265107471,2.416817867357685e-35
22.857142857142858,4.97698063344183,1.6048234086576407,0.8181818181818182,0.5714285714285714,-79.77956816394432,2.2499547183752967e-35
22.857142857142858,5.52850244195146,1.7099169727025751,0.8282828282828283,0.5714285714285714,-79.84651165574628,2.1042657607563613e-35
22.857142857142858,6.14114088475497,1.8150105367475111,0.8383838383838383,0.5714285714285714,-79.90908394371213,1.97663185142527e-35
22.857142857142858,6.8216685734332,1.9201041007924453,0.8484848484848483,0.5714285714285714,-79.96751706601655,1.8644408368825537e-35
22.857142857142858,7.57760862338904,2.0251976648373815,0.8585858585858586,0.5714285714285714,-80.02204402848811,1.7655005118488628e-35
22.857142857142858,8.41731782058148,2.1302912288823177,0.8686868686868686,0.5714285714285714,-80.07289546695185,1.6779667420251577e-35
22.857142857142858,9.35007900434302,2.2353847929272526,0.8787878787878787,0.5714285714285714,-80.12029701221331,1.6002842065707703e-35
22.857142857142858,10.3862036875563,2.3404783569721936,0.8888888888888893,0.5714285714285714,-80.1644672757135,1.5311375855200892e-35
22.857142857142858,11.5371460486378,2.445571921017128,0.8989898989898993,0.5714285714285714,-80.20561637116667,1.4694113576549484e-35
22.857142857142858,12.8156295554912,2.550665485062058,0.909090909090909,0.5714285714285714,-80.2439448895302,1.4141566767504047e-35
22.857142857142858,14.2357876212352,2.6557590491069942,0.919191919191919,0.5714285714285714,-80.27964324988066,1.3645640562431228e-35
22.857142857142858,15.8133198466305,2.7608526131519304,0.9292929292929293,0.5714285714285714,-80.31289135591761,1.3199408155307894e-35
22.857142857142858,17.5656655764397,2.865946177196865,0.9393939393939392,0.5714285714285714,-80.3438584959178,1.2796924285652283e-35
22.857142857142858,19.5121966883548,2.9710397412417997,0.9494949494949493,0.5714285714285714,-80.3727034323088,1.2433070712963783e-35
22.857142857142858,21.6744317457404,3.0761333052867346,0.9595959595959593,0.5714285714285714,-80.39957463513412,1.2103427932066072e-35
22.857142857142858,24.0762738816144,3.1812268693316703,0.9696969696969694,0.5714285714285714,-80.42461062123182,1.1804168438062593e-35
22.857142857142858,26.744275043632,3.2863204333766105,0.97979797979798,0.5714285714285714,-80.44794036776689,1.153196771324285e-35
22.857142857142858,29.707929521255,3.3914139974215445,0.98989898989899,0.5714285714285714,-80.46968377476664,1.1283929812375838e-35
22.857142857142858,33.0,3.4965075614664802,1.0,0.5714285714285714,-80.4899521564971,1.1057524995818857e-35
23.6734693877551,0.001,-6.907755278982137,0.0,0.5918367346938775,-72.31662155771441,3.920038276214167e-32
23.6734693877551,0.001110814537795,-6.802661714937222,0.010101010101008117,0.5918367346938775,-72.39366191547585,3.6293771892013286e-32
23.6734693877551,0.0012339089373767,-6.697568150892323,0.020202020202014698,0.5918367346938775,-72.47269953917258,3.3535632478721134e-32
23.6734693877551,0.0013706439859533,-6.592474586847349,0.030303030303028534,0.5918367346938775,-72.55357975036115,3.09300535629309e-32
23.6734693877551,0.0015225312657382,-6.487381022802441,0.04040404040403597,0.5918367346938775,-72.636110902332,2.8479859876686337e-32
23.6734693877551,0.0016912498642295,-6.382287458757476,0.05050505050504887,0.5918367346938775,-72.72006515988106,2.6186471145811237e-32
23.6734693877551,0.00187866493623,-6.277193894712534,0.06060606060605963,0.5918367346938775,-72.80518072578717,2.4049815933177294e-32
23.6734693877551,0.00208684832281,-6.172100330667619,0.07070707070706775,0.5918367346938775,-72.89116561846889,2.206830575259049e-32
23.6734693877551,0.0023181014551505,-6.067006766622687,0.08080808080807748,0.5918367346938775,-72.97770301324117,2.0238870865032698e-32
23.6734693877551,0.002574980796465,-5.961913202577741,0.0909090909090886,0.5918367346938775,-73.06445805035371,1.855705459639988e-32
23.6734693877551,0.0028603261032564,-5.856819638532781,0.10101010101010106,0.5918367346938775,-73.1510858960926,1.7017158740789264e-32
23.6734693877551,0.0031772918183317,-5.751726074487876,0.11111111111110823,0.5918367346938775,-73.23724073108833,1.561242915474927e-32
23.6734693877551,0.0035293819426201,-5.646632510442922,0.1212121212121201,0.5918367346938775,-73.3225852463257,1.433526839875998e-32
23.6734693877551,0.0039204887712936,-5.541538946397998,0.13131313131312908,0.5918367346938775,-73.40680016509684,1.317746144215697e-32
23.6734693877551,0.0043549359224151,-5.436445382353058,0.14141414141413966,0.5918367346938775,-73.48959328803673,1.2130400997873254e-32
23.6734693877551,0.0048375261337845,-5.331351818308116,0.15151515151515035,0.5918367346938775,-73.57070758309428,1.1185300777274498e-32
23.6734693877551,0.0053735943563712,-5.2262582542631755,0.16161616161616094,0.5918367346938775,-73.64992791127521,1.0333387497824952e-32
23.6734693877551,0.0059690667312704,-5.121164690218244,0.17171717171717069,0.5918367346938775,-73.72708608452491,9.566065422293712e-33
23.6734693877551,0.0066305261021638,-5.016071126173304,0.18181818181818118,0.5918367346938775,-73.80206408155932,8.875050160600763e-33
23.6734693877551,0.0073652847875129,-4.910977562128371,0.19191919191919102,0.5918367346938775,-73.87479538539971,8.252471105230592e-33
23.6734693877551,0.0081814654169699,-4.80588399808343,0.20202020202020168,0.5918367346938775,-73.94526453725452,7.690943990297054e-33
23.6734693877551,0.0090880907256374,-4.700790434038493,0.21212121212121193,0.5918367346938775,-74.01350511191845,7.18361657059169e-33
23.6734693877551,0.0100951832988382,-4.595696869993551,0.22222222222222263,0.5918367346938775,-74.07959640077158,6.72419131723462e-33
23.6734693877551,0.0112138763700549,-4.490603305948624,0.23232323232323193,0.5918367346938775,-74.1436591353894,6.306929398150642e-33
23.6734693877551,0.0124565368968931,-4.385509741903686,0.24242424242424226,0.5918367346938775,-74.20585059811069,5.9266401702300854e-33
23.6734693877551,0.013836902275649,-4.280416177858747,0.2525252525252527,0.5918367346938775,-74.26635944990086,5.5786600821047025e-33
23.6734693877551,0.0153702322058399,-4.175322613813814,0.26262626262626254,0.5918367346938775,-74.32540056726002,5.25882438881002e-33
23.6734693877551,0.0170734773835322,-4.07022904976888,0.2727272727272725,0.5918367346938775,-74.38321012658047,4.963434507920191e-33
23.6734693877551,0.0189654668883421,-3.9651354857239447,0.2828282828282826,0.5918367346938775,-74.44004111388439,4.689223271167374e-33
23.6734693877551,0.0210671163356406,-3.8600419216790063,0.292929292929293,0.5918367346938775,-74.49615937677495,4.433319791599713e-33
23.6734693877551,0.0234016590950486,-3.7549483576340705,0.3030303030303031,0.5918367346938775,-74.55184027860146,4.193215198724445e-33
23.6734693877551,0.0259949031313031,-3.649854793589135,0.3131313131313132,0.5918367346938775,-74.60736596539932,3.9667301019279676e-33
23.6734693877551,0.0288755163068248,-3.5447612295442013,0.32323232323232315,0.5918367346938775,-74.66302321563816,3.751984324256915e-33
23.6734693877551,0.0320753432999582,-3.4396676654992664,0.33333333333333315,0.5918367346938775,-74.71910181140952,3.547369196657049e-33
23.6734693877551,0.0356297576423598,-3.3345741014543298,0.34343434343434337,0.5918367346938775,-74.77589334670986,3.3515225063290076e-33
23.6734693877551,0.0395780527672466,-3.229480537409394,0.3535353535353535,0.5918367346938775,-74.83369037267936,3.16330604075018e-33
23.6734693877551,0.0439638763914761,-3.1243869733644574,0.3636363636363637,0.5918367346938775,-74.89278576958473,2.981785550848285e-33
23.6734693877551,0.048835713033475,-3.019293409319523,0.3737373737373737,0.5918367346938775,-74.95347222956893,2.806212864370971e-33
23.6734693877551,0.0542474200011699,-2.914199845274587,0.3838383838383838,0.5918367346938775,-75.01604173153468,2.6360098075951345e-33
23.6734693877551,0.060258822775172,-2.8091062812296523,0.3939393939393938,0.5918367346938775,-75.08078488913866,2.4707535366110927e-33
23.6734693877551,0.0669363763690749,-2.7040127171847166,0.404040404040404,0.5918367346938775,-75.14799005430271,2.3101628375631302e-33
23.6734693877551,0.0743538999780876,-2.5989191531397813,0.4141414141414141,0.5918367346938775,-75.21794206190887,2.1540849299318903e-33
23.6734693877551,0.0825933930374168,-2.493825589094845,0.42424242424242425,0.5918367346938775,-75.29092050688094,2.0024823019075002e-33
23.6734693877551,0.0917459417117808,-2.38873202504991,0.4343434343434343,0.5918367346938775,-75.36719745353535,1.8554191274749314e-33
23.6734693877551,0.101912725837141,-2.283638461004973,0.44444444444444453,0.5918367346938775,-75.44703449013676,1.713046867164449e-33
23.6734693877551,0.113206137446215,-2.1785448969600347,0.4545454545454549,0.5918367346938775,-75.53067906051196,1.575588744232586e-33
23.6734693877551,0.125751023242877,-2.0734513329151003,0.46464646464646486,0.5918367346938775,-75.618360030973,1.4433229189764703e-33
23.6734693877551,0.139686064760787,-1.9683577688701692,0.47474747474747453,0.5918367346938775,-75.71028248618254,1.3165643556036939e-33
23.6734693877551,0.155165311463659,-1.8632642048252352,0.48484848484848453,0.5918367346938775,-75.80662179308642,1.1956455822693455e-33
23.6734693877551,0.172359883735326,-1.7581706407802946,0.49494949494949514,0.5918367346938775,-75.90751702799962,1.0808967717498281e-33
23.6734693877551,0.19145986458586,-1.6530770767353593,0.5050505050505052,0.5918367346938775,-76.01306392754562,9.726257959022172e-34
23.6734693877551,0.212676400986239,-1.5479835126904273,0.5151515151515149,0.5918367346938775,-76.12330759699921,8.710991027340004e-34
23.6734693877551,0.236244038061438,-1.442889948645492,0.5252525252525251,0.5918367346938775,-76.23823528528129,7.76524397947761e-34
23.6734693877551,0.262423311946047,-1.3377963846005527,0.5353535353535355,0.5918367346938775,-76.35776960788654,6.890361520104928e-34
23.6734693877551,0.291503629965987,-1.2327028205556183,0.5454545454545455,0.5918367346938775,-76.48176265887305,6.086848760702088e-34
23.6734693877551,0.323806469986239,-1.1276092565106834,0.5555555555555556,0.5918367346938775,-76.60999149075819,5.354309073609892e-34
23.6734693877551,0.359688934292802,-1.0225156924657481,0.5656565656565656,0.5918367346938775,-76.74215544645614,4.691431291578293e-34
23.6734693877551,0.399547697296443,-0.9174221284208132,0.5757575757575757,0.5918367346938775,-76.87787579118475,4.0960265539445195e-34
23.6734693877551,0.443823390699414,-0.8123285643758777,0.5858585858585857,0.5918367346938775,-77.01669800862472,3.565110870751947e-34
23.6734693877551,0.49300547460239,-0.707235000330941,0.5959595959595959,0.5918367346938775,-77.15809699364947,3.0950255710313144e-34
23.6734693877551,0.547637648400869,-0.6021414362860068,0.606060606060606,0.5918367346938775,-77.30148519934373,2.6815847984500903e-34
23.6734693877551,0.608323861287565,-0.49704787224107067,0.6161616161616161,0.5918367346938775,-77.4462235916382,2.3202375441564394e-34
23.6734693877551,0.67573498880583,-0.39195430819613525,0.6262626262626262,0.5918367346938775,-77.5916350500111,2.006231550389662e-34
23.6734693877551,0.750616249262273,-0.2868607441511999,0.6363636363636362,0.5918367346938775,-77.73701965094095,1.7347676946427338e-34
23.6734693877551,0.833795441985706,-0.18176718010626372,0.6464646464646464,0.5918367346938775,-77.88167110663241,1.5011358504205505e-34
23.6734693877551,0.926192098504948,-0.07667361606132911,0.6565656565656565,0.5918367346938775,-78.02489352630514,1.300826244790609e-34
23.6734693877551,1.02882764781018,0.028419947983610284,0.666666666666667,0.5918367346938775,-78.16601763535395,1.1296134860210666e-34
23.6734693877551,1.142836708073,0.1335135120285407,0.6767676767676766,0.5918367346938775,-78.30441563354455,9.836132756336449e-35
23.6734693877551,1.2694796296533,0.23860707607348014,0.686868686868687,0.5918367346938775,-78.43951399102818,8.593140457447966e-35
23.6734693877551,1.41015642805352,0.3437006401184105,0.6969696969696967,0.5918367346938775,-78.57080365474586,7.535872362128284e-35
23.6734693877551,1.56642226084696,0.44879420416335164,0.7070707070707073,0.5918367346938775,-78.69784734552282,6.636806568150635e-35
23.6734693877551,1.74000461967455,0.5538877682082868,0.7171717171717173,0.5918367346938775,-78.82028384293294,5.871994835851007e-35
23.6734693877551,1.93282242736499,0.6589813322532224,0.7272727272727274,0.5918367346938775,-78.93782935735824,5.220790866617468e-35
23.6734693877551,2.14700725129329,0.7640748962981553,0.7373737373737373,0.5918367346938775,-79.05027625785907,4.665532599084869e-35
23.6734693877551,2.38492686748792,0.8691684603430914,0.7474747474747475,0.5918367346938775,-79.15748954858542,4.1912067775711474e-35
23.6734693877551,2.64921143598352,0.9742620243880249,0.7575757575757573,0.5918367346938775,-79.2594015609146,3.785116606244162e-35
23.6734693877551,2.94278257678333,1.0793555884329629,0.7676767676767676,0.5918367346938775,-79.35600535528778,3.436566627247732e-35
23.6734693877551,3.26888566786082,1.184449152477898,0.7777777777777777,0.5918367346938775,-79.44734731275064,3.136573437259492e-35
23.6734693877551,3.63112572224959,1.289542716522833,0.7878787878787878,0.5918367346938775,-79.53351935128804,2.877606590011641e-35
23.6734693877551,4.0335072408363,1.3946362805677694,0.797979797979798,0.5918367346938775,-79.61465113693501,2.653360945837185e-35
23.6734693877551,4.48047848142245,1.4997298446127043,0.808080808080808,0.5918367346938775,-79.69090258448846,2.458559649915858e-35
23.6734693877551,4.97698063344183,1.6048234086576407,0.8181818181818182,0.5918367346938775,-79.76245686592368,2.2887856403751212e-35
23.6734693877551,5.52850244195146,1.7099169727025751,0.8282828282828283,0.5918367346938775,-79.8295140726839,2.1403389024106262e-35
23.6734693877551,6.14114088475497,1.8150105367475111,0.8383838383838383,0.5918367346938775,-79.89228561498295,2.010116418024002e-35
23.6734693877551,6.8216685734332,1.9201041007924453,0.8484848484848483,0.5918367346938775,-79.95098938928675,1.8955117702017955e-35
23.6734693877551,7.57760862338904,2.0251976648373815,0.8585858585858586,0.5918367346938775,-80.00584570478621,1.794331537376449e-35
23.6734693877551,8.41731782058148,2.1302912288823177,0.8686868686868686,0.5918367346938775,-80.05707393037288,1.7047258813677754e-35
23.6734693877551,9.35007900434302,2.2353847929272526,0.8787878787878787,0.5918367346938775,-80.104889804112,1.6251310369920818e-35
23.6734693877551,10.3862036875563,2.3404783569721936,0.8888888888888893,0.5918367346938775,-80.14950333584486,1.5542217203357133e-35
23.6734693877551,11.5371460486378,2.445571921017128,0.8989898989898993,0.5918367346938775,-80.19111722863137,1.4908717651678364e-35
23.6734693877551,12.8156295554912,2.550665485062058,0.909090909090909,0.5918367346938775,-80.22992574463318,1.4341215624369713e-35
23.6734693877551,14.2357876212352,2.6557590491069942,0.919191919191919,0.5918367346938775,-80.26611394430292,1.3831511118007055e-35
23.6734693877551,15.8133198466305,2.7608526131519304,0.9292929292929293,0.5918367346938775,-80.29985723319352,1.3372576961216987e-35
23.6734693877551,17.5656655764397,2.865946177196865,0.9393939393939392,0.5918367346938775,-80.33132115738398,1.2958373615287038e-35
23.6734693877551,19.5121966883548,2.9710397412417997,0.9494949494949493,0.5918367346938775,-80.36066139572436,1.2583695298554935e-35
23.6734693877551,21.6744317457404,3.0761333052867346,0.9595959595959593,0.5918367346938775,-80.38802390431992,1.2244041903723723e-35
23.6734693877551,24.0762738816144,3.1812268693316703,0.9696969696969694,0.5918367346938775,-80.41354517555953,1.1935512170904681e-35
23.6734693877551,26.744275043632,3.2863204333766105,0.97979797979798,0.5918367346938775,-80.43735258033172,1.1654714397330483e-35
23.6734693877551,29.707929521255,3.3914139974215445,0.98989898989899,0.5918367346938775,-80.45956476775169,1.1398691635907415e-35
23.6734693877551,33.0,3.4965075614664802,1.0,0.5918367346938775,-80.48029210169805,1.1164858884173205e-35
24.489795918367346,0.001,-6.907755278982137,0.0,0.6122448979591837,-72.56744324236877,3.050421364708775e-32
24.489795918367346,0.001110814537795,-6.802661714937222,0.010101010101008117,0.6122448979591837,-72.64444458370048,2.824350402415042e-32
24.489795918367346,0.0012339089373767,-6.697568150892323,0.020202020202014698,0.6122448979591837,-72.72275064894455,2.6116242005938003e-32
24.489795918367346,0.0013706439859533,-6.592474586847349,0.030303030303028534,0.6122448979591837,-72.80215151878396,2.4122778257227024e-32
24.489795918367346,0.0015225312657382,-6.487381022802441,0.04040404040403597,0.6122448979591837,-72.88241212049654,2.22623285725351e-32
24.489795918367346,0.0016912498642295,-6.382287458757476,0.05050505050504887,0.6122448979591837,-72.96327571258546,2.0532979636298302e-32
24.489795918367346,0.00187866493623,-6.277193894712534,0.06060606060605963,0.6122448979591837,-73.0444684670579,1.893173475888893e-32
24.489795918367346,0.00208684832281,-6.172100330667619,0.07070707070706775,0.6122448979591837,-73.1257050499055,1.7454596416107986e-32
24.489795918367346,0.0023181014551505,-6.067006766622687,0.08080808080807748,0.6122448979591837,-73.20669502440109,1.6096680078174778e-32
24.489795918367346,0.002574980796465,-5.961913202577741,0.0909090909090886,0.6122448979591837,-73.28714983161332,1.485235200957221e-32
24.489795918367346,0.0028603261032564,-5.856819638532781,0.10101010101010106,0.6122448979591837,-73.36679004618313,1.371538262957294e-32
24.489795918367346,0.0031772918183317,-5.751726074487876,0.11111111111110823,0.6122448979591837,-73.44535257023763,1.2679106719846543e-32
24.489795918367346,0.0035293819426201,-5.646632510442922,0.1212121212121201,0.6122448979591837,-73.52259741965379,1.173658221755613e-32
24.489795918367346,0.0039204887712936,-5.541538946397998,0.13131313131312908,0.6122448979591837,-73.598313777001,1.0880740413269313e-32
24.489795918367346,0.0043549359224151,-5.436445382353058,0.14141414141413966,0.6122448979591837,-73.67232503311003,1.0104521891597914e-32
24.489795918367346,0.0048375261337845,-5.331351818308116,0.15151515151515035,0.6122448979591837,-73.74449260955238,9.400994290348687e-33
24.489795918367346,0.0053735943563712,-5.2262582542631755,0.16161616161616094,0.6122448979591837,-73.81471843979001,8.763449701881862e-33
24.489795918367346,0.0059690667312704,-5.121164690218244,0.17171717171717069,0.6122448979591837,-73.88294607815602,8.185481127002734e-33
24.489795918367346,0.0066305261021638,-5.016071126173304,0.18181818181818118,0.6122448979591837,-73.94916049372193,7.661038699998473e-33
24.489795918367346,0.0073652847875129,-4.910977562128371,0.19191919191919102,0.6122448979591837,-74.01338668220062,7.184467374654391e-33
24.489795918367346,0.0081814654169699,-4.80588399808343,0.20202020202020168,0.6122448979591837,-74.07568728722381,6.750528388372945e-33
24.489795918367346,0.0090880907256374,-4.700790434038493,0.21212121212121193,0.6122448979591837,-74.136159459274,6.354407137219858e-33
24.489795918367346,0.0100951832988382,-4.595696869993551,0.22222222222222263,0.6122448979591837,-74.19493119572104,5.991710155200763e-33
24.489795918367346,0.0112138763700549,-4.490603305948624,0.23232323232323193,0.6122448979591837,-74.25215740072788,5.658453762614934e-33
24.489795918367346,0.0124565368968931,-4.385509741903686,0.24242424242424226,0.6122448979591837,-74.30801588290932,5.351046696053189e-33
24.489795918367346,0.013836902275649,-4.280416177858747,0.2525252525252527,0.6122448979591837,-74.36270347616899,5.066268713111161e-33
24.489795918367346,0.0153702322058399,-4.175322613813814,0.26262626262626254,0.6122448979591837,-74.4164324299005,4.8012468226539964e-33
24.489795918367346,0.0170734773835322,-4.07022904976888,0.2727272727272725,0.6122448979591837,-74.46942717309598,4.5534304580300724e-33
24.489795918367346,0.0189654668883421,-3.9651354857239447,0.2828282828282826,0.6122448979591837,-74.52192151641175,4.320566605740782e-33
24.489795918367346,0.0210671163356406,-3.8600419216790063,0.292929292929293,0.6122448979591837,-74.57415631944075,4.100675635837886e-33
24.489795918367346,0.0234016590950486,-3.7549483576340705,0.3030303030303031,0.6122448979591837,-74.62637761885439,3.892028355757186e-33
24.489795918367346,0.0259949031313031,-3.649854793589135,0.3131313131313132,0.6122448979591837,-74.67883518733522,3.693124624595641e-33
24.489795918367346,0.0288755163068248,-3.5447612295442013,0.32323232323232315,0.6122448979591837,-74.73178147324377,3.502673715456106e-33
24.489795918367346,0.0320753432999582,-3.4396676654992664,0.33333333333333315,0.6122448979591837,-74.78547085618858,3.3195764935732744e-33
24.489795918367346,0.0356297576423598,-3.3345741014543298,0.34343434343434337,0.6122448979591837,-74.84015914325612,3.142909381487928e-33
24.489795918367346,0.0395780527672466,-3.229480537409394,0.3535353535353535,0.6122448979591837,-74.89610322367145,2.9719100040805263e-33
24.489795918367346,0.0439638763914761,-3.1243869733644574,0.3636363636363637,0.6122448979591837,-74.9535607952081,2.805964341340441e-33
24.489795918367346,0.048835713033475,-3.019293409319523,0.3737373737373737,0.6122448979591837,-75.01279007300288,2.644595162131984e-33
24.489795918367346,0.0542474200011699,-2.914199845274587,0.3838383838383838,0.6122448979591837,-75.074049390034,2.487451466161722e-33
24.489795918367346,0.060258822775172,-2.8091062812296523,0.3939393939393938,0.6122448979591837,-75.13759659812867,2.3342986236177215e-33
24.489795918367346,0.0669363763690749,-2.7040127171847166,0.404040404040404,0.6122448979591837,-75.20368817900889,2.1850088738428486e-33
24.489795918367346,0.0743538999780876,-2.5989191531397813,0.4141414141414141,0.6122448979591837,-75.27257797689958,2.0395518286945055e-33
24.489795918367346,0.0825933930374168,-2.493825589094845,0.42424242424242425,0.6122448979591837,-75.34451546823814,1.897984626978997e-33
24.489795918367346,0.0917459417117808,-2.38873202504991,0.4343434343434343,0.6122448979591837,-75.41974349095882,1.7604414084219553e-33
24.489795918367346,0.101912725837141,-2.283638461004973,0.44444444444444453,0.6122448979591837,-75.49849536682385,1.6271218241401293e-33
24.489795918367346,0.113206137446215,-2.1785448969600347,0.4545454545454549,0.6122448979591837,-75.58099136664586,1.4982783798228622e-33
24.489795918367346,0.125751023242877,-2.0734513329151003,0.46464646464646486,0.6122448979591837,-75.66743449134252,1.3742025200736904e-33
24.489795918367346,0.139686064760787,-1.9683577688701692,0.47474747474747453,0.6122448979591837,-75.7580055727882,1.255209506391876e-33
24.489795918367346,0.155165311463659,-1.8632642048252352,0.48484848484848453,0.6122448979591837,-75.8528577382114,1.141622310976721e-33
24.489795918367346,0.172359883735326,-1.7581706407802946,0.49494949494949514,0.6122448979591837,-75.95211033058463,1.0337549318915073e-33
24.489795918367346,0.19145986458586,-1.6530770767353593,0.5050505050505052,0.6122448979591837,-76.05584243420502,9.318957140051402e-34
24.489795918367346,0.212676400986239,-1.5479835126904273,0.5151515151515149,0.6122448979591837,-76.16408621726384,8.362914113554349e-34
24.489795918367346,0.236244038061438,-1.442889948645492,0.5252525252525251,0.6122448979591837,-76.2768203678191,7.471328245482047e-34
24.489795918367346,0.262423311946047,-1.3377963846005527,0.5353535353535355,0.6122448979591837,-76.39396396064538,6.645428676044963e-34
24.489795918367346,0.291503629965987,-1.2327028205556183,0.5454545454545455,0.6122448979591837,-76.5153711427627,5.885678452033216e-34
24.489795918367346,0.323806469986239,-1.1276092565106834,0.5555555555555556,0.6122448979591837,-76.6408270567273,5.191725483728145e-34
24.489795918367346,0.359688934292802,-1.0225156924657481,0.5656565656565656,0.6122448979591837,-76.77004542446122,4.562395147781345e-34
24.489795918367346,0.399547697296443,-0.9174221284208132,0.5757575757575757,0.6122448979591837,-76.90266818297947,3.995724757134728e-34
24.489795918367346,0.443823390699414,-0.8123285643758777,0.5858585858585857,0.6122448979591837,-77.03826749189285,3.4890366615581347e-34
24.489795918367346,0.49300547460239,-0.707235000330941,0.5959595959595959,0.6122448979591837,-77.1763503201803,3.039043542139327e-34
24.489795918367346,0.547637648400869,-0.6021414362860068,0.606060606060606,0.6122448979591837,-77.31636567094273,2.6419769744222267e-34
24.489795918367346,0.608323861287565,-0.49704787224107067,0.6161616161616161,0.6122448979591837,-77.45771432803583,2.2937288997554145e-34
24.489795918367346,0.67573498880583,-0.39195430819613525,0.6262626262626262,0.6122448979591837,-77.59976082336183,1.9899954224069086e-34
24.489795918367346,0.750616249262273,-0.2868607441511999,0.6363636363636362,0.6122448979591837,-77.74184714762033,1.726413291009993e-34
24.489795918367346,0.833795441985706,-0.18176718010626372,0.6464646464646464,0.6122448979591837,-77.88330758096542,1.4986812890920663e-34
24.489795918367346,0.926192098504948,-0.07667361606132911,0.6565656565656565,0.6122448979591837,-78.02348392157879,1.30266118858231e-34
24.489795918367346,1.02882764781018,0.028419947983610284,0.666666666666667,0.6122448979591837,-78.1617403525792,1.1344555102983425e-34
24.489795918367346,1.142836708073,0.1335135120285407,0.6767676767676766,0.6122448979591837,-78.29747721614059,9.904617263342184e-35
24.489795918367346,1.2694796296533,0.23860707607348014,0.686868686868687,0.6122448979591837,-78.43014305464439,8.674044712278258e-35
24.489795918367346,1.41015642805352,0.3437006401184105,0.6969696969696967,0.6122448979591837,-78.55924442049069,7.623486677724986e-35
24.489795918367346,1.56642226084696,0.44879420416335164,0.7070707070707073,0.6122448979591837,-78.68435313116696,6.726972046555625e-35
24.489795918367346,1.74000461967455,0.5538877682082868,0.7171717171717173,0.6122448979591837,-78.80511083371498,5.961770025178838e-35
24.489795918367346,1.93282242736499,0.6589813322532224,0.7272727272727274,0.6122448979591837,-78.92123092264445,5.308171003568972e-35
24.489795918367346,2.14700725129329,0.7640748962981553,0.7373737373737373,0.6122448979591837,-79.03249801072367,4.7492192877676906e-35
24.489795918367346,2.38492686748792,0.8691684603430914,0.7474747474747475,0.6122448979591837,-79.13876527130783,4.270423418150536e-35
24.489795918367346,2.64921143598352,0.9742620243880249,0.7575757575757573,0.6122448979591837,-79.23995004835017,3.859463585919196e-35
24.489795918367346,2.94278257678333,1.0793555884329629,0.7676767676767676,0.6122448979591837,-79.33602816608055,3.505909904712914e-35
24.489795918367346,3.26888566786082,1.184449152477898,0.7777777777777777,0.6122448979591837,-79.42702736916586,3.2009603867114074e-35
24.489795918367346,3.63112572224959,1.289542716522833,0.7878787878787878,0.6122448979591837,-79.51302029357318,2.9372035675931455e-35
24.489795918367346,4.0335072408363,1.3946362805677694,0.797979797979798,0.6122448979591837,-79.59411731723803,2.7084078081232e-35
24.489795918367346,4.48047848142245,1.4997298446127043,0.808080808080808,0.6122448979591837,-79.67045957681466,2.5093372588420293e-35
24.489795918367346,4.97698063344183,1.6048234086576407,0.8181818181818182,0.6122448979591837,-79.74221236998365,2.33559315058442e-35
24.489795918367346,5.52850244195146,1.7099169727025751,0.8282828282828283,0.6122448979591837,-79.80955909808382,2.18347830215365e-35
24.489795918367346,6.14114088475497,1.8150105367475111,0.8383838383838383,0.6122448979591837,-79.87269584545889,2.0498823665490595e-35
24.489795918367346,6.8216685734332,1.9201041007924453,0.8484848484848483,0.6122448979591837,-79.93182664234638,1.9321852425773306e-35
24.489795918367346,7.57760862338904,2.0251976648373815,0.8585858585858586,0.6122448979591837,-79.9871594184254,1.8281761606625583e-35
24.489795918367346,8.41731782058148,2.1302912288823177,0.8686868686868686,0.6122448979591837,-80.03890262419553,1.7359861369806867e-35
24.489795918367346,9.35007900434302,2.2353847929272526,0.8787878787878787,0.6122448979591837,-80.08726247636473,1.6540317270434546e-35
24.489795918367346,10.3862036875563,2.3404783569721936,0.8888888888888893,0.6122448979591837,-80.13244077012747,1.5809682640150937e-35
24.489795918367346,11.5371460486378,2.445571921017128,0.8989898989898993,0.6122448979591837,-80.17463319418674,1.515651016625346e-35
24.489795918367346,12.8156295554912,2.550665485062058,0.909090909090909,0.6122448979591837,-80.21402808219506,1.4571029339595837e-35
24.489795918367346,14.2357876212352,2.6557590491069942,0.919191919191919,0.6122448979591837,-80.25080553565276,1.4044878533419695e-35
24.489795918367346,15.8133198466305,2.7608526131519304,0.9292929292929293,0.6122448979591837,-80.28513685708688,1.3570882307363536e-35
24.489795918367346,17.5656655764397,2.865946177196865,0.9393939393939392,0.6122448979591837,-80.31718423762176,1.3142866108525132e-35
24.489795918367346,19.5121966883548,2.9710397412417997,0.9494949494949493,0.6122448979591837,-80.34710064913169,1.2755501881626313e-35
24.489795918367346,21.6744317457404,3.0761333052867346,0.9595959595959593,0.6122448979591837,-80.37502989750205,1.2404179227253925e-35
24.489795918367346,24.0762738816144,3.1812268693316703,0.9696969696969694,0.6122448979591837,-80.40110679974698,1.2084897687411745e-35
24.489795918367346,26.744275043632,3.2863204333766105,0.97979797979798,0.6122448979591837,-80.42545745359004,1.1794176517605257e-35
24.489795918367346,29.707929521255,3.3914139974215445,0.98989898989899,0.6122448979591837,-80.4481995734622,1.1528978948902494e-35
24.489795918367346,33.0,3.4965075614664802,1.0,0.6122448979591837,-80.46944287163406,1.1286648473869321e-35
25.306122448979593,0.001,-6.907755278982137,0.0,0.6326530612244898,-72.80072895862203,2.4157118780509766e-32
25.306122448979593,0.001110814537795,-6.802661714937222,0.010101010101008117,0.6326530612244898,-72.87563129965561,2.2413798398588498e-32
25.306122448979593,0.0012339089373767,-6.697568150892323,0.020202020202014698,0.6326530612244898,-72.95116631039814,2.0783133293620233e-32
25.306122448979593,0.0013706439859533,-6.592474586847349,0.030303030303028534,0.6326530612244898,-73.02711174475714,1.9263195839563125e-32
25.306122448979593,0.0015225312657382,-6.487381022802441,0.04040404040403597,0.6326530612244898,-73.10323354313557,1.7851267706358908e-32
25.306122448979593,0.0016912498642295,-6.382287458757476,0.05050505050504887,0.6326530612244898,-73.17929029699273,1.6543905260803072e-32
25.306122448979593,0.00187866493623,-6.277193894712534,0.06060606060605963,0.6326530612244898,-73.25503826424959,1.5337024460774938e-32
25.306122448979593,0.00208684832281,-6.172100330667619,0.07070707070706775,0.6326530612244898,-73.33023675637675,1.422600051377819e-32
25.306122448979593,0.0023181014551505,-6.067006766622687,0.08080808080807748,0.6326530612244898,-73.40465368300393,1.3205777005725936e-32
25.306122448979593,0.002574980796465,-5.961913202577741,0.0909090909090886,0.6326530612244898,-73.47807101876653,1.22709790784852e-32
25.306122448979593,0.0028603261032564,-5.856819638532781,0.10101010101010106,0.6326530612244898,-73.55028995290404,1.1416025523064385e-32
25.306122448979593,0.0031772918183317,-5.751726074487876,0.11111111111110823,0.6326530612244898,-73.6211354961255,1.0635235291617205e-32
25.306122448979593,0.0035293819426201,-5.646632510442922,0.1212121212121201,0.6326530612244898,-73.69046035069381,9.922924815476071e-33
25.306122448979593,0.0039204887712936,-5.541538946397998,0.13131313131312908,0.6326530612244898,-73.75814789574504,9.273493533695152e-33
25.306122448979593,0.0043549359224151,-5.436445382353058,0.14141414141413966,0.6326530612244898,-73.82411419609565,8.68149607514511e-33
25.306122448979593,0.0048375261337845,-5.331351818308116,0.15151515151515035,0.6326530612244898,-73.8883090036814,8.141700502374972e-33
25.306122448979593,0.0053735943563712,-5.2262582542631755,0.16161616161616094,0.6326530612244898,-73.95071578053971,7.649132848404848e-33
25.306122448979593,0.0059690667312704,-5.121164690218244,0.17171717171717069,0.6326530612244898,-74.01135082560685,7.199108818815035e-33
25.306122448979593,0.0066305261021638,-5.016071126173304,0.18181818181818118,0.6326530612244898,-74.07026163041056,6.787253978848318e-33
25.306122448979593,0.0073652847875129,-4.910977562128371,0.19191919191919102,0.6326530612244898,-74.12752461839169,6.409514008886209e-33
25.306122448979593,0.0081814654169699,-4.80588399808343,0.20202020202020168,0.6326530612244898,-74.18324243815853,6.0621567169064934e-33
25.306122448979593,0.0090880907256374,-4.700790434038493,0.21212121212121193,0.6326530612244898,-74.23754098307369,5.74176747685387e-33
25.306122448979593,0.0100951832988382,-4.595696869993551,0.22222222222222263,0.6326530612244898,-74.29056630002836,5.4452396527385767e-33
25.306122448979593,0.0112138763700549,-4.490603305948624,0.23232323232323193,0.6326530612244898,-74.34248153169317,5.169761402716157e-33
25.306122448979593,0.0124565368968931,-4.385509741903686,0.24242424242424226,0.6326530612244898,-74.39346401190504,4.912800063205219e-33
25.306122448979593,0.013836902275649,-4.280416177858747,0.2525252525252527,0.6326530612244898,-74.44370260605181,4.6720851116540285e-33
25.306122448979593,0.0153702322058399,-4.175322613813814,0.26262626262626254,0.6326530612244898,-74.49339535988967,4.445590512789679e-33
25.306122448979593,0.0170734773835322,-4.07022904976888,0.2727272727272725,0.6326530612244898,-74.54274749316546,4.2315170762951035e-33
25.306122448979593,0.0189654668883421,-3.9651354857239447,0.2828282828282826,0.6326530612244898,-74.5919697500985,4.0282752984299024e-33
25.306122448979593,0.0210671163356406,-3.8600419216790063,0.292929292929293,0.6326530612244898,-74.64127709799139,3.8344690272939106e-33
25.306122448979593,0.0234016590950486,-3.7549483576340705,0.3030303030303031,0.6326530612244898,-74.6908877482567,3.648880180091793e-33
25.306122448979593,0.0259949031313031,-3.649854793589135,0.3131313131313132,0.6326530612244898,-74.74102246084028,3.470454648377463e-33
25.306122448979593,0.0288755163068248,-3.5447612295442013,0.32323232323232315,0.6326530612244898,-74.7919040829933,3.2982894506980545e-33
25.306122448979593,0.0320753432999582,-3.4396676654992664,0.33333333333333315,0.6326530612244898,-74.8437572660334,3.13162112809486e-33
25.306122448979593,0.0356297576423598,-3.3345741014543298,0.34343434343434337,0.6326530612244898,-74.89680829854056,2.9698153235634446e-33
25.306122448979593,0.0395780527672466,-3.229480537409394,0.3535353535353535,0.6326530612244898,-74.95128499077266,2.8123574393953034e-33
25.306122448979593,0.0439638763914761,-3.1243869733644574,0.3636363636363637,0.6326530612244898,-75.00741654247987,2.6588442245560254e-33
25.306122448979593,0.048835713033475,-3.019293409319523,0.3737373737373737,0.6326530612244898,-75.0654333243994,2.508976106956518e-33
25.306122448979593,0.0542474200011699,-2.914199845274587,0.3838383838383838,0.6326530612244898,-75.1255665023486,2.3625500526185557e-33
25.306122448979593,0.060258822775172,-2.8091062812296523,0.3939393939393938,0.6326530612244898,-75.18804743202362,2.2194527062613455e-33
25.306122448979593,0.0669363763690749,-2.7040127171847166,0.404040404040404,0.6326530612244898,-75.25310675257568,2.079653547686758e-33
25.306122448979593,0.0743538999780876,-2.5989191531397813,0.4141414141414141,0.6326530612244898,-75.32097310822006,1.943197788401855e-33
25.306122448979593,0.0825933930374168,-2.493825589094845,0.42424242424242425,0.6326530612244898,-75.3918714301824,1.8101987368612885e-33
25.306122448979593,0.0917459417117808,-2.38873202504991,0.4343434343434343,0.6326530612244898,-75.46602071705486,1.6808293826577706e-33
25.306122448979593,0.101912725837141,-2.283638461004973,0.44444444444444453,0.6326530612244898,-75.5436312611342,1.5553129939651148e-33
25.306122448979593,0.113206137446215,-2.1785448969600347,0.4545454545454549,0.6326530612244898,-75.62490128265696,1.4339125917157689e-33
25.306122448979593,0.125751023242877,-2.0734513329151003,0.46464646464646486,0.6326530612244898,-75.7100129541467,1.3169192597016243e-33
25.306122448979593,0.139686064760787,-1.9683577688701692,0.47474747474747453,0.6326530612244898,-75.79912782431182,1.2046393704215802e-33
25.306122448979593,0.155165311463659,-1.8632642048252352,0.48484848484848453,0.6326530612244898,-75.89238168569864,1.0973809465163524e-33
25.306122448979593,0.172359883735326,-1.7581706407802946,0.49494949494949514,0.6326530612244898,-75.98987897265339,9.95439526832523e-34
25.306122448979593,0.19145986458586,-1.6530770767353593,0.5050505050505052,0.6326530612244898,-76.09168682525517,8.990840496936732e-34
25.306122448979593,0.212676400986239,-1.5479835126904273,0.5151515151515149,0.6326530612244898,-76.19782900880388,8.085433852453974e-34
25.306122448979593,0.236244038061438,-1.442889948645492,0.5252525252525251,0.6326530612244898,-76.30827993389978,7.239942235891487e-34
25.306122448979593,0.262423311946047,-1.3377963846005527,0.5353535353535355,0.6326530612244898,-76.42295907442086,6.455510372344597e-34
25.306122448979593,0.291503629965987,-1.2327028205556183,0.5454545454545455,0.6326530612244898,-76.54172612377317,5.732587720959489e-34
25.306122448979593,0.323806469986239,-1.1276092565106834,0.5555555555555556,0.6326530612244898,-76.6643772567178,5.070887771223222e-34
25.306122448979593,0.359688934292802,-1.0225156924657481,0.5656565656565656,0.6326530612244898,-76.79064286773003,4.469382670558025e-34
25.306122448979593,0.399547697296443,-0.9174221284208132,0.5757575757575757,0.6326530612244898,-76.92018713089946,3.926333469143445e-34
25.306122448979593,0.443823390699414,-0.8123285643758777,0.5858585858585857,0.6326530612244898,-77.05260966657136,3.439353422785115e-34
25.306122448979593,0.49300547460239,-0.707235000330941,0.5959595959595959,0.6326530612244898,-77.18744950530858,3.0054991373972656e-34
25.306122448979593,0.547637648400869,-0.6021414362860068,0.606060606060606,0.6326530612244898,-77.32419141370197,2.621382231928633e-34
25.306122448979593,0.608323861287565,-0.49704787224107067,0.6161616161616161,0.6326530612244898,-77.4622744972716,2.2832929207914863e-34
25.306122448979593,0.67573498880583,-0.39195430819613525,0.6262626262626262,0.6326530612244898,-77.60110283587896,1.9873266148281427e-34
25.306122448979593,0.750616249262273,-0.2868607441511999,0.6363636363636362,0.6326530612244898,-77.74005775268218,1.7295052917943382e-34
25.306122448979593,0.833795441985706,-0.18176718010626372,0.6464646464646464,0.6326530612244898,-77.87851118589177,1.5058868231241655e-34
25.306122448979593,0.926192098504948,-0.07667361606132911,0.6565656565656565,0.6326530612244898,-78.01583953922706,1.3126573874872427e-34
25.306122448979593,1.02882764781018,0.028419947983610284,0.666666666666667,0.6326530612244898,-78.15143734384337,1.1462042350089993e-34
25.306122448979593,1.142836708073,0.1335135120285407,0.6767676767676766,0.6326530612244898,-78.284730077324,1.0031680923039188e-34
25.306122448979593,1.2694796296533,0.23860707607348014,0.686868686868687,0.6326530612244898,-78.41518555270892,8.804761917203237e-35
25.306122448979593,1.41015642805352,0.3437006401184105,0.6969696969696967,0.6326530612244898,-78.54232340412891,7.753581383804148e-35
25.306122448979593,1.56642226084696,0.44879420416335164,0.7070707070707073,0.6326530612244898,-78.66572234163712,6.853475618478474e-35
25.306122448979593,1.74000461967455,0.5538877682082868,0.7171717171717173,0.6326530612244898,-78.7850250093619,6.082727792395011e-35
25.306122448979593,1.93282242736499,0.6589813322532224,0.7272727272727274,0.6326530612244898,-78.89994044082682,5.422396161452538e-35
25.306122448979593,2.14700725129329,0.7640748962981553,0.7373737373737373,0.6326530612244898,-79.01024424798489,4.856092036880635e-35
25.306122448979593,2.38492686748792,0.8691684603430914,0.7474747474747475,0.6326530612244898,-79.11577679494225,4.3697310380191785e-35
25.306122448979593,2.64921143598352,0.9742620243880249,0.7575757575757573,0.6326530612244898,-79.21643968713427,3.951276011597582e-35
25.306122448979593,2.94278257678333,1.0793555884329629,0.7676767676767676,0.6326530612244898,-79.31219095038942,3.5904850485928995e-35
25.306122448979593,3.26888566786082,1.184449152477898,0.7777777777777777,0.6326530612244898,-79.4030392845411,3.2786736652001614e-35
25.306122448979593,3.63112572224959,1.289542716522833,0.7878787878787878,0.6326530612244898,-79.48903775863991,3.008496631906169e-35
25.306122448979593,4.0335072408363,1.3946362805677694,0.797979797979798,0.6326530612244898,-79.57027727658104,2.7737521716970246e-35
25.306122448979593,4.48047848142245,1.4997298446127043,0.808080808080808,0.6326530612244898,-79.64688009066765,2.569209243285141e-35
25.306122448979593,4.97698063344183,1.6048234086576407,0.8181818181818182,0.6326530612244898,-79.71899358324863,2.390457264120116e-35
25.306122448979593,5.52850244195146,1.7099169727025751,0.8282828282828283,0.6326530612244898,-79.78678447886263,2.2337767793327185e-35
25.306122448979593,6.14114088475497,1.8150105367475111,0.8383838383838383,0.6326530612244898,-79.8504335955579,2.0960291194584668e-35
25.306122448979593,6.8216685734332,1.9201041007924453,0.8484848484848483,0.6326530612244898,-79.91013119700887,1.9745629007492376e-35
25.306122448979593,7.57760862338904,2.0251976648373815,0.8585858585858586,0.6326530612244898,-79.96607296814264,1.867135216937147e-35
25.306122448979593,8.41731782058148,2.1302912288823177,0.8686868686868686,0.6326530612244898,-80.01845660658957,1.771845481283343e-35
25.306122448979593,9.35007900434302,2.2353847929272526,0.8787878787878787,0.6326530612244898,-80.06747899997576,1.687080052161406e-35
25.306122448979593,10.3862036875563,2.3404783569721936,0.8888888888888893,0.6326530612244898,-80.11333394398979,1.6114659792227237e-35
25.306122448979593,11.5371460486378,2.445571921017128,0.8989898989898993,0.6326530612244898,-80.15621034713648,1.543832417240326e-35
25.306122448979593,12.8156295554912,2.550665485062058,0.909090909090909,0.6326530612244898,-80.1962908639198,1.4831784567392657e-35
25.306122448979593,14.2357876212352,2.6557590491069942,0.919191919191919,0.6326530612244898,-80.233750897705,1.428646306459237e-35
25.306122448979593,15.8133198466305,2.7608526131519304,0.9292929292929293,0.6326530612244898,-80.26875791665428,1.3794989287664033e-35
25.306122448979593,17.5656655764397,2.865946177196865,0.9393939393939392,0.6326530612244898,-80.30147103002996,1.3351013742828596e-35
25.306122448979593,19.5121966883548,2.9710397412417997,0.9494949494949493,0.6326530612244898,-80.3320407771029,1.2949051868566975e-35
25.306122448979593,21.6744317457404,3.0761333052867346,0.9595959595959593,0.6326530612244898,-80.36060908634795,1.2584353561025491e-35
25.306122448979593,24.0762738816144,3.1812268693316703,0.9696969696969694,0.6326530612244898,-80.38730936815004,1.2252793840944947e-35
25.306122448979593,26.744275043632,3.2863204333766105,0.97979797979798,0.6326530612244898,-80.41226670960752,1.1950781075142386e-35
25.306122448979593,29.707929521255,3.3914139974215445,0.98989898989899,0.6326530612244898,-80.43559814502014,1.1675179787167419e-35
25.306122448979593,33.0,3.4965075614664802,1.0,0.6326530612244898,-80.45741298018812,1.1423245606800917e-35
26.122448979591837,0.001,-6.907755278982137,0.0,0.653061224489796,-73.01218594802556,1.955287082223798e-32
26.122448979591837,0.001110814537795,-6.802661714937222,0.010101010101008117,0.653061224489796,-73.08347051140113,1.820757210716744e-32
26.122448979591837,0.0012339089373767,-6.697568150892323,0.020202020202014698,0.653061224489796,-73.15483233761448,1.695352422662156e-32
26.122448979591837,0.0013706439859533,-6.592474586847349,0.030303030303028534,0.653061224489796,-73.22606786882518,1.5787842786684658e-32
26.122448979591837,0.0015225312657382,-6.487381022802441,0.04040404040403597,0.653061224489796,-73.29697265723031,1.470717414154432e-32
26.122448979591837,0.0016912498642295,-6.382287458757476,0.05050505050504887,0.653061224489796,-73.36734551823245,1.37077662334198e-32
26.122448979591837,0.00187866493623,-6.277193894712534,0.06060606060605963,0.653061224489796,-73.4369927844135,1.278554561978727e-32
26.122448979591837,0.00208684832281,-6.172100330667619,0.07070707070706775,0.653061224489796,-73.50573249560404,1.193619730058422e-32
26.122448979591837,0.0023181014551505,-6.067006766622687,0.08080808080807748,0.653061224489796,-73.57339835740915,1.115524411322356e-32
26.122448979591837,0.002574980796465,-5.961913202577741,0.0909090909090886,0.653061224489796,-73.63984330926128,1.043812281758121e-32
26.122448979591837,0.0028603261032564,-5.856819638532781,0.10101010101010106,0.653061224489796,-73.70494256306499,9.780254495456916e-33
26.122448979591837,0.0031772918183317,-5.751726074487876,0.11111111111110823,0.653061224489796,-73.76859600322197,9.177107479310119e-33
26.122448979591837,0.0035293819426201,-5.646632510442922,0.1212121212121201,0.653061224489796,-73.83072987569307,8.62425164288265e-33
26.122448979591837,0.0039204887712936,-5.541538946397998,0.13131313131312908,0.653061224489796,-73.89129773448043,8.117403478045616e-33
26.122448979591837,0.0043549359224151,-5.436445382353058,0.14141414141413966,0.653061224489796,-73.95028065492629,7.652461906254296e-33
26.122448979591837,0.0048375261337845,-5.331351818308116,0.15151515151515035,0.653061224489796,-74.00768676111176,7.225535202255729e-33
26.122448979591837,0.0053735943563712,-5.2262582542631755,0.16161616161616094,0.653061224489796,-74.06355014654903,6.832959729531374e-33
26.122448979591837,0.0059690667312704,-5.121164690218244,0.17171717171717069,0.653061224489796,-74.11792929127382,6.471311401424902e-33
26.122448979591837,0.0066305261021638,-5.016071126173304,0.18181818181818118,0.653061224489796,-74.17090509332803,6.1374108985995887e-33
26.122448979591837,0.0073652847875129,-4.910977562128371,0.19191919191919102,0.653061224489796,-74.22257863840919,5.828323708123232e-33
26.122448979591837,0.0081814654169699,-4.80588399808343,0.20202020202020168,0.653061224489796,-74.2730688289298,5.5413560206233194e-33
26.122448979591837,0.0090880907256374,-4.700790434038493,0.21212121212121193,0.653061224489796,-74.32250998426353,5.2740474483286674e-33
26.122448979591837,0.0100951832988382,-4.595696869993551,0.22222222222222263,0.653061224489796,-74.37104950931827,5.0241614253176805e-33
26.122448979591837,0.0112138763700549,-4.490603305948624,0.23232323232323193,0.653061224489796,-74.41884571062651,4.7896740360440547e-33
26.122448979591837,0.0124565368968931,-4.385509741903686,0.24242424242424226,0.653061224489796,-74.46606581965206,4.568761899943926e-33
26.122448979591837,0.013836902275649,-4.280416177858747,0.2525252525252527,0.653061224489796,-74.51288426348326,4.3597896261781005e-33
26.122448979591837,0.0153702322058399,-4.175322613813814,0.26262626262626254,0.653061224489796,-74.55948120468427,4.161297247983479e-33
26.122448979591837,0.0170734773835322,-4.07022904976888,0.2727272727272725,0.653061224489796,-74.6060413556006,3.9719879530216534e-33
26.122448979591837,0.0189654668883421,-3.9651354857239447,0.2828282828282826,0.653061224489796,-74.65275305829468,3.7907163451503434e-33
26.122448979591837,0.0210671163356406,-3.8600419216790063,0.292929292929293,0.653061224489796,-74.69980760965943,3.6164774035886653e-33
26.122448979591837,0.0234016590950486,-3.7549483576340705,0.3030303030303031,0.653061224489796,-74.74739880200812,3.448396246217787e-33
26.122448979591837,0.0259949031313031,-3.649854793589135,0.3131313131313132,0.653061224489796,-74.79572264230251,3.285718753063717e-33
26.122448979591837,0.0288755163068248,-3.5447612295442013,0.32323232323232315,0.653061224489796,-74.84497720778661,3.127803062108054e-33
26.122448979591837,0.0320753432999582,-3.4396676654992664,0.33333333333333315,0.653061224489796,-74.8953625917459,2.9741119108099748e-33
26.122448979591837,0.0356297576423598,-3.3345741014543298,0.34343434343434337,0.653061224489796,-74.94708089002343,2.824205761732732e-33
26.122448979591837,0.0395780527672466,-3.229480537409394,0.3535353535353535,0.653061224489796,-75.00033617647371,2.677736618425521e-33
26.122448979591837,0.0439638763914761,-3.1243869733644574,0.3636363636363637,0.653061224489796,-75.05533441347711,2.534442407680342e-33
26.122448979591837,0.048835713033475,-3.019293409319523,0.3737373737373737,0.653061224489796,-75.11228324184536,2.3941417764526883e-33
26.122448979591837,0.0542474200011699,-2.914199845274587,0.3838383838383838,0.653061224489796,-75.17139159291621,2.256729126718834e-33
26.122448979591837,0.060258822775172,-2.8091062812296523,0.3939393939393938,0.653061224489796,-75.23286906450218,2.1221696906249205e-33
26.122448979591837,0.0669363763690749,-2.7040127171847166,0.404040404040404,0.653061224489796,-75.29692500191317,1.9904944334393914e-33
26.122448979591837,0.0743538999780876,-2.5989191531397813,0.4141414141414141,0.653061224489796,-75.36376722596584,1.8617945656695623e-33
26.122448979591837,0.0825933930374168,-2.493825589094845,0.42424242424242425,0.653061224489796,-75.43360035232939,1.7362154513781275e-33
26.122448979591837,0.0917459417117808,-2.38873202504991,0.4343434343434343,0.653061224489796,-75.50662365149198,1.6139497205896984e-33
26.122448979591837,0.101912725837141,-2.283638461004973,0.44444444444444453,0.653061224489796,-75.58302840693439,1.4952294328679342e-33
26.122448979591837,0.113206137446215,-2.1785448969600347,0.4545454545454549,0.653061224489796,-75.6629947417071,1.3803171989888697e-33
26.122448979591837,0.125751023242877,-2.0734513329151003,0.46464646464646486,0.653061224489796,-75.74668790143696,1.2694962488919624e-33
26.122448979591837,0.139686064760787,-1.9683577688701692,0.47474747474747453,0.653061224489796,-75.83425400562528,1.1630595350770705e-33
26.122448979591837,0.155165311463659,-1.8632642048252352,0.48484848484848453,0.653061224489796,-75.92581530941219,1.0612980765076525e-33
26.122448979591837,0.172359883735326,-1.7581706407802946,0.49494949494949514,0.653061224489796,-76.02146505475659,9.644888703932294e-34
26.122448979591837,0.19145986458586,-1.6530770767353593,0.5050505050505052,0.653061224489796,-76.12126203247763,8.728828158815283e-34
26.122448979591837,0.212676400986239,-1.5479835126904273,0.5151515151515149,0.653061224489796,-76.22522502315032,7.86693189803691e-34
26.122448979591837,0.236244038061438,-1.442889948645492,0.5252525252525251,0.653061224489796,-76.33332733267075,7.060852741503887e-34
26.122448979591837,0.262423311946047,-1.3377963846005527,0.5353535353535355,0.653061224489796,-76.44549168345726,6.311677432199396e-34
26.122448979591837,0.291503629965987,-1.2327028205556183,0.5454545454545455,0.653061224489796,-76.56158575970487,5.619863650265469e-34
26.122448979591837,0.323806469986239,-1.1276092565106834,0.5555555555555556,0.653061224489796,-76.68141872906725,4.985204535338722e-34
26.122448979591837,0.359688934292802,-1.0225156924657481,0.5656565656565656,0.653061224489796,-76.80473906760987,4.40682331954248e-34
26.122448979591837,0.399547697296443,-0.9174221284208132,0.5757575757575757,0.653061224489796,-76.93123399448694,3.883198490679703e-34
26.122448979591837,0.443823390699414,-0.8123285643758777,0.5858585858585857,0.653061224489796,-77.06053077377761,3.41221755056367e-34
26.122448979591837,0.49300547460239,-0.707235000330941,0.5959595959595959,0.653061224489796,-77.19220006215538,2.991255202989944e-34
26.122448979591837,0.547637648400869,-0.6021414362860068,0.606060606060606,0.653061224489796,-77.32576137493359,2.617269992324261e-34
26.122448979591837,0.608323861287565,-0.49704787224107067,0.6161616161616161,0.653061224489796,-77.46069061586643,2.286912251529961e-34
26.122448979591837,0.67573498880583,-0.39195430819613525,0.6262626262626262,0.653061224489796,-77.59642947802773,1.9966358389914336e-34
26.122448979591837,0.750616249262273,-0.2868607441511999,0.6363636363636362,0.653061224489796,-77.73239638719367,1.7428065517948238e-34
26.122448979591837,0.833795441985706,-0.18176718010626372,0.6464646464646464,0.653061224489796,-77.86799853982338,1.5218011827645613e-34
26.122448979591837,0.926192098504948,-0.07667361606132911,0.6565656565656565,0.653061224489796,-78.002644498659,1.3300927320361545e-34
26.122448979591837,1.02882764781018,0.028419947983610284,0.666666666666667,0.653061224489796,-78.13575676097408,1.1643190396772221e-34
26.122448979591837,1.142836708073,0.1335135120285407,0.6767676767676766,0.653061224489796,-78.26678371371408,1.0213338285506575e-34
26.122448979591837,1.2694796296533,0.23860707607348014,0.686868686868687,0.653061224489796,-78.39521043652731,8.982406387197071e-35
26.122448979591837,1.41015642805352,0.3437006401184105,0.6969696969696967,0.653061224489796,-78.52056790243306,7.924112707991753e-35
26.122448979591837,1.56642226084696,0.44879420416335164,0.7070707070707073,0.653061224489796,-78.64244024612267,7.014910875794374e-35
26.122448979591837,1.74000461967455,0.5538877682082868,0.7171717171717173,0.653061224489796,-78.76046990793458,6.2339386921025e-35
26.122448979591837,1.93282242736499,0.6589813322532224,0.7272727272727274,0.653061224489796,-78.87436060266735,5.562889414395126e-35
26.122448979591837,2.14700725129329,0.7640748962981553,0.7373737373737373,0.653061224489796,-78.9838781929836,4.985830861328178e-35
26.122448979591837,2.38492686748792,0.8691684603430914,0.7474747474747475,0.653061224489796,-79.08884965645298,4.488993888404946e-35
26.122448979591837,2.64921143598352,0.9742620243880249,0.7575757575757573,0.653061224489796,-79.18916041638737,4.060547587974139e-35
26.122448979591837,2.94278257678333,1.0793555884329629,0.7676767676767676,0.653061224489796,-79.2847503567868,3.690374332410024e-35
26.122448979591837,3.26888566786082,1.184449152477898,0.7777777777777777,0.653061224489796,-79.37560886192075,3.369853908633822e-35
26.122448979591837,3.63112572224959,1.289542716522833,0.7878787878787878,0.653061224489796,-79.46176921517602,3.091662708687205e-35
26.122448979591837,4.0335072408363,1.3946362805677694,0.797979797979798,0.653061224489796,-79.5433026654587,2.8495913252028717e-35
26.122448979591837,4.48047848142245,1.4997298446127043,0.808080808080808,0.653061224489796,-79.62031242901078,2.638381934825233e-35
26.122448979591837,4.97698063344183,1.6048234086576407,0.8181818181818182,0.653061224489796,-79.69292784619765,2.453585461913578e-35
26.122448979591837,5.52850244195146,1.7099169727025751,0.8282828282828283,0.653061224489796,-79.76129886202706,2.2914375982576343e-35
26.122448979591837,6.14114088475497,1.8150105367475111,0.8383838383838383,0.653061224489796,-79.82559095011815,2.1487522066782575e-35
26.122448979591837,6.8216685734332,1.9201041007924453,0.8484848484848483,0.653061224489796,-79.88598055550834,2.0228303605535357e-35
26.122448979591837,7.57760862338904,2.0251976648373815,0.8585858585858586,0.653061224489796,-79.94265109384429,1.9113831856742633e-35
26.122448979591837,8.41731782058148,2.1302912288823177,0.8686868686868686,0.653061224489796,-79.99578951390413,1.8124667103733737e-35
26.122448979591837,9.35007900434302,2.2353847929272526,0.8787878787878787,0.653061224489796,-80.04558340702675,1.7244270454844178e-35
26.122448979591837,10.3862036875563,2.3404783569721936,0.8888888888888893,0.653061224489796,-80.0922186303327,1.6458543719903439e-35
26.122448979591837,11.5371460486378,2.445571921017128,0.8989898989898993,0.653061224489796,-80.13587739974078,1.575544386927783e-35
26.122448979591837,12.8156295554912,2.550665485062058,0.909090909090909,0.653061224489796,-80.17673680270691,1.5124660313887125e-35
26.122448979591837,14.2357876212352,2.6557590491069942,0.919191919191919,0.653061224489796,-80.21496767831071,1.4557344886963263e-35
26.122448979591837,15.8133198466305,2.7608526131519304,0.9292929292929293,0.653061224489796,-80.25073381283588,1.4045885907796337e-35
26.122448979591837,17.5656655764397,2.865946177196865,0.9393939393939392,0.653061224489796,-80.28419140149444,1.3583719041260137e-35
26.122448979591837,19.5121966883548,2.9710397412417997,0.9494949494949493,0.653061224489796,-80.3154887307367,1.3165168830367849e-35
26.122448979591837,21.6744317457404,3.0761333052867346,0.9595959595959593,0.653061224489796,-80.34476604011275,1.2785315779716544e-35
26.122448979591837,24.0762738816144,3.1812268693316703,0.9696969696969694,0.653061224489796,-80.37215552748586,1.2439884718914237e-35
26.122448979591837,26.744275043632,3.2863204333766105,0.97979797979798,0.653061224489796,-80.39778146623566,1.212515089324701e-35
26.122448979591837,29.707929521255,3.3914139974215445,0.98989898989899,0.653061224489796,-80.42176040772003,1.183786083088791e-35
26.122448979591837,33.0,3.4965075614664802,1.0,0.653061224489796,-80.44420144655409,1.1575165538259606e-35
26.93877551020408,0.001,-6.907755278982137,0.0,0.673469387755102,-73.20005195653263,1.620396738025353e-32
26.93877551020408,0.001110814537795,-6.802661714937222,0.010101010101008117,0.673469387755102,-73.26682626440594,1.5157293032326208e-32
26.93877551020408,0.0012339089373767,-6.697568150892323,0.020202020202014698,0.673469387755102,-73.33327500756391,1.4182843944275954e-32
26.93877551020408,0.0013706439859533,-6.592474586847349,0.030303030303028534,0.673469387755102,-73.39922937874702,1.3277603787198436e-32
26.93877551020408,0.0015225312657382,-6.487381022802441,0.04040404040403597,0.673469387755102,-73.46452682326836,1.24383102430804e-32
26.93877551020408,0.0016912498642295,-6.382287458757476,0.05050505050504887,0.673469387755102,-73.52901428215594,1.166151130069056e-32
26.93877551020408,0.00187866493623,-6.277193894712534,0.06060606060605963,0.673469387755102,-73.5925512753001,1.0943621701166924e-32
26.93877551020408,0.00208684832281,-6.172100330667619,0.07070707070706775,0.673469387755102,-73.65501271066493,1.0280977655072618e-32
26.93877551020408,0.0023181014551505,-6.067006766622687,0.08080808080807748,0.673469387755102,-73.71629131785905,9.669888229750384e-33
26.93877551020408,0.002574980796465,-5.961913202577741,0.0909090909090886,0.673469387755102,-73.77629962323218,9.10668214379541e-33
26.93877551020408,0.0028603261032564,-5.856819638532781,0.10101010101010106,0.673469387755102,-73.83497140770743,8.587749071577077e-33
26.93877551020408,0.0031772918183317,-5.751726074487876,0.11111111111110823,0.673469387755102,-73.89226261582695,8.109574924267598e-33
26.93877551020408,0.0035293819426201,-5.646632510442922,0.1212121212121201,0.673469387755102,-73.94815171277114,7.668770909299366e-33
26.93877551020408,0.0039204887712936,-5.541538946397998,0.13131313131312908,0.673469387755102,-74.00263951319435,7.262096459005342e-33
26.93877551020408,0.0043549359224151,-5.436445382353058,0.14141414141413966,0.673469387755102,-74.05574852963203,6.886476350396358e-33
26.93877551020408,0.0048375261337845,-5.331351818308116,0.15151515151515035,0.673469387755102,-74.10752190743216,6.539012507760227e-33
26.93877551020408,0.0053735943563712,-5.2262582542631755,0.16161616161616094,0.673469387755102,-74.15802202667707,6.216991090045899e-33
26.93877551020408,0.0059690667312704,-5.121164690218244,0.17171717171717069,0.673469387755102,-74.2073288590094,5.917885522226899e-33
26.93877551020408,0.0066305261021638,-5.016071126173304,0.18181818181818118,0.673469387755102,-74.25553816884754,5.639356143029304e-33
26.93877551020408,0.0073652847875129,-4.910977562128371,0.19191919191919102,0.673469387755102,-74.30275964482563,5.3792471206305624e-33
26.93877551020408,0.0081814654169699,-4.80588399808343,0.20202020202020168,0.673469387755102,-74.34911503939348,5.1355812431551865e-33
26.93877551020408,0.0090880907256374,-4.700790434038493,0.21212121212121193,0.673469387755102,-74.39473638352239,4.9065531308955587e-33
26.93877551020408,0.0100951832988382,-4.595696869993551,0.22222222222222263,0.673469387755102,-74.43976433055907,4.690521349612478e-33
26.93877551020408,0.0112138763700549,-4.490603305948624,0.23232323232323193,0.673469387755102,-74.48434666955775,4.485999834680761e-33
26.93877551020408,0.0124565368968931,-4.385509741903686,0.24242424242424226,0.673469387755102,-74.5286370348209,4.291648968302916e-33
26.93877551020408,0.013836902275649,-4.280416177858747,0.2525252525252527,0.673469387755102,-74.57279382561053,4.106266589046136e-33
26.93877551020408,0.0153702322058399,-4.175322613813814,0.26262626262626254,0.673469387755102,-74.61697933853135,3.9287791559218455e-33
26.93877551020408,0.0170734773835322,-4.07022904976888,0.2727272727272725,0.673469387755102,-74.66135910519924,3.758233238537258e-33
26.93877551020408,0.0189654668883421,-3.9651354857239447,0.2828282828282826,0.673469387755102,-74.70610141956718,3.59378746026939e-33
26.93877551020408,0.0210671163356406,-3.8600419216790063,0.292929292929293,0.673469387755102,-74.75137703261102,3.434704982299579e-33
26.93877551020408,0.0234016590950486,-3.7549483576340705,0.3030303030303031,0.673469387755102,-74.7973589867999,3.280346581822286e-33
26.93877551020408,0.0259949031313031,-3.649854793589135,0.3131313131313132,0.673469387755102,-74.84422255864976,3.130164346847799e-33
26.93877551020408,0.0288755163068248,-3.5447612295442013,0.32323232323232315,0.673469387755102,-74.89214527441345,2.9836959818410058e-33
26.93877551020408,0.0320753432999582,-3.4396676654992664,0.33333333333333315,0.673469387755102,-74.94130696133851,2.8405596921722832e-33
26.93877551020408,0.0356297576423598,-3.3345741014543298,0.34343434343434337,0.673469387755102,-74.99188979469542,2.700449590391667e-33
26.93877551020408,0.0395780527672466,-3.229480537409394,0.3535353535353535,0.673469387755102,-75.04407829876702,2.563131543339171e-33
26.93877551020408,0.0439638763914761,-3.1243869733644574,0.3636363636363637,0.673469387755102,-75.0980592580934,2.4284393560280082e-33
26.93877551020408,0.048835713033475,-3.019293409319523,0.3737373737373737,0.673469387755102,-75.1540214934585,2.2962711664657712e-33
26.93877551020408,0.0542474200011699,-2.914199845274587,0.3838383838383838,0.673469387755102,-75.2121554554649,2.1665859058996336e-33
26.93877551020408,0.060258822775172,-2.8091062812296523,0.3939393939393938,0.673469387755102,-75.27265258725002,2.0393996626944796e-33
26.93877551020408,0.0669363763690749,-2.7040127171847166,0.404040404040404,0.673469387755102,-75.33570440724928,1.914781776969599e-33
26.93877551020408,0.0743538999780876,-2.5989191531397813,0.4141414141414141,0.673469387755102,-75.40150126332766,1.7928504894930272e-33
26.93877551020408,0.0825933930374168,-2.493825589094845,0.42424242424242425,0.673469387755102,-75.47023071162307,1.6737679747608605e-33
26.93877551020408,0.0917459417117808,-2.38873202504991,0.4343434343434343,0.673469387755102,-75.54207547772369,1.5577346073838155e-33
26.93877551020408,0.101912725837141,-2.283638461004973,0.44444444444444453,0.673469387755102,-75.61721096508036,1.4449823453272472e-33
26.93877551020408,0.113206137446215,-2.1785448969600347,0.4545454545454549,0.673469387755102,-75.69580228661876,1.3357671649372574e-33
26.93877551020408,0.125751023242877,-2.0734513329151003,0.46464646464646486,0.673469387755102,-75.77800081112652,1.2303605514340978e-33
26.93877551020408,0.139686064760787,-1.9683577688701692,0.47474747474747453,0.673469387755102,-75.8639402367828,1.1290401331105468e-33
26.93877551020408,0.155165311463659,-1.8632642048252352,0.48484848484848453,0.673469387755102,-75.95373223055289,1.0320796437424307e-33
26.93877551020408,0.172359883735326,-1.7581706407802946,0.49494949494949514,0.673469387755102,-76.0474617040492,9.397384987446872e-34
26.93877551020408,0.19145986458586,-1.6530770767353593,0.5050505050505052,0.673469387755102,-76.14518183322814,8.522513666176311e-34
26.93877551020408,0.212676400986239,-1.5479835126904273,0.5151515151515149,0.673469387755102,-76.24690896954549,7.698181962782715e-34
26.93877551020408,0.236244038061438,-1.442889948645492,0.5252525252525251,0.673469387755102,-76.35261763161533,6.925952101348625e-34
26.93877551020408,0.262423311946047,-1.3377963846005527,0.5353535353535355,0.673469387755102,-76.46223580572703,6.206873804525167e-34
26.93877551020408,0.291503629965987,-1.2327028205556183,0.5454545454545455,0.673469387755102,-76.57564081658498,5.541428642447585e-34
26.93877551020408,0.323806469986239,-1.1276092565106834,0.5555555555555556,0.673469387755102,-76.69265605150964,4.929497768193783e-34
26.93877551020408,0.359688934292802,-1.0225156924657481,0.5656565656565656,0.673469387755102,-76.81304882702231,4.370355407619711e-34
26.93877551020408,0.399547697296443,-0.9174221284208132,0.5757575757575757,0.673469387755102,-76.93652967161863,3.862688679834694e-34
26.93877551020408,0.443823390699414,-0.8123285643758777,0.5858585858585857,0.673469387755102,-77.0627532592416,3.4046423676426372e-34
26.93877551020408,0.49300547460239,-0.707235000330941,0.5959595959595959,0.673469387755102,-77.19132116319703,2.9938853697280987e-34
26.93877551020408,0.547637648400869,-0.6021414362860068,0.606060606060606,0.673469387755102,-77.32178651152942,2.627693986287118e-34
26.93877551020408,0.608323861287565,-0.49704787224107067,0.6161616161616161,0.673469387755102,-77.45366051696308,2.303046115724317e-34
26.93877551020408,0.67573498880583,-0.39195430819613525,0.6262626262626262,0.673469387755102,-77.58642073539473,2.0167199941452458e-34
26.93877551020408,0.750616249262273,-0.2868607441511999,0.6363636363636362,0.673469387755102,-77.71952078720292,1.7653913160022227e-34
26.93877551020408,0.833795441985706,-0.18176718010626372,0.6464646464646464,0.673469387755102,-77.85240116734728,1.5457233592186371e-34
26.93877551020408,0.926192098504948,-0.07667361606132911,0.6565656565656565,0.673469387755102,-77.98450068522509,1.3544459484413931e-34
26.93877551020408,1.02882764781018,0.028419947983610284,0.666666666666667,0.673469387755102,-78.11526802343163,1.188420528313224e-34
26.93877551020408,1.142836708073,0.1335135120285407,0.6767676767676766,0.673469387755102,-78.24417289227547,1.0446900823555676e-34
26.93877551020408,1.2694796296533,0.23860707607348014,0.686868686868687,0.673469387755102,-78.37071628583938,9.205139496086361e-35
26.93877551020408,1.41015642805352,0.3437006401184105,0.6969696969696967,0.673469387755102,-78.49443941229497,8.133886409577502e-35
26.93877551020408,1.56642226084696,0.44879420416335164,0.7070707070707073,0.673469387755102,-78.61493096839389,7.210564818199377e-35
26.93877551020408,1.74000461967455,0.5538877682082868,0.7171717171717173,0.673469387755102,-78.73183254468577,6.415043057869725e-35
26.93877551020408,1.93282242736499,0.6589813322532224,0.7272727272727274,0.673469387755102,-78.84484207169821,5.729545356099123e-35
26.93877551020408,2.14700725129329,0.7640748962981553,0.7373737373737373,0.673469387755102,-78.95371533601721,5.138508790395262e-35
26.93877551020408,2.38492686748792,0.8691684603430914,0.7474747474747475,0.673469387755102,-79.05826569878313,4.6284061094384454e-35
26.93877551020408,2.64921143598352,0.9742620243880249,0.7575757575757573,0.673469387755102,-79.15836223039399,4.1875507831523284e-35
26.93877551020408,2.94278257678333,1.0793555884329629,0.7676767676767676,0.673469387755102,-79.25392653043494,3.8058970699590195e-35
26.93877551020408,3.26888566786082,1.184449152477898,0.7777777777777777,0.673469387755102,-79.34492853059935,3.4748444804650007e-35
26.93877551020408,3.63112572224959,1.289542716522833,0.7878787878787878,0.673469387755102,-79.43138158293577,3.1870530207135803e-35
26.93877551020408,4.0335072408363,1.3946362805677694,0.797979797979798,0.673469387755102,-79.51333712035637,2.936273130236768e-35
26.93877551020408,4.48047848142245,1.4997298446127043,0.808080808080808,0.673469387755102,-79.59087914619344,2.717192311049896e-35
26.93877551020408,4.97698063344183,1.6048234086576407,0.8181818181818182,0.673469387755102,-79.66411877009183,2.5252990331861203e-35
26.93877551020408,5.52850244195146,1.7099169727025751,0.8282828282828283,0.673469387755102,-79.73318896364457,2.356763527437171e-35
26.93877551020408,6.14114088475497,1.8150105367475111,0.8383838383838383,0.673469387755102,-79.79823966503682,2.2083344519662037e-35
26.93877551020408,6.8216685734332,1.9201041007924453,0.8484848484848483,0.673469387755102,-79.85943332064626,2.0772500635272591e-35
26.93877551020408,7.57760862338904,2.0251976648373815,0.8585858585858586,0.673469387755102,-79.91694091510003,1.9611623627692215e-35
26.93877551020408,8.41731782058148,2.1302912288823177,0.8686868686868686,0.673469387755102,-79.9709385108106,1.8580726558895644e-35
26.93877551020408,9.35007900434302,2.2353847929272526,0.8787878787878787,0.673469387755102,-80.02160429384593,1.766277034304118e-35
26.93877551020408,10.3862036875563,2.3404783569721936,0.8888888888888893,0.673469387755102,-80.069116104911,1.6843203846308837e-35
26.93877551020408,11.5371460486378,2.445571921017128,0.8989898989898993,0.673469387755102,-80.11364942163635,1.6109576779111434e-35
26.93877551020408,12.8156295554912,2.550665485062058,0.909090909090909,0.673469387755102,-80.15537575048748,1.5451214324314295e-35
26.93877551020408,14.2357876212352,2.6557590491069942,0.919191919191919,0.673469387755102,-80.19446138255289,1.4858943877047034e-35
26.93877551020408,15.8133198466305,2.7608526131519304,0.9292929292929293,0.673469387755102,-80.23106646638249,1.432486561497408e-35
26.93877551020408,17.5656655764397,2.865946177196865,0.9393939393939392,0.673469387755102,-80.26534435214815,1.3842159837511975e-35
26.93877551020408,19.5121966883548,2.9710397412417997,0.9494949494949493,0.673469387755102,-80.29744116401154,1.340492509422449e-35
26.93877551020408,21.6744317457404,3.0761333052867346,0.9595959595959593,0.673469387755102,-80.32749556115297,1.3008042065692467e-35
26.93877551020408,24.0762738816144,3.1812268693316703,0.9696969696969694,0.673469387755102,-80.35563865200297,1.264705897164205e-35
26.93877551020408,26.744275043632,3.2863204333766105,0.97979797979798,0.673469387755102,-80.38199403049293,1.2318094972489298e-35
26.93877551020408,29.707929521255,3.3914139974215445,0.98989898989899,0.673469387755102,-80.4066779073659,1.201775861498138e-35
26.93877551020408,33.0,3.4965075614664802,1.0,0.673469387755102,-80.42979931359878,1.1743078863950279e-35
27.755102040816325,0.001,-6.907755278982137,0.0,0.6938775510204082,-73.36464049946098,1.3744896194376553e-32
27.755102040816325,0.001110814537795,-6.802661714937222,0.010101010101008117,0.6938775510204082,-73.42655436987738,1.2919705434743975e-32
27.755102040816325,0.0012339089373767,-6.697568150892323,0.020202020202014698,0.6938775510204082,-73.48788558107897,1.2151133865850645e-32
27.755102040816325,0.0013706439859533,-6.592474586847349,0.030303030303028534,0.6938775510204082,-73.5485043429273,1.1436428302415195e-32
27.755102040816325,0.0015225312657382,-6.487381022802441,0.04040404040403597,0.6938775510204082,-73.60829083523838,1.0772722379629766e-32
27.755102040816325,0.0016912498642295,-6.382287458757476,0.05050505050504887,0.6938775510204082,-73.6671374516875,1.0157076118454615e-32
27.755102040816325,0.00187866493623,-6.277193894712534,0.06060606060605963,0.6938775510204082,-73.72495078075679,9.586513701710609e-33
27.755102040816325,0.00208684832281,-6.172100330667619,0.07070707070706775,0.6938775510204082,-73.78165325968774,9.058058550935852e-33
27.755102040816325,0.0023181014551505,-6.067006766622687,0.08080808080807748,0.6938775510204082,-73.83718445293755,8.568765008499847e-33
27.755102040816325,0.002574980796465,-5.961913202577741,0.0909090909090886,0.6938775510204082,-73.89150192484543,8.115746151677404e-33
27.755102040816325,0.0028603261032564,-5.856819638532781,0.10101010101010106,0.6938775510204082,-73.94458169572938,7.696197479667321e-33
27.755102040816325,0.0031772918183317,-5.751726074487876,0.11111111111110823,0.6938775510204082,-73.99641829002148,7.307416408368921e-33
27.755102040816325,0.0035293819426201,-5.646632510442922,0.1212121212121201,0.6938775510204082,-74.04702440295374,6.946817672396493e-33
27.755102040816325,0.0039204887712936,-5.541538946397998,0.13131313131312908,0.6938775510204082,-74.09643022757409,6.611944864551356e-33
27.755102040816325,0.0043549359224151,-5.436445382353058,0.14141414141413966,0.6938775510204082,-74.14468249566393,6.300478438541197e-33
27.755102040816325,0.0048375261337845,-5.331351818308116,0.15151515151515035,0.6938775510204082,-74.19184329395873,6.010240562863356e-33
27.755102040816325,0.0053735943563712,-5.2262582542631755,0.16161616161616094,0.6938775510204082,-74.23798872083533,5.739197246173491e-33
27.755102040816325,0.0059690667312704,-5.121164690218244,0.17171717171717069,0.6938775510204082,-74.28320744853833,5.485458162194902e-33
27.755102040816325,0.0066305261021638,-5.016071126173304,0.18181818181818118,0.6938775510204082,-74.32759925256427,5.247274590747195e-33
27.755102040816325,0.0073652847875129,-4.910977562128371,0.19191919191919102,0.6938775510204082,-74.37127356367208,5.0230358661740266e-33
27.755102040816325,0.0081814654169699,-4.80588399808343,0.20202020202020168,0.6938775510204082,-74.41434808989635,4.811264690170379e-33
27.755102040816325,0.0090880907256374,-4.700790434038493,0.21212121212121193,0.6938775510204082,-74.45694754667339,4.610611626780265e-33
27.755102040816325,0.0100951832988382,-4.595696869993551,0.22222222222222263,0.6938775510204082,-74.49920252344647,4.419849056339475e-33
27.755102040816325,0.0112138763700549,-4.490603305948624,0.23232323232323193,0.6938775510204082,-74.5412485054914,4.237864824644751e-33
27.755102040816325,0.0124565368968931,-4.385509741903686,0.24242424242424226,0.6938775510204082,-74.58322506064867,4.063655785156921e-33
27.755102040816325,0.013836902275649,-4.280416177858747,0.2525252525252527,0.6938775510204082,-74.62527519247648,3.896321396425998e-33
27.755102040816325,0.0153702322058399,-4.175322613813814,0.26262626262626254,0.6938775510204082,-74.66754485421848,3.735057504503603e-33
27.755102040816325,0.0170734773835322,-4.07022904976888,0.2727272727272725,0.6938775510204082,-74.71018261196382,3.579150410835208e-33
27.755102040816325,0.0189654668883421,-3.9651354857239447,0.2828282828282826,0.6938775510204082,-74.75333944041724,3.427971299706877e-33
27.755102040816325,0.0210671163356406,-3.8600419216790063,0.292929292929293,0.6938775510204082,-74.79716863067813,3.2809710753118815e-33
27.755102040816325,0.0234016590950486,-3.7549483576340705,0.3030303030303031,0.6938775510204082,-74.84182578618687,3.1376756363888746e-33
27.755102040816325,0.0259949031313031,-3.649854793589135,0.3131313131313132,0.6938775510204082,-74.88746888035503,2.9976815956360382e-33
27.755102040816325,0.0288755163068248,-3.5447612295442013,0.32323232323232315,0.6938775510204082,-74.9342583471696,2.860652431260043e-33
27.755102040816325,0.0320753432999582,-3.4396676654992664,0.33333333333333315,0.6938775510204082,-74.9823571740872,2.726315038693618e-33
27.755102040816325,0.0356297576423598,-3.3345741014543298,0.34343434343434337,0.6938775510204082,-75.03193096467977,2.5944566314738293e-33
27.755102040816325,0.0395780527672466,-3.229480537409394,0.3535353535353535,0.6938775510204082,-75.08314793667193,2.464921921466595e-33
27.755102040816325,0.0439638763914761,-3.1243869733644574,0.3636363636363637,0.6938775510204082,-75.13617881918542,2.3376104902461627e-33
27.755102040816325,0.048835713033475,-3.019293409319523,0.3737373737373737,0.6938775510204082,-75.19119661121483,2.2124742459611972e-33
27.755102040816325,0.0542474200011699,-2.914199845274587,0.3838383838383838,0.6938775510204082,-75.24837616170169,2.0895148442702476e-33
27.755102040816325,0.060258822775172,-2.8091062812296523,0.3939393939393938,0.6938775510204082,-75.30789353024407,1.968780939085622e-33
27.755102040816325,0.0669363763690749,-2.7040127171847166,0.404040404040404,0.6938775510204082,-75.36992508675412,1.8503651205002258e-33
27.755102040816325,0.0743538999780876,-2.5989191531397813,0.4141414141414141,0.6938775510204082,-75.43464630863222,1.7344003952838414e-33
27.755102040816325,0.0825933930374168,-2.493825589094845,0.42424242424242425,0.6938775510204082,-75.50223023573635,1.621056071868144e-33
27.755102040816325,0.0917459417117808,-2.38873202504991,0.4343434343434343,0.6938775510204082,-75.57284554714748,1.510532928974098e-33
27.755102040816325,0.101912725837141,-2.283638461004973,0.44444444444444453,0.6938775510204082,-75.64665423009583,1.4030575769164528e-33
27.755102040816325,0.113206137446215,-2.1785448969600347,0.4545454545454549,0.6938775510204082,-75.72380882107734,1.298875964461146e-33
27.755102040816325,0.125751023242877,-2.0734513329151003,0.46464646464646486,0.6938775510204082,-75.80444921279145,1.1982460421322064e-33
27.755102040816325,0.139686064760787,-1.9683577688701692,0.47474747474747453,0.6938775510204082,-75.88869903859582,1.101429663702352e-33
27.755102040816325,0.155165311463659,-1.8632642048252352,0.48484848484848453,0.6938775510204082,-75.97666166901503,1.0086838878708826e-33
27.755102040816325,0.172359883735326,-1.7581706407802946,0.49494949494949514,0.6938775510204082,-76.0684158824243,9.202519261793245e-34
27.755102040816325,0.19145986458586,-1.6530770767353593,0.5050505050505052,0.6938775510204082,-76.16401130383032,8.363540631631864e-34
27.755102040816325,0.212676400986239,-1.5479835126904273,0.5151515151515149,0.6938775510204082,-76.26346374053064,7.571789409857498e-34
27.755102040816325,0.236244038061438,-1.442889948645492,0.5252525252525251,0.6938775510204082,-76.36675057944102,6.828756430150322e-34
27.755102040816325,0.262423311946047,-1.3377963846005527,0.5353535353535355,0.6938775510204082,-76.47380644532366,6.135470194055305e-34
27.755102040816325,0.291503629965987,-1.2327028205556183,0.5454545454545455,0.6938775510204082,-76.58451934856018,5.492446656883437e-34
27.755102040816325,0.323806469986239,-1.1276092565106834,0.5555555555555556,0.6938775510204082,-76.69872757144954,4.899658899506981e-34
27.755102040816325,0.359688934292802,-1.0225156924657481,0.5656565656565656,0.6938775510204082,-76.81621754900497,4.3565288841411015e-34
27.755102040816325,0.399547697296443,-0.9174221284208132,0.5757575757575757,0.6938775510204082,-76.93672298989345,3.861942023696388e-34
27.755102040816325,0.443823390699414,-0.8123285643758777,0.5858585858585857,0.6938775510204082,-77.05992545244821,3.4142836638957344e-34
27.755102040816325,0.49300547460239,-0.707235000330941,0.5959595959595959,0.6938775510204082,-77.18545653814972,3.011494971239456e-34
27.755102040816325,0.547637648400869,-0.6021414362860068,0.606060606060606,0.6938775510204082,-77.31290179141466,2.6511443325234058e-34
27.755102040816325,0.608323861287565,-0.49704787224107067,0.6161616161616161,0.6938775510204082,-77.441806303424,2.3305093722245568e-34
27.755102040816325,0.67573498880583,-0.39195430819613525,0.6262626262626262,0.6938775510204082,-77.57168191524099,2.046664196475803e-34
27.755102040816325,0.750616249262273,-0.2868607441511999,0.6363636363636362,0.6938775510204082,-77.70201581014463,1.796566514993712e-34
27.755102040816325,0.833795441985706,-0.18176718010626372,0.6464646464646464,0.6938775510204082,-77.83228018692647,1.5771398338850463e-34
27.755102040816325,0.926192098504948,-0.07667361606132911,0.6565656565656565,0.6938775510204082,-77.96194262508874,1.385346843363744e-34
27.755102040816325,1.02882764781018,0.028419947983610284,0.666666666666667,0.6938775510204082,-78.09047669843261,1.218251292105221e-34
27.755102040816325,1.142836708073,0.1335135120285407,0.6767676767676766,0.6938775510204082,-78.21737237182225,1.0730668782327091e-34
27.755102040816325,1.2694796296533,0.23860707607348014,0.686868686868687,0.6938775510204082,-78.34214572968327,9.471928457938592e-35
27.755102040816325,1.41015642805352,0.3437006401184105,0.6969696969696967,0.6938775510204082,-78.46434763265421,8.382369424963162e-35
27.755102040816325,1.56642226084696,0.44879420416335164,0.7070707070707073,0.6938775510204082,-78.58357097543838,7.440271047918344e-35
27.755102040816325,1.74000461967455,0.5538877682082868,0.7171717171717173,0.6938775510204082,-78.69945631589988,6.626136729013559e-35
27.755102040816325,1.93282242736499,0.6589813322532224,0.7272727272727274,0.6938775510204082,-78.81169575262048,5.922641224408819e-35
27.755102040816325,2.14700725129329,0.7640748962981553,0.7373737373737373,0.6938775510204082,-78.92003503499107,5.314522776980878e-35
27.755102040816325,2.38492686748792,0.8691684603430914,0.7474747474747475,0.6938775510204082,-79.02427398705889,4.7884380264521005e-35
27.755102040816325,2.64921143598352,0.9742620243880249,0.7575757575757573,0.6938775510204082,-79.12426540656199,4.332795077655364e-35
27.755102040816325,2.94278257678333,1.0793555884329629,0.7676767676767676,0.6938775510204082,-79.21991265939013,3.937577141301397e-35
27.755102040816325,3.26888566786082,1.184449152477898,0.7777777777777777,0.6938775510204082,-79.31116622551829,3.5941661936799546e-35
27.755102040816325,3.63112572224959,1.289542716522833,0.7878787878787878,0.6938775510204082,-79.39801946621498,3.295173389511885e-35
27.755102040816325,4.0335072408363,1.3946362805677694,0.797979797979798,0.6938775510204082,-79.48050387692383,3.0342806486996557e-35
27.755102040816325,4.48047848142245,1.4997298446127043,0.808080808080808,0.6938775510204082,-79.55868406975264,2.806095976265818e-35
27.755102040816325,4.97698063344183,1.6048234086576407,0.8181818181818182,0.6938775510204082,-79.63265269856633,2.6060236561313e-35
27.755102040816325,5.52850244195146,1.7099169727025751,0.8282828282828283,0.6938775510204082,-79.7025255027444,2.430149436702974e-35
27.755102040816325,6.14114088475497,1.8150105367475111,0.8383838383838383,0.6938775510204082,-79.76843660665047,2.2751401346202475e-35
27.755102040816325,6.8216685734332,1.9201041007924453,0.8484848484848483,0.6938775510204082,-79.83053417390057,2.1381566533389015e-35
27.755102040816325,7.57760862338904,2.0251976648373815,0.8585858585858586,0.6938775510204082,-79.88897648084841,2.0167791807851508e-35
27.755102040816325,8.41731782058148,2.1302912288823177,0.8686868686868686,0.6938775510204082,-79.94392844372379,1.9089432392567486e-35
27.755102040816325,9.35007900434302,2.2353847929272526,0.8787878787878787,0.6938775510204082,-79.99555860922436,1.8128852657400587e-35
27.755102040816325,10.3862036875563,2.3404783569721936,0.8888888888888893,0.6938775510204082,-80.04403659915961,1.7270964668134024e-35
27.755102040816325,11.5371460486378,2.445571921017128,0.8989898989898993,0.6938775510204082,-80.08953098565584,1.6502837934212632e-35
27.755102040816325,12.8156295554912,2.550665485062058,0.909090909090909,0.6938775510204082,-80.13220756387128,1.5813369986990584e-35
27.755102040816325,14.2357876212352,2.6557590491069942,0.919191919191919,0.6938775510204082,-80.17222798343138,1.5193008643188207e-35
27.755102040816325,15.8133198466305,2.7608526131519304,0.9292929292929293,0.6938775510204082,-80.20974869712722,1.4633517996122894e-35
27.755102040816325,17.5656655764397,2.865946177196865,0.9393939393939392,0.6938775510204082,-80.24492018511035,1.4127781283492884e-35
27.755102040816325,19.5121966883548,2.9710397412417997,0.9494949494949493,0.6938775510204082,-80.27788641422435,1.3669634781102478e-35
27.755102040816325,21.6744317457404,3.0761333052867346,0.9595959595959593,0.6938775510204082,-80.30878449468725,1.3253727758112568e-35
27.755102040816325,24.0762738816144,3.1812268693316703,0.9696969696969694,0.6938775510204082,-80.33774449963387,1.2875404301973243e-35
27.755102040816325,26.744275043632,3.2863204333766105,0.97979797979798,0.6938775510204082,-80.36488941669386,1.2530603486695662e-35
27.755102040816325,29.707929521255,3.3914139974215445,0.98989898989899,0.6938775510204082,-80.3903352045542,1.2215774926122827e-35
27.755102040816325,33.0,3.4965075614664802,1.0,0.6938775510204082,-80.41419093114976,1.1927807235218487e-35
28.57142857142857,0.001,-6.907755278982137,0.0,0.7142857142857142,-73.50761793409558,1.1913713537288028e-32
28.57142857142857,0.001110814537795,-6.802661714937222,0.010101010101008117,0.7142857142857142,-73.56471183731813,1.1252566449589272e-32
28.57142857142857,0.0012339089373767,-6.697568150892323,0.020202020202014698,0.7142857142857142,-73.62108414455518,1.0635781441672868e-32
28.57142857142857,0.0013706439859533,-6.592474586847349,0.030303030303028534,0.7142857142857142,-73.67664136044682,1.0061001459315672e-32
28.57142857142857,0.0015225312657382,-6.487381022802441,0.04040404040403597,0.7142857142857142,-73.73130124395989,9.525827794957623e-33
28.57142857142857,0.0016912498642295,-6.382287458757476,0.05050505050504887,0.7142857142857142,-73.78499421016956,9.027846522403538e-33
28.57142857142857,0.00187866493623,-6.277193894712534,0.06060606060605963,0.7142857142857142,-73.83766446066328,8.564652922091402e-33
28.57142857142857,0.00208684832281,-6.172100330667619,0.07070707070706775,0.7142857142857142,-73.88927081442414,8.133873492022344e-33
28.57142857142857,0.0023181014551505,-6.067006766622687,0.08080808080807748,0.7142857142857142,-73.93978722446046,7.733185274971448e-33
28.57142857142857,0.002574980796465,-5.961913202577741,0.0909090909090886,0.7142857142857142,-73.98920297928437,7.360332361392793e-33
28.57142857142857,0.0028603261032564,-5.856819638532781,0.10101010101010106,0.7142857142857142,-74.03752260167515,7.013139543071827e-33
28.57142857142857,0.0031772918183317,-5.751726074487876,0.11111111111110823,0.7142857142857142,-74.08476546915449,6.689523190646782e-33
28.57142857142857,0.0035293819426201,-5.646632510442922,0.1212121212121201,0.7142857142857142,-74.13096519056413,6.387499506307325e-33
28.57142857142857,0.0039204887712936,-5.541538946397998,0.13131313131312908,0.7142857142857142,-74.17616878059403,6.1051903608165714e-33
28.57142857142857,0.0043549359224151,-5.436445382353058,0.14141414141413966,0.7142857142857142,-74.22043567882046,5.8408269624993046e-33
28.57142857142857,0.0048375261337845,-5.331351818308116,0.15151515151515035,0.7142857142857142,-74.26383666175691,5.592751627136571e-33
28.57142857142857,0.0053735943563712,-5.2262582542631755,0.16161616161616094,0.7142857142857142,-74.30645269579024,5.35941792451565e-33
28.57142857142857,0.0059690667312704,-5.121164690218244,0.17171717171717069,0.7142857142857142,-74.34837377601151,5.13938947275206e-33
28.57142857142857,0.0066305261021638,-5.016071126173304,0.18181818181818118,0.7142857142857142,-74.3896977913085,4.931337638376562e-33
28.57142857142857,0.0073652847875129,-4.910977562128371,0.19191919191919102,0.7142857142857142,-74.43052945016885,4.734038381263523e-33
28.57142857142857,0.0081814654169699,-4.80588399808343,0.20202020202020168,0.7142857142857142,-74.47097929494844,4.546368461070174e-33
28.57142857142857,0.0090880907256374,-4.700790434038493,0.21212121212121193,0.7142857142857142,-74.51116282535192,4.367301197783171e-33
28.57142857142857,0.0100951832988382,-4.595696869993551,0.22222222222222263,0.7142857142857142,-74.55119974494193,4.1959019545878236e-33
28.57142857142857,0.0112138763700549,-4.490603305948624,0.23232323232323193,0.7142857142857142,-74.59121333794296,4.031323487529798e-33
28.57142857142857,0.0124565368968931,-4.385509741903686,0.24242424242424226,0.7142857142857142,-74.63132997764323,3.8728012838989675e-33
28.57142857142857,0.013836902275649,-4.280416177858747,0.2525252525252527,0.7142857142857142,-74.6716787624468,3.719648990187779e-33
28.57142857142857,0.0153702322058399,-4.175322613813814,0.26262626262626254,0.7142857142857142,-74.71239127112445,3.571254010931039e-33
28.57142857142857,0.0170734773835322,-4.07022904976888,0.2727272727272725,0.7142857142857142,-74.7536014250315,3.427073341598937e-33
28.57142857142857,0.0189654668883421,-3.9651354857239447,0.2828282828282826,0.7142857142857142,-74.79544544193071,3.286629681772745e-33
28.57142857142857,0.0210671163356406,-3.8600419216790063,0.292929292929293,0.7142857142857142,-74.83806186346855,3.1495078588157665e-33
28.57142857142857,0.0234016590950486,-3.7549483576340705,0.3030303030303031,0.7142857142857142,-74.88159163618013,3.015351576866304e-33
28.57142857142857,0.0259949031313031,-3.649854793589135,0.3131313131313132,0.7142857142857142,-74.92617822401515,2.8838604909289374e-33
28.57142857142857,0.0288755163068248,-3.5447612295442013,0.32323232323232315,0.7142857142857142,-74.97196772865958,2.754787590908824e-33
28.57142857142857,0.0320753432999582,-3.4396676654992664,0.33333333333333315,0.7142857142857142,-75.01910899228032,2.627936865425735e-33
28.57142857142857,0.0356297576423598,-3.3345741014543298,0.34343434343434337,0.7142857142857142,-75.06775365566288,2.5031612001201834e-33
28.57142857142857,0.0395780527672466,-3.229480537409394,0.3535353535353535,0.7142857142857142,-75.11805614300943,2.3803604499957066e-33
28.57142857142857,0.0439638763914761,-3.1243869733644574,0.3636363636363637,0.7142857142857142,-75.17017354292095,2.259479610394187e-33
28.57142857142857,0.048835713033475,-3.019293409319523,0.3737373737373737,0.7142857142857142,-75.22426535335622,2.1405069969729332e-33
28.57142857142857,0.0542474200011699,-2.914199845274587,0.3838383838383838,0.7142857142857142,-75.28049305675827,2.0234723322897736e-33
28.57142857142857,0.060258822775172,-2.8091062812296523,0.3939393939393938,0.7142857142857142,-75.33901949024325,1.9084446263573806e-33
28.57142857142857,0.0669363763690749,-2.7040127171847166,0.404040404040404,0.7142857142857142,-75.40000797501327,1.795529732121422e-33
28.57142857142857,0.0743538999780876,-2.5989191531397813,0.4141414141414141,0.7142857142857142,-75.46362116930916,1.6848674558509967e-33
28.57142857142857,0.0825933930374168,-2.493825589094845,0.42424242424242425,0.7142857142857142,-75.53001961067186,1.576628108644715e-33
28.57142857142857,0.0917459417117808,-2.38873202504991,0.4343434343434343,0.7142857142857142,-75.59935991650732,1.4710084004296798e-33
28.57142857142857,0.101912725837141,-2.283638461004973,0.44444444444444453,0.7142857142857142,-75.67179261748187,1.3682266035078012e-33
28.57142857142857,0.113206137446215,-2.1785448969600347,0.4545454545454549,0.7142857142857142,-75.74745960666822,1.2685169499093035e-33
28.57142857142857,0.125751023242877,-2.0734513329151003,0.46464646464646486,0.7142857142857142,-75.82649119915226,1.172123275680676e-33
28.57142857142857,0.139686064760787,-1.9683577688701692,0.47474747474747453,0.7142857142857142,-75.90900281243724,1.079291984626777e-33
28.57142857142857,0.155165311463659,-1.8632642048252352,0.48484848484848453,0.7142857142857142,-75.99509129771685,9.90264471190226e-34
28.57142857142857,0.172359883735326,-1.7581706407802946,0.49494949494949514,0.7142857142857142,-76.08483097590924,9.052692125334234e-34
28.57142857142857,0.19145986458586,-1.6530770767353593,0.5050505050505052,0.7142857142857142,-76.17826945983406,8.245138071529775e-34
28.57142857142857,0.212676400986239,-1.5479835126904273,0.5151515151515149,0.7142857142857142,-76.27542337413159,7.4817729377642245e-34
28.57142857142857,0.236244038061438,-1.442889948645492,0.5252525252525251,0.7142857142857142,-76.37627411590888,6.764031214933218e-34
28.57142857142857,0.262423311946047,-1.3377963846005527,0.5353535353535355,0.7142857142857142,-76.48076382942712,6.0929315217919535e-34
28.57142857142857,0.291503629965987,-1.2327028205556183,0.5454545454545455,0.7142857142857142,-76.58879179455208,5.4690305328605325e-34
28.57142857142857,0.323806469986239,-1.1276092565106834,0.5555555555555556,0.7142857142857142,-76.70021144780452,4.892393803103989e-34
28.57142857142857,0.359688934292802,-1.0225156924657481,0.5656565656565656,0.7142857142857142,-76.81482826306103,4.362585554733711e-34
28.57142857142857,0.399547697296443,-0.9174221284208132,0.5757575757575757,0.7142857142857142,-76.93239871281868,3.878678291102489e-34
28.57142857142857,0.443823390699414,-0.8123285643758777,0.5858585858585857,0.7142857142857142,-77.05263050767,3.439281743628091e-34
28.57142857142857,0.49300547460239,-0.707235000330941,0.5959595959595959,0.7142857142857142,-77.17518426969696,3.0425892871876648e-34
28.57142857142857,0.547637648400869,-0.6021414362860068,0.606060606060606,0.7142857142857142,-77.29967673511943,2.6864387363861397e-34
28.57142857142857,0.608323861287565,-0.49704787224107067,0.6161616161616161,0.7142857142857142,-77.42568550511878,2.368383504159241e-34
28.57142857142857,0.67573498880583,-0.39195430819613525,0.6262626262626262,0.7142857142857142,-77.55275527599635,2.085769570686484e-34
28.57142857142857,0.750616249262273,-0.2868607441511999,0.6363636363636362,0.7142857142857142,-77.68040538748198,1.835813622627789e-34
28.57142857142857,0.833795441985706,-0.18176718010626372,0.6464646464646464,0.7142857142857142,-77.80813843931038,1.6156780640913742e-34
28.57142857142857,0.926192098504948,-0.07667361606132911,0.6565656565656565,0.7142857142857142,-77.93544964987657,1.4225392969667764e-34
28.57142857142857,1.02882764781018,0.028419947983610284,0.666666666666667,0.7142857142857142,-78.06183657495795,1.253646603170344e-34
28.57142857142857,1.142836708073,0.1335135120285407,0.6767676767676766,0.7142857142857142,-78.18680877540886,1.1063700003931572e-34
28.57142857142857,1.2694796296533,0.23860707607348014,0.686868686868687,0.7142857142857142,-78.30989702384618,9.78236457047153e-35
28.57142857142857,1.41015642805352,0.3437006401184105,0.6969696969696967,0.7142857142857142,-78.43066167172161,8.66954737086174e-35
28.57142857142857,1.56642226084696,0.44879420416335164,0.7070707070707073,0.7142857142857142,-78.54869985648953,7.70429833397955e-35
28.57142857142857,1.74000461967455,0.5538877682082868,0.7171717171717173,0.7142857142857142,-78.66365130757477,6.867684107984158e-35
28.57142857142857,1.93282242736499,0.6589813322532224,0.7272727272727274,0.7142857142857142,-78.77520260132926,6.142769219691528e-35
28.57142857142857,2.14700725129329,0.7640748962981553,0.7373737373737373,0.7142857142857142,-78.8830898101562,5.514541126584793e-35
28.57142857142857,2.38492686748792,0.8691684603430914,0.7474747474747475,0.7142857142857142,-78.98709958095542,4.969795407837576e-35
28.57142857142857,2.64921143598352,0.9742620243880249,0.7575757575757573,0.7142857142857142,-79.08706875593235,4.4969954628471304e-35
28.57142857142857,2.94278257678333,1.0793555884329629,0.7676767676767676,0.7142857142857142,-79.18288270969497,4.0861186947170725e-35
28.57142857142857,3.26888566786082,1.184449152477898,0.7777777777777777,0.7142857142857142,-79.27447261791879,3.7284986162461424e-35
28.57142857142857,3.63112572224959,1.289542716522833,0.7878787878787878,0.7142857142857142,-79.36181189448857,3.416669889906159e-35
28.57142857142857,4.0335072408363,1.3946362805677694,0.797979797979798,0.7142857142857142,-79.44491203761464,3.144221164944397e-35
28.57142857142857,4.48047848142245,1.4997298446127043,0.808080808080808,0.7142857142857142,-79.52381811401308,2.905658784815898e-35
28.57142857142857,4.97698063344183,1.6048234086576407,0.8181818181818182,0.7142857142857142,-79.59860408758487,2.696283025181271e-35
28.57142857142857,5.52850244195146,1.7099169727025751,0.8282828282828283,0.7142857142857142,-79.66936816905535,2.5120774640656935e-35
28.57142857142857,6.14114088475497,1.8150105367475111,0.8383838383838383,0.7142857142857142,-79.7362283293874,2.3496113356770657e-35
28.57142857142857,6.8216685734332,1.9201041007924453,0.8484848484848483,0.7142857142857142,-79.79931808554191,2.205954222485916e-35
28.57142857142857,7.57760862338904,2.0251976648373815,0.8585858585858586,0.7142857142857142,-79.85878263469142,2.0786021408094265e-35
28.57142857142857,8.41731782058148,2.1302912288823177,0.8686868686868686,0.7142857142857142,-79.91477538392324,1.9654139227899415e-35
28.57142857142857,9.35007900434302,2.2353847929272526,0.8787878787878787,0.7142857142857142,-79.96745489773754,1.8645567495637175e-35
28.57142857142857,10.3862036875563,2.3404783569721936,0.8888888888888893,0.7142857142857142,-80.01698226562665,1.774459712316762e-35
28.57142857142857,11.5371460486378,2.445571921017128,0.8989898989898993,0.7142857142857142,-80.06351887665498,1.6937743435811349e-35
28.57142857142857,12.8156295554912,2.550665485062058,0.909090909090909,0.7142857142857142,-80.10722457688048,1.6213411512842846e-35
28.57142857142857,14.2357876212352,2.6557590491069942,0.919191919191919,0.7142857142857142,-80.14825617813014,1.556161289167323e-35
28.57142857142857,15.8133198466305,2.7608526131519304,0.9292929292929293,0.7142857142857142,-80.18676628243705,1.4973726001368384e-35
28.57142857142857,17.5656655764397,2.865946177196865,0.9393939393939392,0.7142857142857142,-80.22290238473119,1.4442293681423832e-35
28.57142857142857,19.5121966883548,2.9710397412417997,0.9494949494949493,0.7142857142857142,-80.25680621655297,1.3960852059224267e-35
28.57142857142857,21.6744317457404,3.0761333052867346,0.9595959595959593,0.7142857142857142,-80.28861329509695,1.3523785887604396e-35
28.57142857142857,24.0762738816144,3.1812268693316703,0.9696969696969694,0.7142857142857142,-80.31845264434763,1.3126206176774226e-35
28.57142857142857,26.744275043632,3.2863204333766105,0.97979797979798,0.7142857142857142,-80.34644665807429,1.276384659417588e-35
28.57142857142857,29.707929521255,3.3914139974215445,0.98989898989899,0.7142857142857142,-80.37271107772601,1.2432975657314311e-35
28.57142857142857,33.0,3.4965075614664802,1.0,0.7142857142857142,-80.39735506159955,1.2130322216261022e-35
29.387755102040817,0.001,-6.907755278982137,0.0,0.7346938775510204,-73.63133364740249,1.0527326722429898e-32
29.387755102040817,0.001110814537795,-6.802661714937222,0.010101010101008117,0.7346938775510204,-73.68388861654725,9.988350383574905e-33
29.387755102040817,0.0012339089373767,-6.697568150892323,0.020202020202014698,0.7346938775510204,-73.73566895202667,9.484312489420768e-33
29.387755102040817,0.0013706439859533,-6.592474586847349,0.030303030303028534,0.7346938775510204,-73.78661167088961,9.013256138134505e-33
29.387755102040817,0.0015225312657382,-6.487381022802441,0.04040404040403597,0.7346938775510204,-73.83666486801368,8.573218366463041e-33
29.387755102040817,0.0016912498642295,-6.382287458757476,0.05050505050504887,0.7346938775510204,-73.88578849843972,8.162247584803975e-33
29.387755102040817,0.00187866493623,-6.277193894712534,0.06060606060605963,0.7346938775510204,-73.93395492332326,7.778419321312453e-33
29.387755102040817,0.00208684832281,-6.172100330667619,0.07070707070706775,0.7346938775510204,-73.9811492130326,7.419850107063879e-33
29.387755102040817,0.0023181014551505,-6.067006766622687,0.08080808080807748,0.7346938775510204,-74.02736921076378,7.084709413955087e-33
29.387755102040817,0.002574980796465,-5.961913202577741,0.0909090909090886,0.7346938775510204,-74.07262536932568,6.771229628642803e-33
29.387755102040817,0.0028603261032564,-5.856819638532781,0.10101010101010106,0.7346938775510204,-74.11694038194004,6.47771410699746e-33
29.387755102040817,0.0031772918183317,-5.751726074487876,0.11111111111110823,0.7346938775510204,-74.1603486345803,6.202543403010154e-33
29.387755102040817,0.0035293819426201,-5.646632510442922,0.1212121212121201,0.7346938775510204,-74.20289551226107,5.94417980353023e-33
29.387755102040817,0.0039204887712936,-5.541538946397998,0.13131313131312908,0.7346938775510204,-74.24463659465235,5.701170326200201e-33
29.387755102040817,0.0043549359224151,-5.436445382353058,0.14141414141413966,0.7346938775510204,-74.28563677745112,5.472148353578877e-33
29.387755102040817,0.0048375261337845,-5.331351818308116,0.15151515151515035,0.7346938775510204,-74.32596935523016,5.255834083266124e-33
29.387755102040817,0.0053735943563712,-5.2262582542631755,0.16161616161616094,0.7346938775510204,-74.3657150992519,5.0510339734720606e-33
29.387755102040817,0.0059690667312704,-5.121164690218244,0.17171717171717069,0.7346938775510204,-74.40496136028229,4.856639357620418e-33
29.387755102040817,0.0066305261021638,-5.016071126173304,0.18181818181818118,0.7346938775510204,-74.4438012221077,4.671624391765146e-33
29.387755102040817,0.0073652847875129,-4.910977562128371,0.19191919191919102,0.7346938775510204,-74.48233272658415,4.495043486169866e-33
29.387755102040817,0.0081814654169699,-4.80588399808343,0.20202020202020168,0.7346938775510204,-74.52065818594279,4.3260283584498706e-33
29.387755102040817,0.0090880907256374,-4.700790434038493,0.21212121212121193,0.7346938775510204,-74.55888359300407,4.163784831053997e-33
29.387755102040817,0.0100951832988382,-4.595696869993551,0.22222222222222263,0.7346938775510204,-74.59711813512688,4.0075894811605236e-33
29.387755102040817,0.0112138763700549,-4.490603305948624,0.23232323232323193,0.7346938775510204,-74.63547381328341,3.856786236689811e-33
29.387755102040817,0.0124565368968931,-4.385509741903686,0.24242424242424226,0.7346938775510204,-74.6740651636956,3.7107829983071343e-33
29.387755102040817,0.013836902275649,-4.280416177858747,0.2525252525252527,0.7346938775510204,-74.71300907602865,3.5690483540918706e-33
29.387755102040817,0.0153702322058399,-4.175322613813814,0.26262626262626254,0.7346938775510204,-74.75242469919992,3.431108440963947e-33
29.387755102040817,0.0170734773835322,-4.07022904976888,0.2727272727272725,0.7346938775510204,-74.79243342337925,3.296543994898119e-33
29.387755102040817,0.0189654668883421,-3.9651354857239447,0.2828282828282826,0.7346938775510204,-74.8331589246633,3.1649876202662046e-33
29.387755102040817,0.0210671163356406,-3.8600419216790063,0.292929292929293,0.7346938775510204,-74.8747272571063,3.0361212971923942e-33
29.387755102040817,0.0234016590950486,-3.7549483576340705,0.3030303030303031,0.7346938775510204,-74.91726697520188,2.9096741343838206e-33
29.387755102040817,0.0259949031313031,-3.649854793589135,0.3131313131313132,0.7346938775510204,-74.96090926843732,2.7854203633799213e-33
29.387755102040817,0.0288755163068248,-3.5447612295442013,0.32323232323232315,0.7346938775510204,-75.00578808810938,2.6631775584145684e-33
29.387755102040817,0.0320753432999582,-3.4396676654992664,0.33333333333333315,0.7346938775510204,-75.0520402451347,2.5428050540455326e-33
29.387755102040817,0.0356297576423598,-3.3345741014543298,0.34343434343434337,0.7346938775510204,-75.09980545606936,2.424202520393254e-33
29.387755102040817,0.0395780527672466,-3.229480537409394,0.3535353535353535,0.7346938775510204,-75.14922631295906,2.307308643382264e-33
29.387755102040817,0.0439638763914761,-3.1243869733644574,0.3636363636363637,0.7346938775510204,-75.20044815099652,2.1920998450707977e-33
29.387755102040817,0.048835713033475,-3.019293409319523,0.3737373737373737,0.7346938775510204,-75.25361878633142,2.0785889674438674e-33
29.387755102040817,0.0542474200011699,-2.914199845274587,0.3838383838383838,0.7346938775510204,-75.30888809486812,1.9668238326068603e-33
29.387755102040817,0.060258822775172,-2.8091062812296523,0.3939393939393938,0.7346938775510204,-75.36640740166392,1.856885584040986e-33
29.387755102040817,0.0669363763690749,-2.7040127171847166,0.404040404040404,0.7346938775510204,-75.42632864982829,1.748886708589256e-33
29.387755102040817,0.0743538999780876,-2.5989191531397813,0.4141414141414141,0.7346938775510204,-75.48880331790518,1.6429686384576895e-33
29.387755102040817,0.0825933930374168,-2.493825589094845,0.42424242424242425,0.7346938775510204,-75.55398105594578,1.5392988381734837e-33
29.387755102040817,0.0917459417117808,-2.38873202504991,0.4343434343434343,0.7346938775510204,-75.62200801325481,1.4380672945818235e-33
29.387755102040817,0.101912725837141,-2.283638461004973,0.44444444444444453,0.7346938775510204,-75.6930248355666,1.3394823498387348e-33
29.387755102040817,0.113206137446215,-2.1785448969600347,0.4545454545454549,0.7346938775510204,-75.7671643166499,1.243765848788016e-33
29.387755102040817,0.125751023242877,-2.0734513329151003,0.46464646464646486,0.7346938775510204,-75.84454869950419,1.1511476131977936e-33
29.387755102040817,0.139686064760787,-1.9683577688701692,0.47474747474747453,0.7346938775510204,-75.9252866357712,1.0618593051662584e-33
29.387755102040817,0.155165311463659,-1.8632642048252352,0.48484848484848453,0.7346938775510204,-76.00946982898004,9.761277983813786e-34
29.387755102040817,0.172359883735326,-1.7581706407802946,0.49494949494949514,0.7346938775510204,-76.09716940777568,8.941682351912632e-34
29.387755102040817,0.19145986458586,-1.6530770767353593,0.5050505050505052,0.7346938775510204,-76.18843209902248,8.161770045349319e-34
29.387755102040817,0.212676400986239,-1.5479835126904273,0.5151515151515149,0.7346938775510204,-76.28327629687963,7.4232492446409565e-34
29.387755102040817,0.236244038061438,-1.442889948645492,0.5252525252525251,0.7346938775510204,-76.38168815135194,6.7275094644332265e-34
29.387755102040817,0.262423311946047,-1.3377963846005527,0.5353535353535355,0.7346938775510204,-76.48361782661718,6.075567103137096e-34
29.387755102040817,0.291503629965987,-1.2327028205556183,0.5454545454545455,0.7346938775510204,-76.58897610326035,5.468022635792486e-34
29.387755102040817,0.323806469986239,-1.1276092565106834,0.5555555555555556,0.7346938775510204,-76.69763151660422,4.90503213852861e-34
29.387755102040817,0.359688934292802,-1.0225156924657481,0.5656565656565656,0.7346938775510204,-76.80940823256195,4.386295096673062e-34
29.387755102040817,0.399547697296443,-0.9174221284208132,0.5757575757575757,0.7346938775510204,-76.92408485986222,3.9110594717515806e-34
29.387755102040817,0.443823390699414,-0.8123285643758777,0.5858585858585857,0.7346938775510204,-77.04139438058967,3.4781438714048415e-34
29.387755102040817,0.49300547460239,-0.707235000330941,0.5959595959595959,0.7346938775510204,-77.16102534814628,3.0859754963632756e-34
29.387755102040817,0.547637648400869,-0.6021414362860068,0.606060606060606,0.7346938775510204,-77.28262445277319,2.732641459600743e-34
29.387755102040817,0.608323861287565,-0.49704787224107067,0.6161616161616161,0.7346938775510204,-77.40580049121077,2.4159502079954406e-34
29.387755102040817,0.67573498880583,-0.39195430819613525,0.6262626262626262,0.7346938775510204,-77.5301297023842,2.133499222909963e-34
29.387755102040817,0.750616249262273,-0.2868607441511999,0.6363636363636362,0.7346938775510204,-77.6551623504614,1.8827449868775973e-34
29.387755102040817,0.833795441985706,-0.18176718010626372,0.6464646464646464,0.7346938775510204,-77.78043035694087,1.6610713817223758e-34
29.387755102040817,0.926192098504948,-0.07667361606132911,0.6565656565656565,0.7346938775510204,-77.90545571199577,1.465853182082814e-34
29.387755102040817,1.02882764781018,0.028419947983610284,0.666666666666667,0.7346938775510204,-78.02975933931971,1.2945120418424359e-34
29.387755102040817,1.142836708073,0.1335135120285407,0.6767676767676766,0.7346938775510204,-78.15287005418104,1.1445632321739884e-34
29.387755102040817,1.2694796296533,0.23860707607348014,0.686868686868687,0.7346938775510204,-78.27433324518975,1.0136522692361998e-34
29.387755102040817,1.41015642805352,0.3437006401184105,0.6969696969696967,0.7346938775510204,-78.39371892760617,8.995813722551478e-35
29.387755102040817,1.56642226084696,0.44879420416335164,0.7070707070707073,0.7346938775510204,-78.51062885816148,8.003263505075359e-35
29.387755102040817,1.74000461967455,0.5538877682082868,0.7171717171717173,0.7346938775510204,-78.62470246392958,7.14044993778131e-35
29.387755102040817,1.93282242736499,0.6589813322532224,0.7272727272727274,0.7346938775510204,-78.73562141439403,6.390783283135221e-35
29.387755102040817,2.14700725129329,0.7640748962981553,0.7373737373737373,0.7346938775510204,-78.84311274899292,5.739462161181097e-35
29.387755102040817,2.38492686748792,0.8691684603430914,0.7474747474747475,0.7346938775510204,-78.9469505545287,5.173387520020633e-35
29.387755102040817,2.64921143598352,0.9742620243880249,0.7575757575757573,0.7346938775510204,-79.04695626118527,4.6810478929059707e-35
29.387755102040817,2.94278257678333,1.0793555884329629,0.7676767676767676,0.7346938775510204,-79.14299768735732,4.252387404418203e-35
29.387755102040817,3.26888566786082,1.184449152477898,0.7777777777777777,0.7346938775510204,-79.23498700887599,3.8786658674704433e-35
29.387755102040817,3.63112572224959,1.289542716522833,0.7878787878787878,0.7346938775510204,-79.32287785634723,3.5523181786628445e-35
29.387755102040817,4.0335072408363,1.3946362805677694,0.797979797979798,0.7346938775510204,-79.40666175583677,3.2668182498751466e-35
29.387755102040817,4.48047848142245,1.4997298446127043,0.808080808080808,0.7346938775510204,-79.48636412507383,3.016551011917097e-35
29.387755102040817,4.97698063344183,1.6048234086576407,0.8181818181818182,0.7346938775510204,-79.56204002263048,2.796694634452318e-35
29.387755102040817,5.52850244195146,1.7099169727025751,0.8282828282828283,0.7346938775510204,-79.63376982448843,2.603114025066186e-35
29.387755102040817,6.14114088475497,1.8150105367475111,0.8383838383838383,0.7346938775510204,-79.70165497432815,2.432265871918183e-35
29.387755102040817,6.8216685734332,1.9201041007924453,0.8484848484848483,0.7346938775510204,-79.76581392371504,2.281114937408884e-35
29.387755102040817,7.57760862338904,2.0251976648373815,0.8585858585858586,0.7346938775510204,-79.82637834852603,2.147060948546152e-35
29.387755102040817,8.41731782058148,2.1302912288823177,0.8686868686868686,0.7346938775510204,-79.88348970025022,2.02787521859064e-35
29.387755102040817,9.35007900434302,2.2353847929272526,0.8787878787878787,0.7346938775510204,-79.93729612638165,1.9216460345285248e-35
29.387755102040817,10.3862036875563,2.3404783569721936,0.8888888888888893,0.7346938775510204,-79.98794977363568,1.8267318229537885e-35
29.387755102040817,11.5371460486378,2.445571921017128,0.8989898989898993,0.7346938775510204,-80.03560447134727,1.7417211368573104e-35
29.387755102040817,12.8156295554912,2.550665485062058,0.909090909090909,0.7346938775510204,-80.08041378000924,1.6653985676946286e-35
29.387755102040817,14.2357876212352,2.6557590491069942,0.919191919191919,0.7346938775510204,-80.12252938111386,1.59671576639535e-35
29.387755102040817,15.8133198466305,2.7608526131519304,0.9292929292929293,0.7346938775510204,-80.16209977878626,1.5347668434823622e-35
29.387755102040817,17.5656655764397,2.865946177196865,0.9393939393939392,0.7346938775510204,-80.19926928059559,1.4787675053768739e-35
29.387755102040817,19.5121966883548,2.9710397412417997,0.9494949494949493,0.7346938775510204,-80.23417722386289,1.428037366981054e-35
29.387755102040817,21.6744317457404,3.0761333052867346,0.9595959595959593,0.7346938775510204,-80.26695741425371,1.3819849572777804e-35
29.387755102040817,24.0762738816144,3.1812268693316703,0.9696969696969694,0.7346938775510204,-80.29773774500693,1.340095003768927e-35
29.387755102040817,26.744275043632,3.2863204333766105,0.97979797979798,0.7346938775510204,-80.32663996744323,1.301917642722557e-35
29.387755102040817,29.707929521255,3.3914139974215445,0.98989898989899,0.7346938775510204,-80.3537795861164,1.2670592556005605e-35
29.387755102040817,33.0,3.4965075614664802,1.0,0.7346938775510204,-80.37926585488891,1.235174678183151e-35
30.20408163265306,0.001,-6.907755278982137,0.0,0.7551020408163265,-73.73833436539498,9.459066536518965e-33
30.20408163265306,0.001110814537795,-6.802661714937222,0.010101010101008117,0.7551020408163265,-73.78675427081443,9.011970940123625e-33
30.20408163265306,0.0012339089373767,-6.697568150892323,0.020202020202014698,0.7551020408163265,-73.83440379298371,8.592624988083814e-33
30.20408163265306,0.0013706439859533,-6.592474586847349,0.030303030303028534,0.7551020408163265,-73.8812440450689,8.199424949772633e-33
30.20408163265306,0.0015225312657382,-6.487381022802441,0.04040404040403597,0.7551020408163265,-73.92724629752986,7.830777254326397e-33
30.20408163265306,0.0016912498642295,-6.382287458757476,0.05050505050504887,0.7551020408163265,-73.97239234310551,7.485110088890221e-33
30.20408163265306,0.00187866493623,-6.277193894712534,0.06060606060605963,0.7551020408163265,-74.01667467335714,7.160883702162169e-33
30.20408163265306,0.00208684832281,-6.172100330667619,0.07070707070706775,0.7551020408163265,-74.06009647162323,6.856599349502164e-33
30.20408163265306,0.0023181014551505,-6.067006766622687,0.08080808080807748,0.7551020408163265,-74.10267143380975,6.570806861948198e-33
30.20408163265306,0.002574980796465,-5.961913202577741,0.0909090909090886,0.7551020408163265,-74.14442343416586,6.302110861363867e-33
30.20408163265306,0.0028603261032564,-5.856819638532781,0.10101010101010106,0.7551020408163265,-74.18538605780569,6.049175676841021e-33
30.20408163265306,0.0031772918183317,-5.751726074487876,0.11111111111110823,0.7551020408163265,-74.22560202506216,5.810729043155057e-33
30.20408163265306,0.0035293819426201,-5.646632510442922,0.1212121212121201,0.7551020408163265,-74.26512253472102,5.5855646807645884e-33
30.20408163265306,0.0039204887712936,-5.541538946397998,0.13131313131312908,0.7551020408163265,-74.30400655380573,5.372543869130386e-33
30.20408163265306,0.0043549359224151,-5.436445382353058,0.14141414141413966,0.7551020408163265,-74.34232008096738,5.170596131828753e-33
30.20408163265306,0.0048375261337845,-5.331351818308116,0.15151515151515035,0.7551020408163265,-74.38013540884481,4.978719153976012e-33
30.20408163265306,0.0053735943563712,-5.2262582542631755,0.16161616161616094,0.7551020408163265,-74.4175304082119,4.7959780508029386e-33
30.20408163265306,0.0059690667312704,-5.121164690218244,0.17171717171717069,0.7551020408163265,-74.45458785354693,4.621504101739677e-33
30.20408163265306,0.0066305261021638,-5.016071126173304,0.18181818181818118,0.7551020408163265,-74.49139480607973,4.4544930578685956e-33
30.20408163265306,0.0073652847875129,-4.910977562128371,0.19191919191919102,0.7551020408163265,-74.5280420666066,4.294203122771012e-33
30.20408163265306,0.0081814654169699,-4.80588399808343,0.20202020202020168,0.7551020408163265,-74.56462370659904,4.1399526981506354e-33
30.20408163265306,0.0090880907256374,-4.700790434038493,0.21212121212121193,0.7551020408163265,-74.60123668251929,3.99111797657224e-33
30.20408163265306,0.0100951832988382,-4.595696869993551,0.22222222222222263,0.7551020408163265,-74.63798053489947,3.847130454496889e-33
30.20408163265306,0.0112138763700549,-4.490603305948624,0.23232323232323193,0.7551020408163265,-74.67495717071266,3.707474429686459e-33
30.20408163265306,0.0124565368968931,-4.385509741903686,0.24242424242424226,0.7551020408163265,-74.71227072489079,3.5716845381001925e-33
30.20408163265306,0.013836902275649,-4.280416177858747,0.2525252525252527,0.7551020408163265,-74.7500274945266,3.4393433766228325e-33
30.20408163265306,0.0153702322058399,-4.175322613813814,0.26262626262626254,0.7551020408163265,-74.7883359373047,3.31007924933227e-33
30.20408163265306,0.0170734773835322,-4.07022904976888,0.2727272727272725,0.7551020408163265,-74.82730672399369,3.18356406646473e-33
30.20408163265306,0.0189654668883421,-3.9651354857239447,0.2828282828282826,0.7551020408163265,-74.86705283333926,3.05951141667953e-33
30.20408163265306,0.0210671163356406,-3.8600419216790063,0.292929292929293,0.7551020408163265,-74.90768967635736,2.9376748245687198e-33
30.20408163265306,0.0234016590950486,-3.7549483576340705,0.3030303030303031,0.7551020408163265,-74.94933523577566,2.8178461964930905e-33
30.20408163265306,0.0259949031313031,-3.649854793589135,0.3131313131313132,0.7551020408163265,-74.99211020514436,2.6998544486752657e-33
30.20408163265306,0.0288755163068248,-3.5447612295442013,0.32323232323232315,0.7551020408163265,-75.03613811088634,2.583564301976236e-33
30.20408163265306,0.0320753432999582,-3.4396676654992664,0.33333333333333315,0.7551020408163265,-75.08154539923994,2.4688752179194097e-33
30.20408163265306,0.0356297576423598,-3.3345741014543298,0.34343434343434337,0.7551020408163265,-75.12846146864851,2.355720440352878e-33
30.20408163265306,0.0395780527672466,-3.229480537409394,0.3535353535353535,0.7551020408163265,-75.17701862667187,2.2440660968067708e-33
30.20408163265306,0.0439638763914761,-3.1243869733644574,0.3636363636363637,0.7551020408163265,-75.22735194896462,2.1339103033763156e-33
30.20408163265306,0.048835713033475,-3.019293409319523,0.3737373737373737,0.7551020408163265,-75.27959901635386,2.025282207242176e-33
30.20408163265306,0.0542474200011699,-2.914199845274587,0.3838383838383838,0.7551020408163265,-75.33389950464948,1.9182408923209927e-33
30.20408163265306,0.060258822775172,-2.8091062812296523,0.3939393939393938,0.7551020408163265,-75.3903946006859,1.812874066767244e-33
30.20408163265306,0.0669363763690749,-2.7040127171847166,0.404040404040404,0.7551020408163265,-75.44922621741405,1.7092964470687314e-33
30.20408163265306,0.0743538999780876,-2.5989191531397813,0.4141414141414141,0.7551020408163265,-75.51053598088428,1.6076477533842196e-33
30.20408163265306,0.0825933930374168,-2.493825589094845,0.42424242424242425,0.7551020408163265,-75.57446396298072,1.5080902357450949e-33
30.20408163265306,0.0917459417117808,-2.38873202504991,0.4343434343434343,0.7551020408163265,-75.64114713613029,1.4108056619657776e-33
30.20408163265306,0.101912725837141,-2.283638461004973,0.44444444444444453,0.7551020408163265,-75.71071753029561,1.3159917166019486e-33
30.20408163265306,0.113206137446215,-2.1785448969600347,0.4545454545454549,0.7551020408163265,-75.7833000787697,1.2238577867373854e-33
30.20408163265306,0.125751023242877,-2.0734513329151003,0.46464646464646486,0.7551020408163265,-75.85901014800363,1.1346201448765111e-33
30.20408163265306,0.139686064760787,-1.9683577688701692,0.47474747474747453,0.7551020408163265,-75.93795075824555,1.0484965810548043e-33
30.20408163265306,0.155165311463659,-1.8632642048252352,0.48484848484848453,0.7551020408163265,-76.02020951635835,9.657005837218129e-34
30.20408163265306,0.172359883735326,-1.7581706407802946,0.49494949494949514,0.7551020408163265,-76.10585529984068,8.86435219101858e-34
30.20408163265306,0.19145986458586,-1.6530770767353593,0.5050505050505052,0.7551020408163265,-76.19493475155896,8.10886907538242e-34
30.20408163265306,0.212676400986239,-1.5479835126904273,0.5151515151515149,0.7551020408163265,-76.28746866742101,7.392193377524062e-34
30.20408163265306,0.236244038061438,-1.442889948645492,0.5252525252525251,0.7551020408163265,-76.38344838317782,6.715677904364213e-34
30.20408163265306,0.262423311946047,-1.3377963846005527,0.5353535353535355,0.7551020408163265,-76.4828322902622,6.080341556981766e-34
30.20408163265306,0.291503629965987,-1.2327028205556183,0.5454545454545455,0.7551020408163265,-76.58554263213311,5.486829201059539e-34
30.20408163265306,0.323806469986239,-1.1276092565106834,0.5555555555555556,0.7551020408163265,-76.69146274966678,4.93538365808813e-34
30.20408163265306,0.359688934292802,-1.0225156924657481,0.5656565656565656,0.7551020408163265,-76.80043495414593,4.4258316648180185e-34
30.20408163265306,0.399547697296443,-0.9174221284208132,0.5757575757575757,0.7551020408163265,-76.91225920676105,3.9575848586674735e-34
30.20408163265306,0.443823390699414,-0.8123285643758777,0.5858585858585857,0.7551020408163265,-77.0266927719714,3.529655908421243e-34
30.20408163265306,0.49300547460239,-0.707235000330941,0.5959595959595959,0.7551020408163265,-77.14345098698116,3.140688912736468e-34
30.20408163265306,0.547637648400869,-0.6021414362860068,0.606060606060606,0.7551020408163265,-77.2622092504381,2.789002238770515e-34
30.20408163265306,0.608323861287565,-0.49704787224107067,0.6161616161616161,0.7551020408163265,-77.38260628112268,2.4726411742861797e-34
30.20408163265306,0.67573498880583,-0.39195430819613525,0.6262626262626262,0.7551020408163265,-77.50424863432333,2.189437206510991e-34
30.20408163265306,0.750616249262273,-0.2868607441511999,0.6363636363636362,0.7551020408163265,-77.62671639383045,1.9370704762034084e-34
30.20408163265306,0.833795441985706,-0.18176718010626372,0.6464646464646464,0.7551020408163265,-77.74956988640149,1.713132002106358e-34
30.20408163265306,0.926192098504948,-0.07667361606132911,0.6565656565656565,0.7551020408163265,-77.87235719934893,1.5151826040870715e-34
30.20408163265306,1.02882764781018,0.028419947983610284,0.666666666666667,0.7551020408163265,-77.99462222689026,1.3408060123773727e-34
30.20408163265306,1.142836708073,0.1335135120285407,0.6767676767676766,0.7551020408163265,-78.11591293267308,1.1876543520154182e-34
30.20408163265306,1.2694796296533,0.23860707607348014,0.686868686868687,0.7551020408163265,-78.23578949855884,1.0534849445144297e-34
30.20408163265306,1.41015642805352,0.3437006401184105,0.6969696969696967,0.7551020408163265,-78.35383203531133,9.361880884309377e-35
30.20408163265306,1.56642226084696,0.44879420416335164,0.7070707070707073,0.7551020408163265,-78.46964755887272,8.338061004868912e-35
30.20408163265306,1.74000461967455,0.5538877682082868,0.7171717171717173,0.7551020408163265,-78.58287598361393,7.445443772760837e-35
30.20408163265306,1.93282242736499,0.6589813322532224,0.7272727272727274,0.7551020408163265,-78.69319494653946,6.667755578028274e-35
30.20408163265306,2.14700725129329,0.7640748962981553,0.7373737373737373,0.7551020408163265,-78.80032334782784,5.990380346144911e-35
30.20408163265306,2.38492686748792,0.8691684603430914,0.7474747474747475,0.7551020408163265,-78.90402356673782,5.400300974598426e-35
30.20408163265306,2.64921143598352,0.9742620243880249,0.7575757575757573,0.7551020408163265,-79.00410238161699,4.886009285065479e-35
30.20408163265306,2.94278257678333,1.0793555884329629,0.7676767676767676,0.7551020408163265,-79.10041068335714,4.437395350042608e-35
30.20408163265306,3.26888566786082,1.184449152477898,0.7777777777777777,0.7551020408163265,-79.19284211952272,4.0456253436808684e-35
30.20408163265306,3.63112572224959,1.289542716522833,0.7878787878787878,0.7551020408163265,-79.28133083960905,3.703015231400032e-35
30.20408163265306,4.0335072408363,1.3946362805677694,0.797979797979798,0.7551020408163265,-79.36584853018742,3.40290583718044e-35
30.20408163265306,4.48047848142245,1.4997298446127043,0.808080808080808,0.7551020408163265,-79.4464009331788,3.1395432313406716e-35
30.20408163265306,4.97698063344183,1.6048234086576407,0.8181818181818182,0.7551020408163265,-79.52302403327592,2.907967028830459e-35
30.20408163265306,5.52850244195146,1.7099169727025751,0.8282828282828283,0.7551020408163265,-79.5957800843024,2.703908098843884e-35
30.20408163265306,6.14114088475497,1.8150105367475111,0.8383838383838383,0.7551020408163265,-79.66475362193297,2.523696351232092e-35
30.20408163265306,6.8216685734332,1.9201041007924453,0.8484848484848483,0.7551020408163265,-79.73004758444436,2.3641786561297066e-35
30.20408163265306,7.57760862338904,2.0251976648373815,0.8585858585858586,0.7551020408163265,-79.79177963639829,2.2226465342274158e-35
30.20408163265306,8.41731782058148,2.1302912288823177,0.8686868686868686,0.7551020408163265,-79.85007876426499,2.0967729881470404e-35
30.20408163265306,9.35007900434302,2.2353847929272526,0.8787878787878787,0.7551020408163265,-79.90508218933844,1.984557694643707e-35
30.20408163265306,10.3862036875563,2.3404783569721936,0.8888888888888893,0.7551020408163265,-79.95693262272444,1.884279711701988e-35
30.20408163265306,11.5371460486378,2.445571921017128,0.8989898989898993,0.7551020408163265,-80.0057758701186,1.7944568482984217e-35
30.20408163265306,12.8156295554912,2.550665485062058,0.909090909090909,0.7551020408163265,-80.05175878060138,1.7138108774157367e-35
30.20408163265306,14.2357876212352,2.6557590491069942,0.919191919191919,0.7551020408163265,-80.09502752358152,1.6412378294791863e-35
30.20408163265306,15.8133198466305,2.7608526131519304,0.9292929292929293,0.7551020408163265,-80.13572617096428,1.5757826725951138e-35
30.20408163265306,17.5656655764397,2.865946177196865,0.9393939393939392,0.7551020408163265,-80.1739955571771,1.5166177599901735e-35
30.20408163265306,19.5121966883548,2.9710397412417997,0.9494949494949493,0.7551020408163265,-80.20997238737611,1.4630244986924013e-35
30.20408163265306,21.6744317457404,3.0761333052867346,0.9595959595959593,0.7551020408163265,-80.24378856352958,1.4143777634882848e-35
30.20408163265306,24.0762738816144,3.1812268693316703,0.9696969696969694,0.7551020408163265,-80.27557069870477,1.3701326446790878e-35
30.20408163265306,26.744275043632,3.2863204333766105,0.97979797979798,0.7551020408163265,-80.30543979141036,1.329813176248971e-35
30.20408163265306,29.707929521255,3.3914139974215445,0.98989898989899,0.7551020408163265,-80.33351103395607,1.293002742515137e-35
30.20408163265306,33.0,3.4965075614664802,1.0,0.7551020408163265,-80.35989373124211,1.2593359063281035e-35
31.020408163265305,0.001,-6.907755278982137,0.0,0.7755102040816326,-73.8310695121711,8.621323029789074e-33
31.020408163265305,0.001110814537795,-6.802661714937222,0.010101010101008117,0.7755102040816326,-73.87580106996553,8.244175894292095e-33
31.020408163265305,0.0012339089373767,-6.697568150892323,0.020202020202014698,0.7755102040816326,-73.91980164194719,7.88929223561499e-33
31.020408163265305,0.0013706439859533,-6.592474586847349,0.030303030303028534,0.7755102040816326,-73.96305058580671,7.555361797003323e-33
31.020408163265305,0.0015225312657382,-6.487381022802441,0.04040404040403597,0.7755102040816326,-74.00553620396285,7.241090849298337e-33
31.020408163265305,0.0016912498642295,-6.382287458757476,0.05050505050504887,0.7755102040816326,-74.0472558460397,6.945210065518677e-33
31.020408163265305,0.00187866493623,-6.277193894712534,0.06060606060605963,0.7755102040816326,-74.08821586904911,6.666481435030142e-33
31.020408163265305,0.00208684832281,-6.172100330667619,0.07070707070706775,0.7755102040816326,-74.12843146503711,6.403704197310692e-33
31.020408163265305,0.0023181014551505,-6.067006766622687,0.08080808080807748,0.7755102040816326,-74.16792637005169,6.155719802341006e-33
31.020408163265305,0.002574980796465,-5.961913202577741,0.0909090909090886,0.7755102040816326,-74.20673247156601,5.9214159274837584e-33
31.020408163265305,0.0028603261032564,-5.856819638532781,0.10101010101010106,0.7755102040816326,-74.24488933384013,5.699729599114292e-33
31.020408163265305,0.0031772918183317,-5.751726074487876,0.11111111111110823,0.7755102040816326,-74.28244366207439,5.489649481320396e-33
31.020408163265305,0.0035293819426201,-5.646632510442922,0.1212121212121201,0.7755102040816326,-74.319448726619,5.29021740396986e-33
31.020408163265305,0.0039204887712936,-5.541538946397998,0.13131313131312908,0.7755102040816326,-74.35596376802623,5.10052920879485e-33
31.020408163265305,0.0043549359224151,-5.436445382353058,0.14141414141413966,0.7755102040816326,-74.39205340248414,4.919734995347749e-33
31.020408163265305,0.0048375261337845,-5.331351818308116,0.15151515151515035,0.7755102040816326,-74.42778704529206,4.747038849332891e-33
31.020408163265305,0.0053735943563712,-5.2262582542631755,0.16161616161616094,0.7755102040816326,-74.4632383676937,4.581698134397683e-33
31.020408163265305,0.0059690667312704,-5.121164690218244,0.17171717171717069,0.7755102040816326,-74.49848479973271,4.4230224254833804e-33
31.020408163265305,0.0066305261021638,-5.016071126173304,0.18181818181818118,0.7755102040816326,-74.53360708898695,4.270372157716621e-33
31.020408163265305,0.0073652847875129,-4.910977562128371,0.19191919191919102,0.7755102040816326,-74.56868892221102,4.1231570598850245e-33
31.020408163265305,0.0081814654169699,-4.80588399808343,0.20202020202020168,0.7755102040816326,-74.60381661417237,3.980834436093044e-33
31.020408163265305,0.0090880907256374,-4.700790434038493,0.21212121212121193,0.7755102040816326,-74.63907886539329,3.8429073534099085e-33
31.020408163265305,0.0100951832988382,-4.595696869993551,0.22222222222222263,0.7755102040816326,-74.67456658815755,3.7089227873554285e-33
31.020408163265305,0.0112138763700549,-4.490603305948624,0.23232323232323193,0.7755102040816326,-74.71037279803603,3.5784697710028565e-33
31.020408163265305,0.0124565368968931,-4.385509741903686,0.24242424242424226,0.7755102040816326,-74.74659256633373,3.4511775873484795e-33
31.020408163265305,0.013836902275649,-4.280416177858747,0.2525252525252527,0.7755102040816326,-74.78332302724402,3.32671403841866e-33
31.020408163265305,0.0153702322058399,-4.175322613813814,0.26262626262626254,0.7755102040816326,-74.82066343208746,3.2047838183218564e-33
31.020408163265305,0.0170734773835322,-4.07022904976888,0.2727272727272725,0.7755102040816326,-74.85871524176616,3.0851270110772654e-33
31.020408163265305,0.0189654668883421,-3.9651354857239447,0.2828282828282826,0.7755102040816326,-74.89758224743788,2.9675177274941925e-33
31.020408163265305,0.0210671163356406,-3.8600419216790063,0.292929292929293,0.7755102040816326,-74.93737070835378,2.8517628885812786e-33
31.020408163265305,0.0234016590950486,-3.7549483576340705,0.3030303030303031,0.7755102040816326,-74.97818949476456,2.737701155868953e-33
31.020408163265305,0.0259949031313031,-3.649854793589135,0.3131313131313132,0.7755102040816326,-75.02015022273805,2.6252020015793154e-33
31.020408163265305,0.0288755163068248,-3.5447612295442013,0.32323232323232315,0.7755102040816326,-75.06336736661173,2.514164903755766e-33
31.020408163265305,0.0320753432999582,-3.4396676654992664,0.33333333333333315,0.7755102040816326,-75.10795833360648,2.404518643270335e-33
31.020408163265305,0.0356297576423598,-3.3345741014543298,0.34343434343434337,0.7755102040816326,-75.15404348384128,2.296220671139069e-33
31.020408163265305,0.0395780527672466,-3.229480537409394,0.3535353535353535,0.7755102040816326,-75.20174607762644,2.1892565059283995e-33
31.020408163265305,0.0439638763914761,-3.1243869733644574,0.3636363636363637,0.7755102040816326,-75.25119213050735,2.0836391124712628e-33
31.020408163265305,0.048835713033475,-3.019293409319523,0.3737373737373737,0.7755102040816326,-75.30251015514152,1.9794082049893356e-33
31.020408163265305,0.0542474200011699,-2.914199845274587,0.3838383838383838,0.7755102040816326,-75.35583076780986,1.8766294105305397e-33
31.020408163265305,0.060258822775172,-2.8091062812296523,0.3939393939393938,0.7755102040816326,-75.41128613631776,1.7753932230158318e-33
31.020408163265305,0.0669363763690749,-2.7040127171847166,0.404040404040404,0.7755102040816326,-75.46900924539753,1.6758136749339182e-33
31.020408163265305,0.0743538999780876,-2.5989191531397813,0.4141414141414141,0.7755102040816326,-75.52913295569125,1.5780266537316662e-33
31.020408163265305,0.0825933930374168,-2.493825589094845,0.42424242424242425,0.7755102040816326,-75.59178883322537,1.4821877941970227e-33
31.020408163265305,0.0917459417117808,-2.38873202504991,0.4343434343434343,0.7755102040816326,-75.65710572827712,1.3884698875961129e-33
31.020408163265305,0.101912725837141,-2.283638461004973,0.44444444444444453,0.7755102040816326,-75.72520808599998,1.2970597638544514e-33
31.020408163265305,0.113206137446215,-2.1785448969600347,0.4545454545454549,0.7755102040816326,-75.79621397646103,1.2081546252337103e-33
31.020408163265305,0.125751023242877,-2.0734513329151003,0.46464646464646486,0.7755102040816326,-75.87023283917482,1.1219578388687827e-33
31.020408163265305,0.139686064760787,-1.9683577688701692,0.47474747474747453,0.7755102040816326,-75.94736294708031,1.038674230662485e-33
31.020408163265305,0.155165311463659,-1.8632642048252352,0.48484848484848453,0.7755102040816326,-76.02768860739208,9.585049630375388e-34
31.020408163265305,0.172359883735326,-1.7581706407802946,0.49494949494949514,0.7755102040816326,-76.11127713190757,8.81642121632085e-34
31.020408163265305,0.19145986458586,-1.6530770767353593,0.5050505050505052,0.7755102040816326,-76.19817562699896,8.082631779618356e-34
31.020408163265305,0.212676400986239,-1.5479835126904273,0.5151515151515149,0.7755102040816326,-76.28840767320983,7.385255323096898e-34
31.020408163265305,0.236244038061438,-1.442889948645492,0.5252525252525251,0.7755102040816326,-76.38196998531784,6.725613690919467e-34
31.020408163265305,0.262423311946047,-1.3377963846005527,0.5353535353535355,0.7755102040816326,-76.47882916474103,6.104730711299267e-34
31.020408163265305,0.291503629965987,-1.2327028205556183,0.5454545454545455,0.7755102040816326,-76.57891867568284,5.523294357209473e-34
31.020408163265305,0.323806469986239,-1.1276092565106834,0.5555555555555556,0.7755102040816326,-76.68213619251289,4.981629116085263e-34
31.020408163265305,0.359688934292802,-1.0225156924657481,0.5656565656565656,0.7755102040816326,-76.78834147640056,4.479680313992739e-34
31.020408163265305,0.399547697296443,-0.9174221284208132,0.5757575757575757,0.7755102040816326,-76.89735494192585,4.017011506691102e-34
31.020408163265305,0.443823390699414,-0.8123285643758777,0.5858585858585857,0.7755102040816326,-77.00895706724098,3.592815275774403e-34
31.020408163265305,0.49300547460239,-0.707235000330941,0.5959595959595959,0.7755102040816326,-77.1228887827814,3.2059369220216377e-34
31.020408163265305,0.547637648400869,-0.6021414362860068,0.606060606060606,0.7755102040816326,-77.2388529427756,2.854909714662032e-34
31.020408163265305,0.608323861287565,-0.49704787224107067,0.6161616161616161,0.7755102040816326,-77.35651694122173,2.537999622557881e-34
31.020408163265305,0.67573498880583,-0.39195430819613525,0.6262626262626262,0.7755102040816326,-77.4755164812416,2.2532568996909325e-34
31.020408163265305,0.750616249262273,-0.2868607441511999,0.6363636363636362,0.7755102040816326,-77.59546044679688,1.9985715792209484e-34
31.020408163265305,0.833795441985706,-0.18176718010626372,0.6464646464646464,0.7755102040816326,-77.71593676289699,1.7717298733750914e-34
31.020408163265305,0.926192098504948,-0.07667361606132911,0.6565656565656565,0.7755102040816326,-77.83651906974747,1.570468672062521e-34
31.020408163265305,1.02882764781018,0.028419947983610284,0.666666666666667,0.7755102040816326,-77.95677398322968,1.3925257416428103e-34
31.020408163265305,1.142836708073,0.1335135120285407,0.6767676767676766,0.7755102040816326,-78.07626867378757,1.2356837838694644e-34
31.020408163265305,1.2694796296533,0.23860707607348014,0.686868686868687,0.7755102040816326,-78.19457847235127,1.0978071492400888e-34
31.020408163265305,1.41015642805352,0.3437006401184105,0.6969696969696967,0.7755102040816326,-78.311294207884,9.76870635058674e-35
31.020408163265305,1.56642226084696,0.44879420416335164,0.7070707070707073,0.7755102040816326,-78.42602899707394,8.70980373850297e-35
31.020408163265305,1.74000461967455,0.5538877682082868,0.7171717171717173,0.7755102040816326,-78.53842424110957,7.783872878964208e-35
31.020408163265305,1.93282242736499,0.6589813322532224,0.7272727272727274,0.7755102040816326,-78.6481546340244,6.974939269356325e-35
31.020408163265305,2.14700725129329,0.7640748962981553,0.7373737373737373,0.7755102040816326,-78.7549320470125,6.268557145192479e-35
31.020408163265305,2.38492686748792,0.8691684603430914,0.7474747474747475,0.7755102040816326,-78.85850821789617,5.65177715775055e-35
31.020408163265305,2.64921143598352,0.9742620243880249,0.7575757575757573,0.7755102040816326,-78.95867623900601,5.113080273133476e-35
31.020408163265305,2.94278257678333,1.0793555884329629,0.7676767676767676,0.7755102040816326,-79.05527089515861,4.642288053303211e-35
31.020408163265305,3.26888566786082,1.184449152477898,0.7777777777777777,0.7755102040816326,-79.14816795231823,4.2304581736380236e-35
31.020408163265305,3.63112572224959,1.289542716522833,0.7878787878787878,0.7755102040816326,-79.23728253443235,3.869772502225925e-35
31.020408163265305,4.0335072408363,1.3946362805677694,0.797979797979798,0.7755102040816326,-79.32256674980064,3.5534235000312393e-35
31.020408163265305,4.48047848142245,1.4997298446127043,0.808080808080808,0.7755102040816326,-79.4040067394599,3.2755032301093956e-35
31.020408163265305,4.97698063344183,1.6048234086576407,0.8181818181818182,0.7755102040816326,-79.48161931978255,3.030897968962424e-35
31.020408163265305,5.52850244195146,1.7099169727025751,0.8282828282828283,0.7755102040816326,-79.55544838184018,2.815190332411985e-35
31.020408163265305,6.14114088475497,1.8150105367475111,0.8383838383838383,0.7755102040816326,-79.6255611934868,2.624569969038641e-35
31.020408163265305,6.8216685734332,1.9201041007924453,0.8484848484848483,0.7755102040816326,-79.6920447290287,2.4557532224128606e-35
31.020408163265305,7.57760862338904,2.0251976648373815,0.8585858585858586,0.7755102040816326,-79.75500212803412,2.3059116932147365e-35
31.020408163265305,8.41731782058148,2.1302912288823177,0.8686868686868686,0.7755102040816326,-79.81454936121581,2.1726093129964684e-35
31.020408163265305,9.35007900434302,2.2353847929272526,0.8787878787878787,0.7755102040816326,-79.87081215887197,2.0537473415256236e-35
31.020408163265305,10.3862036875563,2.3404783569721936,0.8888888888888893,0.7755102040816326,-79.92392323713496,1.947516590616489e-35
31.020408163265305,11.5371460486378,2.445571921017128,0.8989898989898993,0.7755102040816326,-79.97401983987287,1.8523561343800968e-35
31.020408163265305,12.8156295554912,2.550665485062058,0.909090909090909,0.7755102040816326,-80.02124159978626,1.7669177686804268e-35
31.020408163265305,14.2357876212352,2.6557590491069942,0.919191919191919,0.7755102040816326,-80.06572871104142,1.690035515410863e-35
31.020408163265305,15.8133198466305,2.7608526131519304,0.9292929292929293,0.7755102040816326,-80.10762039748084,1.6206995180505978e-35
31.020408163265305,17.5656655764397,2.865946177196865,0.9393939393939392,0.7755102040816326,-80.14705365473232,1.5580337351327345e-35
31.020408163265305,19.5121966883548,2.9710397412417997,0.9494949494949493,0.7755102040816326,-80.18416224101273,1.5012769016904595e-35
31.020408163265305,21.6744317457404,3.0761333052867346,0.9595959595959593,0.7755102040816326,-80.21907588968752,1.449766291410224e-35
31.020408163265305,24.0762738816144,3.1812268693316703,0.9696969696969694,0.7755102040816326,-80.25191971631136,1.4029238715814395e-35
31.020408163265305,26.744275043632,3.2863204333766105,0.97979797979798,0.7755102040816326,-80.28281379358442,1.3602444975594922e-35
31.020408163265305,29.707929521255,3.3914139974215445,0.98989898989899,0.7755102040816326,-80.31187286910635,1.321285842672988e-35
31.020408163265305,33.0,3.4965075614664802,1.0,0.7755102040816326,-80.3392062027354,1.2856598031511994e-35
31.836734693877553,0.001,-6.907755278982137,0.0,0.7959183673469388,-73.91174319705715,7.95312451132429e-33
31.836734693877553,0.001110814537795,-6.802661714937222,0.010101010101008117,0.7959183673469388,-73.95322753180007,7.629944237928744e-33
31.836734693877553,0.0012339089373767,-6.697568150892323,0.020202020202014698,0.7959183673469388,-73.99403968124635,7.324818581437389e-33
31.836734693877553,0.0013706439859533,-6.592474586847349,0.030303030303028534,0.7959183673469388,-74.03417239630242,7.036674402141665e-33
31.836734693877553,0.0015225312657382,-6.487381022802441,0.04040404040403597,0.7959183673469388,-74.07362612148982,6.764456695517013e-33
31.836734693877553,0.0016912498642295,-6.382287458757476,0.05050505050504887,0.7959183673469388,-74.11240894319972,6.507134078708065e-33
31.836734693877553,0.00187866493623,-6.277193894712534,0.06060606060605963,0.7959183673469388,-74.15053643444332,6.263703567421701e-33
31.836734693877553,0.00208684832281,-6.172100330667619,0.07070707070706775,0.7959183673469388,-74.18803140719695,6.033194640678255e-33
31.836734693877553,0.0023181014551505,-6.067006766622687,0.08080808080807748,0.7959183673469388,-74.22492358583692,5.814672607248197e-33
31.836734693877553,0.002574980796465,-5.961913202577741,0.0909090909090886,0.7959183673469388,-74.26124921687693,5.607241301231847e-33
31.836734693877553,0.0028603261032564,-5.856819638532781,0.10101010101010106,0.7959183673469388,-74.29705063122798,5.4100451451081004e-33
31.836734693877553,0.0031772918183317,-5.751726074487876,0.11111111111110823,0.7959183673469388,-74.33237577550808,5.222270626814828e-33
31.836734693877553,0.0035293819426201,-5.646632510442922,0.1212121212121201,0.7959183673469388,-74.36727772858958,5.043147243222333e-33
31.836734693877553,0.0039204887712936,-5.541538946397998,0.13131313131312908,0.7959183673469388,-74.40181421866056,4.8719479660284946e-33
31.836734693877553,0.0043549359224151,-5.436445382353058,0.14141414141413966,0.7959183673469388,-74.43604715469955,4.707989287927686e-33
31.836734693877553,0.0048375261337845,-5.331351818308116,0.15151515151515035,0.7959183673469388,-74.47004218452592,4.550630907219049e-33
31.836734693877553,0.0053735943563712,-5.2262582542631755,0.16161616161616094,0.7959183673469388,-74.50386828961179,4.3992751080958824e-33
31.836734693877553,0.0059690667312704,-5.121164690218244,0.17171717171717069,0.7959183673469388,-74.53759742472808,4.25336589198835e-33
31.836734693877553,0.0066305261021638,-5.016071126173304,0.18181818181818118,0.7959183673469388,-74.57130420834999,4.112387912716367e-33
31.836734693877553,0.0073652847875129,-4.910977562128371,0.19191919191919102,0.7959183673469388,-74.60506566764194,3.975865265055091e-33
31.836734693877553,0.0081814654169699,-4.80588399808343,0.20202020202020168,0.7959183673469388,-74.63896103984402,3.843360172755928e-33
31.836734693877553,0.0090880907256374,-4.700790434038493,0.21212121212121193,0.7959183673469388,-74.67307163003377,3.714471618208284e-33
31.836734693877553,0.0100951832988382,-4.595696869993551,0.22222222222222263,0.7959183673469388,-74.70748072356137,3.5888339518534404e-33
31.836734693877553,0.0112138763700549,-4.490603305948624,0.23232323232323193,0.7959183673469388,-74.74227354996225,3.4661155152057365e-33
31.836734693877553,0.0124565368968931,-4.385509741903686,0.24242424242424226,0.7959183673469388,-74.77753729382951,3.346017306926494e-33
31.836734693877553,0.013836902275649,-4.280416177858747,0.2525252525252527,0.7959183673469388,-74.8133611469614,3.228271716825503e-33
31.836734693877553,0.0153702322058399,-4.175322613813814,0.26262626262626254,0.7959183673469388,-74.84983639505677,3.112641347922195e-33
31.836734693877553,0.0170734773835322,-4.07022904976888,0.2727272727272725,0.7959183673469388,-74.88705653128193,2.9989179417490217e-33
31.836734693877553,0.0189654668883421,-3.9651354857239447,0.2828282828282826,0.7959183673469388,-74.92511738813722,2.8869214168876188e-33
31.836734693877553,0.0210671163356406,-3.8600419216790063,0.292929292929293,0.7959183673469388,-74.96411727817511,2.7764990252511875e-33
31.836734693877553,0.0234016590950486,-3.7549483576340705,0.3030303030303031,0.7959183673469388,-75.00415713322873,2.6675246248224933e-33
31.836734693877553,0.0259949031313031,-3.649854793589135,0.3131313131313132,0.7959183673469388,-75.04534063086952,2.559898061402487e-33
31.836734693877553,0.0288755163068248,-3.5447612295442013,0.32323232323232315,0.7959183673469388,-75.08777429580492,2.453544645398149e-33
31.836734693877553,0.0320753432999582,-3.4396676654992664,0.33333333333333315,0.7959183673469388,-75.13156756283423,2.3484147028180477e-33
31.836734693877553,0.0356297576423598,-3.3345741014543298,0.34343434343434337,0.7959183673469388,-75.17683278680657,2.244483172501361e-33
31.836734693877553,0.0395780527672466,-3.229480537409394,0.3535353535353535,0.7959183673469388,-75.22368518377918,2.1417492143255204e-33
31.836734693877553,0.0439638763914761,-3.1243869733644574,0.3636363636363637,0.7959183673469388,-75.27224268629205,2.040235785922063e-33
31.836734693877553,0.048835713033475,-3.019293409319523,0.3737373737373737,0.7959183673469388,-75.32262569440935,1.9399891385891044e-33
31.836734693877553,0.0542474200011699,-2.914199845274587,0.3838383838383838,0.7959183673469388,-75.37495670301107,1.841078177039729e-33
31.836734693877553,0.060258822775172,-2.8091062812296523,0.3939393939393938,0.7959183673469388,-75.42935978485643,1.7435936229079552e-33
31.836734693877553,0.0669363763690749,-2.7040127171847166,0.404040404040404,0.7959183673469388,-75.48595990833233,1.6476469191943004e-33
31.836734693877553,0.0743538999780876,-2.5989191531397813,0.4141414141414141,0.7959183673469388,-75.54488206871726,1.5533688128299566e-33
31.836734693877553,0.0825933930374168,-2.493825589094845,0.42424242424242425,0.7959183673469388,-75.60625021245394,1.4609075560766344e-33
31.836734693877553,0.0917459417117808,-2.38873202504991,0.4343434343434343,0.7959183673469388,-75.67018593557513,1.3704266753705229e-33
31.836734693877553,0.101912725837141,-2.283638461004973,0.44444444444444453,0.7959183673469388,-75.7368069403441,1.2821022691688666e-33
31.836734693877553,0.113206137446215,-2.1785448969600347,0.4545454545454549,0.7959183673469388,-75.80622523864035,1.1961198148642255e-33
31.836734693877553,0.125751023242877,-2.0734513329151003,0.46464646464646486,0.7959183673469388,-75.87854509692532,1.1126704890244337e-33
31.836734693877553,0.139686064760787,-1.9683577688701692,0.47474747474747453,0.7959183673469388,-75.95386072601116,1.0319470347156482e-33
31.836734693877553,0.155165311463659,-1.8632642048252352,0.48484848484848453,0.7959183673469388,-76.03225372950368,9.541392434401517e-34
31.836734693877553,0.172359883735326,-1.7581706407802946,0.49494949494949514,0.7959183673469388,-76.11379033776014,8.794291554766728e-34
31.836734693877553,0.19145986458586,-1.6530770767353593,0.5050505050505052,0.7959183673469388,-76.19851846937819,8.07986118587424e-34
31.836734693877553,0.212676400986239,-1.5479835126904273,0.5151515151515149,0.7959183673469388,-76.28646467927895,7.399618778902645e-34
31.836734693877553,0.236244038061438,-1.442889948645492,0.5252525252525251,0.7959183673469388,-76.37763107074271,6.754858954658863e-34
31.836734693877553,0.262423311946047,-1.3377963846005527,0.5353535353535355,0.7959183673469388,-76.47199226736556,6.14661113160996e-34
31.836734693877553,0.291503629965987,-1.2327028205556183,0.5454545454545455,0.7959183673469388,-76.56949255855916,5.575603726536008e-34
31.836734693877553,0.323806469986239,-1.1276092565106834,0.5555555555555556,0.7959183673469388,-76.67004334733444,5.042236907451795e-34
31.836734693877553,0.359688934292802,-1.0225156924657481,0.5656565656565656,0.7959183673469388,-76.77352103988433,4.546565541586101e-34
31.836734693877553,0.399547697296443,-0.9174221284208132,0.5757575757575757,0.7959183673469388,-76.8797655209916,4.088293479487824e-34
31.836734693877553,0.443823390699414,-0.8123285643758777,0.5858585858585857,0.7959183673469388,-76.9885793557162,3.666779682229019e-34
31.836734693877553,0.49300547460239,-0.707235000330941,0.5959595959595959,0.7959183673469388,-77.09972784466473,3.281055984685456e-34
31.836734693877553,0.547637648400869,-0.6021414362860068,0.606060606060606,0.7959183673469388,-77.21294003651816,2.929855561154e-34
31.836734693877553,0.608323861287565,-0.49704787224107067,0.6161616161616161,0.7959183673469388,-77.32791076735411,2.6116504934578935e-34
31.836734693877553,0.67573498880583,-0.39195430819613525,0.6262626262626262,0.7959183673469388,-77.44430375266,2.3246963053146164e-34
31.836734693877553,0.750616249262273,-0.2868607441511999,0.6363636363636362,0.7959183673469388,-77.56175570696219,2.067080974524605e-34
31.836734693877553,0.833795441985706,-0.18176718010626372,0.6464646464646464,0.7959183673469388,-77.67988141095658,1.8367757979276774e-34
31.836734693877553,0.926192098504948,-0.07667361606132911,0.6565656565656565,0.7959183673469388,-77.79827959105747,1.631685567065772e-34
31.836734693877553,1.02882764781018,0.028419947983610284,0.666666666666667,0.7959183673469388,-77.91653942600037,1.4496957919944906e-34
31.836734693877553,1.142836708073,0.1335135120285407,0.6767676767676766,0.7959183673469388,-78.0342474541357,1.2887151414758448e-34
31.836734693877553,1.2694796296533,0.23860707607348014,0.686868686868687,0.7959183673469388,-78.15099462730588,1.1467117909225895e-34
31.836734693877553,1.41015642805352,0.3437006401184105,0.6969696969696967,0.7959183673469388,-78.26638324556325,1.0217429221293635e-34
31.836734693877553,1.56642226084696,0.44879420416335164,0.7070707070707073,0.7959183673469388,-78.38003351275394,9.119771436981083e-35
31.836734693877553,1.74000461967455,0.5538877682082868,0.7171717171717173,0.7959183673469388,-78.49158947572677,8.157100533575796e-35
31.836734693877553,1.93282242736499,0.6589813322532224,0.7272727272727274,0.7959183673469388,-78.60072414749501,7.313735147078065e-35
31.836734693877553,2.14700725129329,0.7640748962981553,0.7373737373737373,0.7959183673469388,-78.70714366354032,6.575394598547917e-35
31.836734693877553,2.38492686748792,0.8691684603430914,0.7474747474747475,0.7959183673469388,-78.81059037613146,5.92919159241562e-35
31.836734693877553,2.64921143598352,0.9742620243880249,0.7575757575757573,0.7959183673469388,-78.91084484920079,5.363589348799185e-35
31.836734693877553,2.94278257678333,1.0793555884329629,0.7676767676767676,0.7959183673469388,-79.00772677136831,4.868332536152057e-35
31.836734693877553,3.26888566786082,1.184449152477898,0.7777777777777777,0.7959183673469388,-79.1010948532272,4.434360456152447e-35
31.836734693877553,3.63112572224959,1.289542716522833,0.7878787878787878,0.7959183673469388,-79.19084581416429,4.0537097139837013e-35
31.836734693877553,4.0335072408363,1.3946362805677694,0.797979797979798,0.7959183673469388,-79.2769125921608,3.719412265400092e-35
31.836734693877553,4.48047848142245,1.4997298446127043,0.808080808080808,0.7959183673469388,-79.35926192677775,3.4253934054184565e-35
31.836734693877553,4.97698063344183,1.6048234086576407,0.8181818181818182,0.7959183673469388,-79.43789147150049,3.1663730458970616e-35
31.836734693877553,5.52850244195146,1.7099169727025751,0.8282828282828283,0.7959183673469388,-79.51282658820277,2.9377725748062635e-35
31.836734693877553,6.14114088475497,1.8150105367475111,0.8383838383838383,0.7959183673469388,-79.58411696560226,2.735628721071639e-35
31.836734693877553,6.8216685734332,1.9201041007924453,0.8484848484848483,0.7959183673469388,-79.6518331873316,2.5565151650037703e-35
31.836734693877553,7.57760862338904,2.0251976648373815,0.8585858585858586,0.7959183673469388,-79.71606335572493,2.3974721203327924e-35
31.836734693877553,8.41731782058148,2.1302912288823177,0.8686868686868686,0.7959183673469388,-79.77690985649495,2.2559437465761922e-35
31.836734693877553,9.35007900434302,2.2353847929272526,0.8787878787878787,0.7959183673469388,-79.83448632869194,2.1297230037984075e-35
31.836734693877553,10.3862036875563,2.3404783569721936,0.8888888888888893,0.7959183673469388,-79.88891488486648,2.0169034101051072e-35
31.836734693877553,11.5371460486378,2.445571921017128,0.8989898989898993,0.7959183673469388,-79.94032360899546,1.915837082257012e-35
31.836734693877553,12.8156295554912,2.550665485062058,0.909090909090909,0.7959183673469388,-79.98884434492915,1.8250984118143896e-35
31.836734693877553,14.2357876212352,2.6557590491069942,0.919191919191919,0.7959183673469388,-80.03461077605026,1.7434527371587641e-35
31.836734693877553,15.8133198466305,2.7608526131519304,0.9292929292929293,0.7959183673469388,-80.07775678745506,1.6698294030303184e-35
31.836734693877553,17.5656655764397,2.865946177196865,0.9393939393939392,0.7959183673469388,-80.11841509507686,1.6032986444137723e-35
31.836734693877553,19.5121966883548,2.9710397412417997,0.9494949494949493,0.7959183673469388,-80.15671612147969,1.5430517838422825e-35
31.836734693877553,21.6744317457404,3.0761333052867346,0.9595959595959593,0.7959183673469388,-80.19278709521737,1.4883842856806312e-35
31.836734693877553,24.0762738816144,3.1812268693316703,0.9696969696969694,0.7959183673469388,-80.22675134933087,1.4386812645072004e-35
31.836734693877553,26.744275043632,3.2863204333766105,0.97979797979798,0.7959183673469388,-80.25872779441282,1.3934050953455238e-35
31.836734693877553,29.707929521255,3.3914139974215445,0.98989898989899,0.7959183673469388,-80.28883054239981,1.3520848200709735e-35
31.836734693877553,33.0,3.4965075614664802,1.0,0.7959183673469388,-80.31716865860223,1.314307086308788e-35
32.6530612244898,0.001,-6.907755278982137,0.0,0.8163265306122449,-73.9822611508515,7.41160428039209e-33
32.6530612244898,0.001110814537795,-6.802661714937222,0.010101010101008117,0.8163265306122449,-74.02090786732354,7.130634363311601e-33
32.6530612244898,0.0012339089373767,-6.697568150892323,0.020202020202014698,0.8163265306122449,-74.05895007161661,6.864464262348522e-33
32.6530612244898,0.0013706439859533,-6.592474586847349,0.030303030303028534,0.8163265306122449,-74.0963900984891,6.612210201172622e-33
32.6530612244898,0.0015225312657382,-6.487381022802441,0.04040404040403597,0.8163265306122449,-74.13323681246533,6.373005990661202e-33
32.6530612244898,0.0016912498642295,-6.382287458757476,0.05050505050504887,0.8163265306122449,-74.169505473265,6.146006956232405e-33
32.6530612244898,0.00187866493623,-6.277193894712534,0.06060606060605963,0.8163265306122449,-74.20521752812631,5.93039333611303e-33
32.6530612244898,0.00208684832281,-6.172100330667619,0.07070707070706775,0.8163265306122449,-74.24040034167713,5.7253731544133114e-33
32.6530612244898,0.0023181014551505,-6.067006766622687,0.08080808080807748,0.8163265306122449,-74.27508687530495,5.530184583223145e-33
32.6530612244898,0.002574980796465,-5.961913202577741,0.0909090909090886,0.8163265306122449,-74.30931532875057,5.3440978165017583e-33
32.6530612244898,0.0028603261032564,-5.856819638532781,0.10101010101010106,0.8163265306122449,-74.34312875690833,5.166416485354148e-33
32.6530612244898,0.0031772918183317,-5.751726074487876,0.11111111111110823,0.8163265306122449,-74.37657467458985,4.9964786494712566e-33
32.6530612244898,0.0035293819426201,-5.646632510442922,0.1212121212121201,0.8163265306122449,-74.40970466135703,4.833657403189421e-33
32.6530612244898,0.0039204887712936,-5.541538946397998,0.13131313131312908,0.8163265306122449,-74.44257397751885,4.6773611369958134e-33
32.6530612244898,0.0043549359224151,-5.436445382353058,0.14141414141413966,0.8163265306122449,-74.47524120110027,4.527033496526009e-33
32.6530612244898,0.0048375261337845,-5.331351818308116,0.15151515151515035,0.8163265306122449,-74.50776789410668,4.382153081374038e-33
32.6530612244898,0.0053735943563712,-5.2262582542631755,0.16161616161616094,0.8163265306122449,-74.54021830480708,4.242232925511045e-33
32.6530612244898,0.0059690667312704,-5.121164690218244,0.17171717171717069,0.8163265306122449,-74.57265911111382,4.106819799944963e-33
32.6530612244898,0.0066305261021638,-5.016071126173304,0.18181818181818118,0.8163265306122449,-74.60515920850533,3.9754933765791346e-33
32.6530612244898,0.0073652847875129,-4.910977562128371,0.19191919191919102,0.8163265306122449,-74.63778954437485,3.847865290131744e-33
32.6530612244898,0.0081814654169699,-4.80588399808343,0.20202020202020168,0.8163265306122449,-74.6706229992205,3.7235781325634315e-33
32.6530612244898,0.0090880907256374,-4.700790434038493,0.21212121212121193,0.8163265306122449,-74.70373431374759,3.60230441176684e-33
32.6530612244898,0.0100951832988382,-4.595696869993551,0.22222222222222263,0.8163265306122449,-74.73720005973952,3.483745503352468e-33
32.6530612244898,0.0112138763700549,-4.490603305948624,0.23232323232323193,0.8163265306122449,-74.77109865146424,3.367630621247457e-33
32.6530612244898,0.0124565368968931,-4.385509741903686,0.24242424242424226,0.8163265306122449,-74.80551039341289,3.2537158295051085e-33
32.6530612244898,0.013836902275649,-4.280416177858747,0.2525252525252527,0.8163265306122449,-74.84051755929143,3.141783114216254e-33
32.6530612244898,0.0153702322058399,-4.175322613813814,0.26262626262626254,0.8163265306122449,-74.8762044963856,3.031639530691254e-33
32.6530612244898,0.0170734773835322,-4.07022904976888,0.2727272727272725,0.8163265306122449,-74.91265774866328,2.9231164371335684e-33
32.6530612244898,0.0189654668883421,-3.9651354857239447,0.2828282828282826,0.8163265306122449,-74.94996619124099,2.8160688218160645e-33
32.6530612244898,0.0210671163356406,-3.8600419216790063,0.292929292929293,0.8163265306122449,-74.98822116809306,2.710374726274365e-33
32.6530612244898,0.0234016590950486,-3.7549483576340705,0.3030303030303031,0.8163265306122449,-75.02751662409952,2.6059347622160642e-33
32.6530612244898,0.0259949031313031,-3.649854793589135,0.3131313131313132,0.8163265306122449,-75.06794922168746,2.5026717147003303e-33
32.6530612244898,0.0288755163068248,-3.5447612295442013,0.32323232323232315,0.8163265306122449,-75.10961843140926,2.4005302186573405e-33
32.6530612244898,0.0320753432999582,-3.4396676654992664,0.33333333333333315,0.8163265306122449,-75.15262658480906,2.2994764900243882e-33
32.6530612244898,0.0356297576423598,-3.3345741014543298,0.34343434343434337,0.8163265306122449,-75.1970788768597,2.1994980867375246e-33
32.6530612244898,0.0395780527672466,-3.229480537409394,0.3535353535353535,0.8163265306122449,-75.24308330412141,2.100603668649758e-33
32.6530612244898,0.0439638763914761,-3.1243869733644574,0.3636363636363637,0.8163265306122449,-75.29075052360953,2.0028227193319238e-33
32.6530612244898,0.048835713033475,-3.019293409319523,0.3737373737373737,0.8163265306122449,-75.34019361621256,1.9062051869098516e-33
32.6530612244898,0.0542474200011699,-2.914199845274587,0.3838383838383838,0.8163265306122449,-75.3915277374392,1.810820995957741e-33
32.6530612244898,0.060258822775172,-2.8091062812296523,0.3939393939393938,0.8163265306122449,-75.44486963739296,1.7167593784452927e-33
32.6530612244898,0.0669363763690749,-2.7040127171847166,0.404040404040404,0.8163265306122449,-75.50033703129326,1.6241279693733794e-33
32.6530612244898,0.0743538999780876,-2.5989191531397813,0.4141414141414141,0.8163265306122449,-75.5580478017365,1.5330516126516586e-33
32.6530612244898,0.0825933930374168,-2.493825589094845,0.42424242424242425,0.8163265306122449,-75.61811901439943,1.443670825644907e-33
32.6530612244898,0.0917459417117808,-2.38873202504991,0.4343434343434343,0.8163265306122449,-75.68066573023985,1.3561398773196146e-33
32.6530612244898,0.101912725837141,-2.283638461004973,0.44444444444444453,0.8163265306122449,-75.74579959968091,1.2706244456545473e-33
32.6530612244898,0.113206137446215,-2.1785448969600347,0.4545454545454549,0.8163265306122449,-75.8136272280174,1.1872988353738487e-33
32.6530612244898,0.125751023242877,-2.0734513329151003,0.46464646464646486,0.8163265306122449,-75.88424830660239,1.1063427572661675e-33
32.6530612244898,0.139686064760787,-1.9683577688701692,0.47474747474747453,0.8163265306122449,-75.95775351147665,1.0279376951102691e-33
32.6530612244898,0.155165311463659,-1.8632642048252352,0.48484848484848453,0.8163265306122449,-76.03422218015585,9.522629147602128e-34
32.6530612244898,0.172359883735326,-1.7581706407802946,0.49494949494949514,0.8163265306122449,-76.11371978836245,8.7949120086251e-34
32.6530612244898,0.19145986458586,-1.6530770767353593,0.5050505050505052,0.8163265306122449,-76.19629526151562,8.09784437957291e-34
32.6530612244898,0.212676400986239,-1.5479835126904273,0.5151515151515149,0.8163265306122449,-76.2819781705253,7.432891817405001e-34
32.6530612244898,0.236244038061438,-1.442889948645492,0.5252525252525251,0.8163265306122449,-76.37077587740228,6.80132389990892e-34
32.6530612244898,0.262423311946047,-1.3377963846005527,0.5353535353535355,0.8163265306122449,-76.4626707126527,6.204174979032357e-34
32.6530612244898,0.291503629965987,-1.2327028205556183,0.5454545454545455,0.8163265306122449,-76.55761728235983,5.642210263530292e-34
32.6530612244898,0.323806469986239,-1.1276092565106834,0.5555555555555556,0.8163265306122449,-76.65554001697164,5.115899016831906e-34
32.6530612244898,0.359688934292802,-1.0225156924657481,0.5656565656565656,0.8163265306122449,-76.75633108460651,4.625396408285341e-34
32.6530612244898,0.399547697296443,-0.9174221284208132,0.5757575757575757,0.8163265306122449,-76.85984879752434,4.17053516402631e-34
32.6530612244898,0.443823390699414,-0.8123285643758777,0.5858585858585857,0.8163265306122449,-76.9659166396775,3.7508276493368475e-34
32.6530612244898,0.49300547460239,-0.707235000330941,0.5959595959595959,0.8163265306122449,-77.07432303455262,3.3654784163648564e-34
32.6530612244898,0.547637648400869,-0.6021414362860068,0.606060606060606,0.8163265306122449,-77.18482195487492,3.0134066220670268e-34
32.6530612244898,0.608323861287565,-0.49704787224107067,0.6161616161616161,0.8163265306122449,-77.29713444885132,2.6932771215789933e-34
32.6530612244898,0.67573498880583,-0.39195430819613525,0.6262626262626262,0.8163265306122449,-77.41095112200416,2.4035385318785317e-34
32.6530612244898,0.750616249262273,-0.2868607441511999,0.6363636363636362,0.8163265306122449,-77.52593557077539,2.142466190614861e-34
32.6530612244898,0.833795441985706,-0.18176718010626372,0.6464646464646464,0.8163265306122449,-77.64172871641271,1.9082077397688375e-34
32.6530612244898,0.926192098504948,-0.07667361606132911,0.6565656565656565,0.8163265306122449,-77.75795393846307,1.698829056315583e-34
32.6530612244898,1.02882764781018,0.028419947983610284,0.666666666666667,0.8163265306122449,-77.87422286035077,1.5123584222940458e-34
32.6530612244898,1.142836708073,0.1335135120285407,0.6767676767676766,0.8163265306122449,-77.99014159901792,1.3468271443202714e-34
32.6530612244898,1.2694796296533,0.23860707607348014,0.686868686868687,0.8163265306122449,-78.10531726018905,1.2003052525955156e-34
32.6530612244898,1.41015642805352,0.3437006401184105,0.6969696969696967,0.8163265306122449,-78.21936444344028,1.07093137989934e-34
32.6530612244898,1.56642226084696,0.44879420416335164,0.7070707070707073,0.8163265306122449,-78.33191151870989,9.56936390914376e-35
32.6530612244898,1.74000461967455,0.5538877682082868,0.7171717171717173,0.8163265306122449,-78.44260644855011,8.5666075826426e-35
32.6530612244898,1.93282242736499,0.6589813322532224,0.7272727272727274,0.8163265306122449,-78.55112195718655,7.685660328289835e-35
32.6530612244898,2.14700725129329,0.7640748962981553,0.7373737373737373,0.8163265306122449,-78.65715988586139,6.912410152474056e-35
32.6530612244898,2.38492686748792,0.8691684603430914,0.7474747474747475,0.8163265306122449,-78.76045462051756,6.234033993651381e-35
32.6530612244898,2.64921143598352,0.9742620243880249,0.7575757575757573,0.8163265306122449,-78.8607755285726,5.638977339126023e-35
32.6530612244898,2.94278257678333,1.0793555884329629,0.7676767676767676,0.8163265306122449,-78.95792839219162,5.116905504092581e-35
32.6530612244898,3.26888566786082,1.184449152477898,0.7777777777777777,0.8163265306122449,-79.0517558723355,4.6586345140227053e-35
32.6530612244898,3.63112572224959,1.289542716522833,0.7878787878787878,0.8163265306122449,-79.14213707790952,4.256048624408428e-35
32.6530612244898,4.0335072408363,1.3946362805677694,0.797979797979798,0.8163265306122449,-79.22898634552091,3.9020104069201237e-35
32.6530612244898,4.48047848142245,1.4997298446127043,0.808080808080808,0.8163265306122449,-79.3122513566672,3.590268167306242e-35
32.6530612244898,4.97698063344183,1.6048234086576407,0.8181818181818182,0.8163265306122449,-79.39191073060063,3.315364340353912e-35
32.6530612244898,5.52850244195146,1.7099169727025751,0.8282828282828283,0.8163265306122449,-79.46797123344813,3.072547497792586e-35
32.6530612244898,6.14114088475497,1.8150105367475111,0.8383838383838383,0.8163265306122449,-79.54046473879573,2.857689742324881e-35
32.6530612244898,6.8216685734332,1.9201041007924453,0.8484848484848483,0.8163265306122449,-79.60944506360178,2.6672105572663843e-35
32.6530612244898,7.57760862338904,2.0251976648373815,0.8585858585858586,0.8163265306122449,-79.6749847878211,2.4980076320689e-35
32.6530612244898,8.41731782058148,2.1302912288823177,0.8686868686868686,0.8163265306122449,-79.7371721482656,2.3473947743227916e-35
32.6530612244898,9.35007900434302,2.2353847929272526,0.8787878787878787,0.8163265306122449,-79.79610807853676,2.2130467283997897e-35
32.6530612244898,10.3862036875563,2.3404783569721936,0.8888888888888893,0.8163265306122449,-79.85190344859916,2.0929505277756072e-35
32.6530612244898,11.5371460486378,2.445571921017128,0.8989898989898993,0.8163265306122449,-79.90467654064626,1.985362891179514e-35
32.6530612244898,12.8156295554912,2.550665485062058,0.909090909090909,0.8163265306122449,-79.95455078295639,1.8887731132103344e-35
32.6530612244898,14.2357876212352,2.6557590491069942,0.919191919191919,0.8163265306122449,-80.00165275077914,1.8018708820030504e-35
32.6530612244898,15.8133198466305,2.7608526131519304,0.9292929292929293,0.8163265306122449,-80.04611043303858,1.723518467019228e-35
32.6530612244898,17.5656655764397,2.865946177196865,0.9393939393939392,0.8163265306122449,-80.08805175571747,1.6527267490163668e-35
32.6530612244898,19.5121966883548,2.9710397412417997,0.9494949494949493,0.8163265306122449,-80.1276033470089,1.5886346041609185e-35
32.6530612244898,21.6744317457404,3.0761333052867346,0.9595959595959593,0.8163265306122449,-80.16488952542579,1.5304911995928716e-35
32.6530612244898,24.0762738816144,3.1812268693316703,0.9696969696969694,0.8163265306122449,-80.20003148975016,1.477640804692127e-35
32.6530612244898,26.744275043632,3.2863204333766105,0.97979797979798,0.8163265306122449,-80.23314668867862,1.429509768282546e-35
32.6530612244898,29.707929521255,3.3914139974215445,0.98989898989899,0.8163265306122449,-80.26434834799873,1.385595355430626e-35
32.6530612244898,33.0,3.4965075614664802,1.0,0.8163265306122449,-80.29374513384856,1.3454561774533382e-35
33.46938775510204,0.001,-6.907755278982137,0.0,0.8367346938775511,-74.04423143552486,6.9662470280384e-33
33.46938775510204,0.001110814537795,-6.802661714937222,0.010101010101008117,0.8367346938775511,-74.0804071764632,6.718741715869497e-33
33.46938775510204,0.0012339089373767,-6.697568150892323,0.020202020202014698,0.8367346938775511,-74.11604826627304,6.483495555715708e-33
33.46938775510204,0.0013706439859533,-6.592474586847349,0.030303030303028534,0.8367346938775511,-74.15116373094749,6.259775600199602e-33
33.46938775510204,0.0015225312657382,-6.487381022802441,0.04040404040403597,0.8367346938775511,-74.1857681010583,6.046865071493502e-33
33.46938775510204,0.0016912498642295,-6.382287458757476,0.05050505050504887,0.8367346938775511,-74.21988123935272,5.8440662454017685e-33
33.46938775510204,0.00187866493623,-6.277193894712534,0.06060606060605963,0.8367346938775511,-74.25352811809088,5.650702935105258e-33
33.46938775510204,0.00208684832281,-6.172100330667619,0.07070707070706775,0.8367346938775511,-74.28673855556947,5.4661225804045966e-33
33.46938775510204,0.0023181014551505,-6.067006766622687,0.08080808080807748,0.8367346938775511,-74.31954692189532,5.2896979551142e-33
33.46938775510204,0.002574980796465,-5.961913202577741,0.0909090909090886,0.8367346938775511,-74.35199182430325,5.1208285109250246e-33
33.46938775510204,0.0028603261032564,-5.856819638532781,0.10101010101010106,0.8367346938775511,-74.38411578218003,4.9589413805850844e-33
33.46938775510204,0.0031772918183317,-5.751726074487876,0.11111111111110823,0.8367346938775511,-74.4159649014965,4.803492066735004e-33
33.46938775510204,0.0035293819426201,-5.646632510442922,0.1212121212121201,0.8367346938775511,-74.44758855761468,4.653964845253595e-33
33.46938775510204,0.0039204887712936,-5.541538946397998,0.13131313131312908,0.8367346938775511,-74.47903909447896,4.50987291364351e-33
33.46938775510204,0.0043549359224151,-5.436445382353058,0.14141414141413966,0.8367346938775511,-74.51037154708472,4.3707583158981315e-33
33.46938775510204,0.0048375261337845,-5.331351818308116,0.15151515151515035,0.8367346938775511,-74.54164339289586,4.2361916755781484e-33
33.46938775510204,0.0053735943563712,-5.2262582542631755,0.16161616161616094,0.8367346938775511,-74.57291433661509,4.105771768550783e-33
33.46938775510204,0.0059690667312704,-5.121164690218244,0.17171717171717069,0.8367346938775511,-74.60424613143752,3.979124966122766e-33
33.46938775510204,0.0066305261021638,-5.016071126173304,0.18181818181818118,0.8367346938775511,-74.6357024386845,3.855904578178125e-33
33.46938775510204,0.0073652847875129,-4.910977562128371,0.19191919191919102,0.8367346938775511,-74.66734872654155,3.735790124496339e-33
33.46938775510204,0.0081814654169699,-4.80588399808343,0.20202020202020168,0.8367346938775511,-74.69925220753825,3.61848656070323e-33
33.46938775510204,0.0090880907256374,-4.700790434038493,0.21212121212121193,0.8367346938775511,-74.73148181341277,3.503723483348509e-33
33.46938775510204,0.0100951832988382,-4.595696869993551,0.22222222222222263,0.8367346938775511,-74.76410820510317,3.391254336425798e-33
33.46938775510204,0.0112138763700549,-4.490603305948624,0.23232323232323193,0.8367346938775511,-74.79720381479525,3.2808556392720573e-33
33.46938775510204,0.0124565368968931,-4.385509741903686,0.24242424242424226,0.8367346938775511,-74.83084291622025,3.1723262532044943e-33
33.46938775510204,0.013836902275649,-4.280416177858747,0.2525252525252527,0.8367346938775511,-74.86510171871741,3.065486701477505e-33
33.46938775510204,0.0153702322058399,-4.175322613813814,0.26262626262626254,0.8367346938775511,-74.90005847993795,2.9601785541527572e-33
33.46938775510204,0.0170734773835322,-4.07022904976888,0.2727272727272725,0.8367346938775511,-74.93579363144627,2.8562638862554014e-33
33.46938775510204,0.0189654668883421,-3.9651354857239447,0.2828282828282826,0.8367346938775511,-74.97238991084802,2.75362481412409e-33
33.46938775510204,0.0210671163356406,-3.8600419216790063,0.292929292929293,0.8367346938775511,-75.00993249342473,2.6521631111181588e-33
33.46938775510204,0.0234016590950486,-3.7549483576340705,0.3030303030303031,0.8367346938775511,-75.04850911555903,2.5517998998137147e-33
33.46938775510204,0.0259949031313031,-3.649854793589135,0.3131313131313132,0.8367346938775511,-75.08821018148012,2.4524754134821183e-33
33.46938775510204,0.0288755163068248,-3.5447612295442013,0.32323232323232315,0.8367346938775511,-75.1291288440346,2.3541488150048543e-33
33.46938775510204,0.0320753432999582,-3.4396676654992664,0.33333333333333315,0.8367346938775511,-75.17136104928929,2.256798056464017e-33
33.46938775510204,0.0356297576423598,-3.3345741014543298,0.34343434343434337,0.8367346938775511,-75.21500553380449,2.1604197575152804e-33
33.46938775510204,0.0395780527672466,-3.229480537409394,0.3535353535353535,0.8367346938775511,-75.2601637623929,2.0650290753997447e-33
33.46938775510204,0.0439638763914761,-3.1243869733644574,0.3636363636363637,0.8367346938775511,-75.30693979312811,1.970659534240993e-33
33.46938775510204,0.048835713033475,-3.019293409319523,0.3737373737373737,0.8367346938775511,-75.35544005532923,1.8773627763210194e-33
33.46938775510204,0.0542474200011699,-2.914199845274587,0.3838383838383838,0.8367346938775511,-75.40577302528538,1.7852081936318368e-33
33.46938775510204,0.060258822775172,-2.8091062812296523,0.3939393939393938,0.8367346938775511,-75.45804878367493,1.694282394529793e-33
33.46938775510204,0.0669363763690749,-2.7040127171847166,0.404040404040404,0.8367346938775511,-75.51237843808288,1.6046884582326714e-33
33.46938775510204,0.0743538999780876,-2.5989191531397813,0.4141414141414141,0.8367346938775511,-75.56887339385601,1.5165449297092745e-33
33.46938775510204,0.0825933930374168,-2.493825589094845,0.42424242424242425,0.8367346938775511,-75.6276444569079,1.4299845097859175e-33
33.46938775510204,0.0917459417117808,-2.38873202504991,0.4343434343434343,0.8367346938775511,-75.68880075317853,1.345152400591762e-33
33.46938775510204,0.101912725837141,-2.283638461004973,0.44444444444444453,0.8367346938775511,-75.75244845145696,1.2622042753040051e-33
33.46938775510204,0.113206137446215,-2.1785448969600347,0.4545454545454549,0.8367346938775511,-75.81868927940614,1.1813038539089708e-33
33.46938775510204,0.125751023242877,-2.0734513329151003,0.46464646464646486,0.8367346938775511,-75.8876188270926,1.1026200835319159e-33
33.46938775510204,0.139686064760787,-1.9683577688701692,0.47474747474747453,0.8367346938775511,-75.95932463831522,1.0263239426459614e-33
33.46938775510204,0.155165311463659,-1.8632642048252352,0.48484848484848453,0.8367346938775511,-76.03388409769673,9.525849125760065e-34
33.46938775510204,0.172359883735326,-1.7581706407802946,0.49494949494949514,0.8367346938775511,-76.11136213092803,8.815671861001197e-34
33.46938775510204,0.19145986458586,-1.6530770767353593,0.5050505050505052,0.8367346938775511,-76.19180874671088,8.134257100294914e-34
33.46938775510204,0.212676400986239,-1.5479835126904273,0.5151515151515149,0.8367346938775511,-76.27525646165468,7.483021843243027e-34
33.46938775510204,0.236244038061438,-1.442889948645492,0.5252525252525251,0.8367346938775511,-76.36171766328825,6.863211621004428e-34
33.46938775510204,0.262423311946047,-1.3377963846005527,0.5353535353535355,0.8367346938775511,-76.45118198087478,6.275864101293656e-34
33.46938775510204,0.291503629965987,-1.2327028205556183,0.5454545454545455,0.8367346938775511,-76.54361374805272,5.721776955734241e-34
33.46938775510204,0.323806469986239,-1.1276092565106834,0.5555555555555556,0.8367346938775511,-76.63894965442351,5.201481596320508e-34
33.46938775510204,0.359688934292802,-1.0225156924657481,0.5656565656565656,0.8367346938775511,-76.73709669381799,4.715224212511709e-34
33.46938775510204,0.399547697296443,-0.9174221284208132,0.5757575757575757,0.8367346938775511,-76.83793052371449,4.262955240013839e-34
33.46938775510204,0.443823390699414,-0.8123285643758777,0.5858585858585857,0.8367346938775511,-76.94129435174047,3.844327980031367e-34
33.46938775510204,0.49300547460239,-0.707235000330941,0.5959595959595959,0.8367346938775511,-77.04699846008128,3.4587065915669584e-34
33.46938775510204,0.547637648400869,-0.6021414362860068,0.606060606060606,0.8367346938775511,-77.15482046595082,3.1051831397330888e-34
33.46938775510204,0.608323861287565,-0.49704787224107067,0.6161616161616161,0.8367346938775511,-77.26450639554942,2.7826028488899354e-34
33.46938775510204,0.67573498880583,-0.39195430819613525,0.6262626262626262,0.8367346938775511,-77.37577262029893,2.489596231985001e-34
33.46938775510204,0.750616249262273,-0.2868607441511999,0.6363636363636362,0.8367346938775511,-77.48830866854446,2.224616393309761e-34
33.46938775510204,0.833795441985706,-0.18176718010626372,0.6464646464646464,0.8367346938775511,-77.60178088511924,1.9859795662610113e-34
33.46938775510204,0.926192098504948,-0.07667361606132911,0.6565656565656565,0.8367346938775511,-77.71583686772705,1.771906869472258e-34
33.46938775510204,1.02882764781018,0.028419947983610284,0.666666666666667,0.8367346938775511,-77.83011056614474,1.5805653439294966e-34
33.46938775510204,1.142836708073,0.1335135120285407,0.6767676767676766,0.8367346938775511,-77.94422789123156,1.4101065523338634e-34
33.46938775510204,1.2694796296533,0.23860707607348014,0.686868686868687,0.8367346938775511,-78.05781264904014,1.2587013473661755e-34
33.46938775510204,1.41015642805352,0.3437006401184105,0.6969696969696967,0.8367346938775511,-78.1704925938764,1.1245698060707552e-34
33.46938775510204,1.56642226084696,0.44879420416335164,0.7070707070707073,0.8367346938775511,-78.28190538504573,1.0060057393210908e-34
33.46938775510204,1.74000461967455,0.5538877682082868,0.7171717171717173,0.8367346938775511,-78.39170423621862,9.013955780169474e-35
33.46938775510204,1.93282242736499,0.6589813322532224,0.7272727272727274,0.8367346938775511,-78.49956306357112,8.092317794576205e-35
33.46938775510204,2.14700725129329,0.7640748962981553,0.7373737373737373,0.8367346938775511,-78.60518096758669,7.281211674796854e-35
33.46938775510204,2.38492686748792,0.8691684603430914,0.7474747474747475,0.8367346938775511,-78.70828592109648,6.567888092380905e-35
33.46938775510204,2.64921143598352,0.9742620243880249,0.7575757575757573,0.8367346938775511,-78.80863757951201,5.940781410308889e-35
33.46938775510204,2.94278257678333,1.0793555884329629,0.7676767676767676,0.8367346938775511,-78.90602917468458,5.389480942047461e-35
33.46938775510204,3.26888566786082,1.184449152477898,0.7777777777777777,0.8367346938775511,-79.00028849791215,4.904679536712733e-35
33.46938775510204,3.63112572224959,1.289542716522833,0.7878787878787878,0.8367346938775511,-79.09127801727645,4.4781062164578685e-35
33.46938775510204,4.0335072408363,1.3946362805677694,0.797979797979798,0.8367346938775511,-79.17889420741183,4.102448733009234e-35
33.46938775510204,4.48047848142245,1.4997298446127043,0.808080808080808,0.8367346938775511,-79.26306619453712,3.771270925831832e-35
33.46938775510204,4.97698063344183,1.6048234086576407,0.8181818181818182,0.8367346938775511,-79.34375383556132,3.4789287614567804e-35
33.46938775510204,5.52850244195146,1.7099169727025751,0.8282828282828283,0.8367346938775511,-79.42094535753468,3.220487988369332e-35
33.46938775510204,6.14114088475497,1.8150105367475111,0.8383838383838383,0.8367346938775511,-79.49465468354303,2.991645502322344e-35
33.46938775510204,6.8216685734332,1.9201041007924453,0.8484848484848483,0.8367346938775511,-79.56491856463575,2.788655807073108e-35
33.46938775510204,7.57760862338904,2.0251976648373815,0.8585858585858586,0.8367346938775511,-79.63179362608828,2.608263381236785e-35
33.46938775510204,8.41731782058148,2.1302912288823177,0.8686868686868686,0.8367346938775511,-79.695353421809,2.447641316757869e-35
33.46938775510204,9.35007900434302,2.2353847929272526,0.8787878787878787,0.8367346938775511,-79.75568557449245,2.3043362644567247e-35
33.46938775510204,10.3862036875563,2.3404783569721936,0.8888888888888893,0.8367346938775511,-79.81288906247777,2.1762194896536603e-35
33.46938775510204,11.5371460486378,2.445571921017128,0.8989898989898993,0.8367346938775511,-79.86707169820902,2.0614436876348552e-35
33.46938775510204,12.8156295554912,2.550665485062058,0.909090909090909,0.8367346938775511,-79.9183478284563,1.9584051173047576e-35
33.46938775510204,14.2357876212352,2.6557590491069942,0.919191919191919,0.8367346938775511,-79.96683627352125,1.865710566374352e-35
33.46938775510204,15.8133198466305,2.7608526131519304,0.9292929292929293,0.8367346938775511,-80.01265851176342,1.7821486499112337e-35
33.46938775510204,17.5656655764397,2.865946177196865,0.9393939393939392,0.8367346938775511,-80.05593710700826,1.706664955563576e-35
33.46938775510204,19.5121966883548,2.9710397412417997,0.9494949494949493,0.8367346938775511,-80.09679436964775,1.6383405751313507e-35
33.46938775510204,21.6744317457404,3.0761333052867346,0.9595959595959593,0.8367346938775511,-80.13535123735186,1.5763735972567758e-35
33.46938775510204,24.0762738816144,3.1812268693316703,0.9696969696969694,0.8367346938775511,-80.17172635803387,1.5200631754001496e-35
33.46938775510204,26.744275043632,3.2863204333766105,0.97979797979798,0.8367346938775511,-80.20603535580152,1.4687958258320123e-35
33.46938775510204,29.707929521255,3.3914139974215445,0.98989898989899,0.8367346938775511,-80.23839025981657,1.4220336500287793e-35
33.46938775510204,33.0,3.4965075614664802,1.0,0.8367346938775511,-80.26889907603369,1.3793042132970022e-35
34.285714285714285,0.001,-6.907755278982137,0.0,0.8571428571428571,-74.0989913937411,6.595032242328993e-33
34.285714285714285,0.001110814537795,-6.802661714937222,0.010101010101008117,0.8571428571428571,-74.13301697340562,6.374407180318181e-33
34.285714285714285,0.0012339089373767,-6.697568150892323,0.020202020202014698,0.8571428571428571,-74.16657593442496,6.164038321218211e-33
34.285714285714285,0.0013706439859533,-6.592474586847349,0.030303030303028534,0.8571428571428571,-74.19968184514524,5.9633131463258144e-33
34.285714285714285,0.0015225312657382,-6.487381022802441,0.04040404040403597,0.8571428571428571,-74.23235290340871,5.77163363094473e-33
34.285714285714285,0.0016912498642295,-6.382287458757476,0.05050505050504887,0.8571428571428571,-74.26461175347191,5.588418411223144e-33
34.285714285714285,0.00187866493623,-6.277193894712534,0.06060606060605963,0.8571428571428571,-74.29648526937187,5.413104643053171e-33
34.285714285714285,0.00208684832281,-6.172100330667619,0.07070707070706775,0.8571428571428571,-74.32800431275616,5.2451495591064594e-33
34.285714285714285,0.0023181014551505,-6.067006766622687,0.08080808080807748,0.8571428571428571,-74.35920347340847,5.08403173477189e-33
34.285714285714285,0.002574980796465,-5.961913202577741,0.0909090909090886,0.8571428571428571,-74.39012080063769,4.9292520776870933e-33
34.285714285714285,0.0028603261032564,-5.856819638532781,0.10101010101010106,0.8571428571428571,-74.42079753338449,4.7803345587243994e-33
34.285714285714285,0.0031772918183317,-5.751726074487876,0.11111111111110823,0.8571428571428571,-74.45127783636568,4.6368267047694874e-33
34.285714285714285,0.0035293819426201,-5.646632510442922,0.1212121212121201,0.8571428571428571,-74.48160854886798,4.498299875455709e-33
34.285714285714285,0.0039204887712936,-5.541538946397998,0.13131313131312908,0.8571428571428571,-74.51183895195899,4.364349347267027e-33
34.285714285714285,0.0043549359224151,-5.436445382353058,0.14141414141413966,0.8571428571428571,-74.5420205589497,4.2345942291507905e-33
34.285714285714285,0.0048375261337845,-5.331351818308116,0.15151515151515035,0.8571428571428571,-74.57220693295913,4.108677234057657e-33
34.285714285714285,0.0053735943563712,-5.2262582542631755,0.16161616161616094,0.8571428571428571,-74.60245353443418,3.9862643307029416e-33
34.285714285714285,0.0059690667312704,-5.121164690218244,0.17171717171717069,0.8571428571428571,-74.63281760049694,3.867044299373762e-33
34.285714285714285,0.0066305261021638,-5.016071126173304,0.18181818181818118,0.8571428571428571,-74.66335805705093,3.750728214835569e-33
34.285714285714285,0.0073652847875129,-4.910977562128371,0.19191919191919102,0.8571428571428571,-74.69413546369337,3.63704887835436e-33
34.285714285714285,0.0081814654169699,-4.80588399808343,0.20202020202020168,0.8571428571428571,-74.72521199066283,3.52576021957912e-33
34.285714285714285,0.0090880907256374,-4.700790434038493,0.21212121212121193,0.8571428571428571,-74.75665142630292,3.4166366875444704e-33
34.285714285714285,0.0100951832988382,-4.595696869993551,0.22222222222222263,0.8571428571428571,-74.78851921284051,3.309472648373505e-33
34.285714285714285,0.0112138763700549,-4.490603305948624,0.23232323232323193,0.8571428571428571,-74.82088250765541,3.2040818053864335e-33
34.285714285714285,0.0124565368968931,-4.385509741903686,0.24242424242424226,0.8571428571428571,-74.85381026664191,3.10029665527187e-33
34.285714285714285,0.013836902275649,-4.280416177858747,0.2525252525252527,0.8571428571428571,-74.8873733457233,2.997967991723462e-33
34.285714285714285,0.0153702322058399,-4.175322613813814,0.26262626262626254,0.8571428571428571,-74.92164461605483,2.8969644655042833e-33
34.285714285714285,0.0170734773835322,-4.07022904976888,0.2727272727272725,0.8571428571428571,-74.95669908792851,2.7971722072355736e-33
34.285714285714285,0.0189654668883421,-3.9651354857239447,0.2828282828282826,0.8571428571428571,-74.9926140378512,2.6984945163182823e-33
34.285714285714285,0.0210671163356406,-3.8600419216790063,0.292929292929293,0.8571428571428571,-75.02946913269541,2.6008516162504686e-33
34.285714285714285,0.0234016590950486,-3.7549483576340705,0.3030303030303031,0.8571428571428571,-75.06734654420066,2.504180473201345e-33
34.285714285714285,0.0259949031313031,-3.649854793589135,0.3131313131313132,0.8571428571428571,-75.10633104642534,2.408434671022056e-33
34.285714285714285,0.0288755163068248,-3.5447612295442013,0.32323232323232315,0.8571428571428571,-75.14651008800398,2.3135843319309752e-33
34.285714285714285,0.0320753432999582,-3.4396676654992664,0.33333333333333315,0.8571428571428571,-75.18797383025439,2.2196160679190293e-33
34.285714285714285,0.0356297576423598,-3.3345741014543298,0.34343434343434337,0.8571428571428571,-75.23081514130416,2.1265329435419196e-33
34.285714285714285,0.0395780527672466,-3.229480537409394,0.3535353535353535,0.8571428571428571,-75.27512953548427,2.0343544262752572e-33
34.285714285714285,0.0439638763914761,-3.1243869733644574,0.3636363636363637,0.8571428571428571,-75.3210150462896,1.9431162961466947e-33
34.285714285714285,0.048835713033475,-3.019293409319523,0.3737373737373737,0.8571428571428571,-75.36857202026968,1.8528704821069316e-33
34.285714285714285,0.0542474200011699,-2.914199845274587,0.3838383838383838,0.8571428571428571,-75.41790281833956,1.7636847888052585e-33
34.285714285714285,0.060258822775172,-2.8091062812296523,0.3939393939393938,0.8571428571428571,-75.46911141025747,1.6756424744100222e-33
34.285714285714285,0.0669363763690749,-2.7040127171847166,0.404040404040404,0.8571428571428571,-75.52230284749118,1.5888416382328617e-33
34.285714285714285,0.0743538999780876,-2.5989191531397813,0.4141414141414141,0.8571428571428571,-75.5775825994959,1.503394376612542e-33
34.285714285714285,0.0825933930374168,-2.493825589094845,0.42424242424242425,0.8571428571428571,-75.6350557386851,1.4194256672559891e-33
34.285714285714285,0.0917459417117808,-2.38873202504991,0.4343434343434343,0.8571428571428571,-75.69482596023724,1.3370719465026398e-33
34.285714285714285,0.101912725837141,-2.283638461004973,0.44444444444444453,0.8571428571428571,-75.75699442452036,1.25647935120255e-33
34.285714285714285,0.113206137446215,-2.1785448969600347,0.4545454545454549,0.8571428571428571,-75.82165841250567,1.1778016074266192e-33
34.285714285714285,0.125751023242877,-2.0734513329151003,0.46464646464646486,0.8571428571428571,-75.88890978826825,1.101197562220033e-33
34.285714285714285,0.139686064760787,-1.9683577688701692,0.47474747474747453,0.8571428571428571,-75.95883326770272,1.0268283719910199e-33
34.285714285714285,0.155165311463659,-1.8632642048252352,0.48484848484848453,0.8571428571428571,-76.03150449905748,9.548543814793973e-34
34.285714285714285,0.172359883735326,-1.7581706407802946,0.49494949494949514,0.8571428571428571,-76.1069879688924,8.854317497694433e-34
34.285714285714285,0.19145986458586,-1.6530770767353593,0.5050505050505052,0.8571428571428571,-76.18533475659494,8.18708903253967e-34
34.285714285714285,0.212676400986239,-1.5479835126904273,0.5151515151515149,0.8571428571428571,-76.26658017152941,7.548229181605623e-34
34.285714285714285,0.236244038061438,-1.442889948645492,0.5252525252525251,0.8571428571428571,-76.35074131897981,6.9389595519952576e-34
34.285714285714285,0.262423311946047,-1.3377963846005527,0.5353535353535355,0.8571428571428571,-76.43781465383539,6.360318838672172e-34
34.285714285714285,0.291503629965987,-1.2327028205556183,0.5454545454545455,0.8571428571428571,-76.52777359381797,5.813132417348715e-34
34.285714285714285,0.323806469986239,-1.1276092565106834,0.5555555555555556,0.8571428571428571,-76.62056627612205,5.297986727602798e-34
34.285714285714285,0.359688934292802,-1.0225156924657481,0.5656565656565656,0.8571428571428571,-76.71611355159973,4.815209769792598e-34
34.285714285714285,0.399547697296443,-0.9174221284208132,0.5757575757575757,0.8571428571428571,-76.81430731791663,4.3648588145659124e-34
34.285714285714285,0.443823390699414,-0.8123285643758777,0.5858585858585857,0.8571428571428571,-76.91500929620051,3.946716098223575e-34
34.285714285714285,0.49300547460239,-0.707235000330941,0.5959595959595959,0.8571428571428571,-77.01805035344444,3.5602928700675627e-34
34.285714285714285,0.547637648400869,-0.6021414362860068,0.606060606060606,0.8571428571428571,-77.12323046433342,3.2048416996377553e-34
34.285714285714285,0.608323861287565,-0.49704787224107067,0.6161616161616161,0.8571428571428571,-77.23031939062427,2.879376481338717e-34
34.285714285714285,0.67573498880583,-0.39195430819613525,0.6262626262626262,0.8571428571428571,-77.33905813361199,2.5826991343712727e-34
34.285714285714285,0.750616249262273,-0.2868607441511999,0.6363636363636362,0.8571428571428571,-77.44916118608045,2.3134316286461094e-34
34.285714285714285,0.833795441985706,-0.18176718010626372,0.6464646464646464,0.8571428571428571,-77.56031957568347,2.070051706837983e-34
34.285714285714285,0.926192098504948,-0.07667361606132911,0.6565656565656565,0.8571428571428571,-77.67220465384693,1.8509305413422386e-34
34.285714285714285,1.02882764781018,0.028419947983610284,0.666666666666667,0.8571428571428571,-77.78447254552538,1.6543705700412418e-34
34.285714285714285,1.142836708073,0.1335135120285407,0.6767676767676766,0.8571428571428571,-77.89676913837651,1.4786418882670004e-34
34.285714285714285,1.2694796296533,0.23860707607348014,0.686868686868687,0.8571428571428571,-78.00873545813123,1.322015814171678e-34
34.285714285714285,1.41015642805352,0.3437006401184105,0.6969696969696967,0.8571428571428571,-78.1200132529048,1.182794559010178e-34
34.285714285714285,1.56642226084696,0.44879420416335164,0.7070707070707073,0.8571428571428571,-78.23025059513667,1.0593362859266451e-34
34.285714285714285,1.74000461967455,0.5538877682082868,0.7171717171717173,0.8571428571428571,-78.33910730713544,9.500751945729351e-35
34.285714285714285,1.93282242736499,0.6589813322532224,0.7272727272727274,0.8571428571428571,-78.44626002519804,8.535365931862245e-35
34.285714285714285,2.14700725129329,0.7640748962981553,0.7373737373737373,0.8571428571428571,-78.55140673723974,7.683471917155435e-35
34.285714285714285,2.38492686748792,0.8691684603430914,0.7474747474747475,0.8571428571428571,-78.65427065809219,6.932410558790353e-35
34.285714285714285,2.64921143598352,0.9742620243880249,0.7575757575757573,0.8571428571428571,-78.75460334259459,6.270617986305261e-35
34.285714285714285,2.94278257678333,1.0793555884329629,0.7676767676767676,0.8571428571428571,-78.85218697633707,5.687616561828743e-35
34.285714285714285,3.26888566786082,1.184449152477898,0.7777777777777777,0.8571428571428571,-78.94683582429676,5.173981098020753e-35
34.285714285714285,3.63112572224959,1.289542716522833,0.7878787878787878,0.8571428571428571,-79.03839685572949,4.721286844861776e-35
34.285714285714285,4.0335072408363,1.3946362805677694,0.797979797979798,0.8571428571428571,-79.12674959711504,4.3220449472697696e-35
34.285714285714285,4.48047848142245,1.4997298446127043,0.808080808080808,0.8571428571428571,-79.21180529194766,3.96963028375148e-35
34.285714285714285,4.97698063344183,1.6048234086576407,0.8181818181818182,0.8571428571428571,-79.29350546571898,3.6582057284271697e-35
34.285714285714285,5.52850244195146,1.7099169727025751,0.8282828282828283,0.8571428571428571,-79.3718200063001,3.382646016979127e-35
34.285714285714285,6.14114088475497,1.8150105367475111,0.8383838383838383,0.8571428571428571,-79.44674487448536,3.138463598415481e-35
34.285714285714285,6.8216685734332,1.9201041007924453,0.8484848484848483,0.8571428571428571,-79.5182995575981,2.9217381533865255e-35
34.285714285714285,7.57760862338904,2.0251976648373815,0.8585858585858586,0.8571428571428571,-79.58652437198621,2.729050871979242e-35
34.285714285714285,8.41731782058148,2.1302912288823177,0.8686868686868686,0.8571428571428571,-79.6514777093177,2.557424111482807e-35
34.285714285714285,9.35007900434302,2.2353847929272526,0.8787878787878787,0.8571428571428571,-79.71323330818291,2.4042666903571944e-35
34.285714285714285,10.3862036875563,2.3404783569721936,0.8888888888888893,0.8571428571428571,-79.77187761787566,2.2673248059065372e-35
34.285714285714285,11.5371460486378,2.445571921017128,0.8989898989898993,0.8571428571428571,-79.82750730641963,2.1446383748893864e-35
34.285714285714285,12.8156295554912,2.550665485062058,0.909090909090909,0.8571428571428571,-79.88022695076579,2.0345024730709432e-35
34.285714285714285,14.2357876212352,2.6557590491069942,0.919191919191919,0.8571428571428571,-79.93014693420632,1.935433477136687e-35
34.285714285714285,15.8133198466305,2.7608526131519304,0.9292929292929293,0.8571428571428571,-79.97738156480916,1.8461394777716542e-35
34.285714285714285,17.5656655764397,2.865946177196865,0.9393939393939392,0.8571428571428571,-80.02204741925739,1.7654945254541136e-35
34.285714285714285,19.5121966883548,2.9710397412417997,0.9494949494949493,0.8571428571428571,-80.06426190891044,1.692516282058415e-35
34.285714285714285,21.6744317457404,3.0761333052867346,0.9595959595959593,0.8571428571428571,-80.1041420591078,1.6263466750431695e-35
34.285714285714285,24.0762738816144,3.1812268693316703,0.9696969696969694,0.8571428571428571,-80.14180348854616,1.5662351818059413e-35
34.285714285714285,26.744275043632,3.2863204333766105,0.97979797979798,0.8571428571428571,-80.17735957277714,1.5115244060506076e-35
34.285714285714285,29.707929521255,3.3914139974215445,0.98989898989899,0.8571428571428571,-80.21092077426337,1.461637643183841e-35
34.285714285714285,33.0,3.4965075614664802,1.0,0.8571428571428571,-80.24259412077788,1.4160681660996436e-35
35.10204081632653,0.001,-6.907755278982137,0.0,0.8775510204081632,-74.14764444973514,6.281844321102949e-33
35.10204081632653,0.001110814537795,-6.802661714937222,0.010101010101008117,0.8775510204081632,-74.17979663877725,6.0830817237541934e-33
35.10204081632653,0.0012339089373767,-6.697568150892323,0.020202020202014698,0.8775510204081632,-74.21154617008804,5.892980511054377e-33
35.10204081632653,0.0013706439859533,-6.592474586847349,0.030303030303028534,0.8775510204081632,-74.24290958225352,5.7110248250129016e-33
35.10204081632653,0.0015225312657382,-6.487381022802441,0.04040404040403597,0.8775510204081632,-74.27390731029045,5.536711644270852e-33
35.10204081632653,0.0016912498642295,-6.382287458757476,0.05050505050504887,0.8775510204081632,-74.30456350743907,5.3695524444219774e-33
35.10204081632653,0.00187866493623,-6.277193894712534,0.06060606060605963,0.8775510204081632,-74.33490584538171,5.2090746176818165e-33
35.10204081632653,0.00208684832281,-6.172100330667619,0.07070707070706775,0.8775510204081632,-74.36496529951742,5.0548226576038905e-33
35.10204081632653,0.0023181014551505,-6.067006766622687,0.08080808080807748,0.8775510204081632,-74.39477592590993,4.906359117906063e-33
35.10204081632653,0.002574980796465,-5.961913202577741,0.0909090909090886,0.8775510204081632,-74.42437463631892,4.7632653572930775e-33
35.10204081632653,0.0028603261032564,-5.856819638532781,0.10101010101010106,0.8775510204081632,-74.45380097734383,4.625142084473145e-33
35.10204081632653,0.0031772918183317,-5.751726074487876,0.11111111111110823,0.8775510204081632,-74.48309691918453,4.491609719396011e-33
35.10204081632653,0.0035293819426201,-5.646632510442922,0.1212121212121201,0.8775510204081632,-74.512306658887,4.362308588116868e-33
35.10204081632653,0.0039204887712936,-5.541538946397998,0.13131313131312908,0.8775510204081632,-74.54147644222608,4.236898969655667e-33
35.10204081632653,0.0043549359224151,-5.436445382353058,0.14141414141413966,0.8775510204081632,-74.57065440761282,4.11506101381103e-33
35.10204081632653,0.0048375261337845,-5.331351818308116,0.15151515151515035,0.8775510204081632,-74.59989045462798,3.996494549143753e-33
35.10204081632653,0.0053735943563712,-5.2262582542631755,0.16161616161616094,0.8775510204081632,-74.62923613900132,3.88091880029869e-33
35.10204081632653,0.0059690667312704,-5.121164690218244,0.17171717171717069,0.8775510204081632,-74.65874459509797,3.768072033512199e-33
35.10204081632653,0.0066305261021638,-5.016071126173304,0.18181818181818118,0.8775510204081632,-74.68847048624981,3.6577111486010814e-33
35.10204081632653,0.0073652847875129,-4.910977562128371,0.19191919191919102,0.8775510204081632,-74.71846998259602,3.549611234945215e-33
35.10204081632653,0.0081814654169699,-4.80588399808343,0.20202020202020168,0.8775510204081632,-74.74880076547136,3.443565108004755e-33
35.10204081632653,0.0090880907256374,-4.700790434038493,0.21212121212121193,0.8775510204081632,-74.7795220568071,3.339382841751694e-33
35.10204081632653,0.0100951832988382,-4.595696869993551,0.22222222222222263,0.8775510204081632,-74.81069467148178,3.236891311061113e-33
35.10204081632653,0.0112138763700549,-4.490603305948624,0.23232323232323193,0.8775510204081632,-74.84238109007,3.135933756605043e-33
35.10204081632653,0.0124565368968931,-4.385509741903686,0.24242424242424226,0.8775510204081632,-74.87464554897745,3.0363693831177177e-33
35.10204081632653,0.013836902275649,-4.280416177858747,0.2525252525252527,0.8775510204081632,-74.9075541445069,2.9380730000558662e-33
35.10204081632653,0.0153702322058399,-4.175322613813814,0.26262626262626254,0.8775510204081632,-74.94117494696043,2.8409347116468857e-33
35.10204081632653,0.0170734773835322,-4.07022904976888,0.2727272727272725,0.8775510204081632,-74.97557812043313,2.7448596610949492e-33
35.10204081632653,0.0189654668883421,-3.9651354857239447,0.2828282828282826,0.8775510204081632,-75.0108360434807,2.6497678312812513e-33
35.10204081632653,0.0210671163356406,-3.8600419216790063,0.292929292929293,0.8775510204081632,-75.04702342533453,2.5555939016375878e-33
35.10204081632653,0.0234016590950486,-3.7549483576340705,0.3030303030303031,0.8775510204081632,-75.08421741178198,2.462287157981503e-33
35.10204081632653,0.0259949031313031,-3.649854793589135,0.3131313131313132,0.8775510204081632,-75.12249767421967,2.3698114489659162e-33
35.10204081632653,0.0288755163068248,-3.5447612295442013,0.32323232323232315,0.8775510204081632,-75.1619464747166,2.278145179429071e-33
35.10204081632653,0.0320753432999582,-3.4396676654992664,0.33333333333333315,0.8775510204081632,-75.20264869919288,2.187281327345177e-33
35.10204081632653,0.0356297576423598,-3.3345741014543298,0.34343434343434337,0.8775510204081632,-75.24469185003422,2.0972274673195305e-33
35.10204081632653,0.0395780527672466,-3.229480537409394,0.3535353535353535,0.8775510204081632,-75.28816598863062,2.0080057797218673e-33
35.10204081632653,0.0439638763914761,-3.1243869733644574,0.3636363636363637,0.8775510204081632,-75.33316361747679,1.919653020707648e-33
35.10204081632653,0.048835713033475,-3.019293409319523,0.3737373737373737,0.8775510204081632,-75.37977949062599,1.8322204247072512e-33
35.10204081632653,0.0542474200011699,-2.914199845274587,0.3838383838383838,0.8775510204081632,-75.42811034049696,1.745773507664081e-33
35.10204081632653,0.060258822775172,-2.8091062812296523,0.3939393939393938,0.8775510204081632,-75.47825450834964,1.660391736636693e-33
35.10204081632653,0.0669363763690749,-2.7040127171847166,0.404040404040404,0.8775510204081632,-75.53031146524621,1.576168029660491e-33
35.10204081632653,0.0743538999780876,-2.5989191531397813,0.4141414141414141,0.8775510204081632,-75.58438121008675,1.4932080493529217e-33
35.10204081632653,0.0825933930374168,-2.493825589094845,0.42424242424242425,0.8775510204081632,-75.64056353146725,1.4116292550317378e-33
35.10204081632653,0.0917459417117808,-2.38873202504991,0.4343434343434343,0.8775510204081632,-75.69895712077629,1.3315596815047837e-33
35.10204081632653,0.101912725837141,-2.283638461004973,0.44444444444444453,0.8775510204081632,-75.75965852526728,1.2531364185563796e-33
35.10204081632653,0.113206137446215,-2.1785448969600347,0.4545454545454549,0.8775510204081632,-75.82276093197171,1.1765037738021748e-33
35.10204081632653,0.125751023242877,-2.0734513329151003,0.46464646464646486,0.8775510204081632,-75.8883527764108,1.1018111131813041e-33
35.10204081632653,0.139686064760787,-1.9683577688701692,0.47474747474747453,0.8775510204081632,-75.95651617426782,1.0292103878814788e-33
35.10204081632653,0.155165311463659,-1.8632642048252352,0.48484848484848453,0.8775510204081632,-76.02732517963018,9.588533736582341e-34
35.10204081632653,0.172359883735326,-1.7581706407802946,0.49494949494949514,0.8775510204081632,-76.1008438801821,8.908886677144484e-34
35.10204081632653,0.19145986458586,-1.6530770767353593,0.5050505050505052,0.8775510204081632,-76.1771243478472,8.254585085881164e-34
35.10204081632653,0.212676400986239,-1.5479835126904273,0.5151515151515149,0.8775510204081632,-76.25620447277426,7.626955045383274e-34
35.10204081632653,0.236244038061438,-1.442889948645492,0.5252525252525251,0.8775510204081632,-76.33810571903481,7.027193740944429e-34
35.10204081632653,0.262423311946047,-1.3377963846005527,0.5353535353535355,0.8775510204081632,-76.42283085162705,6.45633816899004e-34
35.10204081632653,0.291503629965987,-1.2327028205556183,0.5454545454545455,0.8775510204081632,-76.51036169585315,5.915236418485247e-34
35.10204081632653,0.323806469986239,-1.1276092565106834,0.5555555555555556,0.8775510204081632,-76.60065700118442,5.404522811032155e-34
35.10204081632653,0.359688934292802,-1.0225156924657481,0.5656565656565656,0.8775510204081632,-76.69365049151354,4.924598115023324e-34
35.10204081632653,0.399547697296443,-0.9174221284208132,0.5757575757575757,0.8775510204081632,-76.78924919124314,4.475615886631294e-34
35.10204081632653,0.443823390699414,-0.8123285643758777,0.5858585858585857,0.8775510204081632,-76.88733212092734,4.057475738103611e-34
35.10204081632653,0.49300547460239,-0.707235000330941,0.5959595959595959,0.8775510204081632,-76.98774945612527,3.66982400425339e-34
35.10204081632653,0.547637648400869,-0.6021414362860068,0.606060606060606,0.8775510204081632,-77.09032223782476,3.3120618934119686e-34
35.10204081632653,0.608323861287565,-0.49704787224107067,0.6161616161616161,0.8775510204081632,-77.19484271157229,2.9833607998361468e-34
35.10204081632653,0.67573498880583,-0.39195430819613525,0.6262626262626262,0.8775510204081632,-77.30107535500996,2.682684056032128e-34
35.10204081632653,0.750616249262273,-0.2868607441511999,0.6363636363636362,0.8775510204081632,-77.40875863007096,2.408814051875036e-34
35.10204081632653,0.833795441985706,-0.18176718010626372,0.6464646464646464,0.8775510204081632,-77.51760746740804,2.160383375036121e-34
35.10204081632653,0.926192098504948,-0.07667361606132911,0.6565656565656565,0.8775510204081632,-77.62731645810459,1.9359084580917957e-34
35.10204081632653,1.02882764781018,0.028419947983610284,0.666666666666667,0.8775510204081632,-77.73756369329305,1.733824164229312e-34
35.10204081632653,1.142836708073,0.1335135120285407,0.6767676767676766,0.8775510204081632,-77.84801515833935,1.5525178051543758e-34
35.10204081632653,1.2694796296533,0.23860707607348014,0.686868686868687,0.8775510204081632,-77.95832955733133,1.3903612486143589e-34
35.10204081632653,1.41015642805352,0.3437006401184105,0.6969696969696967,0.8775510204081632,-78.0681634182723,1.2457400157846283e-34
35.10204081632653,1.56642226084696,0.44879420416335164,0.7070707070707073,0.8775510204081632,-78.17717631183854,1.1170785612295397e-34
35.10204081632653,1.74000461967455,0.5538877682082868,0.7171717171717173,0.8775510204081632,-78.28503600842733,1.0028612389230078e-34
35.10204081632653,1.93282242736499,0.6589813322532224,0.7272727272727274,0.8775510204081632,-78.39142340031954,9.016487578038455e-35
35.10204081632653,2.14700725129329,0.7640748962981553,0.7373737373737373,0.8775510204081632,-78.49603702800768,8.120901959686501e-35
35.10204081632653,2.38492686748792,0.8691684603430914,0.7474747474747475,0.8775510204081632,-78.59859707109835,7.329308577547257e-35
35.10204081632653,2.64921143598352,0.9742620243880249,0.7575757575757573,0.8775510204081632,-78.69884869289235,6.63016414559269e-35
35.10204081632653,2.94278257678333,1.0793555884329629,0.7676767676767676,0.8775510204081632,-78.79656466140833,6.012938675685e-35
35.10204081632653,3.26888566786082,1.184449152477898,0.7777777777777777,0.8775510204081632,-78.89154720558201,5.468099137640912e-35
35.10204081632653,3.63112572224959,1.289542716522833,0.7878787878787878,0.8775510204081632,-78.9836291009723,4.98707294665578e-35
35.10204081632653,4.0335072408363,1.3946362805677694,0.797979797979798,0.8775510204081632,-79.07267401212992,4.562196712204193e-35
35.10204081632653,4.48047848142245,1.4997298446127043,0.808080808080808,0.8775510204081632,-79.1585761469152,4.186655092661343e-35
35.10204081632653,4.97698063344183,1.6048234086576407,0.8181818181818182,0.8775510204081632,-79.2412593001612,3.8544138826176215e-35
35.10204081632653,5.52850244195146,1.7099169727025751,0.8282828282828283,0.8775510204081632,-79.32067537951274,3.5601506994666936e-35
35.10204081632653,6.14114088475497,1.8150105367475111,0.8383838383838383,0.8775510204081632,-79.39680251497218,3.2991858958805856e-35
35.10204081632653,6.8216685734332,1.9201041007924453,0.8484848484848483,0.8775510204081632,-79.46964285613038,3.067415648156109e-35
35.10204081632653,7.57760862338904,2.0251976648373815,0.8585858585858586,0.8775510204081632,-79.53922015810936,2.861248581957987e-35
35.10204081632653,8.41731782058148,2.1302912288823177,0.8686868686868686,0.8775510204081632,-79.60557724999067,2.677546807021378e-35
35.10204081632653,9.35007900434302,2.2353847929272526,0.8787878787878787,0.8775510204081632,-79.66877346914445,2.5135718406184845e-35
35.10204081632653,10.3862036875563,2.3404783569721936,0.8888888888888893,0.8775510204081632,-79.7288821325786,2.3669355987854046e-35
35.10204081632653,11.5371460486378,2.445571921017128,0.8989898989898993,0.8775510204081632,-79.78598810325094,2.2355564132161832e-35
35.10204081632653,12.8156295554912,2.550665485062058,0.909090909090909,0.8775510204081632,-79.8401854961199,2.1176198774559146e-35
35.10204081632653,14.2357876212352,2.6557590491069942,0.919191919191919,0.8775510204081632,-79.8915755562335,2.0115442256276793e-35
35.10204081632653,15.8133198466305,2.7608526131519304,0.9292929292929293,0.8775510204081632,-79.94026472986086,1.9159498884073797e-35
35.10204081632653,17.5656655764397,2.865946177196865,0.9393939393939392,0.8775510204081632,-79.98636293985386,1.8296328438309915e-35
35.10204081632653,19.5121966883548,2.9710397412417997,0.9494949494949493,0.8775510204081632,-80.02998206822643,1.7515413760151596e-35
35.10204081632653,21.6744317457404,3.0761333052867346,0.9595959595959593,0.8775510204081632,-80.07123464236896,1.6807558659212298e-35
35.10204081632653,24.0762738816144,3.1812268693316703,0.9696969696969694,0.8775510204081632,-80.11023271629334,1.6164712593945506e-35
35.10204081632653,26.744275043632,3.2863204333766105,0.97979797979798,0.8775510204081632,-80.14708693468354,1.557981884708817e-35
35.10204081632653,29.707929521255,3.3914139974215445,0.98989898989899,0.8775510204081632,-80.18190576512912,1.504668321703481e-35
35.10204081632653,33.0,3.4965075614664802,1.0,0.8775510204081632,-80.21479488254386,1.4559860551878283e-35
35.91836734693877,0.001,-6.907755278982137,0.0,0.8979591836734693,-74.19109795457267,6.014721901726255e-33
35.91836734693877,0.001110814537795,-6.802661714937222,0.010101010101008117,0.8979591836734693,-74.22161349061949,5.833951617312967e-33
35.91836734693877,0.0012339089373767,-6.697568150892323,0.020202020202014698,0.8979591836734693,-74.25178515419043,5.660560494522903e-33
35.91836734693877,0.0013706439859533,-6.592474586847349,0.030303030303028534,0.8979591836734693,-74.28163131743703,5.49411078044837e-33
35.91836734693877,0.0015225312657382,-6.487381022802441,0.04040404040403597,0.8979591836734693,-74.31117364163886,5.334176032397982e-33
35.91836734693877,0.0016912498642295,-6.382287458757476,0.05050505050504887,0.8979591836734693,-74.34043691209754,5.180342411567732e-33
35.91836734693877,0.00187866493623,-6.277193894712534,0.06060606060605963,0.8979591836734693,-74.36944885990937,5.032209785916773e-33
35.91836734693877,0.00208684832281,-6.172100330667619,0.07070707070706775,0.8979591836734693,-74.39823997601313,4.889392647415213e-33
35.91836734693877,0.0023181014551505,-6.067006766622687,0.08080808080807748,0.8979591836734693,-74.42684332278189,4.751520851302099e-33
35.91836734693877,0.002574980796465,-5.961913202577741,0.0909090909090886,0.8979591836734693,-74.4552943481592,4.618240187096013e-33
35.91836734693877,0.0028603261032564,-5.856819638532781,0.10101010101010106,0.8979591836734693,-74.4836307069554,4.489212792838264e-33
35.91836734693877,0.0031772918183317,-5.751726074487876,0.11111111111110823,0.8979591836734693,-74.51189209344055,4.364117425439064e-33
35.91836734693877,0.0035293819426201,-5.646632510442922,0.1212121212121201,0.8979591836734693,-74.54012008882107,4.242649601062492e-33
35.91836734693877,0.0039204887712936,-5.541538946397998,0.13131313131312908,0.8979591836734693,-74.56835802659221,4.1245216202429035e-33
35.91836734693877,0.0043549359224151,-5.436445382353058,0.14141414141413966,0.8979591836734693,-74.59665087813751,4.0094624929109485e-33
35.91836734693877,0.0048375261337845,-5.331351818308116,0.15151515151515035,0.8979591836734693,-74.62504516032195,3.897217778725996e-33
35.91836734693877,0.0053735943563712,-5.2262582542631755,0.16161616161616094,0.8979591836734693,-74.65358886621085,3.787549358101879e-33
35.91836734693877,0.0059690667312704,-5.121164690218244,0.17171717171717069,0.8979591836734693,-74.68233141945527,3.680235149088638e-33
35.91836734693877,0.0066305261021638,-5.016071126173304,0.18181818181818118,0.8979591836734693,-74.71132365232596,3.57506878484711e-33
35.91836734693877,0.0073652847875129,-4.910977562128371,0.19191919191919102,0.8979591836734693,-74.74061780685487,3.471859265854987e-33
35.91836734693877,0.0081814654169699,-4.80588399808343,0.20202020202020168,0.8979591836734693,-74.7702675580592,3.370430600208245e-33
35.91836734693877,0.0090880907256374,-4.700790434038493,0.21212121212121193,0.8979591836734693,-74.80032805777411,3.270621444456641e-33
35.91836734693877,0.0100951832988382,-4.595696869993551,0.22222222222222263,0.8979591836734693,-74.83085599720336,3.1722847563297705e-33
35.91836734693877,0.0112138763700549,-4.490603305948624,0.23232323232323193,0.8979591836734693,-74.86190968590472,3.0752874694802907e-33
35.91836734693877,0.0124565368968931,-4.385509741903686,0.24242424242424226,0.8979591836734693,-74.89354914455042,2.9795101989895417e-33
35.91836734693877,0.013836902275649,-4.280416177858747,0.2525252525252527,0.8979591836734693,-74.92583620843125,2.8848469848471495e-33
35.91836734693877,0.0153702322058399,-4.175322613813814,0.26262626262626254,0.8979591836734693,-74.95883463829917,2.7912050789109784e-33
35.91836734693877,0.0170734773835322,-4.07022904976888,0.2727272727272725,0.8979591836734693,-74.99261023474962,2.6985047789865496e-33
35.91836734693877,0.0189654668883421,-3.9651354857239447,0.2828282828282826,0.8979591836734693,-75.0272309519297,2.6066793115974606e-33
35.91836734693877,0.0210671163356406,-3.8600419216790063,0.292929292929293,0.8979591836734693,-75.06276700590273,2.515674762764592e-33
35.91836734693877,0.0234016590950486,-3.7549483576340705,0.3030303030303031,0.8979591836734693,-75.09929097250333,2.4254500536408985e-33
35.91836734693877,0.0259949031313031,-3.649854793589135,0.3131313131313132,0.8979591836734693,-75.13687786896763,2.3359769551697484e-33
35.91836734693877,0.0288755163068248,-3.5447612295442013,0.32323232323232315,0.8979591836734693,-75.17560521302057,2.2472401330470677e-33
35.91836734693877,0.0320753432999582,-3.4396676654992664,0.33333333333333315,0.8979591836734693,-75.2155530524449,2.1592372111895357e-33
35.91836734693877,0.0356297576423598,-3.3345741014543298,0.34343434343434337,0.8979591836734693,-75.25680395745027,2.071978838680888e-33
35.91836734693877,0.0395780527672466,-3.229480537409394,0.3535353535353535,0.8979591836734693,-75.29944296741503,1.98548874184844e-33
35.91836734693877,0.0439638763914761,-3.1243869733644574,0.3636363636363637,0.8979591836734693,-75.34355748280666,1.899803739803493e-33
35.91836734693877,0.048835713033475,-3.019293409319523,0.3737373737373737,0.8979591836734693,-75.38923709232567,1.8149736985918244e-33
35.91836734693877,0.0542474200011699,-2.914199845274587,0.3838383838383838,0.8979591836734693,-75.43657332459854,1.7310613962156525e-33
35.91836734693877,0.060258822775172,-2.8091062812296523,0.3939393939393938,0.8979591836734693,-75.4856593131155,1.6481422684233062e-33
35.91836734693877,0.0669363763690749,-2.7040127171847166,0.404040404040404,0.8979591836734693,-75.53658936263336,1.5663040035738984e-33
35.91836734693877,0.0743538999780876,-2.5989191531397813,0.4141414141414141,0.8979591836734693,-75.58945840501671,1.485645954375077e-33
35.91836734693877,0.0825933930374168,-2.493825589094845,0.42424242424242425,0.8979591836734693,-75.64436133256378,1.4062783351951922e-33
35.91836734693877,0.0917459417117808,-2.38873202504991,0.4343434343434343,0.8979591836734693,-75.70139219736815,1.328321176298043e-33
35.91836734693877,0.101912725837141,-2.283638461004973,0.44444444444444453,0.8979591836734693,-75.76064326631841,1.2519030110755257e-33
35.91836734693877,0.113206137446215,-2.1785448969600347,0.4545454545454549,0.8979591836734693,-75.82220392307315,1.1771592794176636e-33
35.91836734693877,0.125751023242877,-2.0734513329151003,0.46464646464646486,0.8979591836734693,-75.88615941089755,1.1042304399430953e-33
35.91836734693877,0.139686064760787,-1.9683577688701692,0.47474747474747453,0.8979591836734693,-75.9525894137483,1.0332597959234023e-33
35.91836734693877,0.155165311463659,-1.8632642048252352,0.48484848484848453,0.8979591836734693,-76.0215664775563,9.643910541921794e-34
35.91836734693877,0.172359883735326,-1.7581706407802946,0.49494949494949514,0.8979591836734693,-76.09315427937035,8.977656526851984e-34
35.91836734693877,0.19145986458586,-1.6530770767353593,0.5050505050505052,0.8979591836734693,-76.16740575892051,8.335199097808064e-34
35.91836734693877,0.212676400986239,-1.5479835126904273,0.5151515151515149,0.8979591836734693,-76.24436113520424,7.717820662605894e-34
35.91836734693877,0.236244038061438,-1.442889948645492,0.5252525252525251,0.8979591836734693,-76.32404583975307,7.126693071840104e-34
35.91836734693877,0.262423311946047,-1.3377963846005527,0.5353535353535355,0.8979591836734693,-76.40646840805884,6.5628486474611184e-34
35.91836734693877,0.291503629965987,-1.2327028205556183,0.5454545454545455,0.8979591836734693,-76.49161838083573,6.027153126685127e-34
35.91836734693877,0.323806469986239,-1.1276092565106834,0.5555555555555556,0.8979591836734693,-76.57946427683736,5.520281663370814e-34
35.91836734693877,0.359688934292802,-1.0225156924657481,0.5656565656565656,0.8979591836734693,-76.66995170815817,5.042698995060921e-34
35.91836734693877,0.399547697296443,-0.9174221284208132,0.5757575757575757,0.8979591836734693,-76.7630017165216,4.594644771838466e-34
35.91836734693877,0.443823390699414,-0.8123285643758777,0.5858585858585857,0.8979591836734693,-76.85850941410344,4.176124852213489e-34
35.91836734693877,0.49300547460239,-0.707235000330941,0.5959595959595959,0.8979591836734693,-76.95634301404007,3.786909108689588e-34
35.91836734693877,0.547637648400869,-0.6021414362860068,0.606060606060606,0.8979591836734693,-77.05634333307887,3.426535967045451e-34
35.91836734693877,0.608323861287565,-0.49704787224107067,0.6161616161616161,0.8979591836734693,-77.15832384114724,3.0943235518536456e-34
35.91836734693877,0.67573498880583,-0.39195430819613525,0.6262626262626262,0.8979591836734693,-77.26207131953994,2.7893869548857957e-34
35.91836734693877,0.750616249262273,-0.2868607441511999,0.6363636363636362,0.8979591836734693,-77.36734717091805,2.5106608136886144e-34
35.91836734693877,0.833795441985706,-0.18176718010626372,0.6464646464646464,0.8979591836734693,-77.47388940082165,2.2569261141175267e-34
35.91836734693877,0.926192098504948,-0.07667361606132911,0.6565656565656565,0.8979591836734693,-77.58141526287052,2.0268399370837317e-34
35.91836734693877,1.02882764781018,0.028419947983610284,0.666666666666667,0.8979591836734693,-77.68962452972686,1.818966771784139e-34
35.91836734693877,1.142836708073,0.1335135120285407,0.6767676767676766,0.8979591836734693,-77.79820332110239,1.6318100203966306e-34
35.91836734693877,1.2694796296533,0.23860707607348014,0.686868686868687,0.8979591836734693,-77.90682839078214,1.4638424168989273e-34
35.91836734693877,1.41015642805352,0.3437006401184105,0.6969696969696967,0.8979591836734693,-78.01517174906235,1.3135342599310542e-34
35.91836734693877,1.56642226084696,0.44879420416335164,0.7070707070707073,0.8979591836734693,-78.12290547726833,1.179378594019339e-34
35.91836734693877,1.74000461967455,0.5538877682082868,0.7171717171717173,0.8979591836734693,-78.22970657884436,1.0599127389109146e-34
35.91836734693877,1.93282242736499,0.6589813322532224,0.7272727272727274,0.8979591836734693,-78.33526170802084,9.537358370704363e-35
35.91836734693877,2.14700725129329,0.7640748962981553,0.7373737373737373,0.8979591836734693,-78.43927162264775,8.595223415394792e-35
35.91836734693877,2.38492686748792,0.8691684603430914,0.7474747474747475,0.8979591836734693,-78.54145522203429,7.760315827269367e-35
35.91836734693877,2.64921143598352,0.9742620243880249,0.7575757575757573,0.8979591836734693,-78.6415530523988,7.021137222276241e-35
35.91836734693877,2.94278257678333,1.0793555884329629,0.7676767676767676,0.8979591836734693,-78.73933019003938,6.367125200119176e-35
35.91836734693877,3.26888566786082,1.184449152477898,0.7777777777777777,0.8979591836734693,-78.83457844340391,5.788654096112169e-35
35.91836734693877,3.63112572224959,1.289542716522833,0.7878787878787878,0.8979591836734693,-78.92711784752024,5.277013999096577e-35
35.91836734693877,4.0335072408363,1.3946362805677694,0.797979797979798,0.8979591836734693,-79.01679745547602,4.824373102060345e-35
35.91836734693877,4.48047848142245,1.4997298446127043,0.808080808080808,0.8979591836734693,-79.10349545983489,4.4237280683368614e-35
35.91836734693877,4.97698063344183,1.6048234086576407,0.8181818181818182,0.8979591836734693,-79.18711870052381,4.0688465415689084e-35
35.91836734693877,5.52850244195146,1.7099169727025751,0.8282828282828283,0.8979591836734693,-79.26760163384245,3.7542052847869945e-35
35.91836734693877,6.14114088475497,1.8150105367475111,0.8383838383838383,0.8979591836734693,-79.34490484940595,3.4749267699035207e-35
35.91836734693877,6.8216685734332,1.9201041007924453,0.8484848484848483,0.8979591836734693,-79.41901322812927,3.2267164030253424e-35
35.91836734693877,7.57760862338904,2.0251976648373815,0.8585858585858586,0.8979591836734693,-79.48993383529728,3.005801995781115e-35
35.91836734693877,8.41731782058148,2.1302912288823177,0.8686868686868686,0.8979591836734693,-79.55769363915368,2.808876596362642e-35
35.91836734693877,9.35007900434302,2.2353847929272526,0.8787878787878787,0.8979591836734693,-79.62233713826426,2.633045382813784e-35
35.91836734693877,10.3862036875563,2.3404783569721936,0.8888888888888893,0.8979591836734693,-79.68392397120833,2.475776993655416e-35
35.91836734693877,11.5371460486378,2.445571921017128,0.8989898989898993,0.8979591836734693,-79.7425265709349,2.3348594202701874e-35
35.91836734693877,12.8156295554912,2.550665485062058,0.909090909090909,0.8979591836734693,-79.7982279142769,2.2083604017266453e-35
35.91836734693877,14.2357876212352,2.6557590491069942,0.919191919191919,0.8979591836734693,-79.85111940539629,2.0945921348722015e-35
35.91836734693877,15.8133198466305,2.7608526131519304,0.9292929292929293,0.8979591836734693,-79.90129892090089,1.9920800296663627e-35
35.91836734693877,17.5656655764397,2.865946177196865,0.9393939393939392,0.8979591836734693,-79.94886903443039,1.899535191822405e-35
35.91836734693877,19.5121966883548,2.9710397412417997,0.9494949494949493,0.8979591836734693,-79.99393542989476,1.8158302931375324e-35
35.91836734693877,21.6744317457404,3.0761333052867346,0.9595959595959593,0.8979591836734693,-80.03660550536777,1.7399784871164447e-35
35.91836734693877,24.0762738816144,3.1812268693316703,0.9696969696969694,0.8979591836734693,-80.07698716389451,1.6711150377449034e-35
35.91836734693877,26.744275043632,3.2863204333766105,0.97979797979798,0.8979591836734693,-80.1151877830854,1.6084813479570258e-35
35.91836734693877,29.707929521255,3.3914139974215445,0.98989898989899,0.8979591836734693,-80.15131335220966,1.5514110979909349e-35
35.91836734693877,33.0,3.4965075614664802,1.0,0.8979591836734693,-80.18546776341273,1.499318229889846e-35
36.734693877551024,0.001,-6.907755278982137,0.0,0.9183673469387756,-74.23009789510849,5.784663398283683e-33
36.734693877551024,0.001110814537795,-6.802661714937222,0.010101010101008117,0.9183673469387756,-74.25917830790435,5.618865419645245e-33
36.734693877551024,0.0012339089373767,-6.697568150892323,0.020202020202014698,0.9183673469387756,-74.28796806136812,5.459406080829559e-33
36.734693877551024,0.0013706439859533,-6.592474586847349,0.030303030303028534,0.9183673469387756,-74.31648654786817,5.3059112059992e-33
36.734693877551024,0.0015225312657382,-6.487381022802441,0.04040404040403597,0.9183673469387756,-74.3447559488934,5.158016569848673e-33
36.734693877551024,0.0016912498642295,-6.382287458757476,0.05050505050504887,0.9183673469387756,-74.37280108677946,5.015368920028716e-33
36.734693877551024,0.00187866493623,-6.277193894712534,0.06060606060605963,0.9183673469387756,-74.40064926918825,4.877626846402759e-33
36.734693877551024,0.00208684832281,-6.172100330667619,0.07070707070706775,0.9183673469387756,-74.42833013069627,4.744461501743909e-33
36.734693877551024,0.0023181014551505,-6.067006766622687,0.08080808080807748,0.9183673469387756,-74.45587547566363,4.615557180361227e-33
36.734693877551024,0.002574980796465,-5.961913202577741,0.0909090909090886,0.9183673469387756,-74.48331912627627,4.490611762743669e-33
36.734693877551024,0.0028603261032564,-5.856819638532781,0.10101010101010106,0.9183673469387756,-74.51069677929483,4.369337035646755e-33
36.734693877551024,0.0031772918183317,-5.751726074487876,0.11111111111110823,0.9183673469387756,-74.53804587462334,4.2514588981271465e-33
36.734693877551024,0.0035293819426201,-5.646632510442922,0.1212121212121201,0.9183673469387756,-74.56540547834693,4.136717464865359e-33
36.734693877551024,0.0039204887712936,-5.541538946397998,0.13131313131312908,0.9183673469387756,-74.59281618239798,4.0248670787232096e-33
36.734693877551024,0.0043549359224151,-5.436445382353058,0.14141414141413966,0.9183673469387756,-74.62032002250932,3.9156762448710814e-33
36.734693877551024,0.0048375261337845,-5.331351818308116,0.15151515151515035,0.9183673469387756,-74.6479604156153,3.808927499009839e-33
36.734693877551024,0.0053735943563712,-5.2262582542631755,0.16161616161616094,0.9183673469387756,-74.67578211737626,3.704417222215242e-33
36.734693877551024,0.0059690667312704,-5.121164690218244,0.17171717171717069,0.9183673469387756,-74.70383120003818,3.6019554147615864e-33
36.734693877551024,0.0066305261021638,-5.016071126173304,0.18181818181818118,0.9183673469387756,-74.73215505040162,3.501365440950579e-33
36.734693877551024,0.0073652847875129,-4.910977562128371,0.19191919191919102,0.9183673469387756,-74.76080238726324,3.4024837564928285e-33
36.734693877551024,0.0081814654169699,-4.80588399808343,0.20202020202020168,0.9183673469387756,-74.78982329731299,3.305159629362465e-33
36.734693877551024,0.0090880907256374,-4.700790434038493,0.21212121212121193,0.9183673469387756,-74.81926928811141,3.209254864293419e-33
36.734693877551024,0.0100951832988382,-4.595696869993551,0.22222222222222263,0.9183673469387756,-74.84919335643706,3.114643540192712e-33
36.734693877551024,0.0112138763700549,-4.490603305948624,0.23232323232323193,0.9183673469387756,-74.87965006997182,3.0212117687284672e-33
36.734693877551024,0.0124565368968931,-4.385509741903686,0.24242424242424226,0.9183673469387756,-74.91069565997802,2.928857481197549e-33
36.734693877551024,0.013836902275649,-4.280416177858747,0.2525252525252527,0.9183673469387756,-74.94238812230553,2.837490249488422e-33
36.734693877551024,0.0153702322058399,-4.175322613813814,0.26262626262626254,0.9183673469387756,-74.9747873237425,2.747031145519353e-33
36.734693877551024,0.0170734773835322,-4.07022904976888,0.2727272727272725,0.9183673469387756,-75.00795511037975,2.6574126419427205e-33
36.734693877551024,0.0189654668883421,-3.9651354857239447,0.2828282828282826,0.9183673469387756,-75.04195541428827,2.5685785551522984e-33
36.734693877551024,0.0210671163356406,-3.8600419216790063,0.292929292929293,0.9183673469387756,-75.0768543544042,2.4804840297002658e-33
36.734693877551024,0.0234016590950486,-3.7549483576340705,0.3030303030303031,0.9183673469387756,-75.11272032706952,2.3930955611169368e-33
36.734693877551024,0.0259949031313031,-3.649854793589135,0.3131313131313132,0.9183673469387756,-75.14962408118357,2.306391051826255e-33
36.734693877551024,0.0288755163068248,-3.5447612295442013,0.32323232323232315,0.9183673469387756,-75.18763877237957,2.2203598923668256e-33
36.734693877551024,0.0320753432999582,-3.4396676654992664,0.33333333333333315,0.9183673469387756,-75.2268399900503,2.1350030574772447e-33
36.734693877551024,0.0356297576423598,-3.3345741014543298,0.34343434343434337,0.9183673469387756,-75.26730575041348,2.0503332038176795e-33
36.734693877551024,0.0395780527672466,-3.229480537409394,0.3535353535353535,0.9183673469387756,-75.30911644813834,1.9663747532290683e-33
36.734693877551024,0.0439638763914761,-3.1243869733644574,0.3636363636363637,0.9183673469387756,-75.35235475836637,1.8831639425514465e-33
36.734693877551024,0.048835713033475,-3.019293409319523,0.3737373737373737,0.9183673469387756,-75.39710548027303,1.8007488182458577e-33
36.734693877551024,0.0542474200011699,-2.914199845274587,0.3838383838383838,0.9183673469387756,-75.44345531266356,1.719189151527703e-33
36.734693877551024,0.060258822775172,-2.8091062812296523,0.3939393939393938,0.9183673469387756,-75.49149255151798,1.638556247604465e-33
36.734693877551024,0.0669363763690749,-2.7040127171847166,0.404040404040404,0.9183673469387756,-75.54130669894603,1.55893262113596e-33
36.734693877551024,0.0743538999780876,-2.5989191531397813,0.4141414141414141,0.9183673469387756,-75.59298797275193,1.4804115094466884e-33
36.734693877551024,0.0825933930374168,-2.493825589094845,0.42424242424242425,0.9183673469387756,-75.64662670581383,1.4030961956003407e-33
36.734693877551024,0.0917459417117808,-2.38873202504991,0.4343434343434343,0.9183673469387756,-75.70231262484755,1.3270991154813638e-33
36.734693877551024,0.101912725837141,-2.283638461004973,0.44444444444444453,0.9183673469387756,-75.76013399895108,1.2525407267962546e-33
36.734693877551024,0.113206137446215,-2.1785448969600347,0.4545454545454549,0.9183673469387756,-75.8201766497241,1.179548123654387e-33
36.734693877551024,0.125751023242877,-2.0734513329151003,0.46464646464646486,0.9183673469387756,-75.88252281684994,1.108253388269585e-33
36.734693877551024,0.139686064760787,-1.9683577688701692,0.47474747474747453,0.9183673469387756,-75.94724987592203,1.0387916814008439e-33
36.734693877551024,0.155165311463659,-1.8632642048252352,0.48484848484848453,0.9183673469387756,-76.01442890910805,9.712990852974132e-34
36.734693877551024,0.172359883735326,-1.7581706407802946,0.49494949494949514,0.9183673469387756,-76.08412313404727,9.05910226820013e-34
36.734693877551024,0.19145986458586,-1.6530770767353593,0.5050505050505052,0.9183673469387756,-76.15638620221705,8.427557235176521e-34
36.734693877551024,0.212676400986239,-1.5479835126904273,0.5151515151515149,0.9183673469387756,-76.23126038487243,7.81959510939925e-34
36.734693877551024,0.236244038061438,-1.442889948645492,0.5252525252525251,0.9183673469387756,-76.30877467246607,7.236361243150338e-34
36.734693877551024,0.262423311946047,-1.3377963846005527,0.5353535353535355,0.9183673469387756,-76.38894282201767,6.678880206773329e-34
36.734693877551024,0.291503629965987,-1.2327028205556183,0.5454545454545455,0.9183673469387756,-76.47176139592537,6.148030372399011e-34
36.734693877551024,0.323806469986239,-1.1276092565106834,0.5555555555555556,0.9183673469387756,-76.55720784478046,5.644520869435021e-34
36.734693877551024,0.359688934292802,-1.0225156924657481,0.5656565656565656,0.9183673469387756,-76.64523869531763,5.168871915142023e-34
36.734693877551024,0.399547697296443,-0.9174221284208132,0.5757575757575757,0.9183673469387756,-76.73578791204565,4.7213994521526e-34
36.734693877551024,0.443823390699414,-0.8123285643758777,0.5858585858585857,0.9183673469387756,-76.82876550660926,4.302204884801252e-34
36.734693877551024,0.49300547460239,-0.707235000330941,0.5959595959595959,0.9183673469387756,-76.92405647173707,3.911170500973262e-34
36.734693877551024,0.547637648400869,-0.6021414362860068,0.606060606060606,0.9183673469387756,-77.02152011595787,3.5479609061954394e-34
36.734693877551024,0.608323861287565,-0.49704787224107067,0.6161616161616161,0.9183673469387756,-77.12098987044901,3.2120304989328595e-34
36.734693877551024,0.67573498880583,-0.39195430819613525,0.6262626262626262,0.9183673469387756,-77.22227362993253,2.9026367030601616e-34
36.734693877551024,0.750616249262273,-0.2868607441511999,0.6363636363636362,0.9183673469387756,-77.32515467527149,2.618858370929889e-34
36.734693877551024,0.833795441985706,-0.18176718010626372,0.6464646464646464,0.9183673469387756,-77.42939320652012,2.359618504364044e-34
36.734693877551024,0.926192098504948,-0.07667361606132911,0.6565656565656565,0.9183673469387756,-77.53472849225409,2.123710234299223e-34
36.734693877551024,1.02882764781018,0.028419947983610284,0.666666666666667,0.9183673469387756,-77.64088161510647,1.909824869877602e-34
36.734693877551024,1.142836708073,0.1335135120285407,0.6767676767676766,0.9183673469387756,-77.74755876601729,1.7165807835915727e-34
36.734693877551024,1.2694796296533,0.23860707607348014,0.686868686868687,0.9183673469387756,-77.8544550125491,1.5425519406302265e-34
36.734693877551024,1.41015642805352,0.3437006401184105,0.6969696969696967,0.9183673469387756,-77.96125844166895,1.3862949990238403e-34
36.734693877551024,1.56642226084696,0.44879420416335164,0.7070707070707073,0.9183673469387756,-78.06765455658419,1.246374086465473e-34
36.734693877551024,1.74000461967455,0.5538877682082868,0.7171717171717173,0.9183673469387756,-78.17333079225226,1.1213825790044952e-34
36.734693877551024,1.93282242736499,0.6589813322532224,0.7272727272727274,0.9183673469387756,-78.27798100636805,1.009961443558056e-34
36.734693877551024,2.14700725129329,0.7640748962981553,0.7373737373737373,0.9183673469387756,-78.3813098026945,9.108139388947746e-35
36.734693877551024,2.38492686748792,0.8691684603430914,0.7474747474747475,0.9183673469387756,-78.4830365516135,8.227166804044485e-35
36.734693877551024,2.64921143598352,0.9742620243880249,0.7575757575757573,0.9183673469387756,-78.58289898813003,7.445272495899814e-35
36.734693877551024,2.94278257678333,1.0793555884329629,0.7676767676767676,0.9183673469387756,-78.6806562890442,6.751886624431592e-35
36.734693877551024,3.26888566786082,1.184449152477898,0.7777777777777777,0.9183673469387756,-78.7760915569247,6.137310997040397e-35
36.734693877551024,3.63112572224959,1.289542716522833,0.7878787878787878,0.9183673469387756,-78.86901366690289,5.592713489410252e-35
36.734693877551024,4.0335072408363,1.3946362805677694,0.797979797979798,0.9183673469387756,-78.95925846111072,5.1101041912297e-35
36.734693877551024,4.48047848142245,1.4997298446127043,0.808080808080808,0.9183673469387756,-79.04668930289465,4.682297704266118e-35
36.734693877551024,4.97698063344183,1.6048234086576407,0.8181818181818182,0.9183673469387756,-79.13119702713585,4.3028656357561624e-35
36.734693877551024,5.52850244195146,1.7099169727025751,0.8282828282828283,0.9183673469387756,-79.21269934289525,3.9660828180785185e-35
36.734693877551024,6.14114088475497,1.8150105367475111,0.8383838383838383,0.9183673469387756,-79.29113975945964,3.666870213389071e-35
36.734693877551024,6.8216685734332,1.9201041007924453,0.8484848484848483,0.9183673469387756,-79.36648611644198,3.400736882714361e-35
36.734693877551024,7.57760862338904,2.0251976648373815,0.8585858585858586,0.9183673469387756,-79.43872880305912,3.1637228515198794e-35
36.734693877551024,8.41731782058148,2.1302912288823177,0.8686868686868686,0.9183673469387756,-79.50787875158817,2.952344212831901e-35
36.734693877551024,9.35007900434302,2.2353847929272526,0.8787878787878787,0.9183673469387756,-79.57396528603333,2.763541387776725e-35
36.734693877551024,10.3862036875563,2.3404783569721936,0.8888888888888893,0.9183673469387756,-79.63703390009543,2.594631116034476e-35
36.734693877551024,11.5371460486378,2.445571921017128,0.8989898989898993,0.9183673469387756,-79.69714402953603,2.443262472868915e-35
36.734693877551024,12.8156295554912,2.550665485062058,0.909090909090909,0.9183673469387756,-79.75436687382849,2.3073769986871254e-35
36.734693877551024,14.2357876212352,2.6557590491069942,0.919191919191919,0.9183673469387756,-79.80878331135293,2.185172872875416e-35
36.734693877551024,15.8133198466305,2.7608526131519304,0.9292929292929293,0.9183673469387756,-79.86048194194474,2.0750729565482457e-35
36.734693877551024,17.5656655764397,2.865946177196865,0.9393939393939392,0.9183673469387756,-79.90955728082525,1.9756964596063095e-35
36.734693877551024,19.5121966883548,2.9710397412417997,0.9494949494949493,0.9183673469387756,-79.95610811915674,1.885833947695342e-35
36.734693877551024,21.6744317457404,3.0761333052867346,0.9595959595959593,0.9183673469387756,-80.00023605886754,1.8044253869533393e-35
36.734693877551024,24.0762738816144,3.1812268693316703,0.9696969696969694,0.9183673469387756,-80.04204422307068,1.730540922703529e-35
36.734693877551024,26.744275043632,3.2863204333766105,0.97979797979798,0.9183673469387756,-80.08163613834292,1.6633640975555955e-35
36.734693877551024,29.707929521255,3.3914139974215445,0.98989898989899,0.9183673469387756,-80.11911478127,1.6021772308533317e-35
36.734693877551024,33.0,3.4965075614664802,1.0,0.9183673469387756,-80.15458177888303,1.5463487021183794e-35
37.55102040816327,0.001,-6.907755278982137,0.0,0.9387755102040817,-74.2652588848355,5.5848031403001305e-33
37.55102040816327,0.001110814537795,-6.802661714937222,0.010101010101008117,0.9387755102040817,-74.29307536617823,5.431594311937904e-33
37.55102040816327,0.0012339089373767,-6.697568150892323,0.020202020202014698,0.9387755102040817,-74.32064885579751,5.28387226795569e-33
37.55102040816327,0.0013706439859533,-6.592474586847349,0.030303030303028534,0.9387755102040817,-74.34799919046984,5.1413149743516215e-33
37.55102040816327,0.0015225312657382,-6.487381022802441,0.04040404040403597,0.9387755102040817,-74.37514858559886,5.003609155826791e-33
37.55102040816327,0.0016912498642295,-6.382287458757476,0.05050505050504887,0.9387755102040817,-74.40212150483042,4.870451113791045e-33
37.55102040816327,0.00187866493623,-6.277193894712534,0.06060606060605963,0.9387755102040817,-74.42894452644217,4.741547420072016e-33
37.55102040816327,0.00208684832281,-6.172100330667619,0.07070707070706775,0.9387755102040817,-74.45564621000557,4.6166154904279546e-33
37.55102040816327,0.0023181014551505,-6.067006766622687,0.08080808080807748,0.9387755102040817,-74.48225696661771,4.495384043413644e-33
37.55102040816327,0.002574980796465,-5.961913202577741,0.0909090909090886,0.9387755102040817,-74.5088089357336,4.377593451394898e-33
37.55102040816327,0.0028603261032564,-5.856819638532781,0.10101010101010106,0.9387755102040817,-74.53533587130951,4.262995991549541e-33
37.55102040816327,0.0031772918183317,-5.751726074487876,0.11111111111110823,0.9387755102040817,-74.5618730396073,4.151356005545441e-33
37.55102040816327,0.0035293819426201,-5.646632510442922,0.1212121212121201,0.9387755102040817,-74.58845713062227,4.0424499772506984e-33
37.55102040816327,0.0039204887712936,-5.541538946397998,0.13131313131312908,0.9387755102040817,-74.61512618469719,3.9360665383130126e-33
37.55102040816327,0.0043549359224151,-5.436445382353058,0.14141414141413966,0.9387755102040817,-74.64191953547969,3.8320064117660355e-33
37.55102040816327,0.0048375261337845,-5.331351818308116,0.15151515151515035,0.9387755102040817,-74.66887776998341,3.7300823039711326e-33
37.55102040816327,0.0053735943563712,-5.2262582542631755,0.16161616161616094,0.9387755102040817,-74.69604270612712,3.630118755213156e-33
37.55102040816327,0.0059690667312704,-5.121164690218244,0.17171717171717069,0.9387755102040817,-74.72345738775802,3.531951959135658e-33
37.55102040816327,0.0066305261021638,-5.016071126173304,0.18181818181818118,0.9387755102040817,-74.75116609682027,3.4354295609281e-33
37.55102040816327,0.0073652847875129,-4.910977562128371,0.19191919191919102,0.9387755102040817,-74.7792143820017,3.3404104437932035e-33
37.55102040816327,0.0081814654169699,-4.80588399808343,0.20202020202020168,0.9387755102040817,-74.80764910288731,3.2467645127066704e-33
37.55102040816327,0.0090880907256374,-4.700790434038493,0.21212121212121193,0.9387755102040817,-74.83651848835957,3.1543724838555695e-33
37.55102040816327,0.0100951832988382,-4.595696869993551,0.22222222222222263,0.9387755102040817,-74.8658722077092,3.0631256874040157e-33
37.55102040816327,0.0112138763700549,-4.490603305948624,0.23232323232323193,0.9387755102040817,-74.89576145265319,2.9729258903791448e-33
37.55102040816327,0.0124565368968931,-4.385509741903686,0.24242424242424226,0.9387755102040817,-74.92623902819061,2.8836851455005607e-33
37.55102040816327,0.013836902275649,-4.280416177858747,0.2525252525252527,0.9387755102040817,-74.95735944995394,2.7953256706897415e-33
37.55102040816327,0.0153702322058399,-4.175322613813814,0.26262626262626254,0.9387755102040817,-74.98917904543192,2.7077797627710216e-33
37.55102040816327,0.0170734773835322,-4.07022904976888,0.2727272727272725,0.9387755102040817,-75.02175605613398,2.6209897475284147e-33
37.55102040816327,0.0189654668883421,-3.9651354857239447,0.2828282828282826,0.9387755102040817,-75.0551507374388,2.5349079667758474e-33
37.55102040816327,0.0210671163356406,-3.8600419216790063,0.292929292929293,0.9387755102040817,-75.08942545250552,2.449496801448643e-33
37.55102040816327,0.0234016590950486,-3.7549483576340705,0.3030303030303031,0.9387755102040817,-75.12464475622734,2.3647287279043437e-33
37.55102040816327,0.0259949031313031,-3.649854793589135,0.3131313131313132,0.9387755102040817,-75.1608754647638,2.28058640264398e-33
37.55102040816327,0.0288755163068248,-3.5447612295442013,0.32323232323232315,0.9387755102040817,-75.1981867057046,2.1970627685197003e-33
37.55102040816327,0.0320753432999582,-3.4396676654992664,0.33333333333333315,0.9387755102040817,-75.23664994338718,2.1141611732086325e-33
37.55102040816327,0.0356297576423598,-3.3345741014543298,0.34343434343434337,0.9387755102040817,-75.27633897332387,2.0318954883189873e-33
37.55102040816327,0.0395780527672466,-3.229480537409394,0.3535353535353535,0.9387755102040817,-75.31732987909412,1.9502902150047296e-33
37.55102040816327,0.0439638763914761,-3.1243869733644574,0.3636363636363637,0.9387755102040817,-75.35970094443901,1.8693805594592653e-33
37.55102040816327,0.048835713033475,-3.019293409319523,0.3737373737373737,0.9387755102040817,-75.40353251267665,1.7892124592275834e-33
37.55102040816327,0.0542474200011699,-2.914199845274587,0.3838383838383838,0.9387755102040817,-75.44890678496417,1.709842539035502e-33
37.55102040816327,0.060258822775172,-2.8091062812296523,0.3939393939393938,0.9387755102040817,-75.49590754839849,1.6313379729378134e-33
37.55102040816327,0.0669363763690749,-2.7040127171847166,0.404040404040404,0.9387755102040817,-75.54461982451899,1.5537762282077166e-33
37.55102040816327,0.0743538999780876,-2.5989191531397813,0.4141414141414141,0.9387755102040817,-75.59512942850253,1.4772446657445707e-33
37.55102040816327,0.0825933930374168,-2.493825589094845,0.42424242424242425,0.9387755102040817,-75.6475224292933,1.4018399720924184e-33
37.55102040816327,0.0917459417117808,-2.38873202504991,0.4343434343434343,0.9387755102040817,-75.7018845011584,1.3276673996898337e-33
37.55102040816327,0.101912725837141,-2.283638461004973,0.44444444444444453,0.9387755102040817,-75.75830015779847,1.2548397949449482e-33
37.55102040816327,0.113206137446215,-2.1785448969600347,0.4545454545454549,0.9387755102040817,-75.81685186125988,1.1834763983714785e-33
37.55102040816327,0.125751023242877,-2.0734513329151003,0.46464646464646486,0.9387755102040817,-75.87761899959733,1.1137014074829871e-33
37.55102040816327,0.139686064760787,-1.9683577688701692,0.47474747474747453,0.9387755102040817,-75.94067672962238,1.0456423014958246e-33
37.55102040816327,0.155165311463659,-1.8632642048252352,0.48484848484848453,0.9387755102040817,-76.00609468424013,9.794279370756306e-34
37.55102040816327,0.172359883735326,-1.7581706407802946,0.49494949494949514,0.9387755102040817,-76.07393554789925,9.151864361600502e-34
37.55102040816327,0.19145986458586,-1.6530770767353593,0.5050505050505052,0.9387755102040817,-76.14425350861352,8.530428998821675e-34
37.55102040816327,0.212676400986239,-1.5479835126904273,0.5151515151515149,0.9387755102040817,-76.2170926008554,7.931169961889901e-34
37.55102040816327,0.236244038061438,-1.442889948645492,0.5252525252525251,0.9387755102040817,-76.29248496032908,7.3552048205897306e-34
37.55102040816327,0.262423311946047,-1.3377963846005527,0.5353535353535355,0.9387755102040817,-76.37044901906522,6.803547332682634e-34
37.55102040816327,0.291503629965987,-1.2327028205556183,0.5454545454545455,0.9387755102040817,-76.45098767722844,6.277083643049332e-34
37.55102040816327,0.323806469986239,-1.1276092565106834,0.5555555555555556,0.9387755102040817,-76.53408649616566,5.7765502713130814e-34
37.55102040816327,0.359688934292802,-1.0225156924657481,0.5656565656565656,0.9387755102040817,-76.61971196511684,5.30251478988098e-34
37.55102040816327,0.399547697296443,-0.9174221284208132,0.5757575757575757,0.9387755102040817,-76.70780990112519,4.855360054951149e-34
37.55102040816327,0.443823390699414,-0.8123285643758777,0.5858585858585857,0.9387755102040817,-76.79830404739569,4.435272754856766e-34
37.55102040816327,0.49300547460239,-0.707235000330941,0.5959595959595959,0.9387755102040817,-76.89109493897821,4.042236883653913e-34
37.55102040816327,0.547637648400869,-0.6021414362860068,0.606060606060606,0.9387755102040817,-76.98605910550619,3.676032539353194e-34
37.55102040816327,0.608323861287565,-0.49704787224107067,0.6161616161616161,0.9387755102040817,-77.08304867816823,3.336240197754024e-34
37.55102040816327,0.67573498880583,-0.39195430819613525,0.6262626262626262,0.9387755102040817,-77.18189146162257,3.0222503417409962e-34
37.55102040816327,0.750616249262273,-0.2868607441511999,0.6363636363636362,0.9387755102040817,-77.28239152089141,2.733278053056743e-34
37.55102040816327,0.833795441985706,-0.18176718010626372,0.6464646464646464,0.9387755102040817,-77.38433031838272,2.468381921381321e-34
37.55102040816327,0.926192098504948,-0.07667361606132911,0.6565656565656565,0.9387755102040817,-77.487468417422,2.2264864152653027e-34
37.55102040816327,1.02882764781018,0.028419947983610284,0.666666666666667,0.9387755102040817,-77.59154774675537,2.0064067085816073e-34
37.55102040816327,1.142836708073,0.1335135120285407,0.6767676767676766,0.9387755102040817,-77.69629439649654,1.8068748762517238e-34
37.55102040816327,1.2694796296533,0.23860707607348014,0.686868686868687,0.9387755102040817,-77.80142189134823,1.6265663682761409e-34
37.55102040816327,1.41015642805352,0.3437006401184105,0.6969696969696967,0.9387755102040817,-77.90663486326277,1.4641257381049616e-34
37.55102040816327,1.56642226084696,0.44879420416335164,0.7070707070707073,0.9387755102040817,-78.01163302472908,1.3181907297014485e-34
37.55102040816327,1.74000461967455,0.5538877682082868,0.7171717171717173,0.9387755102040817,-78.1161153272093,1.1874140015872832e-34
37.55102040816327,1.93282242736499,0.6589813322532224,0.7272727272727274,0.9387755102040817,-78.21978417826388,1.0704819670292298e-34
37.55102040816327,2.14700725129329,0.7640748962981553,0.7373737373737373,0.9387755102040817,-78.32234958655168,9.661304381406463e-35
37.55102040816327,2.38492686748792,0.8691684603430914,0.7474747474747475,0.9387755102040817,-78.42353310659755,8.731569606016751e-35
37.55102040816327,2.64921143598352,0.9742620243880249,0.7575757575757573,0.9387755102040817,-78.5230714648266,7.904299010177262e-35
37.55102040816327,2.94278257678333,1.0793555884329629,0.7676767676767676,0.9387755102040817,-78.62071976414522,7.168944912007236e-35
37.55102040816327,3.26888566786082,1.184449152477898,0.7777777777777777,0.9387755102040817,-78.71625418508769,6.51576138169938e-35
37.55102040816327,3.63112572224959,1.289542716522833,0.7878787878787878,0.9387755102040817,-78.80947412566879,5.935813750579876e-35
37.55102040816327,4.0335072408363,1.3946362805677694,0.797979797979798,0.9387755102040817,-78.90020374782672,5.420968594539437e-35
37.55102040816327,4.48047848142245,1.4997298446127043,0.808080808080808,0.9387755102040817,-78.98829292393896,4.963868274612809e-35
37.55102040816327,4.97698063344183,1.6048234086576407,0.8181818181818182,0.9387755102040817,-79.07361760073377,4.55789390573688e-35
37.55102040816327,5.52850244195146,1.7099169727025751,0.8282828282828283,0.9387755102040817,-79.15607961868665,4.1971202531321556e-35
37.55102040816327,6.14114088475497,1.8150105367475111,0.8383838383838383,0.9387755102040817,-79.23560604174028,3.876265588831198e-35
37.55102040816327,6.8216685734332,1.9201041007924453,0.8484848484848483,0.9387755102040817,-79.31214806439367,3.59063903342132e-35
37.55102040816327,7.57760862338904,2.0251976648373815,0.8585858585858586,0.9387755102040817,-79.385679570746,3.3360874028407237e-35
37.55102040816327,8.41731782058148,2.1302912288823177,0.8686868686868686,0.9387755102040817,-79.45619542317516,3.10894310749886e-35
37.55102040816327,9.35007900434302,2.2353847929272526,0.8787878787878787,0.9387755102040817,-79.5237095574813,2.9059742301776466e-35
37.55102040816327,10.3862036875563,2.3404783569721936,0.8888888888888893,0.9387755102040817,-79.58825295721219,2.7243375498241425e-35
37.55102040816327,11.5371460486378,2.445571921017128,0.8989898989898993,0.9387755102040817,-79.64987157328447,2.5615349829261666e-35
37.55102040816327,12.8156295554912,2.550665485062058,0.909090909090909,0.9387755102040817,-79.70862424671857,2.415373680046231e-35
37.55102040816327,14.2357876212352,2.6557590491069942,0.919191919191919,0.9387755102040817,-79.76458068305384,2.2839298364698128e-35
37.55102040816327,15.8133198466305,2.7608526131519304,0.9292929292929293,0.9387755102040817,-79.81781951745721,2.1655161452959123e-35
37.55102040816327,17.5656655764397,2.865946177196865,0.9393939393939392,0.9387755102040817,-79.8684265002132,2.0586527306193063e-35
37.55102040816327,19.5121966883548,2.9710397412417997,0.9494949494949493,0.9387755102040817,-79.91649282358492,1.9620413399001225e-35
37.55102040816327,21.6744317457404,3.0761333052867346,0.9595959595959593,0.9387755102040817,-79.96211360324214,1.8745425410523373e-35
37.55102040816327,24.0762738816144,3.1812268693316703,0.9696969696969694,0.9387755102040817,-80.00538652072338,1.795155655018215e-35
37.55102040816327,26.744275043632,3.2863204333766105,0.97979797979798,0.9387755102040817,-80.04641062779923,1.7230011534568322e-35
37.55102040816327,29.707929521255,3.3914139974215445,0.98989898989899,0.9387755102040817,-80.08528530912672,1.6573052594789313e-35
37.55102040816327,33.0,3.4965075614664802,1.0,0.9387755102040817,-80.12210939615926,1.5973865038339723e-35
38.36734693877551,0.001,-6.907755278982137,0.0,0.9591836734693878,-74.29708920029456,5.4098364887405133e-33
38.36734693877551,0.001110814537795,-6.802661714937222,0.010101010101008117,0.9591836734693878,-74.32378713472879,5.267315995630204e-33
38.36734693877551,0.0012339089373767,-6.697568150892323,0.020202020202014698,0.9591836734693878,-74.35028446554368,5.129579070385895e-33
38.36734693877551,0.0013706439859533,-6.592474586847349,0.030303030303028534,0.9591836734693878,-74.37660107139057,4.9963467601607786e-33
38.36734693877551,0.0015225312657382,-6.487381022802441,0.04040404040403597,0.9591836734693878,-74.40275887270728,4.867347833775838e-33
38.36734693877551,0.0016912498642295,-6.382287458757476,0.05050505050504887,0.9591836734693878,-74.42878171876261,4.7423194432489395e-33
38.36734693877551,0.00187866493623,-6.277193894712534,0.06060606060605963,0.9591836734693878,-74.45469527417606,4.6210076835247746e-33
38.36734693877551,0.00208684832281,-6.172100330667619,0.07070707070706775,0.9591836734693878,-74.48052690771816,4.5031680540417654e-33
38.36734693877551,0.0023181014551505,-6.067006766622687,0.08080808080807748,0.9591836734693878,-74.50630558599745,4.3885658269229853e-33
38.36734693877551,0.002574980796465,-5.961913202577741,0.0909090909090886,0.9591836734693878,-74.53206177440067,4.276976327546543e-33
38.36734693877551,0.0028603261032564,-5.856819638532781,0.10101010101010106,0.9591836734693878,-74.55782734737133,4.168185134088794e-33
38.36734693877551,0.0031772918183317,-5.751726074487876,0.11111111111110823,0.9591836734693878,-74.58363550980826,4.061988203307243e-33
38.36734693877551,0.0035293819426201,-5.646632510442922,0.1212121212121201,0.9591836734693878,-74.6095207310444,3.9581919303640046e-33
38.36734693877551,0.0039204887712936,-5.541538946397998,0.13131313131312908,0.9591836734693878,-74.63551869253861,3.856613150880056e-33
38.36734693877551,0.0043549359224151,-5.436445382353058,0.14141414141413966,0.9591836734693878,-74.66166625008618,3.757079093668011e-33
38.36734693877551,0.0048375261337845,-5.331351818308116,0.15151515151515035,0.9591836734693878,-74.68800141103385,3.659427292716901e-33
38.36734693877551,0.0053735943563712,-5.2262582542631755,0.16161616161616094,0.9591836734693878,-74.71456332667611,3.563505467010456e-33
38.36734693877551,0.0059690667312704,-5.121164690218244,0.17171717171717069,0.9591836734693878,-74.74139229971645,3.46917137664703e-33
38.36734693877551,0.0066305261021638,-5.016071126173304,0.18181818181818118,0.9591836734693878,-74.7685298063977,3.3762926635137015e-33
38.36734693877551,0.0073652847875129,-4.910977562128371,0.19191919191919102,0.9591836734693878,-74.7960185326438,3.284746684440435e-33
38.36734693877551,0.0081814654169699,-4.80588399808343,0.20202020202020168,0.9591836734693878,-74.82390242330709,3.194420344334438e-33
38.36734693877551,0.0090880907256374,-4.700790434038493,0.21212121212121193,0.9591836734693878,-74.85222674337719,3.105209936273747e-33
38.36734693877551,0.0100951832988382,-4.595696869993551,0.22222222222222263,0.9591836734693878,-74.88103814977926,3.0170209949154323e-33
38.36734693877551,0.0112138763700549,-4.490603305948624,0.23232323232323193,0.9591836734693878,-74.91038477216246,2.9297681688554743e-33
38.36734693877551,0.0124565368968931,-4.385509741903686,0.24242424242424226,0.9591836734693878,-74.94031630085108,2.843375116756198e-33
38.36734693877551,0.013836902275649,-4.280416177858747,0.2525252525252527,0.9591836734693878,-74.970884079895,2.7577744311289573e-33
38.36734693877551,0.0153702322058399,-4.175322613813814,0.26262626262626254,0.9591836734693878,-75.00214120290578,2.672907592621888e-33
38.36734693877551,0.0170734773835322,-4.07022904976888,0.2727272727272725,0.9591836734693878,-75.03414260909605,2.588724956501342e-33
38.36734693877551,0.0189654668883421,-3.9651354857239447,0.2828282828282826,0.9591836734693878,-75.06694517664526,2.5051857717297594e-33
38.36734693877551,0.0210671163356406,-3.8600419216790063,0.292929292929293,0.9591836734693878,-75.100607810191,2.4222582316177092e-33
38.36734693877551,0.0234016590950486,-3.7549483576340705,0.3030303030303031,0.9591836734693878,-75.13519151888597,2.339919553465001e-33
38.36734693877551,0.0259949031313031,-3.649854793589135,0.3131313131313132,0.9591836734693878,-75.17075948106582,2.2581560828934012e-33
38.36734693877551,0.0288755163068248,-3.5447612295442013,0.32323232323232315,0.9591836734693878,-75.20737709113672,2.1769634167244822e-33
38.36734693877551,0.0320753432999582,-3.4396676654992664,0.33333333333333315,0.9591836734693878,-75.24511198381948,2.0963465362725207e-33
38.36734693877551,0.0356297576423598,-3.3345741014543298,0.34343434343434337,0.9591836734693878,-75.28403403037817,2.0163199408286467e-33
38.36734693877551,0.0395780527672466,-3.229480537409394,0.3535353535353535,0.9591836734693878,-75.32421530092329,1.9369077689489188e-33
38.36734693877551,0.0439638763914761,-3.1243869733644574,0.3636363636363637,0.9591836734693878,-75.36572998632583,1.858143892967456e-33
38.36734693877551,0.048835713033475,-3.019293409319523,0.3737373737373737,0.9591836734693878,-75.40865427271883,1.7800719700245375e-33
38.36734693877551,0.0542474200011699,-2.914199845274587,0.3838383838383838,0.9591836734693878,-75.45306616102657,1.702745430910884e-33
38.36734693877551,0.060258822775172,-2.8091062812296523,0.3939393939393938,0.9591836734693878,-75.49904522346957,1.6262273863205564e-33
38.36734693877551,0.0669363763690749,-2.7040127171847166,0.404040404040404,0.9591836734693878,-75.54667228858743,1.5505904288166888e-33
38.36734693877551,0.0743538999780876,-2.5989191531397813,0.4141414141414141,0.9591836734693878,-75.59602904604567,1.4759163081242534e-33
38.36734693877551,0.0825933930374168,-2.493825589094845,0.42424242424242425,0.9591836734693878,-75.64719756239911,1.402295457472357e-33
38.36734693877551,0.0917459417117808,-2.38873202504991,0.4343434343434343,0.9591836734693878,-75.70025969914236,1.3298263498157718e-33
38.36734693877551,0.101912725837141,-2.283638461004973,0.44444444444444453,0.9591836734693878,-75.75529642485638,1.2586146650867668e-33
38.36734693877551,0.113206137446215,-2.1785448969600347,0.4545454545454549,0.9591836734693878,-75.81238701414429,1.1887722533488464e-33
38.36734693877551,0.125751023242877,-2.0734513329151003,0.46464646464646486,0.9591836734693878,-75.87160812742401,1.1204158839961452e-33
38.36734693877551,0.139686064760787,-1.9683577688701692,0.47474747474747453,0.9591836734693878,-75.93303276760129,1.0536657780433987e-33
38.36734693877551,0.155165311463659,-1.8632642048252352,0.48484848484848453,0.9591836734693878,-75.9967291122669,9.886439290668965e-34
38.36734693877551,0.172359883735326,-1.7581706407802946,0.49494949494949514,0.9591836734693878,-76.06275922342144,9.254722283372143e-34
38.36734693877551,0.19145986458586,-1.6530770767353593,0.5050505050505052,0.9591836734693878,-76.13117764087936,8.642704208306117e-34
38.36734693877551,0.212676400986239,-1.5479835126904273,0.5151515151515149,0.9591836734693878,-76.2020298704647,8.0515393063671e-34
38.36734693877551,0.236244038061438,-1.442889948645492,0.5252525252525251,0.9591836734693878,-76.27535078384982,7.4823160614824655e-34
38.36734693877551,0.262423311946047,-1.3377963846005527,0.5353535353535355,0.9591836734693878,-76.35116295332583,6.936034465024452e-34
38.36734693877551,0.291503629965987,-1.2327028205556183,0.5454545454545455,0.9591836734693878,-76.42947495176124,6.4135838011249565e-34
38.36734693877551,0.323806469986239,-1.1276092565106834,0.5555555555555556,0.9591836734693878,-76.51027965526164,5.915721727887192e-34
38.36734693877551,0.359688934292802,-1.0225156924657481,0.5656565656565656,0.9591836734693878,-76.59355259324632,5.4430554595493515e-34
38.36734693877551,0.399547697296443,-0.9174221284208132,0.5757575757575757,0.9591836734693878,-76.67925039737688,4.996025840164926e-34
38.36734693877551,0.443823390699414,-0.8123285643758777,0.5858585858585857,0.9591836734693878,-76.76730940649352,4.574895035041823e-34
38.36734693877551,0.49300547460239,-0.707235000330941,0.5959595959595959,0.9591836734693878,-76.85764448886027,4.1797384505377e-34
38.36734693877551,0.547637648400869,-0.6021414362860068,0.606060606060606,0.9591836734693878,-76.95014814498559,3.8104413289940388e-34
38.36734693877551,0.608323861287565,-0.49704787224107067,0.6161616161616161,0.9591836734693878,-77.04468995348869,3.4667002617055707e-34
38.36734693877551,0.67573498880583,-0.39195430819613525,0.6262626262626262,0.9591836734693878,-77.1411164184206,3.1480296317024915e-34
38.36734693877551,0.750616249262273,-0.2868607441511999,0.6363636363636362,0.9591836734693878,-77.2392512687678,2.853772756372327e-34
38.36734693877551,0.833795441985706,-0.18176718010626372,0.6464646464646464,0.9591836734693878,-77.33889624942724,2.583117266358657e-34
38.36734693877551,0.926192098504948,-0.07667361606132911,0.6565656565656565,0.9591836734693878,-77.4398324278785,2.335114050719036e-34
38.36734693877551,1.02882764781018,0.028419947983610284,0.666666666666667,0.9591836734693878,-77.54182202254599,2.10869893591595e-34
38.36734693877551,1.142836708073,0.1335135120285407,0.6767676767676766,0.9591836734693878,-77.64461073821911,1.9027161606781385e-34
38.36734693877551,1.2694796296533,0.23860707607348014,0.686868686868687,0.9591836734693878,-77.74793057197037,1.7159426672723654e-34
38.36734693877551,1.41015642805352,0.3437006401184105,0.6969696969696967,0.9591836734693878,-77.85150303110615,1.5471122530008759e-34
38.36734693877551,1.56642226084696,0.44879420416335164,0.7070707070707073,0.9591836734693878,-77.955042684277,1.394938708181395e-34
38.36734693877551,1.74000461967455,0.5538877682082868,0.7171717171717173,0.9591836734693878,-78.05826094944197,1.2581371975101211e-34
38.36734693877551,1.93282242736499,0.6589813322532224,0.7272727272727274,0.9591836734693878,-78.16087000927523,1.1354433058536548e-34
38.36734693877551,2.14700725129329,0.7640748962981553,0.7373737373737373,0.9591836734693878,-78.2625867368915,1.0256293507554294e-34
38.36734693877551,2.38492686748792,0.8691684603430914,0.7474747474747475,0.9591836734693878,-78.3631365131216,9.275177461909711e-35
38.36734693877551,2.64921143598352,0.9742620243880249,0.7575757575757573,0.9591836734693878,-78.46225682118262,8.399913713624745e-35
38.36734693877551,2.94278257678333,1.0793555884329629,0.7676767676767676,0.9591836734693878,-78.55970051514846,7.620010438984853e-35
38.36734693877551,3.26888566786082,1.184449152477898,0.7777777777777777,0.9591836734693878,-78.65523867434726,6.925703119661433e-35
38.36734693877551,3.63112572224959,1.289542716522833,0.7878787878787878,0.9591836734693878,-78.74866297551505,6.307978617024943e-35
38.36734693877551,4.0335072408363,1.3946362805677694,0.797979797979798,0.9591836734693878,-78.83978753678086,5.758578856770439e-35
38.36734693877551,4.48047848142245,1.4997298446127043,0.808080808080808,0.9591836734693878,-78.92845021078459,5.269987781275366e-35
38.36734693877551,4.97698063344183,1.6048234086576407,0.8181818181818182,0.9591836734693878,-79.01451332691873,4.835405184985199e-35
38.36734693877551,5.52850244195146,1.7099169727025751,0.8282828282828283,0.9591836734693878,-79.09786390348548,4.448710822094851e-35
38.36734693877551,6.14114088475497,1.8150105367475111,0.8383838383838383,0.9591836734693878,-79.17841336839665,4.1044218247495787e-35
38.36734693877551,6.8216685734332,1.9201041007924453,0.8484848484848483,0.9591836734693878,-79.25609684117958,3.7976460475350796e-35
38.36734693877551,7.57760862338904,2.0251976648373815,0.8585858585858586,0.9591836734693878,-79.330872039107,3.5240335049792387e-35
38.36734693877551,8.41731782058148,2.1302912288823177,0.8686868686868686,0.9591836734693878,-79.4027178762042,3.27972762761717e-35
38.36734693877551,9.35007900434302,2.2353847929272526,0.8787878787878787,0.9591836734693878,-79.47163282595203,3.061317653011303e-35
38.36734693877551,10.3862036875563,2.3404783569721936,0.8888888888888893,0.9591836734693878,-79.53763311717248,2.8657931058069886e-35
38.36734693877551,11.5371460486378,2.445571921017128,0.8989898989898993,0.9591836734693878,-79.60075082847013,2.6905010126348027e-35
38.36734693877551,12.8156295554912,2.550665485062058,0.909090909090909,0.9591836734693878,-79.66103194039381,2.5331062448052216e-35
38.36734693877551,14.2357876212352,2.6557590491069942,0.919191919191919,0.9591836734693878,-79.71853439686932,2.391555181591221e-35
38.36734693877551,15.8133198466305,2.7608526131519304,0.9292929292929293,0.9591836734693878,-79.77332621907487,2.264042734254095e-35
38.36734693877551,17.5656655764397,2.865946177196865,0.9393939393939392,0.9591836734693878,-79.82548370634616,2.148982659327064e-35
38.36734693877551,19.5121966883548,2.9710397412417997,0.9494949494949493,0.9591836734693878,-79.87508975035543,2.0449810121433258e-35
38.36734693877551,21.6744317457404,3.0761333052867346,0.9595959595959593,0.9591836734693878,-79.92223228105443,1.950812541506059e-35
38.36734693877551,24.0762738816144,3.1812268693316703,0.9696969696969694,0.9591836734693878,-79.96700285593028,1.8653997976986827e-35
38.36734693877551,26.744275043632,3.2863204333766105,0.97979797979798,0.9591836734693878,-80.00949539813539,1.7877947134556812e-35
38.36734693877551,29.707929521255,3.3914139974215445,0.98989898989899,0.9591836734693878,-80.0498050840691,1.7171624166631616e-35
38.36734693877551,33.0,3.4965075614664802,1.0,0.9591836734693878,-80.08802737699672,1.6527670408713908e-35
39.183673469387756,0.001,-6.907755278982137,0.0,0.9795918367346939,-74.32601125130401,5.255613889065881e-33
39.183673469387756,0.001110814537795,-6.802661714937222,0.010101010101008117,0.9795918367346939,-74.35171424543661,5.1222501419976086e-33
39.183673469387756,0.0012339089373767,-6.697568150892323,0.020202020202014698,0.9795918367346939,-74.37725413405833,4.993084897832691e-33
39.183673469387756,0.0013706439859533,-6.592474586847349,0.030303030303028534,0.9795918367346939,-74.40265056089954,4.867875053570144e-33
39.183673469387756,0.0015225312657382,-6.487381022802441,0.04040404040403597,0.9795918367346939,-74.42792493472497,4.746384327964799e-33
39.183673469387756,0.0016912498642295,-6.382287458757476,0.05050505050504887,0.9795918367346939,-74.45310033254991,4.6283838017093246e-33
39.183673469387756,0.00187866493623,-6.277193894712534,0.06060606060605963,0.9795918367346939,-74.4782014041014,4.513652373574909e-33
39.183673469387756,0.00208684832281,-6.172100330667619,0.07070707070706775,0.9795918367346939,-74.50325427977488,4.401977135738406e-33
39.183673469387756,0.0023181014551505,-6.067006766622687,0.08080808080807748,0.9795918367346939,-74.52828648415243,4.293153672439713e-33
39.183673469387756,0.002574980796465,-5.961913202577741,0.0909090909090886,0.9795918367346939,-74.55332685693526,4.1869862868908754e-33
39.183673469387756,0.0028603261032564,-5.856819638532781,0.10101010101010106,0.9795918367346939,-74.57840548290353,4.0832881620240204e-33
39.183673469387756,0.0031772918183317,-5.751726074487876,0.11111111111110823,0.9795918367346939,-74.60355363226039,3.981881461212653e-33
39.183673469387756,0.0035293819426201,-5.646632510442922,0.1212121212121201,0.9795918367346939,-74.6288037124521,3.882597375527414e-33
39.183673469387756,0.0039204887712936,-5.541538946397998,0.13131313131312908,0.9795918367346939,-74.65418923228752,3.785276124408047e-33
39.183673469387756,0.0043549359224151,-5.436445382353058,0.14141414141413966,0.9795918367346939,-74.67974477891521,3.689766916836135e-33
39.183673469387756,0.0048375261337845,-5.331351818308116,0.15151515151515035,0.9795918367346939,-74.70550600795663,3.595927880201279e-33
39.183673469387756,0.0053735943563712,-5.2262582542631755,0.16161616161616094,0.9795918367346939,-74.73150964684534,3.503625964054351e-33
39.183673469387756,0.0059690667312704,-5.121164690218244,0.17171717171717069,0.9795918367346939,-74.75779351118418,3.4127368258493366e-33
39.183673469387756,0.0066305261021638,-5.016071126173304,0.18181818181818118,0.9795918367346939,-74.78439653370624,3.3231447055941674e-33
39.183673469387756,0.0073652847875129,-4.910977562128371,0.19191919191919102,0.9795918367346939,-74.81135880521194,3.2347422960562584e-33
39.183673469387756,0.0081814654169699,-4.80588399808343,0.20202020202020168,0.9795918367346939,-74.83872162664848,3.147430614815538e-33
39.183673469387756,0.0090880907256374,-4.700790434038493,0.21212121212121193,0.9795918367346939,-74.86652757130197,3.061118884013179e-33
39.183673469387756,0.0100951832988382,-4.595696869993551,0.22222222222222263,0.9795918367346939,-74.89482055587779,2.975724423121676e-33
39.183673469387756,0.0112138763700549,-4.490603305948624,0.23232323232323193,0.9795918367346939,-74.9236459190519,2.891172559449681e-33
39.183673469387756,0.0124565368968931,-4.385509741903686,0.24242424242424226,0.9795918367346939,-74.95305050587748,2.807396560397901e-33
39.183673469387756,0.013836902275649,-4.280416177858747,0.2525252525252527,0.9795918367346939,-74.98308275622436,2.7243375906884898e-33
39.183673469387756,0.0153702322058399,-4.175322613813814,0.26262626262626254,0.9795918367346939,-75.01379279520826,2.641944696900908e-33
39.183673469387756,0.0170734773835322,-4.07022904976888,0.2727272727272725,0.9795918367346939,-75.0452325233267,2.5601748206513728e-33
39.183673469387756,0.0189654668883421,-3.9651354857239447,0.2828282828282826,0.9795918367346939,-75.07745570375603,2.4789928406445155e-33
39.183673469387756,0.0210671163356406,-3.8600419216790063,0.292929292929293,0.9795918367346939,-75.1105180439739,2.398371642597495e-33
39.183673469387756,0.0234016590950486,-3.7549483576340705,0.3030303030303031,0.9795918367346939,-75.14447726855023,2.3182922146854098e-33
39.183673469387756,0.0259949031313031,-3.649854793589135,0.3131313131313132,0.9795918367346939,-75.17939317959527,2.238743764676788e-33
39.183673469387756,0.0288755163068248,-3.5447612295442013,0.32323232323232315,0.9795918367346939,-75.21532770096373,2.159723853323993e-33
39.183673469387756,0.0320753432999582,-3.4396676654992664,0.33333333333333315,0.9795918367346939,-75.25234490189135,2.081238536851104e-33
39.183673469387756,0.0356297576423598,-3.3345741014543298,0.34343434343434337,0.9795918367346939,-75.29051099528404,2.0033025095635284e-33
39.183673469387756,0.0395780527672466,-3.229480537409394,0.3535353535353535,0.9795918367346939,-75.32989430539972,1.925939235712209e-33
39.183673469387756,0.0439638763914761,-3.1243869733644574,0.3636363636363637,0.9795918367346939,-75.37056519916332,1.849181057832075e-33
39.183673469387756,0.048835713033475,-3.019293409319523,0.3737373737373737,0.9795918367346939,-75.4125959748539,1.773069266891423e-33
39.183673469387756,0.0542474200011699,-2.914199845274587,0.3838383838383838,0.9795918367346939,-75.456060701413,1.697654117826146e-33
39.183673469387756,0.060258822775172,-2.8091062812296523,0.3939393939393938,0.9795918367346939,-75.50103500117245,1.6229947724854456e-33
39.183673469387756,0.0669363763690749,-2.7040127171847166,0.404040404040404,0.9795918367346939,-75.54759576841666,1.5491591508121877e-33
39.183673469387756,0.0743538999780876,-2.5989191531397813,0.4141414141414141,0.9795918367346939,-75.59582081591714,1.4762236703667309e-33
39.183673469387756,0.0825933930374168,-2.493825589094845,0.42424242424242425,0.9795918367346939,-75.6457884414525,1.4042728542432375e-33
39.183673469387756,0.0917459417117808,-2.38873202504991,0.4343434343434343,0.9795918367346939,-75.69757690640783,1.3333987881984341e-33
39.183673469387756,0.101912725837141,-2.283638461004973,0.44444444444444453,0.9795918367346939,-75.75126381889824,1.2637004095940129e-33
39.183673469387756,0.113206137446215,-2.1785448969600347,0.4545454545454549,0.9795918367346939,-75.80692541454904,1.1952826137141911e-33
39.183673469387756,0.125751023242877,-2.0734513329151003,0.46464646464646486,0.9795918367346939,-75.86463572916755,1.1282551672964054e-33
39.183673469387756,0.139686064760787,-1.9683577688701692,0.47474747474747453,0.9795918367346939,-75.92446565913319,1.06273142479459e-33
39.183673469387756,0.155165311463659,-1.8632642048252352,0.48484848484848453,0.9795918367346939,-75.98648190749266,9.988268499899891e-34
39.183673469387756,0.172359883735326,-1.7581706407802946,0.49494949494949514,0.9795918367346939,-76.05074581653898,9.366573539861046e-34
39.183673469387756,0.19145986458586,-1.6530770767353593,0.5050505050505052,0.9795918367346939,-76.11731209113431,8.763374701530853e-34
39.183673469387756,0.212676400986239,-1.5479835126904273,0.5151515151515149,0.9795918367346939,-76.1862274212294,8.17978396867229e-34
39.183673469387756,0.236244038061438,-1.442889948645492,0.5252525252525251,0.9795918367346939,-76.25752901693183,7.616859494115578e-34
39.183673469387756,0.262423311946047,-1.3377963846005527,0.5353535353535355,0.9795918367346939,-76.33124307502445,7.0755847251113844e-34
39.183673469387756,0.291503629965987,-1.2327028205556183,0.5454545454545455,0.9795918367346939,-76.4073832019185,6.556847739032095e-34
39.183673469387756,0.323806469986239,-1.1276092565106834,0.5555555555555556,0.9795918367346939,-76.48594882445732,6.061421462476016e-34
39.183673469387756,0.359688934292802,-1.0225156924657481,0.5656565656565656,0.9795918367346939,-76.56692362650412,5.589945487292516e-34
39.183673469387756,0.399547697296443,-0.9174221284208132,0.5757575757575757,0.9795918367346939,-76.65027405550691,5.142910201421469e-34
39.183673469387756,0.443823390699414,-0.8123285643758777,0.5858585858585857,0.9795918367346939,-76.73594794881302,4.7206439151052864e-34
39.183673469387756,0.49300547460239,-0.707235000330941,0.5959595959595959,0.9795918367346939,-76.82387333392617,4.3233035811685256e-34
39.183673469387756,0.547637648400869,-0.6021414362860068,0.606060606060606,0.9795918367346939,-76.91395745963435,3.950869582542353e-34
39.183673469387756,0.608323861287565,-0.49704787224107067,0.6161616161616161,0.9795918367346939,-77.00608611546754,3.603144895987745e-34
39.183673469387756,0.67573498880583,-0.39195430819613525,0.6262626262626262,0.9795918367346939,-77.10012329478663,3.2797587472096158e-34
39.183673469387756,0.750616249262273,-0.2868607441511999,0.6363636363636362,0.9795918367346939,-77.19591125157991,2.9801746620253638e-34
39.183673469387756,0.833795441985706,-0.18176718010626372,0.6464646464646464,0.9795918367346939,-77.29327099252566,2.703702606345832e-34
39.183673469387756,0.926192098504948,-0.07667361606132911,0.6565656565656565,0.9795918367346939,-77.39200323405592,2.4495147108719457e-34
39.183673469387756,1.02882764781018,0.028419947983610284,0.666666666666667,0.9795918367346939,-77.49188983927256,2.2166639102995524e-34
39.183673469387756,1.142836708073,0.1335135120285407,0.6767676767676766,0.9795918367346939,-77.5926957321476,2.0041047045755676e-34
39.183673469387756,1.2694796296533,0.23860707607348014,0.686868686868687,0.9795918367346939,-77.69417126728845,1.810715180365197e-34
39.183673469387756,1.41015642805352,0.3437006401184105,0.6969696969696967,0.9795918367346939,-77.79605501371779,1.6353194181965982e-34
39.183673469387756,1.56642226084696,0.44879420416335164,0.7070707070707073,0.9795918367346939,-77.89807689182994,1.4767094530810315e-34
39.183673469387756,1.74000461967455,0.5538877682082868,0.7171717171717173,0.9795918367346939,-77.99996158524901,1.33366604696733e-34
39.183673469387756,1.93282242736499,0.6589813322532224,0.7272727272727274,0.9795918367346939,-78.10143213499389,1.2049776593396648e-34
39.183673469387756,2.14700725129329,0.7640748962981553,0.7373737373737373,0.9795918367346939,-78.20221361325498,1.0894571542285658e-34
39.183673469387756,2.38492686748792,0.8691684603430914,0.7474747474747475,0.9795918367346939,-78.30203676902683,9.859559436944123e-35
39.183673469387756,2.64921143598352,0.9742620243880249,0.7575757575757573,0.9795918367346939,-78.40064153826856,8.933754261140585e-35
39.183673469387756,2.94278257678333,1.0793555884329629,0.7676767676767676,0.9795918367346939,-78.49778031720012,8.106757211842505e-35
39.183673469387756,3.26888566786082,1.184449152477898,0.7777777777777777,0.9795918367346939,-78.59322090837402,7.368818243150035e-35
39.183673469387756,3.63112572224959,1.289542716522833,0.7878787878787878,0.9795918367346939,-78.68674906448602,6.710873962761449e-35
39.183673469387756,4.0335072408363,1.3946362805677694,0.797979797979798,0.9795918367346939,-78.77817057338994,6.124564680916892e-35
39.183673469387756,4.48047848142245,1.4997298446127043,0.808080808080808,0.9795918367346939,-78.86731284815805,5.60223377519279e-35
39.183673469387756,4.97698063344183,1.6048234086576407,0.8181818181818182,0.9795918367346939,-78.95402600690893,5.136912653236746e-35
39.183673469387756,5.52850244195146,1.7099169727025751,0.8282828282828283,0.9795918367346939,-79.03818344720653,4.722294515232673e-35
39.183673469387756,6.14114088475497,1.8150105367475111,0.8383838383838383,0.9795918367346939,-79.11968193798545,4.352699889435064e-35
39.183673469387756,6.8216685734332,1.9201041007924453,0.8484848484848483,0.9795918367346939,-79.19844126730172,4.0230365874293047e-35
39.183673469387756,7.57760862338904,2.0251976648373815,0.8585858585858586,0.9795918367346939,-79.27440349616896,3.7287563455019873e-35
39.183673469387756,8.41731782058148,2.1302912288823177,0.8686868686868686,0.9795918367346939,-79.34753187704793,3.4658100214433377e-35
39.183673469387756,9.35007900434302,2.2353847929272526,0.8787878787878787,0.9795918367346939,-79.41780950023094,3.230602830210799e-35
39.183673469387756,10.3862036875563,2.3404783569721936,0.8888888888888893,0.9795918367346939,-79.4852377326638,3.0199507464395134e-35
39.183673469387756,11.5371460486378,2.445571921017128,0.8989898989898993,0.9795918367346939,-79.54983451211153,2.8310388884410115e-35
39.183673469387756,12.8156295554912,2.550665485062058,0.909090909090909,0.9795918367346939,-79.61163255556045,2.661382432432425e-35
39.183673469387756,14.2357876212352,2.6557590491069942,0.919191919191919,0.9795918367346939,-79.67067753495783,2.5087903879521575e-35
39.183673469387756,15.8133198466305,2.7608526131519304,0.9292929292929293,0.9795918367346939,-79.72702626642555,2.3713323931185657e-35
39.183673469387756,17.5656655764397,2.865946177196865,0.9393939393939392,0.9795918367346939,-79.78074495150203,2.2473085569475957e-35
39.183673469387756,19.5121966883548,2.9710397412417997,0.9494949494949493,0.9795918367346939,-79.83190750124179,2.1352222797360165e-35
39.183673469387756,21.6744317457404,3.0761333052867346,0.9595959595959593,0.9795918367346939,-79.88059396652886,2.033755915600871e-35
39.183673469387756,24.0762738816144,3.1812268693316703,0.9696969696969694,0.9795918367346939,-79.9268890910214,1.941749097965267e-35
39.183673469387756,26.744275043632,3.2863204333766105,0.97979797979798,0.9795918367346939,-79.97088099694535,1.8581795239030749e-35
39.183673469387756,29.707929521255,3.3914139974215445,0.98989898989899,0.9795918367346939,-80.01266000860232,1.782145982323796e-35
39.183673469387756,33.0,3.4965075614664802,1.0,0.9795918367346939,-80.05231761399857,1.7128534102182053e-35
40.0,0.001,-6.907755278982137,0.0,1.0,-74.35237810830287,5.118850798810335e-33
40.0,0.001110814537795,-6.802661714937222,0.010101010101008117,1.0,-74.37719147820023,4.993397753652563e-33
40.0,0.0012339089373767,-6.697568150892323,0.020202020202014698,1.0,-74.40187479205483,4.87165286454125e-33
40.0,0.0013706439859533,-6.592474586847349,0.030303030303028534,1.0,-74.42644727272001,4.753403064129933e-33
40.0,0.0015225312657382,-6.487381022802441,0.04040404040403597,1.0,-74.45092968010967,4.638441326048726e-33
40.0,0.0016912498642295,-6.382287458757476,0.05050505050504887,1.0,-74.47534422896682,4.526567109948909e-33
40.0,0.00187866493623,-6.277193894712534,0.06060606060605963,1.0,-74.49971450899683,4.417586736674761e-33
40.0,0.00208684832281,-6.172100330667619,0.07070707070706775,1.0,-74.52406540917342,4.3113136964351595e-33
40.0,0.0023181014551505,-6.067006766622687,0.08080808080807748,1.0,-74.54842304786207,4.207568893574129e-33
40.0,0.002574980796465,-5.961913202577741,0.0909090909090886,1.0,-74.57281471021834,4.106180832174377e-33
40.0,0.0028603261032564,-5.856819638532781,0.10101010101010106,1.0,-74.59726879411521,4.006985747263753e-33
40.0,0.0031772918183317,-5.751726074487876,0.11111111111110823,1.0,-74.62181476564004,3.90982768683684e-33
40.0,0.0035293819426201,-5.646632510442922,0.1212121212121201,1.0,-74.64648312498088,3.814558550256875e-33
40.0,0.0039204887712936,-5.541538946397998,0.13131313131312908,1.0,-74.67130538330294,3.7210380888573166e-33
40.0,0.0043549359224151,-5.436445382353058,0.14141414141413966,1.0,-74.69631405099862,3.629133874733144e-33
40.0,0.0048375261337845,-5.331351818308116,0.15151515151515035,1.0,-74.72154263748264,3.5387212437986936e-33
40.0,0.0053735943563712,-5.2262582542631755,0.16161616161616094,1.0,-74.74702566250222,3.4496832191845316e-33
40.0,0.0059690667312704,-5.121164690218244,0.17171717171717069,1.0,-74.77279867873649,3.361910420974365e-33
40.0,0.0066305261021638,-5.016071126173304,0.18181818181818118,1.0,-74.79889830527512,3.2753009681232874e-33
40.0,0.0073652847875129,-4.910977562128371,0.19191919191919102,1.0,-74.82536227138841,3.1897603781727396e-33
40.0,0.0081814654169699,-4.80588399808343,0.20202020202020168,1.0,-74.85222946983042,3.105201470075621e-33
40.0,0.0090880907256374,-4.700790434038493,0.21212121212121193,1.0,-74.87954001874998,3.021544275071078e-33
40.0,0.0100951832988382,-4.595696869993551,0.22222222222222263,1.0,-74.90733533112001,2.938715960101518e-33
40.0,0.0112138763700549,-4.490603305948624,0.23232323232323193,1.0,-74.93565819042695,2.856650767746836e-33
40.0,0.0124565368968931,-4.385509741903686,0.24242424242424226,1.0,-74.96455283119089,2.775289976049065e-33
40.0,0.013836902275649,-4.280416177858747,0.2525252525252527,1.0,-74.994065022703,2.6945818809262387e-33
40.0,0.0153702322058399,-4.175322613813814,0.26262626262626254,1.0,-75.02424215417246,2.614481803104118e-33
40.0,0.0170734773835322,-4.07022904976888,0.2727272727272725,1.0,-75.05513331925972,2.5349521206412767e-33
40.0,0.0189654668883421,-3.9651354857239447,0.2828282828282826,1.0,-75.08678939773979,2.455962327161716e-33
40.0,0.0210671163356406,-3.8600419216790063,0.292929292929293,1.0,-75.11926313177825,2.37748911485002e-33
40.0,0.0234016590950486,-3.7549483576340705,0.3030303030303031,1.0,-75.15260919401595,2.2995164800920027e-33
40.0,0.0259949031313031,-3.649854793589135,0.3131313131313132,1.0,-75.18688424434022,2.2220358483614513e-33
40.0,0.0288755163068248,-3.5447612295442013,0.32323232323232315,1.0,-75.22214697187357,2.1450462135574806e-33
40.0,0.0320753432999582,-3.4396676654992664,0.33333333333333315,1.0,-75.25845811833037,2.0685542855033784e-33
40.0,0.0356297576423598,-3.3345741014543298,0.34343434343434337,1.0,-75.29588047848647,1.9925746377277593e-33
40.0,0.0395780527672466,-3.229480537409394,0.3535353535353535,1.0,-75.3344788730749,1.91712984599929e-33
40.0,0.0439638763914761,-3.1243869733644574,0.3636363636363637,1.0,-75.37432008897322,1.8422506064049016e-33
40.0,0.048835713033475,-3.019293409319523,0.3737373737373737,1.0,-75.41547278109607,1.7679758200991783e-33
40.0,0.0542474200011699,-2.914199845274587,0.3838383838383838,1.0,-75.45800732996074,1.6943526302836883e-33
40.0,0.060258822775172,-2.8091062812296523,0.3939393939393938,1.0,-75.50199564848093,1.6214363955707283e-33
40.0,0.0669363763690749,-2.7040127171847166,0.404040404040404,1.0,-75.54751093118192,1.5492905827657942e-33
40.0,0.0743538999780876,-2.5989191531397813,0.4141414141414141,1.0,-75.59462733875803,1.4779865613748676e-33
40.0,0.0825933930374168,-2.493825589094845,0.42424242424242425,1.0,-75.64341961074298,1.4076032819572765e-33
40.0,0.0917459417117808,-2.38873202504991,0.4343434343434343,1.0,-75.69396259908676,1.3382268209417718e-33
40.0,0.101912725837141,-2.283638461004973,0.44444444444444453,1.0,-75.74633071567642,1.2699497758669864e-33
40.0,0.113206137446215,-2.1785448969600347,0.4545454545454549,1.0,-75.8005972873663,1.202870497337897e-33
40.0,0.125751023242877,-2.0734513329151003,0.46464646464646486,1.0,-75.85683381295733,1.1370921474392438e-33
40.0,0.139686064760787,-1.9683577688701692,0.47474747474747453,1.0,-75.9151091178539,1.0727215790024753e-33
40.0,0.155165311463659,-1.8632642048252352,0.48484848484848453,1.0,-75.97548840389645,1.0098680360162164e-33
40.0,0.172359883735326,-1.7581706407802946,0.49494949494949514,1.0,-76.03803219418236,9.48641682551348e-34
40.0,0.19145986458586,-1.6530770767353593,0.5050505050505052,1.0,-76.10279517559458,8.89151975694736e-34
40.0,0.212676400986239,-1.5479835126904273,0.5151515151515149,1.0,-76.16982494529331,8.315059068800289e-34
40.0,0.236244038061438,-1.442889948645492,0.5252525252525251,1.0,-76.23916067159243,7.758061452814837e-34
40.0,0.262423311946047,-1.3377963846005527,0.5353535353535355,1.0,-76.3108316844091,7.2214912607581114e-34
40.0,0.291503629965987,-1.2327028205556183,0.5454545454545455,1.0,-76.38485601576154,6.706231347524667e-34
40.0,0.323806469986239,-1.1276092565106834,0.5555555555555556,1.0,-76.46123891645982,6.2130644555879644e-34
40.0,0.359688934292802,-1.0225156924657481,0.5656565656565656,1.0,-76.53997138098532,5.742655768752306e-34
40.0,0.399547697296443,-0.9174221284208132,0.5757575757575757,1.0,-76.62102871831716,5.295537281398087e-34
40.0,0.443823390699414,-0.8123285643758777,0.5858585858585857,1.0,-76.70436921179574,4.872094613181717e-34
40.0,0.49300547460239,-0.707235000330941,0.5959595959595959,1.0,-76.78993291561864,4.472556844844155e-34
40.0,0.547637648400869,-0.6021414362860068,0.606060606060606,1.0,-76.87764063879547,4.096989857632377e-34
40.0,0.608323861287565,-0.49704787224107067,0.6161616161616161,1.0,-76.9673931688853,3.745293529409491e-34
40.0,0.67573498880583,-0.39195430819613525,0.6262626262626262,1.0,-77.05907078715713,3.41720298097898e-34
40.0,0.750616249262273,-0.2868607441511999,0.6363636363636362,1.0,-77.15253312356855,3.1122938859887177e-34
40.0,0.833795441985706,-0.18176718010626372,0.6464646464646464,1.0,-77.24761939387359,2.829991669253009e-34
40.0,0.926192098504948,-0.07667361606132911,0.6565656565656565,1.0,-77.34414905213532,2.5695842352746525e-34
40.0,1.02882764781018,0.028419947983610284,0.666666666666667,1.0,-77.44192288001929,2.3302377052119687e-34
40.0,1.142836708073,0.1335135120285407,0.6767676767676766,1.0,-77.54072451980024,2.1110145092296857e-34
40.0,1.2694796296533,0.23860707607348014,0.686868686868687,1.0,-77.64032244159922,1.9108930919812247e-34
40.0,1.41015642805352,0.3437006401184105,0.6969696969696967,1.0,-77.74047231777472,1.7287884478724955e-34
40.0,1.56642226084696,0.44879420416335164,0.7070707070707073,1.0,-77.8409197596183,1.5635727111066453e-34
40.0,1.74000461967455,0.5538877682082868,0.7171717171717173,1.0,-77.94140335465862,1.41409508008222e-34
40.0,1.93282242736499,0.6589813322532224,0.7272727272727274,1.0,-78.04165792810772,1.279200449194e-34
40.0,2.14700725129329,0.7640748962981553,0.7373737373737373,1.0,-78.14141794035687,1.1577462431790738e-34
40.0,2.38492686748792,0.8691684603430914,0.7474747474747475,1.0,-78.24042092483676,1.048617087919832e-34
40.0,2.64921143598352,0.9742620243880249,0.7575757575757573,1.0,-78.33841086761528,9.507370949455901e-35
40.0,2.94278257678333,1.0793555884329629,0.7676767676767676,1.0,-78.435141432086,8.630796737752472e-35
40.0,3.26888566786082,1.184449152477898,0.7777777777777777,1.0,-78.53037893890091,7.846749078494697e-35
40.0,3.63112572224959,1.289542716522833,0.7878787878787878,1.0,-78.62390502244837,7.146146299711989e-35
40.0,4.0335072408363,1.3946362805677694,0.797979797979798,1.0,-78.71551889987921,6.520554086451843e-35
40.0,4.48047848142245,1.4997298446127043,0.808080808080808,1.0,-78.80503920590787,5.962197068986115e-35
40.0,4.97698063344183,1.6048234086576407,0.8181818181818182,1.0,-78.8923053651868,5.463955016910762e-35
40.0,5.52850244195146,1.7099169727025751,0.8282828282828283,1.0,-78.97717849277997,5.019346580635389e-35
40.0,6.14114088475497,1.8150105367475111,0.8383838383838383,1.0,-79.0595418310233,4.6225034182899074e-35
40.0,6.8216685734332,1.9201041007924453,0.8484848484848483,1.0,-79.13930074691383,4.2681373227116204e-35
40.0,7.57760862338904,2.0251976648373815,0.8585858585858586,1.0,-79.21638232739754,3.9515026622496007e-35
40.0,8.41731782058148,2.1302912288823177,0.8686868686868686,1.0,-79.29073462007743,3.668356107898834e-35
40.0,9.35007900434302,2.2353847929272526,0.8787878787878787,1.0,-79.36232557375263,3.414915268126571e-35
40.0,10.3862036875563,2.3404783569721936,0.8888888888888893,1.0,-79.4311417368829,3.1878175144776073e-35
40.0,11.5371460486378,2.445571921017128,0.8989898989898993,1.0,-79.4971867728087,2.984079971201476e-35
40.0,12.8156295554912,2.550665485062058,0.909090909090909,1.0,-79.56047984874986,2.8010613699205987e-35
40.0,14.2357876212352,2.6557590491069942,0.919191919191919,1.0,-79.62105395175165,2.6364262398072446e-35
40.0,15.8133198466305,2.7608526131519304,0.9292929292929293,1.0,-79.67895417937919,2.4881117150402785e-35
40.0,17.5656655764397,2.865946177196865,0.9393939393939392,1.0,-79.73423604660628,2.3542970920093933e-35
40.0,19.5121966883548,2.9710397412417997,0.9494949494949493,1.0,-79.7869638434798,2.2333761547458674e-35
40.0,21.6744317457404,3.0761333052867346,0.9595959595959593,1.0,-79.83720907118875,2.1239322034760103e-35
40.0,24.0762738816144,3.1812268693316703,0.9696969696969694,1.0,-79.88504897745173,2.0247156629464936e-35
40.0,26.744275043632,3.2863204333766105,0.97979797979798,1.0,-79.93056520591627,1.9346241093463413e-35
40.0,29.707929521255,3.3914139974215445,0.98989898989899,1.0,-79.97384256870214,1.8526845328275715e-35
40.0,33.0,3.4965075614664802,1.0,1.0,-80.01496794641913,1.778037642935651e-35
